Date,Open,High,Low,Close,Adj Close,Volume
1991-01-02,100.000000,100.000000,100.000000,100.000000,100.000000,0
1991-01-03,99.089996,99.089996,99.089996,99.089996,99.089996,0
1991-01-04,98.510002,98.510002,98.510002,98.510002,98.510002,0
1991-01-07,101.739998,101.739998,101.739998,101.739998,101.739998,0
1991-01-08,100.290001,100.290001,100.290001,100.290001,100.290001,0
1991-01-09,100.620003,100.620003,100.620003,100.620003,100.620003,0
1991-01-10,100.680000,100.680000,100.680000,100.680000,100.680000,0
1991-01-11,100.120003,100.120003,100.120003,100.120003,100.120003,0
1991-01-14,103.370003,103.370003,103.370003,103.370003,103.370003,0
1991-01-15,102.300003,102.300003,102.300003,102.300003,102.300003,0
1991-01-16,103.870003,103.870003,103.870003,103.870003,103.870003,0
1991-01-17,94.769997,94.769997,94.769997,94.769997,94.769997,0
1991-01-18,93.320000,93.320000,93.320000,93.320000,93.320000,0
1991-01-21,null,null,null,null,null,null
1991-01-22,95.760002,95.760002,95.760002,95.760002,95.760002,0
1991-01-23,95.239998,95.239998,95.239998,95.239998,95.239998,0
1991-01-24,94.459999,94.459999,94.459999,94.459999,94.459999,0
1991-01-25,94.690002,94.690002,94.690002,94.690002,94.690002,0
1991-01-28,94.339996,94.339996,94.339996,94.339996,94.339996,0
1991-01-29,94.959999,94.959999,94.959999,94.959999,94.959999,0
1991-01-30,93.959999,93.959999,93.959999,93.959999,93.959999,0
1991-01-31,94.410004,94.410004,94.410004,94.410004,94.410004,0
1991-02-01,94.199997,94.199997,94.199997,94.199997,94.199997,0
1991-02-04,94.360001,94.360001,94.360001,94.360001,94.360001,0
1991-02-05,93.940002,93.940002,93.940002,93.940002,93.940002,0
1991-02-06,94.519997,94.519997,94.519997,94.519997,94.519997,0
1991-02-07,94.099998,94.099998,94.099998,94.099998,94.099998,0
1991-02-08,95.089996,95.089996,95.089996,95.089996,95.089996,0
1991-02-11,95.389999,95.389999,95.389999,95.389999,95.389999,0
1991-02-12,95.750000,95.750000,95.750000,95.750000,95.750000,0
1991-02-13,95.709999,95.709999,95.709999,95.709999,95.709999,0
1991-02-14,95.669998,95.669998,95.669998,95.669998,95.669998,0
1991-02-15,94.480003,94.480003,94.480003,94.480003,94.480003,0
1991-02-19,94.190002,94.190002,94.190002,94.190002,94.190002,0
1991-02-20,94.519997,94.519997,94.519997,94.519997,94.519997,0
1991-02-21,93.650002,93.650002,93.650002,93.650002,93.650002,0
1991-02-22,93.120003,93.120003,93.120003,93.120003,93.120003,0
1991-02-25,93.680000,93.680000,93.680000,93.680000,93.680000,0
1991-02-26,94.320000,94.320000,94.320000,94.320000,94.320000,0
1991-02-27,94.790001,94.790001,94.790001,94.790001,94.790001,0
1991-02-28,95.900002,95.900002,95.900002,95.900002,95.900002,0
1991-03-01,96.669998,96.669998,96.669998,96.669998,96.669998,0
1991-03-04,97.660004,97.660004,97.660004,97.660004,97.660004,0
1991-03-05,98.190002,98.190002,98.190002,98.190002,98.190002,0
1991-03-06,97.750000,97.750000,97.750000,97.750000,97.750000,0
1991-03-07,97.660004,97.660004,97.660004,97.660004,97.660004,0
1991-03-08,97.900002,97.900002,97.900002,97.900002,97.900002,0
1991-03-11,96.629997,96.629997,96.629997,96.629997,96.629997,0
1991-03-12,97.320000,97.320000,97.320000,97.320000,97.320000,0
1991-03-13,98.050003,98.050003,98.050003,98.050003,98.050003,0
1991-03-14,97.250000,97.250000,97.250000,97.250000,97.250000,0
1991-03-15,96.510002,96.510002,96.510002,96.510002,96.510002,0
1991-03-18,96.080002,96.080002,96.080002,96.080002,96.080002,0
1991-03-19,96.849998,96.849998,96.849998,96.849998,96.849998,0
1991-03-20,96.760002,96.760002,96.760002,96.760002,96.760002,0
1991-03-21,97.459999,97.459999,97.459999,97.459999,97.459999,0
1991-03-22,97.040001,97.040001,97.040001,97.040001,97.040001,0
1991-03-25,96.089996,96.089996,96.089996,96.089996,96.089996,0
1991-03-26,95.989998,95.989998,95.989998,95.989998,95.989998,0
1991-03-27,95.669998,95.669998,95.669998,95.669998,95.669998,0
1991-03-28,96.129997,96.129997,96.129997,96.129997,96.129997,0
1991-04-01,96.779999,96.779999,96.779999,96.779999,96.779999,0
1991-04-02,97.349998,97.349998,97.349998,97.349998,97.349998,0
1991-04-03,96.860001,96.860001,96.860001,96.860001,96.860001,0
1991-04-04,97.070000,97.070000,97.070000,97.070000,97.070000,0
1991-04-05,97.099998,97.099998,97.099998,97.099998,97.099998,0
1991-04-08,97.489998,97.489998,97.489998,97.489998,97.489998,0
1991-04-09,97.209999,97.209999,97.209999,97.209999,97.209999,0
1991-04-10,97.970001,97.970001,97.970001,97.970001,97.970001,0
1991-04-11,97.610001,97.610001,97.610001,97.610001,97.610001,0
1991-04-12,97.949997,97.949997,97.949997,97.949997,97.949997,0
1991-04-15,98.160004,98.160004,98.160004,98.160004,98.160004,0
1991-04-16,98.110001,98.110001,98.110001,98.110001,98.110001,0
1991-04-17,98.099998,98.099998,98.099998,98.099998,98.099998,0
1991-04-18,97.379997,97.379997,97.379997,97.379997,97.379997,0
1991-04-19,97.419998,97.419998,97.419998,97.419998,97.419998,0
1991-04-22,97.540001,97.540001,97.540001,97.540001,97.540001,0
1991-04-23,97.339996,97.339996,97.339996,97.339996,97.339996,0
1991-04-24,97.120003,97.120003,97.120003,97.120003,97.120003,0
1991-04-25,96.989998,96.989998,96.989998,96.989998,96.989998,0
1991-04-26,96.860001,96.860001,96.860001,96.860001,96.860001,0
1991-04-29,96.279999,96.279999,96.279999,96.279999,96.279999,0
1991-04-30,96.059998,96.059998,96.059998,96.059998,96.059998,0
1991-05-01,96.410004,96.410004,96.410004,96.410004,96.410004,0
1991-05-02,96.160004,96.160004,96.160004,96.160004,96.160004,0
1991-05-03,96.059998,96.059998,96.059998,96.059998,96.059998,0
1991-05-06,96.440002,96.440002,96.440002,96.440002,96.440002,0
1991-05-07,96.110001,96.110001,96.110001,96.110001,96.110001,0
1991-05-08,96.010002,96.010002,96.010002,96.010002,96.010002,0
1991-05-09,96.349998,96.349998,96.349998,96.349998,96.349998,0
1991-05-10,95.430000,95.430000,95.430000,95.430000,95.430000,0
1991-05-13,95.040001,95.040001,95.040001,95.040001,95.040001,0
1991-05-14,94.970001,94.970001,94.970001,94.970001,94.970001,0
1991-05-15,95.089996,95.089996,95.089996,95.089996,95.089996,0
1991-05-16,94.809998,94.809998,94.809998,94.809998,94.809998,0
1991-05-17,94.930000,94.930000,94.930000,94.930000,94.930000,0
1991-05-20,95.080002,95.080002,95.080002,95.080002,95.080002,0
1991-05-21,95.180000,95.180000,95.180000,95.180000,95.180000,0
1991-05-22,94.760002,94.760002,94.760002,94.760002,94.760002,0
1991-05-23,94.949997,94.949997,94.949997,94.949997,94.949997,0
1991-05-24,94.910004,94.910004,94.910004,94.910004,94.910004,0
1991-05-28,95.209999,95.209999,95.209999,95.209999,95.209999,0
1991-05-29,94.629997,94.629997,94.629997,94.629997,94.629997,0
1991-05-30,94.800003,94.800003,94.800003,94.800003,94.800003,0
1991-05-31,94.559998,94.559998,94.559998,94.559998,94.559998,0
1991-06-03,94.919998,94.919998,94.919998,94.919998,94.919998,0
1991-06-04,94.779999,94.779999,94.779999,94.779999,94.779999,0
1991-06-05,94.269997,94.269997,94.269997,94.269997,94.269997,0
1991-06-06,94.220001,94.220001,94.220001,94.220001,94.220001,0
1991-06-07,94.330002,94.330002,94.330002,94.330002,94.330002,0
1991-06-10,93.720001,93.720001,93.720001,93.720001,93.720001,0
1991-06-11,93.989998,93.989998,93.989998,93.989998,93.989998,0
1991-06-12,93.980003,93.980003,93.980003,93.980003,93.980003,0
1991-06-13,93.720001,93.720001,93.720001,93.720001,93.720001,0
1991-06-14,93.309998,93.309998,93.309998,93.309998,93.309998,0
1991-06-17,93.470001,93.470001,93.470001,93.470001,93.470001,0
1991-06-18,93.360001,93.360001,93.360001,93.360001,93.360001,0
1991-06-19,93.129997,93.129997,93.129997,93.129997,93.129997,0
1991-06-20,93.330002,93.330002,93.330002,93.330002,93.330002,0
1991-06-21,92.500000,92.500000,92.500000,92.500000,92.500000,0
1991-06-24,91.870003,91.870003,91.870003,91.870003,91.870003,0
1991-06-25,92.199997,92.199997,92.199997,92.199997,92.199997,0
1991-06-26,92.410004,92.410004,92.410004,92.410004,92.410004,0
1991-06-27,92.260002,92.260002,92.260002,92.260002,92.260002,0
1991-06-28,91.820000,91.820000,91.820000,91.820000,91.820000,0
1991-07-01,92.260002,92.260002,92.260002,92.260002,92.260002,0
1991-07-02,92.330002,92.330002,92.330002,92.330002,92.330002,0
1991-07-03,92.150002,92.150002,92.150002,92.150002,92.150002,0
1991-07-05,92.110001,92.110001,92.110001,92.110001,92.110001,0
1991-07-08,92.040001,92.040001,92.040001,92.040001,92.040001,0
1991-07-09,91.889999,91.889999,91.889999,91.889999,91.889999,0
1991-07-10,92.010002,92.010002,92.010002,92.010002,92.010002,0
1991-07-11,91.639999,91.639999,91.639999,91.639999,91.639999,0
1991-07-12,92.690002,92.690002,92.690002,92.690002,92.690002,0
1991-07-15,92.389999,92.389999,92.389999,92.389999,92.389999,0
1991-07-16,93.279999,93.279999,93.279999,93.279999,93.279999,0
1991-07-17,93.860001,93.860001,93.860001,93.860001,93.860001,0
1991-07-18,93.279999,93.279999,93.279999,93.279999,93.279999,0
1991-07-19,93.529999,93.529999,93.529999,93.529999,93.529999,0
1991-07-22,93.570000,93.570000,93.570000,93.570000,93.570000,0
1991-07-23,93.809998,93.809998,93.809998,93.809998,93.809998,0
1991-07-24,93.120003,93.120003,93.120003,93.120003,93.120003,0
1991-07-25,93.320000,93.320000,93.320000,93.320000,93.320000,0
1991-07-26,94.160004,94.160004,94.160004,94.160004,94.160004,0
1991-07-29,94.489998,94.489998,94.489998,94.489998,94.489998,0
1991-07-30,94.320000,94.320000,94.320000,94.320000,94.320000,0
1991-07-31,95.269997,95.269997,95.269997,95.269997,95.269997,0
1991-08-01,95.620003,95.620003,95.620003,95.620003,95.620003,0
1991-08-02,95.779999,95.779999,95.779999,95.779999,95.779999,0
1991-08-05,95.059998,95.059998,95.059998,95.059998,95.059998,0
1991-08-06,94.190002,94.190002,94.190002,94.190002,94.190002,0
1991-08-07,93.769997,93.769997,93.769997,93.769997,93.769997,0
1991-08-08,93.800003,93.800003,93.800003,93.800003,93.800003,0
1991-08-09,93.970001,93.970001,93.970001,93.970001,93.970001,0
1991-08-12,93.839996,93.839996,93.839996,93.839996,93.839996,0
1991-08-13,93.389999,93.389999,93.389999,93.389999,93.389999,0
1991-08-14,92.750000,92.750000,92.750000,92.750000,92.750000,0
1991-08-15,93.139999,93.139999,93.139999,93.139999,93.139999,0
1991-08-16,92.919998,92.919998,92.919998,92.919998,92.919998,0
1991-08-19,93.070000,93.070000,93.070000,93.070000,93.070000,0
1991-08-20,92.940002,92.940002,92.940002,92.940002,92.940002,0
1991-08-21,93.500000,93.500000,93.500000,93.500000,93.500000,0
1991-08-22,94.290001,94.290001,94.290001,94.290001,94.290001,0
1991-08-23,94.300003,94.300003,94.300003,94.300003,94.300003,0
1991-08-26,95.120003,95.120003,95.120003,95.120003,95.120003,0
1991-08-27,94.820000,94.820000,94.820000,94.820000,94.820000,0
1991-08-28,94.580002,94.580002,94.580002,94.580002,94.580002,0
1991-08-29,94.529999,94.529999,94.529999,94.529999,94.529999,0
1991-08-30,94.989998,94.989998,94.989998,94.989998,94.989998,0
1991-09-03,95.050003,95.050003,95.050003,95.050003,95.050003,0
1991-09-04,94.849998,94.849998,94.849998,94.849998,94.849998,0
1991-09-05,94.879997,94.879997,94.879997,94.879997,94.879997,0
1991-09-06,95.239998,95.239998,95.239998,95.239998,95.239998,0
1991-09-09,95.180000,95.180000,95.180000,95.180000,95.180000,0
1991-09-10,95.040001,95.040001,95.040001,95.040001,95.040001,0
1991-09-11,95.250000,95.250000,95.250000,95.250000,95.250000,0
1991-09-12,95.260002,95.260002,95.260002,95.260002,95.260002,0
1991-09-13,95.379997,95.379997,95.379997,95.379997,95.379997,0
1991-09-16,95.550003,95.550003,95.550003,95.550003,95.550003,0
1991-09-17,95.330002,95.330002,95.330002,95.330002,95.330002,0
1991-09-18,96.110001,96.110001,96.110001,96.110001,96.110001,0
1991-09-19,95.919998,95.919998,95.919998,95.919998,95.919998,0
1991-09-20,96.209999,96.209999,96.209999,96.209999,96.209999,0
1991-09-23,95.949997,95.949997,95.949997,95.949997,95.949997,0
1991-09-24,96.180000,96.180000,96.180000,96.180000,96.180000,0
1991-09-25,96.379997,96.379997,96.379997,96.379997,96.379997,0
1991-09-26,95.970001,95.970001,95.970001,95.970001,95.970001,0
1991-09-27,95.910004,95.910004,95.910004,95.910004,95.910004,0
1991-09-30,95.790001,95.790001,95.790001,95.790001,95.790001,0
1991-10-01,95.879997,95.879997,95.879997,95.879997,95.879997,0
1991-10-02,95.940002,95.940002,95.940002,95.940002,95.940002,0
1991-10-03,96.050003,96.050003,96.050003,96.050003,96.050003,0
1991-10-04,96.250000,96.250000,96.250000,96.250000,96.250000,0
1991-10-07,96.320000,96.320000,96.320000,96.320000,96.320000,0
1991-10-08,96.400002,96.400002,96.400002,96.400002,96.400002,0
1991-10-09,96.559998,96.559998,96.559998,96.559998,96.559998,0
1991-10-10,96.220001,96.220001,96.220001,96.220001,96.220001,0
1991-10-11,95.980003,95.980003,95.980003,95.980003,95.980003,0
1991-10-14,null,null,null,null,null,null
1991-10-15,96.080002,96.080002,96.080002,96.080002,96.080002,0
1991-10-16,96.449997,96.449997,96.449997,96.449997,96.449997,0
1991-10-17,97.099998,97.099998,97.099998,97.099998,97.099998,0
1991-10-18,97.400002,97.400002,97.400002,97.400002,97.400002,0
1991-10-21,97.169998,97.169998,97.169998,97.169998,97.169998,0
1991-10-22,97.209999,97.209999,97.209999,97.209999,97.209999,0
1991-10-23,96.639999,96.639999,96.639999,96.639999,96.639999,0
1991-10-24,96.809998,96.809998,96.809998,96.809998,96.809998,0
1991-10-25,96.059998,96.059998,96.059998,96.059998,96.059998,0
1991-10-28,96.129997,96.129997,96.129997,96.129997,96.129997,0
1991-10-29,96.300003,96.300003,96.300003,96.300003,96.300003,0
1991-10-30,96.139999,96.139999,96.139999,96.139999,96.139999,0
1991-10-31,96.239998,96.239998,96.239998,96.239998,96.239998,0
1991-11-01,96.709999,96.709999,96.709999,96.709999,96.709999,0
1991-11-04,96.580002,96.580002,96.580002,96.580002,96.580002,0
1991-11-05,96.400002,96.400002,96.400002,96.400002,96.400002,0
1991-11-06,95.610001,95.610001,95.610001,95.610001,95.610001,0
1991-11-07,95.160004,95.160004,95.160004,95.160004,95.160004,0
1991-11-08,94.989998,94.989998,94.989998,94.989998,94.989998,0
1991-11-11,null,null,null,null,null,null
1991-11-12,94.040001,94.040001,94.040001,94.040001,94.040001,0
1991-11-13,94.150002,94.150002,94.150002,94.150002,94.150002,0
1991-11-14,94.500000,94.500000,94.500000,94.500000,94.500000,0
1991-11-15,94.839996,94.839996,94.839996,94.839996,94.839996,0
1991-11-18,94.430000,94.430000,94.430000,94.430000,94.430000,0
1991-11-19,93.959999,93.959999,93.959999,93.959999,93.959999,0
1991-11-20,94.349998,94.349998,94.349998,94.349998,94.349998,0
1991-11-21,94.290001,94.290001,94.290001,94.290001,94.290001,0
1991-11-22,93.709999,93.709999,93.709999,93.709999,93.709999,0
1991-11-25,93.790001,93.790001,93.790001,93.790001,93.790001,0
1991-11-26,93.300003,93.300003,93.300003,93.300003,93.300003,0
1991-11-27,93.699997,93.699997,93.699997,93.699997,93.699997,0
1991-11-29,93.449997,93.449997,93.449997,93.449997,93.449997,0
1991-12-02,93.209999,93.209999,93.209999,93.209999,93.209999,0
1991-12-03,92.500000,92.500000,92.500000,92.500000,92.500000,0
1991-12-04,92.790001,92.790001,92.790001,92.790001,92.790001,0
1991-12-05,92.059998,92.059998,92.059998,92.059998,92.059998,0
1991-12-06,91.400002,91.400002,91.400002,91.400002,91.400002,0
1991-12-09,90.610001,90.610001,90.610001,90.610001,90.610001,0
1991-12-10,90.230003,90.230003,90.230003,90.230003,90.230003,0
1991-12-11,90.029999,90.029999,90.029999,90.029999,90.029999,0
1991-12-12,90.099998,90.099998,90.099998,90.099998,90.099998,0
1991-12-13,90.580002,90.580002,90.580002,90.580002,90.580002,0
1991-12-16,90.339996,90.339996,90.339996,90.339996,90.339996,0
1991-12-17,90.160004,90.160004,90.160004,90.160004,90.160004,0
1991-12-18,90.019997,90.019997,90.019997,90.019997,90.019997,0
1991-12-19,89.370003,89.370003,89.370003,89.370003,89.370003,0
1991-12-20,88.930000,88.930000,88.930000,88.930000,88.930000,0
1991-12-23,89.559998,89.559998,89.559998,89.559998,89.559998,0
1991-12-24,89.809998,89.809998,89.809998,89.809998,89.809998,0
1991-12-26,89.370003,89.370003,89.370003,89.370003,89.370003,0
1991-12-27,89.370003,89.370003,89.370003,89.370003,89.370003,0
1991-12-30,88.720001,88.720001,88.720001,88.720001,88.720001,0
1991-12-31,89.209999,89.209999,89.209999,89.209999,89.209999,0
1992-01-02,89.199997,89.199997,89.199997,89.199997,89.199997,0
1992-01-03,88.779999,88.779999,88.779999,88.779999,88.779999,0
1992-01-06,88.870003,88.870003,88.870003,88.870003,88.870003,0
1992-01-07,88.379997,88.379997,88.379997,88.379997,88.379997,0
1992-01-08,88.059998,88.059998,88.059998,88.059998,88.059998,0
1992-01-09,88.269997,88.269997,88.269997,88.269997,88.269997,0
1992-01-10,88.750000,88.750000,88.750000,88.750000,88.750000,0
1992-01-13,89.400002,89.400002,89.400002,89.400002,89.400002,0
1992-01-14,88.949997,88.949997,88.949997,88.949997,88.949997,0
1992-01-15,90.029999,90.029999,90.029999,90.029999,90.029999,0
1992-01-16,90.949997,90.949997,90.949997,90.949997,90.949997,0
1992-01-17,91.019997,91.019997,91.019997,91.019997,91.019997,0
1992-01-20,null,null,null,null,null,null
1992-01-21,90.330002,90.330002,90.330002,90.330002,90.330002,0
1992-01-22,90.589996,90.589996,90.589996,90.589996,90.589996,0
1992-01-23,90.260002,90.260002,90.260002,90.260002,90.260002,0
1992-01-24,91.209999,91.209999,91.209999,91.209999,91.209999,0
1992-01-27,91.570000,91.570000,91.570000,91.570000,91.570000,0
1992-01-28,91.129997,91.129997,91.129997,91.129997,91.129997,0
1992-01-29,91.099998,91.099998,91.099998,91.099998,91.099998,0
1992-01-30,90.589996,90.589996,90.589996,90.589996,90.589996,0
1992-01-31,90.690002,90.690002,90.690002,90.690002,90.690002,0
1992-02-03,90.750000,90.750000,90.750000,90.750000,90.750000,0
1992-02-04,91.360001,91.360001,91.360001,91.360001,91.360001,0
1992-02-05,91.540001,91.540001,91.540001,91.540001,91.540001,0
1992-02-06,91.510002,91.510002,91.510002,91.510002,91.510002,0
1992-02-07,92.029999,92.029999,92.029999,92.029999,92.029999,0
1992-02-10,92.389999,92.389999,92.389999,92.389999,92.389999,0
1992-02-11,90.860001,90.860001,90.860001,90.860001,90.860001,0
1992-02-12,91.129997,91.129997,91.129997,91.129997,91.129997,0
1992-02-13,91.379997,91.379997,91.379997,91.379997,91.379997,0
1992-02-14,91.239998,91.239998,91.239998,91.239998,91.239998,0
1992-02-18,89.730003,89.730003,89.730003,89.730003,89.730003,0
1992-02-19,90.279999,90.279999,90.279999,90.279999,90.279999,0
1992-02-20,90.449997,90.449997,90.449997,90.449997,90.449997,0
1992-02-21,90.120003,90.120003,90.120003,90.120003,90.120003,0
1992-02-24,89.730003,89.730003,89.730003,89.730003,89.730003,0
1992-02-25,89.849998,89.849998,89.849998,89.849998,89.849998,0
1992-02-26,89.940002,89.940002,89.940002,89.940002,89.940002,0
1992-02-27,90.300003,90.300003,90.300003,90.300003,90.300003,0
1992-02-28,90.430000,90.430000,90.430000,90.430000,90.430000,0
1992-03-02,89.989998,89.989998,89.989998,89.989998,89.989998,0
1992-03-03,90.070000,90.070000,90.070000,90.070000,90.070000,0
1992-03-04,90.419998,90.419998,90.419998,90.419998,90.419998,0
1992-03-05,90.360001,90.360001,90.360001,90.360001,90.360001,0
1992-03-06,90.230003,90.230003,90.230003,90.230003,90.230003,0
1992-03-09,90.540001,90.540001,90.540001,90.540001,90.540001,0
1992-03-10,90.540001,90.540001,90.540001,90.540001,90.540001,0
1992-03-11,90.180000,90.180000,90.180000,90.180000,90.180000,0
1992-03-12,90.309998,90.309998,90.309998,90.309998,90.309998,0
1992-03-13,90.820000,90.820000,90.820000,90.820000,90.820000,0
1992-03-16,90.629997,90.629997,90.629997,90.629997,90.629997,0
1992-03-17,90.610001,90.610001,90.610001,90.610001,90.610001,0
1992-03-18,90.459999,90.459999,90.459999,90.459999,90.459999,0
1992-03-19,90.940002,90.940002,90.940002,90.940002,90.940002,0
1992-03-20,90.250000,90.250000,90.250000,90.250000,90.250000,0
1992-03-23,90.400002,90.400002,90.400002,90.400002,90.400002,0
1992-03-24,90.410004,90.410004,90.410004,90.410004,90.410004,0
1992-03-25,90.580002,90.580002,90.580002,90.580002,90.580002,0
1992-03-26,90.540001,90.540001,90.540001,90.540001,90.540001,0
1992-03-27,90.389999,90.389999,90.389999,90.389999,90.389999,0
1992-03-30,90.360001,90.360001,90.360001,90.360001,90.360001,0
1992-03-31,90.930000,90.930000,90.930000,90.930000,90.930000,0
1992-04-01,91.269997,91.269997,91.269997,91.269997,91.269997,0
1992-04-02,91.139999,91.139999,91.139999,91.139999,91.139999,0
1992-04-03,91.809998,91.809998,91.809998,91.809998,91.809998,0
1992-04-06,91.980003,91.980003,91.980003,91.980003,91.980003,0
1992-04-07,91.239998,91.239998,91.239998,91.239998,91.239998,0
1992-04-08,91.550003,91.550003,91.550003,91.550003,91.550003,0
1992-04-09,91.269997,91.269997,91.269997,91.269997,91.269997,0
1992-04-10,91.309998,91.309998,91.309998,91.309998,91.309998,0
1992-04-13,90.800003,90.800003,90.800003,90.800003,90.800003,0
1992-04-14,90.430000,90.430000,90.430000,90.430000,90.430000,0
1992-04-15,90.349998,90.349998,90.349998,90.349998,90.349998,0
1992-04-16,90.820000,90.820000,90.820000,90.820000,90.820000,0
1992-04-20,91.070000,91.070000,91.070000,91.070000,91.070000,0
1992-04-21,91.419998,91.419998,91.419998,91.419998,91.419998,0
1992-04-22,90.900002,90.900002,90.900002,90.900002,90.900002,0
1992-04-23,91.449997,91.449997,91.449997,91.449997,91.449997,0
1992-04-24,91.180000,91.180000,91.180000,91.180000,91.180000,0
1992-04-27,91.099998,91.099998,91.099998,91.099998,91.099998,0
1992-04-28,91.180000,91.180000,91.180000,91.180000,91.180000,0
1992-04-29,91.440002,91.440002,91.440002,91.440002,91.440002,0
1992-04-30,91.389999,91.389999,91.389999,91.389999,91.389999,0
1992-05-01,91.699997,91.699997,91.699997,91.699997,91.699997,0
1992-05-04,92.550003,92.550003,92.550003,92.550003,92.550003,0
1992-05-05,92.230003,92.230003,92.230003,92.230003,92.230003,0
1992-05-06,92.169998,92.169998,92.169998,92.169998,92.169998,0
1992-05-07,92.440002,92.440002,92.440002,92.440002,92.440002,0
1992-05-08,92.419998,92.419998,92.419998,92.419998,92.419998,0
1992-05-11,92.559998,92.559998,92.559998,92.559998,92.559998,0
1992-05-12,92.720001,92.720001,92.720001,92.720001,92.720001,0
1992-05-13,92.989998,92.989998,92.989998,92.989998,92.989998,0
1992-05-14,92.839996,92.839996,92.839996,92.839996,92.839996,0
1992-05-15,92.930000,92.930000,92.930000,92.930000,92.930000,0
1992-05-18,92.980003,92.980003,92.980003,92.980003,92.980003,0
1992-05-19,92.160004,92.160004,92.160004,92.160004,92.160004,0
1992-05-20,92.190002,92.190002,92.190002,92.190002,92.190002,0
1992-05-21,91.849998,91.849998,91.849998,91.849998,91.849998,0
1992-05-22,92.110001,92.110001,92.110001,92.110001,92.110001,0
1992-05-26,93.940002,93.940002,93.940002,93.940002,93.940002,0
1992-05-27,93.839996,93.839996,93.839996,93.839996,93.839996,0
1992-05-28,93.739998,93.739998,93.739998,93.739998,93.739998,0
1992-05-29,94.230003,94.230003,94.230003,94.230003,94.230003,0
1992-06-01,94.610001,94.610001,94.610001,94.610001,94.610001,0
1992-06-02,94.989998,94.989998,94.989998,94.989998,94.989998,0
1992-06-03,95.059998,95.059998,95.059998,95.059998,95.059998,0
1992-06-04,95.389999,95.389999,95.389999,95.389999,95.389999,0
1992-06-05,95.239998,95.239998,95.239998,95.239998,95.239998,0
1992-06-08,95.330002,95.330002,95.330002,95.330002,95.330002,0
1992-06-09,95.360001,95.360001,95.360001,95.360001,95.360001,0
1992-06-10,95.300003,95.300003,95.300003,95.300003,95.300003,0
1992-06-11,94.949997,94.949997,94.949997,94.949997,94.949997,0
1992-06-12,94.900002,94.900002,94.900002,94.900002,94.900002,0
1992-06-15,94.370003,94.370003,94.370003,94.370003,94.370003,0
1992-06-16,94.430000,94.430000,94.430000,94.430000,94.430000,0
1992-06-17,94.730003,94.730003,94.730003,94.730003,94.730003,0
1992-06-18,94.540001,94.540001,94.540001,94.540001,94.540001,0
1992-06-19,94.459999,94.459999,94.459999,94.459999,94.459999,0
1992-06-22,94.309998,94.309998,94.309998,94.309998,94.309998,0
1992-06-23,94.449997,94.449997,94.449997,94.449997,94.449997,0
1992-06-24,94.830002,94.830002,94.830002,94.830002,94.830002,0
1992-06-25,94.949997,94.949997,94.949997,94.949997,94.949997,0
1992-06-26,94.900002,94.900002,94.900002,94.900002,94.900002,0
1992-06-29,95.059998,95.059998,95.059998,95.059998,95.059998,0
1992-06-30,94.309998,94.309998,94.309998,94.309998,94.309998,0
1992-07-01,94.449997,94.449997,94.449997,94.449997,94.449997,0
1992-07-02,94.669998,94.669998,94.669998,94.669998,94.669998,0
1992-07-06,93.790001,93.790001,93.790001,93.790001,93.790001,0
1992-07-07,93.330002,93.330002,93.330002,93.330002,93.330002,0
1992-07-08,93.629997,93.629997,93.629997,93.629997,93.629997,0
1992-07-09,93.389999,93.389999,93.389999,93.389999,93.389999,0
1992-07-10,93.500000,93.500000,93.500000,93.500000,93.500000,0
1992-07-13,93.690002,93.690002,93.690002,93.690002,93.690002,0
1992-07-14,93.660004,93.660004,93.660004,93.660004,93.660004,0
1992-07-15,94.239998,94.239998,94.239998,94.239998,94.239998,0
1992-07-16,94.190002,94.190002,94.190002,94.190002,94.190002,0
1992-07-17,94.040001,94.040001,94.040001,94.040001,94.040001,0
1992-07-20,94.040001,94.040001,94.040001,94.040001,94.040001,0
1992-07-21,94.040001,94.040001,94.040001,94.040001,94.040001,0
1992-07-22,94.599998,94.599998,94.599998,94.599998,94.599998,0
1992-07-23,94.349998,94.349998,94.349998,94.349998,94.349998,0
1992-07-24,94.629997,94.629997,94.629997,94.629997,94.629997,0
1992-07-27,94.709999,94.709999,94.709999,94.709999,94.709999,0
1992-07-28,94.620003,94.620003,94.620003,94.620003,94.620003,0
1992-07-29,94.330002,94.330002,94.330002,94.330002,94.330002,0
1992-07-30,94.180000,94.180000,94.180000,94.180000,94.180000,0
1992-07-31,93.709999,93.709999,93.709999,93.709999,93.709999,0
1992-08-03,93.230003,93.230003,93.230003,93.230003,93.230003,0
1992-08-04,93.019997,93.019997,93.019997,93.019997,93.019997,0
1992-08-05,92.570000,92.570000,92.570000,92.570000,92.570000,0
1992-08-06,92.879997,92.879997,92.879997,92.879997,92.879997,0
1992-08-07,92.529999,92.529999,92.529999,92.529999,92.529999,0
1992-08-10,92.430000,92.430000,92.430000,92.430000,92.430000,0
1992-08-11,92.089996,92.089996,92.089996,92.089996,92.089996,0
1992-08-12,91.680000,91.680000,91.680000,91.680000,91.680000,0
1992-08-13,91.860001,91.860001,91.860001,91.860001,91.860001,0
1992-08-14,91.720001,91.720001,91.720001,91.720001,91.720001,0
1992-08-17,92.070000,92.070000,92.070000,92.070000,92.070000,0
1992-08-18,92.209999,92.209999,92.209999,92.209999,92.209999,0
1992-08-19,91.720001,91.720001,91.720001,91.720001,91.720001,0
1992-08-20,91.760002,91.760002,91.760002,91.760002,91.760002,0
1992-08-21,91.540001,91.540001,91.540001,91.540001,91.540001,0
1992-08-24,92.809998,92.809998,92.809998,92.809998,92.809998,0
1992-08-25,92.330002,92.330002,92.330002,92.330002,92.330002,0
1992-08-26,91.930000,91.930000,91.930000,91.930000,91.930000,0
1992-08-27,91.639999,91.639999,91.639999,91.639999,91.639999,0
1992-08-28,92.010002,92.010002,92.010002,92.010002,92.010002,0
1992-08-31,92.459999,92.459999,92.459999,92.459999,92.459999,0
1992-09-01,92.550003,92.550003,92.550003,92.550003,92.550003,0
1992-09-02,92.790001,92.790001,92.790001,92.790001,92.790001,0
1992-09-03,93.010002,93.010002,93.010002,93.010002,93.010002,0
1992-09-04,93.349998,93.349998,93.349998,93.349998,93.349998,0
1992-09-08,93.320000,93.320000,93.320000,93.320000,93.320000,0
1992-09-09,93.169998,93.169998,93.169998,93.169998,93.169998,0
1992-09-10,93.019997,93.019997,93.019997,93.019997,93.019997,0
1992-09-11,92.980003,92.980003,92.980003,92.980003,92.980003,0
1992-09-14,93.750000,93.750000,93.750000,93.750000,93.750000,0
1992-09-15,94.260002,94.260002,94.260002,94.260002,94.260002,0
1992-09-16,94.370003,94.370003,94.370003,94.370003,94.370003,0
1992-09-17,93.669998,93.669998,93.669998,93.669998,93.669998,0
1992-09-18,93.750000,93.750000,93.750000,93.750000,93.750000,0
1992-09-21,94.070000,94.070000,94.070000,94.070000,94.070000,0
1992-09-22,94.010002,94.010002,94.010002,94.010002,94.010002,0
1992-09-23,94.309998,94.309998,94.309998,94.309998,94.309998,0
1992-09-24,93.849998,93.849998,93.849998,93.849998,93.849998,0
1992-09-25,93.779999,93.779999,93.779999,93.779999,93.779999,0
1992-09-28,93.300003,93.300003,93.300003,93.300003,93.300003,0
1992-09-29,93.489998,93.489998,93.489998,93.489998,93.489998,0
1992-09-30,93.599998,93.599998,93.599998,93.599998,93.599998,0
1992-10-01,93.559998,93.559998,93.559998,93.559998,93.559998,0
1992-10-02,93.250000,93.250000,93.250000,93.250000,93.250000,0
1992-10-05,92.510002,92.510002,92.510002,92.510002,92.510002,0
1992-10-06,92.739998,92.739998,92.739998,92.739998,92.739998,0
1992-10-07,92.669998,92.669998,92.669998,92.669998,92.669998,0
1992-10-08,92.339996,92.339996,92.339996,92.339996,92.339996,0
1992-10-09,93.000000,93.000000,93.000000,93.000000,93.000000,0
1992-10-12,null,null,null,null,null,null
1992-10-13,92.239998,92.239998,92.239998,92.239998,92.239998,0
1992-10-14,92.769997,92.769997,92.769997,92.769997,92.769997,0
1992-10-15,93.050003,93.050003,93.050003,93.050003,93.050003,0
1992-10-16,92.669998,92.669998,92.669998,92.669998,92.669998,0
1992-10-19,92.900002,92.900002,92.900002,92.900002,92.900002,0
1992-10-20,92.980003,92.980003,92.980003,92.980003,92.980003,0
1992-10-21,92.279999,92.279999,92.279999,92.279999,92.279999,0
1992-10-22,91.889999,91.889999,91.889999,91.889999,91.889999,0
1992-10-23,91.400002,91.400002,91.400002,91.400002,91.400002,0
1992-10-26,91.129997,91.129997,91.129997,91.129997,91.129997,0
1992-10-27,91.000000,91.000000,91.000000,91.000000,91.000000,0
1992-10-28,91.059998,91.059998,91.059998,91.059998,91.059998,0
1992-10-29,90.529999,90.529999,90.529999,90.529999,90.529999,0
1992-10-30,90.629997,90.629997,90.629997,90.629997,90.629997,0
1992-11-02,91.309998,91.309998,91.309998,91.309998,91.309998,0
1992-11-03,91.150002,91.150002,91.150002,91.150002,91.150002,0
1992-11-04,90.470001,90.470001,90.470001,90.470001,90.470001,0
1992-11-05,90.440002,90.440002,90.440002,90.440002,90.440002,0
1992-11-06,89.940002,89.940002,89.940002,89.940002,89.940002,0
1992-11-09,89.849998,89.849998,89.849998,89.849998,89.849998,0
1992-11-10,89.889999,89.889999,89.889999,89.889999,89.889999,0
1992-11-11,null,null,null,null,null,null
1992-11-12,90.239998,90.239998,90.239998,90.239998,90.239998,0
1992-11-13,90.089996,90.089996,90.089996,90.089996,90.089996,0
1992-11-16,90.360001,90.360001,90.360001,90.360001,90.360001,0
1992-11-17,90.279999,90.279999,90.279999,90.279999,90.279999,0
1992-11-18,89.739998,89.739998,89.739998,89.739998,89.739998,0
1992-11-19,90.239998,90.239998,90.239998,90.239998,90.239998,0
1992-11-20,90.080002,90.080002,90.080002,90.080002,90.080002,0
1992-11-23,89.699997,89.699997,89.699997,89.699997,89.699997,0
1992-11-24,89.559998,89.559998,89.559998,89.559998,89.559998,0
1992-11-25,89.610001,89.610001,89.610001,89.610001,89.610001,0
1992-11-27,89.779999,89.779999,89.779999,89.779999,89.779999,0
1992-11-30,89.620003,89.620003,89.620003,89.620003,89.620003,0
1992-12-01,88.349998,88.349998,88.349998,88.349998,88.349998,0
1992-12-02,88.400002,88.400002,88.400002,88.400002,88.400002,0
1992-12-03,88.129997,88.129997,88.129997,88.129997,88.129997,0
1992-12-04,87.940002,87.940002,87.940002,87.940002,87.940002,0
1992-12-07,88.279999,88.279999,88.279999,88.279999,88.279999,0
1992-12-08,87.889999,87.889999,87.889999,87.889999,87.889999,0
1992-12-09,88.029999,88.029999,88.029999,88.029999,88.029999,0
1992-12-10,88.879997,88.879997,88.879997,88.879997,88.879997,0
1992-12-11,88.750000,88.750000,88.750000,88.750000,88.750000,0
1992-12-14,88.809998,88.809998,88.809998,88.809998,88.809998,0
1992-12-15,88.760002,88.760002,88.760002,88.760002,88.760002,0
1992-12-16,89.309998,89.309998,89.309998,89.309998,89.309998,0
1992-12-17,89.690002,89.690002,89.690002,89.690002,89.690002,0
1992-12-18,89.699997,89.699997,89.699997,89.699997,89.699997,0
1992-12-21,89.970001,89.970001,89.970001,89.970001,89.970001,0
1992-12-22,89.910004,89.910004,89.910004,89.910004,89.910004,0
1992-12-23,90.059998,90.059998,90.059998,90.059998,90.059998,0
1992-12-24,90.089996,90.089996,90.089996,90.089996,90.089996,0
1992-12-28,89.709999,89.709999,89.709999,89.709999,89.709999,0
1992-12-29,89.209999,89.209999,89.209999,89.209999,89.209999,0
1992-12-30,89.150002,89.150002,89.150002,89.150002,89.150002,0
1992-12-31,89.330002,89.330002,89.330002,89.330002,89.330002,0
1993-01-04,88.510002,88.510002,88.510002,88.510002,88.510002,0
1993-01-05,88.830002,88.830002,88.830002,88.830002,88.830002,0
1993-01-06,88.610001,88.610001,88.610001,88.610001,88.610001,0
1993-01-07,88.820000,88.820000,88.820000,88.820000,88.820000,0
1993-01-08,88.769997,88.769997,88.769997,88.769997,88.769997,0
1993-01-11,88.709999,88.709999,88.709999,88.709999,88.709999,0
1993-01-12,87.970001,87.970001,87.970001,87.970001,87.970001,0
1993-01-13,88.239998,88.239998,88.239998,88.239998,88.239998,0
1993-01-14,88.320000,88.320000,88.320000,88.320000,88.320000,0
1993-01-15,88.440002,88.440002,88.440002,88.440002,88.440002,0
1993-01-18,null,null,null,null,null,null
1993-01-19,88.209999,88.209999,88.209999,88.209999,88.209999,0
1993-01-20,87.970001,87.970001,87.970001,87.970001,87.970001,0
1993-01-21,88.160004,88.160004,88.160004,88.160004,88.160004,0
1993-01-22,88.040001,88.040001,88.040001,88.040001,88.040001,0
1993-01-25,88.470001,88.470001,88.470001,88.470001,88.470001,0
1993-01-26,88.570000,88.570000,88.570000,88.570000,88.570000,0
1993-01-27,88.559998,88.559998,88.559998,88.559998,88.559998,0
1993-01-28,89.230003,89.230003,89.230003,89.230003,89.230003,0
1993-01-29,88.940002,88.940002,88.940002,88.940002,88.940002,0
1993-02-01,89.110001,89.110001,89.110001,89.110001,89.110001,0
1993-02-02,88.510002,88.510002,88.510002,88.510002,88.510002,0
1993-02-03,88.550003,88.550003,88.550003,88.550003,88.550003,0
1993-02-04,88.940002,88.940002,88.940002,88.940002,88.940002,0
1993-02-05,88.860001,88.860001,88.860001,88.860001,88.860001,0
1993-02-08,88.849998,88.849998,88.849998,88.849998,88.849998,0
1993-02-09,88.910004,88.910004,88.910004,88.910004,88.910004,0
1993-02-10,89.559998,89.559998,89.559998,89.559998,89.559998,0
1993-02-11,89.570000,89.570000,89.570000,89.570000,89.570000,0
1993-02-12,88.930000,88.930000,88.930000,88.930000,88.930000,0
1993-02-16,88.870003,88.870003,88.870003,88.870003,88.870003,0
1993-02-17,88.760002,88.760002,88.760002,88.760002,88.760002,0
1993-02-18,88.919998,88.919998,88.919998,88.919998,88.919998,0
1993-02-19,89.050003,89.050003,89.050003,89.050003,89.050003,0
1993-02-22,89.690002,89.690002,89.690002,89.690002,89.690002,0
1993-02-23,89.900002,89.900002,89.900002,89.900002,89.900002,0
1993-02-24,89.820000,89.820000,89.820000,89.820000,89.820000,0
1993-02-25,89.800003,89.800003,89.800003,89.800003,89.800003,0
1993-02-26,89.830002,89.830002,89.830002,89.830002,89.830002,0
1993-03-01,89.570000,89.570000,89.570000,89.570000,89.570000,0
1993-03-02,89.639999,89.639999,89.639999,89.639999,89.639999,0
1993-03-03,89.610001,89.610001,89.610001,89.610001,89.610001,0
1993-03-04,90.309998,90.309998,90.309998,90.309998,90.309998,0
1993-03-05,90.089996,90.089996,90.089996,90.089996,90.089996,0
1993-03-08,89.860001,89.860001,89.860001,89.860001,89.860001,0
1993-03-09,90.019997,90.019997,90.019997,90.019997,90.019997,0
1993-03-10,89.849998,89.849998,89.849998,89.849998,89.849998,0
1993-03-11,89.650002,89.650002,89.650002,89.650002,89.650002,0
1993-03-12,89.910004,89.910004,89.910004,89.910004,89.910004,0
1993-03-15,90.169998,90.169998,90.169998,90.169998,90.169998,0
1993-03-16,89.959999,89.959999,89.959999,89.959999,89.959999,0
1993-03-17,90.269997,90.269997,90.269997,90.269997,90.269997,0
1993-03-18,90.919998,90.919998,90.919998,90.919998,90.919998,0
1993-03-19,91.169998,91.169998,91.169998,91.169998,91.169998,0
1993-03-22,90.440002,90.440002,90.440002,90.440002,90.440002,0
1993-03-23,90.779999,90.779999,90.779999,90.779999,90.779999,0
1993-03-24,91.190002,91.190002,91.190002,91.190002,91.190002,0
1993-03-25,91.379997,91.379997,91.379997,91.379997,91.379997,0
1993-03-26,91.059998,91.059998,91.059998,91.059998,91.059998,0
1993-03-29,91.070000,91.070000,91.070000,91.070000,91.070000,0
1993-03-30,91.230003,91.230003,91.230003,91.230003,91.230003,0
1993-03-31,91.720001,91.720001,91.720001,91.720001,91.720001,0
1993-04-01,91.830002,91.830002,91.830002,91.830002,91.830002,0
1993-04-02,92.000000,92.000000,92.000000,92.000000,92.000000,0
1993-04-05,91.809998,91.809998,91.809998,91.809998,91.809998,0
1993-04-06,91.059998,91.059998,91.059998,91.059998,91.059998,0
1993-04-07,90.959999,90.959999,90.959999,90.959999,90.959999,0
1993-04-08,91.139999,91.139999,91.139999,91.139999,91.139999,0
1993-04-12,91.849998,91.849998,91.849998,91.849998,91.849998,0
1993-04-13,92.010002,92.010002,92.010002,92.010002,92.010002,0
1993-04-14,91.919998,91.919998,91.919998,91.919998,91.919998,0
1993-04-15,91.220001,91.220001,91.220001,91.220001,91.220001,0
1993-04-16,90.709999,90.709999,90.709999,90.709999,90.709999,0
1993-04-19,90.660004,90.660004,90.660004,90.660004,90.660004,0
1993-04-20,90.709999,90.709999,90.709999,90.709999,90.709999,0
1993-04-21,90.959999,90.959999,90.959999,90.959999,90.959999,0
1993-04-22,91.029999,91.029999,91.029999,91.029999,91.029999,0
1993-04-23,91.510002,91.510002,91.510002,91.510002,91.510002,0
1993-04-26,91.889999,91.889999,91.889999,91.889999,91.889999,0
1993-04-27,91.639999,91.639999,91.639999,91.639999,91.639999,0
1993-04-28,91.489998,91.489998,91.489998,91.489998,91.489998,0
1993-04-29,92.139999,92.139999,92.139999,92.139999,92.139999,0
1993-04-30,92.339996,92.339996,92.339996,92.339996,92.339996,0
1993-05-03,91.930000,91.930000,91.930000,91.930000,91.930000,0
1993-05-04,91.330002,91.330002,91.330002,91.330002,91.330002,0
1993-05-05,91.279999,91.279999,91.279999,91.279999,91.279999,0
1993-05-06,91.239998,91.239998,91.239998,91.239998,91.239998,0
1993-05-07,91.160004,91.160004,91.160004,91.160004,91.160004,0
1993-05-10,90.790001,90.790001,90.790001,90.790001,90.790001,0
1993-05-11,91.070000,91.070000,91.070000,91.070000,91.070000,0
1993-05-12,91.389999,91.389999,91.389999,91.389999,91.389999,0
1993-05-13,91.260002,91.260002,91.260002,91.260002,91.260002,0
1993-05-14,90.830002,90.830002,90.830002,90.830002,90.830002,0
1993-05-17,90.750000,90.750000,90.750000,90.750000,90.750000,0
1993-05-18,91.139999,91.139999,91.139999,91.139999,91.139999,0
1993-05-19,90.660004,90.660004,90.660004,90.660004,90.660004,0
1993-05-20,91.220001,91.220001,91.220001,91.220001,91.220001,0
1993-05-21,91.339996,91.339996,91.339996,91.339996,91.339996,0
1993-05-24,90.199997,90.199997,90.199997,90.199997,90.199997,0
1993-05-25,90.839996,90.839996,90.839996,90.839996,90.839996,0
1993-05-26,90.639999,90.639999,90.639999,90.639999,90.639999,0
1993-05-27,90.589996,90.589996,90.589996,90.589996,90.589996,0
1993-05-28,90.480003,90.480003,90.480003,90.480003,90.480003,0
1993-06-01,89.779999,89.779999,89.779999,89.779999,89.779999,0
1993-06-02,89.400002,89.400002,89.400002,89.400002,89.400002,0
1993-06-03,89.449997,89.449997,89.449997,89.449997,89.449997,0
1993-06-04,89.489998,89.489998,89.489998,89.489998,89.489998,0
1993-06-07,89.070000,89.070000,89.070000,89.070000,89.070000,0
1993-06-08,89.250000,89.250000,89.250000,89.250000,89.250000,0
1993-06-09,89.300003,89.300003,89.300003,89.300003,89.300003,0
1993-06-10,88.660004,88.660004,88.660004,88.660004,88.660004,0
1993-06-11,88.089996,88.089996,88.089996,88.089996,88.089996,0
1993-06-14,88.010002,88.010002,88.010002,88.010002,88.010002,0
1993-06-15,87.650002,87.650002,87.650002,87.650002,87.650002,0
1993-06-16,87.959999,87.959999,87.959999,87.959999,87.959999,0
1993-06-17,88.540001,88.540001,88.540001,88.540001,88.540001,0
1993-06-18,88.769997,88.769997,88.769997,88.769997,88.769997,0
1993-06-21,88.870003,88.870003,88.870003,88.870003,88.870003,0
1993-06-22,88.400002,88.400002,88.400002,88.400002,88.400002,0
1993-06-23,88.910004,88.910004,88.910004,88.910004,88.910004,0
1993-06-24,89.070000,89.070000,89.070000,89.070000,89.070000,0
1993-06-25,89.059998,89.059998,89.059998,89.059998,89.059998,0
1993-06-28,89.199997,89.199997,89.199997,89.199997,89.199997,0
1993-06-29,89.400002,89.400002,89.400002,89.400002,89.400002,0
1993-06-30,89.940002,89.940002,89.940002,89.940002,89.940002,0
1993-07-01,90.269997,90.269997,90.269997,90.269997,90.269997,0
1993-07-02,90.389999,90.389999,90.389999,90.389999,90.389999,0
1993-07-06,92.089996,92.089996,92.089996,92.089996,92.089996,0
1993-07-07,92.110001,92.110001,92.110001,92.110001,92.110001,0
1993-07-08,91.470001,91.470001,91.470001,91.470001,91.470001,0
1993-07-09,91.540001,91.540001,91.540001,91.540001,91.540001,0
1993-07-12,90.980003,90.980003,90.980003,90.980003,90.980003,0
1993-07-13,90.709999,90.709999,90.709999,90.709999,90.709999,0
1993-07-14,90.000000,90.000000,90.000000,90.000000,90.000000,0
1993-07-15,90.000000,90.000000,90.000000,90.000000,90.000000,0
1993-07-16,89.930000,89.930000,89.930000,89.930000,89.930000,0
1993-07-19,90.949997,90.949997,90.949997,90.949997,90.949997,0
1993-07-20,90.410004,90.410004,90.410004,90.410004,90.410004,0
1993-07-21,90.300003,90.300003,90.300003,90.300003,90.300003,0
1993-07-22,90.320000,90.320000,90.320000,90.320000,90.320000,0
1993-07-23,90.620003,90.620003,90.620003,90.620003,90.620003,0
1993-07-26,90.769997,90.769997,90.769997,90.769997,90.769997,0
1993-07-27,91.150002,91.150002,91.150002,91.150002,91.150002,0
1993-07-28,90.930000,90.930000,90.930000,90.930000,90.930000,0
1993-07-29,91.150002,91.150002,91.150002,91.150002,91.150002,0
1993-07-30,91.250000,91.250000,91.250000,91.250000,91.250000,0
1993-08-02,91.889999,91.889999,91.889999,91.889999,91.889999,0
1993-08-03,91.730003,91.730003,91.730003,91.730003,91.730003,0
1993-08-04,91.290001,91.290001,91.290001,91.290001,91.290001,0
1993-08-05,89.660004,89.660004,89.660004,89.660004,89.660004,0
1993-08-06,89.129997,89.129997,89.129997,89.129997,89.129997,0
1993-08-09,89.150002,89.150002,89.150002,89.150002,89.150002,0
1993-08-10,89.169998,89.169998,89.169998,89.169998,89.169998,0
1993-08-11,89.430000,89.430000,89.430000,89.430000,89.430000,0
1993-08-12,88.820000,88.820000,88.820000,88.820000,88.820000,0
1993-08-13,89.010002,89.010002,89.010002,89.010002,89.010002,0
1993-08-16,89.139999,89.139999,89.139999,89.139999,89.139999,0
1993-08-17,89.260002,89.260002,89.260002,89.260002,89.260002,0
1993-08-18,89.059998,89.059998,89.059998,89.059998,89.059998,0
1993-08-19,89.099998,89.099998,89.099998,89.099998,89.099998,0
1993-08-20,89.500000,89.500000,89.500000,89.500000,89.500000,0
1993-08-23,89.919998,89.919998,89.919998,89.919998,89.919998,0
1993-08-24,89.629997,89.629997,89.629997,89.629997,89.629997,0
1993-08-25,89.480003,89.480003,89.480003,89.480003,89.480003,0
1993-08-26,89.199997,89.199997,89.199997,89.199997,89.199997,0
1993-08-27,90.150002,90.150002,90.150002,90.150002,90.150002,0
1993-08-30,90.169998,90.169998,90.169998,90.169998,90.169998,0
1993-08-31,89.449997,89.449997,89.449997,89.449997,89.449997,0
1993-09-01,88.639999,88.639999,88.639999,88.639999,88.639999,0
1993-09-02,88.709999,88.709999,88.709999,88.709999,88.709999,0
1993-09-03,88.550003,88.550003,88.550003,88.550003,88.550003,0
1993-09-07,86.599998,86.599998,86.599998,86.599998,86.599998,0
1993-09-08,86.720001,86.720001,86.720001,86.720001,86.720001,0
1993-09-09,86.629997,86.629997,86.629997,86.629997,86.629997,0
1993-09-10,85.860001,85.860001,85.860001,85.860001,85.860001,0
1993-09-13,85.970001,85.970001,85.970001,85.970001,85.970001,0
1993-09-14,85.680000,85.680000,85.680000,85.680000,85.680000,0
1993-09-15,85.699997,85.699997,85.699997,85.699997,85.699997,0
1993-09-16,85.720001,85.720001,85.720001,85.720001,85.720001,0
1993-09-17,86.250000,86.250000,86.250000,86.250000,86.250000,0
1993-09-20,86.879997,86.879997,86.879997,86.879997,86.879997,0
1993-09-21,86.959999,86.959999,86.959999,86.959999,86.959999,0
1993-09-22,86.309998,86.309998,86.309998,86.309998,86.309998,0
1993-09-23,87.000000,87.000000,87.000000,87.000000,87.000000,0
1993-09-24,86.889999,86.889999,86.889999,86.889999,86.889999,0
1993-09-27,86.290001,86.290001,86.290001,86.290001,86.290001,0
1993-09-28,86.339996,86.339996,86.339996,86.339996,86.339996,0
1993-09-29,86.870003,86.870003,86.870003,86.870003,86.870003,0
1993-09-30,87.139999,87.139999,87.139999,87.139999,87.139999,0
1993-10-01,86.930000,86.930000,86.930000,86.930000,86.930000,0
1993-10-04,86.209999,86.209999,86.209999,86.209999,86.209999,0
1993-10-05,86.070000,86.070000,86.070000,86.070000,86.070000,0
1993-10-06,86.320000,86.320000,86.320000,86.320000,86.320000,0
1993-10-07,86.470001,86.470001,86.470001,86.470001,86.470001,0
1993-10-08,86.800003,86.800003,86.800003,86.800003,86.800003,0
1993-10-11,null,null,null,null,null,null
1993-10-12,87.440002,87.440002,87.440002,87.440002,87.440002,0
1993-10-13,87.559998,87.559998,87.559998,87.559998,87.559998,0
1993-10-14,87.190002,87.190002,87.190002,87.190002,87.190002,0
1993-10-15,87.089996,87.089996,87.089996,87.089996,87.089996,0
1993-10-18,87.000000,87.000000,87.000000,87.000000,87.000000,0
1993-10-19,87.019997,87.019997,87.019997,87.019997,87.019997,0
1993-10-20,87.220001,87.220001,87.220001,87.220001,87.220001,0
1993-10-21,87.540001,87.540001,87.540001,87.540001,87.540001,0
1993-10-22,86.959999,86.959999,86.959999,86.959999,86.959999,0
1993-10-25,86.339996,86.339996,86.339996,86.339996,86.339996,0
1993-10-26,85.900002,85.900002,85.900002,85.900002,85.900002,0
1993-10-27,86.400002,86.400002,86.400002,86.400002,86.400002,0
1993-10-28,86.040001,86.040001,86.040001,86.040001,86.040001,0
1993-10-29,85.860001,85.860001,85.860001,85.860001,85.860001,0
1993-11-01,86.019997,86.019997,86.019997,86.019997,86.019997,0
1993-11-02,85.889999,85.889999,85.889999,85.889999,85.889999,0
1993-11-03,86.290001,86.290001,86.290001,86.290001,86.290001,0
1993-11-04,86.650002,86.650002,86.650002,86.650002,86.650002,0
1993-11-05,86.669998,86.669998,86.669998,86.669998,86.669998,0
1993-11-08,85.750000,85.750000,85.750000,85.750000,85.750000,0
1993-11-09,85.610001,85.610001,85.610001,85.610001,85.610001,0
1993-11-10,86.489998,86.489998,86.489998,86.489998,86.489998,0
1993-11-11,null,null,null,null,null,null
1993-11-12,86.629997,86.629997,86.629997,86.629997,86.629997,0
1993-11-15,87.000000,87.000000,87.000000,87.000000,87.000000,0
1993-11-16,86.800003,86.800003,86.800003,86.800003,86.800003,0
1993-11-17,87.709999,87.709999,87.709999,87.709999,87.709999,0
1993-11-18,87.599998,87.599998,87.599998,87.599998,87.599998,0
1993-11-19,87.760002,87.760002,87.760002,87.760002,87.760002,0
1993-11-22,87.779999,87.779999,87.779999,87.779999,87.779999,0
1993-11-23,86.959999,86.959999,86.959999,86.959999,86.959999,0
1993-11-24,86.830002,86.830002,86.830002,86.830002,86.830002,0
1993-11-26,86.300003,86.300003,86.300003,86.300003,86.300003,0
1993-11-29,85.180000,85.180000,85.180000,85.180000,85.180000,0
1993-11-30,84.709999,84.709999,84.709999,84.709999,84.709999,0
1993-12-01,85.260002,85.260002,85.260002,85.260002,85.260002,0
1993-12-02,84.750000,84.750000,84.750000,84.750000,84.750000,0
1993-12-03,85.250000,85.250000,85.250000,85.250000,85.250000,0
1993-12-06,84.559998,84.559998,84.559998,84.559998,84.559998,0
1993-12-07,85.180000,85.180000,85.180000,85.180000,85.180000,0
1993-12-08,85.120003,85.120003,85.120003,85.120003,85.120003,0
1993-12-09,84.930000,84.930000,84.930000,84.930000,84.930000,0
1993-12-10,85.940002,85.940002,85.940002,85.940002,85.940002,0
1993-12-13,85.400002,85.400002,85.400002,85.400002,85.400002,0
1993-12-14,85.589996,85.589996,85.589996,85.589996,85.589996,0
1993-12-15,85.309998,85.309998,85.309998,85.309998,85.309998,0
1993-12-16,85.209999,85.209999,85.209999,85.209999,85.209999,0
1993-12-17,85.300003,85.300003,85.300003,85.300003,85.300003,0
1993-12-20,85.320000,85.320000,85.320000,85.320000,85.320000,0
1993-12-21,84.870003,84.870003,84.870003,84.870003,84.870003,0
1993-12-22,85.330002,85.330002,85.330002,85.330002,85.330002,0
1993-12-23,85.309998,85.309998,85.309998,85.309998,85.309998,0
1993-12-27,85.559998,85.559998,85.559998,85.559998,85.559998,0
1993-12-28,85.449997,85.449997,85.449997,85.449997,85.449997,0
1993-12-29,85.970001,85.970001,85.970001,85.970001,85.970001,0
1993-12-30,85.680000,85.680000,85.680000,85.680000,85.680000,0
1993-12-31,85.720001,85.720001,85.720001,85.720001,85.720001,0
1994-01-03,85.870003,85.870003,85.870003,85.870003,85.870003,0
1994-01-04,85.930000,85.930000,85.930000,85.930000,85.930000,0
1994-01-05,86.839996,86.839996,86.839996,86.839996,86.839996,0
1994-01-06,87.070000,87.070000,87.070000,87.070000,87.070000,0
1994-01-07,86.830002,86.830002,86.830002,86.830002,86.830002,0
1994-01-10,86.040001,86.040001,86.040001,86.040001,86.040001,0
1994-01-11,86.730003,86.730003,86.730003,86.730003,86.730003,0
1994-01-12,86.370003,86.370003,86.370003,86.370003,86.370003,0
1994-01-13,87.209999,87.209999,87.209999,87.209999,87.209999,0
1994-01-14,88.160004,88.160004,88.160004,88.160004,88.160004,0
1994-01-17,null,null,null,null,null,null
1994-01-18,87.949997,87.949997,87.949997,87.949997,87.949997,0
1994-01-19,87.730003,87.730003,87.730003,87.730003,87.730003,0
1994-01-20,87.260002,87.260002,87.260002,87.260002,87.260002,0
1994-01-21,87.169998,87.169998,87.169998,87.169998,87.169998,0
1994-01-24,87.940002,87.940002,87.940002,87.940002,87.940002,0
1994-01-25,87.970001,87.970001,87.970001,87.970001,87.970001,0
1994-01-26,88.879997,88.879997,88.879997,88.879997,88.879997,0
1994-01-27,88.580002,88.580002,88.580002,88.580002,88.580002,0
1994-01-28,88.459999,88.459999,88.459999,88.459999,88.459999,0
1994-01-31,88.660004,88.660004,88.660004,88.660004,88.660004,0
1994-02-01,90.239998,90.239998,90.239998,90.239998,90.239998,0
1994-02-02,90.750000,90.750000,90.750000,90.750000,90.750000,0
1994-02-03,90.230003,90.230003,90.230003,90.230003,90.230003,0
1994-02-04,89.589996,89.589996,89.589996,89.589996,89.589996,0
1994-02-07,88.639999,88.639999,88.639999,88.639999,88.639999,0
1994-02-08,88.699997,88.699997,88.699997,88.699997,88.699997,0
1994-02-09,88.110001,88.110001,88.110001,88.110001,88.110001,0
1994-02-10,87.970001,87.970001,87.970001,87.970001,87.970001,0
1994-02-11,88.000000,88.000000,88.000000,88.000000,88.000000,0
1994-02-14,87.480003,87.480003,87.480003,87.480003,87.480003,0
1994-02-15,87.330002,87.330002,87.330002,87.330002,87.330002,0
1994-02-16,87.449997,87.449997,87.449997,87.449997,87.449997,0
1994-02-17,87.589996,87.589996,87.589996,87.589996,87.589996,0
1994-02-18,87.440002,87.440002,87.440002,87.440002,87.440002,0
1994-02-22,87.790001,87.790001,87.790001,87.790001,87.790001,0
1994-02-23,87.650002,87.650002,87.650002,87.650002,87.650002,0
1994-02-24,88.300003,88.300003,88.300003,88.300003,88.300003,0
1994-02-25,88.010002,88.010002,88.010002,88.010002,88.010002,0
1994-02-28,87.760002,87.760002,87.760002,87.760002,87.760002,0
1994-03-01,87.709999,87.709999,87.709999,87.709999,87.709999,0
1994-03-02,87.419998,87.419998,87.419998,87.419998,87.419998,0
1994-03-03,87.089996,87.089996,87.089996,87.089996,87.089996,0
1994-03-04,87.389999,87.389999,87.389999,87.389999,87.389999,0
1994-03-07,86.550003,86.550003,86.550003,86.550003,86.550003,0
1994-03-08,86.400002,86.400002,86.400002,86.400002,86.400002,0
1994-03-09,86.629997,86.629997,86.629997,86.629997,86.629997,0
1994-03-10,86.809998,86.809998,86.809998,86.809998,86.809998,0
1994-03-11,87.300003,87.300003,87.300003,87.300003,87.300003,0
1994-03-14,87.639999,87.639999,87.639999,87.639999,87.639999,0
1994-03-15,88.190002,88.190002,88.190002,88.190002,88.190002,0
1994-03-16,88.900002,88.900002,88.900002,88.900002,88.900002,0
1994-03-17,88.320000,88.320000,88.320000,88.320000,88.320000,0
1994-03-18,88.610001,88.610001,88.610001,88.610001,88.610001,0
1994-03-21,88.599998,88.599998,88.599998,88.599998,88.599998,0
1994-03-22,88.779999,88.779999,88.779999,88.779999,88.779999,0
1994-03-23,88.739998,88.739998,88.739998,88.739998,88.739998,0
1994-03-24,88.769997,88.769997,88.769997,88.769997,88.769997,0
1994-03-25,88.870003,88.870003,88.870003,88.870003,88.870003,0
1994-03-28,87.180000,87.180000,87.180000,87.180000,87.180000,0
1994-03-29,87.139999,87.139999,87.139999,87.139999,87.139999,0
1994-03-30,86.980003,86.980003,86.980003,86.980003,86.980003,0
1994-03-31,87.690002,87.690002,87.690002,87.690002,87.690002,0
1994-04-04,88.419998,88.419998,88.419998,88.419998,88.419998,0
1994-04-05,87.849998,87.849998,87.849998,87.849998,87.849998,0
1994-04-06,88.099998,88.099998,88.099998,88.099998,88.099998,0
1994-04-07,87.720001,87.720001,87.720001,87.720001,87.720001,0
1994-04-08,87.580002,87.580002,87.580002,87.580002,87.580002,0
1994-04-11,87.459999,87.459999,87.459999,87.459999,87.459999,0
1994-04-12,87.470001,87.470001,87.470001,87.470001,87.470001,0
1994-04-13,87.660004,87.660004,87.660004,87.660004,87.660004,0
1994-04-14,87.820000,87.820000,87.820000,87.820000,87.820000,0
1994-04-15,88.139999,88.139999,88.139999,88.139999,88.139999,0
1994-04-18,88.040001,88.040001,88.040001,88.040001,88.040001,0
1994-04-19,87.290001,87.290001,87.290001,87.290001,87.290001,0
1994-04-20,87.489998,87.489998,87.489998,87.489998,87.489998,0
1994-04-21,88.000000,88.000000,88.000000,88.000000,88.000000,0
1994-04-22,88.449997,88.449997,88.449997,88.449997,88.449997,0
1994-04-25,88.849998,88.849998,88.849998,88.849998,88.849998,0
1994-04-26,88.260002,88.260002,88.260002,88.260002,88.260002,0
1994-04-28,88.529999,88.529999,88.529999,88.529999,88.529999,0
1994-04-29,89.279999,89.279999,89.279999,89.279999,89.279999,0
1994-05-02,89.339996,89.339996,89.339996,89.339996,89.339996,0
1994-05-03,88.940002,88.940002,88.940002,88.940002,88.940002,0
1994-05-04,88.970001,88.970001,88.970001,88.970001,88.970001,0
1994-05-05,89.089996,89.089996,89.089996,89.089996,89.089996,0
1994-05-06,90.349998,90.349998,90.349998,90.349998,90.349998,0
1994-05-09,90.550003,90.550003,90.550003,90.550003,90.550003,0
1994-05-10,90.040001,90.040001,90.040001,90.040001,90.040001,0
1994-05-11,90.550003,90.550003,90.550003,90.550003,90.550003,0
1994-05-12,91.000000,91.000000,91.000000,91.000000,91.000000,0
1994-05-13,91.620003,91.620003,91.620003,91.620003,91.620003,0
1994-05-16,92.400002,92.400002,92.400002,92.400002,92.400002,0
1994-05-17,92.070000,92.070000,92.070000,92.070000,92.070000,0
1994-05-18,92.879997,92.879997,92.879997,92.879997,92.879997,0
1994-05-19,93.260002,93.260002,93.260002,93.260002,93.260002,0
1994-05-20,93.589996,93.589996,93.589996,93.589996,93.589996,0
1994-05-23,95.129997,95.129997,95.129997,95.129997,95.129997,0
1994-05-24,93.459999,93.459999,93.459999,93.459999,93.459999,0
1994-05-25,92.139999,92.139999,92.139999,92.139999,92.139999,0
1994-05-26,91.470001,91.470001,91.470001,91.470001,91.470001,0
1994-05-27,92.110001,92.110001,92.110001,92.110001,92.110001,0
1994-05-31,93.730003,93.730003,93.730003,93.730003,93.730003,0
1994-06-01,92.830002,92.830002,92.830002,92.830002,92.830002,0
1994-06-02,93.190002,93.190002,93.190002,93.190002,93.190002,0
1994-06-03,92.500000,92.500000,92.500000,92.500000,92.500000,0
1994-06-06,91.620003,91.620003,91.620003,91.620003,91.620003,0
1994-06-07,91.800003,91.800003,91.800003,91.800003,91.800003,0
1994-06-08,93.129997,93.129997,93.129997,93.129997,93.129997,0
1994-06-09,93.379997,93.379997,93.379997,93.379997,93.379997,0
1994-06-10,93.699997,93.699997,93.699997,93.699997,93.699997,0
1994-06-13,94.930000,94.930000,94.930000,94.930000,94.930000,0
1994-06-14,95.000000,95.000000,95.000000,95.000000,95.000000,0
1994-06-15,96.620003,96.620003,96.620003,96.620003,96.620003,0
1994-06-16,96.379997,96.379997,96.379997,96.379997,96.379997,0
1994-06-17,97.959999,97.959999,97.959999,97.959999,97.959999,0
1994-06-20,96.529999,96.529999,96.529999,96.529999,96.529999,0
1994-06-21,96.070000,96.070000,96.070000,96.070000,96.070000,0
1994-06-22,95.010002,95.010002,95.010002,95.010002,95.010002,0
1994-06-23,95.129997,95.129997,95.129997,95.129997,95.129997,0
1994-06-24,95.000000,95.000000,95.000000,95.000000,95.000000,0
1994-06-27,94.690002,94.690002,94.690002,94.690002,94.690002,0
1994-06-28,95.580002,95.580002,95.580002,95.580002,95.580002,0
1994-06-29,95.220001,95.220001,95.220001,95.220001,95.220001,0
1994-06-30,96.050003,96.050003,96.050003,96.050003,96.050003,0
1994-07-01,96.400002,96.400002,96.400002,96.400002,96.400002,0
1994-07-05,95.139999,95.139999,95.139999,95.139999,95.139999,0
1994-07-06,94.570000,94.570000,94.570000,94.570000,94.570000,0
1994-07-07,94.339996,94.339996,94.339996,94.339996,94.339996,0
1994-07-08,94.989998,94.989998,94.989998,94.989998,94.989998,0
1994-07-11,97.320000,97.320000,97.320000,97.320000,97.320000,0
1994-07-12,97.870003,97.870003,97.870003,97.870003,97.870003,0
1994-07-13,97.730003,97.730003,97.730003,97.730003,97.730003,0
1994-07-14,97.690002,97.690002,97.690002,97.690002,97.690002,0
1994-07-15,97.769997,97.769997,97.769997,97.769997,97.769997,0
1994-07-18,97.419998,97.419998,97.419998,97.419998,97.419998,0
1994-07-19,97.500000,97.500000,97.500000,97.500000,97.500000,0
1994-07-20,96.650002,96.650002,96.650002,96.650002,96.650002,0
1994-07-21,96.800003,96.800003,96.800003,96.800003,96.800003,0
1994-07-22,96.720001,96.720001,96.720001,96.720001,96.720001,0
1994-07-25,96.279999,96.279999,96.279999,96.279999,96.279999,0
1994-07-26,95.839996,95.839996,95.839996,95.839996,95.839996,0
1994-07-27,95.940002,95.940002,95.940002,95.940002,95.940002,0
1994-07-28,95.980003,95.980003,95.980003,95.980003,95.980003,0
1994-07-29,97.019997,97.019997,97.019997,97.019997,97.019997,0
1994-08-01,97.440002,97.440002,97.440002,97.440002,97.440002,0
1994-08-02,96.699997,96.699997,96.699997,96.699997,96.699997,0
1994-08-03,95.919998,95.919998,95.919998,95.919998,95.919998,0
1994-08-04,95.889999,95.889999,95.889999,95.889999,95.889999,0
1994-08-05,94.559998,94.559998,94.559998,94.559998,94.559998,0
1994-08-08,93.959999,93.959999,93.959999,93.959999,93.959999,0
1994-08-09,93.959999,93.959999,93.959999,93.959999,93.959999,0
1994-08-10,93.849998,93.849998,93.849998,93.849998,93.849998,0
1994-08-11,93.949997,93.949997,93.949997,93.949997,93.949997,0
1994-08-12,92.860001,92.860001,92.860001,92.860001,92.860001,0
1994-08-15,93.089996,93.089996,93.089996,93.089996,93.089996,0
1994-08-16,92.809998,92.809998,92.809998,92.809998,92.809998,0
1994-08-17,93.139999,93.139999,93.139999,93.139999,93.139999,0
1994-08-18,92.900002,92.900002,92.900002,92.900002,92.900002,0
1994-08-19,92.339996,92.339996,92.339996,92.339996,92.339996,0
1994-08-22,91.379997,91.379997,91.379997,91.379997,91.379997,0
1994-08-23,91.930000,91.930000,91.930000,91.930000,91.930000,0
1994-08-24,92.849998,92.849998,92.849998,92.849998,92.849998,0
1994-08-25,92.769997,92.769997,92.769997,92.769997,92.769997,0
1994-08-26,92.980003,92.980003,92.980003,92.980003,92.980003,0
1994-08-29,93.900002,93.900002,93.900002,93.900002,93.900002,0
1994-08-30,93.639999,93.639999,93.639999,93.639999,93.639999,0
1994-08-31,94.059998,94.059998,94.059998,94.059998,94.059998,0
1994-09-01,94.139999,94.139999,94.139999,94.139999,94.139999,0
1994-09-02,94.059998,94.059998,94.059998,94.059998,94.059998,0
1994-09-06,94.690002,94.690002,94.690002,94.690002,94.690002,0
1994-09-07,95.150002,95.150002,95.150002,95.150002,95.150002,0
1994-09-08,94.879997,94.879997,94.879997,94.879997,94.879997,0
1994-09-09,94.919998,94.919998,94.919998,94.919998,94.919998,0
1994-09-12,95.370003,95.370003,95.370003,95.370003,95.370003,0
1994-09-13,94.629997,94.629997,94.629997,94.629997,94.629997,0
1994-09-14,93.629997,93.629997,93.629997,93.629997,93.629997,0
1994-09-15,92.879997,92.879997,92.879997,92.879997,92.879997,0
1994-09-16,93.680000,93.680000,93.680000,93.680000,93.680000,0
1994-09-19,94.199997,94.199997,94.199997,94.199997,94.199997,0
1994-09-20,94.489998,94.489998,94.489998,94.489998,94.489998,0
1994-09-21,94.239998,94.239998,94.239998,94.239998,94.239998,0
1994-09-22,94.709999,94.709999,94.709999,94.709999,94.709999,0
1994-09-23,95.080002,95.080002,95.080002,95.080002,95.080002,0
1994-09-26,94.349998,94.349998,94.349998,94.349998,94.349998,0
1994-09-27,93.949997,93.949997,93.949997,93.949997,93.949997,0
1994-09-28,93.709999,93.709999,93.709999,93.709999,93.709999,0
1994-09-29,93.970001,93.970001,93.970001,93.970001,93.970001,0
1994-09-30,93.839996,93.839996,93.839996,93.839996,93.839996,0
1994-10-03,93.900002,93.900002,93.900002,93.900002,93.900002,0
1994-10-04,93.879997,93.879997,93.879997,93.879997,93.879997,0
1994-10-05,93.750000,93.750000,93.750000,93.750000,93.750000,0
1994-10-06,93.889999,93.889999,93.889999,93.889999,93.889999,0
1994-10-07,93.279999,93.279999,93.279999,93.279999,93.279999,0
1994-10-10,null,null,null,null,null,null
1994-10-11,92.309998,92.309998,92.309998,92.309998,92.309998,0
1994-10-12,92.019997,92.019997,92.019997,92.019997,92.019997,0
1994-10-13,91.760002,91.760002,91.760002,91.760002,91.760002,0
1994-10-14,91.860001,91.860001,91.860001,91.860001,91.860001,0
1994-10-17,92.610001,92.610001,92.610001,92.610001,92.610001,0
1994-10-18,92.430000,92.430000,92.430000,92.430000,92.430000,0
1994-10-19,93.150002,93.150002,93.150002,93.150002,93.150002,0
1994-10-20,93.889999,93.889999,93.889999,93.889999,93.889999,0
1994-10-21,93.019997,93.019997,93.019997,93.019997,93.019997,0
1994-10-24,93.570000,93.570000,93.570000,93.570000,93.570000,0
1994-10-25,93.720001,93.720001,93.720001,93.720001,93.720001,0
1994-10-26,94.680000,94.680000,94.680000,94.680000,94.680000,0
1994-10-27,95.089996,95.089996,95.089996,95.089996,95.089996,0
1994-10-28,94.809998,94.809998,94.809998,94.809998,94.809998,0
1994-10-31,94.199997,94.199997,94.199997,94.199997,94.199997,0
1994-11-01,95.190002,95.190002,95.190002,95.190002,95.190002,0
1994-11-02,95.430000,95.430000,95.430000,95.430000,95.430000,0
1994-11-03,95.250000,95.250000,95.250000,95.250000,95.250000,0
1994-11-04,95.370003,95.370003,95.370003,95.370003,95.370003,0
1994-11-07,94.349998,94.349998,94.349998,94.349998,94.349998,0
1994-11-08,94.970001,94.970001,94.970001,94.970001,94.970001,0
1994-11-09,94.239998,94.239998,94.239998,94.239998,94.239998,0
1994-11-10,94.349998,94.349998,94.349998,94.349998,94.349998,0
1994-11-11,null,null,null,null,null,null
1994-11-14,93.809998,93.809998,93.809998,93.809998,93.809998,0
1994-11-15,93.989998,93.989998,93.989998,93.989998,93.989998,0
1994-11-16,93.830002,93.830002,93.830002,93.830002,93.830002,0
1994-11-17,94.029999,94.029999,94.029999,94.029999,94.029999,0
1994-11-18,93.989998,93.989998,93.989998,93.989998,93.989998,0
1994-11-21,93.720001,93.720001,93.720001,93.720001,93.720001,0
1994-11-22,94.019997,94.019997,94.019997,94.019997,94.019997,0
1994-11-23,94.099998,94.099998,94.099998,94.099998,94.099998,0
1994-11-25,94.019997,94.019997,94.019997,94.019997,94.019997,0
1994-11-28,93.839996,93.839996,93.839996,93.839996,93.839996,0
1994-11-29,93.680000,93.680000,93.680000,93.680000,93.680000,0
1994-11-30,93.589996,93.589996,93.589996,93.589996,93.589996,0
1994-12-01,93.389999,93.389999,93.389999,93.389999,93.389999,0
1994-12-02,92.430000,92.430000,92.430000,92.430000,92.430000,0
1994-12-05,91.949997,91.949997,91.949997,91.949997,91.949997,0
1994-12-06,91.989998,91.989998,91.989998,91.989998,91.989998,0
1994-12-07,92.230003,92.230003,92.230003,92.230003,92.230003,0
1994-12-08,93.339996,93.339996,93.339996,93.339996,93.339996,0
1994-12-09,93.260002,93.260002,93.260002,93.260002,93.260002,0
1994-12-12,92.889999,92.889999,92.889999,92.889999,92.889999,0
1994-12-13,92.059998,92.059998,92.059998,92.059998,92.059998,0
1994-12-14,92.419998,92.419998,92.419998,92.419998,92.419998,0
1994-12-15,92.910004,92.910004,92.910004,92.910004,92.910004,0
1994-12-16,93.250000,93.250000,93.250000,93.250000,93.250000,0
1994-12-19,92.660004,92.660004,92.660004,92.660004,92.660004,0
1994-12-20,93.010002,93.010002,93.010002,93.010002,93.010002,0
1994-12-21,93.610001,93.610001,93.610001,93.610001,93.610001,0
1994-12-22,93.839996,93.839996,93.839996,93.839996,93.839996,0
1994-12-23,94.070000,94.070000,94.070000,94.070000,94.070000,0
1994-12-27,95.230003,95.230003,95.230003,95.230003,95.230003,0
1994-12-28,95.830002,95.830002,95.830002,95.830002,95.830002,0
1994-12-29,95.669998,95.669998,95.669998,95.669998,95.669998,0
1994-12-30,95.769997,95.769997,95.769997,95.769997,95.769997,0
1995-01-03,94.730003,94.730003,94.730003,94.730003,94.730003,0
1995-01-04,94.400002,94.400002,94.400002,94.400002,94.400002,0
1995-01-05,95.120003,95.120003,95.120003,95.120003,95.120003,0
1995-01-06,94.949997,94.949997,94.949997,94.949997,94.949997,0
1995-01-09,94.559998,94.559998,94.559998,94.559998,94.559998,0
1995-01-10,94.559998,94.559998,94.559998,94.559998,94.559998,0
1995-01-11,94.760002,94.760002,94.760002,94.760002,94.760002,0
1995-01-12,95.040001,95.040001,95.040001,95.040001,95.040001,0
1995-01-13,94.269997,94.269997,94.269997,94.269997,94.269997,0
1995-01-16,null,null,null,null,null,null
1995-01-17,96.050003,96.050003,96.050003,96.050003,96.050003,0
1995-01-18,96.489998,96.489998,96.489998,96.489998,96.489998,0
1995-01-19,96.430000,96.430000,96.430000,96.430000,96.430000,0
1995-01-20,96.669998,96.669998,96.669998,96.669998,96.669998,0
1995-01-23,95.849998,95.849998,95.849998,95.849998,95.849998,0
1995-01-24,96.169998,96.169998,96.169998,96.169998,96.169998,0
1995-01-25,95.620003,95.620003,95.620003,95.620003,95.620003,0
1995-01-26,95.680000,95.680000,95.680000,95.680000,95.680000,0
1995-01-27,94.930000,94.930000,94.930000,94.930000,94.930000,0
1995-01-30,94.720001,94.720001,94.720001,94.720001,94.720001,0
1995-01-31,94.739998,94.739998,94.739998,94.739998,94.739998,0
1995-02-01,94.519997,94.519997,94.519997,94.519997,94.519997,0
1995-02-02,95.099998,95.099998,95.099998,95.099998,95.099998,0
1995-02-03,95.099998,95.099998,95.099998,95.099998,95.099998,0
1995-02-06,94.839996,94.839996,94.839996,94.839996,94.839996,0
1995-02-07,93.839996,93.839996,93.839996,93.839996,93.839996,0
1995-02-08,93.290001,93.290001,93.290001,93.290001,93.290001,0
1995-02-09,93.959999,93.959999,93.959999,93.959999,93.959999,0
1995-02-10,94.489998,94.489998,94.489998,94.489998,94.489998,0
1995-02-13,93.879997,93.879997,93.879997,93.879997,93.879997,0
1995-02-14,94.250000,94.250000,94.250000,94.250000,94.250000,0
1995-02-15,94.110001,94.110001,94.110001,94.110001,94.110001,0
1995-02-16,94.400002,94.400002,94.400002,94.400002,94.400002,0
1995-02-17,94.800003,94.800003,94.800003,94.800003,94.800003,0
1995-02-21,94.870003,94.870003,94.870003,94.870003,94.870003,0
1995-02-22,94.910004,94.910004,94.910004,94.910004,94.910004,0
1995-02-23,94.709999,94.709999,94.709999,94.709999,94.709999,0
1995-02-24,94.889999,94.889999,94.889999,94.889999,94.889999,0
1995-02-27,94.559998,94.559998,94.559998,94.559998,94.559998,0
1995-02-28,94.190002,94.190002,94.190002,94.190002,94.190002,0
1995-03-01,94.000000,94.000000,94.000000,94.000000,94.000000,0
1995-03-02,93.970001,93.970001,93.970001,93.970001,93.970001,0
1995-03-03,94.489998,94.489998,94.489998,94.489998,94.489998,0
1995-03-06,94.660004,94.660004,94.660004,94.660004,94.660004,0
1995-03-07,95.129997,95.129997,95.129997,95.129997,95.129997,0
1995-03-08,94.570000,94.570000,94.570000,94.570000,94.570000,0
1995-03-09,94.459999,94.459999,94.459999,94.459999,94.459999,0
1995-03-10,94.290001,94.290001,94.290001,94.290001,94.290001,0
1995-03-13,94.889999,94.889999,94.889999,94.889999,94.889999,0
1995-03-14,94.489998,94.489998,94.489998,94.489998,94.489998,0
1995-03-15,94.820000,94.820000,94.820000,94.820000,94.820000,0
1995-03-16,94.730003,94.730003,94.730003,94.730003,94.730003,0
1995-03-17,94.800003,94.800003,94.800003,94.800003,94.800003,0
1995-03-20,94.949997,94.949997,94.949997,94.949997,94.949997,0
1995-03-21,94.660004,94.660004,94.660004,94.660004,94.660004,0
1995-03-22,96.029999,96.029999,96.029999,96.029999,96.029999,0
1995-03-23,95.760002,95.760002,95.760002,95.760002,95.760002,0
1995-03-24,95.220001,95.220001,95.220001,95.220001,95.220001,0
1995-03-27,95.529999,95.529999,95.529999,95.529999,95.529999,0
1995-03-28,95.430000,95.430000,95.430000,95.430000,95.430000,0
1995-03-29,95.230003,95.230003,95.230003,95.230003,95.230003,0
1995-03-30,95.830002,95.830002,95.830002,95.830002,95.830002,0
1995-03-31,96.050003,96.050003,96.050003,96.050003,96.050003,0
1995-04-03,96.360001,96.360001,96.360001,96.360001,96.360001,0
1995-04-04,96.800003,96.800003,96.800003,96.800003,96.800003,0
1995-04-05,97.389999,97.389999,97.389999,97.389999,97.389999,0
1995-04-06,97.559998,97.559998,97.559998,97.559998,97.559998,0
1995-04-07,97.570000,97.570000,97.570000,97.570000,97.570000,0
1995-04-10,97.230003,97.230003,97.230003,97.230003,97.230003,0
1995-04-11,97.690002,97.690002,97.690002,97.690002,97.690002,0
1995-04-12,97.250000,97.250000,97.250000,97.250000,97.250000,0
1995-04-13,96.309998,96.309998,96.309998,96.309998,96.309998,0
1995-04-17,97.370003,97.370003,97.370003,97.370003,97.370003,0
1995-04-18,97.800003,97.800003,97.800003,97.800003,97.800003,0
1995-04-19,97.519997,97.519997,97.519997,97.519997,97.519997,0
1995-04-20,97.599998,97.599998,97.599998,97.599998,97.599998,0
1995-04-21,97.959999,97.959999,97.959999,97.959999,97.959999,0
1995-04-24,97.779999,97.779999,97.779999,97.779999,97.779999,0
1995-04-25,97.589996,97.589996,97.589996,97.589996,97.589996,0
1995-04-26,96.879997,96.879997,96.879997,96.879997,96.879997,0
1995-04-27,97.629997,97.629997,97.629997,97.629997,97.629997,0
1995-04-28,97.529999,97.529999,97.529999,97.529999,97.529999,0
1995-05-01,98.050003,98.050003,98.050003,98.050003,98.050003,0
1995-05-02,97.449997,97.449997,97.449997,97.449997,97.449997,0
1995-05-03,97.220001,97.220001,97.220001,97.220001,97.220001,0
1995-05-04,97.349998,97.349998,97.349998,97.349998,97.349998,0
1995-05-05,96.889999,96.889999,96.889999,96.889999,96.889999,0
1995-05-08,96.550003,96.550003,96.550003,96.550003,96.550003,0
1995-05-09,95.480003,95.480003,95.480003,95.480003,95.480003,0
1995-05-10,95.699997,95.699997,95.699997,95.699997,95.699997,0
1995-05-11,95.239998,95.239998,95.239998,95.239998,95.239998,0
1995-05-12,95.519997,95.519997,95.519997,95.519997,95.519997,0
1995-05-15,96.120003,96.120003,96.120003,96.120003,96.120003,0
1995-05-16,96.629997,96.629997,96.629997,96.629997,96.629997,0
1995-05-17,96.430000,96.430000,96.430000,96.430000,96.430000,0
1995-05-18,97.099998,97.099998,97.099998,97.099998,97.099998,0
1995-05-19,97.120003,97.120003,97.120003,97.120003,97.120003,0
1995-05-22,97.570000,97.570000,97.570000,97.570000,97.570000,0
1995-05-23,98.169998,98.169998,98.169998,98.169998,98.169998,0
1995-05-24,97.919998,97.919998,97.919998,97.919998,97.919998,0
1995-05-25,97.650002,97.650002,97.650002,97.650002,97.650002,0
1995-05-26,97.199997,97.199997,97.199997,97.199997,97.199997,0
1995-05-30,96.150002,96.150002,96.150002,96.150002,96.150002,0
1995-05-31,96.360001,96.360001,96.360001,96.360001,96.360001,0
1995-06-01,97.169998,97.169998,97.169998,97.169998,97.169998,0
1995-06-02,97.110001,97.110001,97.110001,97.110001,97.110001,0
1995-06-05,97.330002,97.330002,97.330002,97.330002,97.330002,0
1995-06-06,96.910004,96.910004,96.910004,96.910004,96.910004,0
1995-06-07,96.949997,96.949997,96.949997,96.949997,96.949997,0
1995-06-08,96.879997,96.879997,96.879997,96.879997,96.879997,0
1995-06-09,96.900002,96.900002,96.900002,96.900002,96.900002,0
1995-06-12,96.599998,96.599998,96.599998,96.599998,96.599998,0
1995-06-13,96.540001,96.540001,96.540001,96.540001,96.540001,0
1995-06-14,97.099998,97.099998,97.099998,97.099998,97.099998,0
1995-06-15,97.379997,97.379997,97.379997,97.379997,97.379997,0
1995-06-16,96.820000,96.820000,96.820000,96.820000,96.820000,0
1995-06-19,96.889999,96.889999,96.889999,96.889999,96.889999,0
1995-06-20,96.949997,96.949997,96.949997,96.949997,96.949997,0
1995-06-21,96.519997,96.519997,96.519997,96.519997,96.519997,0
1995-06-22,96.709999,96.709999,96.709999,96.709999,96.709999,0
1995-06-23,96.599998,96.599998,96.599998,96.599998,96.599998,0
1995-06-26,95.820000,95.820000,95.820000,95.820000,95.820000,0
1995-06-27,95.669998,95.669998,95.669998,95.669998,95.669998,0
1995-06-28,96.089996,96.089996,96.089996,96.089996,96.089996,0
1995-06-29,95.660004,95.660004,95.660004,95.660004,95.660004,0
1995-06-30,94.959999,94.959999,94.959999,94.959999,94.959999,0
1995-07-03,94.970001,94.970001,94.970001,94.970001,94.970001,0
1995-07-05,94.550003,94.550003,94.550003,94.550003,94.550003,0
1995-07-06,95.029999,95.029999,95.029999,95.029999,95.029999,0
1995-07-07,94.709999,94.709999,94.709999,94.709999,94.709999,0
1995-07-10,95.330002,95.330002,95.330002,95.330002,95.330002,0
1995-07-11,95.459999,95.459999,95.459999,95.459999,95.459999,0
1995-07-12,96.070000,96.070000,96.070000,96.070000,96.070000,0
1995-07-13,95.400002,95.400002,95.400002,95.400002,95.400002,0
1995-07-14,96.070000,96.070000,96.070000,96.070000,96.070000,0
1995-07-17,96.660004,96.660004,96.660004,96.660004,96.660004,0
1995-07-18,96.699997,96.699997,96.699997,96.699997,96.699997,0
1995-07-19,95.599998,95.599998,95.599998,95.599998,95.599998,0
1995-07-20,95.180000,95.180000,95.180000,95.180000,95.180000,0
1995-07-21,95.730003,95.730003,95.730003,95.730003,95.730003,0
1995-07-24,95.680000,95.680000,95.680000,95.680000,95.680000,0
1995-07-25,95.800003,95.800003,95.800003,95.800003,95.800003,0
1995-07-26,96.809998,96.809998,96.809998,96.809998,96.809998,0
1995-07-27,96.489998,96.489998,96.489998,96.489998,96.489998,0
1995-07-28,96.430000,96.430000,96.430000,96.430000,96.430000,0
1995-07-31,96.349998,96.349998,96.349998,96.349998,96.349998,0
1995-08-01,95.949997,95.949997,95.949997,95.949997,95.949997,0
1995-08-02,96.000000,96.000000,96.000000,96.000000,96.000000,0
1995-08-03,96.099998,96.099998,96.099998,96.099998,96.099998,0
1995-08-04,95.860001,95.860001,95.860001,95.860001,95.860001,0
1995-08-07,95.669998,95.669998,95.669998,95.669998,95.669998,0
1995-08-08,95.870003,95.870003,95.870003,95.870003,95.870003,0
1995-08-09,95.980003,95.980003,95.980003,95.980003,95.980003,0
1995-08-10,95.980003,95.980003,95.980003,95.980003,95.980003,0
1995-08-11,95.959999,95.959999,95.959999,95.959999,95.959999,0
1995-08-14,95.970001,95.970001,95.970001,95.970001,95.970001,0
1995-08-15,96.000000,96.000000,96.000000,96.000000,96.000000,0
1995-08-16,96.000000,96.000000,96.000000,96.000000,96.000000,0
1995-08-17,96.559998,96.559998,96.559998,96.559998,96.559998,0
1995-08-18,97.010002,97.010002,97.010002,97.010002,97.010002,0
1995-08-21,97.970001,97.970001,97.970001,97.970001,97.970001,0
1995-08-22,97.790001,97.790001,97.790001,97.790001,97.790001,0
1995-08-23,97.910004,97.910004,97.910004,97.910004,97.910004,0
1995-08-24,97.720001,97.720001,97.720001,97.720001,97.720001,0
1995-08-25,97.589996,97.589996,97.589996,97.589996,97.589996,0
1995-08-28,97.580002,97.580002,97.580002,97.580002,97.580002,0
1995-08-29,97.239998,97.239998,97.239998,97.239998,97.239998,0
1995-08-30,96.660004,96.660004,96.660004,96.660004,96.660004,0
1995-08-31,97.540001,97.540001,97.540001,97.540001,97.540001,0
1995-09-01,97.889999,97.889999,97.889999,97.889999,97.889999,0
1995-09-05,98.150002,98.150002,98.150002,98.150002,98.150002,0
1995-09-06,97.809998,97.809998,97.809998,97.809998,97.809998,0
1995-09-07,97.870003,97.870003,97.870003,97.870003,97.870003,0
1995-09-08,97.949997,97.949997,97.949997,97.949997,97.949997,0
1995-09-11,98.029999,98.029999,98.029999,98.029999,98.029999,0
1995-09-12,98.410004,98.410004,98.410004,98.410004,98.410004,0
1995-09-13,97.989998,97.989998,97.989998,97.989998,97.989998,0
1995-09-14,98.349998,98.349998,98.349998,98.349998,98.349998,0
1995-09-15,98.709999,98.709999,98.709999,98.709999,98.709999,0
1995-09-18,99.550003,99.550003,99.550003,99.550003,99.550003,0
1995-09-19,99.220001,99.220001,99.220001,99.220001,99.220001,0
1995-09-20,98.610001,98.610001,98.610001,98.610001,98.610001,0
1995-09-21,98.900002,98.900002,98.900002,98.900002,98.900002,0
1995-09-22,97.839996,97.839996,97.839996,97.839996,97.839996,0
1995-09-25,97.779999,97.779999,97.779999,97.779999,97.779999,0
1995-09-26,97.790001,97.790001,97.790001,97.790001,97.790001,0
1995-09-27,97.669998,97.669998,97.669998,97.669998,97.669998,0
1995-09-28,98.169998,98.169998,98.169998,98.169998,98.169998,0
1995-09-29,98.050003,98.050003,98.050003,98.050003,98.050003,0
1995-10-02,98.029999,98.029999,98.029999,98.029999,98.029999,0
1995-10-03,97.550003,97.550003,97.550003,97.550003,97.550003,0
1995-10-04,97.470001,97.470001,97.470001,97.470001,97.470001,0
1995-10-05,96.540001,96.540001,96.540001,96.540001,96.540001,0
1995-10-06,96.620003,96.620003,96.620003,96.620003,96.620003,0
1995-10-09,null,null,null,null,null,null
1995-10-10,97.150002,97.150002,97.150002,97.150002,97.150002,0
1995-10-11,97.309998,97.309998,97.309998,97.309998,97.309998,0
1995-10-12,96.959999,96.959999,96.959999,96.959999,96.959999,0
1995-10-13,97.449997,97.449997,97.449997,97.449997,97.449997,0
1995-10-16,97.599998,97.599998,97.599998,97.599998,97.599998,0
1995-10-17,97.070000,97.070000,97.070000,97.070000,97.070000,0
1995-10-18,96.989998,96.989998,96.989998,96.989998,96.989998,0
1995-10-19,97.250000,97.250000,97.250000,97.250000,97.250000,0
1995-10-20,97.440002,97.440002,97.440002,97.440002,97.440002,0
1995-10-23,97.500000,97.500000,97.500000,97.500000,97.500000,0
1995-10-24,97.480003,97.480003,97.480003,97.480003,97.480003,0
1995-10-25,97.639999,97.639999,97.639999,97.639999,97.639999,0
1995-10-26,98.129997,98.129997,98.129997,98.129997,98.129997,0
1995-10-27,97.879997,97.879997,97.879997,97.879997,97.879997,0
1995-10-30,98.099998,98.099998,98.099998,98.099998,98.099998,0
1995-10-31,98.419998,98.419998,98.419998,98.419998,98.419998,0
1995-11-01,98.870003,98.870003,98.870003,98.870003,98.870003,0
1995-11-02,99.470001,99.470001,99.470001,99.470001,99.470001,0
1995-11-03,99.080002,99.080002,99.080002,99.080002,99.080002,0
1995-11-06,98.959999,98.959999,98.959999,98.959999,98.959999,0
1995-11-07,99.019997,99.019997,99.019997,99.019997,99.019997,0
1995-11-08,99.050003,99.050003,99.050003,99.050003,99.050003,0
1995-11-09,98.879997,98.879997,98.879997,98.879997,98.879997,0
1995-11-10,99.370003,99.370003,99.370003,99.370003,99.370003,0
1995-11-13,98.860001,98.860001,98.860001,98.860001,98.860001,0
1995-11-14,98.540001,98.540001,98.540001,98.540001,98.540001,0
1995-11-15,98.489998,98.489998,98.489998,98.489998,98.489998,0
1995-11-16,99.089996,99.089996,99.089996,99.089996,99.089996,0
1995-11-17,99.839996,99.839996,99.839996,99.839996,99.839996,0
1995-11-20,99.690002,99.690002,99.690002,99.690002,99.690002,0
1995-11-21,99.330002,99.330002,99.330002,99.330002,99.330002,0
1995-11-22,99.540001,99.540001,99.540001,99.540001,99.540001,0
1995-11-24,99.809998,99.809998,99.809998,99.809998,99.809998,0
1995-11-27,99.910004,99.910004,99.910004,99.910004,99.910004,0
1995-11-28,99.489998,99.489998,99.489998,99.489998,99.489998,0
1995-11-29,99.610001,99.610001,99.610001,99.610001,99.610001,0
1995-11-30,99.510002,99.510002,99.510002,99.510002,99.510002,0
1995-12-01,100.059998,100.059998,100.059998,100.059998,100.059998,0
1995-12-04,100.529999,100.529999,100.529999,100.529999,100.529999,0
1995-12-05,101.269997,101.269997,101.269997,101.269997,101.269997,0
1995-12-06,101.269997,101.269997,101.269997,101.269997,101.269997,0
1995-12-07,101.470001,101.470001,101.470001,101.470001,101.470001,0
1995-12-08,102.120003,102.120003,102.120003,102.120003,102.120003,0
1995-12-11,102.040001,102.040001,102.040001,102.040001,102.040001,0
1995-12-12,101.959999,101.959999,101.959999,101.959999,101.959999,0
1995-12-13,102.739998,102.739998,102.739998,102.739998,102.739998,0
1995-12-14,103.190002,103.190002,103.190002,103.190002,103.190002,0
1995-12-15,103.000000,103.000000,103.000000,103.000000,103.000000,0
1995-12-18,103.570000,103.570000,103.570000,103.570000,103.570000,0
1995-12-19,103.930000,103.930000,103.930000,103.930000,103.930000,0
1995-12-20,103.980003,103.980003,103.980003,103.980003,103.980003,0
1995-12-21,103.669998,103.669998,103.669998,103.669998,103.669998,0
1995-12-22,103.690002,103.690002,103.690002,103.690002,103.690002,0
1995-12-26,103.889999,103.889999,103.889999,103.889999,103.889999,0
1995-12-27,104.489998,104.489998,104.489998,104.489998,104.489998,0
1995-12-28,103.879997,103.879997,103.879997,103.879997,103.879997,0
1995-12-29,104.320000,104.320000,104.320000,104.320000,104.320000,0
1996-01-02,105.040001,105.040001,105.040001,105.040001,105.040001,0
1996-01-03,105.410004,105.410004,105.410004,105.410004,105.410004,0
1996-01-04,105.000000,105.000000,105.000000,105.000000,105.000000,0
1996-01-05,105.709999,105.709999,105.709999,105.709999,105.709999,0
1996-01-08,104.910004,104.910004,104.910004,104.910004,104.910004,0
1996-01-09,105.150002,105.150002,105.150002,105.150002,105.150002,0
1996-01-10,104.830002,104.830002,104.830002,104.830002,104.830002,0
1996-01-11,103.269997,103.269997,103.269997,103.269997,103.269997,0
1996-01-12,102.160004,102.160004,102.160004,102.160004,102.160004,0
1996-01-15,null,null,null,null,null,null
1996-01-16,100.720001,100.720001,100.720001,100.720001,100.720001,0
1996-01-17,101.470001,101.470001,101.470001,101.470001,101.470001,0
1996-01-18,102.120003,102.120003,102.120003,102.120003,102.120003,0
1996-01-19,101.940002,101.940002,101.940002,101.940002,101.940002,0
1996-01-22,101.669998,101.669998,101.669998,101.669998,101.669998,0
1996-01-23,102.250000,102.250000,102.250000,102.250000,102.250000,0
1996-01-24,102.540001,102.540001,102.540001,102.540001,102.540001,0
1996-01-25,101.410004,101.410004,101.410004,101.410004,101.410004,0
1996-01-26,101.930000,101.930000,101.930000,101.930000,101.930000,0
1996-01-29,102.669998,102.669998,102.669998,102.669998,102.669998,0
1996-01-30,103.599998,103.599998,103.599998,103.599998,103.599998,0
1996-01-31,104.580002,104.580002,104.580002,104.580002,104.580002,0
1996-02-01,104.830002,104.830002,104.830002,104.830002,104.830002,0
1996-02-02,105.040001,105.040001,105.040001,105.040001,105.040001,0
1996-02-05,103.330002,103.330002,103.330002,103.330002,103.330002,0
1996-02-06,104.029999,104.029999,104.029999,104.029999,104.029999,0
1996-02-07,104.110001,104.110001,104.110001,104.110001,104.110001,0
1996-02-08,104.360001,104.360001,104.360001,104.360001,104.360001,0
1996-02-09,104.610001,104.610001,104.610001,104.610001,104.610001,0
1996-02-12,104.470001,104.470001,104.470001,104.470001,104.470001,0
1996-02-13,105.639999,105.639999,105.639999,105.639999,105.639999,0
1996-02-14,105.930000,105.930000,105.930000,105.930000,105.930000,0
1996-02-15,105.779999,105.779999,105.779999,105.779999,105.779999,0
1996-02-16,105.629997,105.629997,105.629997,105.629997,105.629997,0
1996-02-20,106.160004,106.160004,106.160004,106.160004,106.160004,0
1996-02-21,106.690002,106.690002,106.690002,106.690002,106.690002,0
1996-02-22,106.699997,106.699997,106.699997,106.699997,106.699997,0
1996-02-23,105.779999,105.779999,105.779999,105.779999,105.779999,0
1996-02-26,106.570000,106.570000,106.570000,106.570000,106.570000,0
1996-02-27,106.570000,106.570000,106.570000,106.570000,106.570000,0
1996-02-28,106.129997,106.129997,106.129997,106.129997,106.129997,0
1996-02-29,106.389999,106.389999,106.389999,106.389999,106.389999,0
1996-03-01,105.760002,105.760002,105.760002,105.760002,105.760002,0
1996-03-04,105.120003,105.120003,105.120003,105.120003,105.120003,0
1996-03-05,105.070000,105.070000,105.070000,105.070000,105.070000,0
1996-03-06,105.529999,105.529999,105.529999,105.529999,105.529999,0
1996-03-07,105.760002,105.760002,105.760002,105.760002,105.760002,0
1996-03-08,106.040001,106.040001,106.040001,106.040001,106.040001,0
1996-03-11,106.529999,106.529999,106.529999,106.529999,106.529999,0
1996-03-12,107.139999,107.139999,107.139999,107.139999,107.139999,0
1996-03-13,107.589996,107.589996,107.589996,107.589996,107.589996,0
1996-03-14,107.639999,107.639999,107.639999,107.639999,107.639999,0
1996-03-15,107.980003,107.980003,107.980003,107.980003,107.980003,0
1996-03-18,109.300003,109.300003,109.300003,109.300003,109.300003,0
1996-03-19,109.169998,109.169998,109.169998,109.169998,109.169998,0
1996-03-20,109.529999,109.529999,109.529999,109.529999,109.529999,0
1996-03-21,110.080002,110.080002,110.080002,110.080002,110.080002,0
1996-03-22,111.169998,111.169998,111.169998,111.169998,111.169998,0
1996-03-25,111.739998,111.739998,111.739998,111.739998,111.739998,0
1996-03-26,111.849998,111.849998,111.849998,111.849998,111.849998,0
1996-03-27,111.690002,111.690002,111.690002,111.690002,111.690002,0
1996-03-28,110.750000,110.750000,110.750000,110.750000,110.750000,0
1996-03-29,111.010002,111.010002,111.010002,111.010002,111.010002,0
1996-04-01,112.050003,112.050003,112.050003,112.050003,112.050003,0
1996-04-02,112.489998,112.489998,112.489998,112.489998,112.489998,0
1996-04-03,112.430000,112.430000,112.430000,112.430000,112.430000,0
1996-04-04,113.320000,113.320000,113.320000,113.320000,113.320000,0
1996-04-08,114.419998,114.419998,114.419998,114.419998,114.419998,0
1996-04-09,114.180000,114.180000,114.180000,114.180000,114.180000,0
1996-04-10,116.160004,116.160004,116.160004,116.160004,116.160004,0
1996-04-11,117.379997,117.379997,117.379997,117.379997,117.379997,0
1996-04-12,116.709999,116.709999,116.709999,116.709999,116.709999,0
1996-04-15,116.570000,116.570000,116.570000,116.570000,116.570000,0
1996-04-16,114.610001,114.610001,114.610001,114.610001,114.610001,0
1996-04-17,114.680000,114.680000,114.680000,114.680000,114.680000,0
1996-04-18,115.220001,115.220001,115.220001,115.220001,115.220001,0
1996-04-19,115.440002,115.440002,115.440002,115.440002,115.440002,0
1996-04-22,117.089996,117.089996,117.089996,117.089996,117.089996,0
1996-04-23,118.040001,118.040001,118.040001,118.040001,118.040001,0
1996-04-24,117.860001,117.860001,117.860001,117.860001,117.860001,0
1996-04-25,118.180000,118.180000,118.180000,118.180000,118.180000,0
1996-04-26,118.099998,118.099998,118.099998,118.099998,118.099998,0
1996-04-29,117.480003,117.480003,117.480003,117.480003,117.480003,0
1996-04-30,115.940002,115.940002,115.940002,115.940002,115.940002,0
1996-05-01,116.980003,116.980003,116.980003,116.980003,116.980003,0
1996-05-02,116.400002,116.400002,116.400002,116.400002,116.400002,0
1996-05-03,116.989998,116.989998,116.989998,116.989998,116.989998,0
1996-05-06,116.889999,116.889999,116.889999,116.889999,116.889999,0
1996-05-07,117.980003,117.980003,117.980003,117.980003,117.980003,0
1996-05-08,118.610001,118.610001,118.610001,118.610001,118.610001,0
1996-05-09,118.389999,118.389999,118.389999,118.389999,118.389999,0
1996-05-10,118.160004,118.160004,118.160004,118.160004,118.160004,0
1996-05-13,119.080002,119.080002,119.080002,119.080002,119.080002,0
1996-05-14,118.849998,118.849998,118.849998,118.849998,118.849998,0
1996-05-15,118.610001,118.610001,118.610001,118.610001,118.610001,0
1996-05-16,117.959999,117.959999,117.959999,117.959999,117.959999,0
1996-05-17,117.169998,117.169998,117.169998,117.169998,117.169998,0
1996-05-20,117.959999,117.959999,117.959999,117.959999,117.959999,0
1996-05-21,117.160004,117.160004,117.160004,117.160004,117.160004,0
1996-05-22,117.730003,117.730003,117.730003,117.730003,117.730003,0
1996-05-23,117.610001,117.610001,117.610001,117.610001,117.610001,0
1996-05-24,117.599998,117.599998,117.599998,117.599998,117.599998,0
1996-05-28,116.879997,116.879997,116.879997,116.879997,116.879997,0
1996-05-29,115.889999,115.889999,115.889999,115.889999,115.889999,0
1996-05-30,114.860001,114.860001,114.860001,114.860001,114.860001,0
1996-05-31,114.919998,114.919998,114.919998,114.919998,114.919998,0
1996-06-03,114.239998,114.239998,114.239998,114.239998,114.239998,0
1996-06-04,113.889999,113.889999,113.889999,113.889999,113.889999,0
1996-06-05,111.930000,111.930000,111.930000,111.930000,111.930000,0
1996-06-06,112.650002,112.650002,112.650002,112.650002,112.650002,0
1996-06-07,113.959999,113.959999,113.959999,113.959999,113.959999,0
1996-06-10,114.790001,114.790001,114.790001,114.790001,114.790001,0
1996-06-11,113.660004,113.660004,113.660004,113.660004,113.660004,0
1996-06-12,113.589996,113.589996,113.589996,113.589996,113.589996,0
1996-06-13,113.400002,113.400002,113.400002,113.400002,113.400002,0
1996-06-14,112.889999,112.889999,112.889999,112.889999,112.889999,0
1996-06-17,113.900002,113.900002,113.900002,113.900002,113.900002,0
1996-06-18,114.120003,114.120003,114.120003,114.120003,114.120003,0
1996-06-19,113.300003,113.300003,113.300003,113.300003,113.300003,0
1996-06-20,113.330002,113.330002,113.330002,113.330002,113.330002,0
1996-06-21,113.309998,113.309998,113.309998,113.309998,113.309998,0
1996-06-24,113.129997,113.129997,113.129997,113.129997,113.129997,0
1996-06-25,112.459999,112.459999,112.459999,112.459999,112.459999,0
1996-06-26,113.209999,113.209999,113.209999,113.209999,113.209999,0
1996-06-27,113.629997,113.629997,113.629997,113.629997,113.629997,0
1996-06-28,114.269997,114.269997,114.269997,114.269997,114.269997,0
1996-07-01,115.269997,115.269997,115.269997,115.269997,115.269997,0
1996-07-02,114.529999,114.529999,114.529999,114.529999,114.529999,0
1996-07-03,115.099998,115.099998,115.099998,115.099998,115.099998,0
1996-07-05,114.910004,114.910004,114.910004,114.910004,114.910004,0
1996-07-08,115.239998,115.239998,115.239998,115.239998,115.239998,0
1996-07-09,115.699997,115.699997,115.699997,115.699997,115.699997,0
1996-07-10,116.120003,116.120003,116.120003,116.120003,116.120003,0
1996-07-11,117.070000,117.070000,117.070000,117.070000,117.070000,0
1996-07-12,117.739998,117.739998,117.739998,117.739998,117.739998,0
1996-07-15,117.589996,117.589996,117.589996,117.589996,117.589996,0
1996-07-16,116.519997,116.519997,116.519997,116.519997,116.519997,0
1996-07-17,115.290001,115.290001,115.290001,115.290001,115.290001,0
1996-07-18,113.930000,113.930000,113.930000,113.930000,113.930000,0
1996-07-19,112.940002,112.940002,112.940002,112.940002,112.940002,0
1996-07-22,112.070000,112.070000,112.070000,112.070000,112.070000,0
1996-07-23,113.180000,113.180000,113.180000,113.180000,113.180000,0
1996-07-24,112.360001,112.360001,112.360001,112.360001,112.360001,0
1996-07-25,112.470001,112.470001,112.470001,112.470001,112.470001,0
1996-07-26,111.230003,111.230003,111.230003,111.230003,111.230003,0
1996-07-29,111.510002,111.510002,111.510002,111.510002,111.510002,0
1996-07-30,111.639999,111.639999,111.639999,111.639999,111.639999,0
1996-07-31,112.110001,112.110001,112.110001,112.110001,112.110001,0
1996-08-01,113.559998,113.559998,113.559998,113.559998,113.559998,0
1996-08-02,113.889999,113.889999,113.889999,113.889999,113.889999,0
1996-08-05,113.139999,113.139999,113.139999,113.139999,113.139999,0
1996-08-06,113.160004,113.160004,113.160004,113.160004,113.160004,0
1996-08-07,113.449997,113.449997,113.449997,113.449997,113.449997,0
1996-08-08,114.379997,114.379997,114.379997,114.379997,114.379997,0
1996-08-09,114.550003,114.550003,114.550003,114.550003,114.550003,0
1996-08-12,116.029999,116.029999,116.029999,116.029999,116.029999,0
1996-08-13,116.370003,116.370003,116.370003,116.370003,116.370003,0
1996-08-14,116.099998,116.099998,116.099998,116.099998,116.099998,0
1996-08-15,115.599998,115.599998,115.599998,115.599998,115.599998,0
1996-08-16,116.300003,116.300003,116.300003,116.300003,116.300003,0
1996-08-19,117.209999,117.209999,117.209999,117.209999,117.209999,0
1996-08-20,116.360001,116.360001,116.360001,116.360001,116.360001,0
1996-08-21,115.949997,115.949997,115.949997,115.949997,115.949997,0
1996-08-22,116.709999,116.709999,116.709999,116.709999,116.709999,0
1996-08-23,116.500000,116.500000,116.500000,116.500000,116.500000,0
1996-08-26,116.419998,116.419998,116.419998,116.419998,116.419998,0
1996-08-27,116.150002,116.150002,116.150002,116.150002,116.150002,0
1996-08-28,115.809998,115.809998,115.809998,115.809998,115.809998,0
1996-08-29,116.730003,116.730003,116.730003,116.730003,116.730003,0
1996-08-30,117.059998,117.059998,117.059998,117.059998,117.059998,0
1996-09-03,117.940002,117.940002,117.940002,117.940002,117.940002,0
1996-09-04,117.099998,117.099998,117.099998,117.099998,117.099998,0
1996-09-05,117.279999,117.279999,117.279999,117.279999,117.279999,0
1996-09-06,118.150002,118.150002,118.150002,118.150002,118.150002,0
1996-09-09,117.849998,117.849998,117.849998,117.849998,117.849998,0
1996-09-10,118.480003,118.480003,118.480003,118.480003,118.480003,0
1996-09-11,118.519997,118.519997,118.519997,118.519997,118.519997,0
1996-09-12,118.889999,118.889999,118.889999,118.889999,118.889999,0
1996-09-13,118.070000,118.070000,118.070000,118.070000,118.070000,0
1996-09-16,116.260002,116.260002,116.260002,116.260002,116.260002,0
1996-09-17,116.309998,116.309998,116.309998,116.309998,116.309998,0
1996-09-18,117.510002,117.510002,117.510002,117.510002,117.510002,0
1996-09-19,116.699997,116.699997,116.699997,116.699997,116.699997,0
1996-09-20,116.449997,116.449997,116.449997,116.449997,116.449997,0
1996-09-23,116.250000,116.250000,116.250000,116.250000,116.250000,0
1996-09-24,117.510002,117.510002,117.510002,117.510002,117.510002,0
1996-09-25,118.309998,118.309998,118.309998,118.309998,118.309998,0
1996-09-26,117.779999,117.779999,117.779999,117.779999,117.779999,0
1996-09-27,118.250000,118.250000,118.250000,118.250000,118.250000,0
1996-09-30,117.139999,117.139999,117.139999,117.139999,117.139999,0
1996-10-01,116.599998,116.599998,116.599998,116.599998,116.599998,0
1996-10-02,116.660004,116.660004,116.660004,116.660004,116.660004,0
1996-10-03,117.769997,117.769997,117.769997,117.769997,117.769997,0
1996-10-04,117.660004,117.660004,117.660004,117.660004,117.660004,0
1996-10-07,118.739998,118.739998,118.739998,118.739998,118.739998,0
1996-10-08,119.639999,119.639999,119.639999,119.639999,119.639999,0
1996-10-09,118.820000,118.820000,118.820000,118.820000,118.820000,0
1996-10-10,117.570000,117.570000,117.570000,117.570000,117.570000,0
1996-10-11,117.250000,117.250000,117.250000,117.250000,117.250000,0
1996-10-14,null,null,null,null,null,null
1996-10-15,117.930000,117.930000,117.930000,117.930000,117.930000,0
1996-10-16,117.110001,117.110001,117.110001,117.110001,117.110001,0
1996-10-17,117.489998,117.489998,117.489998,117.489998,117.489998,0
1996-10-18,117.540001,117.540001,117.540001,117.540001,117.540001,0
1996-10-21,117.839996,117.839996,117.839996,117.839996,117.839996,0
1996-10-22,118.550003,118.550003,118.550003,118.550003,118.550003,0
1996-10-23,118.169998,118.169998,118.169998,118.169998,118.169998,0
1996-10-24,117.150002,117.150002,117.150002,117.150002,117.150002,0
1996-10-25,118.160004,118.160004,118.160004,118.160004,118.160004,0
1996-10-28,118.269997,118.269997,118.269997,118.269997,118.269997,0
1996-10-29,117.080002,117.080002,117.080002,117.080002,117.080002,0
1996-10-30,117.320000,117.320000,117.320000,117.320000,117.320000,0
1996-10-31,115.010002,115.010002,115.010002,115.010002,115.010002,0
1996-11-01,114.680000,114.680000,114.680000,114.680000,114.680000,0
1996-11-04,114.320000,114.320000,114.320000,114.320000,114.320000,0
1996-11-05,114.089996,114.089996,114.089996,114.089996,114.089996,0
1996-11-06,114.680000,114.680000,114.680000,114.680000,114.680000,0
1996-11-07,115.570000,115.570000,115.570000,115.570000,115.570000,0
1996-11-08,116.660004,116.660004,116.660004,116.660004,116.660004,0
1996-11-11,null,null,null,null,null,null
1996-11-12,116.830002,116.830002,116.830002,116.830002,116.830002,0
1996-11-13,118.169998,118.169998,118.169998,118.169998,118.169998,0
1996-11-14,118.779999,118.779999,118.779999,118.779999,118.779999,0
1996-11-15,119.160004,119.160004,119.160004,119.160004,119.160004,0
1996-11-18,118.629997,118.629997,118.629997,118.629997,118.629997,0
1996-11-19,120.190002,120.190002,120.190002,120.190002,120.190002,0
1996-11-20,119.970001,119.970001,119.970001,119.970001,119.970001,0
1996-11-21,120.370003,120.370003,120.370003,120.370003,120.370003,0
1996-11-22,120.660004,120.660004,120.660004,120.660004,120.660004,0
1996-11-25,120.230003,120.230003,120.230003,120.230003,120.230003,0
1996-11-26,121.029999,121.029999,121.029999,121.029999,121.029999,0
1996-11-27,121.150002,121.150002,121.150002,121.150002,121.150002,0
1996-11-29,120.930000,120.930000,120.930000,120.930000,120.930000,0
1996-12-02,120.830002,120.830002,120.830002,120.830002,120.830002,0
1996-12-03,121.099998,121.099998,121.099998,121.099998,121.099998,0
1996-12-04,121.089996,121.089996,121.089996,121.089996,121.089996,0
1996-12-05,123.019997,123.019997,123.019997,123.019997,123.019997,0
1996-12-06,121.900002,121.900002,121.900002,121.900002,121.900002,0
1996-12-09,120.419998,120.419998,120.419998,120.419998,120.419998,0
1996-12-10,119.629997,119.629997,119.629997,119.629997,119.629997,0
1996-12-11,118.669998,118.669998,118.669998,118.669998,118.669998,0
1996-12-12,119.599998,119.599998,119.599998,119.599998,119.599998,0
1996-12-13,120.879997,120.879997,120.879997,120.879997,120.879997,0
1996-12-16,122.400002,122.400002,122.400002,122.400002,122.400002,0
1996-12-17,122.120003,122.120003,122.120003,122.120003,122.120003,0
1996-12-18,122.820000,122.820000,122.820000,122.820000,122.820000,0
1996-12-19,123.389999,123.389999,123.389999,123.389999,123.389999,0
1996-12-20,123.099998,123.099998,123.099998,123.099998,123.099998,0
1996-12-23,122.330002,122.330002,122.330002,122.330002,122.330002,0
1996-12-24,123.160004,123.160004,123.160004,123.160004,123.160004,0
1996-12-26,122.470001,122.470001,122.470001,122.470001,122.470001,0
1996-12-27,121.809998,121.809998,121.809998,121.809998,121.809998,0
1996-12-30,121.059998,121.059998,121.059998,121.059998,121.059998,0
1996-12-31,122.050003,122.050003,122.050003,122.050003,122.050003,0
1997-01-02,122.580002,122.580002,122.580002,122.580002,122.580002,0
1997-01-03,122.510002,122.510002,122.510002,122.510002,122.510002,0
1997-01-06,124.410004,124.410004,124.410004,124.410004,124.410004,0
1997-01-07,124.370003,124.370003,124.370003,124.370003,124.370003,0
1997-01-08,125.000000,125.000000,125.000000,125.000000,125.000000,0
1997-01-09,124.820000,124.820000,124.820000,124.820000,124.820000,0
1997-01-10,124.709999,124.709999,124.709999,124.709999,124.709999,0
1997-01-13,123.970001,123.970001,123.970001,123.970001,123.970001,0
1997-01-14,124.050003,124.050003,124.050003,124.050003,124.050003,0
1997-01-15,125.690002,125.690002,125.690002,125.690002,125.690002,0
1997-01-16,124.480003,124.480003,124.480003,124.480003,124.480003,0
1997-01-17,123.930000,123.930000,123.930000,123.930000,123.930000,0
1997-01-20,null,null,null,null,null,null
1997-01-21,122.949997,122.949997,122.949997,122.949997,122.949997,0
1997-01-22,123.169998,123.169998,123.169998,123.169998,123.169998,0
1997-01-23,123.209999,123.209999,123.209999,123.209999,123.209999,0
1997-01-24,123.320000,123.320000,123.320000,123.320000,123.320000,0
1997-01-27,123.820000,123.820000,123.820000,123.820000,123.820000,0
1997-01-28,123.220001,123.220001,123.220001,123.220001,123.220001,0
1997-01-29,123.150002,123.150002,123.150002,123.150002,123.150002,0
1997-01-30,123.269997,123.269997,123.269997,123.269997,123.269997,0
1997-01-31,122.290001,122.290001,122.290001,122.290001,122.290001,0
1997-02-03,122.160004,122.160004,122.160004,122.160004,122.160004,0
1997-02-04,122.260002,122.260002,122.260002,122.260002,122.260002,0
1997-02-05,122.440002,122.440002,122.440002,122.440002,122.440002,0
1997-02-06,121.169998,121.169998,121.169998,121.169998,121.169998,0
1997-02-07,119.839996,119.839996,119.839996,119.839996,119.839996,0
1997-02-10,120.129997,120.129997,120.129997,120.129997,120.129997,0
1997-02-11,120.239998,120.239998,120.239998,120.239998,120.239998,0
1997-02-12,120.529999,120.529999,120.529999,120.529999,120.529999,0
1997-02-13,120.860001,120.860001,120.860001,120.860001,120.860001,0
1997-02-14,121.150002,121.150002,121.150002,121.150002,121.150002,0
1997-02-18,121.639999,121.639999,121.639999,121.639999,121.639999,0
1997-02-19,122.599998,122.599998,122.599998,122.599998,122.599998,0
1997-02-20,122.620003,122.620003,122.620003,122.620003,122.620003,0
1997-02-21,122.730003,122.730003,122.730003,122.730003,122.730003,0
1997-02-24,121.970001,121.970001,121.970001,121.970001,121.970001,0
1997-02-25,122.779999,122.779999,122.779999,122.779999,122.779999,0
1997-02-26,123.470001,123.470001,123.470001,123.470001,123.470001,0
1997-02-27,123.300003,123.300003,123.300003,123.300003,123.300003,0
1997-02-28,123.089996,123.089996,123.089996,123.089996,123.089996,0
1997-03-03,123.989998,123.989998,123.989998,123.989998,123.989998,0
1997-03-04,124.720001,124.720001,124.720001,124.720001,124.720001,0
1997-03-05,123.680000,123.680000,123.680000,123.680000,123.680000,0
1997-03-06,124.779999,124.779999,124.779999,124.779999,124.779999,0
1997-03-07,125.290001,125.290001,125.290001,125.290001,125.290001,0
1997-03-10,125.720001,125.720001,125.720001,125.720001,125.720001,0
1997-03-11,125.690002,125.690002,125.690002,125.690002,125.690002,0
1997-03-12,124.669998,124.669998,124.669998,124.669998,124.669998,0
1997-03-13,124.559998,124.559998,124.559998,124.559998,124.559998,0
1997-03-14,126.010002,126.010002,126.010002,126.010002,126.010002,0
1997-03-17,124.190002,124.190002,124.190002,124.190002,124.190002,0
1997-03-18,124.779999,124.779999,124.779999,124.779999,124.779999,0
1997-03-19,125.290001,125.290001,125.290001,125.290001,125.290001,0
1997-03-20,125.959999,125.959999,125.959999,125.959999,125.959999,0
1997-03-21,125.080002,125.080002,125.080002,125.080002,125.080002,0
1997-03-24,124.059998,124.059998,124.059998,124.059998,124.059998,0
1997-03-25,124.769997,124.769997,124.769997,124.769997,124.769997,0
1997-03-26,124.459999,124.459999,124.459999,124.459999,124.459999,0
1997-03-27,125.330002,125.330002,125.330002,125.330002,125.330002,0
1997-03-31,125.110001,125.110001,125.110001,125.110001,125.110001,0
1997-04-01,125.110001,125.110001,125.110001,125.110001,125.110001,0
1997-04-02,123.669998,123.669998,123.669998,123.669998,123.669998,0
1997-04-03,122.209999,122.209999,122.209999,122.209999,122.209999,0
1997-04-04,121.320000,121.320000,121.320000,121.320000,121.320000,0
1997-04-07,121.389999,121.389999,121.389999,121.389999,121.389999,0
1997-04-08,121.339996,121.339996,121.339996,121.339996,121.339996,0
1997-04-09,121.849998,121.849998,121.849998,121.849998,121.849998,0
1997-04-10,122.709999,122.709999,122.709999,122.709999,122.709999,0
1997-04-11,121.830002,121.830002,121.830002,121.830002,121.830002,0
1997-04-14,122.730003,122.730003,122.730003,122.730003,122.730003,0
1997-04-15,122.410004,122.410004,122.410004,122.410004,122.410004,0
1997-04-16,121.620003,121.620003,121.620003,121.620003,121.620003,0
1997-04-17,122.330002,122.330002,122.330002,122.330002,122.330002,0
1997-04-18,123.330002,123.330002,123.330002,123.330002,123.330002,0
1997-04-21,123.750000,123.750000,123.750000,123.750000,123.750000,0
1997-04-22,123.699997,123.699997,123.699997,123.699997,123.699997,0
1997-04-23,123.959999,123.959999,123.959999,123.959999,123.959999,0
1997-04-24,123.959999,123.959999,123.959999,123.959999,123.959999,0
1997-04-25,124.519997,124.519997,124.519997,124.519997,124.519997,0
1997-04-28,123.790001,123.790001,123.790001,123.790001,123.790001,0
1997-04-29,124.480003,124.480003,124.480003,124.480003,124.480003,0
1997-04-30,125.550003,125.550003,125.550003,125.550003,125.550003,0
1997-05-01,125.459999,125.459999,125.459999,125.459999,125.459999,0
1997-05-02,124.750000,124.750000,124.750000,124.750000,124.750000,0
1997-05-05,124.809998,124.809998,124.809998,124.809998,124.809998,0
1997-05-06,124.540001,124.540001,124.540001,124.540001,124.540001,0
1997-05-07,124.940002,124.940002,124.940002,124.940002,124.940002,0
1997-05-08,125.959999,125.959999,125.959999,125.959999,125.959999,0
1997-05-09,126.589996,126.589996,126.589996,126.589996,126.589996,0
1997-05-12,127.230003,127.230003,127.230003,127.230003,127.230003,0
1997-05-13,127.559998,127.559998,127.559998,127.559998,127.559998,0
1997-05-14,127.110001,127.110001,127.110001,127.110001,127.110001,0
1997-05-15,127.599998,127.599998,127.599998,127.599998,127.599998,0
1997-05-16,128.490005,128.490005,128.490005,128.490005,128.490005,0
1997-05-19,127.919998,127.919998,127.919998,127.919998,127.919998,0
1997-05-20,126.709999,126.709999,126.709999,126.709999,126.709999,0
1997-05-21,127.529999,127.529999,127.529999,127.529999,127.529999,0
1997-05-22,127.510002,127.510002,127.510002,127.510002,127.510002,0
1997-05-23,127.010002,127.010002,127.010002,127.010002,127.010002,0
1997-05-27,126.190002,126.190002,126.190002,126.190002,126.190002,0
1997-05-28,127.349998,127.349998,127.349998,127.349998,127.349998,0
1997-05-29,128.229996,128.229996,128.229996,128.229996,128.229996,0
1997-05-30,126.860001,126.860001,126.860001,126.860001,126.860001,0
1997-06-02,125.809998,125.809998,125.809998,125.809998,125.809998,0
1997-06-03,125.169998,125.169998,125.169998,125.169998,125.169998,0
1997-06-04,123.639999,123.639999,123.639999,123.639999,123.639999,0
1997-06-05,123.120003,123.120003,123.120003,123.120003,123.120003,0
1997-06-06,122.290001,122.290001,122.290001,122.290001,122.290001,0
1997-06-09,122.080002,122.080002,122.080002,122.080002,122.080002,0
1997-06-10,121.320000,121.320000,121.320000,121.320000,121.320000,0
1997-06-11,121.440002,121.440002,121.440002,121.440002,121.440002,0
1997-06-12,121.250000,121.250000,121.250000,121.250000,121.250000,0
1997-06-13,121.290001,121.290001,121.290001,121.290001,121.290001,0
1997-06-16,121.070000,121.070000,121.070000,121.070000,121.070000,0
1997-06-17,121.809998,121.809998,121.809998,121.809998,121.809998,0
1997-06-18,120.410004,120.410004,120.410004,120.410004,120.410004,0
1997-06-19,120.440002,120.440002,120.440002,120.440002,120.440002,0
1997-06-20,119.660004,119.660004,119.660004,119.660004,119.660004,0
1997-06-23,120.029999,120.029999,120.029999,120.029999,120.029999,0
1997-06-24,119.589996,119.589996,119.589996,119.589996,119.589996,0
1997-06-25,119.739998,119.739998,119.739998,119.739998,119.739998,0
1997-06-26,118.750000,118.750000,118.750000,118.750000,118.750000,0
1997-06-27,119.150002,119.150002,119.150002,119.150002,119.150002,0
1997-06-30,119.059998,119.059998,119.059998,119.059998,119.059998,0
1997-07-01,118.669998,118.669998,118.669998,118.669998,118.669998,0
1997-07-02,118.529999,118.529999,118.529999,118.529999,118.529999,0
1997-07-03,117.209999,117.209999,117.209999,117.209999,117.209999,0
1997-07-07,115.680000,115.680000,115.680000,115.680000,115.680000,0
1997-07-08,116.070000,116.070000,116.070000,116.070000,116.070000,0
1997-07-09,116.400002,116.400002,116.400002,116.400002,116.400002,0
1997-07-10,115.830002,115.830002,115.830002,115.830002,115.830002,0
1997-07-11,116.190002,116.190002,116.190002,116.190002,116.190002,0
1997-07-14,116.889999,116.889999,116.889999,116.889999,116.889999,0
1997-07-15,117.480003,117.480003,117.480003,117.480003,117.480003,0
1997-07-16,116.839996,116.839996,116.839996,116.839996,116.839996,0
1997-07-17,117.489998,117.489998,117.489998,117.489998,117.489998,0
1997-07-18,117.660004,117.660004,117.660004,117.660004,117.660004,0
1997-07-21,116.820000,116.820000,116.820000,116.820000,116.820000,0
1997-07-22,117.400002,117.400002,117.400002,117.400002,117.400002,0
1997-07-23,118.199997,118.199997,118.199997,118.199997,118.199997,0
1997-07-24,118.870003,118.870003,118.870003,118.870003,118.870003,0
1997-07-25,119.959999,119.959999,119.959999,119.959999,119.959999,0
1997-07-28,121.199997,121.199997,121.199997,121.199997,121.199997,0
1997-07-29,121.250000,121.250000,121.250000,121.250000,121.250000,0
1997-07-30,121.440002,121.440002,121.440002,121.440002,121.440002,0
1997-07-31,122.389999,122.389999,122.389999,122.389999,122.389999,0
1997-08-01,122.940002,122.940002,122.940002,122.940002,122.940002,0
1997-08-04,123.650002,123.650002,123.650002,123.650002,123.650002,0
1997-08-05,122.849998,122.849998,122.849998,122.849998,122.849998,0
1997-08-06,122.860001,122.860001,122.860001,122.860001,122.860001,0
1997-08-07,122.400002,122.400002,122.400002,122.400002,122.400002,0
1997-08-08,122.110001,122.110001,122.110001,122.110001,122.110001,0
1997-08-11,121.489998,121.489998,121.489998,121.489998,121.489998,0
1997-08-12,121.379997,121.379997,121.379997,121.379997,121.379997,0
1997-08-13,121.779999,121.779999,121.779999,121.779999,121.779999,0
1997-08-14,121.489998,121.489998,121.489998,121.489998,121.489998,0
1997-08-15,121.110001,121.110001,121.110001,121.110001,121.110001,0
1997-08-18,120.220001,120.220001,120.220001,120.220001,120.220001,0
1997-08-19,121.309998,121.309998,121.309998,121.309998,121.309998,0
1997-08-20,120.419998,120.419998,120.419998,120.419998,120.419998,0
1997-08-21,120.620003,120.620003,120.620003,120.620003,120.620003,0
1997-08-22,121.230003,121.230003,121.230003,121.230003,121.230003,0
1997-08-25,120.339996,120.339996,120.339996,120.339996,120.339996,0
1997-08-26,120.370003,120.370003,120.370003,120.370003,120.370003,0
1997-08-27,121.379997,121.379997,121.379997,121.379997,121.379997,0
1997-08-28,121.269997,121.269997,121.269997,121.269997,121.269997,0
1997-08-29,121.760002,121.760002,121.760002,121.760002,121.760002,0
1997-09-02,121.879997,121.879997,121.879997,121.879997,121.879997,0
1997-09-03,122.339996,122.339996,122.339996,122.339996,122.339996,0
1997-09-04,121.739998,121.739998,121.739998,121.739998,121.739998,0
1997-09-05,121.800003,121.800003,121.800003,121.800003,121.800003,0
1997-09-08,121.190002,121.190002,121.190002,121.190002,121.190002,0
1997-09-09,121.349998,121.349998,121.349998,121.349998,121.349998,0
1997-09-10,121.230003,121.230003,121.230003,121.230003,121.230003,0
1997-09-11,121.480003,121.480003,121.480003,121.480003,121.480003,0
1997-09-12,120.610001,120.610001,120.610001,120.610001,120.610001,0
1997-09-15,120.389999,120.389999,120.389999,120.389999,120.389999,0
1997-09-16,120.489998,120.489998,120.489998,120.489998,120.489998,0
1997-09-17,120.300003,120.300003,120.300003,120.300003,120.300003,0
1997-09-18,120.650002,120.650002,120.650002,120.650002,120.650002,0
1997-09-19,120.489998,120.489998,120.489998,120.489998,120.489998,0
1997-09-22,120.930000,120.930000,120.930000,120.930000,120.930000,0
1997-09-23,121.029999,121.029999,121.029999,121.029999,121.029999,0
1997-09-24,121.169998,121.169998,121.169998,121.169998,121.169998,0
1997-09-25,122.160004,122.160004,122.160004,122.160004,122.160004,0
1997-09-26,122.519997,122.519997,122.519997,122.519997,122.519997,0
1997-09-29,123.040001,123.040001,123.040001,123.040001,123.040001,0
1997-09-30,122.570000,122.570000,122.570000,122.570000,122.570000,0
1997-10-01,122.360001,122.360001,122.360001,122.360001,122.360001,0
1997-10-02,122.959999,122.959999,122.959999,122.959999,122.959999,0
1997-10-03,124.660004,124.660004,124.660004,124.660004,124.660004,0
1997-10-06,123.489998,123.489998,123.489998,123.489998,123.489998,0
1997-10-07,123.769997,123.769997,123.769997,123.769997,123.769997,0
1997-10-08,124.309998,124.309998,124.309998,124.309998,124.309998,0
1997-10-09,124.239998,124.239998,124.239998,124.239998,124.239998,0
1997-10-10,125.239998,125.239998,125.239998,125.239998,125.239998,0
1997-10-13,null,null,null,null,null,null
1997-10-14,123.480003,123.480003,123.480003,123.480003,123.480003,0
1997-10-15,123.599998,123.599998,123.599998,123.599998,123.599998,0
1997-10-16,123.610001,123.610001,123.610001,123.610001,123.610001,0
1997-10-17,122.680000,122.680000,122.680000,122.680000,122.680000,0
1997-10-20,123.199997,123.199997,123.199997,123.199997,123.199997,0
1997-10-21,123.260002,123.260002,123.260002,123.260002,123.260002,0
1997-10-22,124.500000,124.500000,124.500000,124.500000,124.500000,0
1997-10-23,123.449997,123.449997,123.449997,123.449997,123.449997,0
1997-10-24,122.709999,122.709999,122.709999,122.709999,122.709999,0
1997-10-27,122.959999,122.959999,122.959999,122.959999,122.959999,0
1997-10-28,121.629997,121.629997,121.629997,121.629997,121.629997,0
1997-10-29,121.989998,121.989998,121.989998,121.989998,121.989998,0
1997-10-30,122.739998,122.739998,122.739998,122.739998,122.739998,0
1997-10-31,122.540001,122.540001,122.540001,122.540001,122.540001,0
1997-11-03,122.629997,122.629997,122.629997,122.629997,122.629997,0
1997-11-04,122.019997,122.019997,122.019997,122.019997,122.019997,0
1997-11-05,122.010002,122.010002,122.010002,122.010002,122.010002,0
1997-11-06,121.820000,121.820000,121.820000,121.820000,121.820000,0
1997-11-07,122.199997,122.199997,122.199997,122.199997,122.199997,0
1997-11-10,121.739998,121.739998,121.739998,121.739998,121.739998,0
1997-11-11,null,null,null,null,null,null
1997-11-12,121.959999,121.959999,121.959999,121.959999,121.959999,0
1997-11-13,122.230003,122.230003,122.230003,122.230003,122.230003,0
1997-11-14,121.739998,121.739998,121.739998,121.739998,121.739998,0
1997-11-17,121.019997,121.019997,121.019997,121.019997,121.019997,0
1997-11-18,120.349998,120.349998,120.349998,120.349998,120.349998,0
1997-11-19,119.889999,119.889999,119.889999,119.889999,119.889999,0
1997-11-20,118.449997,118.449997,118.449997,118.449997,118.449997,0
1997-11-21,119.019997,119.019997,119.019997,119.019997,119.019997,0
1997-11-24,118.669998,118.669998,118.669998,118.669998,118.669998,0
1997-11-25,117.980003,117.980003,117.980003,117.980003,117.980003,0
1997-11-26,117.470001,117.470001,117.470001,117.470001,117.470001,0
1997-11-28,117.199997,117.199997,117.199997,117.199997,117.199997,0
1997-12-01,116.870003,116.870003,116.870003,116.870003,116.870003,0
1997-12-02,116.680000,116.680000,116.680000,116.680000,116.680000,0
1997-12-03,116.139999,116.139999,116.139999,116.139999,116.139999,0
1997-12-04,115.370003,115.370003,115.370003,115.370003,115.370003,0
1997-12-05,115.910004,115.910004,115.910004,115.910004,115.910004,0
1997-12-08,116.209999,116.209999,116.209999,116.209999,116.209999,0
1997-12-09,116.209999,116.209999,116.209999,116.209999,116.209999,0
1997-12-10,116.239998,116.239998,116.239998,116.239998,116.239998,0
1997-12-11,115.250000,115.250000,115.250000,115.250000,115.250000,0
1997-12-12,114.750000,114.750000,114.750000,114.750000,114.750000,0
1997-12-15,114.260002,114.260002,114.260002,114.260002,114.260002,0
1997-12-16,113.720001,113.720001,113.720001,113.720001,113.720001,0
1997-12-17,114.360001,114.360001,114.360001,114.360001,114.360001,0
1997-12-18,114.419998,114.419998,114.419998,114.419998,114.419998,0
1997-12-19,114.089996,114.089996,114.089996,114.089996,114.089996,0
1997-12-22,113.180000,113.180000,113.180000,113.180000,113.180000,0
1997-12-23,113.449997,113.449997,113.449997,113.449997,113.449997,0
1997-12-24,113.889999,113.889999,113.889999,113.889999,113.889999,0
1997-12-26,113.809998,113.809998,113.809998,113.809998,113.809998,0
1997-12-29,112.730003,112.730003,112.730003,112.730003,112.730003,0
1997-12-30,112.730003,112.730003,112.730003,112.730003,112.730003,0
1997-12-31,111.989998,111.989998,111.989998,111.989998,111.989998,0
1998-01-02,111.070000,111.070000,111.070000,111.070000,111.070000,0
1998-01-05,110.180000,110.180000,110.180000,110.180000,110.180000,0
1998-01-06,109.720001,109.720001,109.720001,109.720001,109.720001,0
1998-01-07,109.769997,109.769997,109.769997,109.769997,109.769997,0
1998-01-08,108.989998,108.989998,108.989998,108.989998,108.989998,0
1998-01-09,108.110001,108.110001,108.110001,108.110001,108.110001,0
1998-01-12,107.199997,107.199997,107.199997,107.199997,107.199997,0
1998-01-13,108.779999,108.779999,108.779999,108.779999,108.779999,0
1998-01-14,108.820000,108.820000,108.820000,108.820000,108.820000,0
1998-01-15,109.099998,109.099998,109.099998,109.099998,109.099998,0
1998-01-16,109.730003,109.730003,109.730003,109.730003,109.730003,0
1998-01-20,109.709999,109.709999,109.709999,109.709999,109.709999,0
1998-01-21,109.419998,109.419998,109.419998,109.419998,109.419998,0
1998-01-22,109.440002,109.440002,109.440002,109.440002,109.440002,0
1998-01-23,109.849998,109.849998,109.849998,109.849998,109.849998,0
1998-01-26,111.190002,111.190002,111.190002,111.190002,111.190002,0
1998-01-27,111.669998,111.669998,111.669998,111.669998,111.669998,0
1998-01-28,112.120003,112.120003,112.120003,112.120003,112.120003,0
1998-01-29,113.029999,113.029999,113.029999,113.029999,113.029999,0
1998-01-30,111.930000,111.930000,111.930000,111.930000,111.930000,0
1998-02-02,112.089996,112.089996,112.089996,112.089996,112.089996,0
1998-02-03,110.830002,110.830002,110.830002,110.830002,110.830002,0
1998-02-04,110.910004,110.910004,110.910004,110.910004,110.910004,0
1998-02-05,111.519997,111.519997,111.519997,111.519997,111.519997,0
1998-02-06,111.209999,111.209999,111.209999,111.209999,111.209999,0
1998-02-09,110.650002,110.650002,110.650002,110.650002,110.650002,0
1998-02-10,110.779999,110.779999,110.779999,110.779999,110.779999,0
1998-02-11,109.919998,109.919998,109.919998,109.919998,109.919998,0
1998-02-12,109.889999,109.889999,109.889999,109.889999,109.889999,0
1998-02-13,109.790001,109.790001,109.790001,109.790001,109.790001,0
1998-02-17,107.970001,107.970001,107.970001,107.970001,107.970001,0
1998-02-18,108.730003,108.730003,108.730003,108.730003,108.730003,0
1998-02-19,108.779999,108.779999,108.779999,108.779999,108.779999,0
1998-02-20,107.870003,107.870003,107.870003,107.870003,107.870003,0
1998-02-23,106.010002,106.010002,106.010002,106.010002,106.010002,0
1998-02-24,105.320000,105.320000,105.320000,105.320000,105.320000,0
1998-02-25,105.820000,105.820000,105.820000,105.820000,105.820000,0
1998-02-26,105.910004,105.910004,105.910004,105.910004,105.910004,0
1998-02-27,106.690002,106.690002,106.690002,106.690002,106.690002,0
1998-03-02,107.010002,107.010002,107.010002,107.010002,107.010002,0
1998-03-03,106.000000,106.000000,106.000000,106.000000,106.000000,0
1998-03-04,105.860001,105.860001,105.860001,105.860001,105.860001,0
1998-03-05,105.790001,105.790001,105.790001,105.790001,105.790001,0
1998-03-06,105.209999,105.209999,105.209999,105.209999,105.209999,0
1998-03-09,104.440002,104.440002,104.440002,104.440002,104.440002,0
1998-03-10,104.720001,104.720001,104.720001,104.720001,104.720001,0
1998-03-11,104.760002,104.760002,104.760002,104.760002,104.760002,0
1998-03-12,105.120003,105.120003,105.120003,105.120003,105.120003,0
1998-03-13,104.510002,104.510002,104.510002,104.510002,104.510002,0
1998-03-16,103.320000,103.320000,103.320000,103.320000,103.320000,0
1998-03-17,102.949997,102.949997,102.949997,102.949997,102.949997,0
1998-03-18,104.559998,104.559998,104.559998,104.559998,104.559998,0
1998-03-19,104.260002,104.260002,104.260002,104.260002,104.260002,0
1998-03-20,104.470001,104.470001,104.470001,104.470001,104.470001,0
1998-03-23,108.230003,108.230003,108.230003,108.230003,108.230003,0
1998-03-24,106.910004,106.910004,106.910004,106.910004,106.910004,0
1998-03-25,107.339996,107.339996,107.339996,107.339996,107.339996,0
1998-03-26,107.900002,107.900002,107.900002,107.900002,107.900002,0
1998-03-27,107.839996,107.839996,107.839996,107.839996,107.839996,0
1998-03-30,107.379997,107.379997,107.379997,107.379997,107.379997,0
1998-03-31,106.519997,106.519997,106.519997,106.519997,106.519997,0
1998-04-01,105.449997,105.449997,105.449997,105.449997,105.449997,0
1998-04-02,106.120003,106.120003,106.120003,106.120003,106.120003,0
1998-04-03,106.250000,106.250000,106.250000,106.250000,106.250000,0
1998-04-06,104.940002,104.940002,104.940002,104.940002,104.940002,0
1998-04-07,105.150002,105.150002,105.150002,105.150002,105.150002,0
1998-04-08,105.779999,105.779999,105.779999,105.779999,105.779999,0
1998-04-09,106.180000,106.180000,106.180000,106.180000,106.180000,0
1998-04-13,105.489998,105.489998,105.489998,105.489998,105.489998,0
1998-04-14,105.309998,105.309998,105.309998,105.309998,105.309998,0
1998-04-15,106.339996,106.339996,106.339996,106.339996,106.339996,0
1998-04-16,106.690002,106.690002,106.690002,106.690002,106.690002,0
1998-04-17,106.169998,106.169998,106.169998,106.169998,106.169998,0
1998-04-20,106.169998,106.169998,106.169998,106.169998,106.169998,0
1998-04-21,107.160004,107.160004,107.160004,107.160004,107.160004,0
1998-04-22,106.000000,106.000000,106.000000,106.000000,106.000000,0
1998-04-23,105.449997,105.449997,105.449997,105.449997,105.449997,0
1998-04-24,105.220001,105.220001,105.220001,105.220001,105.220001,0
1998-04-27,105.290001,105.290001,105.290001,105.290001,105.290001,0
1998-04-28,105.739998,105.739998,105.739998,105.739998,105.739998,0
1998-04-29,104.989998,104.989998,104.989998,104.989998,104.989998,0
1998-04-30,104.680000,104.680000,104.680000,104.680000,104.680000,0
1998-05-01,105.639999,105.639999,105.639999,105.639999,105.639999,0
1998-05-04,105.820000,105.820000,105.820000,105.820000,105.820000,0
1998-05-05,105.349998,105.349998,105.349998,105.349998,105.349998,0
1998-05-06,104.699997,104.699997,104.699997,104.699997,104.699997,0
1998-05-07,104.070000,104.070000,104.070000,104.070000,104.070000,0
1998-05-08,103.800003,103.800003,103.800003,103.800003,103.800003,0
1998-05-11,103.040001,103.040001,103.040001,103.040001,103.040001,0
1998-05-12,103.110001,103.110001,103.110001,103.110001,103.110001,0
1998-05-13,102.470001,102.470001,102.470001,102.470001,102.470001,0
1998-05-14,102.690002,102.690002,102.690002,102.690002,102.690002,0
1998-05-15,101.669998,101.669998,101.669998,101.669998,101.669998,0
1998-05-18,100.379997,100.379997,100.379997,100.379997,100.379997,0
1998-05-19,100.110001,100.110001,100.110001,100.110001,100.110001,0
1998-05-20,99.309998,99.309998,99.309998,99.309998,99.309998,0
1998-05-21,99.540001,99.540001,99.540001,99.540001,99.540001,0
1998-05-22,99.910004,99.910004,99.910004,99.910004,99.910004,0
1998-05-26,98.550003,98.550003,98.550003,98.550003,98.550003,0
1998-05-27,98.419998,98.419998,98.419998,98.419998,98.419998,0
1998-05-28,98.320000,98.320000,98.320000,98.320000,98.320000,0
1998-05-29,99.120003,99.120003,99.120003,99.120003,99.120003,0
1998-06-01,98.220001,98.220001,98.220001,98.220001,98.220001,0
1998-06-02,98.220001,98.220001,98.220001,98.220001,98.220001,0
1998-06-03,98.089996,98.089996,98.089996,98.089996,98.089996,0
1998-06-04,98.190002,98.190002,98.190002,98.190002,98.190002,0
1998-06-05,97.839996,97.839996,97.839996,97.839996,97.839996,0
1998-06-08,97.110001,97.110001,97.110001,97.110001,97.110001,0
1998-06-09,96.059998,96.059998,96.059998,96.059998,96.059998,0
1998-06-10,95.889999,95.889999,95.889999,95.889999,95.889999,0
1998-06-11,94.959999,94.959999,94.959999,94.959999,94.959999,0
1998-06-12,95.089996,95.089996,95.089996,95.089996,95.089996,0
1998-06-15,93.739998,93.739998,93.739998,93.739998,93.739998,0
1998-06-16,94.110001,94.110001,94.110001,94.110001,94.110001,0
1998-06-17,95.879997,95.879997,95.879997,95.879997,95.879997,0
1998-06-18,95.110001,95.110001,95.110001,95.110001,95.110001,0
1998-06-19,96.559998,96.559998,96.559998,96.559998,96.559998,0
1998-06-22,96.839996,96.839996,96.839996,96.839996,96.839996,0
1998-06-23,98.199997,98.199997,98.199997,98.199997,98.199997,0
1998-06-24,98.199997,98.199997,98.199997,98.199997,98.199997,0
1998-06-25,97.180000,97.180000,97.180000,97.180000,97.180000,0
1998-06-26,96.900002,96.900002,96.900002,96.900002,96.900002,0
1998-06-29,95.779999,95.779999,95.779999,95.779999,95.779999,0
1998-06-30,96.559998,96.559998,96.559998,96.559998,96.559998,0
1998-07-01,96.010002,96.010002,96.010002,96.010002,96.010002,0
1998-07-02,95.720001,95.720001,95.720001,95.720001,95.720001,0
1998-07-06,94.639999,94.639999,94.639999,94.639999,94.639999,0
1998-07-07,94.970001,94.970001,94.970001,94.970001,94.970001,0
1998-07-08,95.099998,95.099998,95.099998,95.099998,95.099998,0
1998-07-09,94.430000,94.430000,94.430000,94.430000,94.430000,0
1998-07-10,93.529999,93.529999,93.529999,93.529999,93.529999,0
1998-07-13,93.449997,93.449997,93.449997,93.449997,93.449997,0
1998-07-14,93.980003,93.980003,93.980003,93.980003,93.980003,0
1998-07-15,93.959999,93.959999,93.959999,93.959999,93.959999,0
1998-07-16,93.470001,93.470001,93.470001,93.470001,93.470001,0
1998-07-17,93.860001,93.860001,93.860001,93.860001,93.860001,0
1998-07-20,92.589996,92.589996,92.589996,92.589996,92.589996,0
1998-07-21,92.260002,92.260002,92.260002,92.260002,92.260002,0
1998-07-22,92.320000,92.320000,92.320000,92.320000,92.320000,0
1998-07-23,91.809998,91.809998,91.809998,91.809998,91.809998,0
1998-07-24,92.120003,92.120003,92.120003,92.120003,92.120003,0
1998-07-27,91.830002,91.830002,91.830002,91.830002,91.830002,0
1998-07-28,91.650002,91.650002,91.650002,91.650002,91.650002,0
1998-07-29,91.139999,91.139999,91.139999,91.139999,91.139999,0
1998-07-30,91.199997,91.199997,91.199997,91.199997,91.199997,0
1998-07-31,90.360001,90.360001,90.360001,90.360001,90.360001,0
1998-08-03,88.879997,88.879997,88.879997,88.879997,88.879997,0
1998-08-04,89.300003,89.300003,89.300003,89.300003,89.300003,0
1998-08-05,89.129997,89.129997,89.129997,89.129997,89.129997,0
1998-08-06,89.349998,89.349998,89.349998,89.349998,89.349998,0
1998-08-07,89.599998,89.599998,89.599998,89.599998,89.599998,0
1998-08-10,88.550003,88.550003,88.550003,88.550003,88.550003,0
1998-08-11,87.190002,87.190002,87.190002,87.190002,87.190002,0
1998-08-12,87.019997,87.019997,87.019997,87.019997,87.019997,0
1998-08-13,87.709999,87.709999,87.709999,87.709999,87.709999,0
1998-08-14,87.769997,87.769997,87.769997,87.769997,87.769997,0
1998-08-17,87.970001,87.970001,87.970001,87.970001,87.970001,0
1998-08-18,87.510002,87.510002,87.510002,87.510002,87.510002,0
1998-08-19,87.459999,87.459999,87.459999,87.459999,87.459999,0
1998-08-20,88.150002,88.150002,88.150002,88.150002,88.150002,0
1998-08-21,86.830002,86.830002,86.830002,86.830002,86.830002,0
1998-08-24,87.250000,87.250000,87.250000,87.250000,87.250000,0
1998-08-25,86.949997,86.949997,86.949997,86.949997,86.949997,0
1998-08-26,86.220001,86.220001,86.220001,86.220001,86.220001,0
1998-08-27,85.190002,85.190002,85.190002,85.190002,85.190002,0
1998-08-28,84.779999,84.779999,84.779999,84.779999,84.779999,0
1998-08-31,84.269997,84.269997,84.269997,84.269997,84.269997,0
1998-09-01,85.750000,85.750000,85.750000,85.750000,85.750000,0
1998-09-02,85.620003,85.620003,85.620003,85.620003,85.620003,0
1998-09-03,87.480003,87.480003,87.480003,87.480003,87.480003,0
1998-09-04,87.620003,87.620003,87.620003,87.620003,87.620003,0
1998-09-08,87.959999,87.959999,87.959999,87.959999,87.959999,0
1998-09-09,87.419998,87.419998,87.419998,87.419998,87.419998,0
1998-09-10,88.790001,88.790001,88.790001,88.790001,88.790001,0
1998-09-11,88.370003,88.370003,88.370003,88.370003,88.370003,0
1998-09-14,88.430000,88.430000,88.430000,88.430000,88.430000,0
1998-09-15,89.370003,89.370003,89.370003,89.370003,89.370003,0
1998-09-16,88.970001,88.970001,88.970001,88.970001,88.970001,0
1998-09-17,88.940002,88.940002,88.940002,88.940002,88.940002,0
1998-09-18,89.970001,89.970001,89.970001,89.970001,89.970001,0
1998-09-21,89.669998,89.669998,89.669998,89.669998,89.669998,0
1998-09-22,89.980003,89.980003,89.980003,89.980003,89.980003,0
1998-09-23,89.949997,89.949997,89.949997,89.949997,89.949997,0
1998-09-24,90.559998,90.559998,90.559998,90.559998,90.559998,0
1998-09-25,90.209999,90.209999,90.209999,90.209999,90.209999,0
1998-09-28,90.160004,90.160004,90.160004,90.160004,90.160004,0
1998-09-29,90.529999,90.529999,90.529999,90.529999,90.529999,0
1998-09-30,90.449997,90.449997,90.449997,90.449997,90.449997,0
1998-10-01,89.290001,89.290001,89.290001,89.290001,89.290001,0
1998-10-02,89.669998,89.669998,89.669998,89.669998,89.669998,0
1998-10-05,89.120003,89.120003,89.120003,89.120003,89.120003,0
1998-10-06,89.430000,89.430000,89.430000,89.430000,89.430000,0
1998-10-07,89.879997,89.879997,89.879997,89.879997,89.879997,0
1998-10-08,88.559998,88.559998,88.559998,88.559998,88.559998,0
1998-10-09,88.949997,88.949997,88.949997,88.949997,88.949997,0
1998-10-12,88.339996,88.339996,88.339996,88.339996,88.339996,0
1998-10-13,88.570000,88.570000,88.570000,88.570000,88.570000,0
1998-10-14,87.949997,87.949997,87.949997,87.949997,87.949997,0
1998-10-15,88.000000,88.000000,88.000000,88.000000,88.000000,0
1998-10-16,88.529999,88.529999,88.529999,88.529999,88.529999,0
1998-10-19,87.209999,87.209999,87.209999,87.209999,87.209999,0
1998-10-20,87.190002,87.190002,87.190002,87.190002,87.190002,0
1998-10-21,87.650002,87.650002,87.650002,87.650002,87.650002,0
1998-10-22,87.449997,87.449997,87.449997,87.449997,87.449997,0
1998-10-23,87.510002,87.510002,87.510002,87.510002,87.510002,0
1998-10-26,87.800003,87.800003,87.800003,87.800003,87.800003,0
1998-10-27,87.150002,87.150002,87.150002,87.150002,87.150002,0
1998-10-28,87.250000,87.250000,87.250000,87.250000,87.250000,0
1998-10-29,87.129997,87.129997,87.129997,87.129997,87.129997,0
1998-10-30,87.459999,87.459999,87.459999,87.459999,87.459999,0
1998-11-02,87.370003,87.370003,87.370003,87.370003,87.370003,0
1998-11-03,87.330002,87.330002,87.330002,87.330002,87.330002,0
1998-11-04,87.320000,87.320000,87.320000,87.320000,87.320000,0
1998-11-05,87.589996,87.589996,87.589996,87.589996,87.589996,0
1998-11-06,87.510002,87.510002,87.510002,87.510002,87.510002,0
1998-11-09,86.599998,86.599998,86.599998,86.599998,86.599998,0
1998-11-10,86.820000,86.820000,86.820000,86.820000,86.820000,0
1998-11-11,86.839996,86.839996,86.839996,86.839996,86.839996,0
1998-11-12,87.480003,87.480003,87.480003,87.480003,87.480003,0
1998-11-13,86.620003,86.620003,86.620003,86.620003,86.620003,0
1998-11-16,84.959999,84.959999,84.959999,84.959999,84.959999,0
1998-11-17,84.529999,84.529999,84.529999,84.529999,84.529999,0
1998-11-18,84.570000,84.570000,84.570000,84.570000,84.570000,0
1998-11-19,84.220001,84.220001,84.220001,84.220001,84.220001,0
1998-11-20,84.120003,84.120003,84.120003,84.120003,84.120003,0
1998-11-23,82.690002,82.690002,82.690002,82.690002,82.690002,0
1998-11-24,82.379997,82.379997,82.379997,82.379997,82.379997,0
1998-11-25,82.180000,82.180000,82.180000,82.180000,82.180000,0
1998-11-27,82.470001,82.470001,82.470001,82.470001,82.470001,0
1998-11-30,80.849998,80.849998,80.849998,80.849998,80.849998,0
1998-12-01,80.580002,80.580002,80.580002,80.580002,80.580002,0
1998-12-02,80.309998,80.309998,80.309998,80.309998,80.309998,0
1998-12-03,79.879997,79.879997,79.879997,79.879997,79.879997,0
1998-12-04,79.750000,79.750000,79.750000,79.750000,79.750000,0
1998-12-07,80.169998,80.169998,80.169998,80.169998,80.169998,0
1998-12-08,79.160004,79.160004,79.160004,79.160004,79.160004,0
1998-12-09,78.610001,78.610001,78.610001,78.610001,78.610001,0
1998-12-10,77.959999,77.959999,77.959999,77.959999,77.959999,0
1998-12-11,77.529999,77.529999,77.529999,77.529999,77.529999,0
1998-12-14,78.370003,78.370003,78.370003,78.370003,78.370003,0
1998-12-15,78.480003,78.480003,78.480003,78.480003,78.480003,0
1998-12-16,79.910004,79.910004,79.910004,79.910004,79.910004,0
1998-12-17,77.690002,77.690002,77.690002,77.690002,77.690002,0
1998-12-18,77.410004,77.410004,77.410004,77.410004,77.410004,0
1998-12-21,76.610001,76.610001,76.610001,76.610001,76.610001,0
1998-12-22,76.699997,76.699997,76.699997,76.699997,76.699997,0
1998-12-23,76.769997,76.769997,76.769997,76.769997,76.769997,0
1998-12-24,76.849998,76.849998,76.849998,76.849998,76.849998,0
1998-12-28,77.059998,77.059998,77.059998,77.059998,77.059998,0
1998-12-29,77.529999,77.529999,77.529999,77.529999,77.529999,0
1998-12-30,77.360001,77.360001,77.360001,77.360001,77.360001,0
1998-12-31,77.809998,77.809998,77.809998,77.809998,77.809998,0
1999-01-04,78.190002,78.190002,78.190002,78.190002,78.190002,0
1999-01-05,77.970001,77.970001,77.970001,77.970001,77.970001,0
1999-01-06,79.430000,79.430000,79.430000,79.430000,79.430000,0
1999-01-07,79.589996,79.589996,79.589996,79.589996,79.589996,0
1999-01-08,80.099998,80.099998,80.099998,80.099998,80.099998,0
1999-01-11,80.690002,80.690002,80.690002,80.690002,80.690002,0
1999-01-12,79.680000,79.680000,79.680000,79.680000,79.680000,0
1999-01-13,78.209999,78.209999,78.209999,78.209999,78.209999,0
1999-01-14,77.949997,77.949997,77.949997,77.949997,77.949997,0
1999-01-15,77.809998,77.809998,77.809998,77.809998,77.809998,0
1999-01-19,77.150002,77.150002,77.150002,77.150002,77.150002,0
1999-01-20,76.779999,76.779999,76.779999,76.779999,76.779999,0
1999-01-21,77.559998,77.559998,77.559998,77.559998,77.559998,0
1999-01-22,77.620003,77.620003,77.620003,77.620003,77.620003,0
1999-01-25,76.870003,76.870003,76.870003,76.870003,76.870003,0
1999-01-26,76.239998,76.239998,76.239998,76.239998,76.239998,0
1999-01-27,76.400002,76.400002,76.400002,76.400002,76.400002,0
1999-01-28,76.970001,76.970001,76.970001,76.970001,76.970001,0
1999-01-29,77.190002,77.190002,77.190002,77.190002,77.190002,0
1999-02-01,76.790001,76.790001,76.790001,76.790001,76.790001,0
1999-02-02,77.180000,77.180000,77.180000,77.180000,77.180000,0
1999-02-03,77.059998,77.059998,77.059998,77.059998,77.059998,0
1999-02-04,77.220001,77.220001,77.220001,77.220001,77.220001,0
1999-02-05,77.160004,77.160004,77.160004,77.160004,77.160004,0
1999-02-08,77.209999,77.209999,77.209999,77.209999,77.209999,0
1999-02-09,76.510002,76.510002,76.510002,76.510002,76.510002,0
1999-02-10,76.320000,76.320000,76.320000,76.320000,76.320000,0
1999-02-11,76.169998,76.169998,76.169998,76.169998,76.169998,0
1999-02-12,76.050003,76.050003,76.050003,76.050003,76.050003,0
1999-02-16,74.550003,74.550003,74.550003,74.550003,74.550003,0
1999-02-17,74.620003,74.620003,74.620003,74.620003,74.620003,0
1999-02-18,75.169998,75.169998,75.169998,75.169998,75.169998,0
1999-02-19,74.959999,74.959999,74.959999,74.959999,74.959999,0
1999-02-22,74.559998,74.559998,74.559998,74.559998,74.559998,0
1999-02-23,75.309998,75.309998,75.309998,75.309998,75.309998,0
1999-02-24,74.900002,74.900002,74.900002,74.900002,74.900002,0
1999-02-25,75.250000,75.250000,75.250000,75.250000,75.250000,0
1999-02-26,74.239998,74.239998,74.239998,74.239998,74.239998,0
1999-03-01,74.349998,74.349998,74.349998,74.349998,74.349998,0
1999-03-02,74.910004,74.910004,74.910004,74.910004,74.910004,0
1999-03-03,75.320000,75.320000,75.320000,75.320000,75.320000,0
1999-03-04,76.080002,76.080002,76.080002,76.080002,76.080002,0
1999-03-05,76.239998,76.239998,76.239998,76.239998,76.239998,0
1999-03-08,77.019997,77.019997,77.019997,77.019997,77.019997,0
1999-03-09,77.389999,77.389999,77.389999,77.389999,77.389999,0
1999-03-10,78.849998,78.849998,78.849998,78.849998,78.849998,0
1999-03-11,78.160004,78.160004,78.160004,78.160004,78.160004,0
1999-03-12,77.900002,77.900002,77.900002,77.900002,77.900002,0
1999-03-15,77.150002,77.150002,77.150002,77.150002,77.150002,0
1999-03-16,77.400002,77.400002,77.400002,77.400002,77.400002,0
1999-03-17,78.540001,78.540001,78.540001,78.540001,78.540001,0
1999-03-18,78.269997,78.269997,78.269997,78.269997,78.269997,0
1999-03-19,78.900002,78.900002,78.900002,78.900002,78.900002,0
1999-03-22,80.370003,80.370003,80.370003,80.370003,80.370003,0
1999-03-23,79.949997,79.949997,79.949997,79.949997,79.949997,0
1999-03-24,79.339996,79.339996,79.339996,79.339996,79.339996,0
1999-03-25,80.400002,80.400002,80.400002,80.400002,80.400002,0
1999-03-26,81.180000,81.180000,81.180000,81.180000,81.180000,0
1999-03-29,81.129997,81.129997,81.129997,81.129997,81.129997,0
1999-03-30,81.449997,81.449997,81.449997,81.449997,81.449997,0
1999-03-31,81.029999,81.029999,81.029999,81.029999,81.029999,0
1999-04-01,80.779999,80.779999,80.779999,80.779999,80.779999,0
1999-04-05,81.059998,81.059998,81.059998,81.059998,81.059998,0
1999-04-06,80.889999,80.889999,80.889999,80.889999,80.889999,0
1999-04-07,79.849998,79.849998,79.849998,79.849998,79.849998,0
1999-04-08,79.290001,79.290001,79.290001,79.290001,79.290001,0
1999-04-09,80.470001,80.470001,80.470001,80.470001,80.470001,0
1999-04-12,80.150002,80.150002,80.150002,80.150002,80.150002,0
1999-04-13,80.970001,80.970001,80.970001,80.970001,80.970001,0
1999-04-14,80.400002,80.400002,80.400002,80.400002,80.400002,0
1999-04-15,81.239998,81.239998,81.239998,81.239998,81.239998,0
1999-04-16,81.820000,81.820000,81.820000,81.820000,81.820000,0
1999-04-19,82.529999,82.529999,82.529999,82.529999,82.529999,0
1999-04-20,82.239998,82.239998,82.239998,82.239998,82.239998,0
1999-04-21,82.559998,82.559998,82.559998,82.559998,82.559998,0
1999-04-22,82.610001,82.610001,82.610001,82.610001,82.610001,0
1999-04-23,82.459999,82.459999,82.459999,82.459999,82.459999,0
1999-04-26,82.029999,82.029999,82.029999,82.029999,82.029999,0
1999-04-27,82.339996,82.339996,82.339996,82.339996,82.339996,0
1999-04-28,83.290001,83.290001,83.290001,83.290001,83.290001,0
1999-04-29,83.820000,83.820000,83.820000,83.820000,83.820000,0
1999-04-30,84.000000,84.000000,84.000000,84.000000,84.000000,0
1999-05-03,84.269997,84.269997,84.269997,84.269997,84.269997,0
1999-05-04,84.320000,84.320000,84.320000,84.320000,84.320000,0
1999-05-05,84.370003,84.370003,84.370003,84.370003,84.370003,0
1999-05-06,83.699997,83.699997,83.699997,83.699997,83.699997,0
1999-05-07,83.059998,83.059998,83.059998,83.059998,83.059998,0
1999-05-10,83.309998,83.309998,83.309998,83.309998,83.309998,0
1999-05-11,82.879997,82.879997,82.879997,82.879997,82.879997,0
1999-05-12,82.029999,82.029999,82.029999,82.029999,82.029999,0
1999-05-13,82.709999,82.709999,82.709999,82.709999,82.709999,0
1999-05-14,82.430000,82.430000,82.430000,82.430000,82.430000,0
1999-05-17,82.190002,82.190002,82.190002,82.190002,82.190002,0
1999-05-18,81.080002,81.080002,81.080002,81.080002,81.080002,0
1999-05-19,80.529999,80.529999,80.529999,80.529999,80.529999,0
1999-05-20,80.410004,80.410004,80.410004,80.410004,80.410004,0
1999-05-21,80.419998,80.419998,80.419998,80.419998,80.419998,0
1999-05-24,79.190002,79.190002,79.190002,79.190002,79.190002,0
1999-05-25,79.379997,79.379997,79.379997,79.379997,79.379997,0
1999-05-26,79.510002,79.510002,79.510002,79.510002,79.510002,0
1999-05-27,78.820000,78.820000,78.820000,78.820000,78.820000,0
1999-05-28,78.559998,78.559998,78.559998,78.559998,78.559998,0
1999-06-01,77.959999,77.959999,77.959999,77.959999,77.959999,0
1999-06-02,78.510002,78.510002,78.510002,78.510002,78.510002,0
1999-06-03,78.949997,78.949997,78.949997,78.949997,78.949997,0
1999-06-04,79.760002,79.760002,79.760002,79.760002,79.760002,0
1999-06-07,80.610001,80.610001,80.610001,80.610001,80.610001,0
1999-06-08,80.300003,80.300003,80.300003,80.300003,80.300003,0
1999-06-09,80.669998,80.669998,80.669998,80.669998,80.669998,0
1999-06-10,80.330002,80.330002,80.330002,80.330002,80.330002,0
1999-06-11,81.309998,81.309998,81.309998,81.309998,81.309998,0
1999-06-14,81.410004,81.410004,81.410004,81.410004,81.410004,0
1999-06-15,81.019997,81.019997,81.019997,81.019997,81.019997,0
1999-06-16,80.199997,80.199997,80.199997,80.199997,80.199997,0
1999-06-17,80.500000,80.500000,80.500000,80.500000,80.500000,0
1999-06-18,80.849998,80.849998,80.849998,80.849998,80.849998,0
1999-06-21,80.400002,80.400002,80.400002,80.400002,80.400002,0
1999-06-22,80.250000,80.250000,80.250000,80.250000,80.250000,0
1999-06-23,80.930000,80.930000,80.930000,80.930000,80.930000,0
1999-06-24,80.660004,80.660004,80.660004,80.660004,80.660004,0
1999-06-25,80.769997,80.769997,80.769997,80.769997,80.769997,0
1999-06-28,80.529999,80.529999,80.529999,80.529999,80.529999,0
1999-06-29,80.989998,80.989998,80.989998,80.989998,80.989998,0
1999-06-30,82.599998,82.599998,82.599998,82.599998,82.599998,0
1999-07-01,82.050003,82.050003,82.050003,82.050003,82.050003,0
1999-07-02,81.970001,81.970001,81.970001,81.970001,81.970001,0
1999-07-06,80.919998,80.919998,80.919998,80.919998,80.919998,0
1999-07-07,81.309998,81.309998,81.309998,81.309998,81.309998,0
1999-07-08,81.360001,81.360001,81.360001,81.360001,81.360001,0
1999-07-09,81.459999,81.459999,81.459999,81.459999,81.459999,0
1999-07-12,81.500000,81.500000,81.500000,81.500000,81.500000,0
1999-07-13,81.489998,81.489998,81.489998,81.489998,81.489998,0
1999-07-14,81.519997,81.519997,81.519997,81.519997,81.519997,0
1999-07-15,82.349998,82.349998,82.349998,82.349998,82.349998,0
1999-07-16,82.260002,82.260002,82.260002,82.260002,82.260002,0
1999-07-19,82.379997,82.379997,82.379997,82.379997,82.379997,0
1999-07-20,81.339996,81.339996,81.339996,81.339996,81.339996,0
1999-07-21,81.790001,81.790001,81.790001,81.790001,81.790001,0
1999-07-22,82.750000,82.750000,82.750000,82.750000,82.750000,0
1999-07-23,84.500000,84.500000,84.500000,84.500000,84.500000,0
1999-07-26,83.860001,83.860001,83.860001,83.860001,83.860001,0
1999-07-27,83.160004,83.160004,83.160004,83.160004,83.160004,0
1999-07-28,83.230003,83.230003,83.230003,83.230003,83.230003,0
1999-07-29,83.949997,83.949997,83.949997,83.949997,83.949997,0
1999-07-30,83.730003,83.730003,83.730003,83.730003,83.730003,0
1999-08-02,84.669998,84.669998,84.669998,84.669998,84.669998,0
1999-08-03,84.919998,84.919998,84.919998,84.919998,84.919998,0
1999-08-04,85.940002,85.940002,85.940002,85.940002,85.940002,0
1999-08-05,86.059998,86.059998,86.059998,86.059998,86.059998,0
1999-08-06,86.839996,86.839996,86.839996,86.839996,86.839996,0
1999-08-09,87.379997,87.379997,87.379997,87.379997,87.379997,0
1999-08-10,87.480003,87.480003,87.480003,87.480003,87.480003,0
1999-08-11,87.660004,87.660004,87.660004,87.660004,87.660004,0
1999-08-12,86.769997,86.769997,86.769997,86.769997,86.769997,0
1999-08-13,87.089996,87.089996,87.089996,87.089996,87.089996,0
1999-08-16,87.050003,87.050003,87.050003,87.050003,87.050003,0
1999-08-17,87.720001,87.720001,87.720001,87.720001,87.720001,0
1999-08-18,87.209999,87.209999,87.209999,87.209999,87.209999,0
1999-08-19,87.830002,87.830002,87.830002,87.830002,87.830002,0
1999-08-20,87.580002,87.580002,87.580002,87.580002,87.580002,0
1999-08-23,87.599998,87.599998,87.599998,87.599998,87.599998,0
1999-08-24,87.290001,87.290001,87.290001,87.290001,87.290001,0
1999-08-25,86.360001,86.360001,86.360001,86.360001,86.360001,0
1999-08-26,86.300003,86.300003,86.300003,86.300003,86.300003,0
1999-08-27,86.550003,86.550003,86.550003,86.550003,86.550003,0
1999-08-30,87.500000,87.500000,87.500000,87.500000,87.500000,0
1999-08-31,88.209999,88.209999,88.209999,88.209999,88.209999,0
1999-09-01,88.300003,88.300003,88.300003,88.300003,88.300003,0
1999-09-02,87.480003,87.480003,87.480003,87.480003,87.480003,0
1999-09-03,88.120003,88.120003,88.120003,88.120003,88.120003,0
1999-09-07,90.089996,90.089996,90.089996,90.089996,90.089996,0
1999-09-08,89.699997,89.699997,89.699997,89.699997,89.699997,0
1999-09-09,90.699997,90.699997,90.699997,90.699997,90.699997,0
1999-09-10,91.089996,91.089996,91.089996,91.089996,91.089996,0
1999-09-13,91.269997,91.269997,91.269997,91.269997,91.269997,0
1999-09-14,90.300003,90.300003,90.300003,90.300003,90.300003,0
1999-09-15,90.019997,90.019997,90.019997,90.019997,90.019997,0
1999-09-16,90.080002,90.080002,90.080002,90.080002,90.080002,0
1999-09-17,90.489998,90.489998,90.489998,90.489998,90.489998,0
1999-09-20,89.709999,89.709999,89.709999,89.709999,89.709999,0
1999-09-21,89.809998,89.809998,89.809998,89.809998,89.809998,0
1999-09-22,90.010002,90.010002,90.010002,90.010002,90.010002,0
1999-09-23,91.360001,91.360001,91.360001,91.360001,91.360001,0
1999-09-24,91.330002,91.330002,91.330002,91.330002,91.330002,0
1999-09-27,91.980003,91.980003,91.980003,91.980003,91.980003,0
1999-09-28,93.129997,93.129997,93.129997,93.129997,93.129997,0
1999-09-29,93.000000,93.000000,93.000000,93.000000,93.000000,0
1999-09-30,92.440002,92.440002,92.440002,92.440002,92.440002,0
1999-10-01,92.339996,92.339996,92.339996,92.339996,92.339996,0
1999-10-04,91.290001,91.290001,91.290001,91.290001,91.290001,0
1999-10-05,90.919998,90.919998,90.919998,90.919998,90.919998,0
1999-10-06,90.620003,90.620003,90.620003,90.620003,90.620003,0
1999-10-07,89.599998,89.599998,89.599998,89.599998,89.599998,0
1999-10-08,87.180000,87.180000,87.180000,87.180000,87.180000,0
1999-10-11,87.760002,87.760002,87.760002,87.760002,87.760002,0
1999-10-12,90.120003,90.120003,90.120003,90.120003,90.120003,0
1999-10-13,91.410004,91.410004,91.410004,91.410004,91.410004,0
1999-10-14,89.970001,89.970001,89.970001,89.970001,89.970001,0
1999-10-15,90.699997,90.699997,90.699997,90.699997,90.699997,0
1999-10-18,90.410004,90.410004,90.410004,90.410004,90.410004,0
1999-10-19,90.309998,90.309998,90.309998,90.309998,90.309998,0
1999-10-20,90.209999,90.209999,90.209999,90.209999,90.209999,0
1999-10-21,90.099998,90.099998,90.099998,90.099998,90.099998,0
1999-10-22,91.019997,91.019997,91.019997,91.019997,91.019997,0
1999-10-25,90.800003,90.800003,90.800003,90.800003,90.800003,0
1999-10-26,89.910004,89.910004,89.910004,89.910004,89.910004,0
1999-10-27,89.779999,89.779999,89.779999,89.779999,89.779999,0
1999-10-28,88.290001,88.290001,88.290001,88.290001,88.290001,0
1999-10-29,88.419998,88.419998,88.419998,88.419998,88.419998,0
1999-11-01,88.820000,88.820000,88.820000,88.820000,88.820000,0
1999-11-02,88.720001,88.720001,88.720001,88.720001,88.720001,0
1999-11-03,89.239998,89.239998,89.239998,89.239998,89.239998,0
1999-11-04,89.709999,89.709999,89.709999,89.709999,89.709999,0
1999-11-05,89.279999,89.279999,89.279999,89.279999,89.279999,0
1999-11-08,89.190002,89.190002,89.190002,89.190002,89.190002,0
1999-11-09,90.220001,90.220001,90.220001,90.220001,90.220001,0
1999-11-10,90.599998,90.599998,90.599998,90.599998,90.599998,0
1999-11-11,90.089996,90.089996,90.089996,90.089996,90.089996,0
1999-11-12,90.790001,90.790001,90.790001,90.790001,90.790001,0
1999-11-15,91.290001,91.290001,91.290001,91.290001,91.290001,0
1999-11-16,91.720001,91.720001,91.720001,91.720001,91.720001,0
1999-11-17,92.180000,92.180000,92.180000,92.180000,92.180000,0
1999-11-18,90.919998,90.919998,90.919998,90.919998,90.919998,0
1999-11-19,91.870003,91.870003,91.870003,91.870003,91.870003,0
1999-11-22,92.699997,92.699997,92.699997,92.699997,92.699997,0
1999-11-23,92.239998,92.239998,92.239998,92.239998,92.239998,0
1999-11-24,92.620003,92.620003,92.620003,92.620003,92.620003,0
1999-11-26,null,null,null,null,null,null
1999-11-29,91.519997,91.519997,91.519997,91.519997,91.519997,0
1999-11-30,90.089996,90.089996,90.089996,90.089996,90.089996,0
1999-12-01,90.360001,90.360001,90.360001,90.360001,90.360001,0
1999-12-02,91.209999,91.209999,91.209999,91.209999,91.209999,0
1999-12-03,91.040001,91.040001,91.040001,91.040001,91.040001,0
1999-12-06,91.769997,91.769997,91.769997,91.769997,91.769997,0
1999-12-07,91.379997,91.379997,91.379997,91.379997,91.379997,0
1999-12-08,91.500000,91.500000,91.500000,91.500000,91.500000,0
1999-12-09,90.489998,90.489998,90.489998,90.489998,90.489998,0
1999-12-10,89.730003,89.730003,89.730003,89.730003,89.730003,0
1999-12-13,89.949997,89.949997,89.949997,89.949997,89.949997,0
1999-12-14,90.790001,90.790001,90.790001,90.790001,90.790001,0
1999-12-15,91.660004,91.660004,91.660004,91.660004,91.660004,0
1999-12-16,92.610001,92.610001,92.610001,92.610001,92.610001,0
1999-12-17,92.900002,92.900002,92.900002,92.900002,92.900002,0
1999-12-20,92.989998,92.989998,92.989998,92.989998,92.989998,0
1999-12-21,92.480003,92.480003,92.480003,92.480003,92.480003,0
1999-12-22,92.139999,92.139999,92.139999,92.139999,92.139999,0
1999-12-23,92.480003,92.480003,92.480003,92.480003,92.480003,0
1999-12-27,92.650002,92.650002,92.650002,92.650002,92.650002,0
1999-12-28,93.160004,93.160004,93.160004,93.160004,93.160004,0
1999-12-29,93.110001,93.110001,93.110001,93.110001,93.110001,0
1999-12-30,92.279999,92.279999,92.279999,92.279999,92.279999,0
1999-12-31,null,null,null,null,null,null
2000-01-03,92.050003,92.050003,92.050003,92.050003,92.050003,0
2000-01-04,91.500000,91.500000,91.500000,91.500000,91.500000,0
2000-01-05,91.000000,91.000000,91.000000,91.000000,91.000000,0
2000-01-06,91.040001,91.040001,91.040001,91.040001,91.040001,0
2000-01-07,90.750000,90.750000,90.750000,90.750000,90.750000,0
2000-01-10,90.989998,90.989998,90.989998,90.989998,90.989998,0
2000-01-11,92.050003,92.050003,92.050003,92.050003,92.050003,0
2000-01-12,93.160004,93.160004,93.160004,93.160004,93.160004,0
2000-01-13,93.800003,93.800003,93.800003,93.800003,93.800003,0
2000-01-14,95.209999,95.209999,95.209999,95.209999,95.209999,0
2000-01-18,96.449997,96.449997,96.449997,96.449997,96.449997,0
2000-01-19,97.190002,97.190002,97.190002,97.190002,97.190002,0
2000-01-20,97.650002,97.650002,97.650002,97.650002,97.650002,0
2000-01-21,97.470001,97.470001,97.470001,97.470001,97.470001,0
2000-01-24,97.050003,97.050003,97.050003,97.050003,97.050003,0
2000-01-25,97.629997,97.629997,97.629997,97.629997,97.629997,0
2000-01-26,96.849998,96.849998,96.849998,96.849998,96.849998,0
2000-01-27,96.959999,96.959999,96.959999,96.959999,96.959999,0
2000-01-28,96.519997,96.519997,96.519997,96.519997,96.519997,0
2000-01-31,96.820000,96.820000,96.820000,96.820000,96.820000,0
2000-02-01,97.550003,97.550003,97.550003,97.550003,97.550003,0
2000-02-02,96.800003,96.800003,96.800003,96.800003,96.800003,0
2000-02-03,97.139999,97.139999,97.139999,97.139999,97.139999,0
2000-02-04,98.970001,98.970001,98.970001,98.970001,98.970001,0
2000-02-07,97.680000,97.680000,97.680000,97.680000,97.680000,0
2000-02-08,96.430000,96.430000,96.430000,96.430000,96.430000,0
2000-02-09,97.660004,97.660004,97.660004,97.660004,97.660004,0
2000-02-10,99.320000,99.320000,99.320000,99.320000,99.320000,0
2000-02-11,98.800003,98.800003,98.800003,98.800003,98.800003,0
2000-02-14,98.900002,98.900002,98.900002,98.900002,98.900002,0
2000-02-15,98.459999,98.459999,98.459999,98.459999,98.459999,0
2000-02-16,98.720001,98.720001,98.720001,98.720001,98.720001,0
2000-02-17,98.389999,98.389999,98.389999,98.389999,98.389999,0
2000-02-18,98.370003,98.370003,98.370003,98.370003,98.370003,0
2000-02-22,98.389999,98.389999,98.389999,98.389999,98.389999,0
2000-02-23,97.970001,97.970001,97.970001,97.970001,97.970001,0
2000-02-24,98.260002,98.260002,98.260002,98.260002,98.260002,0
2000-02-25,97.639999,97.639999,97.639999,97.639999,97.639999,0
2000-02-28,97.320000,97.320000,97.320000,97.320000,97.320000,0
2000-02-29,98.070000,98.070000,98.070000,98.070000,98.070000,0
2000-03-01,99.839996,99.839996,99.839996,99.839996,99.839996,0
2000-03-02,99.709999,99.709999,99.709999,99.709999,99.709999,0
2000-03-03,100.080002,100.080002,100.080002,100.080002,100.080002,0
2000-03-06,100.940002,100.940002,100.940002,100.940002,100.940002,0
2000-03-07,102.250000,102.250000,102.250000,102.250000,102.250000,0
2000-03-08,99.459999,99.459999,99.459999,99.459999,99.459999,0
2000-03-09,100.529999,100.529999,100.529999,100.529999,100.529999,0
2000-03-10,100.019997,100.019997,100.019997,100.019997,100.019997,0
2000-03-13,100.739998,100.739998,100.739998,100.739998,100.739998,0
2000-03-14,100.739998,100.739998,100.739998,100.739998,100.739998,0
2000-03-15,100.070000,100.070000,100.070000,100.070000,100.070000,0
2000-03-16,100.320000,100.320000,100.320000,100.320000,100.320000,0
2000-03-17,100.459999,100.459999,100.459999,100.459999,100.459999,0
2000-03-20,98.139999,98.139999,98.139999,98.139999,98.139999,0
2000-03-21,98.580002,98.580002,98.580002,98.580002,98.580002,0
2000-03-22,98.510002,98.510002,98.510002,98.510002,98.510002,0
2000-03-23,98.110001,98.110001,98.110001,98.110001,98.110001,0
2000-03-24,98.730003,98.730003,98.730003,98.730003,98.730003,0
2000-03-27,98.650002,98.650002,98.650002,98.650002,98.650002,0
2000-03-28,98.059998,98.059998,98.059998,98.059998,98.059998,0
2000-03-29,97.010002,97.010002,97.010002,97.010002,97.010002,0
2000-03-30,97.559998,97.559998,97.559998,97.559998,97.559998,0
2000-03-31,98.529999,98.529999,98.529999,98.529999,98.529999,0
2000-04-03,97.680000,97.680000,97.680000,97.680000,97.680000,0
2000-04-04,96.150002,96.150002,96.150002,96.150002,96.150002,0
2000-04-05,96.709999,96.709999,96.709999,96.709999,96.709999,0
2000-04-06,95.959999,95.959999,95.959999,95.959999,95.959999,0
2000-04-07,95.739998,95.739998,95.739998,95.739998,95.739998,0
2000-04-10,94.650002,94.650002,94.650002,94.650002,94.650002,0
2000-04-11,94.629997,94.629997,94.629997,94.629997,94.629997,0
2000-04-12,96.389999,96.389999,96.389999,96.389999,96.389999,0
2000-04-13,96.699997,96.699997,96.699997,96.699997,96.699997,0
2000-04-14,95.870003,95.870003,95.870003,95.870003,95.870003,0
2000-04-17,96.150002,96.150002,96.150002,96.150002,96.150002,0
2000-04-18,96.529999,96.529999,96.529999,96.529999,96.529999,0
2000-04-19,97.559998,97.559998,97.559998,97.559998,97.559998,0
2000-04-20,97.400002,97.400002,97.400002,97.400002,97.400002,0
2000-04-24,97.680000,97.680000,97.680000,97.680000,97.680000,0
2000-04-25,97.540001,97.540001,97.540001,97.540001,97.540001,0
2000-04-26,96.739998,96.739998,96.739998,96.739998,96.739998,0
2000-04-27,96.750000,96.750000,96.750000,96.750000,96.750000,0
2000-04-28,96.879997,96.879997,96.879997,96.879997,96.879997,0
2000-05-01,98.519997,98.519997,98.519997,98.519997,98.519997,0
2000-05-02,99.779999,99.779999,99.779999,99.779999,99.779999,0
2000-05-03,99.419998,99.419998,99.419998,99.419998,99.419998,0
2000-05-04,99.889999,99.889999,99.889999,99.889999,99.889999,0
2000-05-05,99.750000,99.750000,99.750000,99.750000,99.750000,0
2000-05-08,100.239998,100.239998,100.239998,100.239998,100.239998,0
2000-05-09,100.830002,100.830002,100.830002,100.830002,100.830002,0
2000-05-10,101.419998,101.419998,101.419998,101.419998,101.419998,0
2000-05-11,102.379997,102.379997,102.379997,102.379997,102.379997,0
2000-05-12,102.820000,102.820000,102.820000,102.820000,102.820000,0
2000-05-15,102.709999,102.709999,102.709999,102.709999,102.709999,0
2000-05-16,103.050003,103.050003,103.050003,103.050003,103.050003,0
2000-05-17,103.129997,103.129997,103.129997,103.129997,103.129997,0
2000-05-18,103.980003,103.980003,103.980003,103.980003,103.980003,0
2000-05-19,104.010002,104.010002,104.010002,104.010002,104.010002,0
2000-05-22,103.169998,103.169998,103.169998,103.169998,103.169998,0
2000-05-23,103.269997,103.269997,103.269997,103.269997,103.269997,0
2000-05-24,104.650002,104.650002,104.650002,104.650002,104.650002,0
2000-05-25,104.879997,104.879997,104.879997,104.879997,104.879997,0
2000-05-26,104.720001,104.720001,104.720001,104.720001,104.720001,0
2000-05-30,103.919998,103.919998,103.919998,103.919998,103.919998,0
2000-05-31,102.849998,102.849998,102.849998,102.849998,102.849998,0
2000-06-01,103.449997,103.449997,103.449997,103.449997,103.449997,0
2000-06-02,104.110001,104.110001,104.110001,104.110001,104.110001,0
2000-06-05,104.209999,104.209999,104.209999,104.209999,104.209999,0
2000-06-06,104.110001,104.110001,104.110001,104.110001,104.110001,0
2000-06-07,102.779999,102.779999,102.779999,102.779999,102.779999,0
2000-06-08,103.220001,103.220001,103.220001,103.220001,103.220001,0
2000-06-09,103.690002,103.690002,103.690002,103.690002,103.690002,0
2000-06-12,104.000000,104.000000,104.000000,104.000000,104.000000,0
2000-06-13,104.489998,104.489998,104.489998,104.489998,104.489998,0
2000-06-14,104.470001,104.470001,104.470001,104.470001,104.470001,0
2000-06-15,104.750000,104.750000,104.750000,104.750000,104.750000,0
2000-06-16,104.110001,104.110001,104.110001,104.110001,104.110001,0
2000-06-19,103.000000,103.000000,103.000000,103.000000,103.000000,0
2000-06-20,103.360001,103.360001,103.360001,103.360001,103.360001,0
2000-06-21,104.510002,104.510002,104.510002,104.510002,104.510002,0
2000-06-22,105.639999,105.639999,105.639999,105.639999,105.639999,0
2000-06-23,104.889999,104.889999,104.889999,104.889999,104.889999,0
2000-06-26,104.570000,104.570000,104.570000,104.570000,104.570000,0
2000-06-27,105.379997,105.379997,105.379997,105.379997,105.379997,0
2000-06-28,104.910004,104.910004,104.910004,104.910004,104.910004,0
2000-06-29,105.750000,105.750000,105.750000,105.750000,105.750000,0
2000-06-30,104.769997,104.769997,104.769997,104.769997,104.769997,0
2000-07-03,null,null,null,null,null,null
2000-07-05,102.019997,102.019997,102.019997,102.019997,102.019997,0
2000-07-06,100.739998,100.739998,100.739998,100.739998,100.739998,0
2000-07-07,101.629997,101.629997,101.629997,101.629997,101.629997,0
2000-07-10,101.430000,101.430000,101.430000,101.430000,101.430000,0
2000-07-11,101.699997,101.699997,101.699997,101.699997,101.699997,0
2000-07-12,101.559998,101.559998,101.559998,101.559998,101.559998,0
2000-07-13,102.730003,102.730003,102.730003,102.730003,102.730003,0
2000-07-14,102.080002,102.080002,102.080002,102.080002,102.080002,0
2000-07-17,101.680000,101.680000,101.680000,101.680000,101.680000,0
2000-07-18,103.129997,103.129997,103.129997,103.129997,103.129997,0
2000-07-19,102.269997,102.269997,102.269997,102.269997,102.269997,0
2000-07-20,101.940002,101.940002,101.940002,101.940002,101.940002,0
2000-07-21,100.889999,100.889999,100.889999,100.889999,100.889999,0
2000-07-24,99.489998,99.489998,99.489998,99.489998,99.489998,0
2000-07-25,99.129997,99.129997,99.129997,99.129997,99.129997,0
2000-07-26,99.199997,99.199997,99.199997,99.199997,99.199997,0
2000-07-27,99.779999,99.779999,99.779999,99.779999,99.779999,0
2000-07-28,99.879997,99.879997,99.879997,99.879997,99.879997,0
2000-07-31,99.010002,99.010002,99.010002,99.010002,99.010002,0
2000-08-01,99.639999,99.639999,99.639999,99.639999,99.639999,0
2000-08-02,100.769997,100.769997,100.769997,100.769997,100.769997,0
2000-08-03,100.760002,100.760002,100.760002,100.760002,100.760002,0
2000-08-04,101.639999,101.639999,101.639999,101.639999,101.639999,0
2000-08-07,100.540001,100.540001,100.540001,100.540001,100.540001,0
2000-08-08,101.029999,101.029999,101.029999,101.029999,101.029999,0
2000-08-09,101.879997,101.879997,101.879997,101.879997,101.879997,0
2000-08-10,102.830002,102.830002,102.830002,102.830002,102.830002,0
2000-08-11,102.989998,102.989998,102.989998,102.989998,102.989998,0
2000-08-14,103.250000,103.250000,103.250000,103.250000,103.250000,0
2000-08-15,102.889999,102.889999,102.889999,102.889999,102.889999,0
2000-08-16,103.610001,103.610001,103.610001,103.610001,103.610001,0
2000-08-17,103.860001,103.860001,103.860001,103.860001,103.860001,0
2000-08-18,104.220001,104.220001,104.220001,104.220001,104.220001,0
2000-08-21,105.300003,105.300003,105.300003,105.300003,105.300003,0
2000-08-22,104.139999,104.139999,104.139999,104.139999,104.139999,0
2000-08-23,104.949997,104.949997,104.949997,104.949997,104.949997,0
2000-08-24,104.820000,104.820000,104.820000,104.820000,104.820000,0
2000-08-25,105.400002,105.400002,105.400002,105.400002,105.400002,0
2000-08-28,106.510002,106.510002,106.510002,106.510002,106.510002,0
2000-08-29,107.019997,107.019997,107.019997,107.019997,107.019997,0
2000-08-30,107.930000,107.930000,107.930000,107.930000,107.930000,0
2000-08-31,108.169998,108.169998,108.169998,108.169998,108.169998,0
2000-09-01,108.419998,108.419998,108.419998,108.419998,108.419998,0
2000-09-05,109.540001,109.540001,109.540001,109.540001,109.540001,0
2000-09-06,110.110001,110.110001,110.110001,110.110001,110.110001,0
2000-09-07,110.620003,110.620003,110.620003,110.620003,110.620003,0
2000-09-08,109.349998,109.349998,109.349998,109.349998,109.349998,0
2000-09-11,110.949997,110.949997,110.949997,110.949997,110.949997,0
2000-09-12,110.290001,110.290001,110.290001,110.290001,110.290001,0
2000-09-13,109.440002,109.440002,109.440002,109.440002,109.440002,0
2000-09-14,109.669998,109.669998,109.669998,109.669998,109.669998,0
2000-09-15,110.349998,110.349998,110.349998,110.349998,110.349998,0
2000-09-18,111.169998,111.169998,111.169998,111.169998,111.169998,0
2000-09-19,110.620003,110.620003,110.620003,110.620003,110.620003,0
2000-09-20,110.320000,110.320000,110.320000,110.320000,110.320000,0
2000-09-21,109.769997,109.769997,109.769997,109.769997,109.769997,0
2000-09-22,108.550003,108.550003,108.550003,108.550003,108.550003,0
2000-09-25,108.239998,108.239998,108.239998,108.239998,108.239998,0
2000-09-26,108.199997,108.199997,108.199997,108.199997,108.199997,0
2000-09-27,108.489998,108.489998,108.489998,108.489998,108.489998,0
2000-09-28,106.459999,106.459999,106.459999,106.459999,106.459999,0
2000-09-29,106.980003,106.980003,106.980003,106.980003,106.980003,0
2000-10-02,108.379997,108.379997,108.379997,108.379997,108.379997,0
2000-10-03,108.419998,108.419998,108.419998,108.419998,108.419998,0
2000-10-04,107.620003,107.620003,107.620003,107.620003,107.620003,0
2000-10-05,106.589996,106.589996,106.589996,106.589996,106.589996,0
2000-10-06,106.300003,106.300003,106.300003,106.300003,106.300003,0
2000-10-09,107.410004,107.410004,107.410004,107.410004,107.410004,0
2000-10-10,109.300003,109.300003,109.300003,109.300003,109.300003,0
2000-10-11,110.239998,110.239998,110.239998,110.239998,110.239998,0
2000-10-12,112.720001,112.720001,112.720001,112.720001,112.720001,0
2000-10-13,110.620003,110.620003,110.620003,110.620003,110.620003,0
2000-10-16,108.690002,108.690002,108.690002,108.690002,108.690002,0
2000-10-17,108.610001,108.610001,108.610001,108.610001,108.610001,0
2000-10-18,107.879997,107.879997,107.879997,107.879997,107.879997,0
2000-10-19,106.519997,106.519997,106.519997,106.519997,106.519997,0
2000-10-20,107.080002,107.080002,107.080002,107.080002,107.080002,0
2000-10-23,107.779999,107.779999,107.779999,107.779999,107.779999,0
2000-10-24,107.070000,107.070000,107.070000,107.070000,107.070000,0
2000-10-25,105.580002,105.580002,105.580002,105.580002,105.580002,0
2000-10-26,105.139999,105.139999,105.139999,105.139999,105.139999,0
2000-10-27,103.860001,103.860001,103.860001,103.860001,103.860001,0
2000-10-30,103.540001,103.540001,103.540001,103.540001,103.540001,0
2000-10-31,103.820000,103.820000,103.820000,103.820000,103.820000,0
2000-11-01,104.410004,104.410004,104.410004,104.410004,104.410004,0
2000-11-02,104.489998,104.489998,104.489998,104.489998,104.489998,0
2000-11-03,105.330002,105.330002,105.330002,105.330002,105.330002,0
2000-11-06,105.300003,105.300003,105.300003,105.300003,105.300003,0
2000-11-07,106.480003,106.480003,106.480003,106.480003,106.480003,0
2000-11-08,107.139999,107.139999,107.139999,107.139999,107.139999,0
2000-11-09,107.720001,107.720001,107.720001,107.720001,107.720001,0
2000-11-10,107.489998,107.489998,107.489998,107.489998,107.489998,0
2000-11-13,108.089996,108.089996,108.089996,108.089996,108.089996,0
2000-11-14,109.419998,109.419998,109.419998,109.419998,109.419998,0
2000-11-15,110.940002,110.940002,110.940002,110.940002,110.940002,0
2000-11-16,109.440002,109.440002,109.440002,109.440002,109.440002,0
2000-11-17,110.949997,110.949997,110.949997,110.949997,110.949997,0
2000-11-20,111.690002,111.690002,111.690002,111.690002,111.690002,0
2000-11-21,112.050003,112.050003,112.050003,112.050003,112.050003,0
2000-11-22,112.650002,112.650002,112.650002,112.650002,112.650002,0
2000-11-24,null,null,null,null,null,null
2000-11-27,112.809998,112.809998,112.809998,112.809998,112.809998,0
2000-11-28,110.849998,110.849998,110.849998,110.849998,110.849998,0
2000-11-29,110.919998,110.919998,110.919998,110.919998,110.919998,0
2000-11-30,111.589996,111.589996,111.589996,111.589996,111.589996,0
2000-12-01,110.320000,110.320000,110.320000,110.320000,110.320000,0
2000-12-04,112.180000,112.180000,112.180000,112.180000,112.180000,0
2000-12-05,110.500000,110.500000,110.500000,110.500000,110.500000,0
2000-12-06,114.120003,114.120003,114.120003,114.120003,114.120003,0
2000-12-07,113.199997,113.199997,113.199997,113.199997,113.199997,0
2000-12-08,113.089996,113.089996,113.089996,113.089996,113.089996,0
2000-12-11,116.089996,116.089996,116.089996,116.089996,116.089996,0
2000-12-12,113.250000,113.250000,113.250000,113.250000,113.250000,0
2000-12-13,111.419998,111.419998,111.419998,111.419998,111.419998,0
2000-12-14,110.059998,110.059998,110.059998,110.059998,110.059998,0
2000-12-15,112.059998,112.059998,112.059998,112.059998,112.059998,0
2000-12-18,112.970001,112.970001,112.970001,112.970001,112.970001,0
2000-12-19,113.180000,113.180000,113.180000,113.180000,113.180000,0
2000-12-20,111.639999,111.639999,111.639999,111.639999,111.639999,0
2000-12-21,111.980003,111.980003,111.980003,111.980003,111.980003,0
2000-12-22,111.540001,111.540001,111.540001,111.540001,111.540001,0
2000-12-26,112.379997,112.379997,112.379997,112.379997,112.379997,0
2000-12-27,112.949997,112.949997,112.949997,112.949997,112.949997,0
2000-12-28,112.570000,112.570000,112.570000,112.570000,112.570000,0
2000-12-29,114.610001,114.610001,114.610001,114.610001,114.610001,0
2001-01-02,111.449997,111.449997,111.449997,111.449997,111.449997,0
2001-01-03,111.510002,111.510002,111.510002,111.510002,111.510002,0
2001-01-04,113.269997,113.269997,113.269997,113.269997,113.269997,0
2001-01-05,113.839996,113.839996,113.839996,113.839996,113.839996,0
2001-01-08,114.660004,114.660004,114.660004,114.660004,114.660004,0
2001-01-09,115.089996,115.089996,115.089996,115.089996,115.089996,0
2001-01-10,115.550003,115.550003,115.550003,115.550003,115.550003,0
2001-01-11,114.730003,114.730003,114.730003,114.730003,114.730003,0
2001-01-12,115.029999,115.029999,115.029999,115.029999,115.029999,0
2001-01-16,114.059998,114.059998,114.059998,114.059998,114.059998,0
2001-01-17,112.709999,112.709999,112.709999,112.709999,112.709999,0
2001-01-18,114.029999,114.029999,114.029999,114.029999,114.029999,0
2001-01-19,115.230003,115.230003,115.230003,115.230003,115.230003,0
2001-01-22,115.480003,115.480003,115.480003,115.480003,115.480003,0
2001-01-23,114.370003,114.370003,114.370003,114.370003,114.370003,0
2001-01-24,113.660004,113.660004,113.660004,113.660004,113.660004,0
2001-01-25,113.870003,113.870003,113.870003,113.870003,113.870003,0
2001-01-26,114.070000,114.070000,114.070000,114.070000,114.070000,0
2001-01-29,112.169998,112.169998,112.169998,112.169998,112.169998,0
2001-01-30,112.370003,112.370003,112.370003,112.370003,112.370003,0
2001-01-31,111.379997,111.379997,111.379997,111.379997,111.379997,0
2001-02-01,113.470001,113.470001,113.470001,113.470001,113.470001,0
2001-02-02,115.300003,115.300003,115.300003,115.300003,115.300003,0
2001-02-05,113.209999,113.209999,113.209999,113.209999,113.209999,0
2001-02-06,113.160004,113.160004,113.160004,113.160004,113.160004,0
2001-02-07,114.089996,114.089996,114.089996,114.089996,114.089996,0
2001-02-08,113.839996,113.839996,113.839996,113.839996,113.839996,0
2001-02-09,113.099998,113.099998,113.099998,113.099998,113.099998,0
2001-02-12,112.290001,112.290001,112.290001,112.290001,112.290001,0
2001-02-13,112.580002,112.580002,112.580002,112.580002,112.580002,0
2001-02-14,111.849998,111.849998,111.849998,111.849998,111.849998,0
2001-02-15,110.930000,110.930000,110.930000,110.930000,110.930000,0
2001-02-16,111.360001,111.360001,111.360001,111.360001,111.360001,0
2001-02-20,110.839996,110.839996,110.839996,110.839996,110.839996,0
2001-02-21,110.379997,110.379997,110.379997,110.379997,110.379997,0
2001-02-22,110.199997,110.199997,110.199997,110.199997,110.199997,0
2001-02-23,110.470001,110.470001,110.470001,110.470001,110.470001,0
2001-02-26,110.150002,110.150002,110.150002,110.150002,110.150002,0
2001-02-27,110.489998,110.489998,110.489998,110.489998,110.489998,0
2001-02-28,110.480003,110.480003,110.480003,110.480003,110.480003,0
2001-03-01,110.750000,110.750000,110.750000,110.750000,110.750000,0
2001-03-02,111.129997,111.129997,111.129997,111.129997,111.129997,0
2001-03-05,112.120003,112.120003,112.120003,112.120003,112.120003,0
2001-03-06,112.010002,112.010002,112.010002,112.010002,112.010002,0
2001-03-07,112.339996,112.339996,112.339996,112.339996,112.339996,0
2001-03-08,111.470001,111.470001,111.470001,111.470001,111.470001,0
2001-03-09,111.019997,111.019997,111.019997,111.019997,111.019997,0
2001-03-12,111.000000,111.000000,111.000000,111.000000,111.000000,0
2001-03-13,110.209999,110.209999,110.209999,110.209999,110.209999,0
2001-03-14,108.260002,108.260002,108.260002,108.260002,108.260002,0
2001-03-15,107.489998,107.489998,107.489998,107.489998,107.489998,0
2001-03-16,107.029999,107.029999,107.029999,107.029999,107.029999,0
2001-03-19,106.629997,106.629997,106.629997,106.629997,106.629997,0
2001-03-20,106.779999,106.779999,106.779999,106.779999,106.779999,0
2001-03-21,107.029999,107.029999,107.029999,107.029999,107.029999,0
2001-03-22,106.500000,106.500000,106.500000,106.500000,106.500000,0
2001-03-23,107.669998,107.669998,107.669998,107.669998,107.669998,0
2001-03-26,108.230003,108.230003,108.230003,108.230003,108.230003,0
2001-03-27,109.160004,109.160004,109.160004,109.160004,109.160004,0
2001-03-28,106.900002,106.900002,106.900002,106.900002,106.900002,0
2001-03-29,106.660004,106.660004,106.660004,106.660004,106.660004,0
2001-03-30,105.370003,105.370003,105.370003,105.370003,105.370003,0
2001-04-02,104.930000,104.930000,104.930000,104.930000,104.930000,0
2001-04-03,105.820000,105.820000,105.820000,105.820000,105.820000,0
2001-04-04,107.480003,107.480003,107.480003,107.480003,107.480003,0
2001-04-05,107.989998,107.989998,107.989998,107.989998,107.989998,0
2001-04-06,107.300003,107.300003,107.300003,107.300003,107.300003,0
2001-04-09,107.839996,107.839996,107.839996,107.839996,107.839996,0
2001-04-10,109.029999,109.029999,109.029999,109.029999,109.029999,0
2001-04-11,108.970001,108.970001,108.970001,108.970001,108.970001,0
2001-04-12,109.199997,109.199997,109.199997,109.199997,109.199997,0
2001-04-16,110.250000,110.250000,110.250000,110.250000,110.250000,0
2001-04-17,109.379997,109.379997,109.379997,109.379997,109.379997,0
2001-04-18,109.389999,109.389999,109.389999,109.389999,109.389999,0
2001-04-19,108.800003,108.800003,108.800003,108.800003,108.800003,0
2001-04-20,108.260002,108.260002,108.260002,108.260002,108.260002,0
2001-04-23,107.930000,107.930000,107.930000,107.930000,107.930000,0
2001-04-24,107.209999,107.209999,107.209999,107.209999,107.209999,0
2001-04-25,107.430000,107.430000,107.430000,107.430000,107.430000,0
2001-04-26,108.660004,108.660004,108.660004,108.660004,108.660004,0
2001-04-27,108.320000,108.320000,108.320000,108.320000,108.320000,0
2001-04-30,108.709999,108.709999,108.709999,108.709999,108.709999,0
2001-05-01,109.379997,109.379997,109.379997,109.379997,109.379997,0
2001-05-02,108.459999,108.459999,108.459999,108.459999,108.459999,0
2001-05-03,109.120003,109.120003,109.120003,109.120003,109.120003,0
2001-05-04,109.019997,109.019997,109.019997,109.019997,109.019997,0
2001-05-07,108.190002,108.190002,108.190002,108.190002,108.190002,0
2001-05-08,107.919998,107.919998,107.919998,107.919998,107.919998,0
2001-05-09,108.269997,108.269997,108.269997,108.269997,108.269997,0
2001-05-10,108.300003,108.300003,108.300003,108.300003,108.300003,0
2001-05-11,108.029999,108.029999,108.029999,108.029999,108.029999,0
2001-05-14,108.099998,108.099998,108.099998,108.099998,108.099998,0
2001-05-15,108.589996,108.589996,108.589996,108.589996,108.589996,0
2001-05-16,108.580002,108.580002,108.580002,108.580002,108.580002,0
2001-05-17,109.040001,109.040001,109.040001,109.040001,109.040001,0
2001-05-18,110.830002,110.830002,110.830002,110.830002,110.830002,0
2001-05-21,110.309998,110.309998,110.309998,110.309998,110.309998,0
2001-05-22,109.699997,109.699997,109.699997,109.699997,109.699997,0
2001-05-23,109.419998,109.419998,109.419998,109.419998,109.419998,0
2001-05-24,108.379997,108.379997,108.379997,108.379997,108.379997,0
2001-05-25,107.440002,107.440002,107.440002,107.440002,107.440002,0
2001-05-29,106.730003,106.730003,106.730003,106.730003,106.730003,0
2001-05-30,106.199997,106.199997,106.199997,106.199997,106.199997,0
2001-05-31,106.089996,106.089996,106.089996,106.089996,106.089996,0
2001-06-01,106.180000,106.180000,106.180000,106.180000,106.180000,0
2001-06-04,105.790001,105.790001,105.790001,105.790001,105.790001,0
2001-06-05,105.940002,105.940002,105.940002,105.940002,105.940002,0
2001-06-06,105.489998,105.489998,105.489998,105.489998,105.489998,0
2001-06-07,105.320000,105.320000,105.320000,105.320000,105.320000,0
2001-06-08,106.190002,106.190002,106.190002,106.190002,106.190002,0
2001-06-11,106.680000,106.680000,106.680000,106.680000,106.680000,0
2001-06-12,107.199997,107.199997,107.199997,107.199997,107.199997,0
2001-06-13,106.739998,106.739998,106.739998,106.739998,106.739998,0
2001-06-14,106.839996,106.839996,106.839996,106.839996,106.839996,0
2001-06-15,105.430000,105.430000,105.430000,105.430000,105.430000,0
2001-06-18,104.889999,104.889999,104.889999,104.889999,104.889999,0
2001-06-19,104.989998,104.989998,104.989998,104.989998,104.989998,0
2001-06-20,102.739998,102.739998,102.739998,102.739998,102.739998,0
2001-06-21,102.779999,102.779999,102.779999,102.779999,102.779999,0
2001-06-22,102.510002,102.510002,102.510002,102.510002,102.510002,0
2001-06-25,102.410004,102.410004,102.410004,102.410004,102.410004,0
2001-06-26,102.669998,102.669998,102.669998,102.669998,102.669998,0
2001-06-27,101.220001,101.220001,101.220001,101.220001,101.220001,0
2001-06-28,100.690002,100.690002,100.690002,100.690002,100.690002,0
2001-06-29,101.570000,101.570000,101.570000,101.570000,101.570000,0
2001-07-02,101.540001,101.540001,101.540001,101.540001,101.540001,0
2001-07-03,101.639999,101.639999,101.639999,101.639999,101.639999,0
2001-07-05,102.080002,102.080002,102.080002,102.080002,102.080002,0
2001-07-06,103.269997,103.269997,103.269997,103.269997,103.269997,0
2001-07-09,103.029999,103.029999,103.029999,103.029999,103.029999,0
2001-07-10,103.169998,103.169998,103.169998,103.169998,103.169998,0
2001-07-11,103.570000,103.570000,103.570000,103.570000,103.570000,0
2001-07-12,104.610001,104.610001,104.610001,104.610001,104.610001,0
2001-07-13,103.639999,103.639999,103.639999,103.639999,103.639999,0
2001-07-16,102.570000,102.570000,102.570000,102.570000,102.570000,0
2001-07-17,103.519997,103.519997,103.519997,103.519997,103.519997,0
2001-07-18,102.180000,102.180000,102.180000,102.180000,102.180000,0
2001-07-19,101.599998,101.599998,101.599998,101.599998,101.599998,0
2001-07-20,101.629997,101.629997,101.629997,101.629997,101.629997,0
2001-07-23,101.750000,101.750000,101.750000,101.750000,101.750000,0
2001-07-24,101.959999,101.959999,101.959999,101.959999,101.959999,0
2001-07-25,102.940002,102.940002,102.940002,102.940002,102.940002,0
2001-07-26,102.820000,102.820000,102.820000,102.820000,102.820000,0
2001-07-27,103.190002,103.190002,103.190002,103.190002,103.190002,0
2001-07-30,102.489998,102.489998,102.489998,102.489998,102.489998,0
2001-07-31,102.570000,102.570000,102.570000,102.570000,102.570000,0
2001-08-01,102.290001,102.290001,102.290001,102.290001,102.290001,0
2001-08-02,102.720001,102.720001,102.720001,102.720001,102.720001,0
2001-08-03,102.129997,102.129997,102.129997,102.129997,102.129997,0
2001-08-06,102.339996,102.339996,102.339996,102.339996,102.339996,0
2001-08-07,102.739998,102.739998,102.739998,102.739998,102.739998,0
2001-08-08,102.470001,102.470001,102.470001,102.470001,102.470001,0
2001-08-09,102.980003,102.980003,102.980003,102.980003,102.980003,0
2001-08-10,103.510002,103.510002,103.510002,103.510002,103.510002,0
2001-08-13,103.800003,103.800003,103.800003,103.800003,103.800003,0
2001-08-14,103.849998,103.849998,103.849998,103.849998,103.849998,0
2001-08-15,103.790001,103.790001,103.790001,103.790001,103.790001,0
2001-08-16,103.190002,103.190002,103.190002,103.190002,103.190002,0
2001-08-17,102.870003,102.870003,102.870003,102.870003,102.870003,0
2001-08-20,101.940002,101.940002,101.940002,101.940002,101.940002,0
2001-08-21,102.349998,102.349998,102.349998,102.349998,102.349998,0
2001-08-22,102.010002,102.010002,102.010002,102.010002,102.010002,0
2001-08-23,102.330002,102.330002,102.330002,102.330002,102.330002,0
2001-08-24,102.309998,102.309998,102.309998,102.309998,102.309998,0
2001-08-27,102.230003,102.230003,102.230003,102.230003,102.230003,0
2001-08-28,102.199997,102.199997,102.199997,102.199997,102.199997,0
2001-08-29,102.510002,102.510002,102.510002,102.510002,102.510002,0
2001-08-30,101.330002,101.330002,101.330002,101.330002,101.330002,0
2001-08-31,102.230003,102.230003,102.230003,102.230003,102.230003,0
2001-09-04,101.349998,101.349998,101.349998,101.349998,101.349998,0
2001-09-05,101.349998,101.349998,101.349998,101.349998,101.349998,0
2001-09-06,101.180000,101.180000,101.180000,101.180000,101.180000,0
2001-09-07,101.620003,101.620003,101.620003,101.620003,101.620003,0
2001-09-10,101.160004,101.160004,101.160004,101.160004,101.160004,0
2001-09-17,102.949997,102.949997,102.949997,102.949997,102.949997,0
2001-09-18,101.129997,101.129997,101.129997,101.129997,101.129997,0
2001-09-19,99.500000,99.500000,99.500000,99.500000,99.500000,0
2001-09-20,99.110001,99.110001,99.110001,99.110001,99.110001,0
2001-09-21,98.449997,98.449997,98.449997,98.449997,98.449997,0
2001-09-24,94.339996,94.339996,94.339996,94.339996,94.339996,0
2001-09-25,93.889999,93.889999,93.889999,93.889999,93.889999,0
2001-09-26,94.959999,94.959999,94.959999,94.959999,94.959999,0
2001-09-27,95.070000,95.070000,95.070000,95.070000,95.070000,0
2001-09-28,95.110001,95.110001,95.110001,95.110001,95.110001,0
2001-10-01,94.879997,94.879997,94.879997,94.879997,94.879997,0
2001-10-02,94.209999,94.209999,94.209999,94.209999,94.209999,0
2001-10-03,93.680000,93.680000,93.680000,93.680000,93.680000,0
2001-10-04,94.529999,94.529999,94.529999,94.529999,94.529999,0
2001-10-05,94.000000,94.000000,94.000000,94.000000,94.000000,0
2001-10-08,93.970001,93.970001,93.970001,93.970001,93.970001,0
2001-10-09,93.470001,93.470001,93.470001,93.470001,93.470001,0
2001-10-10,93.290001,93.290001,93.290001,93.290001,93.290001,0
2001-10-11,93.830002,93.830002,93.830002,93.830002,93.830002,0
2001-10-12,92.379997,92.379997,92.379997,92.379997,92.379997,0
2001-10-15,91.190002,91.190002,91.190002,91.190002,91.190002,0
2001-10-16,91.470001,91.470001,91.470001,91.470001,91.470001,0
2001-10-17,91.570000,91.570000,91.570000,91.570000,91.570000,0
2001-10-18,90.489998,90.489998,90.489998,90.489998,90.489998,0
2001-10-19,90.910004,90.910004,90.910004,90.910004,90.910004,0
2001-10-22,90.400002,90.400002,90.400002,90.400002,90.400002,0
2001-10-23,90.239998,90.239998,90.239998,90.239998,90.239998,0
2001-10-24,90.709999,90.709999,90.709999,90.709999,90.709999,0
2001-10-25,90.580002,90.580002,90.580002,90.580002,90.580002,0
2001-10-26,90.760002,90.760002,90.760002,90.760002,90.760002,0
2001-10-29,91.050003,91.050003,91.050003,91.050003,91.050003,0
2001-10-30,91.029999,91.029999,91.029999,91.029999,91.029999,0
2001-10-31,90.410004,90.410004,90.410004,90.410004,90.410004,0
2001-11-01,89.779999,89.779999,89.779999,89.779999,89.779999,0
2001-11-02,89.139999,89.139999,89.139999,89.139999,89.139999,0
2001-11-05,88.839996,88.839996,88.839996,88.839996,88.839996,0
2001-11-06,88.459999,88.459999,88.459999,88.459999,88.459999,0
2001-11-07,88.889999,88.889999,88.889999,88.889999,88.889999,0
2001-11-08,89.970001,89.970001,89.970001,89.970001,89.970001,0
2001-11-09,91.680000,91.680000,91.680000,91.680000,91.680000,0
2001-11-12,90.959999,90.959999,90.959999,90.959999,90.959999,0
2001-11-13,92.150002,92.150002,92.150002,92.150002,92.150002,0
2001-11-14,90.580002,90.580002,90.580002,90.580002,90.580002,0
2001-11-15,90.059998,90.059998,88.150002,88.279999,88.279999,0
2001-11-16,89.150002,89.669998,88.169998,89.470001,89.470001,0
2001-11-19,88.959999,89.660004,85.669998,89.559998,89.559998,0
2001-11-20,89.720001,90.559998,89.650002,89.930000,89.930000,0
2001-11-21,89.930000,90.529999,89.620003,89.860001,89.860001,0
2001-11-23,89.860001,90.529999,89.620003,89.860001,89.860001,0
2001-11-26,90.180000,90.250000,88.760002,89.330002,89.330002,0
2001-11-27,90.160004,90.320000,87.910004,90.239998,90.239998,0
2001-11-28,89.779999,90.290001,89.370003,89.510002,89.510002,0
2001-11-29,89.610001,89.959999,89.209999,89.349998,89.349998,0
2001-11-30,89.500000,91.099998,89.400002,90.959999,90.959999,0
2001-12-03,90.550003,91.730003,90.389999,91.089996,91.089996,0
2001-12-04,90.940002,91.150002,89.919998,90.029999,90.029999,0
2001-12-05,90.349998,90.419998,89.470001,89.620003,89.620003,0
2001-12-06,89.849998,89.900002,88.250000,88.540001,88.540001,0
2001-12-07,88.599998,88.870003,87.519997,88.730003,88.730003,0
2001-12-10,88.260002,88.260002,87.610001,87.779999,87.779999,0
2001-12-11,87.849998,88.000000,87.480003,87.889999,87.889999,0
2001-12-12,87.750000,88.089996,87.540001,87.559998,87.559998,0
2001-12-13,87.519997,87.680000,87.150002,87.410004,87.410004,0
2001-12-14,87.660004,88.989998,85.580002,88.970001,88.970001,0
2001-12-17,88.680000,89.209999,88.650002,88.870003,88.870003,0
2001-12-18,89.260002,89.470001,88.910004,89.080002,89.080002,0
2001-12-19,89.199997,89.500000,88.879997,89.010002,89.010002,0
2001-12-20,89.150002,89.430000,85.379997,88.599998,88.599998,0
2001-12-21,88.800003,89.449997,86.059998,89.260002,89.260002,0
2001-12-24,89.260002,89.449997,86.059998,89.260002,89.260002,0
2001-12-26,89.639999,91.089996,89.620003,90.839996,90.839996,0
2001-12-27,90.239998,90.459999,89.989998,90.239998,90.239998,0
2001-12-28,90.220001,90.220001,86.739998,89.790001,89.790001,0
2001-12-31,89.650002,89.720001,88.930000,89.029999,89.029999,0
2002-01-02,89.029999,91.440002,89.010002,89.879997,89.879997,0
2002-01-03,89.900002,90.239998,89.559998,89.629997,89.629997,0
2002-01-04,90.349998,91.879997,90.279999,91.449997,91.449997,0
2002-01-07,91.760002,92.699997,91.750000,92.360001,92.360001,0
2002-01-08,91.980003,92.190002,91.760002,92.070000,92.070000,0
2002-01-09,91.709999,92.400002,88.709999,91.529999,91.529999,0
2002-01-10,91.620003,91.699997,90.940002,91.370003,91.370003,0
2002-01-11,91.300003,92.059998,90.989998,91.059998,91.059998,0
2002-01-14,90.849998,91.040001,89.980003,90.139999,90.139999,0
2002-01-15,89.970001,90.760002,89.930000,90.260002,90.260002,0
2002-01-16,89.730003,91.300003,89.730003,91.120003,91.120003,0
2002-01-17,91.230003,91.230003,88.800003,89.379997,89.379997,0
2002-01-18,89.459999,89.599998,88.680000,88.739998,88.739998,0
2002-01-22,88.900002,89.000000,87.269997,88.150002,88.150002,0
2002-01-23,88.440002,88.919998,88.239998,88.570000,88.570000,0
2002-01-24,88.540001,89.349998,86.660004,88.919998,88.919998,0
2002-01-25,89.070000,89.160004,88.160004,89.029999,89.029999,0
2002-01-28,88.779999,89.010002,87.820000,88.089996,88.089996,0
2002-01-29,87.760002,88.110001,86.690002,87.870003,87.870003,0
2002-01-30,87.440002,87.860001,86.669998,87.370003,87.370003,0
2002-01-31,87.690002,88.370003,87.400002,88.309998,88.309998,0
2002-02-01,88.089996,89.699997,88.070000,89.599998,89.599998,0
2002-02-04,89.389999,89.650002,89.059998,89.290001,89.290001,0
2002-02-05,89.110001,89.669998,89.040001,89.480003,89.480003,0
2002-02-06,89.559998,89.750000,88.809998,88.879997,88.879997,0
2002-02-07,88.959999,89.160004,88.059998,89.099998,89.099998,0
2002-02-08,89.500000,90.050003,88.779999,90.019997,90.019997,0
2002-02-11,89.529999,91.150002,89.169998,90.930000,90.930000,0
2002-02-12,90.589996,91.349998,90.529999,90.699997,90.699997,0
2002-02-13,90.599998,92.070000,90.510002,91.150002,91.150002,0
2002-02-14,91.480003,91.500000,90.610001,90.620003,90.620003,0
2002-02-15,90.540001,90.680000,90.330002,90.489998,90.489998,0
2002-02-19,90.220001,90.349998,89.930000,89.970001,89.970001,0
2002-02-20,90.000000,90.169998,89.190002,89.690002,89.690002,0
2002-02-21,89.949997,90.610001,89.650002,90.309998,90.309998,0
2002-02-22,90.099998,90.559998,89.809998,90.129997,90.129997,0
2002-02-25,89.779999,89.860001,88.769997,88.839996,88.839996,0
2002-02-26,89.160004,89.910004,89.089996,89.820000,89.820000,0
2002-02-27,89.790001,90.559998,88.129997,90.290001,90.290001,0
2002-02-28,90.400002,91.000000,90.169998,90.480003,90.480003,0
2002-03-01,90.580002,92.220001,90.570000,91.940002,91.940002,0
2002-03-04,92.199997,92.769997,92.160004,92.480003,92.480003,0
2002-03-05,92.629997,93.510002,92.540001,93.209999,93.209999,0
2002-03-06,93.080002,93.820000,92.930000,93.730003,93.730003,0
2002-03-07,94.669998,96.660004,94.599998,95.320000,95.320000,0
2002-03-08,94.930000,95.940002,94.919998,95.830002,95.830002,0
2002-03-11,96.470001,97.529999,96.239998,97.349998,97.349998,0
2002-03-12,96.690002,97.389999,96.250000,97.309998,97.309998,0
2002-03-13,97.660004,97.690002,96.510002,96.709999,96.709999,0
2002-03-14,96.339996,97.550003,96.089996,97.379997,97.379997,0
2002-03-15,97.470001,98.150002,97.309998,97.949997,97.949997,0
2002-03-18,98.230003,99.019997,97.639999,98.940002,98.940002,0
2002-03-19,98.839996,101.190002,98.610001,98.830002,98.830002,0
2002-03-20,98.839996,99.550003,97.809998,97.940002,97.940002,0
2002-03-21,97.709999,99.459999,97.430000,99.379997,99.379997,0
2002-03-22,99.379997,99.849998,98.220001,98.480003,98.480003,0
2002-03-25,98.190002,98.489998,97.250000,98.279999,98.279999,0
2002-03-26,98.480003,99.040001,98.059998,98.589996,98.589996,0
2002-03-27,99.059998,99.519997,98.629997,99.349998,99.349998,0
2002-03-28,98.599998,99.730003,98.550003,99.589996,99.589996,0
2002-04-01,100.230003,101.370003,99.970001,101.279999,101.279999,0
2002-04-02,101.699997,103.000000,101.629997,102.620003,102.620003,0
2002-04-03,102.230003,102.269997,100.919998,101.000000,101.000000,0
2002-04-04,101.040001,101.980003,98.720001,98.879997,98.879997,0
2002-04-05,98.930000,99.139999,96.459999,98.139999,98.139999,0
2002-04-08,98.959999,99.400002,98.070000,98.190002,98.190002,0
2002-04-09,97.779999,97.860001,97.059998,97.370003,97.370003,0
2002-04-10,97.410004,97.930000,96.889999,97.320000,97.320000,0
2002-04-11,96.940002,96.949997,95.470001,95.599998,95.599998,0
2002-04-12,95.139999,95.589996,93.989998,94.110001,94.110001,0
2002-04-15,95.050003,96.260002,94.559998,96.150002,96.150002,0
2002-04-16,96.489998,96.779999,95.900002,96.379997,96.379997,0
2002-04-17,96.980003,98.519997,96.739998,98.480003,98.480003,0
2002-04-18,98.639999,99.349998,98.300003,98.389999,98.389999,0
2002-04-19,98.089996,98.669998,97.430000,98.550003,98.550003,0
2002-04-22,99.150002,99.279999,98.120003,98.870003,98.870003,0
2002-04-23,98.940002,99.430000,98.480003,98.930000,98.930000,0
2002-04-24,98.410004,98.500000,97.669998,98.040001,98.040001,0
2002-04-25,98.160004,98.790001,97.410004,97.550003,97.550003,0
2002-04-26,97.620003,98.370003,97.300003,98.040001,98.040001,0
2002-04-29,98.160004,98.769997,95.160004,98.620003,98.620003,0
2002-04-30,98.790001,99.760002,98.389999,99.430000,99.430000,0
2002-05-01,98.879997,98.889999,96.570000,98.370003,98.370003,0
2002-05-02,97.779999,97.910004,96.839996,97.610001,97.610001,0
2002-05-03,98.010002,98.120003,97.110001,98.059998,98.059998,0
2002-05-06,97.160004,97.160004,96.449997,97.099998,97.099998,0
2002-05-07,96.910004,98.129997,96.510002,98.040001,98.040001,0
2002-05-08,98.440002,99.550003,98.400002,99.080002,99.080002,0
2002-05-09,99.059998,99.400002,98.220001,99.029999,99.029999,0
2002-05-10,99.290001,100.349998,99.239998,99.660004,99.660004,0
2002-05-13,99.239998,100.690002,98.940002,100.559998,100.559998,0
2002-05-14,100.870003,101.760002,99.629997,101.580002,101.580002,0
2002-05-15,100.870003,101.580002,99.800003,99.919998,99.919998,0
2002-05-16,99.989998,100.129997,99.040001,99.739998,99.739998,0
2002-05-17,99.389999,99.639999,98.720001,99.550003,99.550003,0
2002-05-20,99.279999,100.110001,98.639999,99.290001,99.290001,0
2002-05-21,98.910004,98.989998,97.720001,98.019997,98.019997,0
2002-05-22,98.440002,98.769997,97.769997,98.279999,98.279999,0
2002-05-23,98.430000,98.769997,97.839996,98.330002,98.330002,0
2002-05-24,98.080002,98.300003,97.260002,97.699997,97.699997,0
2002-05-28,97.279999,98.080002,94.599998,97.360001,97.360001,0
2002-05-29,97.339996,99.010002,97.220001,98.550003,98.550003,0
2002-05-30,98.000000,98.019997,96.160004,96.440002,96.440002,0
2002-05-31,96.820000,98.099998,96.790001,97.760002,97.760002,0
2002-06-03,97.440002,98.169998,97.209999,97.650002,97.650002,0
2002-06-04,98.059998,98.589996,97.769997,98.250000,98.250000,0
2002-06-05,97.690002,97.720001,96.989998,97.529999,97.529999,0
2002-06-06,98.019997,98.099998,96.730003,97.309998,97.309998,0
2002-06-07,97.080002,97.169998,96.419998,96.820000,96.820000,0
2002-06-10,96.269997,96.440002,95.660004,95.709999,95.709999,0
2002-06-11,95.320000,96.489998,94.129997,95.389999,95.389999,0
2002-06-12,95.669998,96.309998,95.540001,95.660004,95.660004,0
2002-06-13,95.769997,97.459999,95.639999,97.290001,97.290001,0
2002-06-14,97.320000,97.930000,96.769997,97.849998,97.849998,0
2002-06-17,97.900002,98.699997,97.820000,98.019997,98.019997,0
2002-06-18,97.820000,98.089996,97.110001,97.339996,97.339996,0
2002-06-19,97.230003,98.169998,96.360001,97.260002,97.260002,0
2002-06-20,97.639999,98.019997,96.739998,97.480003,97.480003,0
2002-06-21,97.480003,97.849998,96.599998,97.250000,97.250000,0
2002-06-24,97.690002,99.180000,97.559998,98.980003,98.980003,0
2002-06-25,99.449997,99.830002,98.910004,98.989998,98.989998,0
2002-06-26,98.720001,98.860001,98.169998,98.769997,98.769997,0
2002-06-27,98.900002,99.129997,98.379997,98.919998,98.919998,0
2002-06-28,99.029999,99.669998,98.470001,99.519997,99.519997,0
2002-07-01,99.720001,100.559998,99.559998,100.209999,100.209999,0
2002-07-02,100.139999,100.699997,94.779999,99.790001,99.790001,0
2002-07-03,99.669998,99.669998,98.879997,99.589996,99.589996,0
2002-07-05,99.470001,99.930000,99.470001,99.930000,99.930000,0
2002-07-08,99.260002,99.330002,98.190002,98.279999,98.279999,0
2002-07-09,98.480003,99.389999,97.830002,99.050003,99.050003,0
2002-07-10,99.220001,101.070000,99.110001,99.379997,99.379997,0
2002-07-11,99.309998,99.779999,99.120003,99.519997,99.519997,0
2002-07-12,100.050003,100.110001,98.849998,99.620003,99.620003,0
2002-07-15,100.070000,100.599998,99.529999,99.629997,99.629997,0
2002-07-16,100.099998,100.889999,99.849998,100.830002,100.830002,0
2002-07-17,100.660004,100.919998,99.940002,100.540001,100.540001,0
2002-07-18,100.169998,101.040001,99.820000,100.739998,100.739998,0
2002-07-19,100.379997,104.580002,99.650002,100.989998,100.989998,0
2002-07-22,100.790001,101.190002,99.889999,100.400002,100.400002,0
2002-07-23,100.250000,100.650002,97.650002,98.349998,98.349998,0
2002-07-24,98.459999,99.730003,96.120003,99.449997,99.449997,0
2002-07-25,99.239998,99.320000,98.110001,98.559998,98.559998,0
2002-07-26,98.629997,98.669998,97.459999,97.809998,97.809998,0
2002-07-29,97.379997,98.699997,96.070000,97.040001,97.040001,0
2002-07-30,97.430000,100.260002,96.690002,98.349998,98.349998,0
2002-07-31,99.220001,99.730003,98.419998,98.830002,98.830002,0
2002-08-01,99.339996,99.949997,97.760002,97.919998,97.919998,0
2002-08-02,97.820000,98.470001,97.389999,98.309998,98.309998,0
2002-08-05,97.000000,97.250000,96.220001,96.860001,96.860001,0
2002-08-06,97.019997,97.870003,96.989998,97.620003,97.620003,0
2002-08-07,97.220001,97.820000,96.040001,97.029999,97.029999,0
2002-08-08,97.129997,97.790001,95.910004,97.160004,97.160004,0
2002-08-09,97.269997,98.050003,97.220001,97.750000,97.750000,0
2002-08-12,98.129997,100.089996,97.489998,99.930000,99.930000,0
2002-08-13,99.900002,100.690002,99.629997,100.389999,100.389999,0
2002-08-14,100.730003,101.160004,100.419998,100.489998,100.489998,0
2002-08-15,100.620003,102.349998,100.589996,102.199997,102.199997,0
2002-08-16,101.980003,102.220001,101.769997,101.919998,101.919998,0
2002-08-19,101.580002,101.959999,100.760002,101.910004,101.910004,0
2002-08-20,101.849998,102.050003,100.879997,100.980003,100.980003,0
2002-08-21,100.839996,102.070000,99.680000,101.720001,101.720001,0
2002-08-22,101.650002,102.699997,101.459999,102.629997,102.629997,0
2002-08-23,102.220001,102.760002,101.949997,102.419998,102.419998,0
2002-08-26,102.680000,103.529999,102.599998,103.440002,103.440002,0
2002-08-27,103.559998,103.589996,102.919998,102.980003,102.980003,0
2002-08-28,102.660004,102.750000,102.120003,102.209999,102.209999,0
2002-08-29,102.099998,102.389999,100.760002,102.059998,102.059998,0
2002-08-30,102.139999,102.629997,101.839996,102.610001,102.610001,0
2002-09-03,102.400002,102.430000,101.029999,101.239998,101.239998,0
2002-09-04,101.400002,102.980003,101.400002,102.550003,102.550003,0
2002-09-05,102.629997,104.050003,102.620003,103.959999,103.959999,0
2002-09-06,104.889999,105.650002,104.839996,104.919998,104.919998,0
2002-09-09,105.209999,107.070000,104.980003,106.580002,106.580002,0
2002-09-10,106.860001,107.279999,106.589996,106.809998,106.809998,0
2002-09-11,106.680000,107.180000,106.580002,106.849998,106.849998,0
2002-09-12,106.849998,107.059998,105.500000,105.809998,105.809998,0
2002-09-13,105.589996,107.309998,105.480003,106.389999,106.389999,0
2002-09-16,106.300003,107.720001,105.610001,106.400002,106.400002,0
2002-09-17,105.580002,106.349998,104.989998,106.320000,106.320000,0
2002-09-18,106.809998,107.440002,106.709999,106.989998,106.989998,0
2002-09-19,107.150002,107.589996,106.410004,106.660004,106.660004,0
2002-09-20,106.839996,107.699997,105.680000,106.139999,106.139999,0
2002-09-23,106.779999,107.059998,106.129997,106.660004,106.660004,0
2002-09-24,107.279999,107.309998,105.919998,106.370003,106.370003,0
2002-09-25,105.919998,106.120003,105.510002,105.680000,105.680000,0
2002-09-26,106.019997,106.339996,105.250000,106.089996,106.089996,0
2002-09-27,106.199997,106.849998,105.940002,106.470001,106.470001,0
2002-09-30,106.949997,107.519997,106.199997,106.290001,106.290001,0
2002-10-01,106.900002,107.410004,106.000000,106.580002,106.580002,0
2002-10-02,107.089996,107.129997,106.059998,106.720001,106.720001,0
2002-10-03,105.949997,106.120003,104.120003,104.209999,104.209999,0
2002-10-04,104.459999,105.260002,103.360001,103.900002,103.900002,0
2002-10-07,103.959999,104.519997,103.510002,104.180000,104.180000,0
2002-10-08,103.860001,104.940002,103.849998,104.629997,104.629997,0
2002-10-09,104.699997,105.050003,104.300003,104.430000,104.430000,0
2002-10-10,104.239998,104.320000,102.809998,103.500000,103.500000,0
2002-10-11,103.620003,104.760002,103.550003,104.709999,104.709999,0
2002-10-14,104.699997,106.059998,104.080002,105.900002,105.900002,0
2002-10-15,106.089996,107.360001,105.959999,107.029999,107.029999,0
2002-10-16,107.160004,107.339996,106.419998,106.779999,106.779999,0
2002-10-17,106.629997,107.580002,105.790001,107.360001,107.360001,0
2002-10-18,107.260002,107.269997,104.290001,106.650002,106.650002,0
2002-10-21,106.489998,106.919998,105.419998,105.480003,105.480003,0
2002-10-22,105.040001,105.620003,104.639999,104.910004,104.910004,0
2002-10-23,105.379997,105.760002,103.849998,105.529999,105.529999,0
2002-10-24,105.720001,105.919998,102.500000,105.620003,105.620003,0
2002-10-25,105.589996,106.019997,104.239998,104.620003,104.620003,0
2002-10-28,104.860001,105.010002,104.160004,104.750000,104.750000,0
2002-10-29,104.730003,104.730003,103.790001,104.250000,104.250000,0
2002-10-30,104.760002,105.370003,97.930000,104.650002,104.650002,0
2002-10-31,105.010002,105.410004,104.690002,105.050003,105.050003,0
2002-11-01,105.099998,105.239998,103.139999,104.830002,104.830002,0
2002-11-04,104.349998,105.570000,103.919998,103.980003,103.980003,0
2002-11-05,103.779999,104.120003,103.019997,103.120003,103.120003,0
2002-11-06,103.089996,103.459999,101.440002,102.959999,102.959999,0
2002-11-07,103.480003,103.970001,102.080002,102.449997,102.449997,0
2002-11-08,102.440002,102.930000,102.199997,102.330002,102.330002,0
2002-11-11,102.639999,102.849998,101.809998,102.339996,102.339996,0
2002-11-12,102.489998,102.790001,101.830002,102.010002,102.010002,0
2002-11-13,101.660004,101.660004,100.349998,101.139999,101.139999,0
2002-11-14,101.330002,101.680000,100.690002,101.290001,101.290001,0
2002-11-15,101.669998,102.379997,101.449997,102.220001,102.220001,0
2002-11-18,103.029999,104.089996,102.510002,104.019997,104.019997,0
2002-11-19,104.400002,104.790001,103.860001,104.120003,104.120003,0
2002-11-20,104.790001,105.139999,104.489998,105.050003,105.050003,0
2002-11-21,105.209999,105.800003,104.699997,105.379997,105.379997,0
2002-11-22,105.209999,105.910004,104.959999,105.750000,105.750000,0
2002-11-25,105.550003,105.709999,104.650002,104.769997,104.769997,0
2002-11-26,104.750000,104.849998,104.019997,104.510002,104.510002,0
2002-11-27,104.980003,105.449997,104.750000,105.250000,105.250000,0
2002-11-29,105.250000,105.449997,104.750000,105.250000,105.250000,0
2002-12-02,105.379997,106.760002,105.349998,106.290001,106.290001,0
2002-12-03,106.580002,106.660004,105.309998,105.430000,105.430000,0
2002-12-04,104.989998,105.970001,104.559998,105.129997,105.129997,0
2002-12-05,105.459999,105.919998,104.370003,105.820000,105.820000,0
2002-12-06,106.050003,106.320000,105.199997,105.309998,105.309998,0
2002-12-09,105.330002,105.449997,104.660004,105.230003,105.230003,0
2002-12-10,105.339996,106.970001,104.889999,106.870003,106.870003,0
2002-12-11,106.730003,107.550003,106.500000,106.839996,106.839996,0
2002-12-12,107.040001,108.750000,104.720001,108.570000,108.570000,0
2002-12-13,108.769997,110.000000,108.610001,109.300003,109.300003,0
2002-12-16,109.839996,110.830002,108.250000,110.669998,110.669998,0
2002-12-17,110.470001,110.820000,109.940002,110.279999,110.279999,0
2002-12-18,109.720001,111.360001,109.059998,110.970001,110.970001,0
2002-12-19,111.339996,112.419998,110.629997,110.769997,110.769997,0
2002-12-20,110.779999,111.250000,110.610001,111.209999,111.209999,0
2002-12-23,111.720001,112.870003,109.199997,112.680000,112.680000,0
2002-12-24,112.489998,112.959999,112.480003,112.930000,112.930000,0
2002-12-26,112.760002,112.889999,112.250000,112.550003,112.550003,0
2002-12-27,112.570000,112.760002,111.800003,112.660004,112.660004,0
2002-12-30,112.809998,112.989998,110.160004,110.360001,110.360001,0
2002-12-31,110.209999,110.410004,107.989998,110.279999,110.279999,0
2003-01-02,111.129997,113.410004,111.129997,113.129997,113.129997,0
2003-01-03,113.690002,114.900002,111.199997,114.730003,114.730003,0
2003-01-06,113.669998,114.209999,112.669998,112.900002,112.900002,0
2003-01-07,112.529999,112.949997,111.709999,112.589996,112.589996,0
2003-01-08,112.910004,113.139999,111.720001,113.059998,113.059998,0
2003-01-09,113.290001,114.750000,112.739998,114.639999,114.639999,0
2003-01-10,114.989998,115.019997,112.779999,113.029999,113.029999,0
2003-01-13,113.279999,113.699997,112.559998,113.449997,113.449997,0
2003-01-14,113.699997,114.059998,112.970001,113.389999,113.389999,0
2003-01-15,113.889999,114.769997,113.500000,114.489998,114.489998,0
2003-01-16,114.949997,116.980003,114.699997,115.470001,115.470001,0
2003-01-17,115.050003,115.510002,114.510002,115.379997,115.379997,0
2003-01-21,115.690002,116.029999,114.830002,115.589996,115.589996,0
2003-01-22,115.620003,116.900002,115.440002,116.250000,116.250000,0
2003-01-23,116.559998,116.900002,115.430000,115.699997,115.699997,0
2003-01-24,115.779999,117.120003,115.669998,117.019997,117.019997,0
2003-01-27,117.379997,117.379997,115.449997,115.500000,115.500000,0
2003-01-28,115.879997,116.360001,115.730003,116.279999,116.279999,0
2003-01-29,116.309998,120.169998,116.290001,117.870003,117.870003,0
2003-01-30,118.139999,118.809998,117.639999,118.690002,118.690002,0
2003-01-31,118.419998,119.050003,117.959999,118.639999,118.639999,0
2003-02-03,118.349998,118.849998,117.150002,118.540001,118.540001,0
2003-02-04,118.610001,119.389999,118.540001,119.269997,119.269997,0
2003-02-05,119.610001,119.989998,118.389999,119.230003,119.230003,0
2003-02-06,119.360001,120.120003,118.790001,119.620003,119.620003,0
2003-02-07,120.129997,121.489998,120.129997,121.059998,121.059998,0
2003-02-10,121.370003,121.529999,120.129997,120.580002,120.580002,0
2003-02-11,120.709999,121.559998,119.309998,121.449997,121.449997,0
2003-02-12,121.589996,121.589996,119.680000,119.989998,119.989998,0
2003-02-13,120.169998,120.199997,119.389999,119.959999,119.959999,0
2003-02-14,119.949997,120.599998,119.559998,120.570000,120.570000,0
2003-02-18,120.059998,120.570000,119.949997,120.320000,120.320000,0
2003-02-19,120.169998,121.029999,120.050003,120.860001,120.860001,0
2003-02-20,120.930000,121.080002,120.480003,120.480003,120.480003,0
2003-02-21,121.019997,122.290001,120.910004,122.220001,122.220001,0
2003-02-24,123.300003,125.239998,123.269997,125.050003,125.050003,0
2003-02-25,125.599998,126.269997,120.709999,121.680000,121.680000,0
2003-02-26,121.750000,124.010002,121.610001,123.879997,123.879997,0
2003-02-27,123.949997,124.129997,122.099998,122.419998,122.419998,0
2003-02-28,122.849998,123.760002,121.690002,122.529999,122.529999,0
2003-03-03,121.790001,122.180000,121.449997,121.930000,121.930000,0
2003-03-04,122.599998,123.010002,121.610001,122.290001,122.290001,0
2003-03-05,122.260002,122.489998,120.980003,121.769997,121.769997,0
2003-03-06,122.050003,122.529999,121.699997,122.419998,122.419998,0
2003-03-07,122.489998,124.180000,122.360001,124.010002,124.010002,0
2003-03-10,123.720001,123.800003,122.809998,122.959999,122.959999,0
2003-03-11,122.589996,122.690002,121.000000,121.610001,121.610001,0
2003-03-12,120.930000,121.730003,120.480003,121.559998,121.559998,0
2003-03-13,121.459999,121.459999,118.500000,118.849998,118.849998,0
2003-03-14,117.389999,118.459999,116.739998,117.919998,117.919998,0
2003-03-17,118.139999,118.410004,116.220001,116.669998,116.669998,0
2003-03-18,114.989998,115.589996,114.059998,114.550003,114.550003,0
2003-03-19,115.040001,115.480003,113.940002,114.089996,114.089996,0
2003-03-20,113.660004,115.260002,112.400002,113.050003,113.050003,0
2003-03-21,112.769997,112.790001,111.010002,111.379997,111.379997,0
2003-03-24,112.489998,112.650002,111.599998,112.309998,112.309998,0
2003-03-25,112.900002,113.010002,111.000000,111.199997,111.199997,0
2003-03-26,111.730003,111.860001,110.930000,111.250000,111.250000,0
2003-03-27,112.230003,112.889999,111.570000,112.639999,112.639999,0
2003-03-28,112.650002,113.010002,112.000000,112.360001,112.360001,0
2003-03-31,112.930000,113.339996,112.110001,113.169998,113.169998,0
2003-04-01,112.809998,113.379997,111.919998,112.080002,112.080002,0
2003-04-02,110.870003,111.400002,110.519997,111.349998,111.349998,0
2003-04-03,111.000000,111.559998,109.239998,111.000000,111.000000,0
2003-04-04,110.209999,111.330002,107.190002,111.239998,111.239998,0
2003-04-07,110.779999,112.650002,109.820000,111.629997,111.629997,0
2003-04-08,111.370003,111.919998,110.440002,111.300003,111.300003,0
2003-04-09,111.150002,112.389999,110.449997,112.349998,112.349998,0
2003-04-10,112.059998,112.150002,111.370003,111.580002,111.580002,0
2003-04-11,111.260002,112.360001,110.480003,112.290001,112.290001,0
2003-04-14,111.879997,112.300003,111.430000,112.150002,112.150002,0
2003-04-15,112.220001,113.620003,112.209999,113.470001,113.470001,0
2003-04-16,113.470001,113.739998,112.730003,113.440002,113.440002,0
2003-04-17,113.470001,114.980003,113.190002,114.980003,114.980003,0
2003-04-21,114.760002,115.709999,114.589996,115.419998,115.419998,0
2003-04-22,114.800003,115.209999,114.449997,114.519997,114.519997,0
2003-04-23,114.290001,114.839996,113.110001,113.330002,113.330002,0
2003-04-24,113.330002,113.879997,112.040001,112.870003,112.870003,0
2003-04-25,112.639999,113.019997,111.919998,112.620003,112.620003,0
2003-04-28,112.389999,112.389999,110.860001,110.970001,110.970001,0
2003-04-29,110.690002,111.459999,109.610001,111.230003,111.230003,0
2003-04-30,111.900002,112.970001,111.330002,112.360001,112.360001,0
2003-05-01,112.580002,113.290001,112.510002,112.650002,112.650002,0
2003-05-02,112.779999,112.910004,111.730003,112.029999,112.029999,0
2003-05-05,112.180000,113.699997,112.110001,113.620003,113.620003,0
2003-05-06,113.180000,113.650002,112.809998,112.989998,112.989998,0
2003-05-07,113.260002,113.820000,112.730003,113.769997,113.769997,0
2003-05-08,113.599998,115.260002,113.550003,114.849998,114.849998,0
2003-05-09,114.980003,116.709999,114.550003,116.620003,116.620003,0
2003-05-12,116.739998,117.870003,116.730003,117.389999,117.389999,0
2003-05-13,117.839996,119.129997,117.360001,119.029999,119.029999,0
2003-05-14,119.110001,120.029999,118.199997,119.720001,119.720001,0
2003-05-15,119.519997,120.129997,119.070000,119.209999,119.209999,0
2003-05-16,118.870003,119.739998,118.660004,119.489998,119.489998,0
2003-05-19,119.580002,120.320000,118.239998,118.480003,118.480003,0
2003-05-20,118.269997,118.989998,118.129997,118.790001,118.790001,0
2003-05-21,118.949997,120.440002,118.870003,119.660004,119.660004,0
2003-05-22,119.510002,119.709999,118.610001,118.730003,118.730003,0
2003-05-23,119.029999,119.190002,118.720001,118.849998,118.849998,0
2003-05-27,118.980003,118.989998,117.330002,118.239998,118.239998,0
2003-05-28,117.800003,118.070000,117.019997,117.290001,117.290001,0
2003-05-29,117.000000,118.389999,116.570000,118.120003,118.120003,0
2003-05-30,118.199997,118.970001,118.199997,118.820000,118.820000,0
2003-06-02,119.050003,121.690002,119.000000,120.269997,120.269997,0
2003-06-03,119.809998,120.120003,119.250000,119.699997,119.699997,0
2003-06-04,119.879997,120.540001,118.309998,119.040001,119.040001,0
2003-06-05,118.989998,120.239998,118.760002,120.120003,120.120003,0
2003-06-06,120.620003,120.919998,119.860001,120.830002,120.830002,0
2003-06-09,120.050003,120.919998,119.940002,120.010002,120.010002,0
2003-06-10,119.970001,120.570000,119.550003,120.529999,120.529999,0
2003-06-11,120.389999,120.730003,119.610001,120.570000,120.570000,0
2003-06-12,120.059998,120.059998,118.180000,118.540001,118.540001,0
2003-06-13,117.970001,118.059998,116.660004,116.980003,116.980003,0
2003-06-16,116.989998,117.540001,116.349998,117.010002,117.010002,0
2003-06-17,117.230003,117.870003,117.059998,117.800003,117.800003,0
2003-06-18,117.330002,117.570000,116.230003,117.279999,117.279999,0
2003-06-19,117.129997,117.690002,116.800003,117.610001,117.610001,0
2003-06-20,117.410004,118.180000,117.250000,117.540001,117.540001,0
2003-06-23,117.190002,117.559998,116.629997,116.800003,116.800003,0
2003-06-24,116.589996,116.720001,115.790001,115.900002,115.900002,0
2003-06-25,115.849998,117.260002,115.720001,117.250000,117.250000,0
2003-06-26,116.820000,116.830002,114.550003,114.709999,114.709999,0
2003-06-27,115.040001,115.620003,114.919998,115.290001,115.290001,0
2003-06-30,115.220001,115.910004,115.190002,115.790001,115.790001,0
2003-07-01,115.480003,116.419998,115.110001,116.400002,116.400002,0
2003-07-02,116.169998,116.750000,115.269997,116.449997,116.449997,0
2003-07-03,116.489998,117.169998,116.059998,116.139999,116.139999,0
2003-07-07,115.650002,116.870003,115.580002,116.680000,116.680000,0
2003-07-08,116.260002,117.250000,116.190002,117.230003,117.230003,0
2003-07-09,117.919998,118.279999,117.089996,118.269997,118.269997,0
2003-07-10,117.949997,118.470001,117.019997,117.059998,117.059998,0
2003-07-11,116.940002,117.730003,116.870003,117.019997,117.019997,0
2003-07-14,117.099998,117.209999,114.559998,117.169998,117.169998,0
2003-07-15,117.190002,117.389999,115.879997,116.110001,116.110001,0
2003-07-16,116.080002,116.510002,115.029999,115.410004,115.410004,0
2003-07-17,115.500000,116.430000,114.669998,115.709999,115.709999,0
2003-07-18,115.519997,116.379997,115.470001,116.169998,116.169998,0
2003-07-21,116.379997,116.379997,115.500000,116.070000,116.070000,0
2003-07-22,115.730003,116.000000,113.430000,114.019997,114.019997,0
2003-07-23,114.349998,115.190002,113.970001,114.750000,114.750000,0
2003-07-24,115.029999,115.449997,113.040001,115.370003,115.370003,0
2003-07-25,115.230003,115.989998,114.879997,115.760002,115.760002,0
2003-07-28,115.699997,116.480003,115.599998,116.230003,116.230003,0
2003-07-29,116.180000,116.739998,115.849998,116.180000,116.180000,0
2003-07-30,115.879997,116.290001,115.669998,116.040001,116.040001,0
2003-07-31,116.080002,116.949997,115.930000,116.400002,116.400002,0
2003-08-01,116.870003,118.470001,116.669998,118.360001,118.360001,0
2003-08-04,117.610001,118.379997,117.190002,117.250000,117.250000,0
2003-08-05,117.639999,118.139999,117.349998,117.449997,117.449997,0
2003-08-06,118.110001,118.230003,116.900002,117.690002,117.690002,0
2003-08-07,118.099998,119.320000,117.699997,119.139999,119.139999,0
2003-08-08,119.110001,119.209999,117.839996,118.610001,118.610001,0
2003-08-11,118.550003,119.209999,118.230003,118.669998,118.669998,0
2003-08-12,118.540001,119.309998,118.000000,119.000000,119.000000,0
2003-08-13,118.980003,119.410004,118.449997,118.529999,118.529999,0
2003-08-14,118.720001,119.410004,117.379997,118.290001,118.290001,0
2003-08-15,118.480003,118.489998,117.500000,117.959999,117.959999,0
2003-08-18,118.580002,119.239998,118.529999,118.940002,118.940002,0
2003-08-19,118.889999,119.309998,118.470001,118.870003,118.870003,0
2003-08-20,119.059998,120.370003,118.940002,120.099998,120.099998,0
2003-08-21,120.360001,121.449997,119.570000,120.839996,120.839996,0
2003-08-22,121.050003,121.489998,120.930000,121.320000,121.320000,0
2003-08-25,121.190002,121.870003,120.459999,120.559998,120.559998,0
2003-08-26,121.050003,121.209999,120.459999,120.550003,120.550003,0
2003-08-27,120.309998,120.779999,119.889999,119.989998,119.989998,0
2003-08-28,120.099998,120.660004,119.849998,120.400002,120.400002,0
2003-08-29,120.699997,120.980003,120.660004,120.900002,120.900002,0
2003-09-02,120.870003,120.879997,118.410004,118.779999,118.779999,0
2003-09-03,119.250000,119.720001,118.650002,119.550003,119.550003,0
2003-09-04,119.339996,119.760002,117.559998,119.309998,119.309998,0
2003-09-05,119.220001,119.889999,119.110001,119.629997,119.629997,0
2003-09-08,119.839996,120.559998,119.320000,119.599998,119.599998,0
2003-09-09,119.919998,125.309998,118.419998,119.980003,119.980003,0
2003-09-10,119.809998,120.739998,119.430000,120.650002,120.650002,0
2003-09-11,120.660004,121.330002,120.320000,120.599998,120.599998,0
2003-09-12,120.449997,120.470001,119.070000,119.680000,119.680000,0
2003-09-15,119.519997,119.699997,118.839996,119.230003,119.230003,0
2003-09-16,119.080002,119.519997,117.750000,117.809998,117.809998,0
2003-09-17,117.959999,118.029999,117.160004,117.690002,117.690002,0
2003-09-18,117.410004,117.709999,116.790001,117.449997,117.449997,0
2003-09-19,117.690002,117.980003,117.230003,117.900002,117.900002,0
2003-09-22,118.529999,118.699997,118.029999,118.620003,118.620003,0
2003-09-23,118.860001,119.199997,118.459999,118.510002,118.510002,0
2003-09-24,119.529999,120.580002,119.260002,120.070000,120.070000,0
2003-09-25,120.610001,120.660004,119.989998,120.040001,120.040001,0
2003-09-26,119.720001,119.760002,118.900002,119.010002,119.010002,0
2003-09-29,119.620003,120.599998,119.459999,120.430000,120.430000,0
2003-09-30,120.720001,121.470001,120.260002,120.900002,120.900002,0
2003-10-01,120.849998,121.220001,119.959999,121.139999,121.139999,0
2003-10-02,122.000000,122.209999,121.250000,121.930000,121.930000,0
2003-10-03,121.690002,122.930000,121.529999,121.940002,121.940002,0
2003-10-06,121.720001,122.370003,121.110001,122.260002,122.260002,0
2003-10-07,122.410004,123.669998,122.379997,123.400002,123.400002,0
2003-10-08,123.309998,123.550003,122.629997,123.070000,123.070000,0
2003-10-09,123.230003,125.360001,123.110001,125.230003,125.230003,0
2003-10-10,125.209999,127.809998,125.070000,127.180000,127.180000,0
2003-10-13,127.349998,128.470001,127.169998,128.419998,128.419998,0
2003-10-14,128.119995,128.580002,126.930000,127.400002,127.400002,0
2003-10-15,127.150002,127.769997,126.879997,127.599998,127.599998,0
2003-10-16,127.519997,127.970001,126.809998,126.959999,126.959999,0
2003-10-17,126.559998,126.589996,124.889999,125.519997,125.519997,0
2003-10-20,125.019997,125.489998,124.760002,124.889999,124.889999,0
2003-10-21,125.120003,125.349998,124.620003,125.070000,125.070000,0
2003-10-22,125.699997,126.010002,124.910004,125.620003,125.620003,0
2003-10-23,125.739998,126.860001,125.290001,126.820000,126.820000,0
2003-10-24,126.940002,127.470001,126.419998,126.629997,126.629997,0
2003-10-27,126.669998,127.400002,126.279999,126.339996,126.339996,0
2003-10-28,126.059998,126.580002,125.510002,126.360001,126.360001,0
2003-10-29,127.169998,127.580002,126.379997,127.040001,127.040001,0
2003-10-30,127.180000,127.320000,125.580002,125.830002,125.830002,0
2003-10-31,126.080002,126.639999,125.419998,126.570000,126.570000,0
2003-11-03,126.959999,127.040001,125.129997,125.160004,125.160004,0
2003-11-04,124.949997,125.580002,124.919998,125.160004,125.160004,0
2003-11-05,124.730003,127.379997,124.589996,127.300003,127.300003,0
2003-11-06,127.680000,128.059998,126.040001,126.150002,126.150002,0
2003-11-07,126.199997,127.910004,126.190002,127.099998,127.099998,0
2003-11-10,127.180000,127.260002,126.470001,127.070000,127.070000,0
2003-11-11,127.330002,128.169998,127.150002,128.110001,128.110001,0
2003-11-12,128.199997,129.360001,127.120003,128.479996,128.479996,0
2003-11-13,128.649994,129.279999,128.110001,129.229996,129.229996,0
2003-11-14,129.830002,131.059998,129.770004,130.850006,130.850006,0
2003-11-17,129.940002,129.960007,127.989998,128.500000,128.500000,0
2003-11-18,128.449997,130.089996,128.119995,129.990005,129.990005,0
2003-11-19,129.460007,129.619995,127.690002,127.760002,127.760002,0
2003-11-20,127.699997,128.229996,126.730003,127.010002,127.010002,0
2003-11-21,127.279999,127.400002,126.550003,126.900002,126.900002,0
2003-11-24,126.230003,126.639999,124.400002,124.820000,124.820000,0
2003-11-25,124.910004,125.160004,124.150002,125.050003,125.050003,0
2003-11-26,125.330002,126.459999,125.300003,126.089996,126.089996,0
2003-11-28,126.089996,126.089996,126.089996,126.089996,126.089996,0
2003-12-01,127.040001,129.070007,127.000000,129.039993,129.039993,0
2003-12-02,129.649994,131.259995,129.529999,131.139999,131.139999,0
2003-12-03,130.839996,132.210007,130.589996,132.100006,132.100006,0
2003-12-04,132.300003,133.779999,130.949997,132.779999,132.779999,0
2003-12-05,133.330002,133.449997,131.699997,131.800003,131.800003,0
2003-12-08,132.699997,135.309998,132.360001,135.009995,135.009995,0
2003-12-09,135.149994,135.389999,134.169998,134.800003,134.800003,0
2003-12-10,135.149994,137.119995,134.300003,134.750000,134.750000,0
2003-12-11,134.320007,134.839996,132.820007,133.919998,133.919998,0
2003-12-12,134.690002,136.630005,132.570007,136.630005,136.630005,0
2003-12-15,135.119995,136.330002,134.740005,136.330002,136.330002,0
2003-12-16,136.259995,136.309998,135.360001,135.770004,135.770004,0
2003-12-17,135.610001,137.789993,135.570007,136.789993,136.789993,0
2003-12-18,137.320007,137.580002,136.059998,137.320007,137.320007,0
2003-12-19,137.440002,137.570007,136.720001,136.770004,136.770004,0
2003-12-22,136.000000,136.419998,133.880005,133.889999,133.889999,0
2003-12-23,133.899994,134.020004,132.839996,133.679993,133.679993,0
2003-12-24,134.029999,134.770004,132.850006,134.669998,134.669998,0
2003-12-26,134.669998,134.669998,134.669998,134.669998,134.669998,0
2003-12-29,135.039993,135.199997,134.199997,135.100006,135.100006,0
2003-12-30,135.800003,136.500000,135.449997,135.889999,135.889999,0
2003-12-31,136.380005,136.389999,134.449997,135.270004,135.270004,0
2004-01-02,135.270004,135.270004,135.270004,135.270004,135.270004,0
2004-01-05,138.410004,140.610001,136.149994,140.419998,140.419998,0
2004-01-06,141.470001,142.690002,139.929993,140.080002,140.080002,0
2004-01-07,139.210007,139.580002,138.479996,139.220001,139.220001,0
2004-01-08,139.009995,141.500000,138.789993,141.190002,141.190002,0
2004-01-09,142.539993,142.880005,141.690002,142.220001,142.220001,0
2004-01-12,140.720001,142.779999,139.750000,142.309998,142.309998,0
2004-01-13,142.589996,142.770004,140.559998,140.660004,140.660004,0
2004-01-14,140.490005,140.960007,139.789993,140.610001,140.610001,0
2004-01-15,141.289993,141.539993,137.250000,137.410004,137.410004,0
2004-01-16,137.729996,140.009995,137.580002,139.949997,139.949997,0
2004-01-20,141.320007,142.369995,140.910004,142.169998,142.169998,0
2004-01-21,141.869995,142.380005,141.149994,141.910004,141.910004,0
2004-01-22,142.570007,142.690002,139.860001,141.300003,141.300003,0
2004-01-23,141.740005,142.050003,140.669998,141.210007,141.210007,0
2004-01-26,140.050003,140.710007,139.369995,139.869995,139.869995,0
2004-01-27,139.869995,140.570007,139.149994,139.250000,139.250000,0
2004-01-28,139.210007,140.139999,138.110001,138.559998,138.559998,0
2004-01-29,138.210007,138.220001,136.110001,136.820007,136.820007,0
2004-01-30,137.669998,138.100006,136.830002,137.619995,137.619995,0
2004-02-02,137.300003,138.520004,136.630005,138.470001,138.470001,0
2004-02-03,138.729996,139.860001,138.389999,138.520004,138.520004,0
2004-02-04,138.860001,139.160004,137.160004,137.350006,137.350006,0
2004-02-05,136.690002,137.809998,136.100006,137.720001,137.720001,0
2004-02-06,137.789993,138.550003,136.929993,137.300003,137.300003,0
2004-02-09,137.169998,138.130005,136.820007,138.050003,138.050003,0
2004-02-10,138.399994,138.970001,137.759995,138.410004,138.410004,0
2004-02-11,138.009995,139.669998,137.550003,139.369995,139.369995,0
2004-02-12,139.539993,140.289993,139.539993,140.020004,140.020004,0
2004-02-13,140.119995,140.869995,140.029999,140.500000,140.500000,0
2004-02-17,141.119995,142.389999,140.490005,142.029999,142.029999,0
2004-02-18,142.710007,142.740005,140.789993,140.979996,140.979996,0
2004-02-19,141.100006,141.949997,140.539993,141.880005,141.880005,0
2004-02-20,141.800003,141.800003,140.350006,140.949997,140.949997,0
2004-02-23,141.070007,141.850006,140.789993,141.580002,141.580002,0
2004-02-24,141.910004,143.179993,141.820007,143.139999,143.139999,0
2004-02-25,143.619995,144.429993,143.369995,143.839996,143.839996,0
2004-02-26,143.850006,145.619995,143.699997,145.619995,145.619995,0
2004-02-27,145.050003,146.669998,144.910004,146.449997,146.449997,0
2004-03-01,147.179993,148.820007,146.789993,148.699997,148.699997,0
2004-03-02,147.990005,148.270004,146.619995,146.779999,146.779999,0
2004-03-03,145.929993,146.089996,143.500000,144.080002,144.080002,0
2004-03-04,144.350006,144.860001,143.199997,144.830002,144.830002,0
2004-03-05,144.820007,146.160004,144.750000,146.059998,146.059998,0
2004-03-08,145.240005,145.970001,143.649994,143.960007,143.960007,0
2004-03-09,143.729996,144.369995,143.470001,144.300003,144.300003,0
2004-03-10,144.610001,144.610001,143.190002,143.889999,143.889999,0
2004-03-11,144.410004,146.830002,144.380005,146.729996,146.729996,0
2004-03-12,146.759995,146.889999,144.630005,145.649994,145.649994,0
2004-03-15,146.380005,148.410004,146.270004,148.289993,148.289993,0
2004-03-16,148.009995,149.490005,147.990005,149.270004,149.270004,0
2004-03-17,149.229996,150.330002,148.720001,150.220001,150.220001,0
2004-03-18,150.149994,151.270004,150.070007,151.160004,151.160004,0
2004-03-19,151.009995,151.520004,150.710007,151.259995,151.259995,0
2004-03-22,151.649994,152.059998,151.130005,151.690002,151.690002,0
2004-03-23,150.940002,151.610001,150.259995,151.440002,151.440002,0
2004-03-24,151.679993,151.830002,149.830002,150.070007,150.070007,0
2004-03-25,149.149994,149.330002,147.539993,147.669998,147.669998,0
2004-03-26,147.820007,148.500000,147.009995,148.070007,148.070007,0
2004-03-29,147.710007,148.259995,147.119995,148.000000,148.000000,0
2004-03-30,148.649994,150.669998,148.580002,150.419998,150.419998,0
2004-03-31,150.960007,151.119995,148.009995,150.839996,150.839996,0
2004-04-01,150.919998,151.619995,149.619995,149.970001,149.970001,0
2004-04-02,150.289993,150.470001,148.850006,150.080002,150.080002,0
2004-04-05,150.529999,150.589996,148.360001,148.669998,148.669998,0
2004-04-06,148.559998,149.789993,148.300003,149.710007,149.710007,0
2004-04-07,149.809998,151.750000,148.960007,150.869995,150.869995,0
2004-04-08,151.039993,151.940002,150.710007,151.570007,151.570007,0
2004-04-12,151.149994,151.940002,150.669998,151.479996,151.479996,0
2004-04-13,150.630005,150.690002,148.289993,148.619995,148.619995,0
2004-04-14,148.330002,149.830002,147.229996,149.830002,149.830002,0
2004-04-15,149.350006,150.470001,147.429993,148.490005,148.490005,0
2004-04-16,147.009995,149.190002,147.000000,148.850006,148.850006,0
2004-04-19,148.960007,149.720001,148.320007,148.479996,148.479996,0
2004-04-20,147.639999,148.240005,147.240005,147.630005,147.630005,0
2004-04-21,145.720001,145.720001,144.029999,144.199997,144.199997,0
2004-04-22,144.880005,145.589996,144.440002,145.149994,145.149994,0
2004-04-23,145.550003,145.649994,144.960007,145.490005,145.490005,0
2004-04-26,145.779999,146.809998,145.669998,146.639999,146.639999,0
2004-04-27,146.919998,148.889999,146.869995,148.600006,148.600006,0
2004-04-28,147.210007,147.809998,146.449997,146.679993,146.679993,0
2004-04-29,146.440002,147.940002,146.309998,147.720001,147.720001,0
2004-04-30,148.330002,149.300003,147.899994,148.050003,148.050003,0
2004-05-03,148.419998,150.520004,148.210007,150.419998,150.419998,0
2004-05-04,150.610001,152.080002,150.550003,151.929993,151.929993,0
2004-05-05,151.729996,152.520004,151.149994,152.369995,152.369995,0
2004-05-06,152.479996,152.600006,150.839996,150.990005,150.990005,0
2004-05-07,151.000000,151.380005,149.880005,151.210007,151.210007,0
2004-05-10,148.449997,149.399994,148.160004,148.250000,148.250000,0
2004-05-11,148.320007,150.160004,148.300003,150.100006,150.100006,0
2004-05-12,150.460007,151.190002,149.470001,149.809998,149.809998,0
2004-05-13,149.669998,150.339996,148.440002,150.050003,150.050003,0
2004-05-14,150.169998,150.630005,148.910004,149.080002,149.080002,0
2004-05-17,148.889999,148.949997,147.169998,148.229996,148.229996,0
2004-05-18,147.490005,147.949997,146.500000,146.899994,146.899994,0
2004-05-19,146.899994,150.759995,146.830002,150.610001,150.610001,0
2004-05-20,149.970001,150.320007,148.259995,148.369995,148.369995,0
2004-05-21,148.770004,149.350006,147.679993,148.330002,148.330002,0
2004-05-24,148.559998,151.740005,148.509995,151.630005,151.630005,0
2004-05-25,151.649994,152.229996,150.839996,151.410004,151.410004,0
2004-05-26,151.750000,152.479996,150.710007,151.110001,151.110001,0
2004-05-27,150.539993,150.919998,149.250000,149.600006,149.600006,0
2004-05-28,149.580002,150.899994,149.449997,150.440002,150.440002,0
2004-06-01,153.429993,155.190002,152.919998,155.000000,155.000000,0
2004-06-02,154.539993,154.649994,151.009995,151.119995,151.119995,0
2004-06-03,151.050003,151.800003,148.050003,148.960007,148.960007,0
2004-06-04,148.250000,149.080002,147.820007,148.169998,148.169998,0
2004-06-07,147.080002,148.940002,146.779999,148.570007,148.570007,0
2004-06-08,148.720001,148.899994,146.100006,146.229996,146.229996,0
2004-06-09,145.630005,145.779999,144.889999,145.550003,145.550003,0
2004-06-10,145.869995,146.029999,144.600006,145.779999,145.779999,0
2004-06-14,144.880005,145.839996,144.750000,144.880005,144.880005,0
2004-06-15,144.410004,145.539993,143.990005,144.139999,144.139999,0
2004-06-16,144.130005,145.240005,144.119995,145.179993,145.179993,0
2004-06-17,146.160004,147.399994,143.289993,147.220001,147.220001,0
2004-06-18,147.389999,147.419998,146.740005,147.220001,147.220001,0
2004-06-21,146.880005,147.089996,145.919998,146.029999,146.029999,0
2004-06-22,145.509995,146.039993,144.759995,145.479996,145.479996,0
2004-06-23,145.279999,146.589996,145.169998,146.380005,146.380005,0
2004-06-24,146.809998,147.759995,146.660004,147.679993,147.679993,0
2004-06-25,146.929993,147.419998,146.529999,147.029999,147.029999,0
2004-06-28,146.020004,146.300003,143.970001,144.250000,144.250000,0
2004-06-29,143.949997,144.330002,143.160004,143.289993,143.289993,0
2004-06-30,143.669998,144.089996,142.740005,144.039993,144.039993,0
2004-07-01,143.800003,146.110001,143.440002,145.750000,145.750000,0
2004-07-02,145.149994,146.000000,145.009995,145.179993,145.179993,0
2004-07-06,146.190002,147.050003,145.759995,146.960007,146.960007,0
2004-07-07,146.619995,148.149994,146.600006,147.320007,147.320007,0
2004-07-08,147.339996,147.919998,145.910004,147.479996,147.479996,0
2004-07-09,147.410004,147.679993,147.029999,147.100006,147.100006,0
2004-07-12,146.490005,147.740005,145.809998,145.929993,145.929993,0
2004-07-13,145.500000,145.649994,144.529999,145.139999,145.139999,0
2004-07-14,145.309998,147.869995,145.190002,147.800003,147.800003,0
2004-07-15,147.490005,147.779999,146.309998,146.470001,146.470001,0
2004-07-16,146.910004,147.649994,146.149994,146.649994,146.649994,0
2004-07-19,146.059998,147.089996,145.949997,146.729996,146.729996,0
2004-07-20,146.410004,146.600006,145.270004,145.419998,145.419998,0
2004-07-21,145.229996,145.270004,143.820007,144.229996,144.229996,0
2004-07-22,144.380005,145.770004,144.009995,145.339996,145.339996,0
2004-07-23,144.880005,145.449997,144.449997,145.240005,145.240005,0
2004-07-26,144.770004,144.800003,143.600006,144.360001,144.360001,0
2004-07-27,144.419998,144.740005,144.029999,144.339996,144.339996,0
2004-07-28,144.830002,147.050003,144.119995,145.750000,145.750000,0
2004-07-29,145.529999,146.320007,145.020004,145.979996,145.979996,0
2004-07-30,146.410004,146.839996,146.059998,146.419998,146.419998,0
2004-08-02,145.789993,146.429993,145.110001,146.009995,146.009995,0
2004-08-03,145.820007,146.520004,145.220001,146.179993,146.179993,0
2004-08-04,145.860001,145.889999,143.940002,144.130005,144.130005,0
2004-08-05,144.699997,145.979996,143.880005,145.759995,145.759995,0
2004-08-06,145.520004,145.979996,144.460007,144.809998,144.809998,0
2004-08-09,144.699997,145.679993,144.539993,145.429993,145.429993,0
2004-08-10,145.679993,145.800003,144.990005,145.139999,145.139999,0
2004-08-11,144.910004,144.940002,143.169998,144.130005,144.130005,0
2004-08-12,144.160004,145.059998,144.160004,144.960007,144.960007,0
2004-08-13,144.729996,146.889999,141.679993,146.869995,146.869995,0
2004-08-16,146.850006,146.869995,145.860001,146.149994,146.149994,0
2004-08-17,146.179993,147.289993,145.899994,147.020004,147.020004,0
2004-08-18,147.000000,147.270004,146.300003,146.860001,146.860001,0
2004-08-19,147.410004,149.210007,147.110001,149.110001,149.110001,0
2004-08-20,149.369995,149.690002,148.429993,148.490005,148.490005,0
2004-08-23,148.279999,148.440002,147.729996,147.809998,147.809998,0
2004-08-24,147.580002,147.690002,145.600006,146.080002,146.080002,0
2004-08-25,146.119995,146.589996,143.669998,143.929993,143.929993,0
2004-08-26,143.639999,143.729996,142.679993,143.070007,143.070007,0
2004-08-27,143.509995,143.690002,142.410004,142.639999,142.639999,0
2004-08-30,143.000000,143.179993,142.100006,143.039993,143.039993,0
2004-08-31,142.789993,143.669998,142.020004,143.559998,143.559998,0
2004-09-01,144.070007,145.699997,143.690002,145.380005,145.380005,0
2004-09-02,145.339996,145.619995,141.960007,144.169998,144.169998,0
2004-09-03,143.949997,143.979996,142.539993,142.809998,142.809998,0
2004-09-07,141.699997,141.800003,141.020004,141.610001,141.610001,0
2004-09-08,141.210007,141.990005,140.539993,140.990005,140.990005,0
2004-09-09,140.899994,143.050003,140.860001,142.940002,142.940002,0
2004-09-10,143.380005,143.779999,141.389999,141.660004,141.660004,0
2004-09-13,142.410004,143.809998,142.309998,143.449997,143.449997,0
2004-09-14,144.080002,144.419998,143.600006,143.919998,143.919998,0
2004-09-15,143.940002,144.520004,142.779999,143.009995,143.009995,0
2004-09-16,143.729996,143.729996,141.889999,143.110001,143.110001,0
2004-09-17,143.789993,145.259995,143.600006,144.919998,144.919998,0
2004-09-20,145.059998,145.690002,143.229996,145.610001,145.610001,0
2004-09-21,146.320007,148.399994,146.250000,148.199997,148.199997,0
2004-09-22,148.259995,150.550003,148.070007,150.100006,150.100006,0
2004-09-23,149.940002,150.729996,149.029999,150.350006,150.350006,0
2004-09-24,149.910004,150.110001,148.880005,149.339996,149.339996,0
2004-09-27,149.729996,151.429993,149.679993,150.339996,150.339996,0
2004-09-28,150.869995,151.100006,149.899994,150.899994,150.899994,0
2004-09-29,151.350006,154.009995,151.350006,152.759995,152.759995,0
2004-09-30,153.320007,153.809998,152.419998,153.179993,153.179993,0
2004-10-01,152.220001,153.440002,151.789993,153.320007,153.320007,0
2004-10-04,152.110001,152.520004,151.759995,152.009995,152.009995,0
2004-10-05,153.259995,154.929993,153.240005,154.580002,154.580002,0
2004-10-06,154.699997,155.880005,154.160004,155.710007,155.710007,0
2004-10-07,156.639999,157.240005,155.809998,156.399994,156.399994,0
2004-10-08,156.220001,157.839996,156.119995,157.740005,157.740005,0
2004-10-11,157.440002,158.009995,156.639999,157.669998,157.669998,0
2004-10-12,156.910004,157.020004,150.259995,154.729996,154.729996,0
2004-10-13,151.509995,153.470001,150.580002,153.100006,153.100006,0
2004-10-14,153.559998,154.240005,153.050003,154.110001,154.110001,0
2004-10-15,154.320007,155.110001,154.009995,154.979996,154.979996,0
2004-10-18,154.169998,154.949997,152.729996,153.119995,153.119995,0
2004-10-19,152.539993,154.520004,152.410004,154.490005,154.490005,0
2004-10-20,155.179993,156.559998,154.339996,156.350006,156.350006,0
2004-10-21,156.960007,157.220001,155.949997,157.149994,157.149994,0
2004-10-22,157.050003,158.820007,157.050003,158.130005,158.130005,0
2004-10-25,158.229996,158.600006,157.020004,157.259995,157.259995,0
2004-10-26,156.970001,159.429993,156.850006,159.300003,159.300003,0
2004-10-27,159.460007,160.179993,155.779999,155.990005,155.990005,0
2004-10-28,155.119995,156.789993,153.889999,154.029999,154.029999,0
2004-10-29,154.699997,155.729996,153.990005,155.550003,155.550003,0
2004-11-01,156.139999,156.880005,152.550003,153.259995,153.259995,0
2004-11-02,152.919998,153.460007,152.020004,152.460007,152.460007,0
2004-11-03,153.179993,154.429993,152.100006,154.220001,154.220001,0
2004-11-04,154.710007,155.210007,152.029999,152.179993,152.179993,0
2004-11-05,152.070007,152.910004,151.130005,152.270004,152.270004,0
2004-11-08,151.110001,152.279999,150.570007,151.130005,151.130005,0
2004-11-09,150.539993,150.929993,149.229996,149.589996,149.589996,0
2004-11-10,149.580002,152.160004,149.509995,151.970001,151.970001,0
2004-11-11,151.039993,151.229996,149.910004,150.369995,150.369995,0
2004-11-12,151.080002,151.460007,150.500000,150.610001,150.610001,0
2004-11-15,149.669998,151.910004,149.199997,151.580002,151.580002,0
2004-11-16,151.580002,152.070007,149.789993,149.919998,149.919998,0
2004-11-17,150.270004,152.660004,149.869995,152.500000,152.500000,0
2004-11-18,152.220001,152.399994,150.529999,151.240005,151.240005,0
2004-11-19,151.229996,153.309998,150.960007,153.050003,153.050003,0
2004-11-22,153.240005,153.330002,151.580002,152.009995,152.009995,0
2004-11-23,152.330002,154.330002,152.309998,152.940002,152.940002,0
2004-11-24,152.809998,156.380005,151.899994,156.229996,156.229996,0
2004-11-26,156.229996,156.229996,156.229996,156.229996,156.229996,0
2004-11-29,154.990005,155.800003,153.970001,154.740005,154.740005,0
2004-11-30,154.419998,155.149994,152.800003,153.410004,153.410004,0
2004-12-01,153.320007,153.809998,149.880005,149.880005,149.880005,0
2004-12-02,151.279999,151.279999,144.630005,145.279999,145.279999,0
2004-12-03,145.199997,145.970001,144.000000,145.220001,145.220001,0
2004-12-06,145.889999,146.119995,145.149994,145.679993,145.679993,0
2004-12-07,145.690002,145.690002,142.649994,142.830002,142.830002,0
2004-12-08,141.229996,142.850006,140.509995,142.389999,142.389999,0
2004-12-09,142.550003,143.649994,142.380005,142.929993,142.929993,0
2004-12-10,143.520004,143.789993,140.839996,141.270004,141.270004,0
2004-12-13,142.360001,143.699997,141.940002,143.500000,143.500000,0
2004-12-14,143.929993,144.130005,143.000000,143.940002,143.940002,0
2004-12-15,144.320007,147.130005,144.320007,146.889999,146.889999,0
2004-12-16,146.860001,146.880005,145.229996,145.949997,145.949997,0
2004-12-17,146.479996,149.649994,146.339996,149.509995,149.509995,0
2004-12-20,148.830002,149.410004,148.149994,148.649994,148.649994,0
2004-12-21,148.130005,148.889999,147.610001,148.619995,148.619995,0
2004-12-22,148.539993,148.910004,146.210007,146.910004,146.910004,0
2004-12-23,146.820007,147.720001,146.619995,147.139999,147.139999,0
2004-12-27,146.119995,146.190002,143.889999,144.100006,144.100006,0
2004-12-28,144.289993,145.229996,144.229996,144.570007,144.570007,0
2004-12-29,144.699997,146.289993,144.289993,146.199997,146.199997,0
2004-12-30,145.350006,145.619995,144.660004,145.610001,145.610001,0
2004-12-31,145.610001,145.610001,145.610001,145.610001,145.610001,0
2005-01-03,143.990005,144.000000,142.580002,143.300003,143.300003,0
2005-01-04,141.509995,142.669998,139.990005,142.399994,142.399994,0
2005-01-05,142.440002,142.910004,141.669998,142.179993,142.179993,0
2005-01-06,141.729996,144.610001,141.570007,144.490005,144.490005,0
2005-01-07,144.679993,145.100006,143.600006,144.210007,144.210007,0
2005-01-10,145.190002,146.669998,144.389999,144.570007,144.570007,0
2005-01-11,144.389999,145.619995,144.029999,145.279999,145.279999,0
2005-01-12,144.830002,145.779999,144.089996,145.160004,145.160004,0
2005-01-13,145.500000,147.750000,145.210007,147.570007,147.570007,0
2005-01-14,147.320007,147.679993,146.600006,146.800003,146.800003,0
2005-01-18,148.070007,148.330002,145.490005,146.080002,146.080002,0
2005-01-19,146.320007,147.059998,146.220001,146.559998,146.559998,0
2005-01-20,145.509995,146.369995,145.419998,146.070007,146.070007,0
2005-01-21,146.669998,148.190002,146.570007,147.000000,147.000000,0
2005-01-24,147.979996,148.330002,147.160004,147.869995,147.869995,0
2005-01-25,147.339996,148.570007,146.389999,148.309998,148.309998,0
2005-01-26,148.139999,149.250000,147.509995,148.179993,148.179993,0
2005-01-27,148.330002,148.509995,146.910004,147.020004,147.020004,0
2005-01-28,146.550003,146.720001,145.289993,145.770004,145.770004,0
2005-01-31,144.820007,146.889999,144.350006,146.820007,146.820007,0
2005-02-01,146.259995,146.419998,145.479996,145.539993,145.539993,0
2005-02-02,145.729996,145.919998,144.509995,144.610001,144.610001,0
2005-02-03,144.339996,144.380005,142.630005,143.550003,143.550003,0
2005-02-04,143.789993,144.059998,142.929993,143.229996,143.229996,0
2005-02-07,143.300003,143.399994,142.210007,142.410004,142.410004,0
2005-02-08,141.990005,143.210007,141.990005,143.089996,143.089996,0
2005-02-09,143.070007,143.910004,141.119995,143.360001,143.360001,0
2005-02-10,144.179993,145.750000,144.059998,145.639999,145.639999,0
2005-02-11,145.559998,146.039993,145.229996,145.949997,145.949997,0
2005-02-14,146.490005,147.029999,145.750000,146.800003,146.800003,0
2005-02-15,147.089996,147.649994,146.619995,147.369995,147.369995,0
2005-02-16,147.089996,147.740005,146.300003,147.490005,147.490005,0
2005-02-17,148.089996,148.350006,147.529999,147.699997,147.699997,0
2005-02-18,147.720001,148.630005,147.660004,148.369995,148.369995,0
2005-02-22,150.440002,153.039993,149.690002,152.899994,152.899994,0
2005-02-23,152.240005,154.199997,151.929993,154.020004,154.020004,0
2005-02-24,154.300003,154.470001,152.770004,153.190002,153.190002,0
2005-02-25,153.119995,155.210007,152.779999,155.149994,155.149994,0
2005-02-28,156.300003,158.320007,155.779999,156.850006,156.850006,0
2005-03-01,156.149994,156.339996,154.990005,155.779999,155.779999,0
2005-03-02,155.600006,157.460007,155.570007,157.270004,157.270004,0
2005-03-03,157.089996,158.679993,156.990005,157.970001,157.970001,0
2005-03-04,157.940002,158.910004,157.789993,158.720001,158.720001,0
2005-03-07,158.220001,158.539993,157.729996,158.449997,158.449997,0
2005-03-08,158.360001,161.220001,158.339996,160.600006,160.600006,0
2005-03-09,161.160004,161.970001,160.179993,161.339996,161.339996,0
2005-03-10,160.770004,161.389999,159.979996,160.720001,160.720001,0
2005-03-11,160.179993,162.520004,160.059998,162.399994,162.399994,0
2005-03-14,161.770004,162.679993,161.190002,162.419998,162.419998,0
2005-03-15,163.289993,164.619995,162.699997,164.300003,164.300003,0
2005-03-16,164.110001,165.690002,163.929993,165.250000,165.250000,0
2005-03-17,166.119995,166.190002,163.820007,164.500000,164.500000,0
2005-03-18,163.710007,164.410004,163.130005,163.740005,163.740005,0
2005-03-21,163.259995,163.330002,160.919998,162.089996,162.089996,0
2005-03-22,162.100006,162.500000,160.990005,161.320007,161.320007,0
2005-03-23,159.589996,159.660004,157.380005,158.160004,158.160004,0
2005-03-24,158.820007,158.979996,157.479996,158.649994,158.649994,0
2005-03-28,158.110001,158.570007,157.289993,158.259995,158.259995,0
2005-03-29,158.570007,159.729996,158.240005,159.240005,159.240005,0
2005-03-30,159.320007,160.660004,158.740005,160.479996,160.479996,0
2005-03-31,161.039993,163.990005,161.039993,162.100006,162.100006,0
2005-04-01,162.009995,162.809998,161.000000,162.389999,162.389999,0
2005-04-04,162.990005,163.279999,160.979996,161.289993,161.289993,0
2005-04-05,160.490005,161.389999,160.270004,160.330002,160.330002,0
2005-04-06,160.210007,161.669998,159.839996,160.440002,160.440002,0
2005-04-07,161.119995,161.199997,157.990005,158.289993,158.289993,0
2005-04-08,158.309998,158.309998,156.410004,156.729996,156.729996,0
2005-04-11,156.389999,157.610001,155.960007,157.539993,157.539993,0
2005-04-12,158.020004,158.179993,155.649994,155.699997,155.699997,0
2005-04-13,154.610001,154.610001,153.339996,153.580002,153.580002,0
2005-04-14,152.860001,153.570007,151.990005,153.350006,153.350006,0
2005-04-15,152.830002,153.220001,152.490005,152.889999,152.889999,0
2005-04-18,151.889999,152.710007,151.710007,151.960007,151.960007,0
2005-04-19,152.919998,155.750000,152.889999,155.729996,155.729996,0
2005-04-20,156.529999,157.320007,156.250000,156.960007,156.960007,0
2005-04-21,155.830002,156.809998,155.570007,156.740005,156.740005,0
2005-04-22,157.050003,158.210007,157.039993,157.679993,157.679993,0
2005-04-25,158.179993,159.050003,157.600006,157.679993,157.679993,0
2005-04-26,157.429993,157.740005,156.649994,157.710007,157.710007,0
2005-04-27,157.630005,157.710007,154.050003,154.119995,154.119995,0
2005-04-28,153.899994,153.899994,152.160004,153.490005,153.490005,0
2005-04-29,153.410004,154.039993,151.880005,152.300003,152.300003,0
2005-05-02,151.589996,152.940002,151.220001,152.570007,152.570007,0
2005-05-03,151.929993,152.029999,149.919998,150.039993,150.039993,0
2005-05-04,149.740005,151.199997,149.130005,150.619995,150.619995,0
2005-05-05,151.070007,151.220001,149.839996,151.149994,151.149994,0
2005-05-06,151.639999,151.860001,150.589996,151.320007,151.320007,0
2005-05-09,151.899994,152.190002,151.429993,152.080002,152.080002,0
2005-05-10,152.259995,153.740005,152.259995,152.610001,152.610001,0
2005-05-11,151.839996,152.300003,151.130005,151.440002,151.440002,0
2005-05-12,150.679993,150.740005,148.289993,148.509995,148.509995,0
2005-05-13,148.710007,148.729996,146.429993,147.330002,147.330002,0
2005-05-16,146.929993,146.929993,145.729996,146.710007,146.710007,0
2005-05-17,146.869995,147.500000,146.509995,147.429993,147.429993,0
2005-05-18,147.899994,148.380005,146.619995,147.119995,147.119995,0
2005-05-19,147.149994,147.500000,146.000000,146.210007,146.210007,0
2005-05-20,146.889999,146.990005,145.820007,146.080002,146.080002,0
2005-05-23,146.029999,148.360001,146.000000,147.630005,147.630005,0
2005-05-24,147.929993,148.300003,147.270004,148.080002,148.080002,0
2005-05-25,148.309998,150.500000,148.119995,149.889999,149.889999,0
2005-05-26,149.679993,150.880005,149.509995,150.360001,150.360001,0
2005-05-27,150.369995,150.979996,150.350006,150.729996,150.729996,0
2005-05-31,150.559998,150.839996,149.899994,150.729996,150.729996,0
2005-06-01,150.820007,153.880005,150.649994,153.820007,153.820007,0
2005-06-02,153.250000,154.910004,153.100006,153.190002,153.190002,0
2005-06-03,153.949997,155.190002,153.710007,155.080002,155.080002,0
2005-06-06,156.279999,156.860001,155.130005,155.460007,155.460007,0
2005-06-07,155.360001,155.770004,154.250000,154.350006,154.350006,0
2005-06-08,154.009995,155.270004,152.419998,152.509995,152.509995,0
2005-06-09,152.500000,153.789993,152.089996,153.699997,153.699997,0
2005-06-10,153.470001,153.699997,152.309998,152.389999,152.389999,0
2005-06-13,152.619995,154.669998,152.600006,154.539993,154.539993,0
2005-06-14,154.020004,154.710007,153.970001,154.139999,154.139999,0
2005-06-15,155.309998,156.610001,155.210007,156.050003,156.050003,0
2005-06-16,156.710007,157.619995,156.690002,157.470001,157.470001,0
2005-06-17,158.710007,159.880005,158.660004,159.850006,159.850006,0
2005-06-20,161.610001,161.610001,160.059998,161.399994,161.399994,0
2005-06-21,159.899994,160.949997,159.589996,159.630005,159.630005,0
2005-06-22,159.789993,160.589996,158.710007,158.880005,158.880005,0
2005-06-23,158.570007,159.889999,158.570007,159.070007,159.070007,0
2005-06-24,160.009995,160.110001,159.080002,159.839996,159.839996,0
2005-06-27,159.429993,159.449997,157.630005,158.050003,158.050003,0
2005-06-28,156.979996,157.160004,154.350006,154.850006,154.850006,0
2005-06-29,154.789993,155.479996,154.339996,154.630005,154.630005,0
2005-06-30,153.860001,154.710007,152.300003,152.889999,152.889999,0
2005-07-01,153.410004,154.839996,153.259995,154.660004,154.660004,0
2005-07-05,156.130005,159.100006,156.080002,158.449997,158.449997,0
2005-07-06,159.429993,160.470001,159.369995,160.179993,160.179993,0
2005-07-07,157.580002,159.369995,157.539993,159.160004,159.160004,0
2005-07-08,159.759995,160.619995,157.979996,158.139999,158.139999,0
2005-07-11,156.720001,157.979996,156.720001,157.899994,157.899994,0
2005-07-12,158.660004,160.179993,158.660004,159.660004,159.660004,0
2005-07-13,159.350006,161.059998,159.139999,160.070007,160.070007,0
2005-07-14,160.789993,161.089996,158.369995,159.320007,159.320007,0
2005-07-15,160.570007,160.770004,159.330002,159.559998,159.559998,0
2005-07-18,158.979996,159.320007,157.199997,158.100006,158.100006,0
2005-07-19,157.710007,158.029999,155.789993,156.539993,156.539993,0
2005-07-20,156.449997,157.029999,154.979996,156.149994,156.149994,0
2005-07-21,155.690002,155.690002,153.380005,154.110001,154.110001,0
2005-07-22,154.970001,155.770004,154.779999,155.679993,155.679993,0
2005-07-25,154.520004,155.759995,153.949997,155.660004,155.660004,0
2005-07-26,155.750000,157.330002,155.669998,156.100006,156.100006,0
2005-07-27,156.300003,157.149994,155.600006,156.850006,156.850006,0
2005-07-28,157.460007,158.899994,157.020004,158.779999,158.779999,0
2005-07-29,159.330002,159.919998,158.820007,159.330002,159.330002,0
2005-08-01,159.559998,162.009995,159.380005,161.080002,161.080002,0
2005-08-02,161.169998,163.000000,160.369995,162.880005,162.880005,0
2005-08-03,163.649994,164.169998,161.509995,161.580002,161.580002,0
2005-08-04,161.740005,162.949997,161.149994,161.830002,161.830002,0
2005-08-05,162.690002,162.770004,160.789993,162.240005,162.240005,0
2005-08-08,163.279999,163.960007,162.160004,162.770004,162.770004,0
2005-08-09,161.809998,161.820007,160.880005,161.029999,161.029999,0
2005-08-10,161.600006,164.800003,161.509995,164.039993,164.039993,0
2005-08-11,164.110001,165.860001,164.110001,165.809998,165.809998,0
2005-08-12,166.130005,167.649994,165.600006,166.110001,166.110001,0
2005-08-15,165.110001,165.190002,163.020004,164.529999,164.529999,0
2005-08-16,164.419998,166.419998,164.320007,165.240005,165.240005,0
2005-08-17,164.630005,164.820007,162.160004,162.309998,162.309998,0
2005-08-18,162.210007,162.460007,160.279999,160.830002,160.830002,0
2005-08-19,161.550003,162.649994,160.960007,162.580002,162.580002,0
2005-08-22,163.070007,166.130005,163.070007,164.470001,164.470001,0
2005-08-23,165.199997,165.850006,163.869995,164.589996,164.589996,0
2005-08-24,165.970001,165.970001,163.830002,165.759995,165.759995,0
2005-08-25,164.830002,165.160004,163.500000,164.820007,164.820007,0
2005-08-26,165.490005,165.740005,164.259995,164.399994,164.399994,0
2005-08-29,171.399994,171.429993,166.699997,168.619995,168.619995,0
2005-08-30,170.949997,175.270004,170.330002,172.160004,172.160004,0
2005-08-31,171.979996,174.160004,169.399994,170.820007,170.820007,0
2005-09-01,171.910004,174.119995,170.779999,174.050003,174.050003,0
2005-09-02,174.039993,174.160004,171.490005,171.979996,171.979996,0
2005-09-06,172.460007,172.940002,171.160004,171.539993,171.539993,0
2005-09-07,171.070007,171.110001,168.020004,168.660004,168.660004,0
2005-09-08,169.110001,169.589996,167.089996,169.179993,169.179993,0
2005-09-09,169.649994,170.020004,168.470001,168.809998,168.809998,0
2005-09-12,168.240005,168.270004,166.190002,167.410004,167.410004,0
2005-09-13,166.910004,167.449997,165.679993,166.259995,166.259995,0
2005-09-14,166.240005,168.389999,165.990005,168.289993,168.289993,0
2005-09-15,168.169998,168.759995,166.339996,167.690002,167.690002,0
2005-09-16,167.270004,167.679993,165.750000,165.899994,165.899994,0
2005-09-19,168.759995,174.100006,168.630005,174.100006,174.100006,0
2005-09-20,171.240005,173.190002,170.630005,172.669998,172.669998,0
2005-09-21,175.029999,175.919998,170.899994,173.800003,173.800003,0
2005-09-22,176.580002,176.660004,173.919998,174.669998,174.669998,0
2005-09-23,173.570007,174.360001,171.020004,171.789993,171.789993,0
2005-09-26,171.570007,174.669998,169.660004,174.490005,174.490005,0
2005-09-27,173.169998,174.539993,172.949997,173.929993,173.929993,0
2005-09-28,173.850006,179.009995,173.800003,178.410004,178.410004,0
2005-09-29,178.990005,180.320007,177.440002,179.070007,179.070007,0
2005-09-30,178.559998,179.410004,177.179993,178.250000,178.250000,0
2005-10-03,178.600006,179.210007,178.110001,178.820007,178.820007,0
2005-10-04,177.869995,178.080002,176.050003,177.750000,177.750000,0
2005-10-05,178.039993,179.619995,176.899994,177.059998,177.059998,0
2005-10-06,177.070007,177.089996,173.520004,173.699997,173.699997,0
2005-10-07,174.449997,174.580002,173.119995,173.770004,173.770004,0
2005-10-10,173.270004,173.419998,171.710007,173.179993,173.179993,0
2005-10-11,174.100006,176.429993,173.149994,176.289993,176.289993,0
2005-10-12,176.639999,177.300003,175.820007,177.009995,177.009995,0
2005-10-13,176.889999,176.889999,174.229996,174.809998,174.809998,0
2005-10-14,173.330002,174.240005,172.100006,174.089996,174.089996,0
2005-10-17,177.139999,177.460007,176.149994,177.309998,177.309998,0
2005-10-18,175.470001,175.520004,174.550003,174.789993,174.789993,0
2005-10-19,174.529999,174.910004,172.729996,173.539993,173.539993,0
2005-10-20,173.490005,173.589996,170.470001,170.889999,170.889999,0
2005-10-21,169.520004,170.360001,168.279999,170.360001,170.360001,0
2005-10-24,168.559998,169.889999,168.470001,169.679993,169.679993,0
2005-10-25,170.160004,175.729996,170.070007,175.490005,175.490005,0
2005-10-26,175.570007,175.690002,171.619995,172.669998,172.669998,0
2005-10-27,172.729996,174.380005,170.589996,171.649994,171.649994,0
2005-10-28,170.509995,170.529999,169.000000,169.949997,169.949997,0
2005-10-31,168.820007,168.839996,166.309998,166.520004,166.520004,0
2005-11-01,166.529999,166.529999,164.460007,165.690002,165.690002,0
2005-11-02,165.149994,166.649994,164.550003,165.410004,165.410004,0
2005-11-03,166.429993,167.740005,165.910004,167.610001,167.610001,0
2005-11-04,166.669998,166.789993,165.919998,166.270004,166.270004,0
2005-11-07,165.059998,167.240005,164.360001,167.080002,167.080002,0
2005-11-08,166.809998,167.809998,166.059998,167.240005,167.240005,0
2005-11-09,166.720001,167.779999,165.360001,166.320007,166.320007,0
2005-11-10,165.990005,165.990005,163.880005,164.710007,164.710007,0
2005-11-11,165.119995,166.199997,164.970001,166.130005,166.130005,0
2005-11-14,166.789993,167.179993,165.100006,166.009995,166.009995,0
2005-11-15,166.210007,167.110001,165.000000,165.139999,165.139999,0
2005-11-16,165.029999,167.910004,164.949997,167.520004,167.520004,0
2005-11-17,168.529999,168.970001,165.929993,166.059998,166.059998,0
2005-11-18,165.839996,165.960007,164.070007,164.419998,164.419998,0
2005-11-21,165.130005,165.449997,163.869995,164.270004,164.270004,0
2005-11-22,164.910004,165.330002,164.529999,165.070007,165.070007,0
2005-11-23,164.059998,165.119995,163.710007,164.600006,164.600006,0
2005-11-25,null,null,null,null,null,null
2005-11-28,164.089996,164.699997,162.050003,163.710007,163.710007,0
2005-11-29,164.300003,165.350006,162.690002,163.360001,163.360001,0
2005-11-30,163.889999,166.679993,163.330002,166.399994,166.399994,0
2005-12-01,166.789993,170.270004,166.789993,169.940002,169.940002,0
2005-12-02,170.869995,172.830002,170.070007,172.699997,172.699997,0
2005-12-05,174.580002,176.419998,172.860001,173.410004,173.410004,0
2005-12-06,172.169998,173.309998,171.740005,172.270004,172.270004,0
2005-12-07,174.020004,174.190002,172.210007,172.779999,172.779999,0
2005-12-08,174.020004,178.300003,173.940002,177.649994,177.649994,0
2005-12-09,178.929993,179.350006,174.610001,175.289993,175.289993,0
2005-12-12,177.589996,178.169998,176.740005,178.110001,178.110001,0
2005-12-13,179.759995,180.940002,179.589996,180.240005,180.240005,0
2005-12-14,180.100006,180.130005,176.970001,177.050003,177.050003,0
2005-12-15,175.190002,177.580002,173.940002,174.130005,174.130005,0
2005-12-16,173.210007,174.380005,173.130005,173.429993,173.429993,0
2005-12-19,175.250000,175.259995,172.789993,174.289993,174.289993,0
2005-12-20,173.940002,176.520004,173.839996,174.179993,174.179993,0
2005-12-21,173.899994,175.270004,172.830002,174.919998,174.919998,0
2005-12-22,174.940002,174.960007,171.940002,172.559998,172.559998,0
2005-12-23,171.089996,171.570007,170.070007,171.320007,171.320007,0
2005-12-27,169.059998,171.270004,167.789993,168.380005,168.380005,0
2005-12-28,169.070007,171.889999,168.119995,171.020004,171.020004,0
2005-12-29,170.710007,171.669998,169.500000,169.869995,169.869995,0
2005-12-30,168.830002,171.279999,168.660004,171.149994,171.149994,0
2006-01-03,170.889999,172.919998,170.429993,171.830002,171.830002,0
2006-01-04,170.750000,171.960007,170.199997,171.830002,171.830002,0
2006-01-05,170.589996,170.759995,168.539993,169.029999,169.029999,0
2006-01-06,170.330002,171.369995,169.779999,170.350006,170.350006,0
2006-01-09,170.020004,170.110001,168.240005,169.139999,169.139999,0
2006-01-10,169.479996,169.779999,168.190002,168.580002,168.580002,0
2006-01-11,168.320007,168.789993,167.279999,167.970001,167.970001,0
2006-01-12,168.259995,168.479996,166.910004,167.009995,167.009995,0
2006-01-13,166.820007,168.020004,166.660004,167.869995,167.869995,0
2006-01-17,168.699997,169.710007,168.600006,169.589996,169.589996,0
2006-01-18,169.649994,169.679993,166.710007,167.339996,167.339996,0
2006-01-19,167.600006,168.949997,167.059998,168.869995,168.869995,0
2006-01-20,170.050003,171.220001,170.050003,170.429993,170.429993,0
2006-01-23,169.449997,170.339996,169.149994,169.899994,169.899994,0
2006-01-24,169.240005,171.330002,168.729996,170.139999,170.139999,0
2006-01-25,170.949997,170.949997,169.869995,170.119995,170.119995,0
2006-01-26,169.389999,170.429993,168.570007,169.929993,169.929993,0
2006-01-27,171.589996,172.529999,170.940002,171.589996,171.589996,0
2006-01-30,172.610001,174.350006,172.380005,174.229996,174.229996,0
2006-01-31,173.789993,174.520004,172.600006,173.669998,173.669998,0
2006-02-01,174.199997,175.339996,170.940002,171.410004,171.410004,0
2006-02-02,171.330002,171.460007,169.089996,170.830002,170.830002,0
2006-02-03,171.080002,172.600006,170.699997,172.559998,172.559998,0
2006-02-06,172.309998,172.500000,170.490005,170.610001,170.610001,0
2006-02-07,169.789993,169.830002,166.970001,167.039993,167.039993,0
2006-02-08,166.639999,168.649994,166.440002,166.839996,166.839996,0
2006-02-09,167.949997,168.149994,167.070007,167.729996,167.729996,0
2006-02-10,166.679993,167.360001,164.169998,164.289993,164.289993,0
2006-02-13,164.190002,164.199997,162.210007,162.389999,162.389999,0
2006-02-14,162.399994,162.440002,161.380005,161.839996,161.839996,0
2006-02-15,161.770004,162.059998,159.039993,159.729996,159.729996,0
2006-02-16,160.300003,160.809998,158.850006,160.759995,160.759995,0
2006-02-17,161.740005,162.559998,161.399994,162.520004,162.520004,0
2006-02-21,164.320007,165.490005,163.850006,165.479996,165.479996,0
2006-02-22,163.960007,164.539993,162.570007,163.029999,163.029999,0
2006-02-23,162.410004,162.940002,161.210007,162.250000,162.250000,0
2006-02-24,163.300003,164.610001,163.080002,163.899994,163.899994,0
2006-02-27,162.460007,162.910004,160.020004,160.649994,160.649994,0
2006-02-28,161.029999,162.360001,160.160004,162.240005,162.240005,0
2006-03-01,161.960007,162.880005,161.869995,162.339996,162.339996,0
2006-03-02,162.979996,164.789993,162.789993,164.679993,164.679993,0
2006-03-03,165.250000,165.600006,164.039993,165.500000,165.500000,0
2006-03-06,164.059998,164.059998,161.759995,162.429993,162.429993,0
2006-03-07,162.250000,162.639999,160.139999,160.490005,160.490005,0
2006-03-08,159.360001,159.369995,157.869995,158.779999,158.779999,0
2006-03-09,159.440002,159.910004,158.740005,159.630005,159.630005,0
2006-03-10,159.179993,160.440002,158.619995,159.850006,159.850006,0
2006-03-13,159.820007,161.479996,159.600006,161.160004,161.160004,0
2006-03-14,161.289993,162.750000,160.779999,162.630005,162.630005,0
2006-03-15,162.270004,163.300003,161.839996,161.979996,161.979996,0
2006-03-16,161.759995,163.080002,161.130005,162.380005,162.380005,0
2006-03-17,162.600006,163.139999,162.070007,162.190002,162.190002,0
2006-03-20,161.460007,161.669998,159.690002,159.929993,159.929993,0
2006-03-21,159.910004,161.029999,159.429993,160.770004,160.770004,0
2006-03-22,160.809998,161.490005,159.779999,159.880005,159.880005,0
2006-03-23,160.009995,162.720001,159.990005,162.649994,162.649994,0
2006-03-24,162.270004,164.020004,162.210007,162.970001,162.970001,0
2006-03-27,162.779999,163.660004,162.630005,163.240005,163.240005,0
2006-03-28,163.259995,164.750000,163.259995,164.580002,164.580002,0
2006-03-29,164.039993,165.300003,163.970001,165.130005,165.130005,0
2006-03-30,165.589996,167.470001,165.440002,167.350006,167.350006,0
2006-03-31,166.660004,166.720001,164.419998,165.199997,165.199997,0
2006-04-03,166.710007,168.539993,166.460007,166.580002,166.580002,0
2006-04-04,165.570007,166.139999,164.389999,164.729996,164.729996,0
2006-04-05,165.429993,166.949997,165.009995,166.750000,166.750000,0
2006-04-06,168.410004,168.800003,167.880005,168.550003,168.550003,0
2006-04-07,167.309998,167.509995,165.860001,167.199997,167.199997,0
2006-04-10,168.460007,169.630005,168.449997,169.259995,169.259995,0
2006-04-11,169.770004,170.059998,168.740005,170.020004,170.020004,0
2006-04-12,170.229996,170.960007,169.960007,170.289993,170.289993,0
2006-04-13,169.770004,171.410004,169.479996,171.240005,171.240005,0
2006-04-17,172.389999,174.009995,172.279999,173.949997,173.949997,0
2006-04-18,175.360001,177.649994,174.889999,177.570007,177.570007,0
2006-04-19,177.589996,179.050003,177.229996,178.929993,178.929993,0
2006-04-20,178.960007,179.110001,175.050003,176.809998,176.809998,0
2006-04-21,177.360001,180.020004,176.580002,180.020004,180.020004,0
2006-04-24,179.259995,179.610001,176.690002,176.850006,176.850006,0
2006-04-25,177.600006,178.770004,176.860001,177.869995,177.869995,0
2006-04-26,177.660004,178.509995,177.279999,177.729996,177.729996,0
2006-04-27,175.240005,176.389999,173.589996,173.649994,173.649994,0
2006-04-28,174.410004,176.649994,174.309998,175.770004,175.770004,0
2006-05-01,176.460007,178.389999,176.460007,178.179993,178.179993,0
2006-05-02,179.270004,179.669998,177.699997,178.800003,178.800003,0
2006-05-03,178.860001,178.970001,176.899994,177.020004,177.020004,0
2006-05-04,176.940002,179.509995,176.789993,177.639999,177.639999,0
2006-05-05,177.649994,179.610001,177.649994,178.910004,178.910004,0
2006-05-08,176.869995,178.250000,176.119995,178.139999,178.139999,0
2006-05-09,178.970001,181.350006,178.899994,180.899994,180.899994,0
2006-05-10,181.690002,184.000000,181.130005,184.000000,184.000000,0
2006-05-11,185.809998,188.110001,185.809998,187.539993,187.539993,0
2006-05-12,186.729996,187.100006,185.119995,185.289993,185.289993,0
2006-05-15,182.210007,182.440002,179.580002,179.809998,179.809998,0
2006-05-16,181.339996,181.779999,179.679993,180.960007,180.960007,0
2006-05-17,182.160004,182.410004,177.759995,179.559998,179.559998,0
2006-05-18,179.289993,179.779999,178.029999,178.630005,178.630005,0
2006-05-19,177.139999,177.169998,174.000000,174.570007,174.570007,0
2006-05-22,174.949997,176.190002,173.800003,176.100006,176.100006,0
2006-05-23,178.100006,181.000000,172.009995,181.000000,181.000000,0
2006-05-24,177.970001,178.160004,175.449997,175.539993,175.539993,0
2006-05-25,175.750000,177.559998,175.300003,177.210007,177.210007,0
2006-05-26,178.199997,180.240005,177.520004,179.300003,179.300003,0
2006-05-30,180.270004,181.000000,178.559998,178.649994,178.649994,0
2006-05-31,178.220001,178.880005,175.830002,176.679993,176.679993,0
2006-06-01,174.759995,176.699997,172.520004,174.960007,174.960007,0
2006-06-02,176.179993,179.240005,176.110001,178.910004,178.910004,0
2006-06-05,179.860001,180.039993,177.880005,178.089996,178.089996,0
2006-06-06,176.880005,177.699997,174.320007,175.270004,175.270004,0
2006-06-07,173.559998,175.330002,172.880005,174.910004,174.910004,0
2006-06-08,172.289993,173.110001,170.830002,171.600006,171.600006,0
2006-06-09,172.350006,173.660004,170.860001,171.220001,171.220001,0
2006-06-12,171.929993,172.479996,170.410004,170.410004,170.410004,0
2006-06-13,167.559998,168.210007,165.100006,165.350006,165.350006,0
2006-06-14,166.220001,167.240005,165.720001,165.910004,165.910004,0
2006-06-15,167.050003,170.050003,166.729996,169.350006,169.350006,0
2006-06-16,169.419998,170.610001,168.770004,170.520004,170.520004,0
2006-06-19,168.059998,168.509995,167.070007,167.309998,167.309998,0
2006-06-20,167.100006,167.410004,166.360001,166.750000,166.750000,0
2006-06-21,166.759995,168.570007,166.179993,168.289993,168.289993,0
2006-06-22,169.020004,169.100006,167.309998,167.490005,167.490005,0
2006-06-23,166.429993,167.399994,166.059998,166.770004,166.770004,0
2006-06-26,166.320007,168.240005,166.050003,168.089996,168.089996,0
2006-06-27,167.910004,169.139999,167.449997,167.759995,167.759995,0
2006-06-28,168.610001,168.809998,167.809998,168.139999,168.139999,0
2006-06-29,169.350006,171.449997,169.339996,170.589996,170.589996,0
2006-06-30,172.869995,173.690002,172.589996,173.240005,173.240005,0
2006-07-03,173.619995,174.229996,173.619995,174.029999,174.029999,0
2006-07-05,175.110001,175.119995,173.259995,174.539993,174.539993,0
2006-07-06,174.550003,177.500000,174.279999,177.149994,177.149994,0
2006-07-07,176.300003,176.869995,174.160004,174.970001,174.970001,0
2006-07-10,174.470001,179.339996,174.330002,174.940002,174.940002,0
2006-07-11,176.679993,177.710007,176.330002,177.220001,177.220001,0
2006-07-12,178.539993,179.100006,176.770004,178.210007,178.210007,0
2006-07-13,177.979996,179.149994,177.520004,178.889999,178.889999,0
2006-07-14,180.320007,180.570007,179.210007,179.960007,179.960007,0
2006-07-17,178.229996,178.919998,175.330002,175.380005,175.380005,0
2006-07-18,176.289993,176.380005,172.440002,172.440002,172.440002,0
2006-07-19,171.330002,173.419998,171.240005,173.279999,173.279999,0
2006-07-20,173.309998,174.220001,171.660004,171.789993,171.789993,0
2006-07-21,171.770004,172.240005,168.979996,170.889999,170.889999,0
2006-07-24,171.270004,172.979996,170.050003,172.580002,172.580002,0
2006-07-25,174.410004,174.630005,172.009995,172.259995,172.259995,0
2006-07-26,172.410004,173.039993,171.929993,172.360001,172.360001,0
2006-07-27,173.740005,174.710007,173.289993,173.660004,173.660004,0
2006-07-28,173.830002,175.910004,172.000000,174.330002,174.330002,0
2006-07-31,176.160004,178.240005,176.119995,178.029999,178.029999,0
2006-08-01,178.750000,179.259995,176.029999,177.419998,177.419998,0
2006-08-02,179.369995,181.380005,179.050003,179.539993,179.539993,0
2006-08-03,177.729996,177.789993,176.039993,176.289993,176.289993,0
2006-08-04,177.679993,178.679993,176.940002,177.490005,177.490005,0
2006-08-07,176.389999,178.059998,176.270004,177.229996,177.229996,0
2006-08-08,176.529999,177.630005,176.199997,176.570007,176.570007,0
2006-08-09,177.460007,179.789993,177.449997,178.839996,178.839996,0
2006-08-10,178.380005,178.479996,175.960007,176.110001,176.110001,0
2006-08-11,177.179993,177.330002,173.100006,173.559998,173.559998,0
2006-08-14,171.729996,172.039993,170.669998,171.839996,171.839996,0
2006-08-15,171.839996,172.240005,170.970001,172.089996,172.089996,0
2006-08-16,172.039993,173.350006,171.720001,172.029999,172.029999,0
2006-08-17,171.580002,171.580002,169.020004,169.020004,169.020004,0
2006-08-18,170.289993,170.550003,169.199997,169.860001,169.860001,0
2006-08-21,171.009995,171.699997,170.820007,171.580002,171.580002,0
2006-08-22,171.160004,172.600006,170.690002,172.500000,172.500000,0
2006-08-23,172.059998,172.919998,171.339996,171.710007,171.710007,0
2006-08-24,173.080002,173.199997,171.759995,172.389999,172.389999,0
2006-08-25,173.500000,174.119995,172.630005,172.639999,172.639999,0
2006-08-28,171.809998,171.860001,170.440002,170.580002,170.580002,0
2006-08-29,170.179993,170.199997,168.279999,168.940002,168.940002,0
2006-08-30,168.660004,170.210007,167.580002,168.869995,168.869995,0
2006-08-31,170.050003,171.119995,169.250000,170.880005,170.880005,0
2006-09-01,170.440002,170.449997,169.270004,169.309998,169.309998,0
2006-09-05,170.169998,172.139999,170.139999,170.649994,170.649994,0
2006-09-06,170.309998,171.750000,170.279999,170.470001,170.470001,0
2006-09-07,170.100006,170.190002,168.720001,169.039993,169.039993,0
2006-09-08,168.240005,168.330002,166.910004,166.970001,166.970001,0
2006-09-11,164.169998,164.259995,161.949997,162.660004,162.660004,0
2006-09-12,163.149994,163.750000,161.539993,161.679993,161.679993,0
2006-09-13,161.580002,162.539993,161.070007,161.350006,161.350006,0
2006-09-14,161.660004,161.690002,157.960007,158.750000,158.750000,0
2006-09-15,158.529999,158.529999,156.779999,157.460007,157.460007,0
2006-09-18,157.729996,159.910004,157.330002,159.300003,159.300003,0
2006-09-19,159.279999,159.699997,157.539993,157.619995,157.619995,0
2006-09-20,156.160004,157.619995,156.080002,156.589996,156.589996,0
2006-09-21,157.100006,158.899994,156.619995,158.820007,158.820007,0
2006-09-22,159.360001,159.720001,157.449997,157.580002,157.580002,0
2006-09-25,155.779999,157.899994,155.350006,157.220001,157.220001,0
2006-09-26,157.080002,158.740005,156.940002,157.990005,157.990005,0
2006-09-27,159.020004,159.259995,157.080002,158.740005,158.740005,0
2006-09-28,159.520004,160.210007,158.800003,159.710007,159.710007,0
2006-09-29,159.610001,160.710007,158.630005,159.960007,159.960007,0
2006-10-02,160.850006,161.320007,158.710007,158.740005,158.740005,0
2006-10-03,157.630005,157.880005,155.710007,156.080002,156.080002,0
2006-10-04,157.050003,157.449997,154.639999,156.880005,156.880005,0
2006-10-05,159.110001,159.940002,158.580002,159.490005,159.490005,0
2006-10-06,160.039993,160.770004,159.139999,160.380005,160.380005,0
2006-10-09,162.300003,164.130005,162.240005,162.839996,162.839996,0
2006-10-10,162.380005,162.970001,160.979996,161.110001,161.110001,0
2006-10-11,161.289993,163.110001,160.880005,161.720001,161.720001,0
2006-10-12,161.029999,162.970001,160.639999,162.139999,162.139999,0
2006-10-13,163.259995,164.979996,163.240005,164.289993,164.289993,0
2006-10-16,165.179993,167.979996,165.029999,167.850006,167.850006,0
2006-10-17,168.970001,169.029999,166.369995,166.850006,166.850006,0
2006-10-18,165.880005,166.630005,165.309998,165.529999,165.529999,0
2006-10-19,166.330002,167.460007,165.949997,167.229996,167.229996,0
2006-10-20,167.139999,167.630005,165.919998,166.339996,166.339996,0
2006-10-23,165.449997,166.679993,164.699997,166.509995,166.509995,0
2006-10-24,166.190002,167.529999,165.550003,167.250000,167.250000,0
2006-10-25,167.820007,170.350006,167.690002,169.470001,169.470001,0
2006-10-26,168.809998,169.990005,168.750000,169.149994,169.149994,0
2006-10-27,170.369995,170.710007,169.210007,169.789993,169.789993,0
2006-10-30,168.669998,168.800003,167.220001,167.250000,167.250000,0
2006-10-31,166.360001,167.179993,165.759995,166.820007,166.820007,0
2006-11-01,167.059998,167.880005,166.149994,167.520004,167.520004,0
2006-11-02,168.050003,171.020004,167.919998,168.860001,168.860001,0
2006-11-03,169.160004,170.179993,168.580002,169.729996,169.729996,0
2006-11-06,169.330002,170.600006,168.089996,170.179993,170.179993,0
2006-11-07,170.080002,171.470001,169.919998,170.600006,170.600006,0
2006-11-08,170.139999,171.300003,169.679993,170.550003,170.550003,0
2006-11-09,171.639999,173.399994,171.639999,172.389999,172.389999,0
2006-11-10,170.759995,170.979996,168.080002,168.210007,168.210007,0
2006-11-13,167.110001,167.759995,166.839996,167.250000,167.250000,0
2006-11-14,167.729996,168.520004,166.839996,167.809998,167.809998,0
2006-11-15,167.490005,169.369995,167.279999,168.710007,168.710007,0
2006-11-16,169.669998,169.910004,166.080002,166.160004,166.160004,0
2006-11-17,165.259995,166.779999,163.429993,166.679993,166.679993,0
2006-11-20,167.970001,168.490005,166.789993,167.460007,167.460007,0
2006-11-21,168.330002,169.880005,168.229996,169.789993,169.789993,0
2006-11-22,170.270004,172.949997,168.020004,168.809998,168.809998,0
2006-11-24,168.809998,172.949997,168.020004,168.809998,168.809998,0
2006-11-27,172.199997,172.889999,171.639999,172.380005,172.380005,0
2006-11-28,172.259995,173.210007,171.619995,172.199997,172.199997,0
2006-11-29,171.309998,173.330002,170.990005,173.210007,173.210007,0
2006-11-30,173.690002,175.580002,173.669998,175.220001,175.220001,0
2006-12-01,174.259995,175.529999,173.809998,174.589996,174.589996,0
2006-12-04,173.350006,173.360001,171.449997,171.509995,171.509995,0
2006-12-05,172.020004,173.539993,171.070007,172.289993,172.289993,0
2006-12-06,170.830002,171.059998,169.100006,169.800003,169.800003,0
2006-12-07,169.330002,169.710007,168.380005,169.649994,169.649994,0
2006-12-08,169.880005,171.039993,169.050003,169.089996,169.089996,0
2006-12-11,168.389999,169.240005,167.860001,169.059998,169.059998,0
2006-12-12,169.309998,169.699997,167.949997,168.229996,168.229996,0
2006-12-13,168.089996,168.539993,167.679993,168.360001,168.360001,0
2006-12-14,169.490005,170.570007,169.380005,169.669998,169.669998,0
2006-12-15,169.279999,169.350006,167.490005,168.320007,168.320007,0
2006-12-18,167.429993,167.589996,166.240005,166.580002,166.580002,0
2006-12-19,166.160004,167.740005,165.910004,167.529999,167.529999,0
2006-12-20,167.529999,167.720001,166.449997,166.550003,166.550003,0
2006-12-21,166.270004,166.270004,165.490005,165.839996,165.839996,0
2006-12-22,166.380005,166.479996,165.779999,166.479996,166.479996,0
2006-12-26,166.399994,166.770004,165.429993,165.759995,165.759995,0
2006-12-27,166.050003,166.279999,164.970001,165.759995,165.759995,0
2006-12-28,166.399994,166.929993,165.919998,166.270004,166.270004,0
2006-12-29,166.210007,166.520004,165.149994,166.509995,166.509995,0
2007-01-03,163.199997,163.910004,160.919998,161.169998,161.169998,0
2007-01-04,160.500000,161.360001,159.179993,159.210007,159.210007,0
2007-01-05,159.009995,159.029999,156.720001,157.960007,157.960007,0
2007-01-08,158.160004,158.970001,156.809998,157.070007,157.070007,0
2007-01-09,155.979996,156.720001,154.710007,155.880005,155.880005,0
2007-01-10,156.250000,157.789993,155.399994,157.309998,157.309998,0
2007-01-11,157.589996,159.240005,156.580002,156.800003,156.800003,0
2007-01-12,157.190002,159.690002,156.669998,159.559998,159.559998,0
2007-01-16,159.279999,160.169998,157.559998,158.289993,158.289993,0
2007-01-17,157.699997,159.020004,157.240005,158.619995,158.619995,0
2007-01-18,159.240005,159.699997,156.669998,157.369995,157.369995,0
2007-01-19,157.889999,160.500000,157.720001,160.410004,160.410004,0
2007-01-22,160.940002,162.860001,160.279999,161.300003,161.300003,0
2007-01-23,163.070007,164.940002,163.029999,164.880005,164.880005,0
2007-01-24,163.929993,164.250000,162.479996,163.970001,163.970001,0
2007-01-25,164.350006,164.820007,162.179993,162.380005,162.380005,0
2007-01-26,162.100006,163.710007,161.850006,163.550003,163.550003,0
2007-01-29,162.440002,162.910004,160.410004,160.600006,160.600006,0
2007-01-30,161.190002,164.750000,158.759995,164.699997,164.699997,0
2007-01-31,164.699997,167.210007,163.360001,166.100006,166.100006,0
2007-02-01,166.789993,167.410004,164.610001,164.820007,164.820007,0
2007-02-02,164.679993,165.289993,163.020004,165.110001,165.110001,0
2007-02-05,166.720001,167.740005,165.070007,165.369995,165.369995,0
2007-02-06,166.970001,167.130005,165.169998,165.479996,165.479996,0
2007-02-07,165.509995,166.850006,164.130005,164.509995,164.509995,0
2007-02-08,163.850006,166.639999,163.759995,166.369995,166.369995,0
2007-02-09,166.580002,168.199997,166.529999,167.389999,167.389999,0
2007-02-12,165.679993,166.050003,163.580002,163.869995,163.869995,0
2007-02-13,164.580002,167.000000,164.460007,166.690002,166.690002,0
2007-02-14,166.960007,167.250000,165.190002,165.690002,165.690002,0
2007-02-15,166.639999,166.880005,165.160004,166.750000,166.750000,0
2007-02-16,166.550003,168.589996,166.440002,168.270004,168.270004,0
2007-02-20,167.309998,170.119995,165.470001,167.119995,167.119995,0
2007-02-21,166.369995,170.479996,166.369995,169.839996,169.839996,0
2007-02-22,170.089996,172.529999,170.080002,172.190002,172.190002,0
2007-02-23,172.380005,173.729996,172.300003,173.389999,173.389999,0
2007-02-26,174.210007,174.619995,172.979996,173.509995,173.509995,0
2007-02-27,171.690002,173.440002,171.009995,171.979996,171.979996,0
2007-02-28,170.449997,171.250000,169.589996,171.020004,171.020004,0
2007-03-01,171.190002,171.190002,168.830002,169.759995,169.759995,0
2007-03-02,168.869995,169.630005,167.910004,168.080002,168.080002,0
2007-03-05,165.759995,166.580002,165.050003,165.940002,165.940002,0
2007-03-06,167.320007,167.570007,166.309998,167.470001,167.470001,0
2007-03-07,168.039993,169.460007,167.789993,169.199997,169.199997,0
2007-03-08,169.720001,170.320007,169.210007,169.669998,169.669998,0
2007-03-09,169.539993,169.899994,167.740005,167.850006,167.850006,0
2007-03-12,167.419998,167.960007,166.619995,167.240005,167.240005,0
2007-03-13,167.350006,168.440002,165.910004,166.119995,166.119995,0
2007-03-14,165.509995,166.360001,164.809998,166.210007,166.210007,0
2007-03-15,167.690002,167.940002,166.429993,166.570007,166.570007,0
2007-03-16,166.529999,167.750000,166.089996,166.729996,166.729996,0
2007-03-19,166.380005,166.979996,166.199997,166.559998,166.559998,0
2007-03-20,166.600006,170.589996,165.520004,166.619995,166.619995,0
2007-03-21,166.940002,167.600006,166.509995,167.179993,167.179993,0
2007-03-22,168.389999,169.830002,168.100006,169.710007,169.710007,0
2007-03-23,169.710007,170.419998,168.960007,168.979996,168.979996,0
2007-03-26,169.289993,170.169998,168.899994,169.460007,169.460007,0
2007-03-27,169.130005,169.770004,168.910004,169.619995,169.619995,0
2007-03-28,171.539993,171.979996,170.550003,170.850006,170.850006,0
2007-03-29,170.789993,172.679993,170.520004,172.330002,172.330002,0
2007-03-30,173.429993,173.449997,171.169998,171.960007,171.960007,0
2007-04-02,171.289993,172.330002,169.770004,171.470001,171.470001,0
2007-04-03,171.679993,172.020004,170.550003,170.830002,170.830002,0
2007-04-04,171.279999,173.240005,170.509995,172.899994,172.899994,0
2007-04-05,172.729996,173.830002,172.619995,173.479996,173.479996,0
2007-04-09,174.410004,175.119995,172.229996,172.229996,172.229996,0
2007-04-10,173.190002,174.389999,172.740005,173.860001,173.860001,0
2007-04-11,174.889999,174.979996,173.509995,173.860001,173.860001,0
2007-04-12,174.020004,174.289993,172.860001,173.919998,173.919998,0
2007-04-13,174.539993,175.190002,174.029999,174.350006,174.350006,0
2007-04-16,174.570007,174.639999,172.500000,172.539993,172.539993,0
2007-04-17,172.830002,174.000000,172.070007,172.119995,172.119995,0
2007-04-18,171.559998,172.240005,170.970001,171.880005,171.880005,0
2007-04-19,172.059998,172.190002,170.509995,171.619995,171.619995,0
2007-04-20,172.300003,172.350006,171.479996,172.300003,172.300003,0
2007-04-23,171.779999,173.559998,171.770004,173.490005,173.490005,0
2007-04-24,173.550003,173.770004,171.139999,171.690002,171.690002,0
2007-04-25,172.350006,174.130005,172.059998,173.850006,173.850006,0
2007-04-26,173.309998,174.190002,171.449997,171.720001,171.720001,0
2007-04-27,171.550003,173.800003,171.220001,173.559998,173.559998,0
2007-04-30,173.339996,174.449997,172.759995,173.220001,173.220001,0
2007-05-01,172.899994,173.809998,172.500000,173.110001,173.110001,0
2007-05-02,172.910004,173.300003,171.880005,172.410004,172.410004,0
2007-05-03,172.619995,174.089996,171.899994,173.750000,173.750000,0
2007-05-04,174.110001,175.300003,173.630005,174.179993,174.179993,0
2007-05-07,174.020004,174.029999,172.479996,172.860001,172.860001,0
2007-05-08,171.889999,172.440002,171.320007,172.009995,172.009995,0
2007-05-09,172.380005,172.410004,171.009995,171.770004,171.770004,0
2007-05-10,171.970001,172.070007,170.740005,171.110001,171.110001,0
2007-05-11,171.229996,173.550003,171.179993,173.440002,173.440002,0
2007-05-14,173.619995,173.830002,172.210007,172.289993,172.289993,0
2007-05-15,171.520004,173.470001,171.369995,173.229996,173.229996,0
2007-05-16,172.509995,172.929993,171.809998,172.809998,172.809998,0
2007-05-17,172.000000,173.529999,171.380005,173.470001,173.470001,0
2007-05-18,173.740005,174.440002,173.059998,173.270004,173.270004,0
2007-05-21,173.710007,175.020004,172.919998,174.820007,174.820007,0
2007-05-22,174.520004,174.669998,171.740005,171.880005,171.880005,0
2007-05-23,171.979996,172.300003,171.199997,171.580002,171.580002,0
2007-05-24,171.770004,172.410004,170.240005,170.479996,170.479996,0
2007-05-25,171.809998,172.589996,170.970001,172.369995,172.369995,0
2007-05-29,171.470001,171.589996,169.610001,170.080002,170.080002,0
2007-05-30,169.910004,171.589996,169.899994,171.440002,171.440002,0
2007-05-31,172.179993,172.910004,171.500000,172.729996,172.729996,0
2007-06-01,172.830002,174.330002,172.639999,174.029999,174.029999,0
2007-06-04,174.039993,176.169998,174.029999,175.570007,175.570007,0
2007-06-05,175.399994,176.369995,174.160004,174.820007,174.820007,0
2007-06-06,174.300003,174.679993,172.960007,173.740005,173.740005,0
2007-06-07,173.419998,177.110001,173.029999,173.070007,173.070007,0
2007-06-08,171.559998,171.589996,169.669998,169.820007,169.820007,0
2007-06-11,171.169998,172.669998,170.550003,172.270004,172.270004,0
2007-06-12,171.330002,171.449997,169.419998,171.289993,171.289993,0
2007-06-13,170.440002,172.399994,170.210007,172.179993,172.179993,0
2007-06-14,172.729996,175.020004,172.690002,174.800003,174.800003,0
2007-06-15,174.410004,176.710007,174.309998,176.490005,176.490005,0
2007-06-18,176.580002,177.009995,175.690002,176.100006,176.100006,0
2007-06-19,175.139999,175.160004,173.570007,173.570007,173.570007,0
2007-06-20,173.820007,176.380005,172.949997,173.570007,173.570007,0
2007-06-21,173.929993,174.369995,172.000000,172.399994,172.399994,0
2007-06-22,172.050003,172.440002,170.399994,170.889999,170.889999,0
2007-06-25,169.199997,170.649994,168.910004,170.259995,170.259995,0
2007-06-26,169.779999,169.820007,168.460007,168.520004,168.520004,0
2007-06-27,167.729996,169.169998,167.429993,168.949997,168.949997,0
2007-06-28,169.639999,170.179993,168.320007,168.619995,168.619995,0
2007-06-29,169.520004,171.149994,169.190002,169.669998,169.669998,0
2007-07-02,170.250000,170.509995,168.740005,170.479996,170.479996,0
2007-07-03,170.429993,170.500000,169.529999,170.110001,170.110001,0
2007-07-05,170.960007,171.399994,169.869995,170.839996,170.839996,0
2007-07-06,171.130005,171.699997,170.860001,171.639999,171.639999,0
2007-07-09,171.570007,172.479996,171.529999,171.750000,171.750000,0
2007-07-10,171.750000,173.380005,171.539993,173.309998,173.309998,0
2007-07-11,173.869995,174.089996,173.259995,173.289993,173.289993,0
2007-07-12,173.880005,174.320007,172.619995,173.509995,173.509995,0
2007-07-13,173.940002,174.690002,173.429993,174.539993,174.539993,0
2007-07-16,172.919998,172.940002,171.029999,171.100006,171.100006,0
2007-07-17,171.380005,171.889999,169.679993,169.800003,169.800003,0
2007-07-18,170.100006,172.880005,169.960007,172.809998,172.809998,0
2007-07-19,173.449997,174.309998,173.259995,174.259995,174.259995,0
2007-07-20,174.630005,175.179993,173.080002,173.479996,173.479996,0
2007-07-23,172.080002,172.220001,169.970001,170.199997,170.199997,0
2007-07-24,170.160004,170.229996,168.960007,169.460007,169.460007,0
2007-07-25,169.070007,169.720001,168.119995,169.580002,169.580002,0
2007-07-26,170.490005,171.220001,168.350006,168.740005,168.740005,0
2007-07-27,168.539993,170.589996,168.070007,170.300003,170.300003,0
2007-07-30,170.619995,171.660004,170.470001,171.460007,171.460007,0
2007-07-31,172.750000,173.050003,171.490005,172.449997,172.449997,0
2007-08-01,171.949997,172.880005,170.410004,170.820007,170.820007,0
2007-08-02,171.240005,171.649994,170.139999,170.389999,170.389999,0
2007-08-03,170.770004,172.070007,169.380005,169.600006,169.600006,0
2007-08-06,168.229996,168.539993,167.050003,167.520004,167.520004,0
2007-08-07,168.119995,168.289993,167.380005,167.839996,167.839996,0
2007-08-08,167.470001,168.940002,167.289993,168.270004,168.270004,0
2007-08-09,167.559998,168.210007,166.690002,167.520004,167.520004,0
2007-08-10,166.149994,168.080002,165.820007,167.600006,167.600006,0
2007-08-13,168.929993,169.839996,167.839996,168.139999,168.139999,0
2007-08-14,168.389999,168.570007,166.869995,167.800003,167.800003,0
2007-08-15,167.949997,168.800003,166.720001,167.330002,167.330002,0
2007-08-16,164.360001,164.970001,160.160004,161.679993,161.679993,0
2007-08-17,162.600006,164.369995,162.600006,164.210007,164.210007,0
2007-08-20,162.850006,164.009995,161.199997,161.699997,161.699997,0
2007-08-21,161.660004,162.300003,160.669998,161.059998,161.059998,0
2007-08-22,162.149994,162.339996,161.250000,161.949997,161.949997,0
2007-08-23,163.279999,163.990005,162.490005,163.139999,163.139999,0
2007-08-24,162.869995,164.839996,162.740005,164.410004,164.410004,0
2007-08-27,163.630005,164.169998,162.669998,163.990005,163.990005,0
2007-08-28,164.080002,164.179993,162.860001,163.539993,163.539993,0
2007-08-29,163.619995,164.619995,163.220001,164.429993,164.429993,0
2007-08-30,164.770004,165.789993,164.520004,165.100006,165.100006,0
2007-08-31,166.679993,167.330002,165.399994,165.570007,165.570007,0
2007-09-04,165.110001,167.119995,164.669998,167.039993,167.039993,0
2007-09-05,167.449997,167.610001,166.210007,166.919998,166.919998,0
2007-09-06,166.800003,167.910004,166.350006,166.850006,166.850006,0
2007-09-07,166.779999,167.440002,165.759995,167.119995,167.119995,0
2007-09-10,166.889999,168.789993,166.830002,168.600006,168.600006,0
2007-09-11,168.839996,170.360001,168.509995,170.250000,170.250000,0
2007-09-12,170.660004,172.610001,170.559998,172.479996,172.479996,0
2007-09-13,171.919998,172.529999,170.970001,171.740005,171.740005,0
2007-09-14,171.940002,173.520004,171.830002,172.320007,172.320007,0
2007-09-17,172.960007,174.589996,172.899994,174.539993,174.539993,0
2007-09-18,174.630005,175.380005,172.979996,175.110001,175.110001,0
2007-09-19,175.320007,176.229996,174.770004,175.809998,175.809998,0
2007-09-20,175.500000,177.740005,175.410004,177.179993,177.179993,0
2007-09-21,177.089996,178.309998,176.360001,177.220001,177.220001,0
2007-09-24,177.580002,178.210007,177.169998,177.839996,177.839996,0
2007-09-25,176.960007,177.490005,176.360001,176.710007,176.710007,0
2007-09-26,177.419998,179.669998,175.899994,177.399994,177.399994,0
2007-09-27,178.770004,179.889999,178.089996,179.720001,179.720001,0
2007-09-28,179.910004,180.380005,178.149994,178.250000,178.250000,0
2007-10-01,178.220001,179.190002,177.669998,178.089996,178.089996,0
2007-10-02,176.809998,178.070007,175.789993,176.490005,176.490005,0
2007-10-03,176.460007,177.559998,175.639999,176.600006,176.600006,0
2007-10-04,176.139999,177.660004,175.289993,177.220001,177.220001,0
2007-10-05,176.779999,176.949997,175.500000,175.729996,175.729996,0
2007-10-08,173.720001,174.070007,171.889999,172.130005,172.130005,0
2007-10-09,172.070007,174.429993,171.929993,173.330002,173.330002,0
2007-10-10,174.570007,175.449997,174.220001,175.429993,175.429993,0
2007-10-11,176.490005,177.520004,176.380005,177.220001,177.220001,0
2007-10-12,176.649994,177.550003,176.559998,176.940002,176.940002,0
2007-10-15,178.710007,179.389999,177.869995,178.970001,178.970001,0
2007-10-16,179.009995,179.289993,177.889999,178.779999,178.779999,0
2007-10-17,178.360001,179.589996,178.259995,178.509995,178.509995,0
2007-10-18,178.889999,180.220001,178.669998,180.130005,180.130005,0
2007-10-19,180.429993,180.740005,178.539993,179.050003,179.050003,0
2007-10-22,176.100006,178.000000,176.000000,177.339996,177.339996,0
2007-10-23,178.330002,178.429993,176.320007,176.610001,176.610001,0
2007-10-24,175.949997,177.119995,175.740005,176.479996,176.479996,0
2007-10-25,177.699997,179.240005,177.179993,179.220001,179.220001,0
2007-10-26,180.210007,180.710007,179.919998,180.610001,180.610001,0
2007-10-29,182.080002,182.889999,181.410004,182.789993,182.789993,0
2007-10-30,181.279999,181.860001,180.309998,180.429993,180.429993,0
2007-10-31,180.740005,183.880005,180.740005,183.529999,183.529999,0
2007-11-01,184.660004,184.690002,181.050003,182.529999,182.529999,0
2007-11-02,183.529999,184.429993,182.460007,184.190002,184.190002,0
2007-11-05,182.419998,183.729996,181.949997,182.270004,182.270004,0
2007-11-06,184.309998,185.720001,184.199997,184.919998,184.919998,0
2007-11-07,186.350006,186.410004,182.570007,183.669998,183.669998,0
2007-11-08,184.210007,184.809998,182.839996,183.559998,183.559998,0
2007-11-09,182.720001,184.619995,182.619995,184.529999,184.529999,0
2007-11-12,182.179993,182.740005,181.110001,182.009995,182.009995,0
2007-11-13,182.199997,182.580002,179.740005,180.220001,180.220001,0
2007-11-14,181.169998,183.699997,181.050003,183.100006,183.100006,0
2007-11-15,182.039993,182.050003,179.740005,180.399994,180.399994,0
2007-11-16,180.949997,182.179993,180.610001,181.770004,181.770004,0
2007-11-19,182.149994,182.509995,179.399994,179.979996,179.979996,0
2007-11-20,179.960007,182.460007,179.919998,182.350006,182.350006,0
2007-11-21,181.820007,182.419998,180.979996,181.860001,181.860001,0
2007-11-23,182.330002,184.350006,182.149994,184.240005,184.240005,0
2007-11-26,185.820007,185.899994,183.630005,184.020004,184.020004,0
2007-11-27,182.160004,182.619995,180.779999,181.270004,181.270004,0
2007-11-28,180.179993,181.259995,179.210007,179.380005,179.380005,0
2007-11-29,181.210007,181.690002,178.919998,179.210007,179.210007,0
2007-11-30,178.399994,179.110001,176.970001,177.250000,177.250000,0
2007-12-03,175.600006,176.740005,175.289993,176.520004,176.520004,0
2007-12-04,176.089996,176.740005,175.419998,176.570007,176.570007,0
2007-12-05,176.949997,177.639999,176.039993,176.220001,176.220001,0
2007-12-06,175.399994,178.380005,175.149994,178.110001,178.110001,0
2007-12-07,178.550003,179.020004,177.309998,178.339996,178.339996,0
2007-12-10,177.820007,179.750000,177.789993,178.229996,178.229996,0
2007-12-11,178.490005,179.889999,178.419998,179.550003,179.550003,0
2007-12-12,179.520004,183.429993,179.410004,183.289993,183.289993,0
2007-12-13,183.130005,183.199997,180.789993,180.970001,180.970001,0
2007-12-14,181.089996,181.259995,179.649994,180.660004,180.660004,0
2007-12-17,180.169998,180.759995,179.250000,180.110001,180.110001,0
2007-12-18,180.619995,181.639999,178.899994,179.729996,179.729996,0
2007-12-19,180.259995,181.869995,180.100006,181.380005,181.380005,0
2007-12-20,181.270004,181.880005,180.369995,180.800003,180.800003,0
2007-12-21,181.259995,183.460007,181.160004,183.029999,183.029999,0
2007-12-24,182.839996,183.399994,182.220001,182.979996,182.979996,0
2007-12-26,183.270004,185.699997,183.169998,185.380005,185.380005,0
2007-12-27,184.990005,186.929993,184.740005,185.570007,185.570007,0
2007-12-28,185.419998,186.580002,184.639999,184.770004,184.770004,0
2007-12-31,183.929993,185.100006,183.800003,184.970001,184.970001,0
2008-01-02,187.100006,189.619995,187.089996,189.580002,189.580002,0
2008-01-03,190.250000,191.910004,189.770004,190.929993,190.929993,0
2008-01-04,190.479996,190.800003,188.289993,189.839996,189.839996,0
2008-01-07,189.330002,190.009995,187.029999,187.699997,187.699997,0
2008-01-08,189.740005,191.940002,189.570007,190.800003,190.800003,0
2008-01-09,191.880005,191.880005,189.899994,190.039993,190.039993,0
2008-01-10,188.789993,189.869995,187.789993,189.089996,189.089996,0
2008-01-11,189.039993,190.570007,188.649994,190.220001,190.220001,0
2008-01-14,192.119995,193.630005,191.639999,192.490005,192.490005,0
2008-01-15,191.119995,191.550003,189.210007,190.039993,190.039993,0
2008-01-16,188.160004,189.139999,186.309998,187.639999,187.639999,0
2008-01-17,188.559998,189.240005,187.470001,187.699997,187.699997,0
2008-01-18,188.250000,188.889999,187.410004,188.179993,188.179993,0
2008-01-22,182.690002,186.570007,182.449997,185.320007,185.320007,0
2008-01-23,183.949997,184.559998,181.029999,181.160004,181.160004,0
2008-01-24,183.850006,185.509995,183.770004,185.360001,185.360001,0
2008-01-25,186.869995,188.080002,186.679993,187.679993,187.679993,0
2008-01-28,186.470001,189.360001,186.429993,189.360001,189.360001,0
2008-01-29,190.720001,191.160004,190.259995,191.070007,191.070007,0
2008-01-30,191.300003,191.669998,190.330002,191.130005,191.130005,0
2008-01-31,191.529999,192.779999,189.830002,192.289993,192.289993,0
2008-02-01,193.100006,197.940002,189.600006,189.850006,189.850006,0
2008-02-04,189.789993,192.250000,189.309998,191.800003,191.800003,0
2008-02-05,190.630005,190.839996,189.220001,189.990005,189.990005,0
2008-02-06,191.039993,192.509995,190.520004,190.699997,190.699997,0
2008-02-07,190.789993,192.919998,190.279999,192.860001,192.860001,0
2008-02-08,194.029999,197.899994,194.029999,197.070007,197.070007,0
2008-02-11,197.639999,198.809998,197.020004,197.880005,197.880005,0
2008-02-12,196.979996,197.919998,195.750000,196.100006,196.100006,0
2008-02-13,195.080002,196.750000,194.690002,196.130005,196.130005,0
2008-02-14,197.669998,199.949997,197.509995,199.880005,199.880005,0
2008-02-15,200.649994,201.550003,198.720001,199.570007,199.570007,0
2008-02-19,202.960007,205.259995,202.910004,205.259995,205.259995,0
2008-02-20,204.429993,205.830002,203.699997,205.410004,205.410004,0
2008-02-21,206.460007,207.720001,205.690002,206.690002,206.690002,0
2008-02-22,206.259995,207.820007,205.039993,207.720001,207.720001,0
2008-02-25,208.919998,210.229996,207.759995,209.000000,209.000000,0
2008-02-26,208.470001,211.750000,208.179993,211.750000,211.750000,0
2008-02-27,211.690002,213.779999,210.649994,212.690002,212.690002,0
2008-02-28,213.210007,216.800003,213.179993,216.460007,216.460007,0
2008-02-29,216.889999,217.350006,215.110001,215.520004,215.520004,0
2008-03-03,217.419998,220.020004,217.169998,217.960007,217.960007,0
2008-03-04,218.399994,218.440002,213.240005,213.860001,213.860001,0
2008-03-05,214.440002,220.550003,214.380005,219.100006,219.100006,0
2008-03-06,220.089996,220.139999,214.789993,216.750000,216.750000,0
2008-03-07,216.259995,216.720001,214.080002,215.020004,215.020004,0
2008-03-10,212.990005,215.440002,210.460007,215.210007,215.210007,0
2008-03-11,218.080002,218.500000,214.940002,216.339996,216.339996,0
2008-03-12,215.910004,218.050003,215.259995,217.880005,217.880005,0
2008-03-13,219.179993,225.970001,218.279999,218.970001,218.970001,0
2008-03-14,219.339996,220.190002,215.199997,215.830002,215.830002,0
2008-03-17,215.039993,215.070007,205.199997,206.119995,206.119995,0
2008-03-18,208.190002,210.330002,207.100006,210.199997,210.199997,0
2008-03-19,208.009995,208.149994,201.229996,201.389999,201.389999,0
2008-03-20,197.919998,198.940002,195.270004,197.339996,197.339996,0
2008-03-24,197.600006,200.710007,197.220001,199.520004,199.520004,0
2008-03-25,202.949997,203.509995,201.589996,203.300003,203.300003,0
2008-03-26,205.460007,207.330002,204.220001,206.429993,206.429993,0
2008-03-27,207.149994,208.539993,205.720001,207.919998,207.919998,0
2008-03-28,207.210007,207.229996,203.649994,205.089996,205.089996,0
2008-03-31,204.899994,206.750000,200.820007,201.600006,201.600006,0
2008-04-01,199.470001,201.410004,197.029999,199.570007,199.570007,0
2008-04-02,199.630005,203.539993,198.309998,203.130005,203.130005,0
2008-04-03,202.550003,204.559998,201.850006,202.550003,202.550003,0
2008-04-04,202.929993,205.039993,202.389999,204.699997,204.699997,0
2008-04-07,206.110001,208.279999,205.949997,207.330002,207.330002,0
2008-04-08,206.490005,207.190002,205.350006,205.850006,205.850006,0
2008-04-09,206.550003,212.210007,206.529999,210.970001,210.970001,0
2008-04-10,212.509995,212.690002,209.600006,210.679993,210.679993,0
2008-04-11,210.479996,211.080002,208.649994,209.220001,209.220001,0
2008-04-14,209.919998,210.649994,208.949997,210.539993,210.539993,0
2008-04-15,212.369995,213.380005,212.330002,212.740005,212.740005,0
2008-04-16,214.500000,215.710007,212.960007,215.000000,215.000000,0
2008-04-17,215.389999,216.059998,213.759995,214.399994,214.399994,0
2008-04-18,212.250000,214.410004,210.990005,214.309998,214.309998,0
2008-04-21,213.960007,214.460007,210.639999,212.250000,212.250000,0
2008-04-22,213.460007,215.910004,212.580002,215.210007,215.210007,0
2008-04-23,213.830002,215.059998,212.699997,214.779999,214.779999,0
2008-04-24,214.220001,214.419998,210.320007,211.570007,211.570007,0
2008-04-25,211.100006,214.259995,211.029999,212.940002,212.940002,0
2008-04-28,214.380005,214.839996,212.800003,213.949997,213.949997,0
2008-04-29,212.320007,212.500000,209.020004,209.259995,209.259995,0
2008-04-30,209.240005,210.250000,207.619995,208.550003,208.550003,0
2008-05-01,208.929993,208.960007,202.309998,204.009995,204.009995,0
2008-05-02,204.410004,208.350006,203.899994,208.130005,208.130005,0
2008-05-05,208.850006,211.869995,208.789993,211.009995,211.009995,0
2008-05-06,211.330002,214.660004,210.529999,212.729996,212.729996,0
2008-05-07,212.479996,213.729996,210.789993,213.649994,213.649994,0
2008-05-08,213.119995,214.800003,213.039993,214.149994,214.149994,0
2008-05-09,216.169998,216.649994,214.429993,216.509995,216.509995,0
2008-05-12,216.750000,217.160004,214.899994,215.089996,215.089996,0
2008-05-13,215.850006,217.490005,214.210007,216.240005,216.240005,0
2008-05-14,216.139999,216.539993,214.869995,214.949997,214.949997,0
2008-05-15,215.470001,217.000000,211.990005,214.679993,214.679993,0
2008-05-16,217.259995,218.550003,215.820007,216.309998,216.309998,0
2008-05-19,216.610001,216.759995,213.699997,214.490005,214.490005,0
2008-05-20,214.320007,218.110001,214.250000,217.100006,217.100006,0
2008-05-21,218.369995,220.770004,217.330002,220.410004,220.410004,0
2008-05-22,221.110001,221.669998,217.369995,217.610001,217.610001,0
2008-05-23,218.630005,219.960007,217.860001,219.559998,219.559998,0
2008-05-27,220.979996,221.039993,216.610001,216.800003,216.800003,0
2008-05-28,213.910004,218.100006,213.729996,217.550003,217.550003,0
2008-05-29,215.970001,217.020004,210.559998,211.020004,211.020004,0
2008-05-30,212.449997,214.279999,210.970001,213.949997,213.949997,0
2008-06-02,213.199997,217.419998,213.059998,215.679993,215.679993,0
2008-06-03,215.770004,216.300003,213.259995,213.600006,213.600006,0
2008-06-04,212.850006,213.779999,211.779999,212.960007,212.960007,0
2008-06-05,213.800003,217.639999,213.050003,217.550003,217.550003,0
2008-06-06,219.729996,224.619995,219.729996,223.729996,223.729996,0
2008-06-09,224.149994,224.229996,220.690002,221.089996,221.089996,0
2008-06-10,221.490005,222.789993,218.800003,219.460007,219.460007,0
2008-06-11,220.830002,226.240005,220.830002,225.300003,225.300003,0
2008-06-12,222.979996,226.470001,222.320007,225.699997,225.699997,0
2008-06-13,224.669998,226.360001,223.710007,226.029999,226.029999,0
2008-06-16,227.779999,230.889999,227.179993,227.990005,227.990005,0
2008-06-17,227.820007,229.080002,226.970001,228.990005,228.990005,0
2008-06-18,230.020004,231.839996,228.600006,231.720001,231.720001,0
2008-06-19,230.919998,232.600006,227.160004,227.759995,227.759995,0
2008-06-20,229.679993,232.119995,229.360001,230.139999,230.139999,0
2008-06-23,230.720001,230.880005,228.149994,230.220001,230.220001,0
2008-06-24,230.850006,230.869995,228.130005,229.020004,229.020004,0
2008-06-25,228.809998,228.940002,225.190002,227.929993,227.929993,0
2008-06-26,229.360001,233.990005,229.339996,233.750000,233.750000,0
2008-06-27,235.490005,235.880005,233.929993,234.119995,234.119995,0
2008-06-30,235.850006,236.070007,231.380005,233.039993,233.039993,0
2008-07-01,234.029999,235.979996,234.009995,235.169998,235.169998,0
2008-07-02,235.020004,238.240005,233.470001,237.960007,237.960007,0
2008-07-03,238.210007,238.520004,236.039993,237.800003,237.800003,0
2008-07-07,234.009995,234.320007,230.539993,231.720001,231.720001,0
2008-07-08,229.009995,229.080002,223.550003,225.289993,225.289993,0
2008-07-09,225.850006,226.850006,224.520004,225.669998,225.669998,0
2008-07-10,226.509995,230.300003,226.229996,229.919998,229.919998,0
2008-07-11,232.970001,234.619995,229.300003,231.050003,231.050003,0
2008-07-14,228.690002,231.130005,228.369995,229.619995,229.619995,0
2008-07-15,230.880005,230.929993,222.399994,224.210007,224.210007,0
2008-07-16,222.210007,223.630005,218.919998,222.199997,222.199997,0
2008-07-17,221.470001,223.279999,215.940002,216.130005,216.130005,0
2008-07-18,216.289993,216.979996,213.179993,213.449997,213.449997,0
2008-07-21,215.000000,215.320007,212.149994,213.320007,213.320007,0
2008-07-22,213.919998,213.960007,208.550003,209.880005,209.880005,0
2008-07-23,207.380005,209.979996,205.809998,206.130005,206.130005,0
2008-07-24,206.039993,207.100006,202.149994,204.389999,204.389999,0
2008-07-25,205.210007,205.410004,202.759995,203.750000,203.750000,0
2008-07-28,204.970001,205.539993,203.720001,204.880005,204.880005,0
2008-07-29,203.850006,204.050003,200.419998,203.179993,203.179993,0
2008-07-30,202.570007,206.300003,201.330002,205.970001,205.970001,0
2008-07-31,205.929993,207.240005,204.460007,205.100006,205.100006,0
2008-08-01,203.460007,207.309998,202.380005,204.350006,204.350006,0
2008-08-04,202.490005,202.690002,196.110001,197.179993,197.179993,0
2008-08-05,193.699997,198.380005,193.679993,195.559998,195.559998,0
2008-08-06,196.050003,197.169998,192.979996,194.720001,194.720001,0
2008-08-07,197.139999,197.910004,194.350006,195.649994,195.649994,0
2008-08-08,192.889999,193.000000,189.149994,189.300003,189.300003,0
2008-08-11,190.169998,190.380005,187.479996,188.470001,188.470001,0
2008-08-12,187.509995,189.380005,186.539993,187.449997,187.449997,0
2008-08-13,188.130005,193.830002,187.580002,192.600006,192.600006,0
2008-08-14,193.089996,193.399994,188.270004,190.679993,190.679993,0
2008-08-15,187.619995,188.630005,185.460007,187.149994,187.149994,0
2008-08-18,187.429993,189.339996,186.990005,188.320007,188.320007,0
2008-08-19,187.279999,192.889999,186.880005,190.169998,190.169998,0
2008-08-20,191.289993,192.740005,188.990005,191.720001,191.720001,0
2008-08-21,194.850006,199.600006,194.779999,198.440002,198.440002,0
2008-08-22,196.490005,196.610001,192.720001,192.919998,192.919998,0
2008-08-25,193.660004,194.169998,191.820007,192.729996,192.729996,0
2008-08-26,190.789993,194.729996,190.740005,193.750000,193.750000,0
2008-08-27,196.179993,197.190002,193.399994,194.720001,194.720001,0
2008-08-28,195.210007,195.809998,189.179993,190.880005,190.880005,0
2008-08-29,190.940002,192.669998,189.699997,189.889999,189.889999,0
2008-09-02,182.199997,184.080002,180.570007,183.770004,183.770004,0
2008-09-03,181.940002,183.059998,180.660004,182.660004,182.660004,0
2008-09-04,183.339996,183.520004,180.339996,181.889999,181.889999,0
2008-09-05,179.679993,180.910004,177.539993,178.580002,178.580002,0
2008-09-08,180.490005,181.630005,177.570007,178.729996,178.729996,0
2008-09-09,176.050003,176.699997,174.160004,175.990005,175.990005,0
2008-09-10,175.610001,176.500000,173.059998,174.309998,174.309998,0
2008-09-11,173.500000,174.789993,171.949997,173.039993,173.039993,0
2008-09-12,174.979996,177.440002,174.809998,175.770004,175.770004,0
2008-09-15,170.350006,175.100006,170.020004,172.500000,172.500000,0
2008-09-16,169.149994,169.929993,166.779999,167.389999,167.389999,0
2008-09-17,169.990005,173.240005,168.740005,173.179993,173.179993,0
2008-09-18,176.979996,178.119995,170.350006,171.850006,171.850006,0
2008-09-19,172.279999,175.960007,172.279999,175.380005,175.380005,0
2008-09-22,178.539993,182.289993,177.690002,181.710007,181.710007,0
2008-09-23,180.029999,181.210007,177.520004,179.350006,179.350006,0
2008-09-24,181.410004,182.149994,177.830002,178.440002,178.440002,0
2008-09-25,177.110001,180.490005,176.820007,179.309998,179.309998,0
2008-09-26,178.270004,178.339996,175.490005,176.789993,176.789993,0
2008-09-29,172.750000,172.809998,167.059998,167.550003,167.550003,0
2008-09-30,169.070007,169.490005,166.880005,167.779999,167.779999,0
2008-10-01,167.690002,169.610001,165.740005,167.490005,167.490005,0
2008-10-02,166.229996,166.820007,159.669998,159.869995,159.869995,0
2008-10-03,160.169998,161.899994,157.369995,159.020004,159.020004,0
2008-10-06,154.089996,154.860001,150.800003,150.869995,150.869995,0
2008-10-07,153.300003,155.000000,151.110001,152.100006,152.100006,0
2008-10-08,151.580002,152.350006,149.479996,151.509995,151.509995,0
2008-10-09,152.610001,153.110001,150.729996,151.570007,151.570007,0
2008-10-10,146.429993,146.520004,141.860001,142.169998,142.169998,0
2008-10-13,145.300003,146.800003,144.589996,146.089996,146.089996,0
2008-10-14,149.669998,150.399994,144.820007,144.869995,144.869995,0
2008-10-15,142.169998,142.199997,138.619995,138.639999,138.639999,0
2008-10-16,137.190002,138.240005,133.380005,135.470001,135.470001,0
2008-10-17,136.050003,139.860001,135.660004,138.050003,138.050003,0
2008-10-20,140.039993,140.309998,137.619995,138.550003,138.550003,0
2008-10-21,137.100006,137.289993,135.380005,136.570007,136.570007,0
2008-10-22,134.100006,134.130005,130.309998,130.649994,130.649994,0
2008-10-23,129.279999,132.070007,128.619995,129.570007,129.570007,0
2008-10-24,123.940002,127.980003,123.910004,126.199997,126.199997,0
2008-10-27,123.650002,129.009995,123.589996,127.639999,127.639999,0
2008-10-28,130.880005,131.080002,127.190002,128.050003,128.050003,0
2008-10-29,132.139999,136.839996,132.059998,135.490005,135.490005,0
2008-10-30,135.509995,135.800003,130.119995,131.259995,131.259995,0
2008-10-31,128.550003,132.360001,128.479996,131.970001,131.970001,0
2008-11-03,131.710007,132.679993,130.440002,131.320007,131.320007,0
2008-11-04,133.169998,139.479996,132.669998,137.630005,137.630005,0
2008-11-05,136.250000,137.490005,132.789993,133.270004,133.270004,0
2008-11-06,131.949997,132.979996,127.500000,128.580002,128.580002,0
2008-11-07,129.669998,129.740005,127.500000,127.709999,127.709999,0
2008-11-10,132.300003,133.440002,128.380005,130.570007,130.570007,0
2008-11-11,128.190002,128.429993,124.889999,125.930000,125.930000,0
2008-11-12,125.019997,125.400002,122.760002,123.099998,123.099998,0
2008-11-13,122.800003,124.900002,120.680000,123.540001,123.540001,0
2008-11-14,125.139999,125.139999,122.589996,124.099998,124.099998,0
2008-11-17,121.300003,124.349998,121.260002,122.989998,122.989998,0
2008-11-18,121.709999,124.320000,121.709999,122.349998,122.349998,0
2008-11-19,121.699997,124.040001,121.449997,121.739998,121.739998,0
2008-11-20,120.400002,120.400002,117.209999,117.459999,117.459999,0
2008-11-21,118.160004,119.199997,117.489998,117.709999,117.709999,0
2008-11-24,121.070000,124.230003,120.529999,123.639999,123.639999,0
2008-11-25,121.730003,123.559998,120.220001,120.980003,120.980003,0
2008-11-26,121.669998,124.330002,120.940002,124.070000,124.070000,0
2008-11-28,122.779999,123.000000,120.510002,122.750000,122.750000,0
2008-12-01,120.360001,120.430000,117.400002,118.199997,118.199997,0
2008-12-02,118.209999,118.809998,116.349998,116.349998,116.349998,0
2008-12-03,115.480003,116.250000,114.139999,114.709999,114.709999,0
2008-12-04,113.930000,114.139999,110.480003,110.580002,110.580002,0
2008-12-05,108.739998,108.989998,105.879997,106.089996,106.089996,0
2008-12-08,108.370003,111.169998,108.370003,109.739998,109.739998,0
2008-12-09,109.529999,110.190002,108.489998,108.779999,108.779999,0
2008-12-10,110.570000,112.930000,109.410004,111.459999,111.459999,0
2008-12-11,113.279999,115.300003,112.750000,114.309998,114.309998,0
2008-12-12,110.959999,113.849998,110.180000,112.650002,112.650002,0
2008-12-15,114.529999,116.070000,112.349998,112.639999,112.639999,0
2008-12-16,112.830002,114.199997,112.669998,113.690002,113.690002,0
2008-12-17,114.489998,115.599998,113.129997,113.940002,113.940002,0
2008-12-18,114.160004,114.190002,111.930000,112.279999,112.279999,0
2008-12-19,110.930000,112.379997,110.849998,111.279999,111.279999,0
2008-12-22,111.910004,112.180000,110.680000,110.769997,110.769997,0
2008-12-23,110.790001,111.879997,109.550003,111.449997,111.449997,0
2008-12-24,110.370003,111.660004,110.129997,110.940002,110.940002,0
2008-12-26,110.790001,112.620003,110.699997,112.570000,112.570000,0
2008-12-29,114.980003,115.370003,112.599998,113.440002,113.440002,0
2008-12-30,113.230003,113.660004,112.320000,113.470001,113.470001,0
2008-12-31,112.580002,117.430000,112.500000,117.250000,117.250000,0
2009-01-02,116.389999,120.010002,116.120003,119.809998,119.809998,0
2009-01-05,118.570000,120.900002,117.669998,120.559998,120.559998,0
2009-01-06,122.629997,123.790001,121.690002,123.459999,123.459999,0
2009-01-07,123.150002,123.180000,118.820000,118.930000,118.930000,0
2009-01-08,118.360001,118.779999,116.540001,117.000000,117.000000,0
2009-01-09,117.790001,118.629997,116.550003,118.269997,118.269997,0
2009-01-12,116.339996,116.339996,113.279999,113.330002,113.330002,0
2009-01-13,112.150002,114.620003,112.139999,113.459999,113.459999,0
2009-01-14,113.330002,113.349998,110.129997,111.769997,111.769997,0
2009-01-15,111.919998,112.330002,109.480003,111.400002,111.400002,0
2009-01-16,112.570000,113.970001,112.000000,112.830002,112.830002,0
2009-01-20,110.580002,112.940002,109.680000,110.389999,110.389999,0
2009-01-21,110.089996,111.239998,108.959999,111.180000,111.180000,0
2009-01-22,111.440002,111.459999,108.220001,110.290001,110.290001,0
2009-01-23,109.889999,113.930000,109.379997,113.239998,113.239998,0
2009-01-26,113.629997,116.680000,113.169998,114.250000,114.250000,0
2009-01-27,112.790001,113.440002,110.239998,110.309998,110.309998,0
2009-01-28,110.089996,112.010002,109.980003,111.260002,111.260002,0
2009-01-29,109.660004,111.099998,109.139999,110.849998,110.849998,0
2009-01-30,110.449997,112.070000,110.220001,110.930000,110.930000,0
2009-02-02,109.290001,110.570000,108.779999,109.440002,109.440002,0
2009-02-03,109.669998,110.120003,108.980003,109.779999,109.779999,0
2009-02-04,110.620003,111.930000,109.879997,110.250000,110.250000,0
2009-02-05,110.739998,111.820000,109.570000,111.750000,111.750000,0
2009-02-06,111.989998,114.389999,110.970001,113.139999,113.139999,0
2009-02-09,113.169998,114.629997,112.760002,112.820000,112.820000,0
2009-02-10,113.260002,114.150002,110.459999,110.559998,110.559998,0
2009-02-11,110.330002,111.489998,109.559998,109.830002,109.830002,0
2009-02-12,109.730003,109.900002,108.540001,109.059998,109.059998,0
2009-02-13,108.900002,109.110001,107.839996,108.160004,108.160004,0
2009-02-17,106.279999,106.309998,103.440002,103.519997,103.519997,0
2009-02-18,103.110001,103.389999,102.290001,102.550003,102.550003,0
2009-02-19,103.970001,104.129997,102.349998,104.059998,104.059998,0
2009-02-20,102.160004,102.980003,101.480003,102.889999,102.889999,0
2009-02-23,103.779999,104.610001,102.110001,102.589996,102.589996,0
2009-02-24,102.300003,103.940002,102.290001,103.930000,103.930000,0
2009-02-25,104.120003,105.669998,103.400002,105.300003,105.300003,0
2009-02-26,105.559998,107.220001,105.220001,106.690002,106.690002,0
2009-02-27,105.089996,106.180000,104.139999,105.989998,105.989998,0
2009-03-02,104.529999,104.739998,101.680000,102.000000,102.000000,0
2009-03-03,102.980003,103.750000,101.870003,103.279999,103.279999,0
2009-03-04,104.339996,106.900002,104.339996,106.809998,106.809998,0
2009-03-05,105.540001,106.250000,104.300003,104.730003,104.730003,0
2009-03-06,105.610001,106.279999,104.900002,105.839996,105.839996,0
2009-03-09,105.309998,106.589996,104.529999,104.839996,104.839996,0
2009-03-10,105.410004,106.629997,104.559998,104.760002,104.760002,0
2009-03-11,104.660004,105.080002,102.550003,102.690002,102.690002,0
2009-03-12,102.830002,106.269997,102.489998,106.120003,106.120003,0
2009-03-13,107.150002,107.669998,105.570000,105.940002,105.940002,0
2009-03-16,105.519997,107.830002,105.099998,107.400002,107.400002,0
2009-03-17,107.410004,108.480003,106.870003,108.269997,108.269997,0
2009-03-18,108.150002,108.220001,105.750000,106.459999,106.459999,0
2009-03-19,110.870003,113.550003,110.589996,112.480003,112.480003,0
2009-03-20,112.580002,113.430000,111.980003,112.809998,112.809998,0
2009-03-23,114.029999,114.739998,113.339996,114.209999,114.209999,0
2009-03-24,113.209999,113.570000,112.389999,113.449997,113.449997,0
2009-03-25,111.959999,113.290001,111.559998,112.430000,112.430000,0
2009-03-26,113.760002,114.559998,112.389999,112.910004,112.910004,0
2009-03-27,111.209999,111.459999,109.989998,110.180000,110.180000,0
2009-03-30,108.529999,108.970001,106.879997,107.160004,107.160004,0
2009-03-31,108.669998,109.930000,107.129997,109.779999,109.779999,0
2009-04-01,108.610001,108.760002,107.589996,108.690002,108.690002,0
2009-04-02,110.790001,112.459999,110.790001,112.300003,112.300003,0
2009-04-03,112.110001,113.720001,111.510002,113.680000,113.680000,0
2009-04-06,113.510002,113.570000,110.910004,111.809998,111.809998,0
2009-04-07,111.389999,111.870003,110.570000,110.699997,110.699997,0
2009-04-08,109.699997,112.529999,109.690002,111.370003,111.370003,0
2009-04-09,112.589996,113.610001,112.500000,113.120003,113.120003,0
2009-04-13,113.150002,113.900002,111.870003,113.160004,113.160004,0
2009-04-14,113.620003,114.199997,112.529999,113.349998,113.349998,0
2009-04-15,113.760002,114.169998,112.930000,113.769997,113.769997,0
2009-04-16,113.370003,114.059998,112.879997,113.269997,113.269997,0
2009-04-17,113.010002,113.870003,113.010002,113.580002,113.580002,0
2009-04-20,111.320000,111.610001,109.459999,109.629997,109.629997,0
2009-04-21,109.199997,110.370003,107.839996,109.779999,109.779999,0
2009-04-22,109.510002,110.160004,109.050003,110.000000,110.000000,0
2009-04-23,110.430000,110.489998,109.160004,109.730003,109.730003,0
2009-04-24,110.019997,111.279999,109.970001,111.029999,111.029999,0
2009-04-27,108.029999,109.680000,107.080002,108.599998,108.599998,0
2009-04-28,107.269997,107.919998,106.830002,107.500000,107.500000,0
2009-04-29,108.709999,110.110001,108.489998,109.870003,109.870003,0
2009-04-30,110.580002,110.620003,109.330002,110.570000,110.570000,0
2009-05-01,110.959999,114.320000,110.910004,114.129997,114.129997,0
2009-05-04,114.440002,115.779999,114.150002,115.739998,115.739998,0
2009-05-05,115.599998,116.169998,114.610001,115.260002,115.260002,0
2009-05-06,115.820000,118.489998,115.820000,118.480003,118.480003,0
2009-05-07,120.059998,120.620003,118.300003,119.339996,119.339996,0
2009-05-08,120.300003,120.879997,119.239998,120.839996,120.839996,0
2009-05-11,119.019997,120.440002,118.739998,120.349998,120.349998,0
2009-05-12,122.120003,122.639999,120.199997,121.209999,121.209999,0
2009-05-13,120.940002,121.309998,119.309998,119.709999,119.709999,0
2009-05-14,118.220001,120.389999,117.860001,120.199997,120.199997,0
2009-05-15,119.050003,119.959999,117.459999,117.699997,117.699997,0
2009-05-18,117.949997,120.050003,117.830002,119.849998,119.849998,0
2009-05-19,120.830002,121.139999,119.239998,119.870003,119.870003,0
2009-05-20,120.279999,122.099998,119.959999,121.320000,121.320000,0
2009-05-21,119.639999,119.870003,118.250000,119.500000,119.500000,0
2009-05-22,120.790001,121.040001,119.830002,120.650002,120.650002,0
2009-05-26,118.879997,121.449997,118.400002,121.349998,121.349998,0
2009-05-27,121.510002,121.879997,120.739998,121.449997,121.449997,0
2009-05-28,121.110001,123.510002,120.949997,123.120003,123.120003,0
2009-05-29,124.830002,125.279999,124.209999,124.930000,124.930000,0
2009-06-01,127.029999,129.210007,126.870003,129.149994,129.149994,0
2009-06-02,128.729996,128.919998,127.800003,128.490005,128.490005,0
2009-06-03,127.300003,127.430000,123.389999,124.199997,124.199997,0
2009-06-04,124.629997,128.410004,124.519997,128.009995,128.009995,0
2009-06-05,128.149994,129.250000,125.970001,127.059998,127.059998,0
2009-06-08,125.650002,126.750000,125.370003,125.790001,125.790001,0
2009-06-09,127.370003,128.380005,126.940002,128.240005,128.240005,0
2009-06-10,129.429993,129.449997,127.800003,128.300003,128.300003,0
2009-06-11,129.389999,131.589996,128.820007,131.119995,131.119995,0
2009-06-12,129.360001,129.779999,128.380005,128.889999,128.889999,0
2009-06-15,126.769997,127.650002,125.449997,126.029999,126.029999,0
2009-06-16,128.000000,128.330002,125.269997,125.690002,125.690002,0
2009-06-17,124.650002,126.620003,124.389999,126.459999,126.459999,0
2009-06-18,125.970001,126.839996,125.570000,126.260002,126.260002,0
2009-06-19,127.019997,127.230003,124.480003,124.730003,124.730003,0
2009-06-22,122.820000,122.820000,120.419998,120.970001,120.970001,0
2009-06-23,121.790001,123.050003,120.919998,122.809998,122.809998,0
2009-06-24,123.029999,124.300003,122.900002,123.339996,123.339996,0
2009-06-25,123.739998,125.220001,116.779999,124.839996,124.839996,0
2009-06-26,125.190002,125.400002,123.300003,123.919998,123.919998,0
2009-06-29,124.510002,125.230003,124.309998,124.830002,124.830002,0
2009-06-30,125.279999,125.540001,121.010002,122.540001,122.540001,0
2009-07-01,123.779999,125.160004,123.000000,123.599998,123.599998,0
2009-07-02,122.070000,122.190002,120.610001,121.019997,121.019997,0
2009-07-06,117.239998,118.870003,117.070000,118.110001,118.110001,0
2009-07-07,119.239998,119.239998,115.989998,116.250000,116.250000,0
2009-07-08,115.449997,115.489998,113.050003,113.239998,113.239998,0
2009-07-09,114.599998,115.209999,113.400002,114.809998,114.809998,0
2009-07-10,113.389999,114.160004,112.889999,113.989998,113.989998,0
2009-07-13,113.470001,114.279999,112.599998,114.080002,114.080002,0
2009-07-14,115.879997,116.250000,115.070000,115.599998,115.599998,0
2009-07-15,117.430000,118.199997,117.120003,117.489998,117.489998,0
2009-07-16,116.870003,118.419998,116.650002,118.360001,118.360001,0
2009-07-17,118.099998,120.629997,117.800003,120.290001,120.290001,0
2009-07-20,121.940002,122.010002,120.099998,121.629997,121.629997,0
2009-07-21,121.330002,122.809998,120.080002,120.879997,120.879997,0
2009-07-22,120.519997,122.080002,119.809998,121.620003,121.620003,0
2009-07-23,121.589996,123.550003,121.199997,123.120003,123.120003,0
2009-07-24,123.360001,123.809998,122.809998,123.320000,123.320000,0
2009-07-27,124.059998,124.190002,123.050003,123.709999,123.709999,0
2009-07-28,123.639999,123.959999,121.669998,122.510002,122.510002,0
2009-07-29,120.970001,121.500000,118.879997,119.480003,119.480003,0
2009-07-30,121.139999,124.250000,121.070000,124.160004,124.160004,0
2009-07-31,124.860001,126.559998,122.820000,126.480003,126.480003,0
2009-08-03,129.839996,131.800003,129.460007,131.250000,131.250000,0
2009-08-04,129.789993,132.500000,129.600006,131.770004,131.770004,0
2009-08-05,132.490005,133.020004,131.199997,132.919998,132.919998,0
2009-08-06,132.289993,132.630005,129.619995,130.399994,130.399994,0
2009-08-07,130.229996,132.039993,129.960007,130.240005,130.240005,0
2009-08-10,130.889999,131.179993,129.440002,129.789993,129.789993,0
2009-08-11,130.699997,130.789993,128.279999,128.839996,128.839996,0
2009-08-12,128.410004,130.789993,128.179993,130.279999,130.279999,0
2009-08-13,132.779999,133.110001,130.940002,130.960007,130.960007,0
2009-08-14,130.949997,131.020004,127.330002,127.510002,127.510002,0
2009-08-17,124.699997,125.330002,123.830002,125.169998,125.169998,0
2009-08-18,125.730003,126.309998,124.269997,126.089996,126.089996,0
2009-08-19,124.900002,127.500000,124.000000,127.260002,127.260002,0
2009-08-20,127.370003,127.540001,125.739998,125.959999,125.959999,0
2009-08-21,127.489998,128.470001,127.269997,127.589996,127.589996,0
2009-08-24,128.330002,129.119995,127.940002,128.750000,128.750000,0
2009-08-25,128.350006,128.839996,126.339996,126.919998,126.919998,0
2009-08-26,126.949997,126.989998,125.650002,126.519997,126.519997,0
2009-08-27,126.360001,126.860001,124.940002,126.730003,126.730003,0
2009-08-28,128.360001,128.679993,127.089996,127.849998,127.849998,0
2009-08-31,126.400002,126.410004,124.720001,125.720001,125.720001,0
2009-09-01,125.349998,126.739998,123.419998,123.489998,123.489998,0
2009-09-02,123.019997,124.040001,122.330002,123.589996,123.589996,0
2009-09-03,124.959999,124.959999,123.040001,123.599998,123.599998,0
2009-09-04,123.360001,123.660004,121.959999,122.930000,122.930000,0
2009-09-08,125.309998,126.669998,125.180000,125.449997,125.449997,0
2009-09-09,125.830002,126.529999,125.309998,125.360001,125.360001,0
2009-09-10,124.889999,125.970001,123.830002,125.870003,125.870003,0
2009-09-11,126.360001,127.389999,123.459999,123.790001,123.790001,0
2009-09-14,122.919998,124.239998,122.620003,124.110001,124.110001,0
2009-09-15,125.010002,127.080002,124.290001,126.580002,126.580002,0
2009-09-16,127.279999,129.619995,127.230003,129.539993,129.539993,0
2009-09-17,129.419998,130.070007,128.539993,128.949997,128.949997,0
2009-09-18,128.300003,128.750000,127.349998,127.510002,127.510002,0
2009-09-21,126.139999,126.150002,124.849998,125.199997,125.199997,0
2009-09-22,126.980003,127.650002,126.309998,127.360001,127.360001,0
2009-09-23,126.580002,126.750000,125.190002,126.129997,126.129997,0
2009-09-24,125.440002,125.779999,122.779999,123.680000,123.680000,0
2009-09-25,123.949997,124.209999,122.680000,123.370003,123.370003,0
2009-09-28,122.900002,124.410004,122.680000,123.800003,123.800003,0
2009-09-29,123.570000,124.620003,122.980003,124.120003,124.120003,0
2009-09-30,125.239998,127.699997,123.910004,127.680000,127.680000,0
2009-10-01,126.489998,127.580002,124.650002,125.449997,125.449997,0
2009-10-02,123.949997,125.180000,122.779999,124.180000,124.180000,0
2009-10-05,123.989998,126.209999,123.300003,125.550003,125.550003,0
2009-10-06,127.290001,128.919998,127.040001,127.510002,127.510002,0
2009-10-07,127.779999,128.679993,126.599998,127.169998,127.169998,0
2009-10-08,128.710007,131.139999,127.800003,130.470001,130.470001,0
2009-10-09,129.880005,130.490005,128.789993,129.179993,129.179993,0
2009-10-12,131.179993,132.240005,130.809998,131.830002,131.830002,0
2009-10-13,132.960007,132.970001,130.160004,131.399994,131.399994,0
2009-10-14,131.889999,132.449997,131.619995,132.080002,132.080002,0
2009-10-15,130.779999,133.610001,130.490005,133.320007,133.320007,0
2009-10-16,132.820007,134.380005,132.520004,134.320007,134.320007,0
2009-10-19,134.820007,136.770004,134.660004,136.570007,136.570007,0
2009-10-20,136.500000,137.149994,135.070007,135.850006,135.850006,0
2009-10-21,134.729996,139.559998,134.699997,138.910004,138.910004,0
2009-10-22,138.160004,138.449997,136.869995,137.940002,137.940002,0
2009-10-23,138.919998,139.380005,137.000000,137.320007,137.320007,0
2009-10-26,137.750000,138.550003,134.630005,135.139999,135.139999,0
2009-10-27,135.449997,135.979996,134.169998,134.869995,134.869995,0
2009-10-28,133.309998,133.919998,131.520004,131.690002,131.690002,0
2009-10-29,132.139999,135.190002,131.699997,134.770004,134.770004,0
2009-10-30,133.779999,134.399994,131.479996,131.860001,131.860001,0
2009-11-02,132.669998,133.520004,131.949997,133.160004,133.160004,0
2009-11-03,132.199997,134.960007,131.509995,134.600006,134.600006,0
2009-11-04,135.649994,136.210007,134.360001,134.880005,134.880005,0
2009-11-05,134.679993,134.990005,133.669998,133.720001,133.720001,0
2009-11-06,133.470001,133.729996,131.110001,131.419998,131.419998,0
2009-11-09,132.910004,133.830002,132.270004,133.539993,133.539993,0
2009-11-10,132.889999,133.660004,131.690002,132.669998,132.669998,0
2009-11-11,133.910004,134.630005,133.100006,133.410004,133.410004,0
2009-11-12,132.220001,132.529999,131.279999,131.470001,131.470001,0
2009-11-13,131.520004,132.130005,130.589996,131.679993,131.679993,0
2009-11-16,133.440002,136.350006,133.080002,136.089996,136.089996,0
2009-11-17,135.309998,136.660004,135.309998,136.419998,136.419998,0
2009-11-18,137.720001,137.850006,135.770004,136.119995,136.119995,0
2009-11-19,135.059998,135.619995,133.759995,134.720001,134.720001,0
2009-11-20,133.779999,135.130005,133.479996,134.910004,134.910004,0
2009-11-23,136.860001,137.729996,134.960007,135.270004,135.270004,0
2009-11-24,135.179993,135.250000,133.389999,133.960007,133.960007,0
2009-11-25,135.229996,137.279999,134.779999,137.250000,137.250000,0
2009-11-27,133.759995,136.160004,131.929993,135.330002,135.330002,0
2009-11-30,135.360001,136.979996,134.559998,136.500000,136.500000,0
2009-12-01,137.110001,138.429993,137.009995,137.580002,137.580002,0
2009-12-02,137.550003,138.169998,136.279999,136.639999,136.639999,0
2009-12-03,137.259995,137.449997,135.850006,136.130005,136.130005,0
2009-12-04,135.830002,137.110001,134.289993,134.789993,134.789993,0
2009-12-07,134.070007,135.490005,133.720001,134.750000,134.750000,0
2009-12-08,134.429993,134.520004,133.509995,133.729996,133.729996,0
2009-12-09,134.339996,134.809998,131.360001,131.589996,131.589996,0
2009-12-10,131.649994,133.039993,131.399994,132.410004,132.410004,0
2009-12-11,133.720001,133.800003,132.250000,133.160004,133.160004,0
2009-12-14,133.630005,134.729996,133.570007,134.449997,134.449997,0
2009-12-15,134.130005,135.149994,133.990005,134.720001,134.720001,0
2009-12-16,135.729996,137.059998,135.500000,136.729996,136.729996,0
2009-12-17,135.660004,135.979996,134.350006,135.070007,135.070007,0
2009-12-18,136.100006,136.350006,134.580002,135.490005,135.490005,0
2009-12-21,136.529999,136.580002,134.720001,134.940002,134.940002,0
2009-12-22,134.110001,135.770004,133.350006,134.860001,134.860001,0
2009-12-23,135.369995,137.399994,135.139999,137.300003,137.300003,0
2009-12-24,137.679993,138.470001,137.320007,138.029999,138.029999,0
2009-12-28,139.429993,141.190002,139.300003,140.050003,140.050003,0
2009-12-29,140.240005,140.509995,139.380005,139.639999,139.639999,0
2009-12-30,139.779999,140.070007,139.259995,139.470001,139.470001,0
2009-12-31,140.220001,140.440002,139.149994,139.190002,139.190002,0
2010-01-04,141.949997,142.720001,141.639999,142.300003,142.300003,0
2010-01-05,142.500000,142.860001,138.160004,142.110001,142.110001,0
2010-01-06,142.899994,145.119995,142.889999,145.029999,145.029999,0
2010-01-07,143.759995,144.500000,142.770004,142.850006,142.850006,0
2010-01-08,141.919998,142.789993,141.789993,142.410004,142.410004,0
2010-01-11,143.919998,143.919998,141.660004,142.009995,142.009995,0
2010-01-12,140.490005,140.990005,138.369995,139.169998,139.169998,0
2010-01-13,138.550003,140.199997,137.389999,140.000000,140.000000,0
2010-01-14,140.149994,140.699997,138.929993,139.460007,139.460007,0
2010-01-15,138.880005,139.300003,137.970001,138.089996,138.089996,0
2010-01-19,137.350006,138.979996,136.979996,138.490005,138.490005,0
2010-01-20,137.470001,137.529999,135.490005,136.320007,136.320007,0
2010-01-21,136.630005,137.110001,135.039993,135.619995,135.619995,0
2010-01-22,135.220001,135.830002,134.169998,134.899994,134.899994,0
2010-01-25,135.100006,135.570007,134.710007,135.110001,135.110001,0
2010-01-26,133.820007,134.279999,132.919998,133.610001,133.610001,0
2010-01-27,133.089996,133.100006,130.389999,130.929993,130.929993,0
2010-01-28,131.169998,131.350006,129.199997,130.050003,130.050003,0
2010-01-29,130.460007,131.309998,128.820007,129.050003,129.050003,0
2010-02-01,129.710007,130.960007,129.389999,130.660004,130.660004,0
2010-02-02,131.869995,133.229996,131.059998,133.000000,133.000000,0
2010-02-03,133.399994,133.410004,130.979996,131.179993,131.179993,0
2010-02-04,131.039993,131.070007,127.360001,128.339996,128.339996,0
2010-02-05,127.779999,128.809998,125.570000,126.559998,126.559998,0
2010-02-08,128.059998,129.110001,127.290001,127.980003,127.980003,0
2010-02-09,129.320007,130.080002,128.110001,129.330002,129.330002,0
2010-02-10,129.539993,130.300003,128.149994,129.889999,129.889999,0
2010-02-11,130.899994,131.800003,129.669998,131.690002,131.690002,0
2010-02-12,130.210007,131.279999,129.470001,131.000000,131.000000,0
2010-02-16,132.860001,134.880005,132.770004,134.330002,134.330002,0
2010-02-17,134.410004,134.559998,133.380005,133.929993,133.929993,0
2010-02-18,133.259995,134.750000,132.990005,134.199997,134.199997,0
2010-02-19,133.389999,134.910004,133.059998,134.839996,134.839996,0
2010-02-22,134.830002,134.970001,133.509995,134.369995,134.369995,0
2010-02-23,133.500000,133.669998,132.229996,132.259995,132.259995,0
2010-02-24,132.020004,133.369995,132.000000,133.350006,133.350006,0
2010-02-25,132.169998,132.289993,130.669998,131.639999,131.639999,0
2010-02-26,132.009995,133.970001,131.869995,133.830002,133.830002,0
2010-03-01,133.800003,134.779999,132.669998,132.970001,132.970001,0
2010-03-02,133.380005,134.880005,133.110001,134.389999,134.389999,0
2010-03-03,134.750000,136.160004,134.740005,135.860001,135.860001,0
2010-03-04,135.580002,135.610001,133.550003,133.949997,133.949997,0
2010-03-05,134.529999,135.580002,134.399994,134.679993,134.679993,0
2010-03-08,134.820007,135.250000,133.779999,134.529999,134.529999,0
2010-03-09,133.339996,134.330002,133.050003,133.929993,133.929993,0
2010-03-10,134.059998,134.979996,132.580002,133.610001,133.610001,0
2010-03-11,133.350006,133.360001,132.460007,132.690002,132.690002,0
2010-03-12,133.550003,133.710007,132.020004,132.449997,132.449997,0
2010-03-15,131.860001,132.050003,130.910004,131.360001,131.360001,0
2010-03-16,131.919998,133.179993,131.899994,132.899994,132.899994,0
2010-03-17,133.490005,134.289993,133.070007,134.199997,134.199997,0
2010-03-18,133.529999,133.929993,132.929993,133.559998,133.559998,0
2010-03-19,133.410004,133.419998,131.630005,132.380005,132.380005,0
2010-03-22,131.020004,132.559998,130.330002,132.070007,132.070007,0
2010-03-23,131.679993,132.520004,131.600006,131.800003,131.800003,0
2010-03-24,129.880005,130.809998,129.839996,130.589996,130.589996,0
2010-03-25,130.979996,131.410004,129.649994,129.800003,129.800003,0
2010-03-26,130.600006,130.710007,129.580002,129.699997,129.699997,0
2010-03-29,130.800003,132.710007,130.720001,132.070007,132.070007,0
2010-03-30,132.619995,132.710007,131.910004,132.679993,132.679993,0
2010-03-31,131.869995,132.429993,131.720001,132.149994,132.149994,0
2010-04-01,133.220001,134.029999,132.759995,133.860001,133.860001,0
2010-04-05,134.330002,135.550003,134.130005,135.440002,135.440002,0
2010-04-06,135.339996,136.009995,134.779999,135.100006,135.100006,0
2010-04-07,134.789993,135.830002,134.270004,135.089996,135.089996,0
2010-04-08,133.919998,134.509995,133.589996,133.949997,133.949997,0
2010-04-09,134.929993,135.309998,134.419998,134.729996,134.729996,0
2010-04-12,135.210007,135.869995,134.449997,134.649994,134.649994,0
2010-04-13,134.199997,135.500000,133.570007,135.330002,135.330002,0
2010-04-14,135.960007,137.029999,135.809998,136.570007,136.570007,0
2010-04-15,136.190002,137.369995,136.100006,136.759995,136.759995,0
2010-04-16,136.600006,136.800003,134.509995,135.130005,135.130005,0
2010-04-19,133.490005,134.240005,132.880005,133.240005,133.240005,0
2010-04-20,134.389999,134.809998,134.100006,134.490005,134.490005,0
2010-04-21,134.289993,135.750000,134.059998,135.000000,135.000000,0
2010-04-22,134.460007,135.410004,133.539993,135.380005,135.380005,0
2010-04-23,135.199997,136.369995,134.710007,136.050003,136.050003,0
2010-04-26,136.740005,136.929993,135.449997,135.759995,135.759995,0
2010-04-27,134.740005,135.660004,133.240005,133.369995,133.369995,0
2010-04-28,133.270004,134.270004,133.240005,133.899994,133.899994,0
2010-04-29,134.520004,134.729996,133.119995,133.509995,133.509995,0
2010-04-30,134.229996,134.779999,133.710007,134.710007,134.710007,0
2010-05-03,134.919998,135.369995,134.399994,135.059998,135.059998,0
2010-05-04,133.830002,134.070007,131.850006,132.089996,132.089996,0
2010-05-05,130.539993,130.830002,128.800003,130.179993,130.179993,0
2010-05-06,129.789993,130.259995,127.989998,128.309998,128.309998,0
2010-05-07,128.380005,129.009995,126.949997,128.660004,128.660004,0
2010-05-10,130.880005,131.179993,129.279999,130.240005,130.240005,0
2010-05-11,128.770004,130.800003,128.770004,130.309998,130.309998,0
2010-05-12,131.360001,132.169998,130.720001,131.289993,131.289993,0
2010-05-13,131.179993,131.960007,130.669998,130.970001,130.970001,0
2010-05-14,129.580002,130.100006,127.639999,127.839996,127.839996,0
2010-05-17,127.290001,127.540001,124.639999,125.099998,125.099998,0
2010-05-18,126.610001,127.209999,125.290001,125.769997,125.769997,0
2010-05-19,124.180000,125.190002,123.139999,124.070000,124.070000,0
2010-05-20,122.800003,123.459999,121.519997,123.010002,123.010002,0
2010-05-21,123.070000,124.589996,122.559998,123.349998,123.349998,0
2010-05-24,123.419998,124.519997,123.320000,124.110001,124.110001,0
2010-05-25,121.760002,122.720001,121.389999,122.400002,122.400002,0
2010-05-26,124.440002,125.139999,123.779999,124.339996,124.339996,0
2010-05-27,125.419998,126.699997,125.120003,126.650002,126.650002,0
2010-05-28,126.900002,127.139999,124.930000,125.360001,125.360001,0
2010-06-01,123.860001,125.860001,123.849998,123.959999,123.959999,0
2010-06-02,123.680000,124.669998,122.940002,123.949997,123.949997,0
2010-06-03,124.000000,124.849998,123.269997,124.650002,124.650002,0
2010-06-04,123.949997,124.239998,121.940002,122.029999,122.029999,0
2010-06-07,121.410004,122.739998,121.199997,122.300003,122.300003,0
2010-06-08,122.500000,123.190002,122.010002,122.830002,122.830002,0
2010-06-09,123.430000,124.419998,123.339996,123.639999,123.639999,0
2010-06-10,123.739998,125.190002,123.690002,124.180000,124.180000,0
2010-06-11,124.900002,125.320000,124.330002,125.059998,125.059998,0
2010-06-14,126.620003,127.519997,126.400002,127.160004,127.160004,0
2010-06-15,127.540001,128.809998,127.070000,128.789993,128.789993,0
2010-06-16,128.399994,129.100006,127.940002,128.779999,128.779999,0
2010-06-17,128.830002,129.429993,128.210007,128.820007,128.820007,0
2010-06-18,128.289993,129.300003,127.940002,128.449997,128.449997,0
2010-06-21,130.449997,130.789993,127.660004,128.399994,128.399994,0
2010-06-22,127.290001,128.550003,127.209999,127.820000,127.820000,0
2010-06-23,127.930000,128.000000,126.250000,126.580002,126.580002,0
2010-06-24,126.820000,127.410004,126.610001,127.110001,127.110001,0
2010-06-25,127.379997,128.910004,127.339996,128.750000,128.750000,0
2010-06-28,128.630005,128.630005,127.279999,127.610001,127.610001,0
2010-06-29,125.809998,125.900002,124.040001,124.230003,124.230003,0
2010-06-30,124.720001,125.860001,123.949997,125.750000,125.750000,0
2010-07-01,124.779999,125.019997,123.410004,124.709999,124.709999,0
2010-07-02,125.089996,125.320000,123.820000,123.989998,123.989998,0
2010-07-06,125.230003,126.180000,123.940002,123.980003,123.980003,0
2010-07-07,124.180000,126.290001,124.139999,125.860001,125.860001,0
2010-07-08,126.169998,126.930000,125.419998,126.349998,126.349998,0
2010-07-09,126.489998,127.349998,126.160004,126.949997,126.949997,0
2010-07-12,126.440002,126.669998,125.510002,125.769997,125.769997,0
2010-07-13,126.199997,127.529999,126.070000,127.129997,127.129997,0
2010-07-14,126.930000,128.149994,126.570000,127.269997,127.269997,0
2010-07-15,128.070007,129.009995,126.879997,128.919998,128.919998,0
2010-07-16,129.100006,129.110001,126.919998,127.559998,127.559998,0
2010-07-19,127.599998,128.029999,126.449997,127.040001,127.040001,0
2010-07-20,126.669998,127.830002,126.269997,127.519997,127.519997,0
2010-07-21,128.419998,128.979996,127.779999,127.949997,127.949997,0
2010-07-22,128.809998,130.559998,128.770004,130.300003,130.300003,0
2010-07-23,130.169998,130.479996,129.729996,129.899994,129.899994,0
2010-07-26,129.509995,130.070007,129.259995,129.770004,129.770004,0
2010-07-27,130.410004,130.580002,128.399994,128.789993,128.789993,0
2010-07-28,129.699997,130.449997,129.080002,129.929993,129.929993,0
2010-07-29,130.610001,132.089996,130.509995,131.820007,131.820007,0
2010-07-30,132.240005,134.289993,131.580002,134.250000,134.250000,0
2010-08-02,135.630005,136.690002,135.070007,135.600006,135.600006,0
2010-08-03,135.250000,135.860001,135.009995,135.330002,135.330002,0
2010-08-04,136.210007,137.130005,135.919998,137.009995,137.009995,0
2010-08-05,138.149994,138.460007,136.389999,136.850006,136.850006,0
2010-08-06,136.910004,137.479996,134.949997,135.320007,135.320007,0
2010-08-09,135.970001,136.110001,134.789993,134.990005,134.990005,0
2010-08-10,133.479996,134.470001,132.970001,133.639999,133.639999,0
2010-08-11,133.070007,133.240005,131.860001,132.300003,132.300003,0
2010-08-12,132.330002,133.669998,132.220001,132.789993,132.789993,0
2010-08-13,133.119995,133.309998,132.470001,132.759995,132.759995,0
2010-08-16,132.970001,133.429993,131.970001,132.039993,132.039993,0
2010-08-17,133.059998,133.649994,132.639999,133.000000,133.000000,0
2010-08-18,132.479996,133.149994,131.570007,132.919998,132.919998,0
2010-08-19,133.500000,133.710007,131.839996,132.119995,132.119995,0
2010-08-20,131.179993,131.639999,130.899994,131.389999,131.389999,0
2010-08-23,131.830002,131.929993,130.710007,130.990005,130.990005,0
2010-08-24,129.410004,129.740005,128.809998,129.339996,129.339996,0
2010-08-25,129.149994,129.179993,128.289993,128.779999,128.779999,0
2010-08-26,129.839996,130.589996,129.690002,130.160004,130.160004,0
2010-08-27,130.410004,131.919998,129.960007,131.589996,131.589996,0
2010-08-30,131.820007,132.570007,131.770004,132.160004,132.160004,0
2010-08-31,131.440002,132.429993,130.770004,130.820007,130.820007,0
2010-09-01,131.820007,132.949997,131.589996,132.460007,132.460007,0
2010-09-02,132.529999,133.610001,132.470001,133.559998,133.559998,0
2010-09-03,133.750000,135.039993,133.300003,134.990005,134.990005,0
2010-09-07,133.860001,135.600006,133.649994,135.410004,135.410004,0
2010-09-08,135.449997,136.070007,135.149994,135.429993,135.429993,0
2010-09-09,134.750000,135.509995,134.619995,135.059998,135.059998,0
2010-09-10,135.570007,136.289993,135.059998,135.619995,135.619995,0
2010-09-13,136.490005,137.619995,136.350006,136.850006,136.850006,0
2010-09-14,136.869995,138.169998,136.710007,137.960007,137.960007,0
2010-09-15,137.770004,137.809998,137.149994,137.610001,137.610001,0
2010-09-16,137.800003,138.039993,136.619995,137.449997,137.449997,0
2010-09-17,139.039993,139.050003,137.600006,138.419998,138.419998,0
2010-09-20,139.350006,139.460007,138.119995,138.199997,138.199997,0
2010-09-21,138.130005,138.529999,137.130005,137.259995,137.259995,0
2010-09-22,138.369995,139.100006,137.529999,138.029999,138.029999,0
2010-09-23,137.789993,138.889999,137.509995,138.550003,138.550003,0
2010-09-24,139.160004,140.520004,139.029999,140.229996,140.229996,0
2010-09-27,140.520004,140.619995,139.139999,139.820007,139.820007,0
2010-09-28,139.089996,140.539993,138.990005,139.679993,139.679993,0
2010-09-29,138.839996,140.270004,138.289993,140.199997,140.199997,0
2010-09-30,140.610001,140.699997,138.389999,140.300003,140.300003,0
2010-10-01,140.490005,140.850006,138.880005,139.139999,139.139999,0
2010-10-04,138.229996,138.899994,138.000000,138.479996,138.479996,0
2010-10-05,139.429993,141.149994,139.139999,140.979996,140.979996,0
2010-10-06,141.240005,141.979996,140.990005,141.429993,141.429993,0
2010-10-07,142.339996,142.630005,139.750000,139.889999,139.889999,0
2010-10-08,139.720001,144.449997,139.710007,144.399994,144.399994,0
2010-10-11,145.350006,146.410004,144.080002,145.110001,145.110001,0
2010-10-12,145.000000,146.490005,144.600006,146.039993,146.039993,0
2010-10-13,147.350006,147.639999,146.529999,146.839996,146.839996,0
2010-10-14,147.550003,147.949997,146.740005,146.919998,146.919998,0
2010-10-15,147.179993,147.800003,145.490005,145.679993,145.679993,0
2010-10-18,144.990005,146.479996,144.880005,146.210007,146.210007,0
2010-10-19,144.970001,144.990005,143.339996,143.470001,143.470001,0
2010-10-20,144.610001,146.419998,143.910004,146.300003,146.300003,0
2010-10-21,146.979996,147.050003,144.130005,144.470001,144.470001,0
2010-10-22,145.039993,145.339996,144.389999,144.839996,144.839996,0
2010-10-25,146.889999,147.229996,145.570007,146.259995,146.259995,0
2010-10-26,145.910004,147.250000,145.649994,147.080002,147.080002,0
2010-10-27,145.789993,146.100006,144.869995,146.020004,146.020004,0
2010-10-28,146.899994,147.250000,146.289993,146.860001,146.860001,0
2010-10-29,146.380005,147.410004,146.190002,147.270004,147.270004,0
2010-11-01,148.610001,149.149994,147.009995,147.279999,147.279999,0
2010-11-02,148.490005,148.860001,148.050003,148.399994,148.399994,0
2010-11-03,149.380005,149.440002,146.839996,148.169998,148.169998,0
2010-11-04,150.369995,152.240005,150.339996,152.160004,152.160004,0
2010-11-05,152.589996,153.240005,152.130005,153.210007,153.210007,0
2010-11-08,153.009995,154.119995,152.869995,153.800003,153.800003,0
2010-11-09,155.860001,157.839996,155.240005,155.880005,155.880005,0
2010-11-10,154.820007,155.429993,153.529999,154.190002,154.190002,0
2010-11-11,154.869995,155.110001,153.449997,153.740005,153.740005,0
2010-11-12,151.169998,151.389999,147.509995,147.800003,147.800003,0
2010-11-15,148.100006,149.380005,147.740005,148.869995,148.869995,0
2010-11-16,146.889999,146.970001,142.889999,143.149994,143.149994,0
2010-11-17,142.759995,144.600006,142.570007,143.119995,143.119995,0
2010-11-18,145.750000,146.720001,145.179993,146.559998,146.559998,0
2010-11-19,145.750000,146.110001,144.699997,145.100006,145.100006,0
2010-11-22,145.369995,145.369995,143.669998,145.000000,145.000000,0
2010-11-23,143.399994,145.429993,143.119995,145.139999,145.139999,0
2010-11-24,145.880005,147.220001,145.559998,147.100006,147.100006,0
2010-11-26,146.029999,146.690002,145.580002,146.339996,146.339996,0
2010-11-29,146.979996,147.360001,146.220001,146.720001,146.720001,0
2010-11-30,146.619995,147.460007,146.229996,146.729996,146.729996,0
2010-12-01,149.000000,150.889999,148.699997,150.720001,150.720001,0
2010-12-02,151.279999,152.160004,150.710007,151.820007,151.820007,0
2010-12-03,152.520004,153.850006,152.029999,153.809998,153.809998,0
2010-12-06,153.960007,154.699997,153.600006,154.210007,154.210007,0
2010-12-07,156.169998,156.729996,153.220001,153.570007,153.570007,0
2010-12-08,152.399994,154.360001,152.130005,154.210007,154.210007,0
2010-12-09,154.139999,154.600006,153.580002,153.860001,153.860001,0
2010-12-10,154.520004,154.770004,152.740005,153.419998,153.419998,0
2010-12-13,155.279999,156.020004,155.179993,155.990005,155.990005,0
2010-12-14,156.389999,156.419998,155.270004,155.470001,155.470001,0
2010-12-15,154.619995,155.759995,154.130005,154.610001,154.610001,0
2010-12-16,154.339996,154.479996,153.160004,153.509995,153.509995,0
2010-12-17,153.380005,155.360001,153.300003,155.190002,155.190002,0
2010-12-20,156.270004,156.970001,155.339996,156.970001,156.970001,0
2010-12-21,157.330002,158.240005,157.199997,157.850006,157.850006,0
2010-12-22,157.910004,158.720001,157.639999,158.679993,158.679993,0
2010-12-23,157.929993,158.990005,157.660004,158.889999,158.889999,0
2010-12-27,158.460007,159.190002,158.039993,159.059998,159.059998,0
2010-12-28,159.729996,160.809998,159.669998,160.589996,160.589996,0
2010-12-29,160.529999,161.059998,160.399994,160.660004,160.660004,0
2010-12-30,160.919998,160.940002,158.919998,159.690002,159.690002,0
2010-12-31,160.800003,162.570007,160.600006,162.389999,162.389999,0
2011-01-03,163.479996,163.690002,162.380005,162.449997,162.449997,0
2011-01-04,162.649994,162.759995,159.179993,160.009995,160.009995,0
2011-01-05,158.339996,161.029999,158.240005,160.729996,160.729996,0
2011-01-06,160.800003,161.119995,158.830002,158.910004,158.910004,0
2011-01-07,157.789993,159.380005,157.360001,157.860001,157.860001,0
2011-01-10,158.020004,159.160004,157.699997,158.710007,158.710007,0
2011-01-11,160.000000,160.750000,159.470001,160.369995,160.369995,0
2011-01-12,161.160004,163.470001,160.970001,162.610001,162.610001,0
2011-01-13,162.570007,162.770004,161.740005,161.880005,161.880005,0
2011-01-14,160.770004,161.789993,160.449997,161.669998,161.669998,0
2011-01-18,162.429993,162.779999,161.589996,162.080002,162.080002,0
2011-01-19,163.399994,163.529999,161.570007,161.830002,161.830002,0
2011-01-20,160.539993,161.169998,158.860001,160.970001,160.970001,0
2011-01-21,161.460007,162.360001,161.160004,161.910004,161.910004,0
2011-01-24,162.539993,162.690002,160.610001,160.880005,160.880005,0
2011-01-25,158.669998,159.000000,157.899994,158.119995,158.119995,0
2011-01-26,158.949997,160.690002,158.479996,160.490005,160.490005,0
2011-01-27,160.770004,161.020004,159.229996,159.460007,159.460007,0
2011-01-28,159.550003,161.880005,159.529999,161.289993,161.289993,0
2011-01-31,162.160004,164.089996,161.809998,164.000000,164.000000,0
2011-02-01,163.729996,164.929993,163.649994,164.589996,164.589996,0
2011-02-02,164.949997,165.740005,164.399994,165.339996,165.339996,0
2011-02-03,165.520004,165.809998,163.830002,164.259995,164.259995,0
2011-02-04,164.470001,165.210007,163.309998,163.979996,163.979996,0
2011-02-07,164.570007,164.630005,162.699997,162.759995,162.759995,0
2011-02-08,161.919998,163.550003,161.850006,162.880005,162.880005,0
2011-02-09,162.949997,164.820007,162.869995,163.809998,163.809998,0
2011-02-10,163.279999,164.339996,163.179993,163.259995,163.259995,0
2011-02-11,163.160004,163.300003,161.979996,162.460007,162.460007,0
2011-02-14,162.789993,164.029999,162.679993,162.979996,162.979996,0
2011-02-15,162.990005,163.449997,161.009995,161.649994,161.649994,0
2011-02-16,161.839996,162.190002,161.300003,161.720001,161.720001,0
2011-02-17,162.360001,163.320007,161.759995,163.050003,163.050003,0
2011-02-18,162.520004,164.169998,162.330002,162.979996,162.979996,0
2011-02-22,164.210007,164.809998,160.710007,161.869995,161.869995,0
2011-02-23,161.190002,163.699997,161.110001,163.470001,163.470001,0
2011-02-24,163.940002,164.070007,162.169998,162.350006,162.350006,0
2011-02-25,162.720001,165.619995,162.029999,165.339996,165.339996,0
2011-02-28,165.750000,166.550003,165.449997,166.139999,166.139999,0
2011-03-01,166.929993,167.619995,165.929993,166.979996,166.979996,0
2011-03-02,166.970001,168.169998,166.970001,167.880005,167.880005,0
2011-03-03,167.589996,168.690002,167.369995,168.259995,168.259995,0
2011-03-04,169.089996,169.639999,168.509995,169.279999,169.279999,0
2011-03-07,170.529999,170.539993,168.110001,168.449997,168.449997,0
2011-03-08,167.740005,168.330002,166.979996,167.410004,167.410004,0
2011-03-09,167.929993,168.429993,166.029999,166.720001,166.720001,0
2011-03-10,165.070007,165.250000,163.229996,164.399994,164.399994,0
2011-03-11,161.699997,163.889999,161.419998,163.350006,163.350006,0
2011-03-14,162.419998,163.559998,162.350006,163.139999,163.139999,0
2011-03-15,159.119995,159.339996,157.559998,157.580002,157.580002,0
2011-03-16,160.089996,160.690002,157.559998,157.779999,157.779999,0
2011-03-17,160.039993,163.029999,160.009995,162.880005,162.880005,0
2011-03-18,165.330002,165.759995,163.880005,164.809998,164.809998,0
2011-03-21,166.610001,166.630005,164.940002,165.529999,165.529999,0
2011-03-22,165.169998,166.809998,164.639999,166.800003,166.800003,0
2011-03-23,167.699997,167.970001,167.130005,167.580002,167.580002,0
2011-03-24,168.089996,168.679993,167.539993,168.339996,168.339996,0
2011-03-25,169.059998,169.250000,167.789993,168.740005,168.740005,0
2011-03-28,167.720001,167.869995,166.520004,166.619995,166.619995,0
2011-03-29,166.119995,167.479996,165.860001,166.550003,166.550003,0
2011-03-30,166.679993,166.979996,165.570007,166.580002,166.580002,0
2011-03-31,167.160004,169.779999,166.979996,169.559998,169.559998,0
2011-04-01,169.809998,170.330002,168.940002,170.020004,170.020004,0
2011-04-04,170.759995,171.169998,170.279999,170.850006,170.850006,0
2011-04-05,170.119995,171.339996,170.080002,171.250000,171.250000,0
2011-04-06,171.839996,172.449997,171.119995,171.440002,171.440002,0
2011-04-07,171.929993,172.720001,170.589996,171.399994,171.399994,0
2011-04-08,173.160004,174.539993,172.309998,173.880005,173.880005,0
2011-04-11,173.059998,174.149994,172.619995,172.860001,172.860001,0
2011-04-12,171.919998,172.289993,168.240005,169.240005,169.240005,0
2011-04-13,169.889999,170.800003,168.610001,169.399994,169.399994,0
2011-04-14,168.399994,170.259995,168.050003,169.899994,169.899994,0
2011-04-15,169.899994,171.179993,169.320007,170.669998,170.669998,0
2011-04-18,170.070007,170.529999,168.809998,169.820007,169.820007,0
2011-04-19,170.080002,171.279999,169.449997,170.800003,170.800003,0
2011-04-20,172.789993,173.899994,171.910004,172.710007,172.710007,0
2011-04-21,173.820007,174.279999,172.889999,174.220001,174.220001,0
2011-04-25,175.440002,175.679993,173.330002,174.520004,174.520004,0
2011-04-26,173.649994,174.110001,173.300003,173.699997,173.699997,0
2011-04-27,173.080002,173.830002,172.210007,173.100006,173.100006,0
2011-04-28,173.610001,174.619995,172.380005,173.020004,173.020004,0
2011-04-29,173.600006,175.520004,173.190002,175.419998,175.419998,0
2011-05-02,173.869995,175.660004,173.529999,174.190002,174.190002,0
2011-05-03,172.779999,173.710007,171.639999,172.190002,172.190002,0
2011-05-04,170.850006,171.350006,168.750000,168.910004,168.910004,0
2011-05-05,166.399994,166.419998,160.910004,161.020004,161.020004,0
2011-05-06,159.570007,163.490005,159.440002,159.500000,159.500000,0
2011-05-09,162.009995,162.919998,161.000000,162.570007,162.570007,0
2011-05-10,163.860001,164.919998,162.889999,164.600006,164.600006,0
2011-05-11,163.690002,164.889999,159.449997,159.660004,159.660004,0
2011-05-12,157.130005,160.860001,156.710007,159.869995,159.869995,0
2011-05-13,161.100006,161.369995,158.240005,159.839996,159.839996,0
2011-05-16,159.559998,160.929993,158.979996,159.220001,159.220001,0
2011-05-17,159.550003,159.570007,156.949997,158.910004,158.910004,0
2011-05-18,160.729996,163.399994,160.339996,162.880005,162.880005,0
2011-05-19,162.750000,163.020004,160.809998,160.860001,160.860001,0
2011-05-20,160.869995,162.679993,159.669998,162.350006,162.350006,0
2011-05-23,160.820007,161.330002,160.009995,160.759995,160.759995,0
2011-05-24,161.880005,162.779999,160.619995,161.490005,161.490005,0
2011-05-25,162.649994,164.160004,162.179993,163.809998,163.809998,0
2011-05-26,163.929993,164.229996,162.789993,163.490005,163.490005,0
2011-05-27,164.279999,165.410004,164.270004,165.350006,165.350006,0
2011-05-31,166.460007,167.270004,165.990005,166.539993,166.539993,9329500
2011-06-01,166.330002,166.360001,164.440002,164.979996,164.979996,9488600
2011-06-02,165.149994,166.190002,164.289993,165.679993,165.679993,11427300
2011-06-03,165.369995,166.449997,164.610001,165.889999,165.889999,9292900
2011-06-06,165.339996,166.399994,164.589996,164.690002,164.690002,0
2011-06-07,163.660004,165.309998,163.410004,165.259995,165.259995,8957500
2011-06-08,164.300003,166.960007,163.910004,166.229996,166.229996,10257300
2011-06-09,166.529999,168.869995,166.320007,166.740005,166.740005,11241700
2011-06-10,166.240005,166.289993,164.699997,165.600006,165.600006,9925600
2011-06-13,165.070007,165.199997,162.910004,163.679993,163.679993,8560200
2011-06-14,163.399994,164.350006,163.250000,164.250000,164.250000,11634800
2011-06-15,163.669998,164.300003,160.720001,161.320007,161.320007,10354300
2011-06-16,160.559998,160.940002,159.789993,159.889999,159.889999,9700000
2011-06-17,160.130005,160.350006,158.410004,159.000000,159.000000,8761600
2011-06-20,158.020004,159.330002,157.970001,158.919998,158.919998,8252000
2011-06-21,160.300003,160.589996,159.360001,160.110001,160.110001,9092300
2011-06-22,159.690002,160.479996,159.009995,159.570007,159.570007,8201500
2011-06-23,157.850006,157.869995,154.220001,155.970001,155.970001,10481700
2011-06-24,156.429993,156.740005,155.160004,155.509995,155.509995,17510800
2011-06-27,154.710007,154.990005,153.850006,154.660004,154.660004,0
2011-06-28,155.809998,157.240005,155.809998,157.210007,157.210007,0
2011-06-29,158.820007,159.589996,158.179993,159.029999,159.029999,0
2011-06-30,159.050003,159.949997,156.809998,158.130005,158.130005,0
2011-07-01,156.210007,157.500000,155.800003,156.869995,156.869995,0
2011-07-05,158.460007,159.820007,158.289993,159.429993,159.429993,0
2011-07-06,158.360001,159.419998,158.300003,158.729996,158.729996,0
2011-07-07,159.059998,161.389999,159.050003,161.089996,161.089996,0
2011-07-08,161.020004,161.470001,159.750000,160.830002,160.830002,0
2011-07-11,159.470001,160.460007,159.039993,160.000000,160.000000,0
2011-07-12,159.029999,161.990005,158.539993,161.970001,161.970001,0
2011-07-13,162.919998,165.250000,162.550003,164.660004,164.660004,0
2011-07-14,164.740005,164.820007,162.600006,163.369995,163.369995,0
2011-07-15,163.460007,165.130005,163.460007,164.539993,164.539993,0
2011-07-18,164.039993,164.169998,163.000000,164.039993,164.039993,0
2011-07-19,165.580002,166.520004,165.020004,165.020004,165.020004,0
2011-07-20,165.279999,165.429993,164.160004,164.529999,164.529999,0
2011-07-21,164.119995,165.419998,163.399994,163.559998,163.559998,0
2011-07-22,164.479996,165.360001,164.259995,165.279999,165.279999,0
2011-07-25,164.789993,165.220001,164.039993,164.600006,164.600006,0
2011-07-26,165.369995,165.979996,164.279999,165.830002,165.830002,0
2011-07-27,165.479996,165.830002,164.779999,165.029999,165.029999,0
2011-07-28,165.029999,165.149994,163.789993,164.050003,164.050003,0
2011-07-29,163.139999,163.199997,162.410004,162.809998,162.809998,0
2011-08-01,163.839996,164.520004,161.869995,162.479996,162.479996,0
2011-08-02,162.460007,163.600006,162.100006,163.449997,163.449997,0
2011-08-03,163.100006,163.339996,161.339996,161.800003,161.800003,0
2011-08-04,160.809998,160.960007,157.169998,157.289993,157.289993,0
2011-08-05,156.630005,157.610001,154.580002,156.149994,156.149994,0
2011-08-08,154.630005,155.169998,152.979996,153.059998,153.059998,0
2011-08-09,153.750000,154.990005,152.610001,152.830002,152.830002,0
2011-08-10,155.559998,155.750000,153.779999,154.779999,154.779999,0
2011-08-11,154.610001,157.410004,154.600006,157.289993,157.289993,0
2011-08-12,157.490005,157.910004,156.919998,157.029999,157.029999,0
2011-08-15,157.080002,158.410004,157.080002,158.389999,158.389999,0
2011-08-16,157.479996,158.970001,157.360001,158.380005,158.380005,0
2011-08-17,159.089996,160.559998,159.089996,159.699997,159.699997,0
2011-08-18,158.529999,158.699997,156.899994,157.089996,157.089996,0
2011-08-19,157.809998,159.500000,157.770004,159.000000,159.000000,0
2011-08-22,160.009995,160.020004,159.070007,159.880005,159.880005,0
2011-08-23,160.649994,161.050003,159.779999,160.690002,160.690002,0
2011-08-24,160.350006,160.990005,158.210007,158.369995,158.369995,0
2011-08-25,158.309998,159.630005,157.679993,159.279999,159.279999,0
2011-08-26,159.440002,161.229996,158.389999,161.139999,161.139999,0
2011-08-29,161.710007,162.080002,161.330002,161.410004,161.410004,0
2011-08-30,161.389999,163.449997,161.360001,163.429993,163.429993,0
2011-08-31,163.050003,164.679993,160.070007,164.429993,164.429993,0
2011-09-01,163.440002,164.179993,160.300003,162.910004,162.910004,0
2011-09-02,163.029999,163.419998,158.330002,162.509995,162.509995,0
2011-09-06,161.000000,161.630005,160.149994,161.220001,161.220001,0
2011-09-07,161.720001,162.860001,161.399994,162.270004,162.270004,0
2011-09-08,162.639999,163.419998,162.320007,162.750000,162.750000,0
2011-09-09,161.419998,161.699997,160.119995,160.600006,160.600006,0
2011-09-12,159.369995,160.619995,158.919998,159.729996,159.729996,0
2011-09-13,160.050003,160.830002,159.529999,160.190002,160.190002,0
2011-09-14,159.830002,159.940002,159.110001,159.679993,159.679993,0
2011-09-15,160.059998,160.210007,158.119995,158.279999,158.279999,0
2011-09-16,158.770004,158.800003,157.279999,157.479996,157.479996,0
2011-09-19,156.429993,156.429993,154.139999,154.710007,154.710007,0
2011-09-20,156.100006,156.399994,154.839996,155.250000,155.250000,0
2011-09-21,154.910004,155.300003,153.940002,154.000000,154.000000,0
2011-09-22,149.210007,149.330002,146.979996,147.210007,147.210007,0
2011-09-23,144.240005,145.720001,142.979996,143.089996,143.089996,0
2011-09-26,143.210007,144.009995,141.600006,143.259995,143.259995,0
2011-09-27,147.190002,148.089996,146.570007,147.080002,147.080002,0
2011-09-28,146.300003,146.550003,143.160004,143.229996,143.229996,0
2011-09-29,142.940002,144.839996,142.830002,143.960007,143.960007,0
2011-09-30,143.240005,145.350006,140.119995,140.199997,140.199997,0
2011-10-03,140.080002,141.389999,138.960007,140.300003,140.300003,0
2011-10-04,138.479996,139.740005,138.070007,138.350006,138.350006,0
2011-10-05,139.729996,140.550003,138.789993,140.399994,140.399994,0
2011-10-06,141.630005,142.979996,141.080002,142.789993,142.789993,0
2011-10-07,142.070007,143.470001,141.080002,141.809998,141.809998,0
2011-10-10,143.669998,145.149994,143.669998,144.320007,144.320007,0
2011-10-11,143.490005,146.179993,142.940002,145.899994,145.899994,0
2011-10-12,146.850006,147.149994,145.089996,146.070007,146.070007,0
2011-10-13,144.910004,145.850006,144.039993,145.570007,145.570007,0
2011-10-14,146.779999,148.289993,146.779999,148.210007,148.210007,0
2011-10-17,148.139999,148.369995,146.789993,147.160004,147.160004,0
2011-10-18,145.169998,147.259995,144.800003,146.889999,146.889999,0
2011-10-19,146.830002,147.669998,144.850006,144.929993,144.929993,0
2011-10-20,144.029999,144.250000,141.869995,143.449997,143.449997,0
2011-10-21,145.449997,146.369995,144.880005,144.949997,144.949997,0
2011-10-24,146.699997,148.029999,146.339996,147.809998,147.809998,0
2011-10-25,148.889999,149.429993,147.820007,148.720001,148.720001,0
2011-10-26,149.330002,149.660004,147.169998,147.229996,147.229996,0
2011-10-27,149.539993,151.339996,149.479996,150.860001,150.860001,0
2011-10-28,150.080002,151.289993,149.910004,150.869995,150.869995,0
2011-10-31,149.630005,149.660004,148.179993,149.479996,149.479996,0
2011-11-01,146.440002,147.550003,144.929993,147.229996,147.229996,0
2011-11-02,148.470001,149.139999,147.229996,147.559998,147.559998,0
2011-11-03,148.820007,149.850006,147.970001,149.520004,149.520004,0
2011-11-04,150.110001,150.169998,148.630005,149.479996,149.479996,0
2011-11-07,149.880005,150.229996,149.190002,149.679993,149.679993,0
2011-11-08,150.110001,150.789993,149.690002,150.710007,150.710007,0
2011-11-09,149.809998,150.169998,148.419998,148.679993,148.679993,0
2011-11-10,149.110001,149.320007,147.490005,148.149994,148.149994,0
2011-11-11,148.100006,149.160004,147.990005,148.929993,148.929993,0
2011-11-14,148.630005,148.850006,147.580002,147.889999,147.889999,0
2011-11-15,147.779999,149.149994,147.690002,148.940002,148.940002,0
2011-11-16,148.419998,149.639999,148.190002,149.190002,149.190002,0
2011-11-17,147.649994,148.130005,144.979996,145.470001,145.470001,0
2011-11-18,146.350006,146.369995,143.910004,144.899994,144.899994,0
2011-11-21,143.589996,143.940002,142.009995,143.080002,143.080002,0
2011-11-22,144.259995,144.539993,143.149994,144.339996,144.339996,0
2011-11-23,141.990005,143.000000,141.539993,142.429993,142.429993,0
2011-11-25,141.529999,142.960007,141.210007,141.740005,141.740005,0
2011-11-28,144.460007,144.460007,142.570007,143.020004,143.020004,0
2011-11-29,143.139999,144.720001,142.889999,144.410004,144.410004,0
2011-11-30,143.809998,147.309998,143.800003,146.160004,146.160004,0
2011-12-01,146.279999,147.100006,145.119995,145.899994,145.899994,0
2011-12-02,147.149994,147.440002,145.830002,146.289993,146.289993,0
2011-12-05,146.429993,147.110001,145.229996,145.509995,145.509995,0
2011-12-06,144.460007,145.880005,144.169998,145.839996,145.839996,0
2011-12-07,145.509995,145.809998,144.119995,144.610001,144.610001,0
2011-12-08,144.889999,145.639999,142.779999,143.479996,143.479996,0
2011-12-09,143.690002,143.880005,141.990005,142.979996,142.979996,0
2011-12-12,141.190002,141.539993,140.029999,140.770004,140.770004,0
2011-12-13,141.460007,142.559998,141.119995,141.639999,141.639999,0
2011-12-14,139.619995,139.910004,136.320007,136.529999,136.529999,0
2011-12-15,137.350006,137.690002,136.169998,136.259995,136.259995,0
2011-12-16,137.330002,137.440002,136.449997,137.009995,137.009995,0
2011-12-19,137.160004,137.720001,136.589996,137.259995,137.259995,0
2011-12-20,138.339996,139.800003,138.210007,139.570007,139.570007,0
2011-12-21,139.089996,140.649994,138.729996,140.380005,140.380005,0
2011-12-22,140.809998,141.350006,140.279999,141.089996,141.089996,0
2011-12-23,141.360001,141.500000,141.160004,141.199997,141.199997,0
2011-12-27,140.990005,142.389999,140.949997,142.130005,142.130005,0
2011-12-28,141.699997,142.360001,140.369995,140.690002,140.690002,0
2011-12-29,140.149994,140.429993,139.300003,139.979996,139.979996,0
2011-12-30,140.440002,141.419998,140.330002,140.679993,140.679993,0
2012-01-03,142.470001,144.279999,142.089996,144.160004,144.160004,0
2012-01-04,143.779999,144.770004,143.570007,144.490005,144.490005,0
2012-01-05,143.500000,143.759995,142.270004,142.339996,142.339996,0
2012-01-06,142.880005,143.330002,142.050003,142.550003,142.550003,0
2012-01-09,142.679993,143.270004,142.279999,143.080002,143.080002,0
2012-01-10,144.429993,145.020004,143.910004,144.210007,144.210007,0
2012-01-11,143.419998,143.940002,142.589996,143.169998,143.169998,0
2012-01-12,144.009995,144.380005,141.589996,141.610001,141.610001,0
2012-01-13,141.429993,141.429993,140.039993,140.509995,140.509995,0
2012-01-17,142.210007,142.449997,140.949997,141.479996,141.479996,0
2012-01-18,141.479996,141.910004,140.710007,141.149994,141.149994,0
2012-01-19,141.910004,142.330002,141.139999,141.589996,141.589996,0
2012-01-20,141.350006,141.419998,140.550003,141.240005,141.240005,0
2012-01-23,142.029999,143.669998,141.960007,143.529999,143.529999,0
2012-01-24,143.440002,144.369995,142.960007,143.990005,143.990005,0
2012-01-25,143.970001,145.860001,143.740005,145.600006,145.600006,0
2012-01-26,147.179993,147.449997,145.899994,146.250000,146.250000,0
2012-01-27,146.509995,146.690002,145.309998,146.619995,146.619995,0
2012-01-30,145.960007,145.960007,145.029999,145.050003,145.050003,0
2012-01-31,145.990005,146.029999,143.520004,144.160004,144.160004,0
2012-02-01,144.679993,144.770004,144.179993,144.320007,144.320007,0
2012-02-02,144.029999,144.710007,143.279999,144.449997,144.449997,0
2012-02-03,144.759995,145.630005,144.289993,145.539993,145.539993,0
2012-02-06,145.389999,145.860001,144.429993,145.839996,145.839996,0
2012-02-07,145.169998,146.309998,144.830002,146.039993,146.039993,0
2012-02-08,146.570007,147.199997,145.610001,145.889999,145.889999,0
2012-02-09,146.130005,147.850006,145.899994,146.550003,146.550003,0
2012-02-10,145.520004,145.550003,144.470001,144.889999,144.889999,0
2012-02-13,145.470001,145.699997,144.759995,145.279999,145.279999,0
2012-02-14,145.449997,145.570007,144.580002,144.919998,144.919998,0
2012-02-15,145.710007,146.039993,144.389999,144.699997,144.699997,0
2012-02-16,144.059998,145.389999,143.770004,145.210007,145.210007,0
2012-02-17,145.660004,146.240005,145.130005,145.759995,145.759995,0
2012-02-21,146.429993,147.759995,146.270004,147.720001,147.720001,0
2012-02-22,146.960007,148.399994,146.940002,148.289993,148.289993,0
2012-02-23,148.630005,149.009995,147.839996,148.589996,148.589996,0
2012-02-24,148.880005,149.589996,148.389999,149.350006,149.350006,0
2012-02-27,148.570007,149.660004,148.389999,149.050003,149.050003,0
2012-02-28,149.139999,149.539993,148.600006,148.720001,148.720001,0
2012-02-29,149.190002,149.300003,146.539993,148.039993,148.039993,0
2012-03-01,147.779999,148.630005,147.240005,148.559998,148.559998,0
2012-03-02,146.809998,147.910004,146.449997,147.690002,147.690002,0
2012-03-05,146.229996,147.220001,146.199997,146.389999,146.389999,0
2012-03-06,145.149994,145.350006,143.880005,143.960007,143.960007,0
2012-03-07,144.369995,144.380005,143.229996,143.699997,143.699997,0
2012-03-08,144.779999,144.949997,143.860001,144.220001,144.220001,0
2012-03-09,144.770004,145.600006,143.830002,145.399994,145.399994,0
2012-03-12,144.630005,145.130005,143.960007,144.880005,144.880005,0
2012-03-13,145.539993,146.139999,144.630005,145.979996,145.979996,0
2012-03-14,145.199997,145.550003,144.630005,144.630005,144.630005,0
2012-03-15,144.809998,145.919998,144.759995,145.580002,145.580002,0
2012-03-16,145.220001,146.289993,145.220001,146.229996,146.229996,0
2012-03-19,145.619995,146.729996,145.589996,146.479996,146.479996,0
2012-03-20,145.119995,145.350006,144.149994,144.330002,144.330002,0
2012-03-21,144.460007,144.789993,144.149994,144.360001,144.360001,0
2012-03-22,143.250000,143.639999,142.460007,142.940002,142.940002,0
2012-03-23,143.789993,144.500000,143.419998,144.059998,144.059998,0
2012-03-26,144.229996,145.139999,144.179993,144.470001,144.470001,0
2012-03-27,144.830002,144.860001,143.860001,144.000000,144.000000,0
2012-03-28,143.389999,143.610001,142.110001,142.229996,142.229996,0
2012-03-29,141.770004,142.149994,139.770004,139.940002,139.940002,0
2012-03-30,140.639999,142.880005,140.600006,141.899994,141.899994,0
2012-04-02,141.970001,143.830002,141.500000,143.770004,143.770004,0
2012-04-03,143.169998,144.070007,143.100006,143.600006,143.600006,0
2012-04-04,142.389999,142.410004,140.850006,140.850006,140.850006,0
2012-04-05,141.050003,141.779999,140.880005,141.660004,141.660004,0
2012-04-09,140.889999,141.160004,140.259995,141.160004,141.160004,0
2012-04-10,141.199997,141.259995,139.360001,139.380005,139.380005,0
2012-04-11,139.699997,140.029999,139.380005,139.630005,139.630005,0
2012-04-12,140.130005,141.419998,139.919998,141.350006,141.350006,0
2012-04-13,140.720001,140.990005,139.330002,139.460007,139.460007,0
2012-04-16,138.750000,139.270004,138.050003,138.240005,138.240005,0
2012-04-17,138.929993,139.000000,138.449997,138.460007,138.460007,0
2012-04-18,138.289993,138.309998,137.100006,137.169998,137.169998,0
2012-04-19,138.009995,138.119995,137.279999,137.520004,137.520004,0
2012-04-20,138.089996,138.630005,137.960007,138.199997,138.199997,0
2012-04-23,137.550003,137.910004,136.960007,137.910004,137.910004,0
2012-04-24,138.240005,138.899994,138.009995,138.139999,138.139999,0
2012-04-25,138.990005,139.250000,137.929993,138.800003,138.800003,0
2012-04-26,139.059998,140.089996,139.039993,139.559998,139.559998,0
2012-04-27,139.679993,140.679993,139.639999,140.630005,140.630005,0
2012-04-30,140.139999,141.369995,139.850006,141.289993,141.289993,0
2012-05-01,140.690002,141.720001,140.679993,141.529999,141.529999,0
2012-05-02,140.759995,140.869995,139.119995,139.210007,139.210007,0
2012-05-03,139.089996,139.410004,138.300003,138.380005,138.380005,0
2012-05-04,138.429993,138.529999,136.259995,137.139999,137.139999,0
2012-05-07,137.210007,137.490005,136.550003,137.309998,137.309998,0
2012-05-08,136.759995,136.990005,135.229996,136.270004,136.270004,0
2012-05-09,135.649994,136.210007,135.110001,135.910004,135.910004,0
2012-05-10,136.059998,136.669998,135.600006,136.009995,136.009995,0
2012-05-11,134.740005,135.520004,134.589996,134.750000,134.750000,0
2012-05-14,133.130005,133.429993,132.720001,133.119995,133.119995,0
2012-05-15,133.520004,133.919998,133.009995,133.880005,133.880005,0
2012-05-16,132.589996,134.440002,132.559998,134.320007,134.320007,0
2012-05-17,134.479996,135.100006,134.270004,135.050003,135.050003,0
2012-05-18,135.500000,136.410004,135.460007,136.000000,136.000000,0
2012-05-21,136.160004,136.279999,135.529999,135.720001,135.720001,0
2012-05-22,135.050003,136.110001,134.429993,134.449997,134.449997,0
2012-05-23,133.029999,133.190002,131.820007,132.360001,132.360001,0
2012-05-24,133.320007,133.750000,132.169998,132.389999,132.389999,0
2012-05-25,132.919998,132.940002,132.229996,132.610001,132.610001,0
2012-05-29,132.330002,133.410004,131.039993,131.130005,131.130005,0
2012-05-30,129.809998,130.220001,128.970001,129.419998,129.419998,0
2012-05-31,129.320007,129.479996,128.369995,128.380005,128.380005,0
2012-06-01,127.110001,127.849998,126.220001,126.809998,126.809998,0
2012-06-04,126.879997,127.610001,126.800003,127.550003,127.550003,0
2012-06-05,127.620003,128.259995,127.279999,127.669998,127.669998,0
2012-06-06,129.080002,129.979996,128.880005,129.440002,129.440002,0
2012-06-07,129.240005,130.929993,128.960007,129.240005,129.240005,0
2012-06-08,127.570000,128.970001,127.309998,128.800003,128.800003,0
2012-06-11,129.490005,129.550003,128.279999,128.339996,128.339996,0
2012-06-12,128.020004,128.679993,127.839996,128.190002,128.190002,0
2012-06-13,128.160004,128.229996,127.279999,127.349998,127.349998,0
2012-06-14,127.470001,128.929993,127.239998,128.830002,128.830002,0
2012-06-15,129.240005,129.630005,128.720001,128.789993,128.789993,0
2012-06-18,129.080002,130.259995,128.460007,130.130005,130.130005,0
2012-06-19,130.539993,131.720001,130.500000,131.449997,131.449997,0
2012-06-20,131.539993,131.850006,129.759995,130.410004,130.410004,0
2012-06-21,129.360001,129.729996,127.620003,127.830002,127.830002,0
2012-06-22,128.350006,128.830002,127.870003,128.270004,128.270004,0
2012-06-25,129.350006,130.570007,129.250000,130.559998,130.559998,0
2012-06-26,130.479996,131.250000,130.119995,131.240005,131.240005,0
2012-06-27,131.300003,133.169998,131.300003,131.979996,131.979996,0
2012-06-28,132.210007,132.460007,130.119995,130.500000,130.500000,0
2012-06-29,132.570007,135.589996,132.550003,135.419998,135.419998,0
2012-07-02,135.160004,135.699997,134.679993,135.669998,135.669998,0
2012-07-03,137.360001,139.330002,137.149994,139.309998,139.309998,0
2012-07-05,139.119995,140.190002,138.559998,140.089996,140.089996,0
2012-07-06,138.770004,139.050003,136.869995,136.889999,136.889999,0
2012-07-09,138.690002,139.899994,138.089996,139.639999,139.639999,0
2012-07-10,139.240005,139.440002,137.470001,137.500000,137.500000,0
2012-07-11,138.119995,139.309998,137.559998,138.380005,138.380005,0
2012-07-12,137.330002,139.179993,137.029999,138.800003,138.800003,0
2012-07-13,140.279999,140.740005,139.750000,140.339996,140.339996,0
2012-07-16,141.070007,141.869995,140.809998,141.710007,141.710007,0
2012-07-17,141.419998,142.059998,140.679993,141.449997,141.449997,0
2012-07-18,140.649994,143.399994,140.570007,143.350006,143.350006,0
2012-07-19,144.710007,145.899994,144.369995,145.839996,145.839996,0
2012-07-20,145.240005,146.210007,144.860001,146.190002,146.190002,0
2012-07-23,143.220001,144.309998,142.479996,143.679993,143.679993,0
2012-07-24,142.449997,143.089996,141.110001,142.110001,142.110001,0
2012-07-25,142.880005,143.550003,142.020004,142.929993,142.929993,0
2012-07-26,142.759995,143.960007,142.149994,142.419998,142.419998,0
2012-07-27,143.320007,143.820007,142.820007,143.479996,143.479996,0
2012-07-30,144.770004,145.750000,144.539993,145.619995,145.619995,0
2012-07-31,145.990005,146.089996,143.889999,144.169998,144.169998,0
2012-08-01,143.509995,143.630005,142.490005,143.380005,143.380005,0
2012-08-02,143.029999,143.490005,140.699997,140.740005,140.740005,0
2012-08-03,141.050003,143.550003,140.690002,142.919998,142.919998,0
2012-08-06,142.029999,143.210007,141.850006,143.020004,143.020004,0
2012-08-07,143.570007,143.990005,143.479996,143.660004,143.660004,0
2012-08-08,143.130005,144.029999,142.880005,143.990005,143.990005,0
2012-08-09,144.149994,145.539993,143.919998,144.740005,144.740005,0
2012-08-10,144.029999,144.169998,143.029999,143.199997,143.199997,0
2012-08-13,142.789993,143.020004,141.619995,141.649994,141.649994,0
2012-08-14,142.330002,142.369995,141.360001,141.839996,141.839996,0
2012-08-15,141.759995,142.429993,141.399994,142.270004,142.270004,0
2012-08-16,142.389999,143.089996,142.160004,142.720001,142.720001,0
2012-08-17,142.699997,143.339996,142.449997,143.110001,143.110001,0
2012-08-20,143.229996,144.100006,142.809998,144.089996,144.089996,0
2012-08-21,145.020004,146.229996,144.929993,145.830002,145.830002,0
2012-08-22,145.649994,146.389999,145.210007,146.119995,146.119995,0
2012-08-23,146.740005,147.059998,145.479996,145.979996,145.979996,0
2012-08-24,146.110001,146.630005,145.250000,145.360001,145.360001,0
2012-08-27,146.009995,146.199997,144.520004,144.690002,144.690002,0
2012-08-28,144.399994,144.809998,144.009995,144.410004,144.410004,0
2012-08-29,144.350006,145.289993,144.130005,145.229996,145.229996,0
2012-08-30,145.119995,145.559998,144.699997,145.039993,145.039993,0
2012-08-31,145.179993,146.149994,144.610001,146.029999,146.029999,0
2012-09-04,148.440002,148.520004,146.279999,146.570007,146.570007,0
2012-09-05,146.029999,146.570007,145.550003,145.649994,145.649994,0
2012-09-06,146.279999,146.710007,145.630005,145.990005,145.990005,0
2012-09-07,146.080002,147.509995,146.029999,147.259995,147.259995,0
2012-09-10,147.770004,148.139999,147.369995,147.839996,147.839996,0
2012-09-11,147.889999,148.940002,147.850006,148.669998,148.669998,0
2012-09-12,149.250000,149.509995,148.389999,149.490005,149.490005,0
2012-09-13,149.550003,150.550003,148.940002,150.509995,150.509995,0
2012-09-14,152.539993,152.710007,151.779999,152.009995,152.009995,0
2012-09-17,151.309998,151.309998,148.380005,148.699997,148.699997,0
2012-09-18,147.940002,148.800003,147.369995,147.419998,147.419998,0
2012-09-19,147.850006,148.119995,146.660004,147.039993,147.039993,0
2012-09-20,146.020004,147.020004,145.970001,146.300003,146.300003,0
2012-09-21,147.100006,147.910004,146.860001,147.649994,147.649994,0
2012-09-24,146.110001,146.449997,145.779999,146.330002,146.330002,0
2012-09-25,146.960007,147.750000,146.369995,146.889999,146.889999,0
2012-09-26,146.110001,146.139999,144.869995,145.550003,145.550003,0
2012-09-27,146.050003,147.059998,145.979996,146.919998,146.919998,0
2012-09-28,147.009995,148.669998,146.779999,148.509995,148.509995,0
2012-10-01,148.160004,149.910004,148.139999,149.289993,149.289993,0
2012-10-02,149.330002,149.330002,148.300003,148.979996,148.979996,0
2012-10-03,148.309998,148.449997,146.960007,147.270004,147.270004,0
2012-10-04,148.160004,149.169998,147.889999,148.820007,148.820007,0
2012-10-05,148.389999,148.940002,147.429993,147.789993,147.789993,0
2012-10-08,146.500000,147.380005,146.419998,147.009995,147.009995,0
2012-10-09,147.350006,148.190002,147.039993,147.809998,147.809998,0
2012-10-10,147.479996,147.899994,146.970001,147.100006,147.100006,0
2012-10-11,147.649994,149.289993,147.419998,148.770004,148.770004,0
2012-10-12,147.960007,148.160004,146.479996,146.919998,146.919998,0
2012-10-15,145.860001,146.110001,144.630005,145.380005,145.380005,0
2012-10-16,146.000000,146.229996,145.350006,145.649994,145.649994,0
2012-10-17,146.059998,146.800003,145.729996,146.779999,146.779999,0
2012-10-18,147.089996,147.679993,146.160004,147.639999,147.639999,0
2012-10-19,147.679993,147.880005,146.320007,146.369995,146.369995,0
2012-10-22,146.729996,146.960007,145.089996,145.130005,145.130005,0
2012-10-23,144.220001,144.309998,143.160004,144.169998,144.169998,0
2012-10-24,144.270004,144.500000,143.460007,143.789993,143.789993,0
2012-10-25,144.320007,144.440002,143.080002,143.520004,143.520004,0
2012-10-26,142.800003,143.740005,142.800003,143.000000,143.000000,0
2012-10-31,143.210007,143.449997,142.710007,142.740005,142.740005,0
2012-11-01,143.660004,143.710007,142.949997,143.080002,143.080002,0
2012-11-02,142.559998,142.679993,140.320007,140.369995,140.369995,0
2012-11-05,140.089996,140.520004,139.899994,140.229996,140.229996,0
2012-11-06,140.869995,142.520004,140.690002,142.470001,142.470001,0
2012-11-07,142.369995,142.410004,140.839996,140.990005,140.990005,0
2012-11-08,141.009995,141.679993,140.710007,141.550003,141.550003,0
2012-11-09,141.039993,141.300003,140.190002,140.789993,140.789993,0
2012-11-12,140.679993,140.910004,140.009995,140.429993,140.429993,0
2012-11-13,140.509995,141.210007,140.229996,140.960007,140.960007,0
2012-11-14,141.630005,142.059998,141.259995,141.500000,141.500000,0
2012-11-15,141.339996,141.649994,140.550003,140.639999,140.639999,0
2012-11-16,140.029999,141.070007,139.809998,140.949997,140.949997,0
2012-11-19,142.000000,143.070007,141.869995,142.699997,142.699997,0
2012-11-20,142.690002,142.889999,142.169998,142.690002,142.690002,0
2012-11-21,142.699997,143.149994,142.389999,143.110001,143.110001,0
2012-11-23,143.160004,144.240005,142.839996,144.080002,144.080002,0
2012-11-26,144.179993,144.179993,143.229996,143.309998,143.309998,0
2012-11-27,143.720001,144.039993,143.229996,144.029999,144.029999,0
2012-11-28,143.429993,143.429993,142.100006,143.199997,143.199997,0
2012-11-29,143.960007,144.270004,143.429993,143.559998,143.559998,0
2012-11-30,143.630005,143.729996,142.639999,142.800003,142.800003,0
2012-12-03,143.470001,144.110001,143.160004,143.380005,143.380005,0
2012-12-04,142.899994,142.990005,141.820007,142.100006,142.100006,0
2012-12-05,142.649994,143.300003,142.050003,143.210007,143.210007,0
2012-12-06,143.330002,143.470001,141.990005,142.460007,142.460007,0
2012-12-07,142.020004,142.410004,141.490005,141.509995,141.509995,0
2012-12-10,141.690002,141.860001,141.029999,141.169998,141.169998,0
2012-12-11,141.389999,141.500000,140.369995,140.619995,140.619995,0
2012-12-12,141.000000,141.240005,140.479996,140.899994,140.899994,0
2012-12-13,140.029999,140.419998,139.470001,139.630005,139.630005,0
2012-12-14,140.220001,140.729996,139.800003,140.539993,140.539993,0
2012-12-17,140.649994,140.880005,140.259995,140.460007,140.460007,0
2012-12-18,140.369995,140.860001,140.009995,140.330002,140.330002,0
2012-12-19,140.289993,140.339996,139.460007,139.550003,139.550003,0
2012-12-20,139.199997,139.320007,138.229996,138.910004,138.910004,0
2012-12-21,138.990005,139.419998,138.880005,139.259995,139.259995,0
2012-12-24,139.000000,139.160004,138.600006,138.660004,138.660004,0
2012-12-26,138.860001,139.979996,138.789993,139.130005,139.130005,0
2012-12-27,138.929993,139.169998,138.649994,139.119995,139.119995,0
2012-12-28,138.979996,139.460007,138.759995,139.080002,139.080002,0
2012-12-31,138.300003,139.600006,138.220001,139.070007,139.070007,0
2013-01-02,139.850006,140.850006,139.220001,139.690002,139.690002,0
2013-01-03,139.380005,139.389999,138.580002,138.679993,138.679993,0
2013-01-04,137.550003,138.179993,137.309998,137.729996,137.729996,0
2013-01-07,137.770004,138.339996,137.610001,137.960007,137.960007,0
2013-01-08,138.089996,138.270004,137.679993,137.919998,137.919998,0
2013-01-09,137.820007,138.139999,137.020004,137.300003,137.300003,0
2013-01-10,138.440002,138.690002,138.100006,138.449997,138.449997,0
2013-01-11,138.119995,138.830002,137.429993,138.550003,138.550003,0
2013-01-14,139.619995,139.860001,139.199997,139.619995,139.619995,0
2013-01-15,139.630005,140.320007,139.570007,139.919998,139.919998,0
2013-01-16,139.520004,140.139999,139.490005,140.020004,140.020004,0
2013-01-17,140.059998,141.100006,139.919998,140.850006,140.850006,0
2013-01-18,141.250000,141.529999,140.750000,141.479996,141.479996,0
2013-01-22,142.110001,142.279999,141.470001,141.889999,141.889999,0
2013-01-23,141.970001,142.240005,141.429993,141.600006,141.600006,0
2013-01-24,141.080002,141.389999,140.789993,141.059998,141.059998,0
2013-01-25,141.029999,141.080002,140.360001,140.649994,140.649994,0
2013-01-28,140.449997,140.630005,140.070007,140.529999,140.529999,0
2013-01-29,140.330002,141.149994,140.330002,140.979996,140.979996,0
2013-01-30,142.080002,143.020004,141.949997,142.960007,142.960007,0
2013-01-31,142.830002,142.839996,141.830002,142.399994,142.399994,0
2013-02-01,142.850006,143.679993,142.789993,142.889999,142.889999,0
2013-02-04,142.639999,143.059998,142.190002,142.429993,142.429993,0
2013-02-05,142.789993,142.990005,142.419998,142.860001,142.860001,0
2013-02-06,142.350006,142.690002,142.039993,142.419998,142.419998,0
2013-02-07,142.570007,142.649994,141.160004,141.179993,141.179993,0
2013-02-08,141.570007,142.229996,141.179993,141.210007,141.210007,0
2013-02-11,140.580002,140.619995,139.990005,140.509995,140.509995,0
2013-02-12,140.669998,140.699997,140.059998,140.259995,140.259995,0
2013-02-13,140.169998,140.710007,140.130005,140.490005,140.490005,0
2013-02-14,140.449997,140.490005,139.309998,139.610001,139.610001,0
2013-02-15,139.580002,139.800003,138.809998,139.199997,139.199997,0
2013-02-19,139.149994,139.360001,138.660004,139.240005,139.240005,0
2013-02-20,139.190002,139.289993,137.839996,138.410004,138.410004,0
2013-02-21,137.330002,137.419998,136.770004,136.830002,136.830002,0
2013-02-22,137.350006,137.410004,136.619995,136.690002,136.690002,0
2013-02-25,137.889999,137.910004,136.899994,137.119995,137.119995,0
2013-02-26,136.630005,137.220001,136.490005,137.080002,137.080002,0
2013-02-27,137.110001,137.610001,136.550003,136.589996,136.589996,0
2013-02-28,136.600006,137.070007,136.389999,136.570007,136.570007,0
2013-03-01,135.520004,136.119995,135.440002,135.770004,135.770004,0
2013-03-04,135.809998,136.080002,135.479996,135.949997,135.949997,0
2013-03-05,136.639999,136.970001,136.300003,136.500000,136.500000,0
2013-03-06,136.350006,136.419998,135.369995,135.470001,135.470001,0
2013-03-07,135.639999,136.779999,135.619995,136.770004,136.770004,0
2013-03-08,136.580002,137.270004,136.380005,137.250000,137.250000,0
2013-03-11,136.929993,137.559998,136.720001,137.410004,137.410004,0
2013-03-12,137.570007,138.369995,137.550003,137.759995,137.759995,0
2013-03-13,137.770004,138.080002,136.990005,137.289993,137.289993,0
2013-03-14,137.160004,138.330002,137.059998,138.229996,138.229996,0
2013-03-15,138.869995,139.059998,138.169998,138.369995,138.369995,0
2013-03-18,137.509995,137.899994,137.240005,137.520004,137.520004,0
2013-03-19,137.600006,137.970001,137.179993,137.380005,137.380005,0
2013-03-20,137.820007,138.139999,137.179993,138.139999,138.139999,0
2013-03-21,138.190002,138.500000,137.619995,138.000000,138.000000,0
2013-03-22,138.169998,138.399994,137.589996,138.009995,138.009995,0
2013-03-25,138.009995,138.449997,137.710007,137.789993,137.789993,0
2013-03-26,138.059998,138.610001,137.850006,138.500000,138.500000,0
2013-03-27,138.360001,139.539993,138.339996,139.330002,139.330002,0
2013-03-28,139.080002,139.320007,137.050003,137.479996,137.479996,0
2013-04-01,136.380005,137.100006,136.029999,136.360001,136.360001,0
2013-04-02,136.509995,136.619995,135.229996,135.520004,135.520004,0
2013-04-03,135.279999,135.500000,133.529999,133.929993,133.929993,0
2013-04-04,133.910004,133.979996,133.050003,133.639999,133.639999,0
2013-04-05,133.339996,134.250000,133.190002,134.080002,134.080002,0
2013-04-08,135.039993,135.110001,134.149994,134.490005,134.490005,0
2013-04-09,134.729996,135.380005,134.440002,135.300003,135.300003,0
2013-04-10,135.169998,135.869995,134.929993,135.029999,135.029999,0
2013-04-11,135.059998,135.479996,134.789993,135.020004,135.020004,0
2013-04-12,134.399994,134.520004,133.240005,133.850006,133.850006,0
2013-04-15,131.410004,131.520004,129.830002,129.940002,129.940002,0
2013-04-16,130.419998,131.119995,129.960007,131.110001,131.110001,0
2013-04-17,130.389999,130.619995,129.990005,130.320007,130.320007,0
2013-04-18,130.899994,131.830002,130.289993,131.610001,131.610001,0
2013-04-19,131.639999,131.770004,131.100006,131.509995,131.509995,0
2013-04-22,131.460007,131.660004,130.419998,130.960007,130.960007,0
2013-04-23,130.440002,130.740005,130.029999,130.089996,130.089996,0
2013-04-24,130.660004,130.949997,130.389999,130.610001,130.610001,0
2013-04-25,131.330002,132.830002,131.300003,132.619995,132.619995,0
2013-04-26,132.210007,132.279999,131.270004,131.919998,131.919998,0
2013-04-29,132.820007,134.470001,132.720001,134.380005,134.380005,0
2013-04-30,134.119995,134.240005,133.470001,133.630005,133.630005,0
2013-05-01,132.460007,132.460007,131.270004,131.330002,131.330002,0
2013-05-02,132.179993,132.470001,130.910004,131.600006,131.600006,0
2013-05-03,132.529999,133.460007,132.479996,133.119995,133.119995,0
2013-05-06,132.839996,132.880005,132.369995,132.699997,132.699997,0
2013-05-07,132.289993,132.369995,131.559998,132.029999,132.029999,0
2013-05-08,132.649994,133.220001,132.300003,132.940002,132.940002,0
2013-05-09,132.389999,133.380005,132.279999,133.380005,133.380005,0
2013-05-10,132.399994,132.449997,131.300003,131.940002,131.940002,0
2013-05-13,131.789993,132.679993,131.690002,132.199997,132.199997,0
2013-05-14,131.919998,132.139999,131.600006,131.919998,131.919998,0
2013-05-15,131.100006,131.570007,130.649994,131.300003,131.300003,0
2013-05-16,130.910004,131.240005,130.559998,130.899994,130.899994,0
2013-05-17,131.399994,131.720001,130.830002,131.699997,131.699997,0
2013-05-20,131.850006,132.619995,131.570007,132.500000,132.500000,0
2013-05-21,132.300003,132.539993,131.710007,132.389999,132.389999,0
2013-05-22,132.750000,133.139999,132.029999,132.309998,132.309998,0
2013-05-23,131.820007,132.839996,131.320007,132.559998,132.559998,0
2013-05-24,132.309998,132.350006,131.759995,131.979996,131.979996,0
2013-05-28,132.399994,132.860001,132.169998,132.419998,132.419998,0
2013-05-29,132.289993,132.380005,131.399994,131.850006,131.850006,0
2013-05-30,131.740005,131.839996,131.110001,131.309998,131.309998,0
2013-05-31,131.169998,131.259995,130.580002,130.630005,130.630005,0
2013-06-03,131.679993,131.979996,131.210007,131.820007,131.820007,0
2013-06-04,131.509995,132.419998,131.380005,132.130005,132.130005,0
2013-06-05,132.410004,132.949997,132.110001,132.179993,132.179993,0
2013-06-06,131.970001,132.009995,131.529999,131.750000,131.750000,0
2013-06-07,132.130005,132.220001,130.940002,131.300003,131.300003,0
2013-06-10,130.770004,130.919998,130.529999,130.589996,130.589996,0
2013-06-11,129.660004,130.029999,129.339996,129.949997,129.949997,0
2013-06-12,130.240005,130.350006,129.830002,130.110001,130.110001,0
2013-06-13,129.580002,130.139999,129.410004,130.080002,130.080002,0
2013-06-14,130.369995,130.869995,130.220001,130.369995,130.369995,0
2013-06-17,130.350006,130.979996,130.110001,130.759995,130.759995,0
2013-06-18,130.539993,130.960007,130.509995,130.899994,130.899994,0
2013-06-19,131.229996,132.160004,131.000000,131.970001,131.970001,0
2013-06-20,129.509995,129.509995,127.949997,128.059998,128.059998,0
2013-06-21,128.330002,128.330002,127.199997,127.279999,127.279999,0
2013-06-24,126.580002,126.800003,126.099998,126.419998,126.419998,0
2013-06-25,127.279999,127.349998,126.220001,126.410004,126.410004,0
2013-06-26,125.889999,126.129997,125.449997,125.739998,125.739998,0
2013-06-27,125.820000,126.139999,125.059998,125.330002,125.330002,0
2013-06-28,125.519997,125.529999,124.440002,124.470001,124.470001,0
2013-07-01,125.110001,125.580002,125.050003,125.389999,125.389999,0
2013-07-02,125.839996,126.180000,125.599998,125.980003,125.980003,0
2013-07-03,126.559998,126.849998,126.320000,126.800003,126.800003,0
2013-07-05,126.279999,126.379997,125.330002,125.540001,125.540001,0
2013-07-08,126.180000,127.050003,126.120003,126.930000,126.930000,0
2013-07-09,127.040001,127.320000,126.589996,127.269997,127.269997,0
2013-07-10,128.009995,128.460007,127.930000,128.300003,128.300003,0
2013-07-11,128.850006,129.139999,128.020004,128.610001,128.610001,0
2013-07-12,128.610001,129.009995,128.360001,128.449997,128.449997,0
2013-07-15,127.849998,128.410004,127.570000,128.369995,128.369995,0
2013-07-16,129.190002,129.369995,128.779999,129.059998,129.059998,0
2013-07-17,128.740005,129.009995,128.210007,128.419998,128.419998,0
2013-07-18,128.369995,129.679993,128.369995,129.490005,129.490005,0
2013-07-19,129.649994,129.869995,129.419998,129.660004,129.660004,0
2013-07-22,129.899994,130.179993,129.589996,129.860001,129.860001,0
2013-07-23,129.419998,129.929993,129.320007,129.679993,129.679993,0
2013-07-24,129.619995,129.809998,128.289993,128.500000,128.500000,0
2013-07-25,128.000000,128.320007,127.389999,127.779999,127.779999,0
2013-07-26,127.309998,127.309998,126.500000,126.620003,126.620003,0
2013-07-29,126.529999,126.589996,125.910004,126.169998,126.169998,0
2013-07-30,125.639999,126.080002,125.070000,125.269997,125.269997,0
2013-07-31,125.489998,126.190002,125.080002,126.160004,126.160004,0
2013-08-01,126.889999,127.059998,126.050003,126.260002,126.260002,0
2013-08-02,126.059998,126.550003,125.599998,125.680000,125.680000,0
2013-08-05,124.910004,125.180000,124.750000,125.019997,125.019997,0
2013-08-06,125.230003,125.250000,124.190002,124.279999,124.279999,0
2013-08-07,123.980003,124.110001,123.610001,123.730003,123.730003,0
2013-08-08,124.570000,125.129997,123.989998,125.019997,125.019997,0
2013-08-09,125.559998,125.889999,125.250000,125.570000,125.570000,0
2013-08-12,125.760002,127.559998,125.760002,127.239998,127.239998,0
2013-08-13,127.239998,128.089996,126.940002,127.059998,127.059998,0
2013-08-14,127.059998,128.020004,126.800003,128.000000,128.000000,0
2013-08-15,128.000000,129.589996,127.790001,129.529999,129.529999,0
2013-08-16,129.529999,129.910004,129.250000,129.610001,129.610001,0
2013-08-19,129.610001,130.539993,129.610001,130.199997,130.199997,0
2013-08-20,130.199997,130.199997,129.139999,129.490005,129.490005,0
2013-08-21,129.490005,129.770004,128.970001,129.070007,129.070007,0
2013-08-22,129.070007,129.500000,128.929993,129.000000,129.000000,0
2013-08-23,129.000000,130.339996,129.000000,130.179993,130.179993,0
2013-08-26,130.179993,131.789993,130.179993,131.449997,131.449997,0
2013-08-27,131.449997,132.619995,131.350006,132.270004,132.270004,0
2013-08-28,132.270004,133.630005,131.990005,132.369995,132.369995,0
2013-08-29,132.369995,132.369995,131.220001,131.619995,131.619995,0
2013-08-30,131.619995,131.619995,130.279999,130.440002,130.440002,0
2013-09-03,130.440002,132.009995,130.440002,131.649994,131.649994,0
2013-09-04,131.649994,131.649994,129.990005,130.289993,130.289993,0
2013-09-05,130.289993,130.529999,129.360001,129.770004,129.770004,0
2013-09-06,129.770004,130.839996,129.770004,130.770004,130.770004,0
2013-09-09,130.770004,130.949997,130.179993,130.339996,130.339996,0
2013-09-10,130.339996,130.339996,128.899994,129.289993,129.289993,0
2013-09-11,129.289993,129.770004,129.070007,129.429993,129.429993,0
2013-09-12,129.429993,129.940002,128.649994,129.910004,129.910004,0
2013-09-13,129.910004,129.910004,129.020004,129.320007,129.320007,0
2013-09-16,129.320007,129.570007,128.460007,128.889999,128.889999,0
2013-09-17,128.889999,129.300003,127.820000,128.020004,128.020004,0
2013-09-18,128.020004,129.410004,127.730003,128.919998,128.919998,0
2013-09-19,128.919998,130.990005,128.919998,130.000000,130.000000,0
2013-09-20,130.000000,130.000000,128.149994,128.289993,128.289993,0
2013-09-23,128.289993,128.289993,127.489998,127.589996,127.589996,0
2013-09-24,127.589996,127.669998,126.629997,126.849998,126.849998,0
2013-09-25,126.849998,127.860001,126.849998,127.449997,127.449997,0
2013-09-26,127.449997,127.889999,127.160004,127.809998,127.809998,0
2013-09-27,127.809998,128.320007,127.599998,128.009995,128.009995,0
2013-09-30,128.009995,128.009995,126.900002,127.110001,127.110001,0
2013-10-01,127.110001,127.190002,125.830002,126.279999,126.279999,0
2013-10-02,126.279999,127.449997,125.849998,127.230003,127.230003,0
2013-10-03,127.230003,127.459999,126.800003,126.910004,126.910004,0
2013-10-04,126.910004,127.419998,126.750000,127.260002,127.260002,0
2013-10-07,127.260002,128.279999,126.879997,128.110001,128.110001,0
2013-10-08,128.110001,128.979996,128.110001,128.520004,128.520004,0
2013-10-09,128.520004,128.520004,127.190002,127.400002,127.400002,0
2013-10-10,127.400002,128.550003,127.400002,128.169998,128.169998,0
2013-10-11,128.169998,128.169998,127.239998,127.779999,127.779999,0
2013-10-14,127.779999,128.440002,127.779999,128.320007,128.320007,0
2013-10-15,128.320007,128.410004,127.529999,127.760002,127.760002,0
2013-10-16,127.760002,128.779999,127.760002,128.259995,128.259995,0
2013-10-17,128.259995,128.850006,127.980003,128.190002,128.190002,0
2013-10-18,128.190002,128.919998,128.100006,128.690002,128.690002,0
2013-10-21,128.690002,129.110001,128.059998,128.119995,128.119995,0
2013-10-22,128.119995,128.770004,127.860001,128.110001,128.110001,0
2013-10-23,128.110001,128.149994,127.070000,127.110001,127.110001,0
2013-10-24,127.110001,127.480003,126.559998,127.190002,127.190002,0
2013-10-25,127.190002,127.589996,126.720001,127.519997,127.519997,0
2013-10-28,127.519997,127.519997,126.779999,126.910004,126.910004,0
2013-10-29,126.910004,126.959999,126.269997,126.489998,126.489998,0
2013-10-30,126.489998,127.010002,126.370003,126.639999,126.639999,0
2013-10-31,126.639999,126.639999,125.190002,125.230003,125.230003,0
2013-11-01,125.230003,125.459999,123.800003,123.870003,123.870003,0
2013-11-04,123.870003,123.870003,123.099998,123.199997,123.199997,0
2013-11-05,123.199997,123.349998,122.709999,122.790001,122.790001,0
2013-11-06,122.800003,123.500000,122.800003,123.000000,123.000000,0
2013-11-07,123.000000,123.370003,122.639999,122.690002,122.690002,0
2013-11-08,122.690002,123.269997,122.370003,123.260002,123.260002,0
2013-11-11,123.260002,123.669998,123.180000,123.529999,123.529999,0
2013-11-12,123.529999,123.900002,123.000000,123.110001,123.110001,0
2013-11-13,123.110001,123.459999,122.769997,122.830002,122.830002,0
2013-11-14,122.830002,123.419998,122.589996,123.230003,123.230003,0
2013-11-15,123.230003,123.519997,123.029999,123.209999,123.209999,0
2013-11-18,123.209999,123.339996,122.389999,122.419998,122.419998,0
2013-11-19,122.419998,122.620003,122.000000,122.000000,122.000000,0
2013-11-20,122.000000,122.510002,122.000000,122.430000,122.430000,0
2013-11-21,122.430000,123.570000,122.199997,123.290001,123.290001,0
2013-11-22,123.290001,123.989998,123.239998,123.809998,123.809998,0
2013-11-25,123.809998,124.220001,123.190002,123.889999,123.889999,0
2013-11-26,123.889999,124.279999,123.389999,123.830002,123.830002,0
2013-11-27,123.790001,124.279999,123.480003,123.550003,123.550003,0
2013-11-29,123.550003,124.639999,123.550003,124.220001,124.220001,0
2013-12-02,124.220001,124.330002,123.449997,123.889999,123.889999,0
2013-12-03,123.889999,124.410004,123.459999,124.209999,124.209999,0
2013-12-04,124.209999,125.379997,124.209999,125.050003,125.050003,0
2013-12-05,125.050003,125.410004,124.489998,125.230003,125.230003,0
2013-12-06,125.230003,125.889999,125.019997,125.379997,125.379997,0
2013-12-09,125.379997,126.209999,125.379997,125.989998,125.989998,0
2013-12-10,125.980003,126.989998,125.980003,126.519997,126.519997,0
2013-12-11,126.519997,127.099998,126.250000,127.059998,127.059998,0
2013-12-12,127.059998,127.239998,125.910004,126.330002,126.330002,0
2013-12-13,126.330002,126.330002,125.860001,126.110001,126.110001,0
2013-12-16,126.110001,126.660004,125.580002,126.339996,126.339996,0
2013-12-17,126.339996,126.440002,125.680000,126.040001,126.040001,0
2013-12-18,126.040001,126.459999,125.870003,126.029999,126.029999,0
2013-12-19,126.029999,126.800003,125.730003,126.730003,126.730003,0
2013-12-20,126.730003,127.739998,126.690002,127.589996,127.589996,0
2013-12-23,127.589996,127.949997,127.300003,127.339996,127.339996,0
2013-12-24,127.339996,127.660004,127.190002,127.489998,127.489998,0
2013-12-26,127.489998,127.800003,127.290001,127.480003,127.480003,0
2013-12-27,127.480003,127.980003,127.349998,127.610001,127.610001,0
2013-12-30,127.610001,127.830002,127.070000,127.139999,127.139999,0
2013-12-31,127.139999,127.139999,125.669998,125.750000,125.750000,0
2014-01-02,125.750000,126.459999,125.360001,125.400002,125.400002,0
2014-01-03,125.400002,125.489998,124.669998,124.910004,124.910004,0
2014-01-06,124.949997,125.330002,124.879997,125.059998,125.059998,0
2014-01-07,125.059998,125.550003,124.769997,124.870003,124.870003,0
2014-01-08,124.870003,125.099998,123.580002,123.680000,123.680000,0
2014-01-09,123.680000,123.779999,122.220001,122.330002,122.330002,0
2014-01-10,122.330002,123.849998,122.330002,123.639999,123.639999,0
2014-01-13,123.639999,124.650002,123.639999,124.519997,124.519997,0
2014-01-14,124.519997,124.900002,124.220001,124.800003,124.800003,0
2014-01-15,124.800003,125.320000,124.440002,124.910004,124.910004,0
2014-01-16,124.910004,125.669998,124.860001,125.150002,125.150002,0
2014-01-17,125.150002,125.339996,124.809998,125.160004,125.160004,0
2014-01-21,125.160004,125.269997,124.730003,124.949997,124.949997,0
2014-01-22,124.949997,125.870003,124.949997,125.769997,125.769997,0
2014-01-23,125.769997,126.949997,125.639999,125.970001,125.970001,0
2014-01-24,125.970001,127.180000,125.970001,127.000000,127.000000,0
2014-01-27,127.000000,127.639999,125.300003,125.510002,125.510002,0
2014-01-28,125.510002,126.449997,125.510002,126.379997,126.379997,0
2014-01-29,126.379997,127.669998,126.180000,127.589996,127.589996,0
2014-01-30,127.589996,127.589996,126.320000,126.330002,126.330002,0
2014-01-31,126.330002,126.330002,125.620003,126.120003,126.120003,0
2014-02-03,126.120003,126.580002,125.650002,126.400002,126.400002,0
2014-02-04,126.400002,128.380005,126.400002,128.339996,128.339996,0
2014-02-05,128.339996,129.910004,127.930000,128.070007,128.070007,0
2014-02-06,128.070007,129.630005,127.940002,128.080002,128.080002,0
2014-02-07,128.080002,128.779999,127.580002,128.479996,128.479996,0
2014-02-10,128.479996,128.729996,127.849998,127.910004,127.910004,0
2014-02-11,127.910004,128.919998,127.889999,128.850006,128.850006,0
2014-02-12,128.850006,129.869995,128.809998,129.330002,129.330002,0
2014-02-13,129.330002,130.110001,129.050003,130.089996,130.089996,0
2014-02-14,130.089996,130.889999,130.089996,130.660004,130.660004,0
2014-02-18,130.660004,132.880005,130.660004,132.839996,132.839996,0
2014-02-19,132.839996,133.720001,132.630005,133.710007,133.710007,0
2014-02-20,133.710007,133.710007,132.679993,133.350006,133.350006,0
2014-02-21,133.350006,133.750000,133.000000,133.690002,133.690002,0
2014-02-24,133.690002,134.449997,133.460007,133.889999,133.889999,0
2014-02-25,133.889999,134.149994,133.179993,133.960007,133.960007,0
2014-02-26,133.960007,133.960007,133.330002,133.479996,133.479996,0
2014-02-27,133.479996,134.020004,133.020004,133.330002,133.330002,0
2014-02-28,133.330002,134.059998,132.820007,133.979996,133.979996,0
2014-03-03,133.979996,135.820007,133.979996,135.350006,135.350006,0
2014-03-04,135.350006,135.990005,134.539993,135.979996,135.979996,0
2014-03-05,135.979996,136.139999,135.419998,135.649994,135.649994,0
2014-03-06,135.649994,136.800003,135.410004,136.759995,136.759995,0
2014-03-07,136.740005,137.130005,135.889999,136.139999,136.139999,0
2014-03-10,136.139999,136.139999,134.929993,135.369995,135.369995,0
2014-03-11,135.369995,135.960007,134.919998,135.179993,135.179993,0
2014-03-12,135.179993,135.229996,134.119995,135.029999,135.029999,0
2014-03-13,135.029999,135.330002,134.330002,134.580002,134.580002,0
2014-03-14,134.580002,135.089996,134.220001,134.899994,134.899994,0
2014-03-17,134.899994,135.179993,133.970001,134.130005,134.130005,0
2014-03-18,134.130005,134.869995,133.800003,134.750000,134.750000,0
2014-03-19,134.750000,135.020004,133.929993,134.889999,134.889999,0
2014-03-20,134.889999,134.889999,133.029999,133.270004,133.270004,0
2014-03-21,133.270004,133.500000,132.899994,132.940002,132.940002,0
2014-03-24,133.029999,133.429993,132.679993,133.080002,133.080002,0
2014-03-25,133.080002,133.979996,133.009995,133.660004,133.660004,0
2014-03-26,133.660004,133.820007,133.139999,133.440002,133.440002,0
2014-03-27,133.440002,134.669998,133.199997,134.600006,134.600006,0
2014-03-28,134.600006,135.089996,134.570007,134.750000,134.750000,0
2014-03-31,134.750000,134.750000,133.389999,134.520004,134.520004,0
2014-04-01,134.520004,134.639999,133.610001,133.690002,133.690002,0
2014-04-02,133.690002,134.089996,133.210007,133.399994,133.399994,0
2014-04-03,133.399994,134.289993,133.119995,134.279999,134.279999,0
2014-04-04,134.279999,134.860001,134.149994,134.750000,134.750000,0
2014-04-07,134.750000,135.190002,134.270004,134.610001,134.610001,0
2014-04-08,134.610001,136.050003,134.610001,136.039993,136.039993,0
2014-04-09,136.039993,136.759995,135.639999,136.470001,136.470001,0
2014-04-10,136.470001,137.169998,136.320007,136.979996,136.979996,0
2014-04-11,136.979996,137.059998,136.369995,136.399994,136.399994,0
2014-04-14,136.419998,137.389999,136.419998,137.369995,137.369995,0
2014-04-15,137.369995,137.369995,136.149994,136.820007,136.820007,0
2014-04-16,136.820007,137.839996,136.610001,137.059998,137.059998,0
2014-04-17,137.059998,137.710007,136.720001,137.679993,137.679993,0
2014-04-21,137.679993,137.679993,136.710007,136.910004,136.910004,0
2014-04-22,136.910004,137.559998,136.910004,137.399994,137.399994,0
2014-04-23,137.399994,137.759995,137.240005,137.619995,137.619995,0
2014-04-24,137.619995,138.389999,137.559998,138.149994,138.149994,0
2014-04-25,138.169998,138.440002,137.860001,138.050003,138.050003,0
2014-04-28,138.050003,138.619995,137.619995,137.820007,137.820007,0
2014-04-29,137.820007,138.669998,137.580002,138.669998,138.669998,0
2014-04-30,138.669998,138.669998,137.289993,137.800003,137.800003,0
2014-05-01,137.800003,137.800003,136.210007,136.279999,136.279999,0
2014-05-02,136.279999,136.889999,136.089996,136.679993,136.679993,0
2014-05-05,136.679993,137.119995,136.679993,136.820007,136.820007,0
2014-05-06,136.820007,137.429993,136.690002,137.199997,137.199997,0
2014-05-07,137.199997,137.330002,136.360001,136.580002,136.580002,0
2014-05-08,136.580002,136.889999,136.119995,136.279999,136.279999,0
2014-05-09,136.279999,136.690002,135.669998,135.759995,135.759995,0
2014-05-12,135.710007,136.570007,135.660004,136.050003,136.050003,0
2014-05-13,136.050003,136.509995,135.869995,136.300003,136.300003,0
2014-05-14,136.300003,136.919998,136.199997,136.610001,136.610001,0
2014-05-15,136.610001,136.610001,135.589996,135.789993,135.789993,0
2014-05-16,135.789993,136.050003,135.179993,135.240005,135.240005,0
2014-05-19,135.240005,136.050003,135.149994,135.720001,135.720001,0
2014-05-20,135.720001,136.250000,135.490005,135.600006,135.600006,0
2014-05-21,135.600006,135.850006,135.270004,135.639999,135.639999,0
2014-05-22,135.639999,136.509995,135.520004,135.600006,135.600006,0
2014-05-23,135.600006,136.070007,135.520004,135.710007,135.710007,0
2014-05-27,135.710007,135.710007,134.750000,134.789993,134.789993,0
2014-05-28,134.789993,135.070007,134.240005,134.789993,134.789993,0
2014-05-29,134.789993,134.970001,134.529999,134.740005,134.740005,0
2014-05-30,134.740005,135.000000,133.789993,133.830002,133.830002,0
2014-06-02,133.649994,134.229996,133.649994,133.979996,133.979996,0
2014-06-03,133.979996,134.039993,133.320007,133.589996,133.589996,0
2014-06-04,133.610001,133.729996,133.229996,133.289993,133.289993,0
2014-06-05,133.289993,133.440002,132.929993,133.289993,133.289993,0
2014-06-06,133.289993,133.789993,133.119995,133.710007,133.710007,0
2014-06-09,133.710007,134.000000,133.679993,133.800003,133.800003,0
2014-06-10,133.800003,133.899994,133.210007,133.289993,133.289993,0
2014-06-11,133.289993,133.509995,132.809998,132.839996,132.839996,0
2014-06-12,132.839996,134.309998,132.839996,134.279999,134.279999,0
2014-06-13,134.270004,134.940002,134.270004,134.770004,134.770004,0
2014-06-16,134.770004,135.369995,134.600006,134.710007,134.710007,0
2014-06-17,134.710007,134.809998,134.179993,134.660004,134.660004,0
2014-06-18,134.660004,135.119995,134.539993,134.869995,134.869995,0
2014-06-19,134.869995,136.410004,134.830002,136.270004,136.270004,0
2014-06-20,136.270004,136.600006,136.089996,136.550003,136.550003,0
2014-06-23,136.550003,137.179993,135.970001,136.149994,136.149994,0
2014-06-24,136.149994,136.429993,135.750000,136.339996,136.339996,0
2014-06-25,136.339996,136.660004,135.940002,136.630005,136.630005,0
2014-06-26,136.630005,136.809998,136.000000,136.360001,136.360001,0
2014-06-27,136.360001,136.429993,135.720001,135.889999,135.889999,0
2014-06-30,135.889999,135.889999,134.600006,134.630005,134.630005,0
2014-07-01,134.419998,134.509995,133.919998,134.229996,134.229996,0
2014-07-02,134.130005,134.369995,133.899994,134.289993,134.289993,0
2014-07-03,134.240005,134.320007,133.910004,134.220001,134.220001,0
2014-07-07,133.649994,133.679993,132.429993,132.660004,132.660004,0
2014-07-08,132.610001,132.610001,132.360001,132.360001,132.360001,0
2014-07-09,132.270004,132.490005,131.419998,131.550003,131.550003,0
2014-07-10,131.429993,131.460007,131.139999,131.139999,131.139999,0
2014-07-11,131.089996,131.179993,129.919998,130.190002,130.190002,0
2014-07-14,130.130005,130.210007,129.600006,130.169998,130.169998,0
2014-07-15,130.089996,130.089996,129.009995,129.479996,129.479996,0
2014-07-16,129.600006,130.229996,129.580002,129.770004,129.770004,0
2014-07-17,129.729996,130.610001,129.410004,129.979996,129.979996,0
2014-07-18,130.020004,130.100006,129.179993,129.289993,129.289993,0
2014-07-21,128.839996,129.419998,128.750000,129.369995,129.369995,0
2014-07-22,129.479996,129.729996,128.759995,128.809998,128.809998,0
2014-07-23,128.740005,129.179993,128.660004,129.160004,129.160004,0
2014-07-24,129.199997,129.940002,128.979996,129.050003,129.050003,0
2014-07-25,129.119995,129.369995,128.619995,129.300003,129.300003,0
2014-07-28,129.369995,129.679993,129.110001,129.339996,129.339996,0
2014-07-29,129.270004,129.479996,128.119995,128.630005,128.630005,0
2014-07-30,128.500000,128.789993,128.169998,128.449997,128.449997,0
2014-07-31,128.210007,128.589996,127.879997,127.910004,127.910004,0
2014-08-01,127.830002,128.000000,127.059998,127.089996,127.089996,0
2014-08-04,127.309998,128.160004,127.279999,127.910004,127.910004,0
2014-08-05,127.760002,127.900002,127.019997,127.230003,127.230003,0
2014-08-06,127.389999,128.259995,127.050003,128.220001,128.220001,0
2014-08-07,128.139999,128.309998,127.570000,127.730003,127.730003,0
2014-08-08,127.690002,127.980003,127.089996,127.330002,127.330002,0
2014-08-11,127.510002,127.809998,127.260002,127.680000,127.680000,0
2014-08-12,127.500000,127.720001,126.739998,126.870003,126.870003,0
2014-08-13,126.820000,126.940002,126.089996,126.269997,126.269997,0
2014-08-14,125.980003,126.139999,125.570000,125.650002,125.650002,0
2014-08-15,125.610001,125.839996,125.139999,125.709999,125.709999,0
2014-08-18,125.320000,125.449997,125.010002,125.129997,125.129997,0
2014-08-19,125.139999,125.489998,124.860001,124.980003,124.980003,0
2014-08-20,124.980003,125.470001,124.800003,125.269997,125.269997,0
2014-08-21,125.139999,125.629997,124.900002,125.489998,125.489998,0
2014-08-22,125.620003,125.620003,125.419998,125.419998,125.419998,0
2014-08-25,125.379997,125.680000,125.160004,125.400002,125.400002,0
2014-08-26,125.410004,126.089996,125.389999,125.889999,125.889999,0
2014-08-27,125.980003,126.309998,125.620003,126.010002,126.010002,0
2014-08-28,126.000000,126.550003,125.919998,126.330002,126.330002,0
2014-08-29,126.449997,126.699997,126.230003,126.570000,126.570000,0
2014-09-02,126.180000,126.459999,125.279999,125.300003,125.300003,0
2014-09-03,125.430000,125.599998,124.769997,125.169998,125.169998,0
2014-09-04,125.320000,125.620003,124.589996,124.669998,124.669998,0
2014-09-05,124.870003,125.050003,124.480003,124.849998,124.849998,0
2014-09-08,null,null,null,null,null,null
2014-09-09,124.209999,124.230003,123.430000,123.480003,123.480003,0
2014-09-10,123.750000,123.750000,122.519997,122.639999,122.639999,0
2014-09-11,122.680000,122.699997,121.129997,121.629997,121.629997,0
2014-09-12,121.790001,122.050003,121.019997,121.300003,121.300003,0
2014-09-15,120.860001,121.480003,120.760002,121.360001,121.360001,0
2014-09-16,121.680000,122.339996,121.110001,122.260002,122.260002,0
2014-09-17,122.309998,122.400002,121.800003,122.040001,122.040001,0
2014-09-18,121.519997,121.639999,120.459999,120.480003,120.480003,0
2014-09-19,120.360001,120.500000,119.400002,119.489998,119.489998,0
2014-09-22,118.889999,118.959999,118.199997,118.629997,118.629997,0
2014-09-23,118.769997,119.389999,118.580002,118.599998,118.599998,0
2014-09-24,118.610001,119.580002,118.430000,119.529999,119.529999,0
2014-09-25,119.410004,119.410004,118.550003,119.080002,119.080002,0
2014-09-26,119.099998,119.459999,118.800003,119.180000,119.180000,0
2014-09-29,118.970001,120.449997,118.879997,120.419998,120.419998,0
2014-09-30,120.279999,120.529999,118.610001,118.690002,118.690002,0
2014-10-01,118.510002,119.419998,118.379997,118.559998,118.559998,0
2014-10-02,118.690002,118.860001,117.730003,118.220001,118.220001,0
2014-10-03,118.430000,118.629997,117.690002,118.019997,118.019997,0
2014-10-06,118.019997,119.599998,117.900002,119.580002,119.580002,0
2014-10-07,119.580002,120.169998,119.220001,119.860001,119.860001,0
2014-10-08,119.480003,119.519997,118.690002,118.800003,118.800003,0
2014-10-09,119.389999,119.790001,118.779999,118.830002,118.830002,0
2014-10-10,118.339996,118.860001,117.820000,118.199997,118.199997,0
2014-10-13,118.180000,119.099998,117.849998,119.040001,119.040001,0
2014-10-14,118.910004,119.279999,118.360001,118.410004,118.410004,0
2014-10-15,118.209999,118.440002,116.879997,117.000000,117.000000,0
2014-10-16,116.820000,117.870003,116.199997,117.550003,117.550003,0
2014-10-17,117.800003,117.830002,117.250000,117.449997,117.449997,0
2014-10-20,117.199997,117.449997,116.209999,116.610001,116.610001,0
2014-10-21,116.650002,117.500000,116.559998,117.470001,117.470001,0
2014-10-22,117.379997,118.029999,116.610001,116.650002,116.650002,0
2014-10-23,116.400002,117.269997,116.360001,117.239998,117.239998,0
2014-10-24,117.150002,117.330002,116.430000,116.580002,116.580002,0
2014-10-27,116.239998,116.849998,115.699997,116.830002,116.830002,0
2014-10-28,116.720001,117.779999,116.650002,117.760002,117.760002,0
2014-10-29,117.949997,119.220001,117.849998,119.080002,119.080002,0
2014-10-30,118.779999,118.860001,117.699997,117.949997,117.949997,0
2014-10-31,117.959999,118.110001,116.750000,117.739998,117.739998,0
2014-11-03,117.790001,118.349998,117.589996,117.720001,117.720001,0
2014-11-04,117.449997,117.550003,116.239998,116.480003,116.480003,0
2014-11-05,116.470001,116.480003,115.410004,116.300003,116.300003,0
2014-11-06,116.360001,117.000000,115.839996,116.989998,116.989998,0
2014-11-07,116.900002,117.970001,116.720001,117.680000,117.680000,0
2014-11-10,118.180000,118.410004,116.510002,116.540001,116.540001,0
2014-11-11,116.570000,117.629997,115.680000,117.559998,117.559998,0
2014-11-12,117.339996,118.220001,117.199997,117.320000,117.320000,0
2014-11-13,117.190002,117.389999,115.889999,115.940002,115.940002,0
2014-11-14,115.940002,117.089996,115.360001,116.879997,116.879997,0
2014-11-17,117.150002,117.489998,116.620003,117.480003,117.480003,0
2014-11-18,117.150002,117.730003,116.330002,116.779999,116.779999,0
2014-11-19,116.660004,117.709999,116.449997,117.099998,117.099998,0
2014-11-20,116.900002,117.949997,116.860001,117.919998,117.919998,0
2014-11-21,117.839996,118.739998,117.519997,118.110001,118.110001,0
2014-11-24,117.519997,117.860001,117.070000,117.220001,117.220001,0
2014-11-25,117.169998,117.980003,117.099998,117.690002,117.690002,0
2014-11-26,117.820000,118.029999,117.410004,117.489998,117.489998,0
2014-11-28,115.379997,115.419998,112.860001,112.949997,112.949997,0
2014-12-01,111.480003,114.839996,111.059998,114.800003,114.800003,0
2014-12-02,114.339996,114.379997,112.449997,112.510002,112.510002,0
2014-12-03,112.570000,112.709999,111.889999,112.160004,112.160004,0
2014-12-04,112.300003,112.400002,111.839996,112.199997,112.199997,0
2014-12-05,112.070000,112.360001,111.599998,112.199997,112.199997,0
2014-12-08,111.900002,111.989998,110.639999,110.669998,110.669998,0
2014-12-09,110.580002,112.129997,110.459999,111.989998,111.989998,0
2014-12-10,111.639999,111.930000,110.639999,110.879997,110.879997,0
2014-12-11,111.190002,111.449997,110.500000,110.680000,110.680000,0
2014-12-12,110.629997,111.110001,110.489998,110.769997,110.769997,0
2014-12-15,111.099998,111.480003,109.720001,109.779999,109.779999,0
2014-12-16,109.529999,109.580002,108.070000,108.580002,108.580002,0
2014-12-17,108.190002,109.440002,107.730003,108.849998,108.849998,0
2014-12-18,108.949997,110.080002,108.500000,108.519997,108.519997,0
2014-12-19,108.519997,108.900002,108.220001,108.660004,108.660004,0
2014-12-22,107.239998,108.760002,106.940002,107.019997,107.019997,0
2014-12-23,107.559998,107.629997,106.790001,107.599998,107.599998,0
2014-12-24,106.160004,107.580002,106.000000,106.160004,106.160004,0
2014-12-26,106.529999,106.779999,106.230003,106.489998,106.489998,0
2014-12-29,106.910004,107.059998,105.809998,106.110001,106.110001,0
2014-12-30,106.250000,106.620003,105.760002,106.099998,106.099998,0
2014-12-31,106.059998,106.099998,104.150002,104.330002,104.330002,0
2015-01-02,104.519997,104.680000,103.760002,103.860001,103.860001,0
2015-01-05,104.209999,104.400002,103.739998,103.870003,103.870003,0
2015-01-06,104.059998,104.440002,103.389999,104.080002,104.080002,0
2015-01-07,104.059998,104.400002,103.190002,103.529999,103.529999,0
2015-01-08,103.690002,103.989998,103.349998,103.639999,103.639999,0
2015-01-09,103.839996,104.000000,103.279999,103.620003,103.620003,0
2015-01-12,103.480003,103.510002,101.870003,101.900002,101.900002,0
2015-01-13,101.930000,101.959999,100.830002,101.290001,101.290001,0
2015-01-14,100.449997,102.449997,99.949997,102.349998,102.349998,0
2015-01-15,102.669998,104.599998,101.410004,101.720001,101.720001,0
2015-01-16,101.830002,103.330002,101.589996,103.309998,103.309998,0
2015-01-20,102.040001,102.529999,101.360001,101.500000,101.500000,0
2015-01-21,102.029999,102.599998,101.940002,102.550003,102.550003,0
2015-01-22,102.610001,102.989998,101.370003,101.589996,101.589996,0
2015-01-23,101.830002,102.120003,100.949997,101.129997,101.129997,0
2015-01-26,100.650002,101.300003,99.910004,100.750000,100.750000,0
2015-01-27,100.690002,101.470001,100.500000,101.320000,101.320000,0
2015-01-28,100.849998,101.019997,100.110001,100.250000,100.250000,0
2015-01-29,100.139999,100.169998,98.279999,98.760002,98.760002,0
2015-01-30,98.690002,100.849998,98.550003,100.839996,100.839996,0
2015-02-02,98.690002,100.849998,98.550003,100.839996,100.839996,0
2015-02-03,101.709999,104.580002,101.680000,104.019997,104.019997,0
2015-02-04,104.019997,104.050003,101.370003,101.610001,101.610001,0
2015-02-05,101.889999,103.120003,101.139999,102.480003,102.480003,0
2015-02-06,103.029999,103.739998,102.320000,102.650002,102.650002,0
2015-02-09,103.180000,104.000000,102.889999,103.570000,103.570000,0
2015-02-10,103.309998,103.459999,102.029999,102.120003,102.120003,0
2015-02-11,102.330002,102.599998,101.139999,101.620003,101.620003,0
2015-02-12,101.790001,103.080002,101.699997,103.010002,103.010002,0
2015-02-13,103.160004,104.519997,103.160004,104.470001,104.470001,0
2015-02-17,104.680000,104.760002,102.769997,103.980003,103.980003,0
2015-02-18,103.989998,104.070000,102.940002,103.209999,103.209999,0
2015-02-19,102.959999,103.500000,102.000000,103.220001,103.220001,0
2015-02-20,103.230003,103.720001,102.690002,102.730003,102.730003,0
2015-02-23,102.970001,103.089996,101.650002,101.730003,101.730003,0
2015-02-24,101.860001,103.019997,101.370003,101.970001,101.970001,0
2015-02-25,102.139999,102.830002,101.889999,102.790001,102.790001,0
2015-02-26,102.910004,103.809998,101.959999,102.099998,102.099998,0
2015-02-27,102.250000,103.459999,102.239998,103.440002,103.440002,0
2015-03-02,103.410004,103.510002,101.849998,101.889999,101.889999,0
2015-03-03,101.860001,102.510002,101.680000,102.099998,102.099998,0
2015-03-04,102.089996,102.190002,101.129997,102.050003,102.050003,0
2015-03-05,102.180000,102.459999,101.529999,101.699997,101.699997,0
2015-03-06,101.870003,101.919998,100.339996,100.769997,100.769997,0
2015-03-09,100.449997,101.019997,100.300003,100.339996,100.339996,0
2015-03-10,100.379997,100.430000,98.919998,99.139999,99.139999,0
2015-03-11,99.610001,99.629997,98.889999,99.379997,99.379997,0
2015-03-12,99.470001,100.250000,98.820000,99.000000,99.000000,0
2015-03-13,99.370003,99.410004,97.550003,97.580002,97.580002,0
2015-03-16,97.480003,97.800003,96.470001,97.330002,97.330002,0
2015-03-17,97.480003,97.610001,96.440002,96.959999,96.959999,0
2015-03-18,96.940002,98.239998,96.209999,98.190002,98.190002,0
2015-03-19,98.739998,98.800003,97.529999,97.989998,97.989998,0
2015-03-20,98.199997,99.720001,97.889999,99.550003,99.550003,0
2015-03-23,99.139999,100.180000,98.989998,100.129997,100.129997,0
2015-03-24,100.019997,100.599998,99.720001,100.000000,100.000000,0
2015-03-25,99.900002,100.570000,99.459999,100.309998,100.309998,0
2015-03-26,100.570000,102.320000,100.440002,101.050003,101.050003,0
2015-03-27,100.559998,100.699997,99.339996,99.370003,99.370003,0
2015-03-30,99.169998,99.550003,98.690002,99.290001,99.290001,0
2015-03-31,98.910004,99.360001,98.080002,98.120003,98.120003,0
2015-04-01,98.349998,100.120003,98.040001,99.900002,99.900002,0
2015-04-02,99.459999,99.900002,98.860001,99.690002,99.690002,0
2015-04-06,100.389999,101.169998,100.080002,100.949997,100.949997,0
2015-04-07,100.830002,101.459999,100.360001,101.379997,101.379997,0
2015-04-08,100.919998,100.980003,99.199997,99.220001,99.220001,0
2015-04-09,99.290001,99.879997,98.720001,98.800003,98.800003,0
2015-04-10,98.919998,99.839996,98.800003,99.470001,99.470001,0
2015-04-13,99.470001,100.000000,99.029999,99.059998,99.059998,0
2015-04-14,99.279999,99.900002,98.889999,99.669998,99.669998,0
2015-04-15,99.790001,101.489998,99.690002,101.440002,101.440002,0
2015-04-16,101.419998,102.550003,101.190002,102.309998,102.309998,0
2015-04-17,101.949997,102.519997,101.650002,101.820000,101.820000,0
2015-04-20,102.129997,102.279999,100.849998,101.169998,101.169998,0
2015-04-21,101.070000,101.230003,100.580002,100.739998,100.739998,0
2015-04-22,100.449997,100.989998,100.260002,100.639999,100.639999,0
2015-04-23,100.809998,102.029999,100.379997,101.610001,101.610001,0
2015-04-24,101.559998,102.089996,101.300003,101.589996,101.589996,0
2015-04-27,101.570000,102.040001,101.360001,101.769997,101.769997,0
2015-04-28,101.279999,102.370003,101.199997,102.059998,102.059998,0
2015-04-29,101.809998,103.279999,101.529999,103.059998,103.059998,0
2015-04-30,102.889999,103.800003,102.650002,103.750000,103.750000,0
2015-05-01,103.639999,103.760002,102.839996,103.400002,103.400002,0
2015-05-04,103.320000,103.779999,103.279999,103.699997,103.699997,0
2015-05-05,103.599998,104.949997,103.430000,104.730003,104.730003,0
2015-05-06,104.900002,105.709999,104.389999,104.559998,104.559998,0
2015-05-07,104.150002,104.650002,102.949997,103.099998,103.099998,0
2015-05-08,103.059998,104.120003,102.839996,104.099998,104.099998,0
2015-05-11,104.070000,104.279999,103.199997,103.400002,103.400002,0
2015-05-12,103.250000,105.000000,103.169998,104.650002,104.650002,0
2015-05-13,104.769997,105.419998,104.629997,104.980003,104.980003,0
2015-05-14,104.800003,105.510002,104.709999,105.489998,105.489998,0
2015-05-15,105.449997,105.529999,104.559998,105.349998,105.349998,0
2015-05-18,105.330002,105.940002,104.919998,105.089996,105.089996,0
2015-05-19,104.930000,105.040001,102.790001,102.800003,102.800003,0
2015-05-20,103.029999,103.260002,102.650002,102.940002,102.940002,0
2015-05-21,103.089996,104.120003,103.089996,103.750000,103.750000,0
2015-05-22,103.790001,103.959999,102.470001,102.500000,102.500000,0
2015-05-26,102.620003,102.790001,100.559998,100.769997,100.769997,0
2015-05-27,100.949997,101.269997,99.930000,100.000000,100.000000,0
2015-05-28,100.330002,100.589996,99.519997,100.160004,100.160004,0
2015-05-29,100.480003,101.070000,100.070000,100.949997,100.949997,0
2015-06-01,100.620003,101.379997,100.410004,101.059998,101.059998,0
2015-06-02,101.000000,102.089996,101.000000,102.070000,102.070000,0
2015-06-03,102.000000,102.000000,100.809998,100.989998,100.989998,0
2015-06-04,100.870003,101.000000,99.919998,100.050003,100.050003,0
2015-06-05,100.010002,100.360001,99.080002,100.250000,100.250000,0
2015-06-08,100.400002,100.699997,100.209999,100.599998,100.599998,0
2015-06-09,100.760002,102.269997,100.690002,102.169998,102.169998,0
2015-06-10,102.279999,103.449997,102.269997,102.709999,102.709999,0
2015-06-11,102.629997,102.669998,101.279999,101.489998,101.489998,0
2015-06-12,101.370003,101.370003,100.559998,100.580002,100.580002,0
2015-06-15,100.489998,100.519997,99.750000,100.269997,100.269997,0
2015-06-16,100.529999,100.730003,99.860001,100.519997,100.519997,0
2015-06-17,100.800003,101.529999,99.940002,100.519997,100.519997,0
2015-06-18,100.589996,101.320000,100.370003,100.599998,100.599998,0
2015-06-19,100.449997,100.570000,99.419998,99.839996,99.839996,0
2015-06-22,99.570000,100.080002,99.190002,100.050003,100.050003,0
2015-06-23,100.389999,100.860001,99.970001,100.720001,100.720001,0
2015-06-24,100.690002,101.129997,100.339996,100.470001,100.470001,0
2015-06-25,100.459999,100.940002,100.220001,100.900002,100.900002,0
2015-06-26,101.010002,101.370003,100.709999,101.129997,101.129997,0
2015-06-29,100.919998,101.129997,100.220001,100.730003,100.730003,0
2015-06-30,100.570000,102.800003,100.279999,102.690002,102.690002,0
2015-07-01,102.349998,102.580002,101.290001,101.599998,101.599998,0
2015-07-02,101.730003,102.540001,101.610001,101.860001,101.860001,0
2015-07-06,100.470001,100.470001,99.070000,99.110001,99.110001,0
2015-07-07,99.269997,99.290001,96.480003,97.599998,97.599998,0
2015-07-08,97.360001,98.540001,96.809998,97.839996,97.839996,0
2015-07-09,98.040001,99.379997,98.019997,99.040001,99.040001,0
2015-07-10,99.330002,99.330002,99.330002,99.330002,99.330002,0
2015-07-13,98.870003,99.980003,98.430000,99.580002,99.580002,0
2015-07-14,100.010002,100.010002,98.889999,99.400002,99.400002,0
2015-07-15,99.570000,99.570000,98.480003,98.480003,98.480003,0
2015-07-16,98.690002,98.940002,98.070000,98.080002,98.080002,0
2015-07-17,98.089996,98.139999,97.110001,97.570000,97.570000,0
2015-07-20,96.660004,97.040001,96.080002,96.199997,96.199997,0
2015-07-21,96.139999,96.879997,96.080002,96.360001,96.360001,0
2015-07-22,95.320000,95.320000,95.320000,95.320000,95.320000,0
2015-07-23,95.290001,95.790001,94.309998,94.389999,94.389999,0
2015-07-24,94.139999,94.360001,93.190002,93.290001,93.290001,0
2015-07-27,92.989998,93.209999,92.120003,92.150002,92.150002,0
2015-07-28,92.000000,93.169998,91.870003,92.900002,92.900002,0
2015-07-29,93.050003,93.050003,93.050003,93.050003,93.050003,0
2015-07-30,93.239998,93.360001,92.510002,92.620003,92.620003,0
2015-07-31,92.589996,93.050003,91.669998,91.779999,91.779999,0
2015-08-03,91.489998,91.599998,90.370003,90.430000,90.430000,0
2015-08-04,90.639999,91.370003,90.570000,91.120003,91.120003,0
2015-08-05,91.180000,91.669998,90.669998,90.830002,90.830002,0
2015-08-06,90.739998,90.779999,90.300003,90.529999,90.529999,0
2015-08-07,90.489998,90.800003,90.129997,90.480003,90.480003,0
2015-08-10,90.629997,92.629997,90.589996,92.620003,92.620003,0
2015-08-11,92.000000,92.559998,90.760002,91.120003,91.120003,0
2015-08-12,90.830002,91.959999,90.320000,90.830002,90.830002,0
2015-08-13,90.800003,91.139999,90.209999,90.449997,90.449997,0
2015-08-14,90.339996,90.760002,90.220001,90.360001,90.360001,0
2015-08-17,90.000000,90.269997,89.790001,89.809998,89.809998,0
2015-08-18,89.809998,89.809998,88.790001,89.290001,89.290001,0
2015-08-19,89.250000,89.559998,88.309998,88.529999,88.529999,0
2015-08-20,88.519997,89.500000,88.260002,89.230003,89.230003,0
2015-08-21,89.059998,89.110001,87.550003,87.800003,87.800003,0
2015-08-24,86.949997,86.980003,85.169998,85.849998,85.849998,0
2015-08-25,86.230003,87.239998,85.820000,86.279999,86.279999,0
2015-08-26,86.070000,86.290001,85.099998,85.139999,85.139999,0
2015-08-27,85.889999,87.750000,85.699997,87.720001,87.720001,0
2015-08-28,88.029999,89.730003,87.500000,89.360001,89.360001,0
2015-08-31,88.730003,90.970001,87.820000,90.930000,90.930000,0
2015-09-01,90.059998,90.660004,88.660004,88.739998,88.739998,0
2015-09-02,88.300003,89.290001,87.610001,88.930000,88.930000,0
2015-09-03,88.680000,90.230003,88.599998,89.419998,89.419998,0
2015-09-04,89.199997,89.510002,88.459999,88.489998,88.489998,0
2015-09-08,88.080002,89.489998,87.879997,89.349998,89.349998,0
2015-09-09,89.349998,89.709999,88.199997,88.220001,88.220001,0
2015-09-10,88.279999,89.269997,87.949997,89.150002,89.150002,0
2015-09-11,89.120003,89.199997,87.879997,88.930000,88.930000,0
2015-09-14,89.309998,89.320000,88.349998,88.570000,88.570000,0
2015-09-15,88.839996,88.889999,88.400002,88.570000,88.570000,0
2015-09-16,88.629997,89.809998,88.500000,89.459999,89.459999,0
2015-09-17,89.410004,89.639999,88.739998,89.029999,89.029999,0
2015-09-18,89.120003,89.620003,87.610001,87.730003,87.730003,0
2015-09-21,87.550003,88.570000,87.510002,88.559998,88.559998,0
2015-09-22,88.260002,88.330002,87.070000,87.669998,87.669998,0
2015-09-23,87.559998,88.550003,87.160004,87.190002,87.190002,0
2015-09-24,87.440002,87.919998,86.820000,87.870003,87.870003,0
2015-09-25,87.900002,88.540001,87.820000,88.489998,88.489998,0
2015-09-28,88.410004,88.529999,87.250000,87.330002,87.330002,0
2015-09-29,87.309998,87.889999,87.089996,87.559998,87.559998,0
2015-09-30,87.419998,88.470001,87.389999,87.820000,87.820000,0
2015-10-01,88.059998,88.750000,87.120003,87.129997,87.129997,0
2015-10-02,87.320000,88.010002,86.750000,87.889999,87.889999,0
2015-10-05,88.160004,89.019997,88.139999,88.800003,88.800003,0
2015-10-06,88.750000,90.389999,88.430000,90.269997,90.269997,0
2015-10-07,90.410004,91.260002,90.000000,90.110001,90.110001,0
2015-10-08,89.910004,90.550003,89.599998,90.349998,90.349998,0
2015-10-09,90.459999,91.940002,90.449997,91.010002,91.010002,0
2015-10-12,91.230003,91.680000,90.040001,90.050003,90.050003,0
2015-10-13,90.110001,90.580002,89.599998,89.980003,89.980003,0
2015-10-14,89.959999,90.370003,89.650002,90.139999,90.139999,0
2015-10-15,90.180000,90.339996,89.389999,89.839996,89.839996,0
2015-10-16,89.949997,89.970001,89.110001,89.779999,89.779999,0
2015-10-19,89.510002,89.629997,88.510002,88.519997,88.519997,0
2015-10-20,88.550003,89.099998,88.379997,88.830002,88.830002,0
2015-10-21,88.699997,88.779999,87.809998,88.180000,88.180000,0
2015-10-22,88.279999,88.989998,88.029999,88.169998,88.169998,0
2015-10-23,88.239998,88.739998,87.250000,87.449997,87.449997,0
2015-10-26,87.430000,87.599998,86.940002,86.959999,86.959999,0
2015-10-27,86.930000,87.089996,86.489998,86.620003,86.620003,0
2015-10-28,86.629997,87.760002,86.470001,87.639999,87.639999,0
2015-10-29,87.309998,87.589996,86.730003,86.870003,86.870003,0
2015-10-30,86.839996,87.629997,86.680000,87.430000,87.430000,0
2015-11-02,87.230003,104.769997,86.620003,86.870003,86.870003,0
2015-11-03,87.010002,87.900002,86.809998,87.690002,87.690002,0
2015-11-04,87.839996,88.129997,86.500000,86.510002,86.510002,0
2015-11-05,86.660004,86.660004,85.800003,85.830002,85.830002,0
2015-11-06,85.989998,86.180000,84.910004,85.230003,85.230003,0
2015-11-09,85.500000,85.629997,84.180000,84.239998,84.239998,0
2015-11-10,84.349998,84.559998,83.870003,84.040001,84.040001,0
2015-11-11,84.029999,84.379997,83.489998,83.620003,83.620003,0
2015-11-12,83.779999,83.900002,82.690002,82.870003,82.870003,0
2015-11-13,82.949997,83.209999,82.239998,82.430000,82.430000,0
2015-11-16,82.879997,82.919998,81.699997,82.459999,82.459999,0
2015-11-17,82.120003,82.419998,81.660004,81.739998,81.739998,0
2015-11-18,81.720001,82.230003,81.120003,81.570000,81.570000,0
2015-11-19,81.680000,82.129997,81.269997,81.739998,81.739998,0
2015-11-20,81.769997,82.120003,81.379997,81.419998,81.419998,0
2015-11-23,80.660004,81.750000,80.190002,81.500000,81.500000,0
2015-11-24,81.400002,82.559998,81.389999,82.139999,82.139999,0
2015-11-25,82.279999,82.360001,81.419998,82.269997,82.269997,0
2015-11-27,82.050003,82.050003,81.080002,81.099998,81.099998,0
2015-11-30,81.059998,81.629997,81.000000,81.080002,81.080002,0
2015-12-01,81.419998,81.879997,81.129997,81.750000,81.750000,0
2015-12-02,81.690002,81.730003,80.320000,80.370003,80.370003,0
2015-12-03,80.349998,81.680000,80.230003,81.300003,81.300003,0
2015-12-04,81.379997,81.940002,81.019997,81.699997,81.699997,0
2015-12-07,81.449997,81.610001,79.470001,79.510002,79.510002,0
2015-12-08,79.519997,79.709999,78.720001,79.169998,79.169998,0
2015-12-09,79.430000,80.180000,78.790001,79.250000,79.250000,0
2015-12-10,79.379997,79.480003,78.839996,79.150002,79.150002,0
2015-12-11,78.809998,79.279999,78.360001,78.419998,78.419998,0
2015-12-14,78.239998,78.279999,77.180000,77.959999,77.959999,0
2015-12-15,77.900002,78.239998,77.419998,77.580002,77.580002,0
2015-12-16,77.610001,77.879997,76.879997,77.080002,77.080002,0
2015-12-17,76.919998,77.000000,76.160004,76.599998,76.599998,0
2015-12-18,76.610001,78.010002,76.589996,77.449997,77.449997,0
2015-12-21,77.400002,77.989998,77.180000,77.699997,77.699997,0
2015-12-22,77.680000,77.790001,77.139999,77.169998,77.169998,0
2015-12-23,77.279999,78.129997,77.279999,78.110001,78.110001,0
2015-12-24,78.290001,78.589996,78.180000,78.489998,78.489998,0
2015-12-28,78.449997,78.480003,77.820000,77.879997,77.879997,0
2015-12-29,78.010002,79.099998,77.989998,79.040001,79.040001,0
2015-12-30,78.739998,78.790001,78.000000,78.089996,78.089996,0
2015-12-31,78.379997,79.019997,78.099998,78.559998,78.559998,0
2016-01-04,78.669998,79.050003,77.669998,77.910004,77.910004,0
2016-01-05,78.080002,78.260002,77.449997,77.660004,77.660004,0
2016-01-06,77.620003,77.720001,76.559998,76.639999,76.639999,0
2016-01-07,76.330002,77.209999,75.699997,76.680000,76.680000,0
2016-01-08,76.849998,77.139999,76.449997,76.730003,76.730003,0
2016-01-11,76.379997,76.410004,74.889999,75.120003,75.120003,0
2016-01-12,74.750000,75.209999,74.019997,74.430000,74.430000,0
2016-01-13,74.589996,75.279999,74.449997,74.629997,74.629997,0
2016-01-14,74.599998,74.839996,74.239998,74.559998,74.559998,0
2016-01-15,74.430000,74.470001,73.339996,73.489998,73.489998,0
2016-01-19,73.699997,74.680000,73.570000,73.610001,73.610001,0
2016-01-20,73.410004,73.430000,72.330002,72.879997,72.879997,0
2016-01-21,73.180000,74.239998,72.559998,73.790001,73.790001,0
2016-01-22,73.980003,75.480003,73.809998,75.239998,75.239998,0
2016-01-25,75.370003,75.529999,74.250000,74.500000,74.500000,0
2016-01-26,74.349998,75.889999,73.940002,75.500000,75.500000,0
2016-01-27,75.239998,76.430000,75.050003,76.120003,76.120003,0
2016-01-28,75.919998,77.040001,75.730003,76.099998,76.099998,0
2016-01-29,76.389999,77.250000,76.290001,77.220001,77.220001,0
2016-02-01,76.570000,76.690002,75.650002,75.949997,75.949997,0
2016-02-02,75.669998,75.949997,74.510002,74.849998,74.849998,0
2016-02-03,74.769997,76.300003,74.739998,76.269997,76.269997,0
2016-02-04,76.519997,77.160004,76.050003,76.139999,76.139999,0
2016-02-05,76.139999,76.730003,75.559998,75.599998,75.599998,0
2016-02-08,75.769997,76.129997,75.339996,75.500000,75.500000,0
2016-02-09,75.599998,75.680000,73.949997,74.000000,74.000000,0
2016-02-10,74.160004,74.489998,73.709999,73.919998,73.919998,0
2016-02-11,73.959999,74.629997,73.830002,73.959999,73.959999,0
2016-02-12,74.540001,75.459999,74.400002,75.440002,75.440002,0
2016-02-16,75.790001,76.190002,74.570000,74.720001,74.720001,0
2016-02-17,74.940002,76.180000,74.580002,76.029999,76.029999,0
2016-02-18,76.169998,76.370003,75.690002,75.750000,75.750000,0
2016-02-19,75.699997,75.900002,75.029999,75.110001,75.110001,0
2016-02-22,75.330002,76.209999,75.279999,75.970001,75.970001,0
2016-02-23,75.760002,76.150002,74.970001,75.180000,75.180000,0
2016-02-24,74.970001,75.910004,74.629997,75.769997,75.769997,0
2016-02-25,75.720001,75.930000,74.870003,75.739998,75.739998,0
2016-02-26,75.720001,76.639999,75.379997,75.459999,75.459999,0
2016-02-29,75.480003,76.059998,75.209999,75.949997,75.949997,0
2016-03-01,75.779999,76.459999,75.559998,76.080002,76.080002,0
2016-03-02,76.029999,76.660004,75.930000,76.459999,76.459999,0
2016-03-03,76.400002,77.010002,76.279999,76.870003,76.870003,0
2016-03-04,77.059998,78.419998,77.029999,78.379997,78.379997,0
2016-03-07,78.449997,79.500000,78.300003,79.300003,79.300003,0
2016-03-08,78.800003,79.510002,78.309998,78.419998,78.419998,0
2016-03-09,78.260002,79.459999,78.250000,79.440002,79.440002,0
2016-03-10,79.339996,79.510002,78.809998,79.379997,79.379997,0
2016-03-11,79.870003,80.220001,79.739998,79.949997,79.949997,0
2016-03-14,79.860001,80.110001,78.870003,79.430000,79.430000,0
2016-03-15,79.220001,79.220001,78.550003,78.820000,78.820000,0
2016-03-16,79.029999,79.620003,78.750000,79.599998,79.599998,0
2016-03-17,80.370003,81.309998,80.239998,81.290001,81.290001,0
2016-03-18,81.449997,81.570000,80.699997,80.760002,80.760002,0
2016-03-21,80.580002,81.070000,80.199997,80.790001,80.790001,0
2016-03-22,80.580002,81.250000,80.570000,81.230003,81.230003,0
2016-03-23,81.019997,81.029999,79.559998,79.580002,79.580002,0
2016-03-24,79.410004,79.589996,78.680000,79.250000,79.250000,0
2016-03-28,79.309998,79.580002,79.080002,79.480003,79.480003,0
2016-03-29,79.459999,79.529999,78.739998,79.309998,79.309998,0
2016-03-30,79.599998,80.019997,78.889999,78.930000,78.930000,0
2016-03-31,78.769997,79.559998,78.559998,78.830002,78.830002,0
2016-04-01,78.790001,78.949997,77.570000,77.940002,77.940002,0
2016-04-04,77.800003,78.339996,77.120003,77.180000,77.180000,0
2016-04-05,77.199997,77.400002,76.800003,76.970001,76.970001,0
2016-04-06,77.260002,77.839996,76.800003,77.650002,77.650002,0
2016-04-07,77.839996,77.989998,77.110001,77.449997,77.449997,0
2016-04-08,77.750000,79.059998,77.739998,79.029999,79.029999,0
2016-04-11,79.010002,79.400002,78.660004,79.279999,79.279999,0
2016-04-12,79.209999,80.919998,79.199997,80.889999,80.889999,0
2016-04-13,80.870003,81.449997,80.599998,81.239998,81.239998,0
2016-04-14,80.790001,81.239998,80.500000,80.650002,80.650002,0
2016-04-15,80.669998,80.709999,79.709999,80.389999,80.389999,0
2016-04-18,79.699997,81.029999,79.339996,80.680000,80.680000,0
2016-04-19,80.620003,82.669998,80.459999,82.650002,82.650002,0
2016-04-20,82.489998,84.220001,81.959999,84.180000,84.180000,0
2016-04-21,84.050003,85.070000,83.089996,83.589996,83.589996,0
2016-04-22,83.849998,84.309998,82.949997,83.050003,83.050003,0
2016-04-25,82.779999,83.480003,82.440002,82.879997,82.879997,0
2016-04-26,83.199997,83.879997,82.570000,83.839996,83.839996,0
2016-04-27,84.050003,84.430000,83.230003,84.309998,84.309998,0
2016-04-28,84.029999,85.019997,83.919998,84.839996,84.839996,0
2016-04-29,84.690002,85.790001,84.690002,85.519997,85.519997,0
2016-05-02,85.339996,85.570000,84.550003,84.720001,84.720001,0
2016-05-03,84.720001,85.220001,83.279999,83.580002,83.580002,0
2016-05-04,83.370003,84.239998,83.099998,83.349998,83.349998,0
2016-05-05,83.750000,84.540001,82.570000,82.709999,82.709999,0
2016-05-06,82.779999,83.879997,82.459999,83.389999,83.389999,0
2016-05-09,83.570000,83.599998,81.669998,81.760002,81.760002,0
2016-05-10,81.769997,83.389999,81.750000,83.360001,83.360001,0
2016-05-11,83.599998,84.760002,83.370003,84.709999,84.709999,0
2016-05-12,84.629997,85.129997,83.870003,84.750000,84.750000,0
2016-05-13,84.440002,84.669998,83.949997,84.470001,84.470001,0
2016-05-16,84.620003,85.349998,84.599998,85.139999,85.139999,0
2016-05-17,85.349998,85.879997,85.000000,85.720001,85.720001,0
2016-05-18,85.870003,85.889999,84.919998,85.400002,85.400002,0
2016-05-19,84.669998,84.769997,83.720001,84.680000,84.680000,0
2016-05-20,84.800003,85.480003,84.580002,84.870003,84.870003,0
2016-05-23,84.800003,84.959999,84.080002,84.379997,84.379997,0
2016-05-24,84.160004,84.870003,83.889999,84.169998,84.169998,0
2016-05-25,84.489998,85.220001,84.379997,85.190002,85.190002,0
2016-05-26,85.379997,85.940002,84.919998,85.349998,85.349998,0
2016-05-27,85.160004,85.540001,84.900002,85.470001,85.470001,0
2016-05-31,85.540001,86.040001,85.290001,85.339996,85.339996,0
2016-06-01,85.129997,85.959999,84.680000,85.910004,85.910004,0
2016-06-02,86.080002,86.910004,85.720001,86.709999,86.709999,0
2016-06-03,86.750000,87.650002,86.669998,87.139999,87.139999,0
2016-06-06,87.779999,88.400002,87.720001,88.110001,88.110001,0
2016-06-07,87.900002,88.309998,87.699997,88.290001,88.290001,0
2016-06-08,88.500000,90.010002,88.419998,89.940002,89.940002,0
2016-06-09,90.160004,90.309998,89.220001,89.879997,89.879997,0
2016-06-10,89.760002,89.760002,88.849998,88.940002,88.940002,0
2016-06-13,89.070000,89.580002,88.930000,89.080002,89.080002,0
2016-06-14,88.639999,88.830002,88.139999,88.769997,88.769997,0
2016-06-15,88.360001,88.959999,88.320000,88.470001,88.470001,0
2016-06-16,88.279999,88.309998,87.220001,87.230003,87.230003,0
2016-06-17,87.400002,88.760002,87.400002,88.720001,88.720001,0
2016-06-20,88.760002,89.529999,88.660004,89.449997,89.449997,0
2016-06-21,89.309998,89.330002,88.120003,88.580002,88.580002,0
2016-06-22,88.580002,88.980003,87.779999,88.019997,88.019997,0
2016-06-23,88.059998,88.480003,87.669998,88.349998,88.349998,0
2016-06-24,87.959999,88.019997,86.449997,86.959999,86.959999,0
2016-06-27,87.139999,87.669998,86.430000,86.660004,86.660004,0
2016-06-28,86.930000,88.430000,86.930000,88.300003,88.300003,0
2016-06-29,88.440002,89.339996,88.220001,89.300003,89.300003,0
2016-06-30,89.220001,89.419998,88.500000,88.839996,88.839996,0
2016-07-01,89.160004,89.709999,88.830002,89.680000,89.680000,0
2016-07-05,89.080002,89.230003,86.910004,87.430000,87.430000,0
2016-07-06,87.449997,87.820000,86.320000,87.529999,87.529999,0
2016-07-07,87.809998,88.120003,85.389999,85.529999,85.529999,0
2016-07-08,85.610001,86.489998,85.480003,86.400002,86.400002,0
2016-07-11,86.639999,87.199997,86.019997,86.080002,86.080002,0
2016-07-12,86.309998,87.550003,86.139999,87.489998,87.489998,0
2016-07-13,87.239998,88.190002,86.870003,86.980003,86.980003,0
2016-07-14,87.220001,87.940002,86.980003,87.120003,87.120003,0
2016-07-15,86.839996,86.839996,86.699997,86.699997,86.699997,0
2016-07-18,86.769997,86.900002,85.769997,86.529999,86.529999,0
2016-07-19,86.449997,86.760002,85.720001,85.750000,85.750000,0
2016-07-20,85.690002,85.860001,84.779999,85.160004,85.160004,0
2016-07-21,85.169998,85.540001,84.820000,84.949997,84.949997,0
2016-07-22,84.959999,84.970001,84.040001,84.639999,84.639999,0
2016-07-25,84.580002,84.750000,83.720001,83.919998,83.919998,0
2016-07-26,83.860001,83.989998,83.309998,83.720001,83.720001,0
2016-07-27,83.709999,84.220001,83.019997,83.129997,83.129997,0
2016-07-28,83.610001,83.760002,83.320000,83.400002,83.400002,0
2016-07-29,83.470001,84.349998,82.809998,84.279999,84.279999,0
2016-08-01,84.169998,84.349998,82.800003,82.900002,82.900002,0
2016-08-02,82.860001,83.790001,82.449997,82.730003,82.730003,0
2016-08-03,82.849998,83.750000,82.550003,83.550003,83.550003,0
2016-08-04,83.620003,84.070000,83.070000,83.910004,83.910004,0
2016-08-05,83.900002,84.129997,83.330002,83.849998,83.849998,0
2016-08-08,83.889999,84.489998,83.839996,84.320000,84.320000,0
2016-08-09,84.019997,84.379997,83.720001,83.750000,83.750000,0
2016-08-10,83.839996,84.459999,83.190002,83.230003,83.230003,0
2016-08-11,83.180000,84.260002,82.910004,83.970001,83.970001,0
2016-08-12,83.900002,84.389999,83.559998,84.059998,84.059998,0
2016-08-15,84.379997,85.260002,84.239998,85.239998,85.239998,0
2016-08-16,85.059998,85.809998,85.010002,85.720001,85.720001,0
2016-08-17,85.550003,85.949997,85.230003,85.870003,85.870003,0
2016-08-18,86.059998,86.830002,85.900002,86.739998,86.739998,0
2016-08-19,86.510002,86.660004,85.870003,86.239998,86.239998,0
2016-08-22,85.930000,85.959999,85.410004,85.669998,85.669998,0
2016-08-23,85.400002,86.150002,85.290001,86.070000,86.070000,0
2016-08-24,85.809998,85.830002,84.910004,85.070000,85.070000,0
2016-08-25,84.919998,85.239998,84.750000,85.050003,85.050003,0
2016-08-26,85.180000,85.940002,84.599998,84.980003,84.980003,0
2016-08-29,84.699997,84.730003,84.320000,84.459999,84.459999,0
2016-08-30,84.510002,84.699997,83.510002,83.660004,83.660004,0
2016-08-31,83.660004,83.730003,82.639999,82.769997,82.769997,0
2016-09-01,82.910004,83.080002,82.029999,82.099998,82.099998,0
2016-09-02,82.470001,83.269997,82.250000,82.989998,82.989998,0
2016-09-06,83.309998,83.430000,82.629997,83.389999,83.389999,0
2016-09-07,83.440002,84.019997,83.430000,83.930000,83.930000,0
2016-09-08,84.320000,85.199997,84.019997,85.150002,85.150002,0
2016-09-09,84.889999,84.940002,83.989998,84.019997,84.019997,0
2016-09-12,83.459999,84.419998,83.279999,84.080002,84.080002,0
2016-09-13,84.169998,84.199997,82.989998,83.019997,83.019997,0
2016-09-14,83.080002,83.410004,82.589996,82.669998,82.669998,0
2016-09-15,82.800003,83.250000,82.489998,83.080002,83.080002,0
2016-09-16,82.980003,83.300003,82.410004,83.239998,83.239998,0
2016-09-19,83.739998,84.080002,83.489998,83.610001,83.610001,0
2016-09-20,83.599998,84.360001,83.480003,84.290001,84.290001,0
2016-09-21,84.489998,84.970001,84.419998,84.910004,84.910004,0
2016-09-22,85.449997,86.050003,85.260002,85.510002,85.510002,0
2016-09-23,85.070000,85.449997,84.169998,84.320000,84.320000,0
2016-09-26,84.459999,85.129997,84.070000,84.860001,84.860001,0
2016-09-27,84.650002,84.870003,83.709999,84.139999,84.139999,0
2016-09-28,84.110001,85.260002,83.720001,85.139999,85.139999,0
2016-09-29,85.489998,85.580002,84.949997,85.220001,85.220001,0
2016-09-30,85.040001,85.639999,84.790001,85.339996,85.339996,0
2016-10-03,85.279999,85.709999,84.620003,85.599998,85.599998,0
2016-10-04,85.400002,85.510002,85.010002,85.150002,85.150002,0
2016-10-05,85.449997,85.790001,85.169998,85.720001,85.720001,0
2016-10-06,85.510002,85.699997,85.160004,85.510002,85.510002,0
2016-10-07,85.589996,86.099998,85.339996,85.639999,85.639999,0
2016-10-10,85.489998,86.930000,85.489998,86.760002,86.760002,0
2016-10-11,86.669998,86.809998,85.940002,86.180000,86.180000,0
2016-10-12,86.290001,86.379997,85.620003,85.650002,85.650002,0
2016-10-13,85.570000,86.300003,85.330002,86.279999,86.279999,0
2016-10-14,86.440002,86.730003,86.160004,86.339996,86.339996,0
2016-10-17,86.260002,86.620003,85.820000,86.389999,86.389999,0
2016-10-18,86.669998,86.910004,86.419998,86.550003,86.550003,0
2016-10-19,86.790001,87.080002,86.459999,86.889999,86.889999,0
2016-10-20,86.980003,87.010002,85.769997,86.019997,86.019997,0
2016-10-21,85.919998,86.230003,85.720001,86.110001,86.110001,0
2016-10-24,86.099998,86.510002,85.709999,86.150002,86.150002,0
2016-10-25,86.260002,86.720001,85.800003,86.010002,86.010002,0
2016-10-26,85.779999,85.919998,85.269997,85.540001,85.540001,0
2016-10-27,85.639999,86.300003,85.540001,86.220001,86.220001,0
2016-10-28,86.320000,86.510002,85.750000,85.910004,85.910004,0
2016-10-31,85.870003,86.010002,84.870003,84.900002,84.900002,0
2016-11-01,85.150002,85.440002,84.349998,84.510002,84.510002,0
2016-11-02,84.150002,84.199997,83.570000,83.889999,83.889999,0
2016-11-03,83.940002,84.000000,83.480003,83.610001,83.610001,0
2016-11-04,83.570000,83.639999,82.949997,83.290001,83.290001,0
2016-11-07,83.699997,84.000000,83.360001,83.820000,83.820000,0
2016-11-08,83.860001,84.139999,83.370003,83.779999,83.779999,0
2016-11-09,83.330002,84.480003,82.910004,83.910004,83.910004,0
2016-11-10,84.400002,85.080002,83.610001,83.839996,83.839996,0
2016-11-11,83.830002,84.419998,82.160004,82.379997,82.379997,0
2016-11-14,82.809998,82.830002,81.790001,82.339996,82.339996,0
2016-11-15,82.870003,83.330002,82.349998,83.279999,83.279999,0
2016-11-16,83.239998,83.519997,82.580002,82.769997,82.769997,0
2016-11-17,82.750000,83.279999,82.610001,82.730003,82.730003,0
2016-11-18,82.209999,83.160004,82.120003,83.019997,83.019997,0
2016-11-21,83.760002,84.930000,83.760002,84.889999,84.889999,0
2016-11-22,85.470001,85.739998,84.790001,85.139999,85.139999,0
2016-11-23,85.029999,85.510002,84.279999,85.360001,85.360001,0
2016-11-25,85.370003,85.500000,84.959999,85.029999,85.029999,0
2016-11-28,85.709999,86.459999,85.480003,86.070000,86.070000,0
2016-11-29,85.940002,85.940002,84.190002,84.279999,84.279999,0
2016-11-30,84.449997,86.309998,84.160004,86.000000,86.000000,0
2016-12-01,86.059998,87.209999,85.959999,86.919998,86.919998,0
2016-12-02,86.879997,87.180000,86.300003,87.040001,87.040001,0
2016-12-05,87.190002,89.089996,87.150002,88.349998,88.349998,0
2016-12-06,88.010002,88.379997,87.739998,88.029999,88.029999,0
2016-12-07,87.980003,88.320000,87.459999,87.470001,87.470001,0
2016-12-08,87.410004,87.830002,86.930000,87.570000,87.570000,0
2016-12-09,87.690002,88.169998,87.589996,88.139999,88.139999,0
2016-12-12,88.800003,88.860001,88.110001,88.180000,88.180000,0
2016-12-13,88.160004,88.620003,87.610001,87.919998,87.919998,0
2016-12-14,87.680000,88.120003,87.389999,87.629997,87.629997,0
2016-12-15,87.449997,87.599998,86.459999,86.839996,86.839996,0
2016-12-16,87.129997,87.129997,87.129997,87.129997,87.129997,0
2016-12-19,87.209999,87.330002,86.349998,86.570000,86.570000,0
2016-12-20,86.440002,86.519997,86.000000,86.160004,86.160004,0
2016-12-21,86.400002,86.849998,86.230003,86.400002,86.400002,0
2016-12-22,86.449997,86.730003,85.839996,86.330002,86.330002,0
2016-12-23,86.169998,86.529999,86.000000,86.290001,86.290001,0
2016-12-27,86.599998,87.709999,86.589996,87.599998,87.599998,0
2016-12-28,87.480003,87.849998,87.150002,87.750000,87.750000,0
2016-12-29,87.800003,88.010002,87.550003,87.669998,87.669998,0
2016-12-30,87.730003,88.000000,87.349998,87.510002,87.510002,0
2017-01-03,87.339996,87.830002,86.000000,86.070000,86.070000,0
2017-01-04,86.220001,87.209999,86.160004,87.169998,87.169998,0
2017-01-05,87.070000,87.849998,87.029999,87.529999,87.529999,0
2017-01-06,87.540001,87.629997,87.000000,87.370003,87.370003,0
2017-01-09,87.360001,87.389999,86.320000,86.339996,86.339996,0
2017-01-10,86.360001,87.209999,86.349998,86.849998,86.849998,0
2017-01-11,86.839996,87.459999,86.550003,87.209999,87.209999,0
2017-01-12,87.349998,88.510002,87.300003,88.489998,88.489998,0
2017-01-13,88.430000,88.709999,87.989998,88.540001,88.540001,0
2017-01-17,88.779999,89.470001,88.540001,88.949997,88.949997,0
2017-01-18,88.970001,89.059998,88.250000,88.379997,88.379997,0
2017-01-19,88.300003,88.519997,88.040001,88.160004,88.160004,0
2017-01-20,88.070000,88.730003,87.879997,88.379997,88.379997,0
2017-01-23,88.690002,88.699997,88.220001,88.599998,88.599998,0
2017-01-24,88.820000,89.260002,88.730003,88.750000,88.750000,0
2017-01-25,88.489998,88.699997,88.070000,88.370003,88.370003,0
2017-01-26,88.610001,88.830002,88.180000,88.269997,88.269997,0
2017-01-27,88.019997,88.059998,87.620003,87.980003,87.980003,0
2017-01-30,87.839996,87.870003,87.019997,87.029999,87.029999,0
2017-01-31,87.029999,87.860001,87.000000,87.589996,87.589996,0
2017-02-01,87.559998,88.550003,87.500000,88.540001,88.540001,0
2017-02-02,88.559998,88.910004,88.330002,88.400002,88.400002,0
2017-02-03,88.139999,88.339996,87.730003,87.940002,87.940002,0
2017-02-06,88.230003,88.360001,87.820000,87.830002,87.830002,0
2017-02-07,87.910004,87.989998,87.529999,87.860001,87.860001,0
2017-02-08,87.860001,88.599998,87.779999,88.419998,88.419998,0
2017-02-09,88.519997,88.870003,88.269997,88.529999,88.529999,0
2017-02-10,88.309998,89.449997,88.309998,89.360001,89.360001,0
2017-02-13,89.349998,89.360001,88.589996,88.639999,88.639999,0
2017-02-14,88.580002,89.059998,88.419998,88.629997,88.629997,0
2017-02-15,88.720001,89.059998,88.410004,89.010002,89.010002,0
2017-02-16,89.110001,89.160004,88.459999,88.480003,88.480003,0
2017-02-17,88.339996,88.339996,87.820000,88.110001,88.110001,0
2017-02-21,88.370003,88.459999,87.849998,87.860001,87.860001,0
2017-02-22,87.959999,87.959999,87.480003,87.550003,87.550003,0
2017-02-23,87.779999,88.120003,87.260002,87.370003,87.370003,0
2017-02-24,87.379997,87.680000,87.110001,87.480003,87.480003,0
2017-02-27,87.459999,87.599998,87.080002,87.099998,87.099998,0
2017-02-28,87.070000,87.910004,86.949997,87.739998,87.739998,0
2017-03-01,87.769997,88.360001,87.610001,88.320000,88.320000,0
2017-03-02,88.139999,88.199997,86.910004,86.989998,86.989998,0
2017-03-03,87.029999,87.230003,86.809998,87.190002,87.190002,0
2017-03-06,87.489998,87.639999,87.070000,87.110001,87.110001,0
2017-03-07,87.070000,87.110001,86.269997,86.349998,86.349998,0
2017-03-08,86.339996,86.459999,85.230003,85.290001,85.290001,0
2017-03-09,85.300003,85.410004,84.290001,84.580002,84.580002,0
2017-03-10,84.620003,85.040001,84.180000,84.269997,84.269997,0
2017-03-13,84.470001,84.730003,84.269997,84.370003,84.370003,0
2017-03-14,84.290001,84.430000,83.559998,83.900002,83.900002,0
2017-03-15,84.220001,84.669998,84.169998,84.510002,84.510002,0
2017-03-16,85.099998,85.419998,84.839996,84.870003,84.870003,0
2017-03-17,84.910004,85.209999,84.709999,85.139999,85.139999,0
2017-03-20,85.089996,85.440002,84.930000,85.110001,85.110001,0
2017-03-21,85.070000,85.290001,84.709999,84.919998,84.919998,0
2017-03-22,84.709999,84.849998,84.290001,84.660004,84.660004,0
2017-03-23,84.809998,84.849998,84.360001,84.589996,84.589996,0
2017-03-24,84.410004,84.690002,84.370003,84.529999,84.529999,0
2017-03-27,84.489998,84.610001,83.940002,84.330002,84.330002,0
2017-03-28,84.389999,85.010002,84.250000,84.910004,84.910004,0
2017-03-29,84.760002,85.419998,84.650002,85.400002,85.400002,0
2017-03-30,85.190002,85.720001,85.010002,85.349998,85.349998,0
2017-03-31,85.230003,85.410004,84.900002,85.349998,85.349998,0
2017-04-03,85.440002,85.709999,84.730003,84.739998,84.739998,0
2017-04-04,84.849998,85.320000,84.690002,85.290001,85.290001,0
2017-04-05,85.610001,86.129997,85.459999,85.620003,85.620003,0
2017-04-06,85.650002,85.940002,85.540001,85.750000,85.750000,0
2017-04-07,86.300003,86.400002,85.480003,85.839996,85.839996,0
2017-04-10,85.680000,85.940002,85.620003,85.900002,85.900002,0
2017-04-11,85.989998,86.050003,85.489998,86.000000,86.000000,0
2017-04-12,86.309998,86.309998,85.800003,85.879997,85.879997,0
2017-04-13,86.080002,86.459999,86.059998,86.300003,86.300003,0
2017-04-17,86.300003,86.440002,86.040001,86.050003,86.050003,0
2017-04-18,86.059998,86.059998,85.080002,85.349998,85.349998,0
2017-04-19,85.480003,85.690002,84.540001,84.639999,84.639999,0
2017-04-20,84.669998,85.150002,84.410004,84.449997,84.449997,0
2017-04-21,84.459999,84.639999,83.750000,83.900002,83.900002,0
2017-04-24,84.099998,84.250000,83.470001,83.720001,83.720001,0
2017-04-25,83.739998,84.040001,83.400002,84.029999,84.029999,0
2017-04-26,84.029999,84.400002,83.809998,83.889999,83.889999,0
2017-04-27,83.760002,83.879997,83.230003,83.620003,83.620003,0
2017-04-28,83.800003,84.089996,83.699997,84.010002,84.010002,0
2017-05-01,84.080002,84.510002,84.070000,84.209999,84.209999,0
2017-05-02,84.379997,84.540001,83.750000,83.849998,83.849998,0
2017-05-03,83.940002,83.940002,83.419998,83.730003,83.730003,0
2017-05-04,83.559998,83.580002,82.099998,82.209999,82.209999,0
2017-05-05,82.320000,82.930000,81.669998,82.680000,82.680000,0
2017-05-08,82.639999,82.750000,81.949997,82.269997,82.269997,0
2017-05-09,82.360001,82.540001,82.000000,82.029999,82.029999,0
2017-05-10,82.129997,82.959999,82.029999,82.760002,82.760002,0
2017-05-11,82.800003,83.410004,82.800003,83.129997,83.129997,0
2017-05-12,83.099998,83.500000,83.089996,83.480003,83.480003,0
2017-05-15,83.529999,84.300003,83.459999,83.580002,83.580002,0
2017-05-16,83.610001,83.760002,83.379997,83.500000,83.500000,0
2017-05-17,83.410004,84.180000,83.400002,83.980003,83.980003,0
2017-05-18,83.680000,83.790001,82.910004,83.419998,83.419998,0
2017-05-19,83.650002,84.730003,83.559998,84.720001,84.720001,0
2017-05-22,85.019997,85.459999,84.940002,85.260002,85.260002,0
2017-05-23,85.190002,85.209999,84.629997,84.699997,84.699997,0
2017-05-24,84.660004,84.800003,84.279999,84.470001,84.470001,0
2017-05-25,84.720001,84.870003,83.610001,83.709999,83.709999,0
2017-05-26,83.699997,84.019997,83.430000,84.010002,84.010002,0
2017-05-30,83.750000,83.750000,82.980003,83.199997,83.199997,0
2017-05-31,83.279999,83.290001,82.489998,82.830002,82.830002,0
2017-06-01,82.949997,83.050003,82.430000,82.459999,82.459999,0
2017-06-02,82.339996,82.470001,81.639999,82.330002,82.330002,0
2017-06-05,82.480003,82.690002,81.889999,82.000000,82.000000,0
2017-06-06,81.940002,82.620003,81.879997,82.480003,82.480003,0
2017-06-07,82.580002,82.699997,81.930000,81.959999,81.959999,0
2017-06-08,82.059998,82.500000,82.010002,82.180000,82.180000,0
2017-06-09,82.190002,82.610001,81.970001,82.419998,82.419998,0
2017-06-12,82.320000,82.500000,81.570000,81.589996,81.589996,0
2017-06-13,81.699997,81.720001,81.300003,81.610001,81.610001,0
2017-06-14,81.559998,81.830002,80.860001,80.889999,80.889999,0
2017-06-15,80.809998,80.949997,80.300003,80.919998,80.919998,0
2017-06-16,81.120003,81.290001,81.029999,81.269997,81.269997,0
2017-06-19,80.910004,81.260002,80.680000,80.720001,80.720001,0
2017-06-20,80.800003,81.029999,79.820000,80.129997,80.129997,0
2017-06-21,80.239998,80.370003,79.500000,79.629997,79.629997,0
2017-06-22,79.730003,79.949997,79.349998,79.360001,79.360001,0
2017-06-23,79.419998,79.889999,79.419998,79.639999,79.639999,0
2017-06-26,80.029999,80.169998,79.470001,79.870003,79.870003,0
2017-06-27,79.910004,80.720001,79.910004,80.419998,80.419998,0
2017-06-28,80.449997,80.879997,80.370003,80.839996,80.839996,0
2017-06-29,81.089996,81.610001,81.029999,81.330002,81.330002,0
2017-06-30,81.430000,82.620003,81.419998,82.599998,82.599998,0
2017-07-03,82.769997,83.430000,82.690002,83.110001,83.110001,0
2017-07-05,83.120003,83.169998,82.000000,82.320000,82.320000,0
2017-07-06,82.089996,82.650002,81.959999,82.419998,82.419998,0
2017-07-07,82.019997,82.269997,81.669998,81.800003,81.800003,0
2017-07-10,82.389999,82.500000,81.980003,82.360001,82.360001,0
2017-07-11,82.489998,83.059998,81.790001,83.019997,83.019997,0
2017-07-12,83.209999,83.300003,82.559998,82.650002,82.650002,0
2017-07-13,82.379997,82.540001,81.849998,81.919998,81.919998,0
2017-07-14,81.949997,82.800003,81.919998,82.699997,82.699997,0
2017-07-17,82.610001,83.089996,82.599998,82.690002,82.690002,0
2017-07-18,83.089996,83.599998,82.800003,83.150002,83.150002,0
2017-07-19,83.040001,83.779999,82.989998,83.629997,83.629997,0
2017-07-20,83.550003,84.110001,83.459999,83.690002,83.690002,0
2017-07-21,83.620003,83.830002,82.959999,82.989998,82.989998,0
2017-07-24,82.470001,82.809998,82.440002,82.650002,82.650002,0
2017-07-25,82.889999,83.320000,82.889999,83.110001,83.110001,0
2017-07-26,83.139999,83.709999,83.010002,83.690002,83.690002,0
2017-07-27,83.900002,84.410004,83.849998,84.230003,84.230003,0
2017-07-28,84.129997,84.690002,83.940002,84.480003,84.480003,0
2017-07-31,84.360001,84.459999,84.099998,84.389999,84.389999,0
2017-08-01,84.459999,84.500000,83.279999,83.529999,83.529999,0
2017-08-02,83.379997,83.930000,83.239998,83.930000,83.930000,0
2017-08-03,83.760002,83.830002,83.309998,83.330002,83.330002,0
2017-08-04,83.389999,83.459999,82.980003,83.279999,83.279999,0
2017-08-07,83.410004,83.720001,83.139999,83.720001,83.720001,0
2017-08-08,83.849998,84.110001,83.589996,83.940002,83.940002,0
2017-08-09,83.970001,84.470001,83.900002,84.419998,84.419998,0
2017-08-10,84.500000,84.980003,83.510002,83.540001,83.540001,0
2017-08-11,83.500000,83.760002,83.220001,83.699997,83.699997,0
2017-08-14,83.510002,83.570000,82.940002,83.110001,83.110001,0
2017-08-15,83.029999,83.059998,82.349998,82.519997,82.519997,0
2017-08-16,82.580002,83.000000,82.550003,82.580002,82.580002,0
2017-08-17,82.900002,82.959999,82.279999,82.680000,82.680000,0
2017-08-18,82.690002,83.269997,82.589996,83.230003,83.230003,0
2017-08-21,83.349998,83.430000,82.930000,83.040001,83.040001,0
2017-08-22,83.010002,83.330002,82.919998,82.980003,82.980003,0
2017-08-23,82.930000,83.290001,82.879997,83.269997,83.269997,0
2017-08-24,83.309998,83.559998,83.209999,83.510002,83.510002,0
2017-08-25,83.599998,83.750000,83.120003,83.290001,83.290001,0
2017-08-28,83.559998,83.599998,83.160004,83.419998,83.419998,0
2017-08-29,83.730003,83.809998,83.339996,83.500000,83.500000,0
2017-08-30,83.480003,83.559998,83.000000,83.070000,83.070000,0
2017-08-31,83.110001,84.690002,83.099998,84.660004,84.660004,0
2017-09-01,84.680000,84.989998,84.430000,84.980003,84.980003,0
2017-09-05,85.019997,85.629997,84.940002,85.370003,85.370003,0
2017-09-06,85.190002,85.889999,85.190002,85.720001,85.720001,0
2017-09-07,85.699997,85.940002,85.480003,85.660004,85.660004,0
2017-09-08,85.820000,86.070000,84.669998,84.760002,84.760002,0
2017-09-11,84.779999,84.989998,84.540001,84.889999,84.889999,0
2017-09-12,84.680000,85.080002,84.449997,84.800003,84.800003,0
2017-09-13,84.949997,85.029999,84.660004,84.959999,84.959999,0
2017-09-14,84.959999,85.430000,84.769997,85.099998,85.099998,0
2017-09-15,85.080002,85.230003,84.809998,85.190002,85.190002,0
2017-09-18,85.430000,85.559998,84.959999,85.080002,85.080002,0
2017-09-19,85.150002,85.279999,84.690002,84.839996,84.839996,0
2017-09-20,85.080002,85.669998,85.080002,85.589996,85.589996,0
2017-09-21,85.320000,85.320000,84.760002,84.779999,84.779999,0
2017-09-22,84.669998,85.000000,84.570000,84.860001,84.860001,0
2017-09-25,84.779999,85.339996,84.610001,85.330002,85.330002,0
2017-09-26,85.550003,85.680000,84.650002,84.779999,84.779999,0
2017-09-27,84.800003,84.989998,84.529999,84.839996,84.839996,0
2017-09-28,84.589996,84.970001,84.480003,84.639999,84.639999,0
2017-09-29,84.559998,84.709999,84.360001,84.459999,84.459999,0
2017-10-02,84.389999,84.400002,83.419998,83.709999,83.709999,0
2017-10-03,83.570000,83.940002,83.519997,83.739998,83.739998,0
2017-10-04,83.739998,84.129997,83.669998,83.959999,83.959999,0
2017-10-05,83.989998,84.800003,83.959999,84.580002,84.580002,0
2017-10-06,84.610001,84.669998,83.690002,83.930000,83.930000,0
2017-10-09,84.110001,84.220001,83.910004,84.070000,84.070000,0
2017-10-10,84.199997,84.930000,84.110001,84.820000,84.820000,0
2017-10-11,84.779999,84.940002,84.660004,84.769997,84.769997,0
2017-10-12,84.820000,85.400002,84.669998,85.129997,85.129997,0
2017-10-13,85.290001,85.910004,85.250000,85.889999,85.889999,0
2017-10-16,85.870003,86.389999,85.870003,85.989998,85.989998,0
2017-10-17,85.879997,85.949997,85.400002,85.489998,85.489998,0
2017-10-18,85.610001,85.650002,85.150002,85.309998,85.309998,0
2017-10-19,85.389999,85.500000,85.050003,85.389999,85.389999,0
2017-10-20,85.430000,85.650002,85.029999,85.269997,85.269997,0
2017-10-23,85.449997,85.709999,85.330002,85.610001,85.610001,0
2017-10-24,85.750000,86.059998,85.550003,86.040001,86.040001,0
2017-10-25,86.070000,86.180000,85.820000,85.889999,85.889999,0
2017-10-26,86.040001,86.099998,85.559998,85.919998,85.919998,0
2017-10-27,85.769997,85.889999,85.070000,85.870003,85.870003,0
2017-10-30,85.949997,86.230003,85.870003,86.150002,86.150002,0
2017-10-31,86.139999,86.370003,85.839996,86.190002,86.190002,0
2017-11-01,86.559998,87.059998,86.379997,86.540001,86.540001,0
2017-11-02,86.680000,86.709999,86.260002,86.690002,86.690002,0
2017-11-03,86.800003,87.040001,86.379997,86.879997,86.879997,0
2017-11-06,87.129997,88.239998,87.120003,88.150002,88.150002,0
2017-11-07,88.050003,88.099998,87.379997,87.540001,87.540001,0
2017-11-08,87.550003,87.970001,87.330002,87.639999,87.639999,0
2017-11-09,87.580002,87.779999,87.349998,87.459999,87.459999,0
2017-11-10,87.440002,87.660004,87.150002,87.279999,87.279999,0
2017-11-13,87.309998,87.580002,87.089996,87.199997,87.199997,0
2017-11-14,87.040001,87.050003,85.910004,86.160004,86.160004,0
2017-11-15,85.849998,86.139999,85.779999,86.000000,86.000000,0
2017-11-16,86.080002,86.110001,85.639999,85.660004,85.660004,0
2017-11-17,85.889999,86.839996,85.809998,86.769997,86.769997,0
2017-11-20,86.519997,86.540001,85.919998,86.190002,86.190002,0
2017-11-21,86.169998,86.629997,86.120003,86.470001,86.470001,0
2017-11-22,86.589996,87.080002,86.589996,87.040001,87.040001,0
2017-11-24,87.209999,87.250000,86.900002,87.000000,87.000000,0
2017-11-27,87.040001,87.129997,86.580002,86.900002,86.900002,0
2017-11-28,86.690002,86.769997,86.410004,86.720001,86.720001,0
2017-11-29,86.639999,86.889999,86.260002,86.440002,86.440002,0
2017-11-30,86.419998,86.489998,85.650002,85.699997,85.699997,0
2017-12-01,85.900002,86.879997,85.870003,86.480003,86.480003,0
2017-12-04,86.580002,86.660004,85.720001,85.750000,85.750000,0
2017-12-05,85.750000,85.809998,84.959999,85.029999,85.029999,0
2017-12-06,84.980003,85.150002,84.110001,84.110001,84.110001,0
2017-12-07,84.209999,84.279999,83.629997,83.800003,83.800003,0
2017-12-08,83.809998,84.300003,83.809998,84.010002,84.010002,0
2017-12-11,83.970001,84.339996,83.900002,84.220001,84.220001,0
2017-12-12,84.260002,84.500000,83.370003,83.430000,83.430000,0
2017-12-13,83.709999,83.970001,83.410004,83.470001,83.470001,0
2017-12-14,83.750000,83.860001,83.440002,83.839996,83.839996,0
2017-12-15,83.919998,84.279999,83.879997,84.050003,84.050003,0
2017-12-18,84.099998,84.730003,84.099998,84.470001,84.470001,0
2017-12-19,84.410004,84.820000,84.360001,84.580002,84.580002,0
2017-12-20,84.760002,85.099998,84.730003,85.050003,85.050003,0
2017-12-21,85.040001,85.300003,84.809998,85.279999,85.279999,0
2017-12-22,85.080002,85.760002,85.070000,85.750000,85.750000,0
2017-12-26,85.930000,86.769997,85.900002,86.730003,86.730003,0
2017-12-27,86.449997,87.120003,86.440002,87.080002,87.080002,0
2017-12-28,87.010002,87.709999,86.980003,87.699997,87.699997,0
2017-12-29,87.790001,88.220001,87.570000,88.169998,88.169998,0
2018-01-02,88.290001,88.620003,88.099998,88.410004,88.410004,0
2018-01-03,88.230003,88.620003,88.199997,88.610001,88.610001,0
2018-01-04,88.470001,88.830002,88.410004,88.570000,88.570000,0
2018-01-05,88.510002,88.580002,87.809998,87.919998,87.919998,0
2018-01-08,88.000000,88.059998,87.480003,87.690002,87.690002,0
2018-01-09,87.889999,88.160004,87.470001,88.099998,88.099998,0
2018-01-10,88.330002,88.790001,88.029999,88.239998,88.239998,0
2018-01-11,88.290001,88.540001,88.199997,88.309998,88.309998,0
2018-01-12,88.449997,88.760002,88.269997,88.760002,88.760002,0
2018-01-16,88.919998,88.919998,88.059998,88.449997,88.449997,0
2018-01-17,88.430000,88.849998,88.260002,88.800003,88.800003,0
2018-01-18,88.820000,88.910004,88.339996,88.690002,88.690002,0
2018-01-19,88.489998,88.919998,88.470001,88.540001,88.540001,0
2018-01-22,88.849998,88.949997,88.650002,88.809998,88.809998,0
2018-01-23,88.940002,89.190002,88.839996,89.160004,89.160004,0
2018-01-24,89.320000,90.510002,89.250000,90.459999,90.459999,0
2018-01-25,90.650002,91.169998,90.430000,90.459999,90.459999,0
2018-01-26,90.290001,90.930000,90.190002,90.800003,90.800003,0
2018-01-29,90.930000,90.989998,90.349998,90.629997,90.629997,0
2018-01-30,90.550003,90.820000,90.059998,90.279999,90.279999,0
2018-01-31,90.050003,90.260002,89.580002,89.800003,89.800003,0
2018-02-01,89.650002,89.879997,89.389999,89.870003,89.870003,0
2018-02-02,90.000000,90.110001,88.779999,89.120003,89.120003,0
2018-02-05,88.669998,89.070000,88.410004,88.510002,88.510002,0
2018-02-06,88.260002,88.519997,87.900002,88.169998,88.169998,0
2018-02-07,88.699997,88.699997,87.029999,87.150002,87.150002,0
2018-02-08,87.290001,87.430000,86.879997,87.010002,87.010002,0
2018-02-09,86.769997,86.830002,85.300003,85.639999,85.639999,0
2018-02-12,86.480003,86.699997,86.169998,86.330002,86.330002,0
2018-02-13,86.650002,86.980003,86.389999,86.790001,86.790001,0
2018-02-14,86.750000,88.019997,86.190002,87.989998,87.989998,0
2018-02-15,88.250000,88.330002,87.470001,88.239998,88.239998,0
2018-02-16,88.419998,88.570000,87.959999,88.199997,88.199997,0
2018-02-20,88.360001,88.540001,87.970001,88.000000,88.000000,0
2018-02-21,87.739998,88.309998,87.489998,88.269997,88.269997,0
2018-02-22,87.669998,88.730003,87.599998,88.669998,88.669998,0
2018-02-23,88.599998,88.720001,88.290001,88.690002,88.690002,0
2018-02-26,89.169998,89.360001,88.809998,89.040001,89.040001,0
2018-02-27,89.099998,89.150002,88.510002,88.589996,88.589996,0
2018-02-28,88.570000,88.989998,88.099998,88.139999,88.139999,0
2018-03-01,88.129997,88.269997,87.449997,88.199997,88.199997,0
2018-03-02,88.419998,88.529999,87.849998,88.150002,88.150002,0
2018-03-05,88.309998,88.730003,87.870003,88.699997,88.699997,0
2018-03-06,88.650002,89.199997,88.589996,89.010002,89.010002,0
2018-03-07,88.739998,88.839996,87.959999,88.040001,88.040001,0
2018-03-08,88.099998,88.099998,87.410004,87.589996,87.589996,0
2018-03-09,87.419998,88.050003,87.239998,87.949997,87.949997,0
2018-03-12,87.959999,87.970001,87.339996,87.669998,87.669998,0
2018-03-13,87.790001,88.250000,87.650002,87.879997,87.879997,0
2018-03-14,87.839996,88.099998,87.510002,87.669998,87.669998,0
2018-03-15,87.790001,87.830002,87.150002,87.320000,87.320000,0
2018-03-16,87.320000,87.510002,86.959999,87.360001,87.360001,0
2018-03-19,86.959999,87.029999,86.430000,86.519997,86.519997,0
2018-03-20,86.639999,87.000000,86.540001,86.720001,86.720001,0
2018-03-21,86.910004,87.620003,86.699997,87.410004,87.410004,0
2018-03-22,87.709999,87.750000,86.919998,87.099998,87.099998,0
2018-03-23,87.470001,87.480003,86.839996,87.440002,87.440002,0
2018-03-26,87.639999,87.639999,87.239998,87.250000,87.250000,0
2018-03-27,87.459999,87.629997,87.129997,87.260002,87.260002,0
2018-03-28,87.230003,87.250000,86.610001,86.760002,86.760002,0
2018-03-29,86.849998,87.639999,86.830002,87.470001,87.470001,0
2018-04-02,87.919998,88.099998,86.809998,86.830002,86.830002,0
2018-04-03,87.029999,87.300003,86.949997,87.010002,87.010002,0
2018-04-04,87.050003,87.110001,85.720001,86.620003,86.620003,0
2018-04-05,86.720001,87.190002,86.589996,87.180000,87.180000,0
2018-04-06,86.879997,87.239998,86.589996,86.940002,86.940002,0
2018-04-09,87.129997,88.059998,87.120003,88.010002,88.010002,0
2018-04-10,88.059998,88.839996,88.050003,88.800003,88.800003,0
2018-04-11,88.680000,89.650002,88.669998,89.250000,89.250000,0
2018-04-12,88.940002,89.139999,88.449997,89.089996,89.089996,0
2018-04-13,89.050003,89.430000,88.980003,89.279999,89.279999,0
2018-04-16,89.059998,89.540001,88.910004,89.029999,89.029999,0
2018-04-17,89.010002,89.269997,88.610001,89.019997,89.019997,0
2018-04-18,89.080002,90.570000,89.080002,90.459999,90.459999,0
2018-04-19,90.540001,91.300003,89.820000,89.970001,89.970001,0
2018-04-20,89.980003,89.989998,89.309998,89.849998,89.849998,0
2018-04-23,90.010002,90.050003,88.760002,89.190002,89.190002,0
2018-04-24,89.250000,89.440002,89.010002,89.080002,89.080002,0
2018-04-25,89.110001,89.269997,88.790001,89.250000,89.250000,0
2018-04-26,89.389999,89.570000,89.029999,89.400002,89.400002,0
2018-04-27,89.330002,89.470001,88.860001,89.379997,89.379997,0
2018-04-30,89.580002,89.820000,89.099998,89.589996,89.589996,0
2018-05-01,89.480003,89.510002,88.980003,89.370003,89.370003,0
2018-05-02,89.559998,89.650002,89.209999,89.489998,89.489998,0
2018-05-03,89.419998,89.809998,89.230003,89.669998,89.669998,0
2018-05-04,89.769997,90.160004,89.449997,89.989998,89.989998,0
2018-05-07,89.949997,90.269997,89.779999,89.820000,89.820000,0
2018-05-08,89.690002,89.870003,88.860001,89.580002,89.580002,0
2018-05-09,90.099998,90.290001,89.919998,90.099998,90.099998,0
2018-05-10,90.279999,90.580002,89.989998,90.550003,90.550003,0
2018-05-11,90.360001,90.480003,90.010002,90.040001,90.040001,0
2018-05-14,89.930000,90.480003,89.849998,90.370003,90.370003,0
2018-05-15,90.419998,90.660004,89.629997,90.120003,90.120003,0
2018-05-16,90.029999,90.190002,89.809998,90.180000,90.180000,0
2018-05-17,90.290001,90.720001,90.230003,90.309998,90.309998,0
2018-05-18,90.379997,90.709999,90.349998,90.410004,90.410004,0
2018-05-21,90.800003,91.050003,90.510002,90.970001,90.970001,0
2018-05-22,90.919998,91.760002,90.879997,91.419998,91.419998,0
2018-05-23,91.279999,91.589996,90.879997,91.570000,91.570000,0
2018-05-24,91.580002,91.940002,91.480003,91.510002,91.510002,0
2018-05-25,91.500000,91.519997,90.709999,90.919998,90.919998,0
2018-05-29,90.870003,91.070000,90.050003,90.279999,90.279999,0
2018-05-30,89.989998,90.760002,89.860001,90.720001,90.720001,0
2018-05-31,90.660004,91.239998,90.559998,90.720001,90.720001,0
2018-06-01,90.830002,90.860001,90.269997,90.449997,90.449997,0
2018-06-04,90.309998,90.360001,89.410004,89.430000,89.430000,0
2018-06-05,89.480003,89.739998,89.160004,89.699997,89.699997,0
2018-06-06,89.839996,90.150002,89.669998,89.769997,89.769997,0
2018-06-07,89.900002,90.440002,89.889999,90.050003,90.050003,0
2018-06-08,89.980003,90.150002,89.599998,89.980003,89.980003,0
2018-06-11,90.199997,90.220001,89.620003,89.650002,89.650002,0
2018-06-12,89.769997,90.040001,89.570000,89.900002,89.900002,0
2018-06-13,89.559998,90.099998,89.449997,89.970001,89.970001,0
2018-06-14,89.779999,89.830002,89.080002,89.220001,89.220001,0
2018-06-15,89.029999,89.110001,87.620003,87.699997,87.699997,0
2018-06-18,87.410004,87.910004,87.349998,87.629997,87.629997,0
2018-06-19,87.449997,87.459999,85.809998,86.580002,86.580002,0
2018-06-20,86.779999,87.080002,86.389999,86.779999,86.779999,0
2018-06-21,86.820000,86.860001,86.080002,86.419998,86.419998,0
2018-06-22,86.650002,87.330002,86.650002,87.320000,87.320000,0
2018-06-25,86.750000,86.919998,86.070000,86.169998,86.169998,0
2018-06-26,86.220001,86.680000,85.949997,86.529999,86.529999,0
2018-06-27,86.599998,87.400002,86.529999,87.139999,87.139999,0
2018-06-28,87.000000,87.230003,86.690002,86.790001,86.790001,0
2018-06-29,86.629997,87.650002,86.629997,87.410004,87.410004,0
2018-07-02,87.190002,87.220001,85.709999,85.730003,85.730003,0
2018-07-03,85.839996,86.519997,85.760002,85.930000,85.930000,0
2018-07-05,85.639999,86.029999,85.459999,85.529999,85.529999,0
2018-07-06,85.410004,86.230003,85.169998,86.209999,86.209999,0
2018-07-09,86.349998,86.430000,85.949997,86.129997,86.129997,0
2018-07-10,86.269997,86.279999,85.580002,85.760002,85.760002,0
2018-07-11,84.940002,85.050003,83.360001,83.440002,83.440002,0
2018-07-12,83.860001,84.129997,83.449997,84.010002,84.010002,0
2018-07-13,83.919998,84.050003,83.430000,83.830002,83.830002,0
2018-07-16,83.730003,83.760002,82.800003,82.839996,82.839996,0
2018-07-17,83.199997,83.349998,82.680000,82.820000,82.820000,0
2018-07-18,82.879997,83.220001,82.489998,83.120003,83.120003,0
2018-07-19,83.080002,83.279999,82.279999,83.070000,83.070000,0
2018-07-20,83.000000,83.739998,82.989998,83.680000,83.680000,0
2018-07-23,83.620003,84.169998,83.500000,83.639999,83.639999,0
2018-07-24,83.500000,84.459999,83.370003,84.070000,84.070000,0
2018-07-25,84.290001,84.980003,84.139999,84.930000,84.930000,0
2018-07-26,85.440002,85.459999,84.900002,84.949997,84.949997,0
2018-07-27,84.830002,85.220001,84.709999,84.839996,84.839996,0
2018-07-30,84.980003,85.559998,84.820000,85.379997,85.379997,0
2018-07-31,85.349998,85.699997,85.110001,85.389999,85.389999,0
2018-08-01,85.150002,85.199997,84.160004,84.250000,84.250000,0
2018-08-02,84.360001,84.949997,83.860001,84.510002,84.510002,0
2018-08-03,84.449997,85.169998,84.199997,84.900002,84.900002,0
2018-08-06,84.959999,85.279999,84.669998,85.059998,85.059998,0
2018-08-07,85.099998,85.839996,85.089996,85.480003,85.480003,0
2018-08-08,85.580002,85.690002,84.879997,85.129997,85.129997,0
2018-08-09,85.239998,85.379997,84.860001,84.889999,84.889999,0
2018-08-10,84.879997,85.139999,84.180000,84.230003,84.230003,0
2018-08-13,83.949997,84.010002,83.070000,83.540001,83.540001,0
2018-08-14,83.699997,84.120003,83.580002,83.769997,83.769997,0
2018-08-15,83.639999,83.639999,82.000000,82.169998,82.169998,0
2018-08-16,82.349998,83.230003,82.330002,83.010002,83.010002,0
2018-08-17,82.940002,83.550003,82.730003,83.349998,83.349998,0
2018-08-20,83.470001,83.800003,83.250000,83.330002,83.330002,0
2018-08-21,83.400002,83.769997,83.370003,83.440002,83.440002,0
2018-08-22,83.489998,83.809998,83.290001,83.589996,83.589996,0
2018-08-23,83.480003,83.489998,82.989998,83.110001,83.110001,0
2018-08-24,83.110001,84.050003,83.070000,83.690002,83.690002,0
2018-08-27,83.529999,83.849998,83.269997,83.760002,83.760002,0
2018-08-28,83.730003,84.150002,83.320000,83.360001,83.360001,0
2018-08-29,83.230003,83.949997,83.070000,83.820000,83.820000,0
2018-08-30,83.919998,84.099998,83.379997,83.620003,83.620003,0
2018-08-31,83.690002,84.089996,83.620003,83.739998,83.739998,0
2018-09-04,83.690002,83.760002,82.989998,83.129997,83.129997,0
2018-09-05,83.120003,83.180000,82.680000,82.699997,82.699997,0
2018-09-06,82.790001,83.050003,82.190002,82.430000,82.430000,0
2018-09-07,82.529999,82.620003,82.199997,82.589996,82.589996,0
2018-09-10,82.559998,83.120003,82.540001,82.930000,82.930000,0
2018-09-11,82.970001,83.199997,82.430000,82.980003,82.980003,0
2018-09-12,83.010002,83.860001,83.000000,83.470001,83.470001,0
2018-09-13,83.360001,83.480003,82.660004,82.720001,82.720001,0
2018-09-14,82.809998,82.940002,82.250000,82.459999,82.459999,0
2018-09-17,82.290001,82.629997,82.099998,82.139999,82.139999,0
2018-09-18,82.029999,82.870003,82.010002,82.739998,82.739998,0
2018-09-19,82.709999,83.389999,82.709999,83.360001,83.360001,0
2018-09-20,83.489998,83.980003,83.309998,83.879997,83.879997,0
2018-09-21,83.870003,84.610001,83.820000,84.400002,84.400002,0
2018-09-24,84.360001,85.029999,84.349998,84.849998,84.849998,0
2018-09-25,84.580002,85.320000,84.559998,85.080002,85.080002,0
2018-09-26,85.059998,85.230003,84.639999,84.699997,84.699997,0
2018-09-27,84.809998,84.849998,84.419998,84.750000,84.750000,0
2018-09-28,84.879997,85.570000,84.680000,85.199997,85.199997,0
2018-10-01,85.230003,86.400002,85.050003,86.360001,86.360001,0
2018-10-02,86.430000,87.260002,86.250000,87.150002,87.150002,0
2018-10-03,87.269997,87.830002,87.190002,87.680000,87.680000,0
2018-10-04,87.680000,87.900002,86.699997,86.790001,86.790001,0
2018-10-05,87.070000,87.190002,86.660004,86.900002,86.900002,0
2018-10-08,86.620003,86.949997,86.290001,86.930000,86.930000,0
2018-10-09,87.010002,87.449997,86.779999,87.239998,87.239998,0
2018-10-10,87.339996,87.449997,86.349998,86.389999,86.389999,0
2018-10-11,85.849998,86.260002,85.489998,85.919998,85.919998,0
2018-10-12,86.080002,86.580002,85.919998,86.239998,86.239998,0
2018-10-15,86.620003,87.139999,86.339996,87.129997,87.129997,0
2018-10-16,87.300003,87.320000,86.809998,87.029999,87.029999,0
2018-10-17,86.989998,87.269997,86.389999,86.699997,86.699997,0
2018-10-18,86.550003,86.550003,85.709999,85.750000,85.750000,0
2018-10-19,85.900002,86.379997,85.660004,85.949997,85.949997,0
2018-10-22,85.900002,86.199997,85.629997,85.779999,85.779999,0
2018-10-23,85.690002,85.720001,84.959999,85.139999,85.139999,0
2018-10-24,85.199997,85.449997,84.779999,84.790001,84.790001,0
2018-10-25,84.589996,85.059998,84.510002,84.620003,84.620003,0
2018-10-26,84.480003,85.050003,84.129997,85.000000,85.000000,0
2018-10-29,85.139999,85.150002,84.349998,84.400002,84.400002,0
2018-10-30,84.169998,84.379997,83.440002,83.580002,83.580002,0
2018-10-31,83.750000,83.900002,83.150002,83.190002,83.190002,0
2018-11-01,83.230003,84.099998,83.080002,83.580002,83.580002,0
2018-11-02,83.389999,83.989998,83.300003,83.879997,83.879997,0
2018-11-05,84.110001,84.599998,83.959999,84.199997,84.199997,0
2018-11-06,84.110001,84.260002,83.440002,83.669998,83.669998,0
2018-11-07,83.550003,84.199997,83.400002,83.730003,83.730003,0
2018-11-08,83.580002,83.849998,82.959999,83.269997,83.269997,0
2018-11-09,83.139999,83.279999,82.489998,82.889999,82.889999,0
2018-11-12,83.239998,83.660004,83.000000,83.050003,83.050003,0
2018-11-13,83.180000,83.540001,82.260002,82.449997,82.449997,0
2018-11-14,82.300003,84.940002,82.190002,84.730003,84.730003,0
2018-11-15,84.400002,84.790001,82.720001,82.849998,82.849998,0
2018-11-16,83.120003,84.300003,82.830002,83.910004,83.910004,0
2018-11-19,84.989998,85.070000,83.660004,84.830002,84.830002,0
2018-11-20,84.339996,84.570000,82.250000,82.989998,82.989998,0
2018-11-21,83.379997,84.360001,83.239998,83.370003,83.370003,0
2018-11-23,82.559998,82.599998,81.459999,81.480003,81.480003,0
2018-11-26,80.989998,81.550003,80.900002,81.459999,81.459999,0
2018-11-27,81.150002,81.360001,80.750000,81.139999,81.139999,0
2018-11-28,81.190002,82.750000,81.050003,82.470001,82.470001,0
2018-11-29,82.339996,82.779999,81.820000,82.639999,82.639999,0
2018-11-30,82.639999,82.949997,81.779999,82.559998,82.559998,0
2018-12-03,83.580002,83.790001,82.660004,82.959999,82.959999,0
2018-12-04,83.220001,83.910004,83.169998,83.400002,83.400002,0
2018-12-06,83.010002,83.160004,81.680000,82.269997,82.269997,0
2018-12-07,82.230003,84.040001,82.010002,83.489998,83.489998,0
2018-12-10,83.699997,83.709999,82.699997,82.730003,82.730003,0
2018-12-11,82.820000,83.110001,82.370003,82.620003,82.620003,0
2018-12-12,82.820000,82.949997,82.139999,82.190002,82.190002,0
2018-12-13,82.220001,82.550003,81.900002,82.510002,82.510002,0
2018-12-14,82.160004,82.209999,81.230003,81.269997,81.269997,0
2018-12-17,80.980003,81.230003,80.190002,80.260002,80.260002,0
2018-12-18,80.269997,80.400002,79.550003,79.680000,79.680000,0
2018-12-19,79.620003,80.000000,79.260002,79.959999,79.959999,0
2018-12-20,79.529999,80.040001,78.809998,78.809998,78.809998,0
2018-12-21,79.260002,79.279999,78.360001,78.699997,78.699997,0
2018-12-24,78.839996,78.940002,77.180000,77.209999,77.209999,0
2018-12-26,77.389999,78.279999,77.080002,78.209999,78.209999,0
2018-12-27,78.180000,78.330002,77.610001,77.800003,77.800003,0
2018-12-28,78.129997,78.190002,77.440002,77.589996,77.589996,0
2018-12-31,77.529999,77.690002,76.610001,76.720001,76.720001,0
2019-01-02,76.879997,77.750000,76.269997,76.989998,76.989998,0
2019-01-03,76.879997,77.489998,76.620003,77.449997,77.449997,0
2019-01-04,77.480003,78.489998,77.470001,78.339996,78.339996,0
2019-01-07,78.389999,79.029999,78.339996,78.570000,78.570000,0
2019-01-08,78.620003,79.239998,78.510002,78.949997,78.949997,0
2019-01-09,79.360001,80.010002,79.260002,79.910004,79.910004,0
2019-01-10,79.820000,80.029999,79.379997,79.489998,79.489998,0
2019-01-11,79.730003,80.120003,79.309998,79.660004,79.660004,0
2019-01-14,79.820000,80.139999,79.379997,79.900002,79.900002,0
2019-01-15,80.269997,80.489998,79.879997,80.099998,80.099998,0
2019-01-16,80.180000,80.699997,80.059998,80.260002,80.260002,0
2019-01-17,80.250000,80.610001,79.849998,80.449997,80.449997,0
2019-01-18,80.599998,81.389999,80.349998,81.379997,81.379997,0
2019-01-22,80.669998,80.760002,79.809998,80.089996,80.089996,0
2019-01-23,80.290001,80.769997,79.919998,80.070000,80.070000,0
2019-01-24,80.070000,80.449997,79.769997,80.209999,80.209999,0
2019-01-25,80.519997,81.110001,80.120003,81.070000,81.070000,0
2019-01-28,80.550003,80.580002,79.750000,79.870003,79.870003,0
2019-01-29,79.889999,80.550003,79.860001,80.500000,80.500000,0
2019-01-30,80.559998,81.139999,80.440002,80.879997,80.879997,0
2019-01-31,81.180000,81.620003,80.690002,80.730003,80.730003,0
2019-02-01,80.629997,81.160004,80.470001,80.970001,80.970001,0
2019-02-04,80.980003,81.190002,80.279999,81.099998,81.099998,0
2019-02-05,81.199997,81.260002,80.809998,80.879997,80.879997,0
2019-02-06,81.000000,81.089996,80.620003,80.989998,80.989998,0
2019-02-07,80.849998,80.900002,79.820000,80.040001,80.040001,0
2019-02-08,79.980003,80.400002,79.830002,80.070000,80.070000,0
2019-02-11,79.980003,80.089996,79.470001,79.660004,79.660004,0
2019-02-12,79.870003,80.309998,79.760002,80.099998,80.099998,0
2019-02-13,80.209999,80.389999,79.919998,80.160004,80.160004,0
2019-02-14,80.139999,80.510002,79.690002,79.959999,79.959999,0
2019-02-15,80.040001,80.959999,79.980003,80.959999,80.959999,0
2019-02-19,81.120003,81.330002,80.970001,81.290001,81.290001,0
2019-02-20,81.459999,81.809998,81.089996,81.680000,81.680000,0
2019-02-21,81.599998,81.879997,81.540001,81.790001,81.790001,0
2019-02-22,81.720001,82.230003,81.690002,82.120003,82.120003,0
2019-02-25,82.239998,82.480003,81.190002,81.300003,81.300003,0
2019-02-26,81.169998,81.419998,81.099998,81.209999,81.209999,0
2019-02-27,81.290001,81.779999,81.129997,81.610001,81.610001,0
2019-02-28,81.580002,81.699997,81.290001,81.389999,81.389999,0
2019-03-01,81.419998,81.669998,80.620003,80.970001,80.970001,0
2019-03-04,81.129997,81.320000,80.669998,80.820000,80.820000,0
2019-03-05,80.889999,81.220001,80.769997,81.190002,81.190002,0
2019-03-06,81.050003,81.150002,80.620003,80.739998,80.739998,0
2019-03-07,80.809998,80.949997,80.410004,80.519997,80.519997,0
2019-03-08,80.419998,80.489998,79.910004,80.470001,80.470001,0
2019-03-11,80.529999,80.720001,80.169998,80.260002,80.260002,0
2019-03-12,80.489998,81.000000,80.440002,80.860001,80.860001,0
2019-03-13,80.930000,81.550003,80.860001,81.529999,81.529999,0
2019-03-14,81.610001,81.660004,81.120003,81.349998,81.349998,0
2019-03-15,81.330002,81.650002,80.949997,81.580002,81.580002,0
2019-03-18,81.430000,81.959999,81.419998,81.879997,81.879997,0
2019-03-19,81.930000,82.419998,81.779999,82.089996,82.089996,0
2019-03-20,81.930000,82.400002,81.870003,82.379997,82.379997,0
2019-03-21,82.650002,82.779999,82.120003,82.349998,82.349998,0
2019-03-22,82.320000,82.470001,81.440002,81.750000,81.750000,0
2019-03-25,81.570000,82.089996,81.510002,81.919998,81.919998,0
2019-03-26,82.019997,82.290001,81.879997,81.989998,81.989998,0
2019-03-27,82.059998,82.070000,81.209999,81.559998,81.559998,0
2019-03-28,81.320000,81.470001,80.900002,81.089996,81.089996,0
2019-03-29,81.260002,81.860001,81.080002,81.089996,81.089996,0
2019-04-01,81.360001,81.790001,81.330002,81.669998,81.669998,0
2019-04-02,81.800003,81.870003,81.489998,81.860001,81.860001,0
2019-04-03,82.080002,82.260002,81.910004,82.180000,82.180000,0
2019-04-04,82.230003,82.379997,81.940002,82.230003,82.230003,0
2019-04-05,82.190002,82.400002,81.949997,82.370003,82.370003,0
2019-04-08,82.699997,82.900002,82.500000,82.769997,82.769997,0
2019-04-09,82.690002,82.980003,82.489998,82.620003,82.620003,0
2019-04-10,82.680000,83.080002,82.620003,83.059998,83.059998,0
2019-04-11,82.980003,82.989998,82.129997,82.239998,82.239998,0
2019-04-12,82.339996,82.809998,82.339996,82.709999,82.709999,0
2019-04-15,82.540001,82.610001,82.160004,82.320000,82.320000,0
2019-04-16,82.199997,82.260002,81.809998,81.970001,81.970001,0
2019-04-17,82.129997,82.349998,81.650002,81.660004,81.660004,0
2019-04-18,81.510002,81.720001,81.290001,81.709999,81.709999,0
2019-04-22,82.129997,82.379997,81.919998,81.959999,81.959999,0
2019-04-23,82.019997,82.099998,81.529999,81.639999,81.639999,0
2019-04-24,81.589996,81.779999,81.419998,81.430000,81.430000,0
2019-04-25,81.330002,81.559998,81.169998,81.220001,81.220001,0
2019-04-26,81.160004,81.269997,80.570000,80.760002,80.760002,0
2019-04-29,80.739998,80.809998,80.389999,80.540001,80.540001,0
2019-04-30,80.410004,81.120003,80.379997,80.570000,80.570000,0
2019-05-01,80.529999,80.589996,80.019997,80.419998,80.419998,0
2019-05-02,80.330002,80.339996,79.419998,79.699997,79.699997,0
2019-05-03,79.750000,80.150002,79.639999,79.839996,79.839996,0
2019-05-06,78.989998,79.589996,78.940002,79.470001,79.470001,0
2019-05-07,79.430000,79.519997,78.730003,78.970001,78.970001,0
2019-05-08,79.220001,79.279999,78.820000,79.000000,79.000000,0
2019-05-09,78.680000,78.910004,78.150002,78.559998,78.559998,0
2019-05-10,79.040001,79.050003,78.519997,78.660004,78.660004,0
2019-05-13,78.389999,78.849998,78.139999,78.339996,78.339996,0
2019-05-14,78.639999,79.500000,78.449997,79.339996,79.339996,0
2019-05-15,79.320000,79.989998,79.250000,79.650002,79.650002,0
2019-05-16,79.870003,80.410004,79.830002,80.300003,80.300003,0
2019-05-17,80.430000,80.440002,79.629997,79.699997,79.699997,0
2019-05-20,80.180000,80.269997,79.849998,79.930000,79.930000,0
2019-05-21,80.190002,80.209999,79.650002,79.779999,79.779999,0
2019-05-22,79.720001,79.730003,78.870003,78.949997,78.949997,0
2019-05-23,78.779999,78.820000,77.830002,77.959999,77.959999,0
2019-05-24,78.139999,78.709999,78.129997,78.709999,78.709999,0
2019-05-28,79.250000,79.500000,79.070000,79.389999,79.389999,0
2019-05-29,79.650002,79.830002,78.919998,79.389999,79.389999,0
2019-05-30,79.360001,79.610001,79.029999,79.099998,79.099998,0
2019-05-31,78.830002,78.889999,77.680000,77.699997,77.699997,0
2019-06-03,77.610001,78.099998,77.349998,77.459999,77.459999,0
2019-06-04,77.650002,77.790001,77.279999,77.709999,77.709999,0
2019-06-05,77.400002,77.639999,76.349998,76.489998,76.489998,0
2019-06-06,76.519997,77.150002,76.440002,77.110001,77.110001,0
2019-06-07,77.339996,77.480003,76.849998,77.150002,77.150002,0
2019-06-10,76.959999,77.379997,76.779999,77.019997,77.019997,0
2019-06-11,77.129997,77.559998,77.000000,77.470001,77.470001,0
2019-06-12,77.180000,77.519997,76.879997,77.080002,77.080002,0
2019-06-13,77.139999,77.879997,77.050003,77.610001,77.610001,0
2019-06-14,77.629997,78.120003,77.589996,77.830002,77.830002,0
2019-06-17,78.190002,78.220001,77.739998,77.790001,77.790001,0
2019-06-18,77.540001,78.639999,77.430000,78.239998,78.239998,0
2019-06-19,78.129997,78.260002,77.699997,77.769997,77.769997,0
2019-06-20,78.260002,79.370003,78.230003,79.160004,79.160004,0
2019-06-21,79.459999,79.529999,78.800003,78.839996,78.839996,0
2019-06-24,79.160004,79.489998,79.019997,79.480003,79.480003,0
2019-06-25,79.690002,80.199997,79.480003,79.839996,79.839996,0
2019-06-26,79.900002,80.410004,79.870003,80.139999,80.139999,0
2019-06-27,80.089996,80.239998,79.889999,80.190002,80.190002,0
2019-06-28,80.320000,80.589996,79.589996,79.650002,79.650002,0
2019-07-01,80.029999,80.209999,78.809998,79.040001,79.040001,0
2019-07-02,79.080002,79.300003,78.040001,78.070000,78.070000,0
2019-07-03,78.309998,79.209999,78.110001,79.199997,79.199997,0
2019-07-05,79.000000,79.190002,78.690002,79.110001,79.110001,0
2019-07-08,79.320000,79.610001,78.870003,79.019997,79.019997,0
2019-07-09,78.809998,79.169998,78.470001,79.129997,79.129997,0
2019-07-10,79.199997,80.559998,79.180000,80.540001,80.540001,0
2019-07-11,80.680000,80.889999,80.370003,80.559998,80.559998,0
2019-07-12,80.599998,81.120003,80.489998,81.019997,81.019997,0
2019-07-15,80.930000,81.180000,80.489998,80.550003,80.550003,0
2019-07-16,80.389999,80.599998,79.519997,79.650002,79.650002,0
2019-07-17,79.550003,80.080002,79.459999,79.580002,79.580002,0
2019-07-18,79.589996,79.790001,78.760002,78.919998,78.919998,0
2019-07-19,79.639999,79.730003,79.209999,79.379997,79.379997,0
2019-07-22,79.489998,79.720001,79.160004,79.169998,79.169998,0
2019-07-23,79.230003,79.489998,78.879997,79.400002,79.400002,0
2019-07-24,79.510002,79.919998,79.180000,79.320000,79.320000,0
2019-07-25,79.330002,79.650002,78.970001,79.000000,79.000000,0
2019-07-26,79.019997,79.099998,78.650002,78.739998,78.739998,0
2019-07-29,78.870003,79.059998,78.669998,79.010002,79.010002,0
2019-07-30,79.099998,79.260002,78.750000,79.080002,79.080002,0
2019-07-31,79.230003,79.360001,78.900002,78.959999,78.959999,0
2019-08-01,78.519997,78.580002,76.910004,77.010002,77.010002,0
2019-08-02,77.239998,77.389999,77.010002,77.230003,77.230003,0
2019-08-05,76.959999,77.059998,76.250000,76.760002,76.760002,0
2019-08-06,77.059998,77.139999,76.430000,76.470001,76.470001,0
2019-08-07,76.669998,76.690002,75.709999,75.970001,75.970001,0
2019-08-08,76.720001,77.199997,76.449997,77.040001,77.040001,0
2019-08-09,77.059998,77.680000,76.970001,77.419998,77.419998,0
2019-08-12,77.300003,77.430000,76.690002,76.830002,76.830002,0
2019-08-13,76.919998,77.760002,76.589996,77.589996,77.589996,0
2019-08-14,77.400002,77.550003,76.610001,76.860001,76.860001,0
2019-08-15,76.919998,77.050003,76.440002,76.699997,76.699997,0
2019-08-16,76.879997,77.010002,76.580002,76.769997,76.769997,0
2019-08-19,76.660004,76.849998,76.300003,76.660004,76.660004,0
2019-08-20,76.709999,76.860001,76.389999,76.690002,76.690002,0
2019-08-21,76.769997,77.129997,76.709999,76.800003,76.800003,0
2019-08-22,76.739998,76.889999,76.389999,76.419998,76.419998,0
2019-08-23,76.389999,76.510002,75.680000,76.070000,76.070000,0
2019-08-26,76.120003,76.730003,76.050003,76.349998,76.349998,0
2019-08-27,76.379997,76.610001,76.300003,76.580002,76.580002,0
2019-08-28,76.779999,77.290001,76.639999,77.169998,77.169998,0
2019-08-29,77.169998,77.660004,77.120003,77.489998,77.489998,0
2019-08-30,77.400002,77.690002,76.949997,77.000000,77.000000,0
2019-09-03,77.029999,77.110001,76.400002,77.010002,77.010002,0
2019-09-04,77.150002,78.489998,77.110001,78.419998,78.419998,0
2019-09-05,78.330002,78.599998,78.000000,78.029999,78.029999,0
2019-09-06,77.940002,78.129997,77.279999,77.889999,77.889999,0
2019-09-09,77.980003,78.610001,77.930000,78.449997,78.449997,0
2019-09-10,78.540001,79.000000,78.419998,78.760002,78.760002,0
2019-09-11,78.779999,79.050003,78.120003,78.209999,78.209999,0
2019-09-12,78.370003,78.650002,77.769997,78.570000,78.570000,0
2019-09-13,78.570000,78.980003,78.389999,78.699997,78.699997,0
2019-09-16,80.629997,81.440002,80.029999,81.400002,81.400002,0
2019-09-17,80.949997,81.150002,79.660004,79.900002,79.900002,0
2019-09-18,79.790001,80.029999,79.300003,79.510002,79.510002,0
2019-09-19,79.360001,79.870003,79.220001,79.400002,79.400002,0
2019-09-20,79.540001,79.760002,79.160004,79.199997,79.199997,0
2019-09-23,79.440002,79.879997,79.110001,79.870003,79.870003,0
2019-09-24,79.669998,79.739998,79.250000,79.360001,79.360001,0
2019-09-25,79.220001,79.260002,78.540001,78.910004,78.910004,0
2019-09-26,78.940002,79.239998,78.220001,78.629997,78.629997,0
2019-09-27,78.489998,78.529999,77.980003,78.339996,78.339996,0
2019-09-30,78.370003,78.419998,77.769997,77.779999,77.779999,0
2019-10-01,77.849998,77.930000,77.669998,77.870003,77.870003,0
2019-10-02,78.019997,78.070000,77.300003,77.519997,77.519997,0
2019-10-03,77.620003,77.820000,77.040001,77.739998,77.739998,0
2019-10-04,77.849998,78.010002,77.690002,77.930000,77.930000,0
2019-10-07,77.889999,78.089996,77.699997,77.709999,77.709999,0
2019-10-08,77.699997,77.919998,77.279999,77.879997,77.879997,0
2019-10-09,77.900002,78.440002,77.839996,77.919998,77.919998,0
2019-10-10,77.919998,78.300003,77.830002,77.940002,77.940002,0
2019-10-11,78.029999,78.849998,77.989998,78.830002,78.830002,0
2019-10-14,78.900002,78.919998,78.330002,78.580002,78.580002,0
2019-10-15,78.559998,78.739998,78.309998,78.410004,78.410004,0
2019-10-16,78.400002,78.480003,78.089996,78.330002,78.330002,0
2019-10-17,78.190002,78.610001,78.089996,78.580002,78.580002,0
2019-10-18,78.559998,78.809998,78.510002,78.669998,78.669998,0
2019-10-21,78.580002,78.820000,78.150002,78.250000,78.250000,0
2019-10-22,78.209999,78.730003,78.150002,78.470001,78.470001,0
2019-10-23,78.410004,79.040001,78.180000,79.010002,79.010002,0
2019-10-24,78.970001,79.449997,78.949997,79.349998,79.349998,0
2019-10-25,79.250000,79.709999,79.220001,79.500000,79.500000,0
2019-10-28,79.660004,79.769997,79.370003,79.480003,79.480003,0
2019-10-29,79.430000,79.820000,79.269997,79.599998,79.599998,0
2019-10-30,79.519997,79.769997,79.480003,79.599998,79.599998,0
2019-10-31,79.680000,79.849998,78.849998,79.239998,79.239998,0
2019-11-01,79.290001,80.269997,79.169998,80.260002,80.260002,0
2019-11-04,80.379997,80.879997,80.349998,80.629997,80.629997,0
2019-11-05,80.610001,80.970001,80.580002,80.720001,80.720001,0
2019-11-06,80.669998,80.830002,80.120003,80.150002,80.150002,0
2019-11-07,80.110001,80.440002,79.970001,80.019997,80.019997,0
2019-11-08,79.959999,80.040001,79.279999,79.910004,79.910004,0
2019-11-11,79.480003,79.559998,79.000000,79.029999,79.029999,0
2019-11-12,79.019997,79.209999,78.879997,79.029999,79.029999,0
2019-11-13,79.040001,79.099998,78.750000,78.959999,78.959999,0
2019-11-14,79.209999,79.370003,78.839996,78.919998,78.919998,0
2019-11-15,78.959999,79.260002,78.519997,79.089996,79.089996,0
2019-11-18,79.019997,79.059998,78.239998,78.320000,78.320000,0
2019-11-19,78.269997,78.349998,77.830002,77.860001,77.860001,0
2019-11-20,77.889999,78.510002,77.760002,78.279999,78.279999,0
2019-11-21,78.199997,78.639999,77.989998,78.610001,78.610001,0
2019-11-22,78.599998,78.959999,78.529999,78.730003,78.730003,0
2019-11-25,78.760002,78.790001,78.230003,78.559998,78.559998,0
2019-11-26,78.489998,78.669998,78.320000,78.660004,78.660004,0
2019-11-27,78.589996,78.839996,78.250000,78.339996,78.339996,0
2019-11-29,78.169998,78.180000,77.080002,77.110001,77.110001,0
2019-12-02,77.500000,77.620003,77.059998,77.139999,77.139999,0
2019-12-03,77.260002,77.620003,77.129997,77.339996,77.339996,0
2019-12-04,77.449997,78.019997,77.309998,77.849998,77.849998,0
2019-12-05,77.879997,78.349998,77.830002,78.110001,78.110001,0
2019-12-06,78.050003,78.510002,77.980003,78.239998,78.239998,0
2019-12-09,78.070000,78.269997,77.800003,78.139999,78.139999,0
2019-12-10,78.139999,78.589996,77.980003,78.519997,78.519997,0
2019-12-11,78.370003,78.589996,78.150002,78.330002,78.330002,0
2019-12-12,78.519997,79.209999,78.489998,79.070000,79.070000,0
2019-12-13,79.449997,80.029999,79.160004,79.410004,79.410004,0
2019-12-16,79.519997,80.300003,79.510002,80.190002,80.190002,0
2019-12-17,80.209999,80.370003,80.110001,80.290001,80.290001,0
2019-12-18,80.139999,80.279999,79.900002,80.139999,80.139999,0
2019-12-19,80.150002,80.430000,80.019997,80.349998,80.349998,0
2019-12-20,80.360001,80.570000,80.269997,80.389999,80.389999,0
2019-12-23,80.230003,80.379997,80.099998,80.220001,80.220001,0
2019-12-24,80.309998,80.720001,80.269997,80.660004,80.660004,0
2019-12-26,80.910004,81.309998,80.879997,81.269997,81.269997,0
2019-12-27,81.290001,81.370003,81.129997,81.349998,81.349998,0
2019-12-30,81.440002,81.680000,81.099998,81.389999,81.389999,0
2019-12-31,81.349998,81.430000,80.809998,80.889999,80.889999,0
2020-01-02,81.019997,81.139999,80.790001,81.000000,81.000000,0
2020-01-03,81.570000,81.750000,81.190002,81.370003,81.370003,0
2020-01-06,82.059998,82.199997,81.449997,81.639999,81.639999,0
2020-01-07,81.309998,81.620003,81.230003,81.570000,81.570000,0
2020-01-08,81.750000,81.949997,80.410004,80.580002,80.580002,0
2020-01-09,80.800003,80.820000,80.220001,80.449997,80.449997,0
2020-01-10,80.400002,80.790001,80.360001,80.709999,80.709999,0
2020-01-13,80.650002,80.750000,80.180000,80.290001,80.290001,0
2020-01-14,80.190002,80.559998,79.980003,80.349998,80.349998,0
2020-01-15,80.320000,80.400002,79.930000,80.029999,80.029999,0
2020-01-16,80.089996,80.230003,79.599998,79.610001,79.610001,0
2020-01-17,79.650002,79.830002,79.470001,79.820000,79.820000,0
2020-01-21,79.459999,79.519997,79.120003,79.209999,79.209999,0
2020-01-22,79.139999,79.379997,78.620003,78.669998,78.669998,0
2020-01-23,78.480003,78.489998,78.050003,78.230003,78.230003,0
2020-01-24,78.209999,78.279999,77.220001,77.320000,77.320000,0
2020-01-27,76.879997,76.940002,76.070000,76.230003,76.230003,0
2020-01-28,76.209999,76.519997,75.889999,76.320000,76.320000,0
2020-01-29,76.629997,76.739998,75.790001,75.860001,75.860001,0
2020-01-30,75.760002,75.760002,74.970001,75.139999,75.139999,0
2020-01-31,75.440002,75.459999,74.750000,74.839996,74.839996,0
2020-02-03,74.839996,74.900002,73.919998,74.080002,74.080002,0
2020-02-04,74.430000,74.900002,74.080002,74.099998,74.099998,0
2020-02-05,74.550003,74.980003,74.230003,74.739998,74.739998,0
2020-02-06,75.209999,75.410004,74.599998,74.959999,74.959999,0
2020-02-07,75.129997,75.169998,74.589996,74.760002,74.760002,0
2020-02-10,74.720001,74.739998,74.160004,74.199997,74.199997,0
2020-02-11,74.489998,74.650002,74.300003,74.379997,74.379997,0
2020-02-12,74.669998,75.209999,74.489998,75.160004,75.160004,0
2020-02-13,75.220001,75.519997,74.919998,75.320000,75.320000,0
2020-02-14,75.209999,75.680000,75.099998,75.379997,75.379997,0
2020-02-18,75.559998,76.120003,75.510002,76.110001,76.110001,0
2020-02-19,76.129997,76.620003,75.989998,76.570000,76.570000,0
2020-02-20,76.559998,76.709999,76.190002,76.209999,76.209999,0
2020-02-21,76.099998,76.370003,75.790001,76.250000,76.250000,0
2020-02-24,75.550003,75.639999,74.639999,74.900002,74.900002,0
2020-02-25,74.959999,74.959999,74.160004,74.209999,74.209999,0
2020-02-26,74.160004,74.250000,73.540001,73.629997,73.629997,0
2020-02-27,73.290001,73.330002,72.059998,72.580002,72.580002,0
2020-02-28,72.160004,72.169998,70.610001,70.980003,70.980003,0
2020-03-02,72.099998,72.580002,71.550003,72.470001,72.470001,0
2020-03-03,73.019997,73.910004,72.680000,73.190002,73.190002,0
2020-03-04,73.519997,73.669998,73.099998,73.230003,73.230003,0
2020-03-05,73.480003,73.559998,72.650002,72.680000,72.680000,0
2020-03-06,72.360001,72.440002,70.769997,70.790001,70.790001,0
2020-03-09,67.230003,68.529999,66.309998,67.849998,67.849998,0
2020-03-10,68.500000,69.419998,68.370003,69.300003,69.300003,0
2020-03-11,69.809998,69.809998,68.269997,68.300003,68.300003,0
2020-03-12,67.050003,67.349998,65.639999,66.160004,66.160004,0
2020-03-13,65.209999,67.620003,65.120003,65.309998,65.309998,0
2020-03-16,64.970001,65.139999,62.189999,62.570000,62.570000,0
2020-03-17,62.970001,63.259998,61.990002,62.009998,62.009998,0
2020-03-18,62.340000,62.470001,59.259998,59.480000,59.480000,0
2020-03-19,59.869999,61.619999,59.090000,61.430000,61.430000,0
2020-03-20,61.509998,63.180000,61.070000,61.099998,61.099998,0
2020-03-23,60.470001,62.090000,60.290001,62.009998,62.009998,0
2020-03-24,62.880001,64.029999,62.320000,63.770000,63.770000,0
2020-03-25,64.279999,64.419998,63.230000,63.980000,63.980000,0
2020-03-26,63.580002,64.129997,63.150002,63.330002,63.330002,0
2020-03-27,63.439999,63.630001,62.540001,62.709999,62.709999,0
2020-03-30,62.180000,62.389999,61.750000,62.060001,62.060001,0
2020-03-31,62.430000,62.680000,61.759998,61.860001,61.860001,0
2020-04-01,61.680000,61.680000,60.279999,60.290001,60.290001,0
2020-04-02,60.470001,62.830002,60.470001,61.549999,61.549999,0
2020-04-03,61.470001,62.720001,61.250000,62.200001,62.200001,0
2020-04-06,62.070000,62.939999,62.029999,62.820000,62.820000,0
2020-04-07,63.639999,63.889999,63.200001,63.220001,63.220001,0
2020-04-08,63.430000,63.680000,62.990002,63.150002,63.150002,0
2020-04-09,63.540001,64.410004,63.200001,63.480000,63.480000,0
2020-04-13,63.830002,63.869999,63.139999,63.380001,63.380001,0
2020-04-14,63.900002,63.990002,62.820000,63.049999,63.049999,0
2020-04-15,63.040001,63.139999,61.770000,61.970001,61.970001,0
2020-04-16,62.349998,62.349998,62.049999,62.049999,62.049999,0
2020-04-17,62.470001,62.680000,61.980000,62.090000,62.090000,0
2020-04-20,62.049999,62.230000,61.500000,61.980000,61.980000,0
2020-04-21,61.889999,61.970001,59.330002,59.509998,59.509998,0
2020-04-22,59.799999,60.970001,58.869999,60.680000,60.680000,0
2020-04-23,60.990002,61.759998,60.709999,60.779999,60.779999,0
2020-04-24,60.919998,61.189999,60.020000,60.240002,60.240002,0
2020-04-27,60.189999,60.310001,59.209999,59.549999,59.549999,0
2020-04-28,59.459999,60.180000,59.080002,59.639999,59.639999,0
2020-04-29,60.049999,60.349998,59.720001,59.880001,59.880001,0
2020-04-30,60.299999,60.959999,60.189999,60.900002,60.900002,0
2020-05-01,60.759998,60.830002,60.189999,60.709999,60.709999,0
2020-05-04,60.540001,61.000000,60.360001,60.970001,60.970001,0
2020-05-05,61.580002,62.400002,61.500000,62.310001,62.310001,0
2020-05-06,62.209999,62.459999,61.200001,61.459999,61.459999,0
2020-05-07,61.619999,62.580002,61.450001,62.000000,62.000000,0
2020-05-08,62.240002,62.490002,62.080002,62.320000,62.320000,0
2020-05-11,62.470001,62.619999,61.700001,61.779999,61.779999,0
2020-05-12,61.730000,62.029999,61.480000,61.549999,61.549999,0
2020-05-13,61.200001,61.619999,60.520000,60.619999,60.619999,0
2020-05-14,60.570000,61.340000,60.520000,61.290001,61.290001,0
2020-05-15,61.490002,61.900002,61.419998,61.660000,61.660000,0
2020-05-18,62.410000,63.389999,62.349998,63.029999,63.029999,0
2020-05-19,63.240002,63.509998,62.900002,63.240002,63.240002,0
2020-05-20,63.279999,63.880001,63.070000,63.599998,63.599998,0
2020-05-21,63.520000,63.700001,62.849998,63.009998,63.009998,0
2020-05-22,62.730000,62.759998,62.139999,62.740002,62.740002,0
2020-05-26,63.060001,63.549999,63.029999,63.349998,63.349998,0
2020-05-27,63.200001,63.389999,62.389999,62.669998,62.669998,0
2020-05-28,62.639999,63.000000,62.349998,62.770000,62.770000,0
2020-05-29,62.700001,63.599998,62.419998,63.540001,63.540001,0
2020-06-01,63.560001,63.790001,62.830002,63.509998,63.509998,0
2020-06-02,63.560001,64.070000,63.520000,63.779999,63.779999,0
2020-06-03,63.930000,63.990002,63.439999,63.900002,63.900002,0
2020-06-04,63.689999,64.389999,63.570000,64.349998,64.349998,0
2020-06-05,64.230003,64.949997,64.220001,64.690002,64.690002,0
2020-06-08,64.669998,65.010002,64.449997,64.639999,64.639999,0
2020-06-09,64.879997,64.900002,64.309998,64.730003,64.730003,0
2020-06-10,64.559998,65.080002,64.500000,65.000000,65.000000,0
2020-06-11,65.000000,65.000000,63.849998,64.089996,64.089996,0
2020-06-12,63.720001,64.480003,63.610001,63.709999,63.709999,0
2020-06-15,63.459999,63.700001,62.669998,63.650002,63.650002,0
2020-06-16,63.860001,64.389999,63.570000,63.939999,63.939999,0
2020-06-17,63.709999,64.110001,63.610001,64.070000,64.070000,0
2020-06-18,63.860001,64.419998,63.820000,64.120003,64.120003,0
2020-06-19,64.139999,64.900002,64.129997,64.570000,64.570000,0
2020-06-22,64.809998,64.910004,64.489998,64.830002,64.830002,0
2020-06-23,64.480003,65.050003,64.449997,64.709999,64.709999,0
2020-06-24,64.720001,64.790001,63.639999,63.709999,63.709999,0
2020-06-25,63.549999,63.639999,63.029999,63.450001,63.450001,0
2020-06-26,63.570000,63.730000,62.980000,63.220001,63.220001,0
2020-06-29,63.270000,64.339996,63.060001,64.239998,64.239998,0
2020-06-30,64.199997,65.150002,64.129997,64.980003,64.980003,0
2020-07-01,65.120003,65.419998,64.690002,65.180000,65.180000,0
2020-07-02,65.260002,65.650002,65.230003,65.629997,65.629997,0
2020-07-06,65.730003,66.320000,65.720001,66.180000,66.180000,0
2020-07-07,66.190002,66.709999,65.830002,66.540001,66.540001,0
2020-07-08,66.379997,66.930000,66.330002,66.790001,66.790001,0
2020-07-09,66.830002,67.290001,66.330002,66.349998,66.349998,0
2020-07-10,66.330002,66.830002,65.930000,66.639999,66.639999,0
2020-07-13,66.519997,66.800003,66.440002,66.489998,66.489998,0
2020-07-14,65.910004,66.489998,65.720001,66.180000,66.180000,0
2020-07-15,66.349998,66.669998,65.970001,66.669998,66.669998,0
2020-07-16,66.680000,66.809998,66.370003,66.470001,66.470001,0
2020-07-17,66.440002,66.650002,66.260002,66.489998,66.489998,0
2020-07-20,66.250000,66.449997,65.940002,66.309998,66.309998,0
2020-07-21,66.330002,67.379997,66.309998,67.290001,67.290001,0
2020-07-22,67.559998,67.779999,66.849998,67.739998,67.739998,0
2020-07-23,67.760002,68.349998,67.580002,68.120003,68.120003,0
2020-07-24,68.040001,68.230003,67.660004,68.150002,68.150002,0
2020-07-27,68.269997,68.760002,68.209999,68.500000,68.500000,0
2020-07-28,69.019997,69.059998,67.849998,68.529999,68.529999,0
2020-07-29,68.599998,69.010002,68.480003,68.989998,68.989998,0
2020-07-30,68.989998,69.099998,67.820000,68.250000,68.250000,0
2020-07-31,68.669998,69.000000,68.470001,68.680000,68.680000,0
2020-08-03,68.809998,70.040001,68.709999,69.900002,69.900002,0
2020-08-04,69.790001,70.620003,69.510002,70.540001,70.540001,0
2020-08-05,70.610001,71.940002,70.480003,71.190002,71.190002,0
2020-08-06,71.260002,71.970001,71.139999,71.339996,71.339996,0
2020-08-07,71.529999,71.529999,70.360001,70.449997,70.449997,0
2020-08-10,70.629997,71.300003,70.610001,70.900002,70.900002,0
2020-08-11,70.989998,71.029999,69.860001,69.889999,69.889999,0
2020-08-12,69.180000,70.309998,68.769997,70.269997,70.269997,0
2020-08-13,70.360001,70.849998,70.150002,70.839996,70.839996,0
2020-08-14,70.750000,71.239998,70.449997,70.809998,70.809998,0
2020-08-17,71.050003,72.029999,71.040001,72.019997,72.019997,0
2020-08-18,72.000000,72.720001,71.930000,72.470001,72.470001,0
2020-08-19,72.370003,72.599998,72.139999,72.330002,72.330002,0
2020-08-20,71.900002,72.050003,71.489998,71.779999,71.779999,0
2020-08-21,71.949997,72.089996,70.910004,71.459999,71.459999,0
2020-08-24,71.440002,72.180000,71.360001,71.650002,71.650002,0
2020-08-25,71.919998,72.120003,71.660004,72.019997,72.019997,0
2020-08-26,72.169998,72.519997,71.949997,72.300003,72.300003,0
2020-08-27,72.209999,72.940002,72.070000,72.620003,72.620003,0
2020-08-28,72.760002,73.300003,72.760002,73.139999,73.139999,0
2020-08-31,73.459999,73.639999,73.070000,73.320000,73.320000,0
2020-09-01,73.500000,73.970001,73.410004,73.500000,73.500000,0
2020-09-02,73.410004,73.580002,72.669998,72.830002,72.830002,0
2020-09-03,73.070000,73.080002,71.910004,72.300003,72.300003,0
2020-09-04,72.309998,72.800003,71.830002,72.389999,72.389999,0
2020-09-08,72.290001,72.519997,70.790001,71.400002,71.400002,0
2020-09-09,71.099998,71.830002,70.919998,71.699997,71.699997,0
2020-09-10,71.690002,72.010002,71.300003,71.489998,71.489998,0
2020-09-11,71.279999,71.790001,71.180000,71.559998,71.559998,0
2020-09-14,71.989998,72.070000,71.669998,71.750000,71.750000,0
2020-09-15,71.809998,72.089996,71.489998,71.800003,71.800003,0
2020-09-16,71.900002,72.349998,71.809998,72.300003,72.300003,0
2020-09-17,71.900002,72.459999,71.410004,72.389999,72.389999,0
2020-09-18,72.660004,72.989998,72.360001,72.970001,72.970001,0
2020-09-21,72.809998,72.959999,70.559998,71.160004,71.160004,0
2020-09-22,71.309998,71.620003,70.779999,71.000000,71.000000,0
2020-09-23,70.820000,71.120003,70.080002,70.769997,70.769997,0
2020-09-24,70.339996,70.959999,69.980003,70.870003,70.870003,0
2020-09-25,70.739998,71.160004,70.379997,70.690002,70.690002,0
2020-09-28,70.769997,71.019997,70.370003,70.989998,70.989998,0
2020-09-29,70.879997,70.959999,69.860001,70.269997,70.269997,0
2020-09-30,69.949997,71.099998,69.500000,70.849998,70.849998,0
2020-10-01,71.070000,71.300003,69.800003,70.250000,70.250000,0
2020-10-02,69.709999,70.300003,69.220001,69.800003,69.800003,0
2020-10-05,70.199997,71.419998,69.980003,71.050003,71.050003,0
2020-10-06,71.120003,72.029999,71.070000,71.400002,71.400002,0
2020-10-07,70.860001,72.040001,70.860001,71.800003,71.800003,0
2020-10-08,71.870003,72.500000,71.760002,72.160004,72.160004,0
2020-10-09,72.629997,73.500000,72.580002,73.250000,73.250000,0
2020-10-12,73.650002,73.820000,72.730003,72.779999,72.779999,0
2020-10-13,72.639999,72.989998,72.330002,72.570000,72.570000,0
2020-10-14,72.400002,73.080002,72.269997,73.000000,73.000000,0
2020-10-15,73.070000,73.459999,72.400002,73.440002,73.440002,0
2020-10-16,73.470001,73.790001,73.269997,73.379997,73.379997,0
2020-10-19,73.470001,73.930000,73.330002,73.570000,73.570000,0
2020-10-20,73.320000,74.029999,73.279999,73.930000,73.930000,0
2020-10-21,74.110001,74.540001,74.040001,74.129997,74.129997,0
2020-10-22,73.800003,74.230003,73.690002,73.839996,73.839996,0
2020-10-23,73.760002,73.989998,73.400002,73.570000,73.570000,0
2020-10-26,73.320000,73.419998,72.959999,73.230003,73.230003,0
2020-10-27,73.260002,73.750000,73.150002,73.580002,73.580002,0
2020-10-28,73.269997,73.470001,72.019997,72.139999,72.139999,0
2020-10-29,72.269997,72.430000,70.750000,71.610001,71.610001,0
2020-10-30,71.930000,72.029999,71.379997,71.839996,71.839996,0
2020-11-02,71.529999,72.150002,71.209999,72.129997,72.129997,0
2020-11-03,72.209999,72.750000,72.070000,72.260002,72.260002,0
2020-11-04,71.949997,72.730003,71.430000,72.690002,72.690002,0
2020-11-05,72.830002,73.959999,72.739998,73.190002,73.190002,0
2020-11-06,73.099998,73.489998,72.699997,72.820000,72.820000,0
2020-11-09,73.269997,73.779999,72.690002,72.750000,72.750000,0
2020-11-10,72.889999,74.070000,72.809998,73.959999,73.959999,0
2020-11-11,74.309998,74.529999,73.769997,74.000000,74.000000,0
2020-11-12,74.080002,74.239998,73.660004,73.720001,73.720001,0
2020-11-13,73.320000,74.209999,73.300003,73.730003,73.730003,0
2020-11-16,73.860001,74.070000,73.559998,73.769997,73.769997,0
2020-11-17,73.910004,74.110001,73.620003,73.889999,73.889999,0
2020-11-18,73.739998,74.610001,73.730003,74.190002,74.190002,0
2020-11-19,74.070000,74.080002,73.220001,73.540001,73.540001,0
2020-11-20,73.769997,74.309998,73.760002,74.139999,74.139999,0
2020-11-23,74.410004,74.739998,73.930000,74.160004,74.160004,0
2020-11-24,74.089996,74.750000,73.879997,74.730003,74.730003,0
2020-11-25,75.010002,75.029999,74.510002,74.800003,74.800003,0
2020-11-27,74.849998,75.099998,74.559998,74.820000,74.820000,0
2020-11-30,74.870003,75.010002,74.269997,74.360001,74.360001,0
2020-12-01,74.730003,75.110001,74.389999,74.550003,74.550003,0
2020-12-02,74.269997,74.910004,74.000000,74.500000,74.500000,0
2020-12-03,74.459999,74.610001,73.790001,74.070000,74.070000,0
2020-12-04,74.339996,74.510002,74.050003,74.300003,74.300003,0
2020-12-07,73.769997,74.320000,73.169998,73.940002,73.940002,0
2020-12-08,73.889999,74.029999,73.629997,73.669998,73.669998,0
2020-12-09,73.849998,74.250000,73.730003,73.949997,73.949997,0
2020-12-10,74.040001,75.440002,73.879997,74.889999,74.889999,0
2020-12-11,74.910004,75.040001,74.459999,74.870003,74.870003,0
2020-12-14,75.370003,75.459999,74.839996,75.190002,75.190002,0
2020-12-15,75.120003,75.720001,75.070000,75.709999,75.709999,0
2020-12-16,75.839996,76.160004,75.669998,76.019997,76.019997,0
2020-12-17,76.470001,76.989998,76.419998,76.860001,76.860001,0
2020-12-18,77.029999,77.360001,76.949997,77.320000,77.320000,0
2020-12-21,77.080002,77.459999,75.849998,76.970001,76.970001,0
2020-12-22,77.190002,77.190002,76.180000,76.550003,76.550003,0
2020-12-23,76.180000,77.320000,76.169998,77.029999,77.029999,0
2020-12-24,77.160004,77.269997,76.970001,77.029999,77.029999,0
2020-12-28,77.000000,77.050003,76.330002,76.500000,76.500000,0
2020-12-29,76.489998,77.199997,76.230003,77.110001,77.110001,0
2020-12-30,77.139999,77.620003,76.980003,77.589996,77.589996,0
2020-12-31,77.690002,78.059998,77.550003,78.050003,78.050003,0
2021-01-04,79.290001,79.820000,78.290001,78.639999,78.639999,0
2021-01-05,78.910004,80.540001,78.769997,80.330002,80.330002,0
2021-01-06,80.400002,81.110001,80.089996,80.269997,80.269997,0
2021-01-07,80.470001,80.809998,79.959999,80.309998,80.309998,0
2021-01-08,80.300003,80.500000,79.440002,79.660004,79.660004,0
2021-01-11,79.480003,79.540001,78.779999,79.489998,79.489998,0
2021-01-12,79.599998,80.870003,79.570000,80.629997,80.629997,0
2021-01-13,81.169998,81.349998,80.529999,80.610001,80.610001,0
2021-01-14,80.449997,81.330002,80.269997,81.220001,81.220001,0
2021-01-15,81.250000,81.300003,80.169998,80.459999,80.459999,0
2021-01-19,80.220001,80.629997,79.980003,80.050003,80.050003,0
2021-01-20,80.110001,80.349998,79.510002,80.300003,80.300003,0
2021-01-21,80.489998,80.629997,80.120003,80.290001,80.290001,0
2021-01-22,79.559998,79.779999,78.820000,79.110001,79.110001,0
2021-01-25,79.150002,79.989998,79.080002,79.980003,79.980003,0
2021-01-26,79.889999,80.620003,79.639999,80.480003,80.480003,0
2021-01-27,80.540001,80.900002,79.760002,80.449997,80.449997,0
2021-01-28,80.139999,81.269997,79.709999,79.989998,79.989998,0
2021-01-29,80.169998,81.010002,79.919998,80.099998,80.099998,0
2021-02-01,81.070000,81.639999,80.830002,81.599998,81.599998,0
2021-02-02,81.750000,82.050003,81.199997,81.269997,81.269997,0
2021-02-03,81.320000,81.959999,81.160004,81.809998,81.809998,0
2021-02-04,81.889999,82.000000,81.180000,81.980003,81.980003,0
2021-02-05,82.239998,83.000000,82.220001,82.470001,82.470001,0
2021-02-08,82.820000,83.629997,82.750000,83.540001,83.540001,0
2021-02-09,84.010002,84.050003,83.269997,83.769997,83.769997,0
2021-02-10,83.610001,83.970001,83.290001,83.529999,83.529999,0
2021-02-11,83.300003,84.029999,83.250000,83.470001,83.470001,0
2021-02-12,83.260002,84.269997,83.000000,84.059998,84.059998,0
2021-02-16,85.129997,85.199997,84.459999,85.050003,85.050003,0
2021-02-17,85.000000,85.410004,84.580002,85.199997,85.199997,0
2021-02-18,85.730003,85.769997,84.989998,85.239998,85.239998,0
2021-02-19,84.480003,86.029999,84.470001,85.300003,85.300003,0
2021-02-22,85.790001,86.739998,85.239998,86.699997,86.699997,0
2021-02-23,87.389999,87.449997,85.949997,86.620003,86.620003,0
2021-02-24,86.570000,87.650002,86.260002,87.580002,87.580002,0
2021-02-25,87.820000,88.120003,86.809998,87.120003,87.120003,0
2021-02-26,86.660004,86.720001,85.230003,85.279999,85.279999,0
2021-03-01,86.120003,86.300003,84.570000,84.779999,84.779999,0
2021-03-02,83.959999,85.610001,83.839996,85.250000,85.250000,0
2021-03-03,85.190002,85.540001,84.599998,84.870003,84.870003,0
2021-03-04,84.800003,85.750000,83.849998,84.779999,84.779999,0
2021-03-05,84.870003,85.980003,84.830002,85.860001,85.860001,0
2021-03-08,86.839996,86.849998,85.129997,85.370003,85.370003,0
2021-03-09,85.430000,85.809998,84.860001,85.419998,85.419998,0
2021-03-10,85.010002,85.449997,84.739998,85.339996,85.339996,0
2021-03-11,85.589996,86.290001,85.580002,86.269997,86.269997,0
2021-03-12,86.070000,86.230003,85.559998,85.959999,85.959999,0
2021-03-15,86.269997,86.320000,85.500000,85.959999,85.959999,0
2021-03-16,85.809998,85.980003,85.410004,85.959999,85.959999,0
2021-03-17,85.910004,86.160004,85.370003,85.690002,85.690002,0
2021-03-18,85.839996,85.849998,83.559998,83.660004,83.660004,0
2021-03-19,83.680000,84.610001,83.180000,84.519997,84.519997,0
2021-03-22,84.239998,84.709999,83.870003,84.669998,84.669998,0
2021-03-23,84.480003,84.480003,83.139999,83.180000,83.180000,0
2021-03-24,82.970001,84.400002,82.889999,84.349998,84.349998,0
2021-03-25,83.800003,83.919998,82.620003,82.989998,82.989998,0
2021-03-26,83.309998,84.320000,83.169998,84.129997,84.129997,0
2021-03-29,84.029999,84.139999,83.169998,83.930000,83.930000,0
2021-03-30,83.879997,83.980003,82.620003,82.750000,82.750000,0
2021-03-31,82.739998,83.959999,82.510002,83.440002,83.440002,0
2021-04-01,83.629997,84.220001,83.260002,83.830002,83.830002,0
2021-04-05,83.970001,83.989998,82.709999,83.010002,83.010002,0
2021-04-06,83.449997,84.339996,83.269997,83.610001,83.610001,0
2021-04-07,83.559998,83.839996,83.269997,83.760002,83.760002,0
2021-04-08,83.589996,84.500000,83.519997,84.400002,84.400002,0
2021-04-09,84.379997,84.459999,83.970001,84.029999,84.029999,0
2021-04-12,83.970001,84.339996,83.489998,83.580002,83.580002,0
2021-04-13,83.570000,84.589996,83.510002,84.320000,84.320000,0
2021-04-14,84.470001,85.980003,84.419998,85.879997,85.879997,0
2021-04-15,85.790001,86.589996,85.769997,86.559998,86.559998,0
2021-04-16,86.529999,87.000000,86.459999,86.529999,86.529999,0
2021-04-19,86.500000,87.059998,86.500000,86.779999,86.779999,0
2021-04-20,87.019997,87.629997,86.690002,86.980003,86.980003,0
2021-04-21,86.970001,87.480003,86.480003,87.269997,87.269997,0
2021-04-22,87.239998,88.180000,87.129997,87.970001,87.970001,0
2021-04-23,88.190002,88.410004,87.830002,88.400002,88.400002,0
2021-04-26,88.790001,89.589996,88.330002,89.519997,89.519997,0
2021-04-27,89.650002,90.540001,89.599998,90.080002,90.080002,0
2021-04-28,89.370003,90.839996,89.239998,90.190002,90.190002,0
2021-04-29,90.570000,90.959999,89.760002,90.169998,90.169998,0
2021-04-30,90.129997,90.400002,89.599998,90.360001,90.360001,0
2021-05-03,90.879997,91.370003,90.510002,90.970001,90.970001,0
2021-05-04,91.110001,92.110001,90.970001,91.650002,91.650002,0
2021-05-05,92.040001,92.349998,91.739998,92.220001,92.220001,0
2021-05-06,92.440002,92.949997,92.320000,92.870003,92.870003,0
2021-05-07,93.230003,93.870003,92.970001,93.730003,93.730003,0
2021-05-10,94.180000,94.190002,92.830002,93.160004,93.160004,0
2021-05-11,92.839996,94.000000,92.800003,93.870003,93.870003,0
2021-05-12,94.080002,94.589996,93.830002,93.879997,93.879997,0
2021-05-13,93.519997,93.540001,91.500000,91.699997,91.699997,0
2021-05-14,91.830002,92.650002,91.480003,91.980003,91.980003,0
2021-05-17,92.250000,93.389999,92.139999,93.250000,93.250000,0
2021-05-18,93.760002,94.080002,92.680000,93.150002,93.150002,0
2021-05-19,92.769997,92.769997,90.779999,91.440002,91.440002,0
2021-05-20,91.480003,91.889999,90.860001,90.889999,90.889999,0
2021-05-21,90.580002,91.269997,90.410004,90.889999,90.889999,0
2021-05-24,90.760002,91.599998,90.559998,91.580002,91.580002,0
2021-05-25,91.720001,91.959999,91.129997,91.389999,91.389999,0
2021-05-26,91.529999,91.870003,90.830002,91.599998,91.599998,0
2021-05-27,91.430000,92.820000,91.330002,92.800003,92.800003,0
2021-05-28,92.959999,93.220001,92.629997,92.830002,92.830002,0
2021-06-01,93.760002,95.099998,93.739998,94.139999,94.139999,0
2021-06-02,94.120003,94.669998,93.989998,94.449997,94.449997,0
2021-06-03,94.930000,95.000000,93.059998,93.260002,93.260002,0
2021-06-04,93.110001,94.800003,93.099998,94.680000,94.680000,0
2021-06-07,94.919998,94.980003,94.120003,94.160004,94.160004,0
2021-06-08,94.180000,95.050003,94.059998,94.769997,94.769997,0
2021-06-09,94.790001,95.050003,94.410004,94.800003,94.800003,0
2021-06-10,94.510002,95.339996,94.349998,95.029999,95.029999,0
2021-06-11,95.250000,95.559998,94.559998,94.989998,94.989998,0
2021-06-14,94.400002,94.589996,93.739998,94.309998,94.309998,0
2021-06-15,93.970001,94.080002,93.250000,93.540001,93.540001,0
2021-06-16,93.760002,93.980003,93.180000,93.410004,93.410004,0
2021-06-17,92.519997,92.800003,89.919998,90.099998,90.099998,0
2021-06-18,90.349998,91.290001,89.940002,90.930000,90.930000,0
2021-06-21,90.820000,91.589996,90.150002,91.559998,91.559998,0
2021-06-22,91.610001,91.949997,91.260002,91.519997,91.519997,0
2021-06-23,91.779999,92.860001,91.730003,92.250000,92.250000,0
2021-06-24,91.870003,92.410004,91.389999,92.360001,92.360001,0
2021-06-25,92.510002,92.860001,91.870003,92.440002,92.440002,0
2021-06-28,92.440002,93.209999,92.339996,93.070000,93.070000,0
2021-06-29,92.889999,93.919998,92.449997,93.199997,93.199997,0
2021-06-30,93.480003,94.769997,92.750000,94.540001,94.540001,0
2021-07-01,94.650002,96.169998,94.580002,94.690002,94.690002,0
2021-07-02,94.820000,95.220001,94.489998,94.980003,94.980003,0
2021-07-06,95.900002,96.139999,92.620003,92.800003,92.800003,0
2021-07-07,93.129997,94.070000,91.690002,92.470001,92.470001,0
2021-07-08,92.220001,92.830002,91.809998,92.580002,92.580002,0
2021-07-09,92.610001,93.629997,92.500000,93.500000,93.500000,0
2021-07-12,93.339996,94.000000,92.750000,93.970001,93.970001,0
2021-07-13,94.190002,94.720001,93.629997,94.480003,94.480003,0
2021-07-14,94.320000,95.160004,94.089996,94.410004,94.410004,0
2021-07-15,94.099998,94.480003,93.839996,94.129997,94.129997,0
2021-07-16,94.180000,94.739998,93.910004,94.430000,94.430000,0
2021-07-19,94.300003,94.580002,91.879997,92.089996,92.089996,0
2021-07-20,92.449997,93.389999,92.349998,93.309998,93.309998,0
2021-07-21,93.300003,94.760002,93.010002,94.699997,94.699997,0
2021-07-22,94.330002,95.540001,94.169998,95.510002,95.510002,0
2021-07-23,95.500000,95.870003,95.410004,95.690002,95.690002,0
2021-07-26,95.529999,96.709999,95.059998,96.639999,96.639999,0
2021-07-27,96.779999,96.910004,95.699997,95.830002,95.830002,0
2021-07-28,96.050003,96.349998,95.580002,96.180000,96.180000,0
2021-07-29,96.300003,97.540001,96.250000,97.510002,97.510002,0
2021-07-30,97.099998,97.410004,96.019997,96.279999,96.279999,0
2021-08-02,96.029999,96.570000,95.440002,95.750000,95.750000,0
2021-08-03,95.570000,95.730003,94.669998,95.349998,95.349998,0
2021-08-04,95.440002,95.720001,94.730003,94.849998,94.849998,0
2021-08-05,94.879997,95.639999,94.489998,95.300003,95.300003,0
2021-08-06,95.180000,95.680000,94.510002,94.690002,94.690002,0
2021-08-09,94.099998,94.220001,92.739998,93.120003,93.120003,0
2021-08-10,93.160004,94.529999,93.150002,94.379997,94.379997,0
2021-08-11,94.400002,95.000000,93.910004,94.959999,94.959999,0
2021-08-12,94.949997,95.480003,94.250000,94.980003,94.980003,0
2021-08-13,94.769997,95.709999,94.580002,95.169998,95.169998,0
2021-08-16,94.889999,95.250000,94.419998,95.019997,95.019997,0
2021-08-17,95.230003,95.290001,93.919998,93.989998,93.989998,0
2021-08-18,93.940002,94.290001,93.410004,93.489998,93.489998,0
2021-08-19,92.970001,93.010002,91.480003,91.919998,91.919998,0
2021-08-20,92.150002,92.410004,91.099998,91.160004,91.160004,0
2021-08-23,91.629997,93.199997,91.610001,93.139999,93.139999,0
2021-08-24,93.379997,94.489998,93.190002,94.379997,94.379997,0
2021-08-25,94.110001,94.860001,93.919998,94.760002,94.760002,0
2021-08-26,94.680000,95.279999,94.269997,94.949997,94.949997,0
2021-08-27,95.070000,96.360001,95.070000,96.349998,96.349998,0
2021-08-30,96.690002,96.809998,95.739998,96.180000,96.180000,0
2021-08-31,96.339996,96.570000,95.410004,95.989998,95.989998,0
2021-09-01,95.980003,96.239998,95.349998,96.070000,96.070000,0
2021-09-02,95.750000,97.089996,95.730003,96.709999,96.709999,0
2021-09-03,96.489998,97.379997,96.449997,97.120003,97.120003,0
2021-09-07,97.040001,97.160004,95.709999,95.790001,95.790001,0
2021-09-08,96.129997,97.139999,95.940002,96.690002,96.690002,0
2021-09-09,96.730003,97.010002,96.059998,96.570000,96.570000,0
2021-09-10,96.489998,97.330002,96.489998,97.110001,97.110001,0
2021-09-13,97.180000,97.800003,96.930000,97.669998,97.669998,0
2021-09-14,97.669998,98.279999,97.629997,97.860001,97.860001,0
2021-09-15,98.110001,100.089996,98.000000,99.580002,99.580002,0
2021-09-16,99.489998,99.610001,97.919998,98.589996,98.589996,0
2021-09-17,98.529999,98.860001,97.430000,97.550003,97.550003,0
2021-09-20,96.790001,96.860001,95.959999,96.050003,96.050003,0
2021-09-21,96.279999,96.699997,95.059998,95.769997,95.769997,0
2021-09-22,96.379997,97.230003,96.279999,97.150002,97.150002,0
2021-09-23,97.000000,98.300003,96.879997,98.239998,98.239998,0
2021-09-24,98.300003,99.000000,98.010002,98.980003,98.980003,0
2021-09-27,99.870003,100.849998,99.470001,100.830002,100.830002,0
2021-09-28,101.309998,102.349998,100.250000,100.919998,100.919998,0
2021-09-29,100.519997,100.839996,99.489998,99.599998,99.599998,0
2021-09-30,99.669998,100.930000,99.269997,100.760002,100.760002,0
2021-10-01,100.809998,101.099998,100.139999,100.930000,100.930000,0
2021-10-04,101.059998,103.169998,100.919998,102.050003,102.050003,0
2021-10-05,102.209999,104.129997,102.110001,103.849998,103.849998,0
2021-10-06,103.559998,104.470001,101.459999,101.589996,101.589996,0
2021-10-07,101.900002,102.379997,100.379997,102.339996,102.339996,0
2021-10-08,103.080002,103.459999,102.589996,102.620003,102.620003,0
2021-10-11,103.239998,104.089996,102.620003,102.709999,102.709999,0
2021-10-12,102.510002,103.129997,102.209999,102.730003,102.730003,0
2021-10-13,102.599998,103.360001,102.070000,103.279999,103.279999,0
2021-10-14,103.610001,104.900002,103.540001,104.410004,104.410004,0
2021-10-15,104.330002,105.610001,104.300003,104.730003,104.730003,0
2021-10-18,104.580002,105.129997,103.550003,103.620003,103.620003,0
2021-10-19,103.739998,104.370003,103.169998,103.910004,103.910004,0
2021-10-20,103.400002,105.160004,103.230003,105.139999,105.139999,0
2021-10-21,105.449997,105.550003,102.730003,103.190002,103.190002,0
2021-10-22,103.589996,104.489998,102.910004,103.750000,103.750000,0
2021-10-25,104.779999,105.930000,104.720001,105.839996,105.839996,0
2021-10-26,105.970001,106.260002,104.709999,105.680000,105.680000,0
2021-10-27,105.169998,105.550003,104.360001,105.080002,105.080002,0
2021-10-28,103.959999,105.139999,103.790001,104.300003,104.300003,0
2021-10-29,104.180000,104.430000,102.720001,103.360001,103.360001,0
2021-11-01,103.400002,104.099998,102.930000,103.639999,103.639999,0
2021-11-02,104.059998,104.300003,103.389999,104.220001,104.220001,0
2021-11-03,103.559998,104.029999,102.900002,103.129997,103.129997,0
2021-11-04,103.500000,104.620003,102.430000,102.570000,102.570000,0
2021-11-05,102.790001,103.110001,102.019997,102.739998,102.739998,0
2021-11-08,103.169998,103.529999,102.589996,102.779999,102.779999,0
2021-11-09,102.739998,103.089996,101.559998,102.470001,102.470001,0
2021-11-10,102.699997,102.870003,101.839996,102.019997,102.019997,0
2021-11-11,102.180000,103.370003,102.080002,103.330002,103.330002,0
2021-11-12,103.209999,103.279999,102.190002,102.800003,102.800003,0
2021-11-15,102.480003,103.169998,102.040001,103.160004,103.160004,0
2021-11-16,103.599998,104.050003,103.199997,103.339996,103.339996,0
2021-11-17,103.260002,103.500000,102.320000,102.410004,102.410004,0
2021-11-18,102.230003,103.209999,102.129997,102.550003,102.550003,0
2021-11-19,103.169998,103.419998,101.489998,102.309998,102.309998,0
2021-11-22,101.870003,102.419998,101.120003,102.089996,102.089996,0
2021-11-23,102.110001,103.459999,101.629997,103.239998,103.239998,0
2021-11-24,103.360001,103.870003,103.150002,103.589996,103.589996,0
2021-11-26,103.080002,103.110001,99.230003,100.099998,100.099998,0
2021-11-29,100.809998,100.949997,98.430000,98.720001,98.720001,0
2021-11-30,98.870003,98.900002,95.300003,95.800003,95.800003,0
2021-12-01,96.500000,97.290001,95.139999,95.199997,95.199997,0
2021-12-02,95.400002,96.019997,94.169998,95.120003,95.120003,0
2021-12-03,95.580002,96.949997,95.540001,95.790001,95.790001,0
2021-12-06,95.699997,95.839996,94.830002,95.699997,95.699997,0
2021-12-07,95.959999,97.220001,95.870003,96.690002,96.690002,0
2021-12-08,96.760002,97.440002,96.529999,97.250000,97.250000,0
2021-12-09,97.589996,97.599998,96.269997,96.550003,96.550003,0
2021-12-10,96.449997,97.169998,96.239998,96.900002,96.900002,0
2021-12-13,97.459999,97.620003,96.419998,96.500000,96.500000,0
2021-12-14,96.180000,96.599998,95.660004,95.980003,95.980003,0
2021-12-15,95.790001,95.849998,95.150002,95.519997,95.519997,0
2021-12-16,96.309998,97.449997,96.309998,97.040001,97.040001,0
2021-12-17,97.120003,97.120003,96.250000,96.419998,96.419998,0
2021-12-20,95.790001,95.860001,94.639999,95.379997,95.379997,0
2021-12-21,95.680000,97.300003,95.339996,97.150002,97.150002,0
2021-12-22,97.309998,98.760002,97.160004,98.720001,98.720001,0
2021-12-23,98.959999,99.089996,98.199997,98.900002,98.900002,0
2021-12-27,99.139999,100.440002,98.510002,100.379997,100.379997,0
2021-12-28,100.570000,101.089996,99.980003,100.059998,100.059998,0
2021-12-29,99.919998,100.709999,99.730003,100.190002,100.190002,0
2021-12-30,100.379997,100.419998,99.360001,99.430000,99.430000,0
2021-12-31,99.370003,99.889999,99.070000,99.169998,99.169998,0
2022-01-03,99.440002,100.000000,98.800003,99.459999,99.459999,0
2022-01-04,99.500000,100.760002,99.379997,100.580002,100.580002,0
2022-01-05,100.449997,101.370003,100.370003,101.160004,101.160004,0
2022-01-06,100.309998,101.080002,100.080002,100.779999,100.779999,0
2022-01-07,101.220001,101.419998,100.820000,101.290001,101.290001,0
2022-01-10,101.790001,101.949997,100.559998,100.860001,100.860001,0
2022-01-11,101.169998,102.790001,101.080002,102.769997,102.769997,0
2022-01-12,102.849998,104.540001,102.750000,104.419998,104.419998,0
2022-01-13,104.029999,104.209999,102.889999,103.050003,103.050003,0
2022-01-14,102.930000,103.589996,102.760002,103.540001,103.540001,0
2022-01-18,104.180000,104.449997,103.750000,104.120003,104.120003,0
2022-01-19,104.760002,105.720001,104.389999,105.440002,105.440002,0
2022-01-20,105.339996,105.959999,105.099998,105.730003,105.730003,0
2022-01-21,104.760002,105.660004,104.730003,105.360001,105.360001,0
2022-01-24,105.510002,105.559998,103.599998,104.620003,104.620003,0
2022-01-25,104.699997,105.680000,104.459999,105.620003,105.620003,0
2022-01-26,105.279999,106.779999,105.199997,106.629997,106.629997,0
2022-01-27,105.849998,106.830002,105.650002,106.190002,106.190002,0
2022-01-28,106.779999,107.919998,106.339996,107.150002,107.150002,0
2022-01-31,108.760002,108.760002,106.940002,107.860001,107.860001,0
2022-02-01,108.089996,108.879997,107.629997,108.570000,108.570000,0
2022-02-02,109.010002,110.730003,108.910004,110.269997,110.269997,0
2022-02-03,109.809998,109.870003,108.260002,109.339996,109.339996,0
2022-02-04,110.190002,110.529999,109.320000,109.570000,109.570000,0
2022-02-07,109.489998,109.809998,109.089996,109.400002,109.400002,0
2022-02-08,109.300003,109.519997,108.419998,108.910004,108.910004,0
2022-02-09,109.000000,109.860001,108.519997,109.739998,109.739998,0
2022-02-10,109.900002,110.860001,109.330002,109.489998,109.489998,0
2022-02-11,109.190002,110.389999,108.629997,109.900002,109.900002,0
2022-02-14,111.180000,111.209999,109.800003,111.099998,111.099998,0
2022-02-15,111.199997,111.250000,109.269997,109.889999,109.889999,0
2022-02-16,110.059998,111.750000,110.010002,111.669998,111.669998,0
2022-02-17,110.959999,111.980003,110.949997,111.540001,111.540001,0
2022-02-18,111.199997,112.279999,110.680000,111.629997,111.629997,0
2022-02-22,113.660004,114.070000,113.000000,113.540001,113.540001,0
2022-02-23,113.760002,114.610001,113.120003,114.339996,114.339996,0
2022-02-24,115.660004,119.739998,115.139999,115.269997,115.269997,0
2022-02-25,115.949997,116.089996,112.070000,112.400002,112.400002,0
2022-02-28,115.010002,115.709999,114.209999,114.550003,114.550003,0
2022-03-01,115.419998,119.660004,115.309998,119.300003,119.300003,0
2022-03-02,120.760002,122.820000,120.239998,122.099998,122.099998,0
2022-03-03,124.519997,126.190002,122.339996,122.930000,122.930000,0
2022-03-04,124.690002,127.080002,123.449997,127.029999,127.029999,0
2022-03-07,132.119995,132.880005,129.050003,130.869995,130.869995,0
2022-03-08,131.869995,140.580002,130.750000,132.630005,132.630005,0
2022-03-09,134.089996,134.360001,125.339996,125.839996,125.839996,0
2022-03-10,125.379997,128.410004,124.790001,125.129997,125.129997,0
2022-03-11,125.029999,126.669998,124.279999,126.389999,126.389999,0
2022-03-14,125.349998,125.680000,123.180000,123.800003,123.800003,0
2022-03-15,121.750000,122.620003,120.230003,121.900002,121.900002,0
2022-03-16,121.959999,123.139999,120.250000,120.669998,120.669998,0
2022-03-17,121.410004,124.470001,121.360001,124.349998,124.349998,0
2022-03-18,124.760002,125.089996,123.260002,123.360001,123.360001,0
2022-03-21,124.849998,126.730003,124.599998,125.669998,125.669998,0
2022-03-22,126.809998,126.930000,124.300003,125.550003,125.550003,0
2022-03-23,125.620003,128.940002,125.370003,128.839996,128.839996,0
2022-03-24,129.059998,129.860001,128.020004,129.160004,129.160004,0
2022-03-25,129.259995,129.889999,127.559998,129.850006,129.850006,0
2022-03-28,128.570007,128.759995,125.959999,126.209999,126.209999,0
2022-03-29,125.599998,126.120003,121.830002,123.620003,123.620003,0
2022-03-30,123.970001,126.930000,123.919998,126.449997,126.449997,0
2022-03-31,125.099998,126.470001,124.209999,124.410004,124.410004,0
2022-04-01,124.320000,124.959999,123.139999,123.879997,123.879997,0
2022-04-04,124.139999,126.129997,124.129997,125.570000,125.570000,0
2022-04-05,126.400002,127.550003,126.139999,126.209999,126.209999,0
2022-04-06,125.980003,127.199997,124.430000,124.510002,124.510002,0
2022-04-07,125.239998,125.480003,123.879997,124.930000,124.930000,0
2022-04-08,125.180000,126.529999,124.739998,126.410004,126.410004,0
2022-04-11,126.019997,126.440002,125.180000,125.940002,125.940002,0
2022-04-12,126.930000,129.529999,126.930000,128.809998,128.809998,0
2022-04-13,128.850006,131.059998,128.470001,131.009995,131.009995,0
2022-04-14,131.199997,132.500000,130.470001,132.429993,132.429993,0
2022-04-18,134.050003,136.020004,133.229996,134.990005,134.990005,0
2022-04-19,135.089996,135.330002,130.770004,131.320007,131.320007,0
2022-04-20,131.580002,132.179993,129.929993,131.029999,131.029999,0
2022-04-21,131.119995,131.820007,130.470001,131.300003,131.300003,0
2022-04-22,130.940002,131.270004,128.929993,129.029999,129.029999,0
2022-04-25,127.830002,127.830002,125.500000,126.830002,126.830002,0
2022-04-26,127.760002,128.839996,127.260002,128.300003,128.300003,0
2022-04-27,128.720001,130.080002,128.250000,129.660004,129.660004,0
2022-04-28,129.740005,129.979996,128.389999,129.169998,129.169998,0
2022-04-29,129.350006,130.639999,129.169998,129.479996,129.479996,0
2022-05-02,128.899994,129.380005,127.309998,128.970001,128.970001,0
2022-05-03,129.490005,130.550003,128.270004,128.619995,128.619995,0
2022-05-04,128.449997,131.529999,128.449997,131.440002,131.440002,0
2022-05-05,132.520004,133.350006,131.050003,132.399994,132.399994,0
2022-05-06,132.050003,132.919998,130.160004,130.339996,130.339996,0
2022-05-09,130.190002,130.550003,124.660004,124.760002,124.760002,0
2022-05-10,124.059998,125.860001,123.449997,124.620003,124.620003,0
2022-05-11,125.330002,127.620003,125.220001,127.410004,127.410004,0
2022-05-12,126.930000,127.540001,124.989998,127.150002,127.150002,0
2022-05-13,127.610001,128.399994,126.820000,128.309998,128.309998,0
2022-05-16,129.220001,130.940002,128.520004,130.839996,130.839996,0
2022-05-17,131.429993,132.449997,130.860001,131.630005,131.630005,0
2022-05-18,131.270004,131.970001,129.259995,129.630005,129.630005,0
2022-05-19,129.720001,131.330002,127.610001,131.110001,131.110001,0
2022-05-20,130.429993,131.050003,129.919998,130.550003,130.550003,0
2022-05-23,130.899994,132.440002,130.649994,132.350006,132.350006,0
2022-05-24,131.979996,132.820007,131.440002,131.929993,131.929993,0
2022-05-25,132.320007,132.699997,131.440002,132.100006,132.100006,0
2022-05-26,131.570007,134.619995,131.570007,133.259995,133.259995,0
2022-05-27,133.470001,133.910004,132.229996,133.869995,133.869995,0
2022-05-31,134.449997,135.589996,131.240005,131.339996,131.339996,0
2022-06-01,131.759995,133.570007,131.320007,132.800003,132.800003,0
2022-06-02,132.020004,134.589996,131.919998,133.830002,133.830002,0
2022-06-03,133.940002,134.460007,133.059998,133.820007,133.820007,0
2022-06-06,135.320007,136.580002,135.270004,136.309998,136.309998,0
2022-06-07,136.529999,136.979996,135.350006,136.410004,136.410004,0
2022-06-08,136.750000,138.160004,135.639999,136.039993,136.039993,0
2022-06-09,134.960007,136.800003,133.949997,136.610001,136.610001,0
2022-06-10,136.210007,136.720001,134.119995,135.429993,135.429993,0
2022-06-13,134.229996,134.360001,131.500000,133.240005,133.240005,0
2022-06-14,133.210007,133.850006,128.940002,129.059998,129.059998,0
2022-06-15,129.550003,130.660004,128.869995,129.440002,129.440002,0
2022-06-16,130.440002,130.649994,129.169998,130.320007,130.320007,0
2022-06-17,130.160004,131.050003,126.400002,126.779999,126.779999,0
2022-06-21,126.959999,127.690002,126.050003,126.330002,126.330002,0
2022-06-22,125.099998,125.190002,123.220001,124.730003,124.730003,0
2022-06-23,123.029999,123.989998,120.769997,120.910004,120.910004,0
2022-06-24,120.690002,121.910004,119.709999,121.309998,121.309998,0
2022-06-27,121.080002,122.279999,120.190002,121.839996,121.839996,0
2022-06-28,122.080002,123.260002,122.070000,122.699997,122.699997,0
2022-06-29,122.629997,124.230003,122.220001,122.279999,122.279999,0
2022-06-30,121.989998,122.309998,117.010002,117.050003,117.050003,0
2022-07-01,117.699997,118.480003,116.430000,117.129997,117.129997,0
2022-07-05,118.510002,118.510002,111.239998,111.870003,111.870003,0
2022-07-06,112.169998,112.879997,109.800003,110.750000,110.750000,0
2022-07-07,110.639999,115.629997,110.639999,115.139999,115.139999,0
2022-07-08,114.949997,116.209999,114.089996,115.910004,115.910004,0
2022-07-11,117.019997,117.389999,116.000000,116.379997,116.379997,0
2022-07-12,116.620003,116.669998,111.919998,111.959999,111.959999,0
2022-07-13,112.110001,114.510002,111.540001,113.669998,113.669998,0
2022-07-14,113.629997,114.089996,110.680000,111.720001,111.720001,0
2022-07-15,112.379997,113.629997,111.160004,113.470001,113.470001,0
2022-07-18,113.900002,117.470001,113.809998,117.139999,117.139999,0
2022-07-19,116.379997,116.889999,114.870003,116.050003,116.050003,0
2022-07-20,115.680000,117.580002,115.339996,117.550003,117.550003,0
2022-07-21,116.760002,116.790001,114.379997,115.860001,115.860001,0
2022-07-22,115.910004,117.660004,114.959999,116.519997,116.519997,0
2022-07-25,116.449997,118.169998,115.980003,118.070000,118.070000,0
2022-07-26,119.080002,121.260002,118.510002,119.339996,119.339996,0
2022-07-27,118.879997,120.320000,118.639999,119.940002,119.940002,0
2022-07-28,121.209999,121.730003,120.169998,120.290001,120.290001,0
2022-07-29,120.669998,122.820000,120.300003,121.830002,121.830002,0
2022-08-01,120.300003,120.769997,118.120003,119.800003,119.800003,0
2022-08-02,119.110001,119.639999,117.540001,117.779999,117.779999,0
2022-08-03,117.900002,118.910004,116.330002,117.870003,117.870003,0
2022-08-04,118.070000,118.790001,117.239998,118.040001,118.040001,0
2022-08-05,118.440002,118.860001,116.500000,117.849998,117.849998,0
2022-08-08,117.389999,117.910004,116.250000,117.300003,117.300003,0
2022-08-09,117.510002,119.410004,117.489998,118.660004,118.660004,0
2022-08-10,118.660004,120.879997,117.949997,120.709999,120.709999,0
2022-08-11,120.709999,123.800003,120.570000,123.639999,123.639999,0
2022-08-12,122.940002,123.540001,122.010002,123.199997,123.199997,0
2022-08-15,122.589996,122.589996,119.389999,121.379997,121.379997,0
2022-08-16,121.300003,122.790001,121.019997,121.540001,121.540001,0
2022-08-17,121.790001,122.559998,120.680000,121.360001,121.360001,0
2022-08-18,121.470001,122.510002,120.779999,121.480003,121.480003,0
2022-08-19,121.290001,122.470001,119.980003,122.320000,122.320000,0
2022-08-22,121.690002,123.690002,121.339996,123.379997,123.379997,0
2022-08-23,124.309998,125.940002,123.660004,123.919998,123.919998,0
2022-08-24,124.169998,125.040001,123.559998,124.750000,124.750000,0
2022-08-25,125.099998,125.639999,124.070000,124.150002,124.150002,0
2022-08-26,124.800003,125.489998,123.989998,124.599998,124.599998,0
2022-08-29,124.839996,125.820000,123.739998,125.610001,125.610001,0
2022-08-30,124.699997,125.089996,122.129997,122.559998,122.559998,0
2022-08-31,122.809998,123.410004,120.970001,121.639999,121.639999,0
2022-09-01,121.360001,121.459999,119.269997,119.459999,119.459999,0
2022-09-02,119.720001,120.400002,119.000000,119.099998,119.099998,0
2022-09-06,119.919998,120.510002,117.180000,117.470001,117.470001,0
2022-09-07,116.629997,117.959999,115.629997,115.720001,115.720001,0
2022-09-08,116.059998,116.699997,115.470001,116.169998,116.169998,0
2022-09-09,116.860001,118.709999,116.820000,118.519997,118.519997,0
2022-09-12,118.199997,121.309998,118.059998,120.779999,120.779999,0
2022-09-13,120.820000,122.019997,119.290001,120.110001,120.110001,0
2022-09-14,120.260002,121.529999,119.220001,121.389999,121.389999,0
2022-09-15,121.470001,121.510002,117.309998,117.760002,117.760002,0
2022-09-16,117.750000,117.830002,116.339996,116.739998,116.739998,0
2022-09-19,116.739998,117.080002,114.779999,116.870003,116.870003,0
2022-09-20,117.260002,117.790001,116.339996,117.320000,117.320000,0
2022-09-21,117.269997,119.160004,116.370003,117.000000,117.000000,0
2022-09-22,117.040001,118.110001,115.910004,116.010002,116.010002,0
2022-09-23,116.309998,116.309998,112.160004,112.400002,112.400002,0
2022-09-26,112.320000,112.379997,110.290001,110.599998,110.599998,0
2022-09-27,111.139999,112.070000,110.400002,110.449997,110.449997,0
2022-09-28,110.110001,112.809998,109.379997,112.750000,112.750000,0
2022-09-29,113.209999,113.879997,111.550003,112.570000,112.570000,0
2022-09-30,112.809998,113.650002,111.459999,111.489998,111.489998,0
2022-10-03,112.309998,112.820000,111.820000,112.750000,112.750000,0
2022-10-04,112.959999,115.900002,112.809998,115.709999,115.709999,0
2022-10-05,115.599998,116.790001,114.629997,116.480003,116.480003,0
2022-10-06,116.820000,117.290001,116.160004,116.720001,116.720001,0
2022-10-07,116.410004,117.650002,116.059998,117.139999,117.139999,0
2022-10-10,117.029999,118.120003,115.949997,116.010002,116.010002,0
2022-10-11,116.120003,116.139999,114.589996,115.449997,115.449997,0
2022-10-12,114.959999,115.830002,114.449997,114.620003,114.620003,0
2022-10-13,114.690002,116.089996,113.099998,116.000000,116.000000,0
2022-10-14,116.169998,116.430000,113.510002,113.669998,113.669998,0
2022-10-17,113.809998,114.070000,112.879997,113.120003,113.120003,0
2022-10-18,112.860001,113.250000,111.250000,111.800003,111.800003,0
2022-10-19,112.260002,112.300003,110.709999,111.199997,111.199997,0
2022-10-20,111.180000,112.300003,111.150002,111.449997,111.449997,0
2022-10-21,111.209999,111.480003,109.809998,111.269997,111.269997,0
2022-10-24,111.589996,112.290001,110.330002,111.629997,111.629997,0
2022-10-25,111.720001,112.860001,110.660004,112.830002,112.830002,0
2022-10-26,112.750000,114.220001,112.709999,113.889999,113.889999,0
2022-10-27,114.320000,114.370003,112.860001,113.250000,113.250000,0
2022-10-28,113.029999,113.059998,110.980003,111.760002,111.760002,0
2022-10-31,112.889999,113.580002,112.309998,113.349998,113.349998,0
2022-11-01,113.309998,114.489998,112.930000,113.519997,113.519997,0
2022-11-02,114.110001,115.139999,113.209999,115.089996,115.089996,0
2022-11-03,114.480003,114.550003,112.930000,113.599998,113.599998,0
2022-11-04,113.769997,117.589996,113.750000,117.489998,117.489998,0
2022-11-07,117.849998,119.230003,117.419998,118.139999,118.139999,0
2022-11-08,117.599998,117.779999,116.209999,116.339996,116.339996,0
2022-11-09,116.440002,116.800003,114.360001,114.559998,114.559998,0
2022-11-10,114.570000,116.110001,113.720001,116.000000,116.000000,0
2022-11-11,116.220001,118.480003,115.959999,116.879997,116.879997,0
2022-11-14,117.290001,118.449997,116.559998,116.629997,116.629997,0
2022-11-15,116.879997,118.239998,115.779999,117.529999,117.529999,0
2022-11-16,117.550003,117.629997,115.510002,116.839996,116.839996,0
2022-11-17,116.500000,116.860001,114.809998,115.120003,115.120003,0
2022-11-18,115.370003,115.599998,113.580002,114.790001,114.790001,0
2022-11-21,114.029999,115.410004,113.470001,115.330002,115.330002,0
2022-11-22,115.449997,116.959999,114.769997,116.370003,116.370003,0
2022-11-23,116.730003,117.849998,116.070000,116.510002,116.510002,0
2022-11-25,116.430000,117.080002,114.750000,114.919998,114.919998,0
2022-11-28,113.860001,114.879997,112.919998,114.389999,114.389999,0
2022-11-29,114.820000,116.180000,114.820000,115.190002,115.190002,0
2022-11-30,115.250000,116.900002,115.010002,116.050003,116.050003,0
2022-12-01,116.519997,117.809998,116.000000,116.080002,116.080002,0
2022-12-02,115.769997,115.930000,114.330002,114.470001,114.470001,0
2022-12-05,114.199997,114.519997,111.099998,111.129997,111.129997,0
2022-12-06,111.440002,111.720001,109.599998,109.980003,109.980003,0
2022-12-07,110.190002,111.129997,109.580002,110.720001,110.720001,0
2022-12-08,111.279999,112.180000,110.559998,111.190002,111.190002,0
2022-12-09,111.320000,112.570000,111.139999,111.730003,111.730003,0
2022-12-12,112.680000,113.430000,112.190002,112.739998,112.739998,0
2022-12-13,113.430000,115.650002,113.120003,114.959999,114.959999,0
2022-12-14,114.459999,115.190002,113.989998,114.550003,114.550003,0
2022-12-15,114.080002,114.639999,112.919998,113.790001,113.790001,0
2022-12-16,113.849998,113.849998,112.209999,112.709999,112.709999,0
2022-12-19,112.410004,112.589996,111.220001,111.639999,111.639999,0
2022-12-20,111.910004,112.480003,111.089996,111.910004,111.910004,0
2022-12-21,112.459999,113.449997,112.199997,113.129997,113.129997,0
2022-12-22,113.800003,113.839996,111.239998,111.279999,111.279999,0
2022-12-23,111.830002,112.870003,111.580002,112.559998,112.559998,0
2022-12-27,113.389999,114.029999,112.650002,113.360001,113.360001,0
2022-12-28,113.139999,113.260002,111.720001,112.660004,112.660004,0
2022-12-29,112.529999,112.769997,111.739998,112.389999,112.389999,0
2022-12-30,112.570000,112.839996,112.150002,112.809998,112.809998,0
2023-01-03,112.559998,112.889999,110.260002,110.320000,110.320000,0
2023-01-04,110.449997,110.550003,108.419998,108.559998,108.559998,0
2023-01-05,108.849998,109.320000,107.089996,107.360001,107.360001,0
2023-01-06,107.860001,108.570000,107.029999,108.110001,108.110001,0
2023-01-09,109.000000,110.120003,108.760002,109.239998,109.239998,0
2023-01-10,108.699997,109.209999,108.220001,108.650002,108.650002,0
2023-01-11,108.519997,109.879997,108.410004,109.669998,109.669998,0
2023-01-12,109.790001,111.360001,109.639999,110.940002,110.940002,0
2023-01-13,110.919998,111.690002,110.430000,111.580002,111.580002,0
2023-01-17,111.389999,112.199997,111.239998,112.019997,112.019997,0
2023-01-18,112.389999,113.169998,111.449997,111.589996,111.589996,0
2023-01-19,111.129997,112.309998,110.940002,111.849998,111.849998,0
2023-01-20,112.059998,112.529999,111.690002,112.129997,112.129997,0
2023-01-23,112.190002,112.550003,111.699997,112.519997,112.519997,0
2023-01-24,112.809998,113.120003,111.839996,111.910004,111.910004,0
2023-01-25,112.040001,112.110001,111.279999,111.739998,111.739998,0
2023-01-26,111.529999,112.480003,111.260002,112.389999,112.389999,0
2023-01-27,112.470001,112.779999,111.300003,111.610001,111.610001,0
2023-01-30,111.339996,111.690002,110.739998,110.800003,110.800003,0
2023-01-31,110.699997,111.919998,109.650002,111.800003,111.800003,0
2023-02-01,111.820000,112.099998,109.209999,109.529999,109.529999,0
2023-02-02,110.370003,110.580002,109.360001,109.410004,109.410004,0
2023-02-03,109.160004,109.349998,106.989998,107.070000,107.070000,0
2023-02-06,107.209999,107.480003,105.550003,106.680000,106.680000,0
2023-02-07,107.290001,108.300003,106.959999,108.110001,108.110001,0
2023-02-08,108.370003,109.099998,107.570000,108.089996,108.089996,0
2023-02-09,108.260002,108.570000,107.209999,107.900002,107.900002,0
2023-02-10,107.690002,108.750000,107.370003,108.680000,108.680000,0
2023-02-13,108.580002,108.750000,107.970001,108.559998,108.559998,0
2023-02-14,108.489998,109.180000,107.879997,108.760002,108.760002,0
2023-02-15,108.510002,108.519997,107.059998,107.400002,107.400002,0
2023-02-16,107.839996,108.019997,107.209999,107.440002,107.440002,0
2023-02-17,107.250000,107.250000,105.809998,106.529999,106.529999,0
2023-02-21,106.989998,107.699997,106.779999,107.040001,107.040001,0
2023-02-22,107.029999,107.120003,106.089996,106.129997,106.129997,0
2023-02-23,106.180000,106.760002,105.660004,105.980003,105.980003,0
2023-02-24,106.389999,106.510002,104.739998,105.550003,105.550003,0
2023-02-27,105.690002,106.269997,105.379997,105.970001,105.970001,0
2023-02-28,105.830002,106.230003,105.660004,106.160004,106.160004,0
2023-03-01,106.559998,107.309998,106.070000,107.290001,107.290001,0
2023-03-02,107.220001,107.309998,106.639999,106.940002,106.940002,0
2023-03-03,106.959999,108.349998,106.820000,108.309998,108.309998,0
2023-03-06,107.339996,107.570000,106.620003,107.330002,107.330002,0
2023-03-07,107.550003,107.550003,105.680000,105.769997,105.769997,0
2023-03-08,105.650002,105.790001,104.959999,105.050003,105.050003,0
2023-03-09,105.150002,105.699997,104.080002,104.199997,104.199997,0
2023-03-10,103.709999,104.790001,103.360001,104.550003,104.550003,0
2023-03-13,104.669998,105.860001,103.059998,105.129997,105.129997,0
2023-03-14,104.900002,105.169998,104.160004,104.209999,104.209999,0
2023-03-15,104.529999,104.650002,101.620003,102.150002,102.150002,0
2023-03-16,102.370003,103.000000,101.669998,102.760002,102.760002,0
2023-03-17,103.529999,103.699997,101.910004,102.589996,102.589996,0
2023-03-20,102.699997,102.860001,101.690002,102.570000,102.570000,0
2023-03-21,102.489998,103.169998,102.040001,102.709999,102.709999,0
2023-03-22,102.489998,103.019997,102.150002,102.570000,102.570000,0
2023-03-23,102.680000,103.410004,102.459999,102.550003,102.550003,0
2023-03-24,102.160004,103.180000,101.669998,103.019997,103.019997,0
2023-03-27,102.610001,103.800003,102.379997,103.750000,103.750000,0
2023-03-28,104.010002,104.629997,103.720001,104.360001,104.360001,0
2023-03-29,104.360001,104.930000,103.879997,104.160004,104.160004,0
2023-03-30,103.739998,104.660004,103.730003,104.389999,104.389999,0
2023-03-31,104.430000,105.570000,103.820000,105.510002,105.510002,0
2023-04-03,106.300003,107.339996,105.849998,106.529999,106.529999,0
2023-04-04,106.580002,106.849998,106.129997,106.519997,106.519997,0
2023-04-05,106.680000,106.820000,106.139999,106.629997,106.629997,0
2023-04-06,106.459999,106.820000,105.930000,106.239998,106.239998,0
2023-04-10,106.199997,106.580002,105.949997,106.250000,106.250000,0
2023-04-11,106.389999,107.190002,106.389999,107.139999,107.139999,0
2023-04-12,107.370003,107.790001,106.930000,107.620003,107.620003,0
2023-04-13,107.639999,108.440002,107.489998,107.720001,107.720001,0
2023-04-14,108.070000,108.169998,107.019997,107.820000,107.820000,0
2023-04-17,107.900002,108.180000,107.550003,108.029999,108.029999,0
2023-04-18,108.309998,108.889999,107.870003,108.750000,108.750000,0
2023-04-19,108.510002,108.570000,107.099998,107.330002,107.330002,0
2023-04-20,107.099998,107.120003,105.940002,106.389999,106.389999,0
2023-04-21,106.120003,106.309998,105.320000,105.580002,105.580002,0
2023-04-24,105.239998,106.180000,104.980003,106.000000,106.000000,0
2023-04-25,106.029999,106.029999,104.610001,104.610001,104.610001,0
2023-04-26,104.930000,105.120003,103.440002,103.449997,103.449997,0
2023-04-27,103.500000,103.720001,102.849998,103.339996,103.339996,0
2023-04-28,103.470001,104.370003,102.750000,104.309998,104.309998,0
2023-05-01,103.830002,104.339996,103.180000,103.669998,103.669998,0
2023-05-02,103.779999,103.900002,102.230003,102.330002,102.330002,0
2023-05-03,102.209999,102.339996,101.059998,101.540001,101.540001,0
2023-05-04,102.120003,102.180000,101.099998,101.650002,101.650002,0
2023-05-05,101.809998,103.160004,101.639999,102.959999,102.959999,0
2023-05-08,103.070000,104.019997,103.070000,103.699997,103.699997,0
2023-05-09,103.209999,103.599998,102.519997,103.550003,103.550003,0
2023-05-10,103.440002,103.480003,102.489998,102.730003,102.730003,0
2023-05-11,102.629997,102.919998,101.019997,101.120003,101.120003,0
2023-05-12,100.980003,101.639999,100.779999,101.180000,101.180000,0
2023-05-15,101.019997,102.519997,100.900002,102.320000,102.320000,0
2023-05-16,102.489998,102.489998,101.019997,101.169998,101.169998,0
2023-05-17,100.989998,101.650002,100.690002,101.419998,101.419998,0
2023-05-18,101.330002,101.480003,100.129997,100.970001,100.970001,0
2023-05-19,100.750000,102.300003,100.730003,101.070000,101.070000,0
2023-05-22,100.620003,100.980003,100.260002,100.870003,100.870003,0
2023-05-23,100.769997,100.910004,100.029999,100.489998,100.489998,0
2023-05-24,100.650002,101.089996,100.120003,100.580002,100.580002,0
2023-05-25,100.500000,100.739998,98.790001,99.290001,99.290001,0
2023-05-26,99.180000,100.150002,99.180000,100.080002,100.080002,0
2023-05-30,99.949997,100.000000,98.080002,98.330002,98.330002,0
2023-05-31,98.029999,98.459999,97.010002,97.959999,97.959999,0
2023-06-01,98.349998,99.480003,98.220001,99.190002,99.190002,0
2023-06-02,99.129997,100.169998,99.089996,99.820000,99.820000,0
2023-06-05,100.160004,100.550003,99.970001,100.059998,100.059998,0
2023-06-06,100.010002,100.540001,99.480003,100.430000,100.430000,0
2023-06-07,100.540001,101.250000,100.029999,100.680000,100.680000,0
2023-06-08,100.459999,101.489998,100.379997,101.389999,101.389999,0
2023-06-09,101.099998,101.620003,100.889999,100.959999,100.959999,0
2023-06-12,100.519997,100.779999,99.550003,99.930000,99.930000,0
2023-06-13,100.059998,101.379997,99.940002,101.110001,101.110001,0
2023-06-14,100.970001,101.760002,100.930000,101.279999,101.279999,0
2023-06-15,100.690002,103.639999,100.620003,103.510002,103.510002,0
2023-06-16,103.660004,105.150002,103.570000,105.139999,105.139999,0
2023-06-20,104.570000,104.809998,103.300003,103.620003,103.620003,0
2023-06-21,103.900002,104.769997,103.269997,104.769997,104.769997,0
2023-06-22,104.629997,104.690002,102.699997,103.220001,103.220001,0
2023-06-23,102.730003,102.730003,101.540001,102.349998,102.349998,0
2023-06-26,102.769997,103.160004,102.290001,102.480003,102.480003,0
2023-06-27,102.690002,102.830002,101.169998,101.220001,101.220001,0
2023-06-28,101.129997,101.480003,99.870003,100.330002,100.330002,0
2023-06-29,100.440002,100.519997,99.639999,100.250000,100.250000,0
2023-06-30,100.510002,101.980003,100.190002,101.480003,101.480003,0
2023-07-03,101.489998,102.089996,101.199997,101.250000,101.250000,0
2023-07-05,101.720001,102.629997,101.419998,102.029999,102.029999,0
2023-07-06,102.099998,102.150002,100.800003,101.389999,101.389999,0
2023-07-07,101.470001,102.290001,101.250000,101.910004,101.910004,0
2023-07-10,102.040001,102.550003,101.760002,102.150002,102.150002,0
2023-07-11,102.320000,103.129997,102.290001,103.099998,103.099998,0
2023-07-12,103.510002,104.290001,103.129997,103.389999,103.389999,0
2023-07-13,103.540001,104.550003,103.449997,104.519997,104.519997,0
2023-07-14,104.629997,105.070000,104.120003,104.599998,104.599998,0
2023-07-17,104.309998,104.830002,103.510002,103.589996,103.589996,0
2023-07-18,103.820000,105.129997,103.669998,104.910004,104.910004,0
2023-07-19,105.129997,106.089996,104.870003,105.519997,105.519997,0
2023-07-20,105.910004,106.589996,105.750000,106.040001,106.040001,0
2023-07-21,106.309998,106.480003,105.610001,106.199997,106.199997,0
2023-07-24,106.250000,107.989998,106.150002,107.650002,107.650002,0
2023-07-25,107.839996,108.320000,107.230003,108.239998,108.239998,0
2023-07-26,107.830002,108.120003,107.379997,107.529999,107.529999,0
2023-07-27,108.029999,108.320000,106.720001,106.930000,106.930000,0
2023-07-28,106.790001,107.459999,106.480003,107.230003,107.230003,0
2023-07-31,106.830002,107.349998,106.519997,107.339996,107.339996,0
2023-08-01,107.379997,107.389999,106.239998,106.660004,106.660004,0
2023-08-02,107.389999,107.419998,104.820000,105.019997,105.019997,0
2023-08-03,105.199997,105.790001,104.730003,105.550003,105.550003,0
2023-08-04,105.809998,106.190002,105.459999,105.930000,105.930000,0
2023-08-07,105.970001,106.139999,105.430000,105.760002,105.760002,0
2023-08-08,105.550003,105.739998,104.230003,105.709999,105.709999,0
2023-08-09,105.970001,106.790001,105.889999,106.540001,106.540001,0
2023-08-10,106.589996,107.029999,105.760002,105.870003,105.870003,0
2023-08-11,105.940002,106.010002,105.379997,105.589996,105.589996,0
2023-08-14,105.589996,105.660004,104.680000,105.099998,105.099998,0
2023-08-15,105.150002,105.459999,103.699997,103.800003,103.800003,0
2023-08-16,103.769997,104.209999,103.419998,103.430000,103.430000,0
2023-08-17,103.419998,104.309998,103.260002,103.760002,103.760002,0
2023-08-18,104.199997,104.339996,103.519997,104.239998,104.239998,0
2023-08-21,104.769997,105.120003,104.150002,104.260002,104.260002,0
2023-08-22,104.300003,104.620003,103.800003,103.940002,103.940002,0
2023-08-23,104.029999,104.849998,103.599998,104.639999,104.639999,0
2023-08-24,104.419998,104.970001,103.900002,104.889999,104.889999,0
2023-08-25,104.919998,105.550003,104.849998,105.480003,105.480003,0
2023-08-28,105.830002,106.110001,105.480003,105.650002,105.650002,0
2023-08-29,105.430000,105.940002,105.220001,105.779999,105.779999,0
2023-08-30,105.889999,106.449997,105.660004,106.120003,106.120003,0
2023-08-31,106.139999,106.570000,105.839996,106.029999,106.029999,0
2023-09-01,106.430000,107.389999,106.360001,106.720001,106.720001,0
2023-09-05,106.339996,107.029999,105.820000,106.639999,106.639999,0
2023-09-06,106.660004,106.769997,106.059998,106.389999,106.389999,0
2023-09-07,106.430000,106.440002,105.800003,106.010002,106.010002,0
2023-09-08,105.879997,106.489998,105.779999,106.080002,106.080002,0
2023-09-11,105.930000,106.959999,105.919998,106.680000,106.680000,0
2023-09-12,106.650002,107.050003,106.349998,106.820000,106.820000,0
2023-09-13,106.779999,107.209999,106.540001,106.949997,106.949997,0
2023-09-14,107.209999,107.849998,107.000000,107.709999,107.709999,0
2023-09-15,107.930000,108.220001,107.370003,107.470001,107.470001,0
2023-09-18,107.529999,107.779999,107.209999,107.400002,107.400002,0
2023-09-19,107.260002,107.940002,107.120003,107.459999,107.459999,0
2023-09-20,107.339996,107.699997,106.900002,107.250000,107.250000,0
2023-09-21,106.589996,106.900002,106.040001,106.070000,106.070000,0
2023-09-22,106.220001,106.849998,106.019997,106.220001,106.220001,0
2023-09-25,106.110001,106.260002,105.410004,105.750000,105.750000,0
2023-09-26,105.830002,105.849998,104.910004,105.410004,105.410004,0
2023-09-27,105.760002,106.120003,105.559998,105.769997,105.769997,0
2023-09-28,106.099998,106.339996,105.720001,105.889999,105.889999,0
2023-09-29,106.230003,106.589996,104.790001,104.839996,104.839996,0
2023-10-02,104.699997,104.959999,103.690002,103.750000,103.750000,0
2023-10-03,103.199997,103.660004,103.059998,103.459999,103.459999,0
2023-10-04,103.309998,103.459999,101.610001,101.629997,101.629997,0
2023-10-05,101.839996,102.010002,100.930000,101.650002,101.650002,0
2023-10-06,101.809998,102.650002,101.519997,102.570000,102.570000,0
2023-10-09,104.129997,104.320000,103.309998,103.760002,103.760002,0
2023-10-10,103.760002,103.790001,103.190002,103.610001,103.610001,0
2023-10-11,103.889999,104.139999,102.540001,103.040001,103.040001,0
2023-10-12,103.089996,103.669998,102.760002,103.360001,103.360001,0
2023-10-13,103.419998,105.309998,103.389999,105.290001,105.290001,0
2023-10-16,105.169998,105.300003,104.529999,104.709999,104.709999,0
2023-10-17,104.480003,105.160004,104.320000,104.830002,104.830002,0
2023-10-18,105.739998,106.169998,105.449997,105.900002,105.900002,0
2023-10-19,105.709999,106.139999,105.190002,106.080002,106.080002,0
2023-10-20,106.379997,106.709999,105.730003,105.820000,105.820000,0
2023-10-23,105.209999,105.660004,104.849998,104.860001,104.860001,0
2023-10-24,104.910004,105.110001,104.040001,104.580002,104.580002,0
2023-10-25,104.730003,105.080002,103.800003,105.059998,105.059998,0
2023-10-26,104.959999,105.169998,104.339996,104.599998,104.599998,0
2023-10-27,104.839996,105.820000,104.839996,105.629997,105.629997,0
2023-10-30,105.489998,105.529999,104.339996,104.470001,104.470001,0
2023-10-31,104.389999,105.389999,104.190002,104.620003,104.620003,0
2023-11-01,104.510002,105.199997,104.110001,104.160004,104.160004,0
2023-11-02,104.610001,105.089996,104.370003,105.050003,105.050003,0
2023-11-03,105.190002,105.910004,105.089996,105.230003,105.230003,0
2023-11-06,104.989998,105.629997,104.930000,105.000000,105.000000,0
2023-11-07,104.709999,104.720001,103.010002,103.019997,103.019997,0
2023-11-08,103.320000,103.360001,102.120003,102.349998,102.349998,0
2023-11-09,102.269997,102.730003,102.059998,102.160004,102.160004,0
2023-11-10,101.980003,102.070000,101.540001,101.610001,101.610001,0
2023-11-13,101.529999,103.160004,101.449997,103.129997,103.129997,0
2023-11-14,103.349998,104.040001,102.830002,103.389999,103.389999,0
2023-11-15,103.440002,103.809998,103.239998,103.370003,103.370003,0
2023-11-16,102.930000,103.419998,101.599998,101.779999,101.779999,0
2023-11-17,101.750000,102.059998,101.349998,101.919998,101.919998,0
2023-11-20,102.139999,102.809998,101.720001,102.690002,102.690002,0
2023-11-21,102.919998,103.089996,102.500000,102.940002,102.940002,0
2023-11-22,102.809998,102.879997,101.360001,102.180000,102.180000,0
2023-11-24,102.269997,102.339996,101.379997,101.419998,101.419998,0
2023-11-27,101.139999,101.430000,100.809998,100.970001,100.970001,0
2023-11-28,101.180000,102.360001,100.949997,101.970001,101.970001,0
2023-11-29,101.900002,102.370003,101.620003,102.330002,102.330002,0
2023-11-30,102.379997,102.760002,101.470001,101.809998,101.809998,0
2023-12-01,101.669998,102.389999,101.180000,101.470001,101.470001,0
2023-12-04,101.050003,101.059998,99.959999,99.989998,99.989998,0
2023-12-05,100.010002,100.360001,99.480003,99.570000,99.570000,0
2023-12-06,99.699997,99.940002,97.489998,97.550003,97.550003,0
2023-12-07,97.660004,98.279999,97.570000,97.820000,97.820000,0
2023-12-08,98.209999,98.669998,97.650002,97.860001,97.860001,0
2023-12-11,97.620003,97.779999,96.669998,97.300003,97.300003,0
2023-12-12,97.519997,97.860001,96.269997,96.370003,96.370003,0
2023-12-13,96.250000,96.720001,95.919998,96.400002,96.400002,0
2023-12-14,97.470001,98.739998,97.379997,98.589996,98.589996,0
2023-12-15,98.930000,99.160004,98.400002,98.900002,98.900002,0
2023-12-18,98.809998,99.830002,98.500000,99.110001,99.110001,0
2023-12-19,99.070000,99.779999,98.800003,99.580002,99.580002,0
2023-12-20,99.779999,100.040001,98.970001,99.129997,99.129997,0
2023-12-21,98.879997,99.190002,98.570000,99.019997,99.019997,0
2023-12-22,99.419998,99.849998,99.160004,99.349998,99.349998,0
2023-12-26,99.260002,100.000000,99.089996,99.910004,99.910004,0
2023-12-27,100.010002,100.489998,99.750000,100.129997,100.129997,0
2023-12-28,100.220001,100.269997,99.529999,99.570000,99.570000,0
2023-12-29,99.440002,99.550003,98.620003,98.650002,98.650002,0
2024-01-02,99.230003,99.660004,97.900002,98.099998,98.099998,0
2024-01-03,98.080002,98.529999,97.510002,98.320000,98.320000,0
2024-01-04,98.440002,98.870003,97.820000,98.309998,98.309998,0
2024-01-05,98.559998,98.989998,97.910004,98.629997,98.629997,0
2024-01-08,98.180000,98.209999,96.660004,97.400002,97.400002,0
2024-01-09,97.559998,98.639999,97.360001,98.279999,98.279999,0
2024-01-10,98.400002,98.500000,97.349998,97.489998,97.489998,0
2024-01-11,97.580002,98.500000,97.580002,97.669998,97.669998,0
2024-01-12,98.589996,99.190002,97.489998,97.959999,97.959999,0
2024-01-16,97.599998,98.029999,97.220001,97.430000,97.430000,0
2024-01-17,97.099998,97.099998,96.290001,96.639999,96.639999,0
2024-01-18,96.529999,97.209999,96.209999,97.199997,97.199997,0
2024-01-19,97.309998,97.680000,96.769997,96.800003,96.800003,0
2024-01-22,96.519997,97.080002,96.070000,96.900002,96.900002,0
2024-01-23,96.970001,97.720001,96.820000,97.599998,97.599998,0
2024-01-24,97.769997,98.620003,97.620003,98.489998,98.489998,0
2024-01-25,98.570000,99.160004,98.260002,98.720001,98.720001,0
2024-01-26,98.570000,99.160004,98.029999,98.779999,98.779999,0
2024-01-29,98.849998,98.919998,97.809998,97.910004,97.910004,0
2024-01-30,98.849998,98.949997,97.589996,98.860001,98.860001,0
2024-01-31,98.849998,99.050003,97.589996,98.559998,98.559998,0
2024-02-01,98.849998,99.050003,97.430000,97.589996,97.589996,0
2024-02-02,98.849998,99.050003,96.540001,96.669998,96.669998,0
2024-02-05,96.529999,96.800003,95.900002,96.470001,96.470001,0
2024-02-06,96.529999,96.930000,95.900002,96.629997,96.629997,0
2024-02-07,96.529999,96.970001,95.900002,96.650002,96.650002,0
2024-02-08,96.529999,97.099998,95.900002,96.989998,96.989998,0
2024-02-09,96.750000,97.290001,96.529999,96.949997,96.949997,0
2024-02-12,96.690002,97.099998,96.599998,96.720001,96.720001,0
2024-02-13,96.690002,97.129997,95.959999,96.279999,96.279999,0
2024-02-14,96.690002,97.129997,95.379997,95.400002,95.400002,0
2024-02-15,96.690002,97.129997,95.169998,95.620003,95.620003,0
2024-02-16,96.690002,97.129997,95.169998,96.250000,96.250000,0
2024-02-20,95.980003,96.250000,95.570000,95.830002,95.830002,0
2024-02-21,95.980003,96.650002,95.570000,96.550003,96.550003,0
2024-02-22,95.980003,96.889999,95.570000,96.419998,96.419998,0
2024-02-23,96.279999,96.339996,95.360001,95.410004,95.410004,0
2024-02-26,95.449997,95.860001,95.199997,95.800003,95.800003,0
2024-02-27,96.139999,96.709999,95.959999,96.660004,96.660004,0
2024-02-28,96.580002,96.800003,95.980003,96.660004,96.660004,0
2024-02-29,96.589996,97.029999,96.150002,96.699997,96.699997,0
2024-03-01,96.690002,97.309998,96.440002,97.220001,97.220001,0
2024-03-04,97.400002,98.120003,97.269997,97.650002,97.650002,0
2024-03-05,97.410004,97.800003,97.160004,97.300003,97.300003,0
2024-03-06,97.120003,98.120003,97.080002,97.870003,97.870003,0
2024-03-07,97.860001,98.559998,97.790001,98.290001,98.290001,0
2024-03-08,98.250000,98.720001,97.419998,98.000000,98.000000,0
2024-03-11,97.860001,98.440002,97.650002,98.300003,98.300003,0
2024-03-12,98.269997,98.500000,97.820000,98.180000,98.180000,0
2024-03-13,98.199997,99.059998,98.160004,98.989998,98.989998,0
2024-03-14,99.089996,99.279999,98.690002,99.080002,99.080002,0
2024-03-15,99.129997,99.419998,98.730003,99.190002,99.190002,0
2024-03-18,99.599998,99.889999,99.320000,99.680000,99.680000,0
2024-03-19,99.650002,99.739998,99.239998,99.589996,99.589996,0
2024-03-20,99.570000,99.620003,98.830002,99.250000,99.250000,0
2024-03-21,100.269997,100.349998,98.959999,99.440002,99.440002,0
2024-03-22,99.059998,99.230003,98.690002,98.699997,98.699997,0
2024-03-25,99.000000,99.570000,98.739998,99.279999,99.279999,0
2024-03-26,99.260002,99.489998,98.629997,98.680000,98.680000,0
2024-03-27,98.250000,98.410004,98.000000,98.309998,98.309998,0
2024-03-28,98.300003,99.550003,98.180000,99.489998,99.489998,0
2024-04-01,99.860001,100.290001,99.470001,99.900002,99.900002,0
2024-04-02,100.150002,101.050003,100.059998,100.699997,100.699997,0
2024-04-03,100.900002,102.110001,100.800003,101.910004,101.910004,0
2024-04-04,102.239998,102.309998,101.599998,102.260002,102.260002,0
2024-04-05,101.760002,103.190002,101.760002,102.900002,102.900002,0
2024-04-08,102.269997,103.199997,102.250000,102.919998,102.919998,0
2024-04-09,102.900002,103.500000,102.690002,102.800003,102.800003,0
2024-04-10,103.059998,103.620003,102.430000,102.870003,102.870003,0
2024-04-11,103.000000,103.169998,102.129997,102.349998,102.349998,0
2024-04-12,102.959999,104.339996,102.790001,102.930000,102.930000,0
2024-04-15,103.099998,103.250000,101.989998,102.809998,102.809998,0
2024-04-16,103.160004,103.199997,102.070000,102.830002,102.830002,0
2024-04-17,102.540001,103.010002,102.000000,102.220001,102.220001,0
2024-04-18,102.099998,102.540001,101.910004,102.089996,102.089996,0
2024-04-19,103.309998,103.730003,102.089996,103.059998,103.059998,0
2024-04-22,102.720001,102.879997,101.919998,102.779999,102.779999,0
2024-04-23,102.400002,102.970001,101.639999,102.949997,102.949997,0
2024-04-24,102.910004,103.220001,102.639999,102.690002,102.690002,0
2024-04-25,102.419998,103.050003,102.290001,103.019997,103.019997,0
2024-04-26,103.250000,103.650002,102.800003,102.919998,102.919998,0
2024-04-29,102.800003,103.570000,102.750000,103.379997,103.379997,0
2024-04-30,103.199997,103.220001,101.550003,101.669998,101.669998,0
2024-05-01,101.150002,101.370003,100.500000,100.529999,100.529999,0
2024-05-02,100.930000,101.209999,100.269997,100.839996,100.839996,0
2024-05-03,101.080002,101.699997,100.889999,101.339996,101.339996,0
2024-05-06,101.419998,102.800003,101.320000,102.540001,102.540001,0
2024-05-07,102.540001,102.739998,102.019997,102.550003,102.550003,0
2024-05-08,102.089996,102.320000,101.669998,102.059998,102.059998,0
2024-05-09,102.120003,102.660004,102.080002,102.470001,102.470001,0
2024-05-10,102.879997,103.480003,102.580002,102.790001,102.790001,0
2024-05-13,102.330002,103.370003,102.309998,103.269997,103.269997,0
2024-05-14,103.290001,103.459999,102.750000,103.129997,103.129997,0
2024-05-15,103.449997,104.150002,102.910004,103.900002,103.900002,0
2024-05-16,104.199997,104.320000,103.779999,104.110001,104.110001,0
2024-05-17,104.440002,105.760002,104.300003,105.739998,105.739998,0
2024-05-20,106.470001,107.260002,105.940002,107.239998,107.239998,0
2024-05-21,106.739998,107.540001,106.339996,106.989998,106.989998,0
2024-05-22,106.949997,107.050003,105.739998,106.410004,106.410004,0
2024-05-23,105.690002,106.860001,105.000000,105.120003,105.120003,0
2024-05-24,105.250000,105.519997,104.809998,105.029999,105.029999,0
2024-05-28,106.209999,106.680000,105.860001,106.650002,106.650002,0
2024-05-29,106.620003,106.980003,105.449997,105.510002,105.510002,0
2024-05-30,105.220001,105.290001,104.040001,104.050003,104.050003,0
2024-05-31,104.010002,104.519997,102.800003,102.989998,102.989998,0
2024-06-03,103.650002,103.949997,102.300003,102.739998,102.739998,0
2024-06-04,102.669998,102.790001,101.260002,101.279999,101.279999,0
2024-06-05,101.529999,101.949997,101.110001,101.870003,101.870003,0
2024-06-06,102.449997,103.510002,102.169998,103.459999,103.459999,0
2024-06-07,103.430000,103.669998,101.570000,101.820000,101.820000,0
2024-06-10,102.000000,102.870003,101.800003,102.389999,102.389999,0
2024-06-11,102.709999,102.830002,102.129997,102.709999,102.709999,0
2024-06-12,102.989998,103.699997,102.699997,103.330002,103.330002,0
2024-06-13,102.610001,103.300003,102.430000,102.779999,102.779999,0
2024-06-14,102.580002,103.010002,102.379997,102.440002,102.440002,0
2024-06-17,102.019997,102.019997,101.489998,101.910004,101.910004,0
2024-06-18,102.110001,102.750000,101.440002,102.730003,102.730003,0
2024-06-20,103.059998,103.339996,102.680000,102.750000,102.750000,0
2024-06-21,102.660004,102.760002,101.680000,101.730003,101.730003,0
2024-06-24,101.559998,102.580002,101.459999,102.559998,102.559998,0
2024-06-25,102.440002,102.610001,101.400002,101.419998,101.419998,0
2024-06-26,101.360001,101.709999,100.839996,101.089996,101.089996,0
2024-06-27,100.949997,101.800003,100.830002,101.330002,101.330002,0
2024-06-28,101.529999,102.120003,100.930000,100.989998,100.989998,0
2024-07-01,101.029999,101.410004,100.680000,101.330002,101.330002,0
2024-07-02,101.459999,101.870003,101.220001,101.239998,101.239998,0
2024-07-03,101.480003,102.339996,101.339996,102.180000,102.180000,0
2024-07-05,101.989998,102.910004,101.919998,102.500000,102.500000,0
2024-07-08,102.180000,102.230003,101.250000,101.339996,101.339996,0
2024-07-09,101.419998,101.639999,100.669998,100.690002,100.690002,0
2024-07-10,100.680000,100.910004,100.360001,100.440002,100.440002,0
2024-07-11,100.730003,101.220001,100.540001,100.760002,100.760002,0
2024-07-12,100.660004,101.040001,100.349998,100.750000,100.750000,0
2024-07-15,100.330002,100.360001,99.589996,99.610001,99.610001,0
2024-07-16,99.660004,99.839996,99.089996,99.589996,99.589996,0
2024-07-17,99.809998,99.940002,99.110001,99.209999,99.209999,0
2024-07-18,99.430000,99.669998,98.809998,98.980003,98.980003,0
2024-07-19,98.370003,98.629997,97.470001,97.489998,97.489998,0
2024-07-22,97.870003,98.120003,97.320000,98.089996,98.089996,0
2024-07-23,98.269997,98.300003,97.470001,97.489998,97.489998,0
2024-07-24,97.389999,97.910004,97.230003,97.300003,97.300003,0
2024-07-25,96.550003,96.949997,95.910004,96.779999,96.779999,0
2024-07-26,97.230003,97.230003,95.930000,95.959999,95.959999,0
2024-07-29,96.120003,96.320000,94.959999,95.410004,95.410004,0
2024-07-30,95.209999,95.580002,94.709999,95.430000,95.430000,0
2024-07-31,95.800003,96.709999,95.739998,96.449997,96.449997,0
2024-08-01,96.930000,97.000000,95.540001,95.550003,95.550003,0
2024-08-02,95.790001,96.250000,94.540001,94.730003,94.730003,0
2024-08-05,94.820000,95.080002,92.419998,93.910004,93.910004,0
2024-08-06,94.349998,94.400002,93.510002,94.150002,94.150002,0
2024-08-07,93.989998,95.019997,93.820000,94.790001,94.790001,0
2024-08-08,94.610001,95.529999,94.360001,95.250000,95.250000,0
2024-08-09,95.610001,95.940002,95.360001,95.510002,95.510002,0
2024-08-12,95.559998,96.639999,95.489998,96.629997,96.629997,0
2024-08-13,96.419998,96.419998,95.500000,95.529999,95.529999,0
2024-08-14,95.699997,96.089996,95.339996,95.389999,95.389999,0
2024-08-15,95.629997,96.620003,95.559998,96.110001,96.110001,0
2024-08-16,96.000000,96.010002,95.160004,95.709999,95.709999,0
2024-08-19,95.910004,96.650002,95.699997,96.250000,96.250000,0
2024-08-20,96.099998,96.760002,95.879997,96.209999,96.209999,0
2024-08-21,96.199997,96.510002,95.779999,95.959999,95.959999,0
2024-08-22,95.860001,95.959999,94.910004,95.239998,95.239998,0
2024-08-23,95.419998,96.550003,95.309998,96.459999,96.459999,0
2024-08-26,96.540001,97.360001,96.410004,97.199997,97.199997,0
2024-08-27,97.010002,97.370003,96.830002,97.169998,97.169998,0
2024-08-28,97.040001,97.059998,96.000000,96.290001,96.290001,0
2024-08-29,96.410004,97.019997,96.129997,97.000000,97.000000,0
2024-08-30,97.000000,97.500000,96.050003,96.089996,96.089996,0
2024-09-03,95.910004,96.080002,94.449997,95.209999,95.209999,0
2024-09-04,95.080002,95.500000,94.480003,94.870003,94.870003,0
2024-09-05,94.839996,95.760002,94.580002,95.160004,95.160004,0
2024-09-06,95.160004,95.559998,93.580002,93.720001,93.720001,0
2024-09-09,93.760002,94.339996,93.559998,94.220001,94.220001,0
2024-09-10,94.169998,94.320000,93.169998,93.330002,93.330002,0
2024-09-11,93.519997,94.360001,93.330002,94.160004,94.160004,0
2024-09-12,94.349998,95.879997,94.269997,95.660004,95.660004,0
2024-09-13,96.040001,96.690002,95.889999,96.180000,96.180000,0
2024-09-16,95.989998,97.070000,95.970001,96.750000,96.750000,0
2024-09-17,96.889999,97.320000,96.559998,97.019997,97.019997,0
2024-09-18,97.000000,97.360001,96.779999,97.120003,97.120003,0
2024-09-19,96.610001,97.980003,96.610001,97.860001,97.860001,0
2024-09-20,97.779999,98.290001,97.410004,98.160004,98.160004,0
2024-09-23,98.480003,99.500000,97.959999,99.059998,99.059998,0
2024-09-24,99.220001,100.449997,99.129997,100.230003,100.230003,0
2024-09-25,100.379997,100.459999,99.750000,100.180000,100.180000,0
2024-09-26,100.470001,100.650002,99.620003,99.919998,99.919998,0
2024-09-27,99.610001,100.489998,99.489998,100.260002,100.260002,0
2024-09-30,100.139999,100.709999,99.809998,100.339996,100.339996,0
2024-10-01,100.209999,102.000000,99.739998,101.290001,101.290001,0
2024-10-02,101.629997,102.419998,101.309998,101.540001,101.540001,0
2024-10-03,101.980003,102.410004,101.410004,102.309998,102.309998,0
2024-10-04,102.320000,102.980003,102.000000,102.080002,102.080002,0
2024-10-07,101.620003,102.410004,101.529999,102.160004,102.160004,0
2024-10-08,101.970001,101.980003,99.790001,100.129997,100.129997,0
2024-10-09,100.169998,100.629997,98.830002,99.410004,99.410004,0
2024-10-10,99.570000,100.629997,99.500000,100.550003,100.550003,0
2024-10-11,100.820000,101.239998,100.500000,100.809998,100.809998,0
2024-10-14,99.970001,100.349998,99.449997,99.470001,99.470001,0
2024-10-15,98.699997,98.839996,97.940002,98.410004,98.410004,0
2024-10-16,98.639999,98.839996,98.160004,98.269997,98.269997,0
2024-10-17,98.650002,98.760002,97.849998,98.330002,98.330002,0
2024-10-18,98.620003,98.959999,98.070000,98.239998,98.239998,0
2024-10-21,98.480003,99.290001,98.480003,98.750000,98.750000,0
2024-10-22,98.750000,100.129997,98.720001,100.070000,100.070000,0
2024-10-23,99.820000,100.190002,99.300003,99.599998,99.599998,0
2024-10-24,100.110001,100.669998,99.370003,99.830002,99.830002,0
2024-10-25,99.769997,100.260002,99.209999,100.239998,100.239998,0
2024-10-28,98.910004,99.160004,98.120003,98.260002,98.260002,0
2024-10-29,98.330002,98.809998,98.089996,98.449997,98.449997,0
2024-10-30,98.870003,99.040001,98.279999,98.889999,98.889999,0
2024-10-31,98.779999,98.930000,97.980003,98.099998,98.099998,0
2024-11-01,98.699997,99.120003,98.000000,98.070000,98.070000,0
2024-11-04,98.320000,98.980003,98.300003,98.910004,98.910004,0
2024-11-05,98.940002,99.650002,98.910004,99.089996,99.089996,0
2024-11-06,98.529999,98.529999,96.930000,98.129997,98.129997,0
2024-11-07,98.309998,99.360001,98.160004,99.320000,99.320000,0
2024-11-08,99.220001,99.260002,97.959999,98.129997,98.129997,0
2024-11-11,98.349998,98.500000,97.050003,97.199997,97.199997,0
2024-11-12,97.190002,97.440002,96.629997,96.809998,96.809998,0
2024-11-13,96.940002,97.070000,96.080002,96.720001,96.720001,0
2024-11-14,96.300003,96.800003,95.949997,95.970001,95.970001,0
2024-11-15,96.000000,96.620003,95.519997,96.099998,96.099998,0
2024-11-18,96.720001,97.699997,96.309998,97.680000,97.680000,0
2024-11-19,97.730003,98.250000,97.610001,97.910004,97.910004,0
2024-11-20,98.019997,98.830002,97.839996,98.500000,98.500000,0
2024-11-21,98.669998,99.580002,98.610001,98.910004,98.910004,0
2024-11-22,99.470001,99.559998,98.419998,98.970001,98.970001,0
2024-11-25,99.669998,99.680000,98.099998,98.169998,98.169998,0
2024-11-26,98.139999,99.050003,97.959999,98.370003,98.370003,0
2024-11-27,98.449997,98.559998,97.639999,97.750000,97.750000,0
2024-11-29,98.339996,98.570000,98.129997,98.139999,98.139999,0
2024-12-02,97.360001,97.519997,96.839996,97.040001,97.040001,0
2024-12-03,96.949997,97.919998,96.940002,97.480003,97.480003,0
2024-12-04,97.459999,97.720001,97.080002,97.330002,97.330002,0
2024-12-05,97.190002,97.800003,97.180000,97.379997,97.379997,0
2024-12-06,97.360001,97.629997,97.010002,97.480003,97.480003,0
2024-12-09,98.019997,98.860001,97.800003,98.500000,98.500000,0
2024-12-10,98.400002,98.940002,98.160004,98.830002,98.830002,0
2024-12-11,99.250000,99.839996,98.809998,99.720001,99.720001,0
2024-12-12,99.559998,99.959999,98.629997,99.040001,99.040001,0
2024-12-13,98.959999,99.099998,98.430000,98.669998,98.669998,0
2024-12-16,98.440002,98.660004,98.120003,98.169998,98.169998,0
2024-12-17,98.160004,98.250000,96.820000,97.489998,97.489998,0
2024-12-18,97.489998,97.800003,97.180000,97.199997,97.199997,0
2024-12-19,96.690002,97.089996,96.239998,96.550003,96.550003,0
2024-12-20,96.639999,97.739998,96.599998,97.570000,97.570000,0
2024-12-23,98.050003,98.139999,97.120003,97.489998,97.489998,0
2024-12-24,97.690002,98.230003,97.610001,98.209999,98.209999,0
2024-12-26,98.250000,98.309998,97.870003,98.050003,98.050003,0
2024-12-27,97.970001,98.239998,97.839996,98.209999,98.209999,0
2024-12-30,98.849998,99.629997,98.510002,98.870003,98.870003,0
2024-12-31,98.930000,99.129997,98.250000,98.760002,98.760002,0
2025-01-02,99.080002,100.139999,98.930000,99.610001,99.610001,0
2025-01-03,99.750000,99.820000,98.449997,98.489998,98.489998,0
2025-01-06,99.010002,99.940002,98.739998,99.260002,99.260002,0
2025-01-07,99.129997,99.900002,98.839996,99.489998,99.489998,0
2025-01-08,99.550003,100.040001,99.290001,99.459999,99.459999,0
2025-01-10,100.730003,102.650002,100.709999,102.489998,102.489998,0
2025-01-13,103.360001,103.489998,102.389999,103.040001,103.040001,0
2025-01-14,103.000000,103.080002,102.260002,102.730003,102.730003,0
2025-01-15,102.589996,104.160004,102.550003,104.129997,104.129997,0
2025-01-16,104.110001,104.250000,103.550003,104.220001,104.220001,0
2025-01-17,104.300003,104.389999,103.220001,103.699997,103.699997,0
2025-01-21,103.629997,103.709999,102.910004,103.430000,103.430000,0
2025-01-22,103.300003,103.660004,103.029999,103.599998,103.599998,0
2025-01-23,103.160004,103.849998,103.050003,103.470001,103.470001,0
2025-01-24,103.500000,103.570000,103.010002,103.430000,103.430000,0
2025-01-27,102.320000,102.790001,101.349998,101.820000,101.820000,0
2025-01-28,101.900002,102.150002,101.669998,101.980003,101.980003,0
2025-01-29,102.010002,102.930000,101.839996,102.690002,102.690002,0
2025-01-30,102.620003,103.250000,102.519997,102.730003,102.730003,0
2025-01-31,102.900002,102.989998,102.029999,102.290001,102.290001,0
2025-02-03,102.660004,103.930000,102.620003,103.779999,103.779999,0
2025-02-04,103.440002,104.430000,102.680000,104.209999,104.209999,0
2025-02-05,103.989998,104.279999,103.580002,104.160004,104.160004,0
2025-02-06,104.220001,104.699997,103.470001,104.330002,104.330002,0
2025-02-07,104.699997,104.889999,104.160004,104.220001,104.220001,0
2025-02-10,104.599998,105.690002,104.510002,105.570000,105.570000,0
2025-02-11,105.459999,106.120003,105.389999,105.660004,105.660004,0
2025-02-12,105.550003,105.699997,105.019997,105.510002,105.510002,0
2025-02-13,105.480003,106.080002,105.419998,105.889999,105.889999,0
2025-02-14,106.269997,107.019997,105.849998,105.879997,105.879997,0
2025-02-18,105.550003,107.300003,105.500000,107.290001,107.290001,0
2025-02-19,107.129997,108.209999,107.050003,107.550003,107.550003,0
2025-02-20,107.980003,108.160004,107.510002,107.709999,107.709999,0
2025-02-21,107.800003,107.949997,106.800003,106.830002,106.830002,0
2025-02-24,106.430000,106.470001,105.709999,105.879997,105.879997,0
2025-02-25,106.010002,106.059998,104.650002,105.180000,105.180000,0
2025-02-26,105.660004,105.720001,104.550003,104.629997,104.629997,0
2025-02-27,104.580002,105.010002,104.260002,104.279999,104.279999,0
2025-02-28,104.129997,104.190002,102.730003,102.750000,102.750000,0
2025-03-03,103.199997,103.839996,102.830002,103.379997,103.379997,0
2025-03-04,103.139999,103.919998,102.750000,103.620003,103.620003,0
2025-03-05,103.410004,104.650002,103.379997,104.419998,104.419998,0
2025-03-06,104.889999,104.889999,104.089996,104.449997,104.449997,0
2025-03-07,104.290001,104.910004,103.779999,104.800003,104.800003,0
2025-03-10,105.339996,105.750000,104.570000,104.589996,104.589996,0
2025-03-11,104.129997,105.449997,104.099998,104.860001,104.860001,0
2025-03-12,104.790001,104.970001,104.220001,104.449997,104.449997,0
2025-03-13,104.379997,105.360001,104.180000,104.940002,104.940002,0
2025-03-14,104.879997,105.260002,104.300003,104.910004,104.910004,0
2025-03-17,105.459999,105.900002,105.139999,105.400002,105.400002,0
2025-03-18,105.580002,106.089996,105.459999,105.480003,105.480003,0
2025-03-19,105.269997,106.190002,105.269997,106.070000,106.070000,0
2025-03-20,106.199997,106.389999,105.410004,105.779999,105.779999,0
2025-03-21,105.570000,105.669998,105.150002,105.320000,105.320000,0
2025-03-24,105.129997,105.610001,105.019997,105.070000,105.070000,0
2025-03-25,105.099998,105.750000,105.000000,105.160004,105.160004,0
2025-03-26,105.519997,105.690002,105.139999,105.190002,105.190002,0
2025-03-27,105.150002,105.570000,104.750000,105.529999,105.529999,0
2025-03-28,105.519997,105.839996,104.889999,105.790001,105.790001,0
2025-03-31,106.010002,106.620003,105.800003,106.400002,106.400002,0
2025-04-01,106.580002,106.870003,106.320000,106.510002,106.510002,0
2025-04-02,106.599998,107.129997,106.230003,106.989998,106.989998,0
2025-04-03,105.669998,105.739998,103.870003,104.290001,104.290001,0
2025-04-04,104.070000,104.129997,99.250000,99.680000,99.680000,0
2025-04-07,99.379997,101.199997,98.059998,98.099998,98.099998,0
2025-04-08,98.879997,99.660004,97.260002,97.320000,97.320000,0
2025-04-09,97.019997,99.849998,96.129997,99.699997,99.699997,0
2025-04-10,100.330002,100.779999,99.250000,99.800003,99.800003,0
2025-04-11,99.779999,101.540001,99.690002,101.480003,101.480003,0
2025-04-14,101.419998,102.080002,101.019997,101.040001,101.040001,0
2025-04-15,101.220001,101.489998,100.610001,101.160004,101.160004,0
2025-04-16,101.230003,102.559998,100.839996,102.449997,102.449997,0
2025-04-17,102.480003,103.050003,102.230003,102.910004,102.910004,0
2025-04-21,102.879997,103.220001,102.059998,102.160004,102.160004,0
2025-04-22,102.790001,103.120003,102.559998,102.739998,102.739998,0
2025-04-23,102.910004,103.080002,101.639999,102.129997,102.129997,0
2025-04-24,102.559998,102.940002,102.129997,102.919998,102.919998,0
2025-04-25,103.070000,103.309998,102.220001,102.620003,102.620003,0
2025-04-28,102.330002,103.129997,102.150002,103.110001,103.110001,0
2025-04-29,103.089996,103.199997,102.150002,102.379997,102.379997,0
2025-04-30,102.050003,102.180000,100.769997,100.930000,100.930000,0
2025-05-01,100.550003,100.949997,99.879997,100.830002,100.830002,0
2025-05-02,101.209999,101.849998,101.080002,101.449997,101.449997,0
2025-05-05,101.110001,102.029999,100.980003,101.180000,101.180000,0
2025-05-06,102.120003,102.760002,101.940002,102.290001,102.290001,0
2025-05-07,102.570000,102.849998,101.349998,101.510002,101.510002,0
2025-05-08,101.790001,102.050003,101.080002,101.620003,101.620003,0
2025-05-09,101.540001,102.930000,101.430000,102.760002,102.760002,0
2025-05-12,102.370003,103.339996,102.250000,102.290001,102.290001,0
2025-05-13,102.300003,103.419998,102.290001,103.230003,103.230003,0
2025-05-14,103.139999,103.230003,102.269997,102.389999,102.389999,0
2025-05-15,101.639999,101.910004,100.930000,101.650002,101.650002,0
2025-05-16,101.639999,101.750000,100.639999,100.959999,100.959999,0
2025-05-19,100.900002,101.220001,100.660004,100.830002,100.830002,0
2025-05-20,100.690002,102.269997,100.500000,102.199997,102.199997,0
2025-05-21,102.610001,102.970001,102.400002,102.559998,102.559998,0
2025-05-22,102.410004,102.629997,101.360001,101.889999,101.889999,0
2025-05-23,102.029999,102.720001,101.589996,102.699997,102.699997,0
2025-05-27,102.260002,102.379997,101.570000,101.930000,101.930000,0
2025-05-28,102.040001,102.269997,101.050003,101.070000,101.070000,0
2025-05-29,101.220001,101.589996,100.449997,100.839996,100.839996,0
2025-05-30,100.629997,100.970001,99.790001,99.989998,99.989998,0
2025-06-02,100.839996,102.610001,100.769997,102.029999,102.029999,0
2025-06-03,102.000000,102.470001,101.550003,102.269997,102.269997,0
2025-06-04,102.410004,102.699997,102.029999,102.389999,102.389999,0
2025-06-05,102.379997,103.529999,102.160004,102.800003,102.800003,0
2025-06-06,102.989998,103.379997,102.680000,103.309998,103.309998,0
2025-06-09,103.019997,103.430000,102.750000,103.220001,103.220001,0
2025-06-10,103.040001,103.370003,102.709999,102.769997,102.769997,0
2025-06-11,102.870003,103.480003,102.599998,103.190002,103.190002,0
2025-06-12,103.500000,103.769997,102.980003,103.260002,103.260002,0
2025-06-13,105.209999,105.889999,104.010002,105.309998,105.309998,0
2025-06-16,105.930000,106.000000,104.519997,105.699997,105.699997,0
2025-06-17,105.809998,106.820000,105.550003,106.779999,106.779999,0
2025-06-18,106.910004,107.440002,106.459999,107.379997,107.379997,0
2025-06-20,107.360001,107.699997,106.599998,106.750000,106.750000,0
2025-06-23,107.260002,107.379997,104.989998,105.070000,105.070000,0
2025-06-24,104.000000,104.260002,102.440002,102.480003,102.480003,0
2025-06-25,103.040001,103.129997,102.180000,102.209999,102.209999,0
2025-06-26,102.389999,102.680000,102.290001,102.540001,102.540001,0
2025-06-27,102.639999,102.970001,102.199997,102.889999,102.889999,0
2025-06-30,102.410004,102.800003,101.830002,102.019997,102.019997,0
2025-07-01,101.870003,102.470001,101.809998,102.169998,102.169998,0
2025-07-02,102.099998,103.760002,101.900002,103.709999,103.709999,0
2025-07-03,103.589996,104.199997,103.309998,103.389999,103.389999,0
2025-07-07,102.260002,102.699997,101.870003,102.650002,102.650002,0
2025-07-08,102.529999,103.680000,102.230003,103.379997,103.379997,0
2025-07-09,103.239998,103.349998,102.540001,102.779999,102.779999,0
2025-07-10,102.930000,103.430000,102.800003,103.110001,103.110001,0
2025-07-11,103.449997,104.260002,103.089996,103.830002,103.830002,0
2025-07-14,104.059998,104.750000,103.529999,103.769997,103.769997,0
2025-07-15,103.639999,103.900002,103.410004,103.660004,103.660004,0
2025-07-16,103.860001,104.190002,103.320000,104.040001,104.040001,0
2025-07-17,104.139999,104.459999,103.739998,104.449997,104.449997,0
2025-07-18,104.580002,105.790001,104.550003,105.120003,105.120003,0
2025-07-21,104.690002,104.980003,104.410004,104.720001,104.720001,0
2025-07-22,104.400002,104.730003,104.059998,104.690002,104.690002,0
2025-07-23,104.769997,104.940002,104.139999,104.169998,104.169998,0
2025-07-24,104.239998,104.650002,103.930000,104.230003,104.230003,0
2025-07-25,104.379997,104.410004,103.330002,103.470001,103.470001,0
2025-07-28,103.440002,103.879997,103.040001,103.160004,103.160004,0
2025-07-29,103.209999,103.860001,103.070000,103.830002,103.830002,0
2025-07-30,103.919998,104.099998,103.029999,103.250000,103.250000,0
2025-07-31,101.550003,101.690002,100.940002,101.180000,101.180000,0
2025-08-01,101.139999,101.480003,100.489998,100.620003,100.620003,0
2025-08-04,100.470001,100.860001,100.300003,100.430000,100.430000,0
2025-08-05,100.410004,100.639999,100.190002,100.300003,100.300003,0
2025-08-06,100.430000,101.089996,100.260002,100.449997,100.449997,0
2025-08-07,100.800003,101.120003,100.589996,100.739998,100.739998,0
2025-08-08,100.989998,101.500000,100.709999,100.790001,100.790001,0
2025-08-11,100.150002,100.739998,100.059998,100.540001,100.540001,0
2025-08-12,100.480003,100.589996,99.959999,100.239998,100.239998,0
2025-08-13,100.260002,100.620003,99.959999,100.349998,100.349998,0
2025-08-14,100.599998,100.650002,99.739998,100.010002,100.010002,0
2025-08-15,100.099998,100.570000,99.860001,100.379997,100.379997,0
2025-08-18,100.209999,100.510002,99.889999,100.300003,100.300003,0
2025-08-19,100.169998,100.269997,99.410004,99.500000,99.500000,0
2025-08-20,99.500000,100.300003,99.430000,100.180000,100.180000,0
2025-08-21,100.290001,101.110001,100.199997,101.029999,101.029999,0
2025-08-22,100.919998,101.739998,100.779999,101.629997,101.629997,0
2025-08-25,101.419998,102.029999,101.419998,101.709999,101.709999,0
2025-08-26,101.559998,101.660004,101.070000,101.220001,101.220001,0
2025-08-27,101.239998,101.570000,100.809998,101.500000,101.500000,0
2025-08-28,101.349998,101.989998,101.309998,101.959999,101.959999,0
2025-08-29,101.980003,102.809998,101.809998,102.790001,102.790001,0
2025-09-02,103.339996,103.669998,102.510002,103.650002,103.650002,0
2025-09-03,103.709999,103.809998,103.290001,103.430000,103.430000,0
2025-09-04,103.029999,103.050003,102.400002,102.830002,102.830002,0
2025-09-05,102.800003,103.070000,102.349998,102.430000,102.430000,0
2025-09-08,102.730003,103.290001,102.620003,103.139999,103.139999,0
2025-09-09,103.230003,103.660004,102.919998,103.050003,103.050003,0
2025-09-10,102.989998,103.379997,102.970001,103.260002,103.260002,0
2025-09-11,103.250000,103.320000,102.699997,103.099998,103.099998,0
2025-09-12,103.080002,104.059998,103.029999,103.790001,103.790001,0
2025-09-15,103.739998,104.699997,103.620003,104.690002,104.690002,0
2025-09-16,104.739998,105.470001,104.559998,105.349998,105.349998,0
2025-09-17,105.169998,105.169998,104.190002,104.230003,104.230003,0
2025-09-18,103.839996,104.120003,103.269997,103.360001,103.360001,0
2025-09-19,103.440002,103.620003,102.910004,102.970001,102.970001,0
2025-09-22,103.320000,103.650002,102.660004,102.980003,102.980003,0
2025-09-23,102.849998,103.779999,102.660004,103.709999,103.709999,0
2025-09-24,103.510002,104.320000,103.400002,104.019997,104.019997,0
2025-09-25,104.040001,104.730003,104.000000,104.459999,104.459999,0
2025-09-26,104.580002,105.160004,104.389999,105.099998,105.099998,0
2025-09-29,104.809998,105.330002,104.720001,105.019997,105.019997,0
2025-09-30,105.019997,105.120003,104.330002,104.629997,104.629997,0
2025-10-01,104.900002,105.480003,104.570000,105.349998,105.349998,0
2025-10-02,105.300003,105.589996,104.620003,104.849998,104.849998,0
2025-10-03,104.970001,105.690002,104.870003,105.349998,105.349998,0
2025-10-06,106.059998,106.300003,105.750000,106.000000,106.000000,0
2025-10-07,106.010002,106.570000,105.849998,106.410004,106.410004,0
2025-10-08,106.620003,107.339996,106.570000,106.940002,106.940002,0
2025-10-09,106.489998,107.540001,105.620003,105.690002,105.690002,0
2025-10-10,105.750000,105.849998,103.980003,104.089996,104.089996,0
2025-10-13,105.300003,105.919998,105.050003,105.800003,105.800003,0
2025-10-14,105.970001,106.290001,104.580002,105.440002,105.440002,0
2025-10-15,105.720001,106.040001,105.440002,105.589996,105.589996,0
2025-10-16,106.089996,106.800003,105.730003,106.279999,106.279999,0
2025-10-17,106.070000,106.580002,105.309998,105.620003,105.620003,0
2025-10-20,106.269997,107.570000,106.000000,107.559998,107.559998,0
2025-10-21,107.470001,107.519997,105.339996,105.809998,105.809998,0
2025-10-22,105.820000,106.620003,105.629997,105.919998,105.919998,0
2025-10-23,106.440002,108.160004,106.430000,107.830002,107.830002,0
2025-10-24,107.370003,107.660004,107.080002,107.379997,107.379997,0
2025-10-27,107.629997,107.839996,106.500000,106.720001,106.720001,0
2025-10-28,106.739998,106.760002,105.360001,106.150002,106.150002,0
2025-10-29,106.070000,107.040001,105.720001,106.680000,106.680000,0
2025-10-30,106.220001,106.879997,105.779999,106.820000,106.820000,0
2025-10-31,107.139999,107.320000,106.790001,107.300003,107.300003,0
2025-11-03,107.660004,108.360001,107.260002,108.279999,108.279999,0
2025-11-04,107.919998,108.059998,106.989998,107.489998,107.489998,0
2025-11-05,107.199997,107.959999,107.199997,107.500000,107.500000,0
2025-11-06,107.419998,108.120003,106.570000,107.029999,107.029999,0
2025-11-07,107.389999,107.800003,107.169998,107.309998,107.309998,0
2025-11-10,108.260002,109.160004,108.120003,109.139999,109.139999,0
2025-11-11,109.269997,110.089996,108.980003,110.029999,110.029999,0
2025-11-12,110.150002,110.250000,109.599998,110.139999,110.139999,0
2025-11-13,109.989998,110.529999,109.989998,110.199997,110.199997,0
2025-11-14,110.480003,110.519997,108.500000,109.099998,109.099998,0
2025-11-17,108.629997,109.180000,108.349998,108.879997,108.879997,0
2025-11-18,108.150002,109.180000,107.860001,109.110001,109.110001,0