Date,Open,High,Low,Close,Adj Close,Volume
2003-09-29,102.290001,102.300003,102.099998,102.169998,50.573380,13600
2003-09-30,102.300003,102.739998,102.290001,102.699997,50.835728,62600
2003-10-01,102.639999,102.750000,102.599998,102.650002,50.810959,66300
2003-10-02,102.199997,102.650002,102.010002,102.489998,50.731762,68900
2003-10-03,102.050003,102.050003,101.699997,101.750000,50.365456,64500
2003-10-06,101.639999,101.989998,101.599998,101.900002,50.439743,28700
2003-10-07,101.940002,101.940002,101.379997,101.550003,50.266472,13000
2003-10-08,101.489998,102.050003,101.279999,101.800003,50.390232,42700
2003-10-09,101.389999,101.500000,101.099998,101.440002,50.212021,35900
2003-10-10,101.680000,102.050003,101.680000,102.000000,50.489235,13500
2003-10-13,102.000000,102.099998,101.550003,101.550003,50.266472,23700
2003-10-14,101.440002,101.589996,101.139999,101.349998,50.167431,54300
2003-10-15,101.180000,101.239998,100.900002,101.099998,50.043724,23100
2003-10-16,101.389999,101.550003,100.550003,100.830002,49.910118,62300
2003-10-17,101.040001,101.309998,100.750000,101.309998,50.147671,55600
2003-10-20,101.139999,101.470001,101.139999,101.250000,50.117996,12900
2003-10-21,101.389999,101.730003,101.389999,101.449997,50.216915,49000
2003-10-22,101.750000,101.949997,101.510002,101.900002,50.439743,25400
2003-10-23,101.839996,101.870003,101.650002,101.650002,50.315979,20700
2003-10-24,101.800003,102.150002,101.800003,102.150002,50.563473,28200
2003-10-27,102.040001,102.120003,101.800003,101.949997,50.464443,35400
2003-10-28,101.800003,102.349998,101.800003,102.349998,50.662460,16600
2003-10-29,102.080002,102.099998,101.900002,101.900002,50.439743,71700
2003-10-30,101.790001,101.959999,101.779999,101.900002,50.439743,17300
2003-10-31,101.900002,101.900002,101.400002,101.739998,50.360558,31000
2003-11-03,101.330002,101.419998,101.199997,101.199997,50.270638,56700
2003-11-04,101.449997,101.580002,101.400002,101.400002,50.369976,26900
2003-11-05,101.500000,101.570000,101.400002,101.400002,50.369976,24600
2003-11-06,101.180000,101.190002,100.849998,100.849998,50.096760,78000
2003-11-07,100.690002,100.900002,100.550003,100.900002,50.121590,33400
2003-11-10,101.080002,101.139999,100.910004,101.089996,50.215965,21100
2003-11-11,101.180000,101.199997,100.809998,100.910004,50.126537,23700
2003-11-12,101.040001,101.339996,100.809998,101.099998,50.220917,16400
2003-11-13,101.529999,101.910004,101.529999,101.839996,50.588543,25400
2003-11-14,101.919998,102.160004,101.889999,101.919998,50.628262,18800
2003-11-17,102.220001,102.419998,102.180000,102.349998,50.841850,48800
2003-11-18,102.129997,102.349998,102.050003,102.300003,50.817043,26800
2003-11-19,102.279999,102.300003,101.820000,101.820000,50.578587,44900
2003-11-20,102.000000,102.260002,101.940002,102.169998,50.752438,21400
2003-11-21,102.339996,102.440002,102.209999,102.279999,50.807133,66500
2003-11-24,102.089996,102.139999,101.849998,101.849998,50.593491,37000
2003-11-25,101.779999,102.250000,101.779999,102.250000,50.792179,54000
2003-11-26,102.080002,102.139999,101.879997,101.879997,50.608368,25300
2003-11-28,101.750000,101.750000,101.720001,101.720001,50.528908,22900
2003-12-01,101.150002,101.320000,101.000000,101.169998,50.390472,58700
2003-12-02,100.839996,101.150002,100.599998,101.139999,50.375507,52100
2003-12-03,100.900002,101.349998,100.900002,101.239998,50.425327,32400
2003-12-04,101.139999,101.500000,101.050003,101.389999,50.500042,25200
2003-12-05,101.889999,101.900002,101.510002,101.900002,50.754032,42200
2003-12-08,101.989998,102.040001,101.809998,101.900002,50.754032,67200
2003-12-09,102.040001,102.099998,101.209999,101.330002,50.470150,87900
2003-12-10,101.739998,101.750000,101.599998,101.730003,50.669361,120500
2003-12-11,101.589996,102.139999,101.400002,102.089996,50.848694,91600
2003-12-12,102.239998,102.339996,101.949997,102.150002,50.878593,16400
2003-12-15,102.199997,102.250000,101.849998,102.089996,50.848694,21100
2003-12-16,102.099998,102.190002,101.900002,102.150002,50.878593,61500
2003-12-17,102.440002,102.550003,102.160004,102.400002,51.003078,23100
2003-12-18,102.449997,102.639999,102.209999,102.550003,51.077763,33400
2003-12-19,102.540001,102.599998,102.360001,102.599998,51.102661,26500
2003-12-22,102.690002,102.800003,102.269997,102.550003,51.077763,139700
2003-12-23,102.389999,102.500000,102.150002,102.150002,50.878593,80300
2003-12-24,102.339996,102.489998,102.110001,102.230003,50.918396,16200
2003-12-26,102.589996,102.739998,102.309998,102.739998,51.172424,54500
2003-12-29,102.500000,102.599998,102.160004,102.489998,51.047897,37600
2003-12-30,102.290001,102.389999,102.080002,102.300003,50.953274,33800
2003-12-31,102.000000,102.150002,102.000000,102.150002,51.023773,51900
2004-01-02,102.150002,102.190002,101.349998,101.570000,50.734020,26100
2004-01-05,101.540001,101.690002,101.300003,101.690002,50.793957,63600
2004-01-06,101.940002,102.190002,101.760002,102.150002,51.023773,151800
2004-01-07,102.199997,102.449997,102.150002,102.379997,51.138565,75200
2004-01-08,102.199997,102.500000,102.120003,102.349998,51.123600,39800
2004-01-09,103.139999,103.269997,102.910004,103.199997,51.548195,49800
2004-01-12,103.199997,103.250000,102.900002,102.910004,51.403316,67600
2004-01-13,103.040001,103.180000,102.900002,103.150002,51.523212,21700
2004-01-14,103.050003,103.239998,103.050003,103.139999,51.518200,14100
2004-01-15,103.349998,103.349998,103.000000,103.269997,51.583130,32600
2004-01-16,103.400002,103.550003,103.099998,103.190002,51.543201,66800
2004-01-20,103.180000,103.290001,102.930000,103.099998,51.498253,51700
2004-01-21,103.279999,103.290001,103.010002,103.169998,51.533180,53800
2004-01-22,103.379997,103.540001,103.279999,103.349998,51.623131,44100
2004-01-23,103.779999,103.790001,103.000000,103.099998,51.498253,28700
2004-01-26,103.080002,103.089996,102.699997,102.699997,51.298435,31900
2004-01-27,102.879997,103.150002,102.800003,102.849998,51.373329,20200
2004-01-28,103.139999,103.400002,102.220001,102.639999,51.268459,63000
2004-01-29,102.540001,102.540001,102.300003,102.400002,51.148560,50600
2004-01-30,102.830002,102.830002,102.500000,102.599998,51.248451,105300
2004-02-02,102.540001,102.669998,102.349998,102.349998,51.262482,21300
2004-02-03,102.779999,102.779999,102.410004,102.629997,51.402721,40300
2004-02-04,102.680000,102.690002,102.370003,102.639999,51.407761,37600
2004-02-05,102.599998,102.660004,102.230003,102.349998,51.262482,38900
2004-02-06,102.639999,102.779999,102.550003,102.769997,51.472878,31600
2004-02-09,102.930000,103.000000,102.699997,102.839996,51.507915,15800
2004-02-10,102.879997,102.879997,102.550003,102.620003,51.397747,31300
2004-02-11,102.669998,103.190002,102.459999,103.019997,51.598068,26200
2004-02-12,103.199997,103.199997,102.839996,103.029999,51.603092,61400
2004-02-13,103.230003,103.489998,103.000000,103.489998,51.833454,82500
2004-02-17,103.279999,103.300003,103.000000,103.239998,51.708279,78300
2004-02-18,103.449997,103.500000,103.099998,103.160004,51.668171,38800
2004-02-19,103.080002,103.300003,102.900002,103.269997,51.723286,21500
2004-02-20,103.230003,103.239998,102.839996,102.949997,51.563042,40700
2004-02-23,103.080002,103.250000,102.809998,103.230003,51.703255,24300
2004-02-24,103.330002,103.389999,103.120003,103.139999,51.658176,40800
2004-02-25,103.349998,103.470001,103.199997,103.379997,51.778366,78800
2004-02-26,103.330002,103.339996,103.120003,103.209999,51.693272,33700
2004-02-27,103.489998,103.519997,103.279999,103.489998,51.833454,34100
2004-03-01,103.349998,103.379997,102.900002,103.290001,51.856586,154200
2004-03-02,103.099998,103.230003,102.750000,102.930000,51.675816,28500
2004-03-03,103.080002,103.080002,102.699997,102.820000,51.620640,79900
2004-03-04,103.080002,103.099998,102.830002,103.070000,51.746120,116500
2004-03-05,103.900002,103.989998,102.989998,103.830002,52.127670,68900
2004-03-08,104.150002,104.199997,103.870003,104.180000,52.303425,44100
2004-03-09,104.180000,104.430000,104.050003,104.330002,52.378769,46400
2004-03-10,104.300003,104.360001,104.120003,104.209999,52.318455,38800
2004-03-11,104.540001,104.540001,103.910004,104.440002,52.433933,56000
2004-03-12,104.300003,104.320000,104.010002,104.120003,52.273266,42300
2004-03-15,104.150002,104.269997,104.000000,104.139999,52.283306,61300
2004-03-16,104.080002,104.470001,103.809998,104.389999,52.408798,53200
2004-03-17,104.580002,104.580002,104.230003,104.339996,52.383743,28300
2004-03-18,104.320000,104.459999,104.019997,104.239998,52.333534,27000
2004-03-19,104.239998,104.300003,103.889999,104.129997,52.278339,132500
2004-03-22,104.239998,104.419998,104.120003,104.400002,52.413864,23300
2004-03-23,104.349998,104.459999,104.169998,104.410004,52.418858,45500
2004-03-24,104.500000,104.519997,104.239998,104.470001,52.448956,31300
2004-03-25,104.349998,104.430000,104.169998,104.410004,52.418858,39000
2004-03-26,104.300003,104.349998,103.769997,104.050003,52.238125,102300
2004-03-29,103.779999,103.870003,103.459999,103.860001,52.142735,210100
2004-03-30,103.930000,103.949997,103.449997,103.449997,51.936893,243200
2004-03-31,103.800003,104.080002,103.699997,103.949997,52.187943,105100
2004-04-01,103.779999,103.779999,103.370003,103.739998,52.213097,128500
2004-04-02,102.410004,102.970001,102.410004,102.790001,51.734955,165600
2004-04-05,102.050003,102.349998,102.050003,102.160004,51.417896,77500
2004-04-06,102.449997,102.500000,102.139999,102.449997,51.563854,54800
2004-04-07,102.480003,102.669998,102.199997,102.199997,51.437984,207600
2004-04-08,102.300003,102.589996,102.250000,102.260002,51.468224,18700
2004-04-12,102.349998,102.400002,102.080002,102.230003,51.453117,88400
2004-04-13,101.980003,102.099998,101.709999,102.050003,51.362545,110800
2004-04-14,101.500000,101.760002,101.279999,101.750000,51.211506,30400
2004-04-15,101.480003,101.769997,101.419998,101.599998,51.136013,40600
2004-04-16,101.849998,101.900002,101.599998,101.879997,51.276917,49000
2004-04-19,101.949997,102.000000,101.620003,101.750000,51.211506,115300
2004-04-20,101.650002,101.720001,101.309998,101.419998,51.045429,40000
2004-04-21,101.050003,101.510002,101.010002,101.180000,50.924599,72700
2004-04-22,101.599998,101.690002,101.330002,101.550003,51.110844,41100
2004-04-23,101.449997,101.500000,101.110001,101.349998,51.010185,90200
2004-04-26,101.349998,101.589996,101.040001,101.320000,50.995094,109900
2004-04-27,101.449997,101.589996,101.230003,101.570000,51.120922,54200
2004-04-28,101.589996,101.589996,101.059998,101.099998,50.884357,36400
2004-04-29,101.029999,101.279999,100.620003,100.809998,50.738392,46600
2004-04-30,100.940002,101.040001,100.750000,100.779999,50.723270,64200
2004-05-03,100.650002,100.830002,100.360001,100.360001,50.647636,245200
2004-05-04,100.599998,100.940002,100.279999,100.540001,50.738434,41200
2004-05-05,100.650002,100.790001,100.300003,100.410004,50.672848,34000
2004-05-06,100.250000,100.339996,100.059998,100.099998,50.516426,67900
2004-05-07,99.500000,99.500000,99.150002,99.250000,50.087391,56800
2004-05-10,99.400002,99.489998,99.059998,99.099998,50.011730,77000
2004-05-11,99.010002,99.449997,99.010002,99.349998,50.137905,84200
2004-05-12,99.449997,99.510002,99.209999,99.209999,50.067211,48900
2004-05-13,99.250000,99.260002,98.860001,99.190002,50.057167,21200
2004-05-14,99.279999,99.540001,99.150002,99.209999,50.067211,53300
2004-05-17,99.660004,99.889999,99.660004,99.709999,50.319546,37400
2004-05-18,99.739998,99.800003,99.510002,99.760002,50.344776,24000
2004-05-19,99.639999,99.639999,99.400002,99.589996,50.259022,31000
2004-05-20,99.790001,99.860001,99.580002,99.860001,50.395241,11200
2004-05-21,99.949997,99.949997,99.459999,99.699997,50.314537,22300
2004-05-24,99.599998,99.839996,99.599998,99.779999,50.354897,39300
2004-05-25,99.889999,99.889999,99.680000,99.750000,50.339767,44600
2004-05-26,99.989998,100.070000,99.900002,100.000000,50.465923,35800
2004-05-27,100.150002,100.489998,100.150002,100.480003,50.708164,99600
2004-05-28,100.540001,100.540001,100.050003,100.129997,50.531513,54900
2004-06-01,99.800003,99.889999,99.529999,99.699997,50.474323,39500
2004-06-02,99.690002,99.769997,99.500000,99.739998,50.494572,196100
2004-06-03,99.500000,99.699997,99.500000,99.699997,50.474323,91900
2004-06-04,99.589996,99.589996,99.379997,99.489998,50.367992,30100
2004-06-07,99.489998,99.589996,99.190002,99.589996,50.418629,39300
2004-06-08,99.489998,99.550003,99.300003,99.349998,50.297153,264400
2004-06-09,99.160004,99.389999,99.150002,99.379997,50.312328,90200
2004-06-10,99.339996,99.470001,99.099998,99.279999,50.261707,49500
2004-06-14,99.000000,99.239998,98.849998,99.000000,50.119968,73500
2004-06-15,99.489998,99.879997,99.419998,99.839996,50.545242,58200
2004-06-16,99.839996,99.839996,99.500000,99.639999,50.443958,55600
2004-06-17,99.639999,99.870003,99.360001,99.750000,50.499630,57100
2004-06-18,99.809998,100.040001,99.660004,99.900002,50.575562,47700
2004-06-21,99.989998,100.029999,99.779999,100.029999,50.641415,31500
2004-06-22,99.940002,99.989998,99.750000,99.989998,50.621170,39900
2004-06-23,99.889999,100.000000,99.790001,99.910004,50.580616,24600
2004-06-24,100.290001,100.400002,100.129997,100.290001,50.773018,42100
2004-06-25,100.239998,100.349998,100.089996,100.260002,50.757786,33200
2004-06-28,100.000000,100.050003,99.800003,99.930000,50.590801,77500
2004-06-29,99.410004,100.099998,99.410004,99.750000,50.499630,225700
2004-06-30,100.139999,100.550003,100.089996,100.540001,50.899597,23300
2004-07-01,100.290001,100.400002,100.019997,100.349998,50.964104,316900
2004-07-02,100.989998,101.089996,100.750000,100.989998,51.289104,162500
2004-07-06,100.989998,101.050003,100.739998,100.919998,51.253567,27900
2004-07-07,100.870003,100.949997,100.750000,100.860001,51.223080,29700
2004-07-08,100.940002,101.019997,100.790001,100.970001,51.278969,74200
2004-07-09,100.970001,101.019997,100.669998,100.669998,51.126583,425600
2004-07-12,100.800003,100.970001,100.800003,100.970001,51.278969,52600
2004-07-13,100.889999,100.889999,100.690002,100.860001,51.223080,52800
2004-07-14,100.989998,100.989998,100.739998,100.919998,51.253567,39000
2004-07-15,100.709999,100.900002,100.699997,100.730003,51.157085,24600
2004-07-16,101.010002,101.400002,101.010002,101.400002,51.497334,58800
2004-07-19,101.489998,101.489998,101.230003,101.250000,51.421185,13000
2004-07-20,101.250000,101.349998,100.800003,100.980003,51.284050,62300
2004-07-21,100.750000,101.000000,100.599998,100.739998,51.162155,32900
2004-07-22,100.989998,101.000000,100.800003,100.959999,51.273907,35000
2004-07-23,101.139999,101.190002,100.849998,101.190002,51.390717,41200
2004-07-26,101.000000,101.010002,100.709999,100.720001,51.151981,81000
2004-07-27,100.889999,100.889999,100.290001,100.489998,51.035172,20500
2004-07-28,100.489998,100.639999,100.269997,100.639999,51.111362,30800
2004-07-29,100.589996,100.699997,100.389999,100.410004,50.994553,48200
2004-07-30,100.709999,101.169998,100.709999,101.150002,51.370365,31300
2004-08-02,101.080002,101.080002,100.760002,100.800003,51.356102,28200
2004-08-03,100.879997,101.070000,100.800003,100.940002,51.427437,77400
2004-08-04,100.790001,101.199997,100.790001,101.160004,51.539497,213200
2004-08-05,101.160004,101.279999,101.099998,101.230003,51.575180,281500
2004-08-06,101.860001,102.139999,101.860001,101.879997,51.906334,44800
2004-08-09,101.989998,102.029999,101.800003,101.949997,51.942028,23200
2004-08-10,101.989998,102.000000,101.629997,101.680000,51.804455,28400
2004-08-11,101.680000,101.889999,101.529999,101.750000,51.840103,22100
2004-08-12,101.510002,101.959999,101.510002,101.959999,51.947136,17600
2004-08-13,102.150002,102.160004,102.000000,102.160004,52.049004,18500
2004-08-16,102.040001,102.040001,101.839996,102.040001,51.987877,16400
2004-08-17,102.089996,102.339996,102.000000,102.339996,52.140762,271000
2004-08-18,102.389999,102.400002,102.010002,102.010002,51.972557,47400
2004-08-19,102.120003,102.349998,102.000000,102.349998,52.145813,32700
2004-08-20,102.389999,102.389999,102.050003,102.050003,51.992992,57900
2004-08-23,102.089996,102.160004,101.809998,102.080002,52.008255,40400
2004-08-24,101.750000,102.110001,101.739998,102.089996,52.013332,39400
2004-08-25,102.089996,102.279999,101.989998,102.099998,52.018440,69900
2004-08-26,102.190002,102.339996,102.050003,102.290001,52.115242,46800
2004-08-27,102.389999,102.430000,102.309998,102.360001,52.150883,50600
2004-08-30,102.440002,102.500000,102.279999,102.459999,52.201847,50000
2004-08-31,102.660004,102.889999,102.410004,102.459999,52.201847,386200
2004-09-01,102.309998,102.529999,102.169998,102.510002,52.389938,277800
2004-09-02,102.419998,102.419998,102.070000,102.099998,52.180408,27900
2004-09-03,101.989998,102.050003,101.559998,102.050003,52.154812,97700
2004-09-07,101.889999,102.040001,101.709999,102.040001,52.149704,36100
2004-09-08,101.849998,102.389999,101.760002,102.349998,52.308159,87700
2004-09-09,102.419998,102.519997,102.120003,102.250000,52.257042,49400
2004-09-10,102.550003,102.599998,102.339996,102.470001,52.369442,67200
2004-09-13,102.470001,102.610001,102.370003,102.570000,52.420589,126000
2004-09-14,102.570000,102.699997,102.540001,102.680000,52.476822,86300
2004-09-15,102.639999,102.650002,102.500000,102.620003,52.446133,124400
2004-09-16,102.650002,102.980003,102.470001,102.930000,52.604561,111700
2004-09-17,102.889999,102.900002,102.500000,102.500000,52.384804,59800
2004-09-20,102.889999,102.940002,102.599998,102.940002,52.609673,94600
2004-09-21,102.940002,102.970001,102.599998,102.910004,52.594353,41400
2004-09-22,103.040001,103.250000,102.800003,103.250000,52.768135,28600
2004-09-23,103.220001,103.250000,102.800003,102.940002,52.609673,28300
2004-09-24,102.839996,103.000000,102.699997,102.970001,52.625004,26400
2004-09-27,102.860001,103.139999,102.849998,102.940002,52.609673,39100
2004-09-28,103.139999,103.190002,102.919998,103.110001,52.696587,47600
2004-09-29,102.620003,102.889999,102.500000,102.519997,52.395042,225100
2004-09-30,102.589996,102.690002,102.309998,102.669998,52.471687,60700
2004-10-01,102.260002,102.260002,102.010002,102.169998,52.377853,45500
2004-10-04,101.760002,102.199997,101.760002,102.199997,52.393261,23400
2004-10-05,102.010002,102.309998,102.000000,102.190002,52.388149,139600
2004-10-06,102.169998,102.199997,101.870003,102.000000,52.290764,128000
2004-10-07,101.970001,102.050003,101.849998,102.000000,52.290764,39800
2004-10-08,102.570000,102.599998,102.260002,102.500000,52.547047,29200
2004-10-11,102.360001,102.800003,102.360001,102.599998,52.598331,25800
2004-10-12,102.760002,102.830002,102.500000,102.500000,52.547047,34100
2004-10-13,102.410004,102.919998,102.410004,102.650002,52.623955,32700
2004-10-14,102.900002,103.139999,102.889999,103.139999,52.875175,18900
2004-10-15,103.000000,103.000000,102.690002,102.949997,52.777752,21400
2004-10-18,102.989998,102.989998,102.699997,102.860001,52.731602,39700
2004-10-19,102.650002,103.040001,102.650002,102.910004,52.757240,32200
2004-10-20,102.910004,103.269997,102.910004,103.269997,52.941811,135800
2004-10-21,103.199997,103.300003,103.010002,103.010002,52.808548,23100
2004-10-22,103.150002,103.279999,103.040001,103.260002,52.936672,25800
2004-10-25,103.430000,103.440002,103.110001,103.379997,52.998196,33800
2004-10-26,103.250000,103.360001,103.029999,103.080002,52.844383,60200
2004-10-27,103.370003,103.389999,102.690002,102.849998,52.726452,29100
2004-10-28,102.889999,103.120003,102.660004,102.970001,52.787975,76000
2004-10-29,103.150002,103.250000,102.980003,103.239998,52.926418,61600
2004-11-01,102.889999,102.940002,102.570000,102.739998,52.812798,28900
2004-11-02,102.860001,102.860001,102.589996,102.650002,52.766544,97300
2004-11-03,102.639999,102.900002,102.410004,102.870003,52.879658,40700
2004-11-04,102.989998,103.040001,102.660004,102.779999,52.833427,40700
2004-11-05,102.440002,102.519997,102.150002,102.519997,52.699718,149600
2004-11-08,102.360001,102.419998,102.150002,102.150002,52.509537,52300
2004-11-09,102.389999,102.400002,102.169998,102.389999,52.632927,54700
2004-11-10,102.330002,102.389999,102.120003,102.269997,52.571186,21800
2004-11-11,102.239998,102.400002,102.019997,102.370003,52.622623,43000
2004-11-12,102.389999,102.540001,102.269997,102.489998,52.684303,32200
2004-11-15,102.389999,102.550003,102.290001,102.540001,52.709984,390500
2004-11-16,102.440002,102.449997,102.199997,102.440002,52.658604,50100
2004-11-17,102.260002,102.800003,102.260002,102.699997,52.792240,64600
2004-11-18,102.739998,102.889999,102.470001,102.739998,52.812798,50300
2004-11-19,102.580002,102.699997,102.349998,102.529999,52.704876,43500
2004-11-22,102.559998,102.730003,102.300003,102.690002,52.787086,63100
2004-11-23,102.589996,102.699997,102.440002,102.629997,52.756264,63600
2004-11-24,102.629997,102.750000,102.370003,102.730003,52.807690,94300
2004-11-26,102.370003,102.480003,102.209999,102.430000,52.653454,39400
2004-11-29,102.239998,102.279999,102.120003,102.150002,52.509537,103200
2004-11-30,102.120003,102.230003,101.970001,102.199997,52.535213,108000
2004-12-01,101.949997,101.949997,101.510002,101.510002,52.338306,49000
2004-12-02,101.669998,101.739998,101.500000,101.699997,52.436226,51500
2004-12-03,102.220001,102.290001,101.980003,102.290001,52.740479,85100
2004-12-06,102.250000,102.480003,102.139999,102.400002,52.797150,146500
2004-12-07,102.389999,102.540001,102.220001,102.540001,52.869354,76500
2004-12-08,102.449997,102.889999,102.440002,102.889999,53.049797,158200
2004-12-09,102.790001,102.949997,102.629997,102.750000,52.977615,120600
2004-12-10,102.750000,102.839996,102.599998,102.620003,52.910583,139800
2004-12-13,102.690002,102.879997,102.510002,102.769997,52.987896,102400
2004-12-14,102.410004,102.889999,102.410004,102.870003,53.039444,53900
2004-12-15,103.070000,103.110001,102.860001,103.099998,53.158115,57400
2004-12-16,102.989998,102.989998,102.599998,102.699997,52.951851,123100
2004-12-17,102.449997,102.650002,102.419998,102.449997,52.822914,48100
2004-12-20,102.690002,102.720001,102.459999,102.550003,52.874481,57800
2004-12-21,102.599998,102.800003,102.500000,102.550003,52.874481,83100
2004-12-22,102.500000,102.790001,102.500000,102.769997,52.987896,94300
2004-12-23,102.699997,102.849998,102.580002,102.820000,53.013752,192700
2004-12-27,102.400002,102.500000,102.300003,102.430000,52.812599,145200
2004-12-28,102.339996,102.400002,102.000000,102.379997,52.786819,122800
2004-12-29,102.489998,102.500000,102.260002,102.360001,52.776501,116800
2004-12-30,102.360001,102.589996,102.250000,102.570000,52.884811,132700
2004-12-31,102.360001,102.589996,102.250000,102.400002,52.954079,135300
2005-01-03,102.339996,102.550003,102.120003,102.400002,52.954079,479600
2005-01-04,102.459999,102.500000,102.070000,102.300003,52.902420,190500
2005-01-05,102.199997,102.349998,102.059998,102.260002,52.881714,69900
2005-01-06,102.290001,102.370003,102.180000,102.330002,52.917900,75400
2005-01-07,102.389999,102.440002,102.110001,102.300003,52.902420,137000
2005-01-10,102.320000,102.320000,102.099998,102.250000,52.876556,69500
2005-01-11,102.419998,102.510002,102.220001,102.389999,52.948948,78600
2005-01-12,102.430000,102.589996,102.250000,102.540001,53.026505,119100
2005-01-13,102.639999,102.839996,102.529999,102.790001,53.155766,62400
2005-01-14,102.669998,102.709999,102.370003,102.419998,52.964436,124200
2005-01-18,102.540001,102.699997,102.269997,102.690002,53.104073,86600
2005-01-19,102.769997,102.849998,102.589996,102.839996,53.181637,88300
2005-01-20,102.790001,103.010002,102.599998,102.980003,53.254021,98400
2005-01-21,102.889999,103.050003,102.860001,103.029999,53.279949,85200
2005-01-24,103.040001,103.080002,102.900002,103.050003,53.290264,85200
2005-01-25,102.940002,102.970001,102.769997,102.870003,53.197147,79600
2005-01-26,102.940002,102.940002,102.750000,102.820000,53.171261,95100
2005-01-27,102.690002,102.709999,102.540001,102.680000,53.098900,83900
2005-01-28,102.889999,103.029999,102.760002,103.029999,53.279949,79400
2005-01-31,103.019997,103.019997,102.750000,102.900002,53.212673,113800
2005-02-01,102.500000,102.779999,102.500000,102.699997,53.269173,98400
2005-02-02,102.720001,102.800003,102.599998,102.779999,53.310719,203100
2005-02-03,102.589996,102.650002,102.440002,102.650002,53.243271,52500
2005-02-04,103.120003,103.209999,102.699997,103.080002,53.466328,52800
2005-02-07,103.110001,103.230003,102.809998,103.099998,53.476688,68900
2005-02-08,103.129997,103.250000,102.919998,103.160004,53.507805,114900
2005-02-09,103.239998,103.500000,103.099998,103.440002,53.653042,90600
2005-02-10,103.330002,103.330002,102.910004,102.910004,53.378128,134500
2005-02-11,103.110001,103.110001,102.800003,103.050003,53.450737,73700
2005-02-14,102.930000,103.129997,102.849998,103.070000,53.461155,99200
2005-02-15,102.709999,103.080002,102.709999,102.870003,53.357357,139700
2005-02-16,103.080002,103.080002,102.599998,102.750000,53.295132,75000
2005-02-17,102.660004,102.820000,102.500000,102.699997,53.269173,90400
2005-02-18,102.510002,102.750000,102.480003,102.730003,53.284748,94000
2005-02-22,102.529999,102.550003,102.300003,102.440002,53.134357,103500
2005-02-23,102.589996,102.599998,102.349998,102.489998,53.160297,128300
2005-02-24,102.580002,102.580002,102.309998,102.389999,53.108395,83600
2005-02-25,102.449997,102.480003,102.220001,102.480003,53.155098,66800
2005-02-28,102.480003,102.500000,102.059998,102.209999,53.015053,359800
2005-03-01,101.690002,101.930000,101.690002,101.849998,52.977070,125000
2005-03-02,101.610001,101.889999,101.610001,101.720001,52.909481,171000
2005-03-03,101.940002,101.949997,101.550003,101.800003,52.951054,120700
2005-03-04,102.040001,102.209999,101.889999,102.089996,53.101902,585500
2005-03-07,102.139999,102.269997,101.910004,102.120003,53.117535,203000
2005-03-08,101.889999,101.949997,101.750000,101.900002,53.003117,96600
2005-03-09,101.660004,101.690002,101.190002,101.279999,52.680599,110600
2005-03-10,101.449997,101.449997,101.059998,101.160004,52.618225,173000
2005-03-11,101.389999,101.389999,100.989998,101.239998,52.659767,87600
2005-03-14,101.150002,101.250000,100.930000,101.199997,52.638966,129900
2005-03-15,101.400002,101.410004,101.050003,101.220001,52.649426,108000
2005-03-16,101.220001,101.489998,101.040001,101.290001,52.685822,94600
2005-03-17,101.489998,101.559998,101.110001,101.269997,52.675377,191700
2005-03-18,101.199997,101.300003,100.949997,101.199997,52.638966,80800
2005-03-21,101.330002,101.330002,101.089996,101.199997,52.638966,106700
2005-03-22,101.400002,101.419998,100.480003,100.650002,52.352928,181500
2005-03-23,100.610001,100.779999,100.250000,100.779999,52.420506,158800
2005-03-24,100.650002,100.989998,100.550003,100.839996,52.451740,101500
2005-03-28,100.720001,100.720001,100.410004,100.639999,52.347675,83100
2005-03-29,100.790001,100.870003,100.510002,100.580002,52.316494,270600
2005-03-30,101.000000,101.099998,100.599998,100.879997,52.472546,51600
2005-03-31,101.230003,101.269997,100.800003,100.930000,52.498558,128100
2005-04-01,101.239998,101.250000,100.720001,101.180000,52.808071,96200
2005-04-04,101.089996,101.239998,100.800003,101.059998,52.745399,387300
2005-04-05,101.059998,101.059998,100.750000,100.860001,52.641068,46500
2005-04-06,101.139999,101.190002,100.889999,101.120003,52.776756,279600
2005-04-07,101.309998,101.419998,101.000000,101.000000,52.714100,235900
2005-04-08,100.989998,101.070000,100.750000,101.000000,52.714100,130600
2005-04-11,101.050003,101.220001,100.860001,101.190002,52.813282,82200
2005-04-12,101.089996,101.610001,101.000000,101.470001,52.959385,150600
2005-04-13,101.680000,101.709999,101.379997,101.610001,53.032513,74600
2005-04-14,101.660004,101.750000,101.440002,101.699997,53.079426,185600
2005-04-15,101.930000,102.059998,101.610001,102.059998,53.267311,146900
2005-04-18,102.089996,102.099998,101.730003,101.940002,53.204678,153400
2005-04-19,101.870003,102.199997,101.709999,102.070000,53.272526,100600
2005-04-20,101.940002,102.150002,101.709999,102.139999,53.309074,114900
2005-04-21,101.709999,102.110001,101.709999,101.889999,53.178646,109500
2005-04-22,102.050003,102.120003,101.760002,102.099998,53.288212,44100
2005-04-25,102.000000,102.089996,101.860001,102.059998,53.267311,63400
2005-04-26,102.120003,102.120003,101.809998,101.809998,53.136848,68800
2005-04-27,102.250000,102.360001,101.940002,102.230003,53.356094,70500
2005-04-28,102.199997,102.489998,102.089996,102.489998,53.491749,75900
2005-04-29,102.309998,102.449997,102.050003,102.320000,53.403038,151000
2005-05-02,102.089996,102.099998,101.849998,101.989998,53.405136,54800
2005-05-03,102.070000,102.070000,101.660004,101.919998,53.368469,708100
2005-05-04,101.919998,102.089996,101.650002,102.029999,53.426083,63900
2005-05-05,102.099998,102.300003,101.900002,102.099998,53.462730,86400
2005-05-06,101.830002,101.849998,101.529999,101.720001,53.263748,70000
2005-05-09,101.629997,101.660004,101.510002,101.639999,53.221874,70300
2005-05-10,101.870003,101.949997,101.570000,101.750000,53.279469,133700
2005-05-11,102.029999,102.139999,101.739998,101.919998,53.368469,75900
2005-05-12,101.839996,102.169998,101.650002,102.160004,53.494194,83400
2005-05-13,102.260002,102.339996,102.120003,102.260002,53.546467,52900
2005-05-16,102.260002,102.309998,102.080002,102.110001,53.467983,82800
2005-05-17,102.260002,102.339996,102.120003,102.230003,53.530815,99400
2005-05-18,102.400002,102.550003,102.239998,102.500000,53.672199,330800
2005-05-19,102.320000,102.370003,102.040001,102.250000,53.541321,64200
2005-05-20,102.309998,102.309998,102.010002,102.129997,53.478413,113600
2005-05-23,102.209999,102.489998,102.199997,102.470001,53.656456,104300
2005-05-24,102.629997,102.699997,102.410004,102.650002,53.750713,81500
2005-05-25,102.839996,102.839996,102.500000,102.629997,53.740295,102500
2005-05-26,102.550003,102.660004,102.370003,102.620003,53.735035,69500
2005-05-27,102.589996,102.730003,102.410004,102.550003,53.698334,140400
2005-05-31,102.800003,102.900002,102.599998,102.830002,53.844994,65400
2005-06-01,102.690002,103.239998,102.589996,103.239998,54.243271,266900
2005-06-02,103.199997,103.209999,103.029999,103.169998,54.206467,269800
2005-06-03,103.440002,103.470001,102.849998,102.910004,54.069836,70700
2005-06-06,102.940002,103.029999,102.800003,102.930000,54.080399,104200
2005-06-07,103.199997,103.230003,103.040001,103.199997,54.222218,154400
2005-06-08,103.190002,103.209999,102.959999,103.010002,54.122406,109900
2005-06-09,102.940002,103.019997,102.559998,103.000000,54.117134,107400
2005-06-10,102.860001,102.860001,102.519997,102.599998,53.906994,77700
2005-06-13,102.580002,102.589996,102.309998,102.510002,53.859676,87900
2005-06-14,102.480003,102.489998,102.269997,102.379997,53.791382,129800
2005-06-15,102.370003,102.430000,102.199997,102.320000,53.759865,105800
2005-06-16,102.500000,102.660004,102.349998,102.629997,53.922771,89500
2005-06-17,102.510002,102.660004,102.400002,102.629997,53.922771,76100
2005-06-20,102.510002,102.599998,102.309998,102.400002,53.801910,72300
2005-06-21,102.669998,102.820000,102.410004,102.820000,54.022568,75100
2005-06-22,103.050003,103.269997,102.709999,103.260002,54.253746,71600
2005-06-23,103.139999,103.230003,103.010002,103.160004,54.201225,113400
2005-06-24,103.339996,103.360001,103.120003,103.320000,54.285255,171000
2005-06-27,103.389999,103.470001,103.279999,103.400002,54.327324,198400
2005-06-28,103.250000,103.339996,103.089996,103.099998,54.169628,93800
2005-06-29,103.339996,103.339996,102.889999,103.050003,54.143421,166800
2005-06-30,103.190002,103.379997,102.989998,103.379997,54.316772,123000
2005-07-01,102.940002,102.959999,102.500000,102.680000,54.123371,123100
2005-07-05,102.339996,102.500000,102.180000,102.300003,53.923084,141600
2005-07-06,102.489998,102.559998,102.339996,102.459999,54.007370,228700
2005-07-07,102.690002,102.820000,102.500000,102.589996,54.075912,166100
2005-07-08,102.589996,102.699997,102.389999,102.419998,53.986275,231100
2005-07-11,102.180000,102.470001,102.150002,102.430000,53.991585,141800
2005-07-12,102.480003,102.480003,102.279999,102.379997,53.965218,127900
2005-07-13,102.300003,102.300003,102.070000,102.239998,53.891399,251100
2005-07-14,102.360001,102.379997,102.059998,102.239998,53.891399,139100
2005-07-15,102.190002,102.290001,102.129997,102.290001,53.917751,111600
2005-07-18,102.239998,102.279999,102.040001,102.110001,53.822922,74300
2005-07-19,102.110001,102.290001,102.089996,102.160004,53.849304,127300
2005-07-20,102.010002,102.379997,101.919998,102.330002,53.938858,159200
2005-07-21,102.150002,102.160004,101.790001,101.800003,53.659504,135000
2005-07-22,101.949997,102.129997,101.750000,101.949997,53.738571,125100
2005-07-25,101.949997,102.169998,101.779999,101.949997,53.738571,97400
2005-07-26,101.879997,102.059998,101.879997,102.059998,53.796524,113000
2005-07-27,101.910004,102.080002,101.900002,102.000000,53.764931,73000
2005-07-28,101.980003,102.320000,101.980003,102.300003,53.923084,403000
2005-07-29,102.139999,102.139999,101.809998,101.980003,53.754349,106000
2005-08-01,101.589996,101.650002,101.379997,101.589996,53.723186,220300
2005-08-02,101.519997,101.580002,101.199997,101.370003,53.606815,90200
2005-08-03,101.540001,101.699997,101.349998,101.699997,53.781338,167700
2005-08-04,101.680000,101.699997,101.459999,101.599998,53.728466,196200
2005-08-05,101.230003,101.290001,101.099998,101.099998,53.464035,86100
2005-08-08,101.180000,101.260002,100.970001,101.080002,53.453453,86400
2005-08-09,101.180000,101.260002,101.000000,101.260002,53.548676,103300
2005-08-10,101.410004,101.430000,101.150002,101.269997,53.553970,128400
2005-08-11,101.309998,101.570000,101.250000,101.540001,53.696754,126800
2005-08-12,101.589996,101.879997,101.540001,101.830002,53.850079,93400
2005-08-15,101.849998,101.849998,101.669998,101.739998,53.802505,145300
2005-08-16,101.839996,102.029999,101.839996,101.980003,53.929413,279600
2005-08-17,101.889999,101.959999,101.500000,101.769997,53.818359,119100
2005-08-18,101.900002,102.050003,101.820000,102.050003,53.966461,85600
2005-08-19,101.889999,102.050003,101.800003,101.949997,53.913540,73700
2005-08-22,101.949997,102.110001,101.849998,102.040001,53.961155,93800
2005-08-23,102.040001,102.250000,102.000000,102.110001,53.998119,110900
2005-08-24,102.129997,102.269997,102.059998,102.239998,54.066898,98900
2005-08-25,102.239998,102.279999,102.000000,102.239998,54.066898,182200
2005-08-26,102.220001,102.250000,101.989998,102.160004,54.024605,103900
2005-08-29,102.199997,102.320000,102.070000,102.199997,54.045731,97700
2005-08-30,102.339996,102.580002,102.300003,102.449997,54.177933,127800
2005-08-31,102.690002,102.910004,102.430000,102.849998,54.389500,112200
2005-09-01,102.540001,102.809998,102.379997,102.650002,54.463768,104900
2005-09-02,102.470001,102.750000,102.389999,102.599998,54.437267,264800
2005-09-06,102.550003,102.620003,102.180000,102.400002,54.331154,121300
2005-09-07,102.290001,102.330002,102.099998,102.230003,54.240898,96300
2005-09-08,102.300003,102.320000,102.080002,102.220001,54.235603,130900
2005-09-09,102.129997,102.389999,102.010002,102.190002,54.219730,234600
2005-09-12,102.000000,102.190002,101.879997,102.050003,54.145454,106300
2005-09-13,102.099998,102.370003,102.089996,102.300003,54.278057,105900
2005-09-14,102.290001,102.330002,101.900002,102.190002,54.219730,171500
2005-09-15,102.050003,102.209999,101.750000,101.940002,54.087097,165800
2005-09-16,101.940002,101.949997,101.629997,101.709999,53.965046,86400
2005-09-19,101.680000,101.879997,101.570000,101.800003,54.012775,96000
2005-09-20,101.839996,101.900002,101.430000,101.730003,53.975655,219700
2005-09-21,102.089996,102.129997,101.769997,101.959999,54.097664,233300
2005-09-22,102.089996,102.199997,101.919998,102.050003,54.145454,396000
2005-09-23,102.040001,102.040001,101.800003,101.870003,54.049923,85200
2005-09-26,101.650002,101.760002,101.540001,101.620003,53.917290,126100
2005-09-27,101.680000,101.790001,101.300003,101.550003,53.880142,297900
2005-09-28,101.639999,101.860001,101.459999,101.830002,54.028683,233800
2005-09-29,101.720001,101.790001,101.570000,101.599998,53.906662,137100
2005-09-30,101.690002,101.760002,101.339996,101.550003,53.880142,127300
2005-10-03,101.000000,101.120003,100.660004,100.870003,53.697521,86200
2005-10-04,101.029999,101.080002,100.830002,101.010002,53.772076,136500
2005-10-05,101.050003,101.220001,100.949997,101.169998,53.857250,608800
2005-10-06,101.220001,101.220001,100.949997,101.099998,53.819992,129500
2005-10-07,100.949997,101.230003,100.849998,101.000000,53.766735,81100
2005-10-10,101.089996,101.239998,101.000000,101.129997,53.835918,90100
2005-10-11,101.139999,101.190002,100.820000,100.830002,53.676250,128600
2005-10-12,100.820000,100.989998,100.720001,100.790001,53.654976,151000
2005-10-13,100.660004,100.720001,100.309998,100.529999,53.516533,108000
2005-10-14,100.599998,100.809998,100.330002,100.500000,53.500607,103500
2005-10-17,100.760002,100.800003,100.540001,100.660004,53.585777,94600
2005-10-18,100.760002,100.779999,100.519997,100.620003,53.564449,113200
2005-10-19,100.739998,100.959999,100.739998,100.800003,53.660320,138100
2005-10-20,100.739998,100.830002,100.550003,100.820000,53.670898,145000
2005-10-21,100.940002,101.190002,100.730003,101.059998,53.798687,285800
2005-10-24,101.070000,101.110001,100.730003,100.849998,53.686905,137000
2005-10-25,100.720001,100.959999,100.349998,100.550003,53.527180,481600
2005-10-26,100.379997,100.400002,100.029999,100.150002,53.314247,134900
2005-10-27,100.389999,100.449997,100.040001,100.379997,53.436676,73100
2005-10-28,100.489998,100.500000,100.040001,100.220001,53.351498,85700
2005-10-31,100.099998,100.430000,100.059998,100.209999,53.346169,91300
2005-11-01,100.080002,100.110001,99.769997,99.879997,53.364399,428000
2005-11-02,99.889999,99.970001,99.660004,99.790001,53.316296,104800
2005-11-03,99.790001,99.849998,99.339996,99.449997,53.134605,158100
2005-11-04,99.589996,99.709999,99.400002,99.550003,53.188057,121200
2005-11-07,99.690002,99.739998,99.349998,99.559998,53.193405,128300
2005-11-08,99.889999,100.010002,99.669998,99.900002,53.375076,171300
2005-11-09,99.879997,99.889999,99.570000,99.639999,53.236141,132600
2005-11-10,99.739998,100.019997,99.540001,99.989998,53.423130,177700
2005-11-11,99.820000,100.199997,99.820000,100.089996,53.476574,77800
2005-11-14,99.980003,100.000000,99.580002,99.750000,53.294907,530600
2005-11-15,99.849998,100.029999,99.690002,99.889999,53.369686,209100
2005-11-16,100.089996,100.309998,99.900002,100.120003,53.492561,150000
2005-11-17,100.230003,100.459999,100.019997,100.150002,53.508621,274600
2005-11-18,100.330002,100.400002,99.970001,100.110001,53.487274,127300
2005-11-21,100.440002,100.510002,100.239998,100.430000,53.658218,194000
2005-11-22,100.489998,100.739998,100.300003,100.690002,53.797115,202700
2005-11-23,100.739998,100.769997,100.370003,100.620003,53.759712,230400
2005-11-25,100.650002,100.709999,100.529999,100.709999,53.807850,31200
2005-11-28,100.500000,100.849998,100.489998,100.570000,53.732971,211400
2005-11-29,100.800003,100.830002,100.300003,100.430000,53.658218,199900
2005-11-30,100.519997,100.529999,100.080002,100.220001,53.546017,158200
2005-12-01,99.900002,100.110001,99.519997,99.699997,53.470398,520700
2005-12-02,99.839996,99.879997,99.589996,99.699997,53.470398,151700
2005-12-05,99.800003,99.860001,99.360001,99.750000,53.497215,308600
2005-12-06,99.860001,100.000000,99.669998,99.919998,53.588352,186000
2005-12-07,100.000000,100.059998,99.669998,99.790001,53.518700,200800
2005-12-08,100.000000,100.309998,99.900002,100.300003,53.792187,137100
2005-12-09,100.150002,100.169998,99.730003,99.959999,53.609863,175800
2005-12-12,100.050003,100.089996,99.699997,99.750000,53.497215,122400
2005-12-13,99.750000,100.129997,99.690002,100.129997,53.700996,152200
2005-12-14,100.239998,100.489998,100.139999,100.400002,53.845802,202200
2005-12-15,100.400002,100.440002,100.010002,100.300003,53.792187,300500
2005-12-16,100.570000,100.580002,100.180000,100.290001,53.786827,779300
2005-12-19,100.440002,100.599998,100.260002,100.370003,53.829742,196700
2005-12-20,100.400002,100.510002,100.230003,100.400002,53.845802,142200
2005-12-21,100.389999,100.430000,100.129997,100.400002,53.845802,179400
2005-12-22,100.500000,100.639999,100.400002,100.620003,53.963787,171200
2005-12-23,100.370003,100.940002,100.370003,100.879997,54.103226,154300
2005-12-27,100.860001,101.139999,100.800003,101.139999,54.242657,204100
2005-12-28,100.680000,100.680000,100.279999,100.400002,54.051003,1387300
2005-12-29,100.410004,100.660004,100.290001,100.470001,54.088696,185200
2005-12-30,100.559998,100.760002,100.279999,100.589996,54.153305,141000
2006-01-03,100.470001,100.720001,100.360001,100.639999,54.180264,170600
2006-01-04,100.690002,100.879997,100.610001,100.879997,54.309395,284500
2006-01-05,100.820000,100.910004,100.610001,100.879997,54.309395,203100
2006-01-06,100.879997,100.889999,100.599998,100.650002,54.185631,201100
2006-01-09,100.739998,100.889999,100.599998,100.760002,54.244831,170500
2006-01-10,100.820000,100.839996,100.550003,100.559998,54.137150,251500
2006-01-11,100.730003,100.750000,100.410004,100.489998,54.099487,111000
2006-01-12,100.519997,100.809998,100.349998,100.750000,54.239433,188200
2006-01-13,100.879997,101.129997,100.809998,101.029999,54.390232,108400
2006-01-17,101.050003,101.129997,100.790001,101.080002,54.417103,253000
2006-01-18,101.349998,101.349998,101.000000,101.199997,54.481735,142600
2006-01-19,101.040001,101.110001,100.809998,101.050003,54.400932,156500
2006-01-20,101.089996,101.190002,100.800003,101.099998,54.427891,134100
2006-01-23,101.019997,101.199997,100.900002,101.099998,54.427891,221900
2006-01-24,101.099998,101.129997,100.800003,100.930000,54.336342,209400
2006-01-25,100.930000,100.930000,100.400002,100.680000,54.201763,162600
2006-01-26,100.550003,100.599998,100.160004,100.370003,54.034931,183800
2006-01-27,100.589996,100.589996,100.250000,100.500000,54.104885,164400
2006-01-30,100.500000,100.540001,100.269997,100.510002,54.110249,130800
2006-01-31,100.510002,100.599998,100.250000,100.529999,54.120983,174300
2006-02-01,100.150002,100.199997,99.800003,99.879997,53.970226,459300
2006-02-02,99.989998,100.110001,99.809998,99.949997,54.008087,150400
2006-02-03,99.839996,100.230003,99.800003,100.230003,54.159370,145000
2006-02-06,100.070000,100.290001,100.010002,100.209999,54.148521,119800
2006-02-07,100.330002,100.339996,99.930000,100.139999,54.110748,122900
2006-02-08,100.190002,100.239998,100.029999,100.089996,54.083752,146800
2006-02-09,100.129997,100.250000,99.910004,100.150002,54.116146,144200
2006-02-10,100.139999,100.230003,99.820000,99.940002,54.002666,118100
2006-02-13,99.989998,100.010002,99.820000,100.010002,54.040516,109600
2006-02-14,99.849998,99.980003,99.750000,99.849998,53.954056,237600
2006-02-15,100.080002,100.099998,99.820000,99.959999,54.013508,199000
2006-02-16,99.949997,100.050003,99.849998,99.860001,53.959480,148300
2006-02-17,99.919998,100.309998,99.919998,100.269997,54.180962,155800
2006-02-21,100.269997,100.290001,99.879997,99.900002,53.981121,276700
2006-02-22,100.139999,100.410004,100.139999,100.300003,54.197227,79400
2006-02-23,100.339996,100.339996,100.040001,100.239998,54.164757,157900
2006-02-24,100.129997,100.400002,100.029999,100.320000,54.208008,150500
2006-02-27,100.389999,100.419998,100.029999,100.110001,54.094536,189300
2006-02-28,100.459999,100.570000,100.300003,100.320000,54.208008,169000
2006-03-01,100.120003,100.150002,99.779999,99.949997,54.209644,182800
2006-03-02,99.849998,99.849998,99.470001,99.699997,54.074013,134000
2006-03-03,99.629997,99.629997,99.419998,99.500000,53.965588,229300
2006-03-06,99.400002,99.459999,98.919998,98.949997,53.667278,237300
2006-03-07,99.250000,99.370003,99.099998,99.199997,53.802876,211200
2006-03-08,99.349998,99.349998,99.099998,99.250000,53.830021,196100
2006-03-09,99.309998,99.389999,99.080002,99.120003,53.759457,105700
2006-03-10,99.230003,99.320000,98.970001,99.160004,53.781166,85600
2006-03-13,99.260002,99.339996,99.180000,99.339996,53.878780,198900
2006-03-14,99.410004,99.669998,99.300003,99.669998,54.057762,345800
2006-03-15,99.379997,99.580002,99.279999,99.400002,53.911324,181100
2006-03-16,99.610001,99.879997,99.529999,99.820000,54.139107,122000
2006-03-17,99.790001,99.790001,99.500000,99.599998,54.019817,253400
2006-03-20,99.699997,99.750000,99.540001,99.559998,53.998077,460900
2006-03-21,99.580002,99.650002,99.230003,99.300003,53.857121,165400
2006-03-22,99.620003,99.720001,99.449997,99.480003,53.954704,117200
2006-03-23,99.699997,99.739998,99.400002,99.400002,53.911324,168700
2006-03-24,99.580002,99.900002,99.500000,99.570000,54.003555,109300
2006-03-27,99.709999,99.750000,99.500000,99.650002,54.046932,190100
2006-03-28,99.599998,99.639999,99.300003,99.400002,53.911324,181600
2006-03-29,99.320000,99.410004,99.010002,99.199997,53.802876,370200
2006-03-30,99.110001,99.230003,98.699997,98.750000,53.558800,857800
2006-03-31,98.910004,99.169998,98.910004,99.080002,53.737785,154000
2006-04-03,98.529999,98.680000,98.419998,98.599998,53.685017,175400
2006-04-04,98.660004,98.879997,98.599998,98.730003,53.755745,499500
2006-04-05,98.959999,98.959999,98.699997,98.800003,53.793865,195900
2006-04-06,98.790001,98.800003,98.599998,98.720001,53.750294,282000
2006-04-07,98.570000,98.570000,98.169998,98.389999,53.570663,250100
2006-04-10,98.059998,98.330002,98.059998,98.300003,53.521614,267400
2006-04-11,98.489998,98.589996,98.260002,98.500000,53.630474,194800
2006-04-12,98.419998,98.639999,98.209999,98.410004,53.581490,171400
2006-04-13,98.190002,98.349998,98.050003,98.209999,53.472584,182200
2006-04-17,98.250000,98.389999,98.050003,98.370003,53.559708,109200
2006-04-18,98.370003,98.500000,98.269997,98.300003,53.521614,205900
2006-04-19,98.410004,98.449997,98.099998,98.389999,53.570663,233000
2006-04-20,98.410004,98.440002,98.059998,98.239998,53.488926,242300
2006-04-21,98.239998,98.419998,98.080002,98.230003,53.483513,396000
2006-04-24,98.489998,98.650002,98.320000,98.599998,53.685017,141300
2006-04-25,98.550003,98.550003,98.029999,98.269997,53.505272,110000
2006-04-26,98.120003,98.199997,97.949997,98.099998,53.412701,128300
2006-04-27,98.000000,98.459999,97.949997,98.330002,53.537983,143400
2006-04-28,98.440002,98.550003,98.209999,98.550003,53.657738,219900
2006-05-01,98.089996,98.089996,97.680000,97.790001,53.447338,163000
2006-05-02,97.830002,97.959999,97.699997,97.889999,53.501934,123000
2006-05-03,97.889999,97.930000,97.510002,97.820000,53.463730,128600
2006-05-04,97.339996,97.860001,97.339996,97.769997,53.436375,103100
2006-05-05,98.139999,98.139999,97.769997,97.949997,53.534748,128600
2006-05-08,97.989998,98.050003,97.860001,98.019997,53.573013,116000
2006-05-09,97.940002,98.019997,97.860001,97.970001,53.545673,172500
2006-05-10,97.970001,98.190002,97.220001,97.860001,53.485588,170700
2006-05-11,97.910004,97.910004,97.699997,97.800003,53.452782,186900
2006-05-12,97.720001,97.800003,97.370003,97.589996,53.338009,181800
2006-05-15,97.699997,97.870003,97.610001,97.650002,53.370811,126100
2006-05-16,97.650002,98.169998,97.650002,98.129997,53.633141,471300
2006-05-17,97.760002,97.849998,97.410004,97.849998,53.480141,163200
2006-05-18,98.070000,98.260002,98.040001,98.260002,53.704224,224200
2006-05-19,98.169998,98.410004,98.129997,98.239998,53.693241,316800
2006-05-22,98.430000,98.550003,98.169998,98.260002,53.704224,374300
2006-05-23,98.050003,98.199997,97.910004,97.989998,53.556622,246100
2006-05-24,98.190002,98.419998,98.010002,98.010002,53.567543,192300
2006-05-25,98.250000,98.389999,97.919998,98.000000,53.562119,189500
2006-05-26,98.290001,98.529999,98.010002,98.419998,53.791660,275000
2006-05-30,98.199997,98.269997,98.099998,98.199997,53.671379,203400
2006-05-31,98.309998,98.309998,97.910004,97.980003,53.551144,415500
2006-06-01,97.639999,97.720001,97.410004,97.519997,53.508896,461500
2006-06-02,98.150002,98.279999,98.000000,98.269997,53.920429,115500
2006-06-05,97.959999,98.260002,97.949997,97.949997,53.744839,356200
2006-06-06,98.080002,98.250000,97.879997,98.209999,53.887539,255500
2006-06-07,98.120003,98.139999,97.849998,97.900002,53.717415,320000
2006-06-08,98.180000,98.440002,98.010002,98.230003,53.898502,205100
2006-06-09,98.110001,98.410004,98.110001,98.370003,53.975327,166800
2006-06-12,98.360001,98.360001,98.059998,98.070000,53.810734,193700
2006-06-13,98.400002,98.440002,98.110001,98.349998,53.964344,258900
2006-06-14,98.199997,98.250000,97.849998,97.980003,53.761330,158000
2006-06-15,97.919998,97.940002,96.000000,97.820000,53.673550,114800
2006-06-16,97.970001,98.000000,97.559998,97.760002,53.640598,227900
2006-06-19,97.639999,97.750000,97.419998,97.500000,53.497971,164400
2006-06-20,97.610001,97.629997,97.419998,97.559998,53.530853,109200
2006-06-21,97.510002,97.690002,97.410004,97.589996,53.547348,95700
2006-06-22,97.580002,97.580002,97.080002,97.169998,53.316853,248700
2006-06-23,97.230003,97.309998,97.110001,97.220001,53.344326,331800
2006-06-26,97.010002,97.279999,96.910004,96.940002,53.190659,561200
2006-06-27,97.279999,97.300003,97.010002,97.209999,53.338814,746000
2006-06-28,97.360001,97.360001,97.099998,97.110001,53.283958,108000
2006-06-29,97.150002,97.470001,97.099998,97.449997,53.470535,248100
2006-06-30,97.550003,97.620003,97.400002,97.440002,53.465015,187400
2006-07-03,96.989998,97.360001,96.989998,97.199997,53.546490,88800
2006-07-05,97.220001,97.220001,96.709999,96.910004,53.386841,260100
2006-07-06,97.089996,97.089996,96.870003,97.000000,53.436363,137000
2006-07-07,97.129997,97.540001,97.110001,97.360001,53.634701,427600
2006-07-10,97.480003,97.540001,97.360001,97.449997,53.684296,92600
2006-07-11,97.599998,97.699997,97.459999,97.610001,53.772385,204000
2006-07-12,97.500000,97.669998,97.400002,97.669998,53.805473,173100
2006-07-13,97.529999,97.800003,97.529999,97.750000,53.849545,499200
2006-07-14,97.800003,97.889999,97.629997,97.879997,53.921192,738700
2006-07-17,97.790001,97.830002,97.650002,97.669998,53.805473,187300
2006-07-18,97.580002,97.699997,97.470001,97.599998,53.766930,223900
2006-07-19,97.470001,97.980003,97.410004,97.980003,53.976265,121400
2006-07-20,97.839996,98.160004,97.809998,98.080002,54.031307,91500
2006-07-21,98.260002,98.279999,98.010002,98.019997,53.998268,139800
2006-07-24,98.080002,98.209999,98.050003,98.169998,54.080906,172500
2006-07-25,98.160004,98.160004,97.930000,98.089996,54.036789,86500
2006-07-26,98.059998,98.330002,97.949997,98.150002,54.069901,117200
2006-07-27,98.290001,98.400002,98.050003,98.309998,54.158039,135700
2006-07-28,98.529999,98.589996,98.360001,98.519997,54.273735,105400
2006-07-31,98.500000,98.610001,98.400002,98.400002,54.207638,491100
2006-08-01,98.180000,98.250000,97.910004,98.230003,54.339806,195000
2006-08-02,98.339996,98.430000,98.199997,98.269997,54.361954,127400
2006-08-03,98.389999,98.440002,98.150002,98.290001,54.373074,330100
2006-08-04,98.550003,98.709999,98.550003,98.599998,54.544544,136000
2006-08-07,98.620003,98.669998,98.510002,98.610001,54.550076,209400
2006-08-08,98.589996,98.769997,98.510002,98.610001,54.550076,137300
2006-08-09,98.449997,98.709999,98.449997,98.690002,54.594273,131700
2006-08-10,98.690002,98.699997,98.349998,98.639999,54.566601,143700
2006-08-11,98.519997,98.519997,98.389999,98.470001,54.472584,109600
2006-08-14,98.419998,98.440002,98.239998,98.360001,54.411724,195400
2006-08-15,98.660004,98.739998,98.529999,98.599998,54.544544,269400
2006-08-16,99.050003,99.050003,98.900002,98.930000,54.727100,188300
2006-08-17,99.139999,99.139999,98.910004,98.940002,54.732624,143200
2006-08-18,99.120003,99.160004,98.989998,99.010002,54.771294,449000
2006-08-21,99.190002,99.260002,99.070000,99.250000,54.904125,350600
2006-08-22,99.209999,99.300003,99.129997,99.269997,54.915115,432000
2006-08-23,99.199997,99.300003,99.059998,99.230003,54.893044,157200
2006-08-24,99.360001,99.370003,99.220001,99.220001,54.887489,199600
2006-08-25,99.320000,99.440002,99.220001,99.320000,54.942802,173600
2006-08-28,99.220001,99.400002,99.180000,99.230003,54.893044,294200
2006-08-29,99.260002,99.300003,99.050003,99.269997,54.915115,134600
2006-08-30,99.309998,99.449997,99.309998,99.419998,54.998085,146500
2006-08-31,99.489998,99.720001,99.459999,99.550003,55.070023,169200
2006-09-01,99.150002,99.290001,99.059998,99.169998,55.077301,125000
2006-09-05,99.199997,99.290001,99.040001,99.050003,55.010586,137500
2006-09-06,99.010002,99.120003,98.940002,99.070000,55.021732,142200
2006-09-07,99.050003,99.239998,98.959999,99.040001,55.005108,273300
2006-09-08,99.269997,99.330002,99.169998,99.169998,55.077301,120400
2006-09-11,99.260002,99.300003,99.059998,99.099998,55.038380,190800
2006-09-12,99.169998,99.370003,99.089996,99.339996,55.171680,126600
2006-09-13,99.489998,99.529999,99.320000,99.419998,55.216099,130600
2006-09-14,99.389999,99.459999,99.260002,99.279999,55.138336,172400
2006-09-15,99.449997,99.449997,99.250000,99.250000,55.121704,122500
2006-09-18,98.860001,99.250000,98.860001,99.230003,55.110600,237400
2006-09-19,99.470001,99.570000,99.400002,99.459999,55.238297,133100
2006-09-20,99.690002,99.750000,99.510002,99.570000,55.299450,215500
2006-09-21,99.690002,100.029999,99.500000,100.000000,55.538277,259600
2006-09-22,100.129997,100.239998,100.050003,100.059998,55.571491,271000
2006-09-25,100.260002,100.419998,100.220001,100.260002,55.682659,177400
2006-09-26,100.349998,100.379997,100.209999,100.250000,55.677105,340200
2006-09-27,100.400002,100.529999,100.209999,100.209999,55.654835,430400
2006-09-28,100.290001,100.290001,100.080002,100.239998,55.671516,155400
2006-09-29,100.220001,100.349998,100.080002,100.160004,55.627094,414400
2006-10-02,99.739998,99.949997,99.699997,99.839996,55.679546,174200
2006-10-03,99.889999,99.900002,99.610001,99.820000,55.668346,342400
2006-10-04,99.900002,100.220001,99.809998,100.209999,55.885868,252200
2006-10-05,100.110001,100.110001,99.900002,99.900002,55.713001,207800
2006-10-06,99.860001,99.860001,99.529999,99.529999,55.506599,328500
2006-10-09,99.620003,99.750000,99.580002,99.739998,55.623730,181900
2006-10-10,99.470001,99.500000,99.320000,99.349998,55.406273,336400
2006-10-11,99.480003,99.510002,99.150002,99.239998,55.344902,275600
2006-10-12,99.339996,99.500000,99.239998,99.339996,55.400665,261200
2006-10-13,99.199997,99.220001,99.059998,99.089996,55.261230,257400
2006-10-16,99.339996,99.339996,99.150002,99.250000,55.350483,192400
2006-10-17,99.580002,99.599998,99.320000,99.400002,55.434124,144600
2006-10-18,99.419998,99.550003,99.360001,99.519997,55.501072,304700
2006-10-19,99.389999,99.480003,99.290001,99.470001,55.473186,174200
2006-10-20,99.480003,99.500000,99.360001,99.440002,55.456413,143300
2006-10-23,99.199997,99.250000,99.110001,99.150002,55.294670,199000
2006-10-24,99.239998,99.320000,99.199997,99.260002,55.356052,209000
2006-10-25,99.199997,99.589996,99.199997,99.500000,55.489910,239900
2006-10-26,99.690002,99.860001,99.599998,99.839996,55.679546,185900
2006-10-27,100.120003,100.120003,99.820000,100.040001,55.791035,266300
2006-10-30,100.019997,100.070000,99.930000,100.059998,55.802193,175300
2006-10-31,100.059998,100.430000,100.019997,100.430000,56.008549,189800
2006-11-01,100.050003,100.190002,99.800003,100.180000,56.104885,773100
2006-11-02,100.000000,100.089996,99.980003,100.070000,56.043282,249400
2006-11-03,99.660004,99.699997,99.379997,99.550003,55.752033,172600
2006-11-06,99.500000,99.629997,99.419998,99.550003,55.752033,240000
2006-11-07,99.849998,100.000000,99.769997,99.800003,55.892075,225400
2006-11-08,99.860001,100.089996,99.860001,100.070000,56.043282,185400
2006-11-09,100.029999,100.120003,99.949997,100.099998,56.060020,127200
2006-11-10,100.250000,100.339996,100.120003,100.320000,56.183250,145400
2006-11-13,100.169998,100.250000,100.050003,100.199997,56.116051,187800
2006-11-14,100.440002,100.480003,100.290001,100.339996,56.194473,191800
2006-11-15,100.279999,100.279999,100.070000,100.150002,56.088074,213000
2006-11-16,100.360001,100.370003,99.980003,100.059998,56.037663,305100
2006-11-17,100.110001,100.349998,100.080002,100.320000,56.183250,534400
2006-11-20,100.349998,100.430000,100.239998,100.389999,56.222523,222200
2006-11-21,100.389999,100.540001,100.300003,100.519997,56.295307,251200
2006-11-22,100.470001,100.680000,100.449997,100.660004,56.373714,274000
2006-11-24,100.699997,100.779999,100.650002,100.690002,56.390461,176200
2006-11-27,100.519997,100.730003,100.410004,100.639999,56.362476,191000
2006-11-28,100.870003,100.940002,100.599998,100.910004,56.513714,269600
2006-11-29,100.940002,100.949997,100.690002,100.760002,56.429710,300900
2006-11-30,100.940002,101.129997,100.860001,101.070000,56.603321,210500
2006-12-01,100.639999,100.970001,100.550003,100.860001,56.709042,354500
2006-12-04,100.860001,100.989998,100.720001,100.959999,56.765244,184600
2006-12-05,101.029999,101.029999,100.750000,100.900002,56.731480,348500
2006-12-06,100.820000,100.889999,100.750000,100.820000,56.686520,222800
2006-12-07,100.739998,100.769997,100.620003,100.730003,56.635918,169600
2006-12-08,100.680000,100.730003,100.489998,100.519997,56.517872,364200
2006-12-11,100.589996,100.650002,100.500000,100.500000,56.506592,249200
2006-12-12,100.699997,100.800003,100.599998,100.779999,56.664032,222000
2006-12-13,100.589996,100.620003,100.400002,100.470001,56.489738,215700
2006-12-14,100.480003,100.480003,100.260002,100.330002,56.411015,2320000
2006-12-15,100.830002,100.830002,100.220001,100.309998,56.399780,314000
2006-12-18,100.370003,100.389999,100.260002,100.370003,56.433537,236000
2006-12-19,100.320000,100.449997,100.290001,100.440002,56.472862,252900
2006-12-20,100.410004,100.500000,100.339996,100.400002,56.450367,333500
2006-12-21,100.480003,100.660004,100.230003,100.599998,56.562794,306000
2006-12-22,100.519997,100.540001,100.279999,100.510002,56.512203,461300
2006-12-26,100.279999,100.500000,100.279999,100.480003,56.495396,166000
2006-12-27,100.010002,100.110001,99.660004,99.839996,56.342445,781500
2006-12-28,99.949997,99.980003,99.610001,99.709999,56.269081,326900
2006-12-29,99.730003,99.730003,99.610001,99.699997,56.263409,278800
2007-01-03,100.000000,100.070000,99.790001,99.910004,56.381950,471200
2007-01-04,100.029999,100.190002,99.940002,100.120003,56.500439,1745500
2007-01-05,100.000000,100.089996,99.900002,100.050003,56.460972,318200
2007-01-08,100.150002,100.150002,100.010002,100.110001,56.494759,281700
2007-01-09,100.169998,100.169998,100.040001,100.110001,56.494759,361300
2007-01-10,100.110001,100.110001,99.910004,100.000000,56.432739,697900
2007-01-11,100.040001,100.089996,99.739998,99.809998,56.325500,445200
2007-01-12,99.800003,99.849998,99.599998,99.669998,56.246445,232500
2007-01-16,99.820000,99.919998,99.669998,99.800003,56.319862,448700
2007-01-17,99.889999,99.959999,99.669998,99.739998,56.286015,258800
2007-01-18,99.739998,99.910004,99.650002,99.879997,56.365009,290600
2007-01-19,99.930000,99.930000,99.730003,99.839996,56.342445,309200
2007-01-22,99.910004,99.919998,99.790001,99.889999,56.370655,263600
2007-01-23,99.889999,99.889999,99.639999,99.699997,56.263409,334200
2007-01-24,99.839996,99.839996,99.650002,99.669998,56.246445,358000
2007-01-25,99.709999,99.709999,99.440002,99.540001,56.173153,296700
2007-01-26,99.459999,99.570000,99.349998,99.529999,56.167465,289500
2007-01-29,99.680000,99.690002,99.339996,99.400002,56.094124,388400
2007-01-30,99.550003,99.559998,99.370003,99.550003,56.178757,293100
2007-01-31,99.510002,99.820000,99.449997,99.629997,56.223915,386400
2007-02-01,99.760002,99.760002,99.220001,99.290001,56.253944,821500
2007-02-02,99.389999,99.489998,99.279999,99.430000,56.333237,445100
2007-02-05,99.570000,99.610001,99.470001,99.589996,56.423893,248000
2007-02-06,99.699997,99.800003,99.370003,99.779999,56.531563,236400
2007-02-07,99.860001,99.940002,99.720001,99.900002,56.599575,289800
2007-02-08,99.870003,100.000000,99.809998,99.959999,56.633537,353800
2007-02-09,99.800003,99.830002,99.519997,99.730003,56.503212,419600
2007-02-12,99.680000,99.730003,99.459999,99.629997,56.446579,304700
2007-02-13,99.529999,99.709999,99.379997,99.620003,56.440933,227400
2007-02-14,99.790001,100.019997,99.680000,100.000000,56.656212,269400
2007-02-15,100.160004,100.220001,100.059998,100.139999,56.735516,438500
2007-02-16,100.139999,100.239998,100.089996,100.209999,56.775204,309400
2007-02-20,100.160004,100.290001,100.050003,100.260002,56.803486,252400
2007-02-21,100.160004,100.269997,100.019997,100.250000,56.797825,223600
2007-02-22,100.180000,100.180000,100.010002,100.050003,56.684528,188000
2007-02-23,100.110001,100.370003,100.110001,100.290001,56.820511,360200
2007-02-26,100.410004,100.540001,100.349998,100.510002,56.945171,222700
2007-02-27,100.919998,101.669998,100.559998,100.919998,57.177452,379300
2007-02-28,100.919998,100.959999,100.620003,100.849998,57.137806,533700
2007-03-01,100.699997,100.720001,100.290001,100.440002,57.128639,662900
2007-03-02,100.540001,100.680000,100.389999,100.650002,57.248100,187600
2007-03-05,100.690002,100.690002,100.430000,100.589996,57.214069,264700
2007-03-06,100.410004,100.599998,100.410004,100.519997,57.174191,221300
2007-03-07,100.570000,100.690002,100.459999,100.599998,57.219669,296500
2007-03-08,100.599998,100.660004,100.459999,100.510002,57.168514,351700
2007-03-09,100.330002,100.389999,100.209999,100.230003,57.009232,309900
2007-03-12,100.470001,100.550003,100.320000,100.540001,57.185547,224200
2007-03-13,100.669998,100.800003,100.550003,100.800003,57.333462,344300
2007-03-14,100.720001,100.870003,100.610001,100.680000,57.265163,468700
2007-03-15,100.809998,100.809998,100.519997,100.570000,57.202606,201400
2007-03-16,100.550003,100.639999,100.449997,100.580002,57.208267,264100
2007-03-19,100.489998,100.529999,100.360001,100.510002,57.168514,181300
2007-03-20,100.680000,100.690002,100.500000,100.610001,57.225353,446400
2007-03-21,100.550003,100.820000,100.480003,100.739998,57.299309,664300
2007-03-22,100.690002,100.709999,100.400002,100.550003,57.191265,210200
2007-03-23,100.669998,100.669998,100.309998,100.410004,57.111588,226200
2007-03-26,100.400002,100.650002,100.279999,100.349998,57.077473,444100
2007-03-27,100.449997,100.489998,100.269997,100.370003,57.088905,275600
2007-03-28,100.550003,100.650002,100.339996,100.419998,57.117313,217600
2007-03-29,100.360001,100.419998,100.209999,100.260002,57.026276,223000
2007-03-30,100.419998,100.430000,100.070000,100.260002,57.026276,435200
2007-04-02,100.190002,100.190002,99.809998,100.000000,57.099915,1065300
2007-04-03,99.980003,100.019997,99.779999,99.900002,57.042847,390600
2007-04-04,100.010002,100.110001,99.910004,100.010002,57.105640,181400
2007-04-05,100.010002,100.019997,99.820000,99.919998,57.054272,269600
2007-04-09,99.699997,99.709999,99.500000,99.540001,56.837296,324200
2007-04-10,99.739998,99.860001,99.540001,99.690002,56.922985,314700
2007-04-11,99.839996,99.910004,99.510002,99.629997,56.888737,344200
2007-04-12,99.650002,99.830002,99.629997,99.750000,56.957230,274100
2007-04-13,99.790001,99.790001,99.459999,99.589996,56.865849,291600
2007-04-16,99.650002,99.800003,99.570000,99.790001,56.980015,396400
2007-04-17,99.910004,100.080002,99.839996,100.080002,57.145576,368200
2007-04-18,100.190002,100.239998,100.059998,100.230003,57.231274,160100
2007-04-19,100.300003,100.300003,100.050003,100.190002,57.208424,223500
2007-04-20,100.260002,100.260002,100.019997,100.139999,57.179893,162100
2007-04-23,100.180000,100.300003,100.029999,100.239998,57.237007,409600
2007-04-24,100.309998,100.449997,100.260002,100.290001,57.265560,227500
2007-04-25,100.370003,100.449997,100.199997,100.330002,57.288425,401800
2007-04-26,100.309998,100.309998,100.059998,100.139999,57.179893,251900
2007-04-27,100.160004,100.209999,100.029999,100.120003,57.168499,169100
2007-04-30,100.300003,100.459999,100.239998,100.459999,57.362602,298600
2007-05-01,100.000000,100.099998,99.800003,100.019997,57.329357,1029900
2007-05-02,100.080002,100.769997,99.800003,100.050003,57.346531,255200
2007-05-03,100.010002,100.059998,99.809998,99.940002,57.283501,267900
2007-05-04,100.059998,100.129997,99.940002,100.070000,57.358002,233700
2007-05-07,100.050003,100.169998,99.970001,100.169998,57.415371,301500
2007-05-08,100.190002,100.199997,100.019997,100.059998,57.352287,291000
2007-05-09,100.190002,100.190002,99.930000,99.940002,57.283501,302100
2007-05-10,100.050003,100.120003,99.940002,100.110001,57.380978,218200
2007-05-11,100.220001,100.230003,99.839996,99.910004,57.266296,185100
2007-05-14,100.000000,100.019997,99.760002,99.930000,57.277843,247300
2007-05-15,99.989998,100.000000,99.750000,99.889999,57.254799,266100
2007-05-16,99.750000,99.930000,99.699997,99.910004,57.266296,238800
2007-05-17,99.790001,99.830002,99.669998,99.739998,57.168892,212200
2007-05-18,99.680000,99.739998,99.410004,99.449997,57.002674,431900
2007-05-21,99.529999,99.650002,99.410004,99.650002,57.117317,316500
2007-05-22,99.639999,99.639999,99.309998,99.449997,57.002674,353000
2007-05-23,99.400002,99.519997,99.160004,99.370003,56.956768,1081300
2007-05-24,99.239998,99.410004,99.040001,99.410004,56.979755,339300
2007-05-25,99.320000,99.410004,99.169998,99.360001,56.951073,222200
2007-05-29,99.360001,99.389999,99.150002,99.260002,56.893711,222700
2007-05-30,99.449997,99.470001,99.269997,99.379997,56.962532,577600
2007-05-31,99.250000,99.349998,99.120003,99.160004,56.836449,506000
2007-06-01,98.720001,98.769997,98.529999,98.629997,56.777748,942500
2007-06-04,98.709999,98.769997,98.610001,98.750000,56.846832,299000
2007-06-05,98.669998,98.699997,98.370003,98.470001,56.685635,244800
2007-06-06,98.519997,98.540001,98.300003,98.510002,56.708637,1001300
2007-06-07,98.230003,98.230003,97.699997,97.830002,56.317204,319500
2007-06-08,97.599998,97.860001,97.570000,97.709999,56.248081,389700
2007-06-11,97.580002,97.889999,97.570000,97.779999,56.288406,261000
2007-06-12,97.550003,97.570000,97.110001,97.199997,55.954498,380400
2007-06-13,97.110001,97.500000,97.099998,97.349998,56.040859,407100
2007-06-14,97.470001,97.680000,97.389999,97.540001,56.150276,230700
2007-06-15,97.660004,97.910004,97.540001,97.889999,56.351746,470200
2007-06-18,97.849998,97.980003,97.660004,97.959999,56.392002,242200
2007-06-19,98.120003,98.339996,98.019997,98.269997,56.570484,300900
2007-06-20,98.040001,98.150002,97.849998,97.970001,56.397762,298700
2007-06-21,97.940002,98.050003,97.779999,97.849998,56.328667,340000
2007-06-22,97.849998,98.080002,97.629997,98.080002,56.461124,357900
2007-06-25,98.239998,98.290001,98.040001,98.169998,56.512917,305000
2007-06-26,98.169998,98.269997,98.010002,98.050003,56.443829,639900
2007-06-27,98.360001,98.459999,98.129997,98.239998,56.553223,214500
2007-06-28,98.209999,98.330002,98.040001,98.169998,56.512917,293500
2007-06-29,98.309998,98.459999,98.180000,98.360001,56.622292,506700
2007-07-02,97.959999,98.360001,97.959999,98.199997,56.773216,2726200
2007-07-03,98.339996,98.489998,98.040001,98.089996,56.709602,384200
2007-07-05,97.959999,97.959999,97.500000,97.680000,56.472565,453000
2007-07-06,97.410004,97.599998,97.320000,97.510002,56.374287,281300
2007-07-09,97.709999,97.730003,97.519997,97.680000,56.472565,232100
2007-07-10,97.949997,98.110001,97.779999,98.099998,56.715401,712600
2007-07-11,98.209999,98.209999,97.760002,97.879997,56.588188,233300
2007-07-12,98.019997,98.019997,97.669998,97.779999,56.530346,234100
2007-07-13,97.980003,98.000000,97.699997,97.900002,56.599747,247600
2007-07-16,97.970001,98.220001,97.870003,98.099998,56.715401,279500
2007-07-17,98.040001,98.129997,97.849998,97.919998,56.611259,221300
2007-07-18,97.949997,98.320000,97.930000,98.169998,56.755829,226700
2007-07-19,98.059998,98.220001,98.000000,98.169998,56.755829,321200
2007-07-20,98.150002,98.580002,98.120003,98.400002,56.888805,316300
2007-07-23,98.239998,98.480003,98.220001,98.339996,56.854111,255600
2007-07-24,98.389999,98.559998,98.349998,98.540001,56.969780,208800
2007-07-25,98.230003,98.650002,98.230003,98.480003,56.935043,580900
2007-07-26,98.570000,99.000000,98.550003,98.830002,57.137402,324600
2007-07-27,98.709999,98.889999,98.580002,98.730003,57.079582,329000
2007-07-30,98.809998,98.870003,98.610001,98.680000,57.050709,389300
2007-07-31,98.629997,99.010002,98.599998,98.989998,57.229912,529100
2007-08-01,98.519997,98.599998,98.330002,98.330002,57.096947,814500
2007-08-02,98.320000,98.480003,98.160004,98.279999,57.067928,566300
2007-08-03,98.519997,98.709999,98.389999,98.709999,57.317596,371600
2007-08-06,98.860001,98.860001,98.449997,98.550003,57.224674,231000
2007-08-07,98.599998,98.779999,98.410004,98.480003,57.184067,280300
2007-08-08,98.480003,98.489998,98.169998,98.360001,57.114407,277200
2007-08-09,98.459999,98.570000,98.320000,98.480003,57.184067,271600
2007-08-10,98.680000,98.680000,98.120003,98.150002,56.992428,398700
2007-08-13,98.040001,98.489998,98.040001,98.330002,57.096947,220200
2007-08-14,98.290001,98.680000,98.290001,98.599998,57.253693,250900
2007-08-15,98.790001,98.800003,98.470001,98.730003,57.329197,224900
2007-08-16,98.720001,98.980003,98.430000,98.669998,57.294395,541400
2007-08-17,98.669998,98.970001,98.419998,98.889999,57.422115,311800
2007-08-20,98.900002,99.019997,98.790001,98.800003,57.369869,252400
2007-08-21,99.309998,99.379997,99.110001,99.260002,57.636990,224600
2007-08-22,99.150002,99.260002,98.959999,99.180000,57.590477,545300
2007-08-23,99.160004,99.320000,99.010002,99.300003,57.660202,522300
2007-08-24,99.269997,99.309998,99.029999,99.050003,57.514984,293700
2007-08-27,99.239998,99.440002,99.169998,99.349998,57.689213,301600
2007-08-28,99.410004,99.769997,99.370003,99.750000,57.921505,187700
2007-08-29,99.769997,99.849998,99.540001,99.550003,57.805367,201400
2007-08-30,99.739998,99.830002,99.639999,99.760002,57.927280,186400
2007-08-31,99.699997,100.089996,99.519997,99.820000,57.962154,201000
2007-09-04,99.980003,101.000000,99.099998,99.279999,57.897423,554500
2007-09-05,99.089996,99.739998,99.089996,99.599998,58.084038,294600
2007-09-06,99.639999,99.730003,99.510002,99.580002,58.072342,761000
2007-09-07,99.930000,100.230003,99.750000,100.199997,58.433887,353400
2007-09-10,100.290001,100.540001,100.129997,100.440002,58.573898,285900
2007-09-11,100.029999,100.410004,100.029999,100.260002,58.468899,687000
2007-09-12,100.209999,100.260002,100.019997,100.120003,58.387276,2039700
2007-09-13,99.800003,99.940002,99.629997,99.830002,58.218147,790400
2007-09-14,100.099998,100.129997,99.699997,99.900002,58.259014,320600
2007-09-17,99.860001,99.959999,99.769997,99.940002,58.282261,278000
2007-09-18,99.830002,100.349998,99.599998,100.150002,58.404766,628000
2007-09-19,100.099998,100.190002,99.830002,100.129997,58.393131,441200
2007-09-20,99.940002,99.959999,99.349998,99.419998,57.979073,282100
2007-09-21,99.599998,99.739998,99.330002,99.709999,58.148193,465700
2007-09-24,99.730003,99.739998,99.500000,99.720001,58.154007,274000
2007-09-25,99.959999,100.010002,99.760002,99.800003,58.200653,260000
2007-09-26,99.669998,99.839996,99.449997,99.699997,58.142326,702100
2007-09-27,99.650002,100.000000,99.650002,99.870003,58.241528,380900
2007-09-28,99.980003,100.260002,99.809998,100.019997,58.328934,336100
2007-10-01,99.820000,99.830002,99.269997,99.269997,58.132191,3538500
2007-10-02,99.180000,99.739998,99.180000,99.650002,58.354706,282100
2007-10-03,99.860001,99.900002,99.510002,99.699997,58.383987,327100
2007-10-04,99.790001,99.900002,99.510002,99.660004,58.360569,445000
2007-10-05,99.320000,99.650002,98.239998,98.870003,57.897949,750200
2007-10-08,99.360001,99.949997,99.080002,99.650002,58.354706,367700
2007-10-09,99.529999,99.589996,99.160004,99.440002,58.231789,182700
2007-10-10,99.459999,99.650002,99.190002,99.570000,58.307896,711600
2007-10-11,99.389999,99.639999,99.239998,99.639999,58.348885,258000
2007-10-12,99.550003,99.650002,99.320000,99.449997,58.237621,470400
2007-10-15,99.430000,99.500000,99.250000,99.480003,58.255207,200800
2007-10-16,99.660004,99.720001,99.449997,99.639999,58.348885,266400
2007-10-17,99.660004,100.029999,99.620003,99.980003,58.547970,243600
2007-10-18,100.279999,100.300003,100.070000,100.269997,58.717789,270000
2007-10-19,100.500000,100.730003,100.339996,100.730003,58.987152,732700
2007-10-22,100.809998,100.809998,100.500000,100.699997,58.969597,284500
2007-10-23,100.639999,100.669998,100.449997,100.669998,58.952045,328900
2007-10-24,100.870003,101.199997,100.699997,101.110001,59.209679,1018400
2007-10-25,101.129997,101.139999,100.830002,100.849998,59.057404,236200
2007-10-26,100.760002,101.000000,100.610001,100.760002,59.004768,348000
2007-10-29,100.779999,100.889999,100.599998,100.760002,59.004768,261000
2007-10-30,100.849998,100.889999,100.699997,100.889999,59.080826,252400
2007-10-31,100.559998,100.860001,100.410004,100.610001,58.916904,767000
2007-11-01,100.300003,100.660004,100.260002,100.440002,59.062149,251200
2007-11-02,100.459999,100.900002,100.430000,100.550003,59.126827,401100
2007-11-05,100.769997,100.769997,100.459999,100.459999,59.073914,509700
2007-11-06,100.400002,100.510002,100.169998,100.330002,58.997459,418000
2007-11-07,100.400002,100.419998,100.120003,100.349998,59.009220,716100
2007-11-08,100.510002,100.570000,100.279999,100.449997,59.067997,469700
2007-11-09,100.669998,100.839996,100.550003,100.800003,59.273827,184600
2007-11-12,100.500000,100.839996,100.500000,100.660004,59.191490,224000
2007-11-13,100.750000,100.809998,100.550003,100.669998,59.197376,276100
2007-11-14,100.540001,100.650002,100.400002,100.629997,59.173859,336000
2007-11-15,100.809998,101.110001,100.629997,101.059998,59.426704,493500
2007-11-16,101.000000,101.099998,100.849998,100.989998,59.385563,1810900
2007-11-19,100.809998,101.379997,100.809998,101.209999,59.514935,416800
2007-11-20,101.230003,101.250000,100.889999,101.000000,59.391438,332100
2007-11-21,101.410004,101.769997,101.180000,101.769997,59.844200,789200
2007-11-23,101.540001,101.779999,101.250000,101.250000,59.538448,137700
2007-11-26,101.529999,102.419998,101.410004,102.169998,60.079407,441900
2007-11-27,102.209999,102.209999,101.430000,101.750000,59.832451,933000
2007-11-28,101.620003,101.760002,101.419998,101.500000,59.685474,536500
2007-11-29,101.860001,102.080002,101.510002,101.790001,59.855976,1496800
2007-11-30,101.519997,102.110001,101.279999,102.000000,59.979412,1734300
2007-12-03,101.900002,102.580002,101.739998,102.129997,60.296516,630100
2007-12-04,102.169998,102.230003,101.660004,101.739998,60.066269,580800
2007-12-05,101.800003,101.820000,101.540001,101.550003,59.954071,442400
2007-12-06,101.370003,101.699997,101.139999,101.440002,59.889149,805900
2007-12-07,101.260002,101.260002,100.589996,100.860001,59.546726,406200
2007-12-10,100.879997,100.879997,100.320000,100.660004,59.428638,916400
2007-12-11,100.889999,101.410004,100.650002,101.150002,59.717945,1153500
2007-12-12,100.769997,101.230003,100.519997,101.050003,59.658867,500900
2007-12-13,100.940002,100.940002,100.559998,100.660004,59.428638,425500
2007-12-14,100.599998,100.620003,100.239998,100.379997,59.263325,515300
2007-12-17,100.680000,100.769997,100.360001,100.529999,59.351868,550800
2007-12-18,100.930000,101.099998,100.680000,101.059998,59.664768,402300
2007-12-19,101.139999,101.559998,100.889999,101.269997,59.788799,634800
2007-12-20,101.550003,101.660004,101.180000,101.180000,59.735641,489200
2007-12-21,101.260002,101.260002,100.739998,100.739998,59.475861,411900
2007-12-24,100.750000,100.839996,100.620003,100.769997,59.493565,190700
2007-12-26,100.750000,100.940002,100.349998,100.459999,59.310562,259200
2007-12-27,100.529999,100.599998,100.199997,100.599998,59.635994,427200
2007-12-28,100.820000,101.209999,100.690002,101.139999,59.956120,442500
2007-12-31,101.320000,101.379997,100.849998,101.169998,59.973938,708000
2008-01-02,101.360001,102.610001,101.059998,101.650002,60.258442,888900
2008-01-03,101.620003,101.919998,101.370003,101.919998,60.418453,370600
2008-01-04,101.809998,102.370003,101.809998,102.129997,60.542980,497700
2008-01-07,102.209999,102.360001,101.830002,102.260002,60.620087,693600
2008-01-08,102.160004,102.519997,101.940002,102.519997,60.774193,1544400
2008-01-09,102.440002,102.500000,102.110001,102.279999,60.631893,437700
2008-01-10,102.239998,102.290001,101.800003,102.070000,60.507423,291900
2008-01-11,102.199997,102.519997,102.180000,102.510002,60.768299,315700
2008-01-14,102.510002,102.650002,102.379997,102.589996,60.815655,290400
2008-01-15,102.809998,102.959999,102.620003,102.959999,61.035034,361400
2008-01-16,102.959999,103.070000,102.599998,102.650002,60.851250,620900
2008-01-17,102.769997,103.269997,102.580002,103.269997,61.218769,807500
2008-01-18,102.959999,103.250000,102.800003,103.250000,61.206936,809400
2008-01-22,103.970001,105.489998,102.879997,103.410004,61.301781,793000
2008-01-23,104.389999,104.389999,103.050003,103.099998,61.118015,911200
2008-01-24,103.449997,103.449997,102.709999,102.839996,60.963909,469200
2008-01-25,102.580002,103.260002,102.220001,103.019997,61.070564,585400
2008-01-28,103.010002,103.360001,102.970001,103.220001,61.189152,484000
2008-01-29,103.150002,103.230003,102.830002,102.900002,60.999481,450900
2008-01-30,103.019997,103.180000,102.769997,103.059998,61.094345,557800
2008-01-31,103.480003,103.620003,103.070000,103.510002,61.361053,649200
2008-02-01,103.269997,103.320000,102.989998,102.989998,61.298588,610300
2008-02-04,102.849998,103.010002,102.660004,102.930000,61.262871,336200
2008-02-05,103.349998,103.430000,102.919998,103.250000,61.453320,622800
2008-02-06,103.239998,103.239998,102.919998,103.169998,61.405678,698600
2008-02-07,103.129997,103.150002,102.050003,102.260002,60.864113,622300
2008-02-08,102.639999,102.900002,102.480003,102.750000,61.155743,543400
2008-02-11,102.879997,103.169998,102.769997,102.970001,61.286686,746300
2008-02-12,102.680000,102.970001,102.459999,102.930000,61.262871,653400
2008-02-13,102.650002,102.830002,102.320000,102.320000,60.899769,510400
2008-02-14,102.139999,102.330002,101.739998,102.000000,60.709343,578800
2008-02-15,102.129997,102.129997,101.879997,101.949997,60.679554,455300
2008-02-19,101.860001,101.980003,101.309998,101.459999,60.387939,597200
2008-02-20,101.220001,101.599998,101.089996,101.300003,60.292706,405300
2008-02-21,101.760002,102.190002,101.510002,102.129997,60.786694,486400
2008-02-22,101.860001,102.250000,101.550003,101.589996,60.465321,987700
2008-02-25,101.680000,101.739998,101.089996,101.230003,60.251022,557900
2008-02-26,101.410004,101.720001,101.300003,101.720001,60.542629,638400
2008-02-27,101.919998,101.970001,101.660004,101.930000,60.667671,633000
2008-02-28,102.349998,102.629997,102.180000,102.540001,61.030727,434500
2008-02-29,102.900002,103.300003,102.489998,102.930000,61.262871,922900
2008-03-03,102.389999,102.790001,102.349998,102.529999,61.252758,388300
2008-03-04,102.410004,102.570000,101.779999,102.089996,60.989834,385300
2008-03-05,102.089996,102.120003,101.370003,101.440002,60.601547,432100
2008-03-06,101.559998,101.709999,101.269997,101.290001,60.511887,1161200
2008-03-07,101.879997,101.930000,101.220001,101.599998,60.697113,1087600
2008-03-10,101.889999,102.199997,101.739998,102.139999,61.019737,444500
2008-03-11,101.540001,101.709999,101.269997,101.519997,60.649326,564200
2008-03-12,101.889999,102.620003,101.620003,102.559998,61.270645,429500
2008-03-13,102.349998,102.519997,101.720001,102.120003,61.007751,417500
2008-03-14,102.459999,102.839996,102.150002,102.550003,61.264683,490900
2008-03-17,102.419998,103.260002,102.139999,102.989998,61.527527,722200
2008-03-18,103.029999,103.320000,102.550003,102.750000,61.384174,398200
2008-03-19,102.769997,103.370003,102.730003,103.059998,61.569336,403300
2008-03-20,103.300003,103.470001,102.870003,103.419998,61.784374,315600
2008-03-24,102.879997,102.879997,102.349998,102.660004,61.330391,423000
2008-03-25,102.750000,102.970001,102.559998,102.849998,61.443878,490500
2008-03-26,102.849998,103.150002,102.519997,102.550003,61.264683,341300
2008-03-27,102.500000,102.769997,102.300003,102.589996,61.288548,371300
2008-03-28,102.620003,102.860001,102.519997,102.839996,61.437874,466000
2008-03-31,102.940002,103.150002,102.680000,102.680000,61.342304,555900
2008-04-01,102.139999,102.290001,101.550003,101.570000,60.925442,1209100
2008-04-02,101.779999,101.970001,101.419998,101.620003,60.955425,499400
2008-04-03,101.889999,102.080002,101.599998,101.940002,61.147411,480900
2008-04-04,102.449997,102.730003,102.279999,102.459999,61.459316,431000
2008-04-07,102.250000,102.480003,102.040001,102.449997,61.453320,417000
2008-04-08,102.510002,102.830002,102.389999,102.440002,61.447285,408800
2008-04-09,102.610001,103.000000,102.459999,102.889999,61.717209,492700
2008-04-10,102.680000,102.889999,102.279999,102.570000,61.525311,456500
2008-04-11,102.779999,102.930000,102.559998,102.790001,61.657211,263600
2008-04-14,102.550003,102.839996,102.470001,102.669998,61.585258,683200
2008-04-15,102.269997,102.480003,102.070000,102.120003,61.255337,635600
2008-04-16,102.029999,102.250000,101.570000,101.750000,61.033440,386500
2008-04-17,101.769997,101.790001,101.349998,101.730003,61.021442,487200
2008-04-18,101.400002,102.019997,101.180000,102.000000,61.183395,620000
2008-04-21,101.949997,102.059998,101.720001,102.010002,61.189388,438600
2008-04-22,102.000000,102.279999,101.800003,102.160004,61.279316,569100
2008-04-23,102.029999,102.089996,101.809998,102.059998,61.219318,496300
2008-04-24,101.650002,101.800003,101.410004,101.680000,60.991436,364000
2008-04-25,101.519997,101.669998,101.339996,101.580002,60.931393,507900
2008-04-28,101.540001,101.860001,101.430000,101.830002,61.081429,513500
2008-04-29,102.019997,102.129997,101.730003,101.980003,61.171391,697500
2008-04-30,101.970001,102.599998,101.480003,102.599998,61.543251,813300
2008-05-01,102.360001,102.370003,101.919998,102.099998,61.438595,503200
2008-05-02,101.599998,102.089996,101.529999,101.930000,61.336254,462100
2008-05-05,102.010002,102.059998,101.699997,101.970001,61.360359,541600
2008-05-06,102.139999,102.139999,101.550003,101.639999,61.161800,930100
2008-05-07,101.570000,101.940002,101.410004,101.930000,61.336254,299200
2008-05-08,102.000000,102.879997,101.820000,102.190002,61.492741,731300
2008-05-09,102.440002,102.599998,102.080002,102.230003,61.516750,433600
2008-05-12,102.169998,102.389999,102.000000,102.050003,61.408501,579400
2008-05-13,101.809998,101.900002,101.410004,101.470001,61.059410,482700
2008-05-14,101.820000,101.830002,101.320000,101.620003,61.149731,292000
2008-05-15,101.699997,102.160004,101.580002,102.160004,61.474636,350600
2008-05-16,101.870003,102.309998,101.779999,101.910004,61.324265,387200
2008-05-19,102.150002,102.190002,101.800003,102.080002,61.426540,630400
2008-05-20,102.300003,102.330002,102.099998,102.300003,61.558887,670700
2008-05-21,102.160004,102.269997,101.970001,102.160004,61.474636,540800
2008-05-22,101.910004,101.910004,101.300003,101.550003,61.107639,509300
2008-05-23,101.739998,101.949997,101.599998,101.940002,61.342297,584000
2008-05-27,101.500000,101.690002,101.349998,101.370003,60.999260,865300
2008-05-28,101.269997,101.389999,100.739998,100.900002,60.716434,371500
2008-05-29,100.870003,100.870003,100.440002,100.620003,60.547981,621300
2008-05-30,100.959999,101.269997,100.849998,100.980003,60.764599,1132500
2008-06-02,100.760002,101.230003,100.559998,100.959999,60.990532,601800
2008-06-03,100.680000,101.180000,100.510002,101.150002,61.105305,476200
2008-06-04,101.290001,101.300003,100.629997,100.790001,60.887856,390900
2008-06-05,100.519997,100.699997,100.339996,100.419998,60.664341,378000
2008-06-06,100.910004,101.059998,100.699997,100.980003,61.002640,434800
2008-06-09,100.500000,100.739998,100.360001,100.470001,60.694546,555500
2008-06-10,100.250000,100.379997,99.849998,99.940002,60.374348,557200
2008-06-11,100.180000,100.430000,99.910004,100.070000,60.452892,508600
2008-06-12,99.889999,99.910004,99.410004,99.449997,60.078388,513700
2008-06-13,99.570000,99.870003,99.190002,99.199997,59.927269,799000
2008-06-16,99.570000,99.599998,99.190002,99.309998,59.993778,460400
2008-06-17,99.699997,99.720001,99.459999,99.650002,60.199173,407200
2008-06-18,99.860001,100.089996,99.730003,100.070000,60.452892,345900
2008-06-19,99.910004,99.989998,99.559998,99.559998,60.144775,435900
2008-06-20,100.110001,100.129997,99.760002,99.860001,60.326023,419000
2008-06-23,99.930000,99.980003,99.599998,99.730003,60.247490,515600
2008-06-24,99.930000,100.070000,99.699997,99.930000,60.368275,514300
2008-06-25,100.040001,100.050003,99.389999,99.980003,60.398483,487100
2008-06-26,100.250000,100.370003,99.989998,100.110001,60.477024,540200
2008-06-27,99.989998,100.540001,99.989998,100.349998,60.622017,466000
2008-06-30,100.660004,100.760002,100.360001,100.400002,60.652256,639600
2008-07-01,100.620003,100.620003,99.669998,99.669998,60.442417,854500
2008-07-02,100.010002,100.040001,99.550003,99.550003,60.369644,812400
2008-07-03,99.870003,99.970001,99.559998,99.580002,60.387791,281300
2008-07-07,99.589996,100.089996,99.339996,99.930000,60.600098,603100
2008-07-08,100.000000,100.400002,99.830002,100.320000,60.836586,327300
2008-07-09,100.500000,100.800003,100.269997,100.709999,61.073078,392000
2008-07-10,100.769997,100.879997,100.449997,100.800003,61.127686,577200
2008-07-11,101.059998,101.059998,100.139999,100.230003,60.782070,478200
2008-07-14,100.220001,100.839996,100.220001,100.379997,60.872963,366000
2008-07-15,100.639999,100.980003,100.610001,100.769997,61.109516,433400
2008-07-16,100.510002,100.519997,100.000000,100.000000,60.642544,487400
2008-07-17,100.000000,100.099998,99.389999,99.559998,60.375710,503300
2008-07-18,99.339996,99.680000,98.980003,98.980003,60.023941,438400
2008-07-21,99.330002,99.500000,99.120003,99.500000,60.339283,317500
2008-07-22,99.419998,99.440002,99.019997,99.160004,60.133125,302900
2008-07-23,99.199997,99.300003,99.029999,99.279999,60.205921,405700
2008-07-24,99.410004,100.010002,99.349998,99.970001,60.624317,320200
2008-07-25,99.800003,99.820000,99.309998,99.459999,60.315071,394300
2008-07-28,99.949997,100.010002,99.709999,99.910004,60.587933,458500
2008-07-29,99.800003,99.889999,99.540001,99.790001,60.515205,279200
2008-07-30,99.870003,99.980003,99.480003,99.900002,60.581875,403800
2008-07-31,100.370003,100.650002,100.110001,100.410004,60.891174,559600
2008-08-01,100.190002,100.190002,99.650002,99.889999,60.819290,331500
2008-08-04,99.809998,100.019997,99.570000,99.599998,60.642776,391600
2008-08-05,99.800003,99.800003,99.410004,99.430000,60.539234,489500
2008-08-06,99.449997,99.449997,98.980003,99.320000,60.472290,463000
2008-08-07,99.449997,99.900002,99.309998,99.839996,60.788864,391300
2008-08-08,99.800003,99.919998,99.620003,99.690002,60.697571,359600
2008-08-11,99.510002,99.820000,99.349998,99.440002,60.545345,460700
2008-08-12,99.690002,99.879997,99.639999,99.860001,60.801105,392600
2008-08-13,99.860001,99.980003,99.519997,99.690002,60.697571,301000
2008-08-14,99.879997,100.000000,99.690002,99.930000,60.843693,417900
2008-08-15,100.230003,100.239998,100.000000,100.220001,61.020264,333200
2008-08-18,100.250000,100.419998,100.129997,100.389999,61.123737,526500
2008-08-19,100.379997,100.379997,100.099998,100.309998,61.075039,284400
2008-08-20,100.459999,100.720001,100.269997,100.470001,61.172436,277400
2008-08-21,100.449997,100.570000,100.230003,100.489998,61.184658,361800
2008-08-22,100.190002,100.410004,100.110001,100.379997,61.117641,497800
2008-08-25,100.760002,100.760002,100.529999,100.690002,61.306423,267900
2008-08-26,100.519997,100.730003,100.440002,100.570000,61.233372,634400
2008-08-27,100.580002,100.879997,100.389999,100.690002,61.306423,334400
2008-08-28,100.809998,100.970001,100.629997,100.779999,61.361217,372600
2008-08-29,101.260002,101.260002,100.419998,100.750000,61.342979,701500
2008-09-02,100.309998,100.720001,100.040001,100.690002,61.547104,1275500
2008-09-03,100.699997,100.870003,100.500000,100.669998,61.534885,419800
2008-09-04,100.989998,101.190002,100.820000,101.040001,61.761044,338800
2008-09-05,101.239998,101.379997,100.739998,100.739998,61.577644,667100
2008-09-08,100.959999,101.510002,100.839996,101.370003,61.962730,873300
2008-09-09,101.470001,101.879997,101.309998,101.820000,62.237854,540400
2008-09-10,101.400002,101.820000,101.400002,101.750000,62.195045,515400
2008-09-11,101.900002,101.900002,101.500000,101.620003,62.115604,371800
2008-09-12,101.699997,101.720001,101.000000,101.209999,61.864948,514800
2008-09-15,101.349998,101.849998,101.250000,101.610001,62.109463,386900
2008-09-16,102.019997,102.080002,100.580002,100.580002,61.479843,676000
2008-09-17,100.769997,101.269997,100.599998,100.830002,61.632698,707900
2008-09-18,100.500000,101.190002,100.250000,100.550003,61.461575,1016900
2008-09-19,100.000000,101.489998,99.769997,101.000000,61.736610,1985000
2008-09-22,99.879997,100.720001,99.000000,99.419998,60.770824,1719500
2008-09-23,99.320000,99.599998,99.000000,99.269997,60.679119,435500
2008-09-24,99.000000,99.449997,98.750000,99.389999,60.752483,2371500
2008-09-25,99.500000,99.500000,98.599998,99.209999,60.642475,633200
2008-09-26,98.660004,99.300003,98.150002,98.709999,60.336811,473200
2008-09-29,98.550003,99.220001,97.000000,98.260002,60.061779,751500
2008-09-30,98.250000,99.290001,97.029999,98.589996,60.263474,655400
2008-10-01,97.900002,98.779999,94.500000,97.500000,59.833904,800000
2008-10-02,97.449997,98.419998,96.919998,97.879997,60.067089,400400
2008-10-03,98.220001,98.620003,96.860001,98.620003,60.521179,501200
2008-10-06,98.620003,99.449997,95.550003,98.650002,60.539600,798300
2008-10-07,98.410004,98.599998,96.519997,96.610001,59.287739,818000
2008-10-08,96.169998,96.959999,93.050003,94.669998,58.097198,835000
2008-10-09,94.519997,95.370003,92.900002,94.889999,58.232201,946600
2008-10-10,91.300003,91.989998,86.800003,88.400002,54.249371,1559700
2008-10-13,90.389999,93.559998,90.000000,91.820000,56.348198,911000
2008-10-14,92.629997,95.250000,92.599998,93.750000,57.532581,773100
2008-10-15,94.419998,95.800003,92.790001,95.250000,58.453117,678200
2008-10-16,95.250000,95.790001,93.489998,93.750000,57.532581,482900
2008-10-17,93.379997,95.959999,92.510002,94.089996,57.741238,588500
2008-10-20,94.889999,96.160004,94.410004,95.769997,58.772232,537600
2008-10-21,96.410004,97.220001,94.599998,96.610001,59.287739,571000
2008-10-22,97.269997,98.000000,96.750000,97.730003,59.975014,666800
2008-10-23,97.970001,97.970001,95.510002,96.010002,58.919506,855400
2008-10-24,96.150002,96.349998,94.889999,95.199997,58.422417,400100
2008-10-27,94.699997,95.849998,93.699997,94.250000,57.839413,675400
2008-10-28,94.699997,95.239998,93.750000,94.580002,58.041931,602700
2008-10-29,95.209999,96.500000,94.680000,96.379997,59.146584,597800
2008-10-30,96.349998,96.349998,95.370003,96.260002,59.072964,386400
2008-10-31,95.540001,96.300003,95.110001,95.959999,58.888836,732700
2008-11-03,95.989998,95.989998,93.510002,94.040001,57.952133,613700
2008-11-04,95.160004,95.779999,94.529999,95.550003,58.882656,531100
2008-11-05,96.830002,97.000000,96.190002,97.000000,59.776184,612600
2008-11-06,97.489998,97.489998,96.309998,96.599998,59.529716,516000
2008-11-07,96.870003,97.139999,95.230003,97.089996,59.831699,878500
2008-11-10,97.290001,97.410004,95.910004,96.470001,59.449581,424400
2008-11-11,95.949997,97.379997,95.949997,97.199997,59.899490,402500
2008-11-12,97.580002,97.610001,96.029999,96.360001,59.381847,823300
2008-11-13,96.680000,97.160004,96.160004,96.690002,59.585224,523800
2008-11-14,97.000000,97.000000,96.320000,96.980003,59.763943,546100
2008-11-17,96.910004,97.239998,96.620003,97.239998,59.924152,407500
2008-11-18,97.070000,97.400002,96.959999,97.099998,59.837875,415000
2008-11-19,97.459999,97.889999,97.300003,97.379997,60.010422,546500
2008-11-20,97.900002,97.940002,97.160004,97.400002,60.022709,826200
2008-11-21,97.400002,97.860001,96.419998,96.620003,59.542049,1015200
2008-11-24,97.110001,97.760002,96.040001,96.610001,59.535896,1524000
2008-11-25,97.739998,99.120003,97.669998,99.019997,61.021027,1049800
2008-11-26,99.199997,99.769997,98.290001,98.639999,60.786880,859500
2008-11-28,98.930000,99.260002,98.099998,98.449997,60.669807,294800
2008-12-01,98.980003,99.480003,98.430000,99.430000,61.525558,604100
2008-12-02,99.010002,99.680000,98.860001,99.529999,61.587467,641600
2008-12-03,99.599998,99.599998,98.900002,99.540001,61.593670,583300
2008-12-04,99.620003,99.870003,99.019997,99.870003,61.797783,713900
2008-12-05,99.510002,99.970001,97.879997,99.320000,61.457485,616400
2008-12-08,99.820000,99.820000,99.000000,99.190002,61.377041,653600
2008-12-09,99.750000,100.120003,99.209999,100.120003,61.952515,762100
2008-12-10,99.650002,100.150002,99.620003,99.940002,61.841106,810100
2008-12-11,100.199997,100.459999,99.739998,100.459999,62.162865,682100
2008-12-12,100.599998,100.650002,99.699997,100.489998,62.181503,679800
2008-12-15,100.430000,100.730003,100.180000,100.730003,62.329971,501000
2008-12-16,101.129997,101.129997,100.300003,101.129997,62.577492,670800
2008-12-17,101.760002,102.089996,101.010002,101.669998,62.911636,934200
2008-12-18,101.910004,102.459999,101.120003,102.309998,63.307629,931100
2008-12-19,101.930000,102.309998,101.500000,101.980003,63.103420,829700
2008-12-22,102.300003,102.540001,101.980003,102.529999,63.443813,1490200
2008-12-23,102.290001,103.540001,102.139999,103.529999,64.062599,774200
2008-12-24,103.279999,104.190002,103.169998,104.019997,64.365776,491500
2008-12-26,104.099998,104.220001,103.480003,103.669998,64.149208,467300
2008-12-29,103.029999,104.190002,103.029999,104.089996,64.643532,614000
2008-12-30,103.660004,104.349998,103.550003,104.129997,64.668419,570300
2008-12-31,104.239998,104.330002,103.540001,104.199997,64.711853,611900
2009-01-02,103.750000,104.389999,103.500000,103.550003,64.308151,484600
2009-01-05,103.500000,105.320000,103.099998,105.199997,65.332878,3306400
2009-01-06,104.739998,104.870003,103.410004,104.610001,64.966484,670200
2009-01-07,104.209999,104.279999,103.260002,103.650002,64.370323,1222800
2009-01-08,103.910004,104.059998,102.599998,102.860001,63.879654,1616300
2009-01-09,102.709999,103.309998,102.339996,102.510002,63.662319,1137600
2009-01-12,102.500000,103.279999,102.370003,103.050003,63.997654,774400
2009-01-13,103.300003,103.309998,102.790001,103.220001,64.103264,585600
2009-01-14,103.449997,103.449997,102.610001,103.080002,64.016312,951900
2009-01-15,102.849998,103.519997,102.650002,103.070000,64.010063,1047400
2009-01-16,102.970001,103.860001,102.809998,103.599998,64.339226,608700
2009-01-20,102.709999,103.190002,102.639999,103.059998,64.003845,663100
2009-01-21,103.230003,103.230003,102.510002,102.519997,63.668537,621200
2009-01-22,102.690002,102.690002,101.800003,102.080002,63.395271,446800
2009-01-23,102.019997,102.389999,101.639999,101.919998,63.295845,578000
2009-01-26,101.730003,102.070000,100.879997,101.820000,63.233818,550800
2009-01-27,101.629997,102.500000,101.449997,102.339996,63.556717,541200
2009-01-28,102.739998,102.769997,102.129997,102.400002,63.593994,478400
2009-01-29,102.269997,102.540001,101.400002,101.489998,63.028820,869600
2009-01-30,101.650002,102.330002,101.629997,102.129997,63.426311,608300
2009-02-02,101.720001,102.160004,101.570000,101.589996,63.317894,592000
2009-02-03,101.760002,102.000000,101.139999,101.139999,63.037403,575200
2009-02-04,101.300003,101.459999,100.870003,101.000000,62.950130,673400
2009-02-05,101.269997,101.470001,100.610001,100.680000,62.750694,702200
2009-02-06,100.919998,101.180000,99.970001,100.949997,62.919022,1936800
2009-02-09,101.150002,101.239998,100.730003,100.959999,62.925190,588300
2009-02-10,101.150002,101.800003,100.849998,101.580002,63.311626,524800
2009-02-11,101.480003,102.150002,101.400002,101.559998,63.299183,518800
2009-02-12,101.900002,102.199997,101.650002,102.099998,63.635784,366900
2009-02-13,101.389999,102.029999,101.389999,101.790001,63.442482,851900
2009-02-17,102.150002,102.260002,101.639999,101.870003,63.492390,436100
2009-02-18,101.889999,102.099998,101.589996,101.660004,63.361481,495800
2009-02-19,101.599998,101.699997,101.260002,101.500000,63.261765,532400
2009-02-20,101.680000,101.910004,100.769997,100.980003,62.937695,656300
2009-02-23,101.650002,101.650002,100.900002,101.500000,63.261765,621500
2009-02-24,101.339996,101.849998,101.110001,101.300003,63.137138,605600
2009-02-25,101.250000,101.419998,101.040001,101.209999,63.081055,485800
2009-02-26,100.769997,101.099998,100.610001,100.680000,62.750694,509300
2009-02-27,100.620003,100.949997,100.500000,100.690002,62.756920,463800
2009-03-02,100.699997,100.820000,100.300003,100.699997,62.967636,627400
2009-03-03,100.550003,100.680000,100.089996,100.570000,62.886387,970700
2009-03-04,100.379997,100.379997,99.769997,100.099998,62.592495,548900
2009-03-05,100.290001,100.669998,100.050003,100.430000,62.798801,685000
2009-03-06,100.559998,100.709999,100.150002,100.699997,62.967636,701200
2009-03-09,100.709999,100.709999,100.010002,100.010002,62.536179,645300
2009-03-10,99.900002,100.250000,99.820000,100.239998,62.680000,507500
2009-03-11,100.330002,100.570000,99.849998,100.480003,62.830135,607500
2009-03-12,100.430000,100.730003,100.250000,100.570000,62.886387,603500
2009-03-13,100.400002,100.739998,100.349998,100.669998,62.948933,561400
2009-03-16,100.239998,100.470001,100.169998,100.360001,62.755058,644000
2009-03-17,100.519997,100.599998,100.029999,100.059998,62.567421,644200
2009-03-18,100.199997,101.879997,100.120003,101.650002,63.561733,493700
2009-03-19,101.739998,102.889999,101.410004,101.900002,63.718063,738500
2009-03-20,101.889999,102.029999,101.260002,101.330002,63.361568,513100
2009-03-23,101.440002,101.489998,101.169998,101.330002,63.361568,518100
2009-03-24,100.830002,101.180000,100.639999,100.639999,62.930138,934100
2009-03-25,100.660004,101.000000,100.089996,100.199997,62.654964,1241000
2009-03-26,100.379997,100.470001,100.050003,100.400002,62.780079,1187900
2009-03-27,100.620003,100.889999,100.139999,100.480003,62.830135,1303900
2009-03-30,100.410004,101.089996,100.410004,100.949997,63.123978,616300
2009-03-31,101.000000,101.470001,100.730003,101.470001,63.449093,638100
2009-04-01,101.190002,101.279999,100.610001,101.070000,63.418404,579100
2009-04-02,101.110001,101.120003,100.540001,100.750000,63.217640,960500
2009-04-03,100.900002,100.900002,100.010002,100.419998,63.010559,3081500
2009-04-06,100.660004,100.680000,100.099998,100.400002,62.997982,495100
2009-04-07,100.419998,100.470001,100.010002,100.239998,62.897552,807100
2009-04-08,100.430000,100.720001,100.300003,100.570000,63.104675,528400
2009-04-09,100.279999,100.709999,100.209999,100.419998,63.010559,564100
2009-04-13,100.820000,101.150002,100.330002,101.150002,63.468571,475800
2009-04-14,100.699997,101.139999,100.629997,101.129997,63.456032,594200
2009-04-15,101.209999,101.410004,101.000000,101.410004,63.631752,534500
2009-04-16,101.260002,101.320000,101.019997,101.230003,63.518810,457700
2009-04-17,101.050003,101.110001,100.669998,100.669998,63.167400,486900
2009-04-20,101.110001,101.250000,100.779999,101.250000,63.531338,705600
2009-04-21,101.410004,101.419998,100.860001,100.930000,63.330551,702100
2009-04-22,101.019997,101.260002,100.849998,101.199997,63.499966,448500
2009-04-23,101.199997,101.360001,100.959999,101.330002,63.581520,318700
2009-04-24,101.370003,101.440002,101.000000,101.440002,63.650543,533400
2009-04-27,101.580002,101.830002,101.250000,101.599998,63.750984,614400
2009-04-28,101.910004,101.910004,101.410004,101.570000,63.732132,397800
2009-04-29,101.690002,101.690002,101.099998,101.150002,63.468571,488000
2009-04-30,101.330002,101.639999,100.959999,101.639999,63.776093,760700
2009-05-01,101.080002,101.160004,100.750000,100.919998,63.529930,536100
2009-05-04,101.309998,101.410004,100.779999,101.000000,63.580299,690600
2009-05-05,101.320000,101.580002,101.010002,101.209999,63.712479,886600
2009-05-06,101.379997,101.699997,101.290001,101.440002,63.857262,833700
2009-05-07,101.500000,101.669998,100.800003,100.989998,63.573948,1418800
2009-05-08,101.080002,101.419998,100.839996,101.180000,63.693588,706000
2009-05-11,101.139999,101.570000,101.139999,101.250000,63.737671,431900
2009-05-12,101.300003,101.839996,101.269997,101.809998,64.090195,786700
2009-05-13,101.949997,102.139999,101.599998,101.900002,64.146812,430700
2009-05-14,102.050003,102.080002,101.690002,101.959999,64.184563,453900
2009-05-15,101.839996,102.190002,101.839996,102.190002,64.329346,616200
2009-05-18,102.190002,102.220001,101.800003,101.889999,64.140511,420900
2009-05-19,101.849998,102.050003,101.800003,101.980003,64.197227,586100
2009-05-20,101.949997,102.500000,101.919998,102.290001,64.392357,543600
2009-05-21,102.300003,102.440002,101.750000,101.970001,64.190933,393400
2009-05-22,101.889999,101.959999,101.599998,101.699997,64.020950,433400
2009-05-26,101.870003,101.889999,101.349998,101.470001,63.876099,469300
2009-05-27,101.449997,101.559998,100.750000,100.910004,63.523640,636200
2009-05-28,100.839996,101.070000,100.419998,100.949997,63.548798,634200
2009-05-29,100.800003,102.150002,100.800003,102.029999,64.228691,1142100
2009-06-01,101.230003,101.349998,100.389999,100.459999,63.431805,1111000
2009-06-02,101.059998,101.230003,100.559998,101.150002,63.867519,618100
2009-06-03,101.000000,101.480003,101.000000,101.430000,64.044243,797700
2009-06-04,101.290001,101.290001,100.540001,100.589996,63.513897,591900
2009-06-05,100.500000,100.570000,100.070000,100.070000,63.185574,479100
2009-06-08,100.050003,100.300003,99.800003,99.800003,63.015045,648800
2009-06-09,100.139999,100.370003,99.980003,100.250000,63.299232,442300
2009-06-10,100.010002,100.540001,99.970001,99.970001,63.122429,772600
2009-06-11,99.900002,100.669998,99.559998,100.320000,63.343426,481900
2009-06-12,100.330002,100.910004,100.330002,100.809998,63.652836,358000
2009-06-15,101.099998,101.190002,100.779999,101.190002,63.892735,491000
2009-06-16,101.129997,101.430000,100.949997,101.330002,63.981117,430900
2009-06-17,101.500000,101.769997,101.339996,101.529999,64.107468,454900
2009-06-18,101.349998,101.360001,100.849998,100.870003,63.690704,550300
2009-06-19,100.660004,101.250000,100.660004,101.239998,63.924324,584400
2009-06-22,101.559998,101.639999,101.250000,101.389999,64.019073,516800
2009-06-23,101.440002,101.800003,101.290001,101.720001,64.227409,524300
2009-06-24,101.650002,101.989998,101.449997,101.449997,64.056946,525700
2009-06-25,101.580002,102.120003,101.440002,101.919998,64.353661,575200
2009-06-26,102.089996,102.220001,101.919998,102.220001,64.543121,471300
2009-06-29,102.029999,102.370003,102.029999,102.129997,64.486290,398400
2009-06-30,101.980003,102.300003,101.919998,102.150002,64.498924,805500
2009-07-01,101.620003,101.870003,101.559998,101.769997,64.474777,450600
2009-07-02,101.750000,102.160004,101.750000,102.010002,64.626915,533000
2009-07-06,101.889999,102.099998,101.849998,101.930000,64.576225,436600
2009-07-07,101.989998,102.300003,101.970001,102.260002,64.785309,518600
2009-07-08,102.230003,102.820000,102.230003,102.820000,65.140030,790000
2009-07-09,102.459999,102.690002,102.309998,102.529999,64.956322,600100
2009-07-10,102.720001,103.000000,102.629997,102.879997,65.178047,504600
2009-07-13,102.900002,103.120003,102.769997,102.830002,65.146385,397800
2009-07-14,102.599998,102.769997,102.410004,102.519997,64.949982,529700
2009-07-15,102.209999,102.389999,101.849998,101.849998,64.525513,849600
2009-07-16,102.010002,102.360001,102.010002,102.169998,64.728256,410800
2009-07-17,102.010002,102.269997,101.980003,102.169998,64.728256,437300
2009-07-20,102.010002,102.489998,101.970001,102.290001,64.804260,675400
2009-07-21,102.089996,103.010002,102.089996,103.000000,65.254082,812700
2009-07-22,102.889999,102.959999,102.529999,102.650002,65.032333,450600
2009-07-23,102.739998,102.739998,102.239998,102.389999,64.867668,564500
2009-07-24,102.199997,102.550003,102.110001,102.389999,64.867668,579900
2009-07-27,102.000000,102.370003,101.849998,102.080002,64.671249,883400
2009-07-28,102.010002,102.529999,102.010002,102.269997,64.791588,674500
2009-07-29,102.559998,102.680000,102.160004,102.449997,64.905663,451400
2009-07-30,102.279999,102.699997,102.209999,102.580002,64.988007,1108700
2009-07-31,102.949997,103.330002,102.750000,103.099998,65.317436,1058900
2009-08-03,102.779999,102.790001,102.309998,102.550003,65.180199,716600
2009-08-04,102.790001,102.860001,102.139999,102.239998,64.983101,629900
2009-08-05,102.330002,102.330002,102.000000,102.150002,64.925903,608200
2009-08-06,102.199997,102.349998,102.029999,102.199997,64.957710,564300
2009-08-07,101.709999,102.089996,101.360001,101.589996,64.569992,1076900
2009-08-10,102.040001,102.430000,101.660004,102.379997,65.072067,920700
2009-08-11,102.629997,102.750000,102.440002,102.739998,65.300903,741400
2009-08-12,102.779999,102.820000,102.320000,102.690002,65.269089,672100
2009-08-13,102.760002,103.169998,102.620003,102.949997,65.434372,523700
2009-08-14,103.169998,103.440002,103.019997,103.129997,65.548790,453600
2009-08-17,103.330002,103.589996,103.040001,103.559998,65.822105,631300
2009-08-18,103.419998,103.550003,103.220001,103.220001,65.606026,442400
2009-08-19,103.330002,103.599998,103.209999,103.430000,65.739441,486900
2009-08-20,103.519997,103.610001,100.220001,103.599998,65.847496,596600
2009-08-21,103.629997,103.660004,103.000000,103.000000,65.466171,504900
2009-08-24,103.099998,103.559998,102.949997,103.419998,65.733078,434400
2009-08-25,103.220001,103.699997,103.220001,103.589996,65.841125,477400
2009-08-26,103.680000,103.839996,103.610001,103.739998,65.936493,692400
2009-08-27,103.500000,103.730003,103.419998,103.660004,65.885628,487300
2009-08-28,103.489998,103.870003,103.430000,103.589996,65.841125,503600
2009-08-31,103.750000,104.019997,103.699997,104.019997,66.114456,809600
2009-09-01,103.559998,103.809998,103.360001,103.510002,66.000992,816200
2009-09-02,103.660004,104.180000,103.510002,104.059998,66.351654,843200
2009-09-03,103.830002,104.029999,103.660004,103.870003,66.230545,750900
2009-09-04,103.849998,103.959999,103.589996,103.669998,66.103012,542300
2009-09-08,103.550003,103.790001,103.519997,103.519997,66.007370,473500
2009-09-09,103.480003,103.790001,103.410004,103.720001,66.134842,605800
2009-09-10,103.870003,104.339996,103.720001,104.250000,66.472816,567200
2009-09-11,104.309998,104.470001,104.139999,104.239998,66.466499,447500
2009-09-14,104.000000,104.379997,104.000000,104.089996,66.370750,375400
2009-09-15,103.959999,104.160004,103.900002,103.930000,66.268776,471600
2009-09-16,104.110001,104.139999,103.889999,104.010002,66.319740,594600
2009-09-17,104.070000,104.500000,103.989998,104.500000,66.632202,468400
2009-09-18,104.250000,104.389999,104.120003,104.239998,66.466499,470300
2009-09-21,104.199997,104.389999,104.089996,104.160004,66.415443,433600
2009-09-22,104.029999,104.320000,104.029999,104.089996,66.370750,567000
2009-09-23,104.139999,104.389999,104.000000,104.349998,66.536613,616700
2009-09-24,104.389999,104.589996,104.330002,104.480003,66.619469,459200
2009-09-25,104.559998,104.790001,104.470001,104.790001,66.817139,512100
2009-09-28,104.730003,104.830002,104.589996,104.779999,66.810791,610400
2009-09-29,104.669998,104.849998,104.529999,104.730003,66.778854,937700
2009-09-30,104.650002,104.919998,104.639999,104.919998,66.899979,818800
2009-10-01,104.639999,104.839996,104.400002,104.820000,67.054840,784700
2009-10-02,105.010002,107.949997,104.529999,104.620003,66.926872,683700
2009-10-05,104.820000,104.949997,104.650002,104.690002,66.971703,666900
2009-10-06,104.790001,104.820000,104.540001,104.540001,66.875725,509000
2009-10-07,104.860001,105.059998,104.779999,104.959999,67.144402,531500
2009-10-08,105.099998,105.120003,104.680000,104.889999,67.099625,512000
2009-10-09,104.680000,104.709999,104.150002,104.160004,66.632622,567500
2009-10-12,104.430000,104.459999,104.199997,104.400002,66.786156,417000
2009-10-13,104.559998,104.680000,104.459999,104.660004,66.952492,380200
2009-10-14,104.290001,104.540001,104.290001,104.410004,66.792526,491400
2009-10-15,104.230003,104.320000,104.029999,104.250000,66.690208,727700
2009-10-16,104.180000,104.330002,104.080002,104.239998,66.683838,458700
2009-10-19,104.309998,104.449997,104.029999,104.449997,66.818192,455500
2009-10-20,104.559998,104.699997,104.510002,104.699997,66.978081,473300
2009-10-21,104.529999,104.629997,104.279999,104.629997,66.933296,460500
2009-10-22,104.400002,104.540001,104.300003,104.470001,66.830940,518700
2009-10-23,104.330002,104.449997,104.239998,104.339996,66.747787,677300
2009-10-26,104.279999,104.470001,104.029999,104.059998,66.568619,470500
2009-10-27,104.209999,104.529999,104.099998,104.470001,66.830940,420100
2009-10-28,104.480003,104.660004,104.330002,104.620003,66.926872,651700
2009-10-29,104.529999,104.570000,104.290001,104.410004,66.792526,590400
2009-10-30,104.500000,104.839996,104.459999,104.809998,67.048462,515200
2009-11-02,104.550003,104.599998,104.239998,104.320000,66.941925,1036700
2009-11-03,104.400002,104.510002,104.169998,104.180000,66.852119,684600
2009-11-04,104.239998,104.410004,104.010002,104.010002,66.742966,490700
2009-11-05,104.000000,104.330002,103.699997,104.279999,66.916260,899100
2009-11-06,104.239998,104.459999,104.180000,104.370003,66.973976,435500
2009-11-09,104.449997,104.570000,104.349998,104.510002,67.063835,509400
2009-11-10,104.599998,104.680000,104.410004,104.540001,67.083099,464500
2009-11-11,104.500000,104.809998,104.459999,104.580002,67.108749,509800
2009-11-12,104.519997,104.790001,104.339996,104.790001,67.243553,507000
2009-11-13,104.769997,104.900002,104.580002,104.900002,67.314125,408000
2009-11-16,104.820000,105.290001,104.820000,105.150002,67.474609,479900
2009-11-17,105.059998,105.239998,105.000000,105.239998,67.532288,681400
2009-11-18,105.190002,105.360001,104.900002,105.019997,67.391136,528100
2009-11-19,105.180000,105.239998,104.989998,105.129997,67.461685,393600
2009-11-20,105.160004,105.199997,105.029999,105.169998,67.487389,422500
2009-11-23,105.050003,105.169998,104.919998,105.150002,67.474609,470600
2009-11-24,105.260002,105.459999,105.029999,105.459999,67.673439,508000
2009-11-25,105.410004,105.559998,105.290001,105.559998,67.737610,418200
2009-11-27,105.309998,105.650002,105.300003,105.650002,67.795372,182500
2009-11-30,105.629997,105.830002,105.339996,105.830002,67.910881,632700
2009-12-01,105.349998,105.419998,105.169998,105.220001,67.745430,788800
2009-12-02,105.190002,105.300003,104.940002,105.019997,67.616608,480300
2009-12-03,104.949997,105.029999,104.769997,105.029999,67.623108,744800
2009-12-04,104.669998,104.900002,104.470001,104.820000,67.487900,1243100
2009-12-07,104.860001,105.000000,104.750000,104.919998,67.552284,558200
2009-12-08,105.150002,105.279999,105.029999,105.059998,67.642365,708300
2009-12-09,105.099998,105.199997,104.900002,104.949997,67.571533,455200
2009-12-10,104.870003,104.949997,104.709999,104.870003,67.520058,533100
2009-12-11,104.739998,104.760002,104.559998,104.620003,67.359077,517200
2009-12-14,104.820000,104.830002,104.639999,104.680000,67.397720,423300
2009-12-15,104.449997,104.559998,104.360001,104.389999,67.211037,475200
2009-12-16,104.510002,104.720001,104.500000,104.580002,67.333359,519000
2009-12-17,104.800003,104.849998,104.620003,104.750000,67.442802,481700
2009-12-18,104.820000,105.000000,104.739998,104.750000,67.442802,525900
2009-12-21,104.669998,104.699997,104.290001,104.309998,67.159546,628500
2009-12-22,104.129997,104.169998,103.879997,104.010002,66.966347,609400
2009-12-23,104.080002,104.199997,104.000000,104.050003,66.992104,589100
2009-12-24,103.879997,103.989998,103.730003,103.870003,66.876221,388700
2009-12-28,103.769997,103.900002,103.199997,103.239998,66.470566,3458400
2009-12-29,103.110001,103.199997,103.000000,103.059998,66.549416,833800
2009-12-30,103.300003,103.320000,103.080002,103.320000,66.717270,532000
2009-12-31,103.040001,103.300003,102.779999,103.190002,66.633308,651800
2010-01-04,103.269997,103.410004,103.150002,103.309998,66.710823,987900
2010-01-05,103.620003,103.820000,103.519997,103.779999,67.014275,500500
2010-01-06,103.820000,103.820000,103.410004,103.720001,66.975571,714300
2010-01-07,103.660004,103.709999,103.470001,103.599998,66.898056,705700
2010-01-08,103.870003,103.870003,103.540001,103.660004,66.936806,412300
2010-01-11,103.650002,103.720001,103.510002,103.580002,66.885170,684400
2010-01-12,103.870003,104.239998,103.820000,104.239998,67.311356,1818500
2010-01-13,104.089996,104.169998,103.790001,103.800003,67.027199,530900
2010-01-14,103.970001,104.180000,103.870003,104.070000,67.201530,498600
2010-01-15,104.300003,104.400002,104.180000,104.269997,67.330750,575300
2010-01-19,104.199997,104.260002,104.000000,104.099998,67.220924,754800
2010-01-20,104.269997,104.400002,104.199997,104.370003,67.395340,614200
2010-01-21,104.370003,104.650002,104.269997,104.400002,67.414688,540200
2010-01-22,104.379997,104.639999,104.349998,104.459999,67.453392,426600
2010-01-25,104.489998,104.489998,104.260002,104.449997,67.446953,514200
2010-01-26,104.650002,104.709999,104.470001,104.580002,67.530884,1288200
2010-01-27,104.470001,104.709999,104.430000,104.500000,67.479187,618300
2010-01-28,104.400002,104.559998,104.339996,104.410004,67.421150,640300
2010-01-29,104.339996,104.720001,104.320000,104.650002,67.576149,748600
2010-02-01,104.360001,104.400002,104.129997,104.180000,67.483475,501300
2010-02-02,104.199997,104.330002,104.190002,104.300003,67.561180,619000
2010-02-03,104.139999,104.250000,103.889999,104.110001,67.438087,2040600
2010-02-04,104.279999,104.519997,104.220001,104.360001,67.600090,595300
2010-02-05,104.430000,104.739998,104.279999,104.400002,67.625969,777600
2010-02-08,104.510002,104.599998,104.330002,104.599998,67.755524,658400
2010-02-09,104.410004,104.639999,104.349998,104.410004,67.632462,707100
2010-02-10,104.419998,104.470001,104.040001,104.169998,67.477020,458300
2010-02-11,104.040001,104.099998,103.820000,104.000000,67.366821,547400
2010-02-12,104.239998,104.260002,104.019997,104.019997,67.379837,506100
2010-02-16,104.029999,104.330002,103.970001,104.279999,67.548241,592800
2010-02-17,104.239998,104.260002,103.910004,103.959999,67.340942,509200
2010-02-18,103.989998,104.099998,103.750000,103.919998,67.315056,400100
2010-02-19,103.750000,104.000000,103.690002,104.000000,67.366821,501500
2010-02-22,103.879997,104.010002,103.779999,103.820000,67.250282,1120700
2010-02-23,103.919998,104.250000,103.919998,104.190002,67.489937,539400
2010-02-24,104.309998,104.410004,104.169998,104.300003,67.561180,542100
2010-02-25,104.459999,104.510002,104.230003,104.510002,67.697258,658800
2010-02-26,104.500000,104.650002,104.500000,104.529999,67.710205,658600
2010-03-01,104.349998,104.480003,104.250000,104.360001,67.809593,618000
2010-03-02,104.290001,104.449997,104.290001,104.400002,67.835548,661200
2010-03-03,104.300003,104.449997,104.290001,104.400002,67.835548,492600
2010-03-04,104.339996,104.629997,104.339996,104.589996,67.959038,782700
2010-03-05,104.500000,104.500000,104.250000,104.389999,67.829086,1057500
2010-03-08,104.389999,104.470001,104.300003,104.459999,67.874550,1827100
2010-03-09,104.620003,104.639999,104.480003,104.580002,67.952614,1140200
2010-03-10,104.379997,104.510002,104.379997,104.510002,67.907082,512000
2010-03-11,104.470001,104.599998,104.419998,104.510002,67.907082,540000
2010-03-12,104.489998,104.629997,104.400002,104.519997,67.913544,854200
2010-03-15,104.620003,104.660004,104.500000,104.650002,67.998032,832600
2010-03-16,104.639999,104.889999,104.589996,104.839996,68.121445,507700
2010-03-17,104.800003,104.970001,104.800003,104.919998,68.173462,662100
2010-03-18,104.910004,104.919998,104.790001,104.830002,68.115051,618200
2010-03-19,104.750000,104.849998,104.699997,104.750000,68.063034,388600
2010-03-22,104.870003,104.910004,104.750000,104.830002,68.115051,526700
2010-03-23,104.790001,104.940002,104.790001,104.849998,68.127991,725700
2010-03-24,104.669998,104.669998,104.220001,104.320000,67.783569,602700
2010-03-25,104.230003,104.239998,103.860001,104.050003,67.608170,1416700
2010-03-26,103.970001,104.250000,103.959999,104.220001,67.718628,1251100
2010-03-29,104.250000,104.250000,104.040001,104.099998,67.640678,480000
2010-03-30,104.120003,104.199997,104.019997,104.139999,67.666702,460500
2010-03-31,104.169998,104.339996,104.150002,104.199997,67.705643,808300
2010-04-01,103.820000,103.930000,103.720001,103.839996,67.680222,1386100
2010-04-05,103.589996,103.589996,103.129997,103.199997,67.263077,849300
2010-04-06,103.279999,103.470001,103.279999,103.330002,67.347816,934800
2010-04-07,103.400002,103.769997,103.400002,103.769997,67.634544,746600
2010-04-08,103.910004,103.940002,103.639999,103.669998,67.569405,406700
2010-04-09,103.709999,103.820000,103.599998,103.779999,67.641121,414200
2010-04-12,103.910004,104.040001,103.800003,104.019997,67.797523,476500
2010-04-13,104.120003,104.220001,104.050003,104.190002,67.908333,680900
2010-04-14,104.150002,104.250000,103.970001,104.070000,67.830139,513500
2010-04-15,104.040001,104.269997,103.889999,104.260002,67.953964,837700
2010-04-16,104.300003,104.500000,104.220001,104.419998,68.058250,479300
2010-04-19,104.410004,104.500000,104.209999,104.230003,67.934418,769500
2010-04-20,104.230003,104.400002,104.199997,104.400002,68.045166,652200
2010-04-21,104.400002,104.580002,104.320000,104.580002,68.162544,747600
2010-04-22,104.550003,104.650002,104.290001,104.370003,68.025673,221600
2010-04-23,104.199997,104.290001,104.129997,104.239998,67.940880,481000
2010-04-26,104.300003,104.379997,104.199997,104.230003,67.934418,587100
2010-04-27,104.370003,104.720001,104.349998,104.559998,68.149498,950900
2010-04-28,104.410004,104.559998,104.300003,104.400002,68.045166,929600
2010-04-29,104.419998,104.529999,104.330002,104.440002,68.071281,662300
2010-04-30,104.489998,104.949997,104.489998,104.889999,68.364578,920200
2010-05-03,104.400002,104.489998,104.250000,104.379997,68.235168,638600
2010-05-04,104.739998,104.820000,104.559998,104.800003,68.509705,690200
2010-05-05,104.889999,105.000000,104.720001,104.720001,68.457428,662400
2010-05-06,104.910004,105.589996,104.720001,104.870003,68.555450,1366600
2010-05-07,105.099998,105.500000,104.400002,104.410004,68.254761,1415400
2010-05-10,104.419998,104.620003,104.339996,104.400002,68.248207,1173600
2010-05-11,104.800003,104.800003,104.449997,104.790001,68.503159,417500
2010-05-12,104.669998,104.790001,104.570000,104.680000,68.431290,426600
2010-05-13,104.879997,104.919998,104.660004,104.830002,68.529373,352700
2010-05-14,105.169998,105.360001,104.980003,105.209999,68.777756,585600
2010-05-17,105.129997,105.489998,105.050003,105.129997,68.725456,312900
2010-05-18,105.279999,105.540001,105.160004,105.489998,68.960762,572400
2010-05-19,105.519997,105.629997,105.339996,105.540001,68.993462,577300
2010-05-20,105.760002,105.830002,105.300003,105.449997,68.934616,876900
2010-05-21,105.760002,105.970001,105.559998,105.900002,69.228767,1048200
2010-05-24,105.900002,106.000000,105.820000,105.839996,69.189560,1322700
2010-05-25,106.099998,106.269997,105.930000,105.970001,69.274559,1154700
2010-05-26,105.910004,105.940002,105.699997,105.849998,69.196121,886400
2010-05-27,105.669998,105.669998,105.370003,105.599998,69.032677,1072500
2010-05-28,105.580002,105.809998,105.570000,105.709999,69.104591,658900
2010-06-01,105.330002,105.610001,105.290001,105.559998,69.218658,1717500
2010-06-02,105.589996,105.629997,105.440002,105.449997,69.146553,1241600
2010-06-03,105.320000,105.510002,105.230003,105.400002,69.113777,1231300
2010-06-04,105.669998,105.820000,105.510002,105.669998,69.290794,1365400
2010-06-07,105.570000,105.989998,105.570000,105.980003,69.494072,417100
2010-06-08,105.959999,106.040001,105.860001,105.860001,69.415436,636400
2010-06-09,105.800003,105.959999,105.669998,105.919998,69.454750,539000
2010-06-10,105.760002,105.830002,105.550003,105.599998,69.244919,649200
2010-06-11,105.639999,105.889999,105.570000,105.660004,69.284286,442000
2010-06-14,105.639999,105.809998,105.459999,105.809998,69.382607,600200
2010-06-15,105.860001,105.949997,105.650002,105.809998,69.382607,882800
2010-06-16,105.720001,105.989998,105.720001,105.970001,69.487534,654100
2010-06-17,105.949997,106.349998,105.949997,106.220001,69.651413,776100
2010-06-18,106.339996,106.339996,106.029999,106.050003,69.540024,634000
2010-06-21,105.970001,106.279999,105.820000,106.279999,69.690804,696100
2010-06-22,106.279999,106.459999,106.129997,106.389999,69.762962,560100
2010-06-23,106.349998,106.739998,106.349998,106.660004,69.940041,334200
2010-06-24,106.800003,106.879997,106.489998,106.570000,69.881004,812300
2010-06-25,106.470001,106.790001,106.470001,106.720001,69.979294,513800
2010-06-28,106.970001,107.000000,106.809998,106.919998,70.110497,529600
2010-06-29,107.169998,107.260002,106.980003,107.239998,70.320328,469000
2010-06-30,107.320000,107.349998,107.040001,107.250000,70.326866,1050800
2010-07-01,107.010002,107.120003,106.790001,106.879997,70.290047,744800
2010-07-02,106.690002,106.889999,106.680000,106.730003,70.191376,586100
2010-07-06,106.849998,107.099998,106.750000,107.059998,70.408386,553200
2010-07-07,107.129997,107.150002,106.900002,106.919998,70.316338,1011200
2010-07-08,106.820000,106.980003,106.669998,106.900002,70.303223,622100
2010-07-09,106.669998,106.910004,106.669998,106.739998,70.197975,490600
2010-07-12,106.900002,107.000000,106.800003,106.860001,70.276901,323500
2010-07-13,106.860001,106.870003,106.580002,106.589996,70.099350,402300
2010-07-14,106.739998,106.980003,106.730003,106.949997,70.336067,786900
2010-07-15,107.059998,107.239998,106.970001,107.099998,70.434746,1254100
2010-07-16,107.290001,107.489998,107.199997,107.430000,70.651726,386100
2010-07-19,107.379997,107.470001,107.260002,107.330002,70.586006,425600
2010-07-20,107.400002,107.500000,107.239998,107.250000,70.533379,616900
2010-07-21,107.260002,107.750000,107.260002,107.720001,70.842445,518400
2010-07-22,107.629997,107.629997,107.489998,107.620003,70.776733,920000
2010-07-23,107.639999,107.639999,107.290001,107.430000,70.651726,708800
2010-07-26,107.470001,107.470001,107.239998,107.410004,70.638634,836300
2010-07-27,107.389999,107.489998,107.320000,107.370003,70.612297,516900
2010-07-28,107.370003,107.610001,107.360001,107.570000,70.743820,495000
2010-07-29,107.440002,107.669998,107.400002,107.669998,70.809578,444800
2010-07-30,107.940002,107.959999,107.720001,107.849998,70.927956,937100
2010-08-02,107.489998,107.559998,107.320000,107.410004,70.831726,1532400
2010-08-03,107.559998,107.629997,107.419998,107.480003,70.877823,1150000
2010-08-04,107.480003,107.580002,107.150002,107.290001,70.752548,981700
2010-08-05,107.430000,107.489998,107.279999,107.419998,70.838310,972200
2010-08-06,107.669998,107.739998,107.480003,107.629997,70.976730,809200
2010-08-09,107.660004,107.680000,107.529999,107.629997,70.976730,506900
2010-08-10,107.629997,107.919998,107.559998,107.809998,71.095474,571900
2010-08-11,107.910004,107.959999,107.790001,107.910004,71.161392,682300
2010-08-12,107.930000,107.980003,107.669998,107.739998,71.049301,671600
2010-08-13,107.769997,108.000000,107.669998,107.989998,71.214188,580300
2010-08-16,108.330002,108.370003,108.209999,108.349998,71.451576,773200
2010-08-17,108.239998,108.260002,108.110001,108.220001,71.365852,513500
2010-08-18,108.339996,108.339996,108.050003,108.099998,71.286697,558300
2010-08-19,108.110001,108.500000,108.080002,108.449997,71.517494,469500
2010-08-20,108.410004,108.430000,108.190002,108.300003,71.418610,665300
2010-08-23,108.309998,108.410004,108.199997,108.410004,71.491089,479900
2010-08-24,108.570000,108.860001,108.379997,108.839996,71.774719,834000
2010-08-25,108.959999,109.089996,108.550003,108.589996,71.609856,486000
2010-08-26,108.629997,108.940002,108.559998,108.730003,71.702164,1177900
2010-08-27,108.599998,108.830002,108.120003,108.129997,71.306419,475500
2010-08-30,108.480003,108.860001,108.330002,108.860001,71.787872,429900
2010-08-31,108.849998,108.989998,108.739998,108.940002,71.840637,737700
2010-09-01,108.419998,108.550003,108.070000,108.410004,71.687241,976100
2010-09-02,108.250000,108.279999,108.099998,108.269997,71.594604,1217500
2010-09-03,107.900002,108.080002,107.779999,108.019997,71.429321,856000
2010-09-07,108.139999,108.430000,108.089996,108.330002,71.634392,512400
2010-09-08,108.199997,108.339996,108.139999,108.250000,71.581429,819800
2010-09-09,108.000000,108.080002,107.699997,107.730003,71.237587,769800
2010-09-10,107.620003,107.720001,107.480003,107.500000,71.085480,770900
2010-09-13,107.519997,107.830002,107.470001,107.739998,71.244225,1044100
2010-09-14,107.820000,108.139999,107.769997,108.129997,71.502068,792300
2010-09-15,108.000000,108.169998,107.879997,107.930000,71.369812,813500
2010-09-16,107.790001,107.889999,107.559998,107.750000,71.250801,691600
2010-09-17,107.739998,108.000000,107.739998,107.889999,71.343338,719400
2010-09-20,107.849998,108.000000,107.769997,107.930000,71.369812,717000
2010-09-21,108.010002,108.459999,107.989998,108.389999,71.673973,497200
2010-09-22,108.470001,108.620003,108.360001,108.419998,71.693817,652900
2010-09-23,108.660004,108.660004,108.400002,108.540001,71.773224,837200
2010-09-24,108.360001,108.400002,108.129997,108.139999,71.508698,1116600
2010-09-27,108.389999,108.580002,108.300003,108.510002,71.753357,956800
2010-09-28,108.489998,108.870003,108.489998,108.769997,71.925270,980300
2010-09-29,108.720001,108.800003,108.599998,108.690002,71.872406,833500
2010-09-30,108.639999,108.699997,108.290001,108.650002,71.845886,2628600
2010-10-01,108.260002,108.370003,108.139999,108.260002,71.763084,1366700
2010-10-04,108.290001,108.510002,108.260002,108.440002,71.882401,772100
2010-10-05,108.610001,108.610001,108.379997,108.440002,71.882401,758500
2010-10-06,108.669998,108.769997,108.540001,108.550003,71.955276,1041900
2010-10-07,108.690002,108.730003,108.559998,108.599998,71.988457,962900
2010-10-08,108.910004,108.930000,108.760002,108.820000,72.134300,604500
2010-10-11,108.820000,108.849998,108.720001,108.760002,72.094521,434600
2010-10-12,108.820000,108.900002,108.599998,108.650002,72.021606,573300
2010-10-13,108.699997,108.720001,108.449997,108.639999,72.014999,984200
2010-10-14,108.620003,108.669998,108.199997,108.239998,71.749779,1091800
2010-10-15,108.209999,108.230003,107.970001,108.019997,71.603973,882600
2010-10-18,108.250000,108.470001,108.169998,108.400002,71.855881,755700
2010-10-19,108.300003,108.620003,108.250000,108.489998,71.915543,607200
2010-10-20,108.489998,108.720001,108.410004,108.620003,72.001678,849500
2010-10-21,108.580002,108.660004,108.449997,108.449997,71.889046,507100
2010-10-22,108.449997,108.570000,108.410004,108.500000,71.922180,551400
2010-10-25,108.800003,108.800003,108.489998,108.510002,71.928772,723500
2010-10-26,108.379997,108.410004,108.199997,108.260002,71.763084,433200
2010-10-27,108.150002,108.349998,108.019997,108.050003,71.623863,587900
2010-10-28,108.150002,108.349998,108.150002,108.320000,71.802887,505300
2010-10-29,108.449997,108.550003,108.360001,108.550003,71.955276,963600
2010-11-01,108.379997,108.489998,108.120003,108.230003,71.926079,737100
2010-11-02,108.470001,108.470001,108.330002,108.419998,72.052353,1052600
2010-11-03,108.610001,108.820000,108.290001,108.400002,72.039063,462600
2010-11-04,108.750000,108.989998,108.669998,108.919998,72.384621,626100
2010-11-05,108.620003,108.750000,108.519997,108.620003,72.185249,1150200
2010-11-08,108.610001,108.750000,108.540001,108.570000,72.152016,370500
2010-11-09,108.550003,108.599998,108.000000,108.040001,71.799843,686800
2010-11-10,108.029999,108.139999,107.620003,107.949997,71.740036,910100
2010-11-11,107.949997,108.000000,107.809998,107.940002,71.733292,425100
2010-11-12,107.800003,107.940002,107.510002,107.510002,71.447601,759500
2010-11-15,107.300003,107.400002,106.889999,106.919998,71.055519,2020300
2010-11-16,107.010002,107.209999,106.680000,107.180000,71.228287,1459500
2010-11-17,107.330002,107.470001,107.150002,107.209999,71.248184,822500
2010-11-18,107.080002,107.199997,106.930000,107.180000,71.228287,916100
2010-11-19,107.220001,107.370003,107.190002,107.300003,71.308067,658200
2010-11-22,107.440002,107.610001,107.440002,107.559998,71.480797,512200
2010-11-23,107.839996,107.889999,107.669998,107.669998,71.553871,412300
2010-11-24,107.500000,107.519997,107.139999,107.150002,71.208359,740700
2010-11-26,107.230003,107.419998,107.220001,107.370003,71.354538,134200
2010-11-29,107.589996,107.589996,107.349998,107.440002,71.401085,658900
2010-11-30,107.739998,107.739998,107.330002,107.370003,71.354538,767900
2010-12-01,106.559998,106.559998,106.250000,106.260002,70.982452,950600
2010-12-02,106.320000,106.349998,106.040001,106.050003,70.842148,1124900
2010-12-03,106.440002,106.500000,106.120003,106.260002,70.982452,660000
2010-12-06,106.449997,106.650002,106.400002,106.650002,71.242973,2606200
2010-12-07,106.260002,106.330002,105.680000,105.820000,70.688576,1214600
2010-12-08,105.550003,105.550003,104.930000,105.309998,70.347832,1856200
2010-12-09,105.480003,105.629997,105.269997,105.500000,70.474762,805800
2010-12-10,105.489998,105.489998,105.209999,105.300003,70.341225,1217500
2010-12-13,105.070000,105.480003,104.970001,105.370003,70.387917,1813000
2010-12-14,105.160004,105.279999,104.599998,104.779999,69.993797,941200
2010-12-15,104.860001,104.989998,104.360001,104.599998,69.873558,1357500
2010-12-16,104.500000,104.839996,104.300003,104.800003,70.007126,1647800
2010-12-17,104.830002,105.410004,104.830002,105.370003,70.387917,1579300
2010-12-20,105.410004,105.669998,105.260002,105.440002,70.434723,930100
2010-12-21,105.489998,105.650002,105.379997,105.639999,70.568329,1520300
2010-12-22,105.709999,105.709999,105.400002,105.519997,70.488121,669500
2010-12-23,105.410004,105.440002,105.250000,105.320000,70.354523,1285800
2010-12-27,105.360001,105.680000,105.160004,105.620003,70.554985,686600
2010-12-28,105.160004,105.279999,104.660004,104.660004,70.142113,709000
2010-12-29,104.709999,105.470001,104.680000,105.400002,70.638084,487100
2010-12-30,105.279999,105.389999,105.099998,105.320000,70.584419,780500
2010-12-31,105.379997,105.750000,105.370003,105.750000,70.872589,551600
2011-01-03,105.400002,105.680000,105.300003,105.629997,70.792213,739700
2011-01-04,105.680000,105.769997,105.500000,105.660004,70.812309,625500
2011-01-05,105.279999,105.360001,104.940002,105.150002,70.470497,864200
2011-01-06,105.309998,105.309998,105.110001,105.169998,70.483879,2032600
2011-01-07,105.309998,105.610001,105.180000,105.510002,70.711777,968500
2011-01-10,105.589996,105.790001,105.550003,105.790001,70.899437,566000
2011-01-11,105.809998,105.809998,105.440002,105.580002,70.758713,620800
2011-01-12,105.489998,105.599998,105.309998,105.570000,70.751984,562400
2011-01-13,105.430000,105.949997,105.419998,105.949997,71.006668,943500
2011-01-14,105.989998,106.000000,105.730003,105.730003,70.859245,751900
2011-01-18,105.690002,105.739998,105.459999,105.660004,70.812309,445200
2011-01-19,105.559998,105.760002,105.529999,105.680000,70.825691,912100
2011-01-20,105.510002,105.580002,105.199997,105.279999,70.557648,846300
2011-01-21,105.250000,105.610001,105.239998,105.610001,70.778809,578200
2011-01-24,105.489998,105.690002,105.489998,105.550003,70.738602,535300
2011-01-25,105.570000,105.930000,105.480003,105.879997,70.959740,483400
2011-01-26,105.739998,105.779999,105.510002,105.529999,70.725151,568400
2011-01-27,105.639999,105.750000,105.519997,105.709999,70.845787,598500
2011-01-28,105.599998,105.970001,105.580002,105.860001,70.946350,783100
2011-01-31,105.849998,105.940002,105.589996,105.660004,70.812309,1691500
2011-02-01,105.250000,105.260002,105.029999,105.120003,70.661736,700500
2011-02-02,105.150002,105.230003,104.879997,105.000000,70.581093,513000
2011-02-03,104.790001,104.870003,104.610001,104.610001,70.318901,912300
2011-02-04,104.470001,104.629997,104.199997,104.260002,70.083656,1116600
2011-02-07,104.169998,104.330002,104.110001,104.300003,70.110527,604700
2011-02-08,104.309998,104.320000,103.910004,104.000000,69.908821,741000
2011-02-09,104.040001,104.320000,103.930000,104.190002,70.036575,518100
2011-02-10,104.110001,104.169998,103.849998,103.889999,69.834923,520800
2011-02-11,104.309998,104.360001,104.070000,104.300003,70.110527,797200
2011-02-14,104.209999,104.449997,104.209999,104.349998,70.144112,1024900
2011-02-15,104.349998,104.489998,104.320000,104.480003,70.231522,513500
2011-02-16,104.480003,104.650002,104.400002,104.480003,70.231522,474800
2011-02-17,104.699997,104.820000,104.660004,104.730003,70.399597,606300
2011-02-18,104.570000,104.720001,104.500000,104.690002,70.372681,694400
2011-02-22,104.809998,105.139999,104.800003,105.070000,70.628090,1033400
2011-02-23,105.199997,105.290001,105.040001,105.150002,70.681885,707000
2011-02-24,105.239998,105.339996,105.160004,105.169998,70.695320,1135300
2011-02-25,105.269997,105.470001,105.250000,105.449997,70.883560,542000
2011-02-28,105.529999,105.650002,105.459999,105.650002,71.017967,558200
2011-03-01,105.099998,105.379997,105.050003,105.279999,70.960716,735700
2011-03-02,105.309998,105.389999,105.089996,105.110001,70.846130,506200
2011-03-03,104.910004,104.919998,104.680000,104.739998,70.596672,618700
2011-03-04,104.889999,105.110001,104.849998,105.019997,70.785423,761700
2011-03-07,104.940002,105.220001,104.809998,105.070000,70.819183,621200
2011-03-08,104.949997,105.070000,104.900002,104.989998,70.765198,527200
2011-03-09,105.050003,105.370003,104.959999,105.239998,70.933723,590600
2011-03-10,105.410004,105.660004,105.279999,105.610001,71.183098,467900
2011-03-11,105.639999,105.739998,105.510002,105.629997,71.196617,473800
2011-03-14,105.820000,105.980003,105.690002,105.690002,71.237038,415900
2011-03-15,106.000000,106.059998,105.709999,105.730003,71.264008,672500
2011-03-16,105.959999,106.540001,105.860001,106.029999,71.466209,1012200
2011-03-17,105.870003,106.080002,105.739998,105.959999,71.419037,584800
2011-03-18,105.809998,105.959999,105.730003,105.919998,71.392021,382900
2011-03-21,105.870003,105.879997,105.550003,105.669998,71.223557,460900
2011-03-22,105.559998,105.730003,105.540001,105.680000,71.230263,604800
2011-03-23,105.830002,105.849998,105.580002,105.629997,71.196617,472300
2011-03-24,105.459999,105.529999,105.279999,105.339996,71.001144,1570000
2011-03-25,105.529999,105.529999,105.180000,105.250000,70.940445,811200
2011-03-28,105.129997,105.260002,105.080002,105.199997,70.906830,1443600
2011-03-29,105.120003,105.309998,105.029999,105.070000,70.819183,538100
2011-03-30,105.169998,105.300003,105.099998,105.250000,70.940445,791500
2011-03-31,105.370003,105.400002,105.129997,105.129997,70.859589,1014400
2011-04-01,104.709999,105.029999,104.680000,104.959999,70.956268,983700
2011-04-04,105.029999,105.250000,105.019997,105.129997,71.071198,517500
2011-04-05,105.089996,105.110001,104.849998,104.910004,70.922409,801900
2011-04-06,104.900002,104.910004,104.599998,104.599998,70.712906,980400
2011-04-07,104.690002,104.919998,104.660004,104.760002,70.821045,681700
2011-04-08,104.620003,104.690002,104.529999,104.559998,70.685890,392900
2011-04-11,104.599998,104.750000,104.550003,104.660004,70.753441,387000
2011-04-12,104.830002,105.120003,104.830002,105.059998,71.023872,563000
2011-04-13,104.889999,105.230003,104.889999,105.169998,71.098236,531500
2011-04-14,105.190002,105.260002,105.070000,105.070000,71.030624,654100
2011-04-15,105.309998,105.510002,105.309998,105.449997,71.287544,391100
2011-04-18,105.489998,105.760002,105.430000,105.629997,71.409256,720400
2011-04-19,105.809998,105.879997,105.750000,105.839996,71.551117,470800
2011-04-20,105.750000,105.830002,105.639999,105.690002,71.449760,388800
2011-04-21,105.699997,105.830002,105.669998,105.760002,71.497063,447800
2011-04-25,105.750000,105.919998,105.699997,105.820000,71.537697,541700
2011-04-26,105.910004,106.209999,105.910004,106.209999,71.801315,569700
2011-04-27,106.019997,106.150002,105.870003,106.120003,71.740456,473300
2011-04-28,106.279999,106.389999,106.169998,106.370003,71.909500,573100
2011-04-29,106.239998,106.489998,106.239998,106.459999,71.970322,499000
2011-05-02,106.209999,106.239998,106.040001,106.199997,72.008240,613500
2011-05-03,106.260002,106.339996,106.150002,106.230003,72.028633,485900
2011-05-04,106.220001,106.440002,106.220001,106.430000,72.164261,659200
2011-05-05,106.470001,106.720001,106.470001,106.669998,72.326942,800700
2011-05-06,106.559998,106.830002,106.430000,106.660004,72.320190,1020900
2011-05-09,106.690002,106.820000,106.690002,106.779999,72.401550,502200
2011-05-10,106.650002,106.730003,106.540001,106.589996,72.272720,536100
2011-05-11,106.500000,106.809998,106.500000,106.779999,72.401550,538800
2011-05-12,106.720001,106.809998,106.529999,106.620003,72.293076,767000
2011-05-13,106.739998,106.989998,106.699997,106.790001,72.408333,312700
2011-05-16,106.800003,107.070000,106.779999,107.019997,72.564270,678100
2011-05-17,107.110001,107.209999,107.059998,107.139999,72.645630,683500
2011-05-18,107.099998,107.150002,106.900002,106.970001,72.530373,618600
2011-05-19,106.680000,106.949997,106.639999,106.889999,72.476128,632800
2011-05-20,106.940002,107.040001,106.910004,106.989998,72.543892,938500
2011-05-23,107.190002,107.230003,107.070000,107.080002,72.604950,804100
2011-05-24,107.029999,107.169998,106.980003,107.120003,72.632118,579400
2011-05-25,107.099998,107.239998,107.059998,107.099998,72.618515,543400
2011-05-26,107.160004,107.389999,107.110001,107.330002,72.774475,861600
2011-05-27,107.389999,107.510002,107.330002,107.430000,72.842247,509700
2011-05-31,107.320000,107.620003,107.279999,107.459999,72.862617,1047300
2011-06-01,107.309998,107.629997,107.309998,107.610001,73.177467,1139400
2011-06-02,107.309998,107.470001,107.169998,107.180000,72.885002,666600
2011-06-03,107.529999,107.529999,107.169998,107.320000,72.980263,522300
2011-06-06,107.230003,107.430000,107.180000,107.339996,72.993843,1477400
2011-06-07,107.239998,107.559998,107.180000,107.559998,73.143486,1737600
2011-06-08,107.540001,107.800003,107.540001,107.650002,73.204674,1085200
2011-06-09,107.599998,107.660004,107.389999,107.489998,73.095917,646500
2011-06-10,107.529999,107.650002,107.389999,107.480003,73.089088,1160500
2011-06-13,107.360001,107.610001,107.309998,107.339996,72.993843,956000
2011-06-14,107.150002,107.180000,107.019997,107.050003,72.796677,1199000
2011-06-15,107.080002,107.470001,107.059998,107.320000,72.980263,1395500
2011-06-16,107.400002,107.570000,107.370003,107.389999,73.027855,1211900
2011-06-17,107.440002,107.510002,107.339996,107.489998,73.095917,871300
2011-06-20,107.519997,107.519997,107.290001,107.349998,73.000687,731900
2011-06-21,107.250000,107.470001,107.230003,107.449997,73.068657,803600
2011-06-22,107.500000,107.559998,107.239998,107.379997,73.021103,897800
2011-06-23,107.550003,107.800003,107.529999,107.730003,73.259048,2735300
2011-06-24,107.629997,107.879997,107.620003,107.629997,73.191071,1084100
2011-06-27,107.699997,107.699997,107.360001,107.440002,73.061882,730600
2011-06-28,107.339996,107.379997,106.949997,107.010002,72.769424,1038500
2011-06-29,107.029999,107.089996,106.680000,106.690002,72.551865,2533800
2011-06-30,106.870003,106.910004,106.400002,106.669998,72.538277,1295600
2011-07-01,106.500000,106.540001,106.269997,106.400002,72.561432,1970000
2011-07-05,106.570000,106.820000,106.570000,106.809998,72.841072,799200
2011-07-06,106.790001,106.930000,106.760002,106.870003,72.881897,774600
2011-07-07,106.629997,106.669998,106.449997,106.570000,72.677383,1291600
2011-07-08,106.980003,107.199997,106.930000,107.120003,73.052483,682800
2011-07-11,107.339996,107.540001,107.250000,107.410004,73.250244,615000
2011-07-12,107.510002,107.610001,107.330002,107.500000,73.311615,681500
2011-07-13,107.430000,107.720001,107.400002,107.709999,73.454842,508400
2011-07-14,107.570000,107.709999,107.419998,107.440002,73.270706,1724900
2011-07-15,107.389999,107.690002,107.320000,107.589996,73.372963,638300
2011-07-18,107.570000,107.650002,107.379997,107.430000,73.263840,641600
2011-07-19,107.370003,107.660004,107.330002,107.660004,73.420708,780100
2011-07-20,107.550003,107.800003,107.470001,107.489998,73.304817,627300
2011-07-21,107.360001,107.470001,107.169998,107.320000,73.188850,839200
2011-07-22,107.410004,107.570000,107.389999,107.550003,73.345680,458000
2011-07-25,107.290001,107.559998,107.209999,107.239998,73.134232,1154600
2011-07-26,107.349998,107.589996,107.309998,107.489998,73.304817,832200
2011-07-27,107.339996,107.510002,107.250000,107.309998,73.181999,662700
2011-07-28,107.510002,107.629997,107.410004,107.519997,73.325233,823600
2011-07-29,107.800003,108.199997,107.699997,108.160004,73.761719,1400700
2011-08-01,107.839996,108.230003,107.820000,108.120003,73.939552,1300600
2011-08-02,108.290001,108.669998,108.139999,108.580002,74.254066,1010600
2011-08-03,108.690002,108.949997,108.610001,108.690002,74.329338,1237500
2011-08-04,108.800003,109.370003,108.760002,109.269997,74.725922,1585700
2011-08-05,108.970001,109.260002,108.419998,108.550003,74.233574,2184400
2011-08-08,108.680000,108.800003,108.510002,108.599998,74.267799,2068500
2011-08-09,108.599998,109.970001,108.449997,109.239998,74.705444,1642600
2011-08-10,109.750000,110.169998,109.639999,110.129997,75.314087,1102400
2011-08-11,109.940002,109.940002,108.730003,108.760002,74.377159,2596300
2011-08-12,109.160004,109.559998,108.930000,109.239998,74.705444,2472300
2011-08-15,109.529999,109.570000,109.250000,109.410004,74.821640,1034200
2011-08-16,109.290001,109.760002,109.290001,109.639999,74.978958,900100
2011-08-17,109.730003,109.970001,109.500000,109.820000,75.102058,1119500
2011-08-18,110.239998,110.500000,109.900002,109.980003,75.211464,954300
2011-08-19,109.980003,110.059998,109.809998,110.029999,75.245667,1271800
2011-08-22,109.820000,109.980003,109.720001,109.889999,75.149925,761800
2011-08-23,109.720001,109.720001,109.500000,109.629997,74.972122,757100
2011-08-24,109.500000,109.510002,108.930000,109.010002,74.548149,663300
2011-08-25,109.139999,109.330002,109.029999,109.230003,74.698616,647100
2011-08-26,109.519997,109.580002,109.190002,109.379997,74.801201,674700
2011-08-29,109.160004,109.269997,109.080002,109.260002,74.719093,1150700
2011-08-30,109.550003,109.769997,109.419998,109.599998,74.951614,1108200
2011-08-31,109.779999,109.879997,109.489998,109.500000,74.883278,2444400
2011-09-01,109.470001,109.690002,109.160004,109.620003,75.124428,1541600
2011-09-02,109.970001,110.160004,109.800003,109.949997,75.350616,923900
2011-09-06,110.410004,110.410004,110.190002,110.239998,75.549377,1104100
2011-09-07,110.059998,110.120003,109.849998,109.980003,75.371193,919500
2011-09-08,110.160004,110.169998,109.860001,110.010002,75.391739,1169400
2011-09-09,110.059998,110.269997,109.980003,110.160004,75.494553,809700
2011-09-12,110.190002,110.190002,109.839996,109.940002,75.343781,1038000
2011-09-13,110.040001,110.059998,109.849998,109.980003,75.371193,701400
2011-09-14,109.900002,110.110001,109.860001,110.000000,75.384903,1065300
2011-09-15,109.839996,109.919998,109.680000,109.680000,75.165550,1046700
2011-09-16,109.669998,109.839996,109.540001,109.839996,75.275230,885700
2011-09-19,110.180000,110.250000,110.050003,110.080002,75.439705,786500
2011-09-20,110.250000,110.300003,110.080002,110.300003,75.590477,701600
2011-09-21,110.269997,110.529999,110.080002,110.480003,75.713829,1242900
2011-09-22,110.790001,111.029999,110.639999,110.800003,75.933151,875000
2011-09-23,110.930000,110.930000,110.209999,110.230003,75.542496,1113400
2011-09-26,110.139999,110.279999,109.910004,109.980003,75.371193,1158800
2011-09-27,109.720001,109.849998,109.610001,109.830002,75.268341,1287400
2011-09-28,109.790001,109.800003,109.519997,109.739998,75.206718,850400
2011-09-29,109.639999,109.870003,109.559998,109.699997,75.179321,825000
2011-09-30,110.000000,110.220001,109.860001,110.110001,75.460281,1020700
2011-10-03,110.110001,110.389999,109.940002,110.339996,75.768593,2372400
2011-10-04,110.430000,110.529999,109.989998,110.000000,75.535164,1351400
2011-10-05,109.900002,109.930000,109.599998,109.629997,75.281021,1499100
2011-10-06,109.620003,109.730003,109.389999,109.449997,75.157455,1022500
2011-10-07,109.230003,109.370003,109.029999,109.230003,75.006363,1513800
2011-10-10,109.160004,109.230003,108.699997,109.010002,74.855347,711500
2011-10-11,109.080002,109.290001,108.959999,109.269997,75.033867,2155000
2011-10-12,108.889999,109.160004,108.820000,109.059998,74.889633,1120800
2011-10-13,109.169998,109.320000,108.930000,109.120003,74.930786,939600
2011-10-14,108.779999,109.099998,108.779999,108.940002,74.807182,587500
2011-10-17,109.010002,109.370003,109.000000,109.370003,75.102486,826700
2011-10-18,109.320000,109.540001,109.120003,109.250000,75.020111,958800
2011-10-19,109.269997,109.570000,109.160004,109.410004,75.130005,780200
2011-10-20,109.379997,109.629997,109.209999,109.349998,75.088776,860800
2011-10-21,109.459999,109.529999,109.239998,109.410004,75.130005,555300
2011-10-24,109.459999,109.459999,109.160004,109.239998,75.013252,867600
2011-10-25,109.330002,109.809998,109.260002,109.800003,75.397797,1478200
2011-10-26,109.589996,109.769997,109.389999,109.500000,75.191795,664200
2011-10-27,109.389999,109.419998,108.910004,109.080002,74.903404,960200
2011-10-28,109.169998,109.540001,109.150002,109.510002,75.198669,979100
2011-10-31,109.830002,110.029999,109.730003,110.029999,75.555756,1747000
2011-11-01,109.900002,110.290001,109.849998,110.269997,75.918556,1443700
2011-11-02,109.970001,110.339996,109.919998,110.269997,75.918556,732400
2011-11-03,109.970001,110.180000,109.879997,110.029999,75.753342,1116000
2011-11-04,110.029999,110.199997,109.959999,110.000000,75.732704,2040100
2011-11-07,109.989998,110.339996,109.970001,110.089996,75.794609,745300
2011-11-08,109.949997,110.180000,109.849998,109.940002,75.691322,949300
2011-11-09,110.169998,110.339996,110.019997,110.129997,75.822182,780000
2011-11-10,109.900002,110.160004,109.669998,109.919998,75.677589,1307800
2011-11-11,109.800003,109.870003,109.690002,109.790001,75.588028,1803400
2011-11-14,109.959999,110.010002,109.750000,109.879997,75.650002,1189600
2011-11-15,109.860001,109.930000,109.589996,109.739998,75.553627,787800
2011-11-16,109.980003,109.989998,109.599998,109.699997,75.526123,1213100
2011-11-17,109.660004,109.849998,109.500000,109.639999,75.484802,1670000
2011-11-18,109.730003,109.730003,109.440002,109.620003,75.471016,805700
2011-11-21,109.760002,109.779999,109.570000,109.599998,75.457275,838800
2011-11-22,109.559998,109.750000,109.430000,109.680000,75.512360,1051000
2011-11-23,109.599998,109.940002,109.540001,109.779999,75.581230,865500
2011-11-25,109.790001,109.860001,109.580002,109.629997,75.477905,764800
2011-11-28,109.370003,109.669998,109.239998,109.620003,75.471016,1726100
2011-11-29,109.489998,109.709999,109.269997,109.660004,75.498550,1718500
2011-11-30,109.589996,109.610001,109.269997,109.379997,75.305756,1280300
2011-12-01,108.800003,108.970001,108.599998,108.839996,75.332123,1831000
2011-12-02,108.809998,109.209999,108.760002,109.120003,75.525856,917500
2011-12-05,108.989998,109.239998,108.900002,109.239998,75.608963,1063700
2011-12-06,109.110001,109.209999,108.860001,109.139999,75.539726,1105300
2011-12-07,109.220001,109.430000,109.059998,109.339996,75.678207,691000
2011-12-08,109.300003,109.580002,109.269997,109.449997,75.754280,1228900
2011-12-09,109.430000,109.580002,109.260002,109.389999,75.712807,934900
2011-12-12,109.470001,109.629997,109.410004,109.419998,75.733528,1220900
2011-12-13,109.430000,109.779999,109.379997,109.639999,75.885849,1468000
2011-12-14,109.790001,110.040001,109.730003,109.910004,76.072670,928500
2011-12-15,109.860001,109.959999,109.589996,109.680000,75.913475,3769300
2011-12-16,109.879997,110.120003,109.839996,110.050003,76.169617,1182000
2011-12-19,110.050003,110.230003,109.959999,110.160004,76.245766,1123700
2011-12-20,110.059998,110.199997,109.970001,110.010002,76.141907,2779500
2011-12-21,109.989998,110.029999,109.690002,109.730003,75.948105,930000
2011-12-22,109.900002,109.940002,109.779999,109.900002,76.065750,1465900
2011-12-23,109.709999,109.830002,109.459999,109.769997,75.975822,679700
2011-12-27,109.699997,109.940002,109.669998,109.940002,76.112831,1090600
2011-12-28,109.989998,110.230003,109.910004,110.129997,76.244385,873800
2011-12-29,110.239998,110.440002,110.080002,110.389999,76.424408,985400
2011-12-30,110.510002,110.639999,110.239998,110.250000,76.327484,1098300
2012-01-03,110.199997,110.199997,109.919998,110.029999,76.175179,1994600
2012-01-04,110.070000,110.070000,109.769997,109.879997,76.071281,1299200
2012-01-05,109.910004,110.050003,109.849998,110.029999,76.175179,856500
2012-01-06,110.029999,110.250000,110.019997,110.120003,76.237473,897900
2012-01-09,110.129997,110.320000,110.000000,110.029999,76.175179,976200
2012-01-10,110.029999,110.169998,109.940002,110.000000,76.154457,1002100
2012-01-11,110.129997,110.389999,110.059998,110.389999,76.424408,789900
2012-01-12,110.330002,110.379997,110.169998,110.300003,76.362122,844200
2012-01-13,110.410004,110.650002,110.410004,110.550003,76.535179,765000
2012-01-17,110.680000,110.750000,110.529999,110.580002,76.555954,1272900
2012-01-18,110.559998,110.680000,110.400002,110.440002,76.459007,1216900
2012-01-19,110.430000,110.470001,110.169998,110.260002,76.334435,1032300
2012-01-20,110.320000,110.320000,109.900002,109.980003,76.140579,1032600
2012-01-23,109.769997,109.989998,109.769997,109.889999,76.078201,819600
2012-01-24,109.970001,109.989998,109.839996,109.980003,76.140579,791600
2012-01-25,109.980003,110.480003,109.849998,110.139999,76.251343,1559600
2012-01-26,110.389999,110.500000,110.330002,110.360001,76.403641,1231700
2012-01-27,110.529999,110.620003,110.370003,110.540001,76.528290,778100
2012-01-30,110.750000,110.940002,110.690002,110.860001,76.749802,1490300
2012-01-31,110.839996,111.070000,110.720001,111.050003,76.881294,3255900
2012-02-01,110.610001,110.720001,110.449997,110.580002,76.746017,1965000
2012-02-02,110.550003,110.680000,110.470001,110.610001,76.766830,1182200
2012-02-03,110.300003,110.599998,110.220001,110.559998,76.732117,1142400
2012-02-06,110.519997,110.639999,110.400002,110.639999,76.787666,1854400
2012-02-07,110.459999,110.570000,110.339996,110.529999,76.711273,966600
2012-02-08,110.470001,110.550003,110.330002,110.440002,76.648865,1479600
2012-02-09,110.370003,110.419998,110.180000,110.260002,76.523880,1068400
2012-02-10,110.349998,110.529999,110.339996,110.410004,76.627991,714900
2012-02-13,110.480003,110.550003,110.389999,110.449997,76.655792,914800
2012-02-14,110.559998,110.720001,110.519997,110.540001,76.718239,876200
2012-02-15,110.650002,110.680000,110.489998,110.500000,76.690453,875500
2012-02-16,110.500000,110.580002,110.379997,110.480003,76.676613,918800
2012-02-17,110.320000,110.370003,110.199997,110.339996,76.579430,853700
2012-02-21,110.269997,110.320000,110.160004,110.169998,76.461449,1043800
2012-02-22,110.339996,110.480003,110.279999,110.480003,76.676613,975200
2012-02-23,110.419998,110.599998,110.370003,110.570000,76.739059,788400
2012-02-24,110.639999,110.790001,110.580002,110.599998,76.759880,1364300
2012-02-27,110.830002,110.949997,110.760002,110.949997,77.002808,712000
2012-02-28,111.019997,111.050003,110.809998,110.870003,76.947289,795300
2012-02-29,110.940002,110.940002,110.599998,110.760002,76.870941,1993600
2012-03-01,110.230003,110.309998,110.080002,110.260002,76.715706,1242600
2012-03-02,110.320000,110.510002,110.300003,110.500000,76.882759,863900
2012-03-05,110.480003,110.519997,110.320000,110.339996,76.771400,1098100
2012-03-06,110.550003,110.620003,110.449997,110.559998,76.924469,1056500
2012-03-07,110.550003,110.559998,110.419998,110.459999,76.854889,836100
2012-03-08,110.449997,110.480003,110.180000,110.209999,76.680977,971300
2012-03-09,110.230003,110.230003,110.129997,110.190002,76.667076,710900
2012-03-12,110.389999,110.449997,110.250000,110.290001,76.736633,1096600
2012-03-13,110.220001,110.230003,109.900002,109.919998,76.479187,1444700
2012-03-14,109.760002,109.839996,109.250000,109.320000,76.061729,1119800
2012-03-15,109.260002,109.459999,109.250000,109.269997,76.026993,800500
2012-03-16,109.150002,109.320000,109.059998,109.279999,76.033920,933900
2012-03-19,109.300003,109.300003,108.889999,108.930000,75.790390,1146800
2012-03-20,108.919998,109.089996,108.839996,109.089996,75.901680,960400
2012-03-21,109.230003,109.389999,109.129997,109.349998,76.082642,590700
2012-03-22,109.349998,109.470001,109.349998,109.449997,76.152168,666900
2012-03-23,109.470001,109.699997,109.440002,109.699997,76.326164,758400
2012-03-26,109.650002,109.680000,109.440002,109.620003,76.270432,867800
2012-03-27,109.690002,109.800003,109.610001,109.739998,76.353966,2551700
2012-03-28,109.730003,109.879997,109.680000,109.720001,76.340088,812700
2012-03-29,109.949997,110.059998,109.839996,110.019997,76.548782,1208100
2012-03-30,110.110001,110.110001,109.690002,109.849998,76.430519,1121300
2012-04-02,109.879997,109.879997,109.459999,109.620003,76.439545,2398400
2012-04-03,109.709999,109.790001,109.070000,109.150002,76.111824,767100
2012-04-04,109.349998,109.410004,109.209999,109.379997,76.272194,1137200
2012-04-05,109.599998,109.629997,109.410004,109.629997,76.446541,749100
2012-04-09,110.180000,110.190002,110.040001,110.110001,76.781242,575600
2012-04-10,110.190002,110.339996,110.070000,110.120003,76.788193,1893900
2012-04-11,110.050003,110.129997,109.889999,110.129997,76.795158,1203100
2012-04-12,110.099998,110.139999,110.000000,110.019997,76.718452,505900
2012-04-13,110.300003,110.379997,110.209999,110.360001,76.955612,1103900
2012-04-16,110.239998,110.489998,110.239998,110.379997,76.969513,1121200
2012-04-17,110.300003,110.400002,110.250000,110.400002,76.983505,737600
2012-04-18,110.440002,110.540001,110.349998,110.540001,77.081123,884300
2012-04-19,110.500000,110.580002,110.459999,110.459999,77.025284,618700
2012-04-20,110.480003,110.519997,110.370003,110.480003,77.039238,1530200
2012-04-23,110.739998,110.739998,110.529999,110.589996,77.115967,787100
2012-04-24,110.529999,110.580002,110.410004,110.430000,77.004417,627500
2012-04-25,110.410004,110.500000,110.239998,110.480003,77.039238,982300
2012-04-26,110.639999,110.690002,110.540001,110.650002,77.157829,1021600
2012-04-27,110.610001,110.669998,110.550003,110.639999,77.150833,656600
2012-04-30,110.730003,110.730003,110.589996,110.599998,77.122971,881900
2012-05-01,110.459999,110.500000,110.260002,110.330002,77.094955,772800
2012-05-02,110.459999,110.510002,110.360001,110.440002,77.171875,1298500
2012-05-03,110.430000,110.559998,110.410004,110.559998,77.255676,575400
2012-05-04,110.660004,110.699997,110.570000,110.669998,77.332512,611500
2012-05-07,110.739998,110.769997,110.669998,110.709999,77.360497,646100
2012-05-08,110.839996,110.949997,110.779999,110.790001,77.416420,580200
2012-05-09,110.919998,110.919998,110.720001,110.820000,77.437370,930000
2012-05-10,110.720001,110.760002,110.629997,110.709999,77.360497,527000
2012-05-11,110.919998,110.930000,110.750000,110.790001,77.416420,446300
2012-05-14,111.000000,111.059998,110.930000,111.040001,77.591110,763300
2012-05-15,111.099998,111.099998,110.879997,110.980003,77.549179,1187200
2012-05-16,110.870003,111.089996,110.830002,110.959999,77.535240,986400
2012-05-17,110.879997,111.129997,110.830002,111.029999,77.584145,1420700
2012-05-18,110.989998,111.080002,110.900002,111.000000,77.563179,1184700
2012-05-21,111.019997,111.050003,110.970001,110.980003,77.549179,1208500
2012-05-22,110.820000,110.919998,110.709999,110.709999,77.360497,1007400
2012-05-23,110.949997,111.010002,110.820000,110.839996,77.451340,696000
2012-05-24,110.879997,110.879997,110.709999,110.750000,77.388481,938900
2012-05-25,110.839996,110.949997,110.809998,110.919998,77.507225,454300
2012-05-29,110.949997,110.989998,110.830002,110.860001,77.465340,1192100
2012-05-30,111.199997,111.300003,111.110001,111.230003,77.723854,547100
2012-05-31,111.449997,111.620003,111.349998,111.559998,77.954514,2984100
2012-06-01,111.500000,111.669998,111.410004,111.599998,78.149117,1851600
2012-06-04,111.320000,111.870003,111.320000,111.339996,77.967072,1046100
2012-06-05,111.169998,111.330002,111.099998,111.110001,77.805992,951100
2012-06-06,111.230003,111.230003,110.779999,110.779999,77.574921,1864400
2012-06-07,110.820000,110.949997,110.779999,110.949997,77.693977,751800
2012-06-08,111.169998,111.180000,110.839996,110.900002,77.658981,710200
2012-06-11,110.870003,111.089996,110.809998,111.000000,77.729012,516100
2012-06-12,110.980003,111.040001,110.830002,110.910004,77.665916,482000
2012-06-13,110.989998,111.220001,110.849998,111.199997,77.869049,2650900
2012-06-14,111.099998,111.180000,111.029999,111.120003,77.813004,559200
2012-06-15,111.349998,111.389999,111.230003,111.379997,77.995102,1030800
2012-06-18,111.330002,111.430000,111.230003,111.349998,77.974068,696000
2012-06-19,111.300003,111.300003,111.110001,111.220001,77.883049,605500
2012-06-20,111.070000,111.209999,110.879997,111.050003,77.763954,1256100
2012-06-21,111.180000,111.320000,111.059998,111.199997,77.869049,939900
2012-06-22,111.169998,111.199997,111.040001,111.040001,77.756958,600200
2012-06-25,111.250000,111.400002,111.220001,111.389999,78.002052,2321900
2012-06-26,111.269997,111.370003,111.239998,111.269997,77.918053,789100
2012-06-27,111.349998,111.389999,111.239998,111.320000,77.953011,1552600
2012-06-28,111.529999,111.559998,111.419998,111.449997,78.044121,1180400
2012-06-29,111.250000,111.330002,111.199997,111.300003,77.939064,2052800
2012-07-02,111.169998,111.320000,111.080002,111.290001,78.088547,1994500
2012-07-03,111.209999,111.290001,111.180000,111.209999,78.032425,1002900
2012-07-05,111.239998,111.500000,111.239998,111.500000,78.235825,740700
2012-07-06,111.510002,111.680000,111.500000,111.580002,78.292000,1520200
2012-07-09,111.669998,111.820000,111.650002,111.800003,78.446350,472600
2012-07-10,111.760002,111.910004,111.730003,111.849998,78.481422,521600
2012-07-11,111.860001,112.000000,111.809998,111.839996,78.474434,566400
2012-07-12,112.000000,112.040001,111.930000,112.040001,78.614799,382700
2012-07-13,112.070000,112.089996,111.940002,112.080002,78.642815,435300
2012-07-16,112.209999,112.320000,112.160004,112.169998,78.706009,480800
2012-07-17,112.209999,112.239998,112.120003,112.129997,78.677879,600200
2012-07-18,112.239998,112.360001,112.239998,112.349998,78.832283,470300
2012-07-19,112.300003,112.430000,112.230003,112.260002,78.769135,901600
2012-07-20,112.389999,112.550003,112.389999,112.419998,78.881363,602200
2012-07-23,112.620003,112.620003,112.489998,112.519997,78.951569,498200
2012-07-24,112.470001,112.680000,112.430000,112.660004,79.049866,521200
2012-07-25,112.629997,112.709999,112.610001,112.699997,79.077866,874700
2012-07-26,112.660004,112.690002,112.620003,112.629997,79.028717,857900
2012-07-27,112.449997,112.459999,112.150002,112.290001,78.790176,1010200
2012-07-30,112.309998,112.519997,112.269997,112.480003,78.923492,618400
2012-07-31,112.580002,112.650002,112.430000,112.589996,79.000679,983600
2012-08-01,112.250000,112.389999,111.989998,112.239998,78.909317,2480600
2012-08-02,112.330002,112.500000,112.260002,112.260002,78.923347,846300
2012-08-03,112.099998,112.160004,111.959999,111.989998,78.733513,1832400
2012-08-06,112.120003,112.230003,112.040001,112.160004,78.853073,1832500
2012-08-07,111.839996,111.910004,111.809998,111.860001,78.642113,1733100
2012-08-08,111.940002,111.940002,111.699997,111.720001,78.543739,550400
2012-08-09,111.629997,111.779999,111.550003,111.690002,78.522644,835900
2012-08-10,111.980003,111.980003,111.790001,111.870003,78.649162,627400
2012-08-13,111.919998,111.989998,111.860001,111.860001,78.642113,570500
2012-08-14,111.589996,111.680000,111.540001,111.599998,78.459320,567100
2012-08-15,111.449997,111.449997,111.190002,111.239998,78.206253,550000
2012-08-16,111.300003,111.320000,110.970001,111.099998,78.107819,668300
2012-08-17,111.190002,111.290001,111.150002,111.230003,78.199226,505700
2012-08-20,111.150002,111.269997,111.139999,111.190002,78.171097,419000
2012-08-21,111.180000,111.349998,111.040001,111.339996,78.276512,738600
2012-08-22,111.599998,111.820000,111.510002,111.820000,78.614014,405500
2012-08-23,111.839996,111.940002,111.830002,111.900002,78.670219,421500
2012-08-24,111.980003,111.980003,111.790001,111.820000,78.614014,649600
2012-08-27,111.900002,112.000000,111.889999,111.970001,78.719482,493100
2012-08-28,112.040001,112.110001,111.980003,112.059998,78.782761,699200
2012-08-29,112.010002,112.040001,111.900002,111.949997,78.705368,717100
2012-08-30,112.019997,112.139999,112.019997,112.019997,78.754639,436200
2012-08-31,112.099998,112.430000,112.070000,112.370003,79.000671,1203400
2012-09-04,112.139999,112.150002,111.959999,112.129997,78.985847,1596700
2012-09-05,112.050003,112.169998,112.029999,112.129997,78.985847,503000
2012-09-06,111.889999,111.889999,111.760002,111.870003,78.802765,1805200
2012-09-07,112.150002,112.199997,111.849998,111.889999,78.816811,1554400
2012-09-10,111.900002,111.930000,111.769997,111.910004,78.830925,1303000
2012-09-11,111.769997,111.879997,111.750000,111.779999,78.739311,3037100
2012-09-12,111.660004,111.690002,111.519997,111.570000,78.591415,1679500
2012-09-13,111.750000,111.889999,111.370003,111.830002,78.774590,2165200
2012-09-14,111.610001,111.610001,111.330002,111.370003,78.450508,1011200
2012-09-17,111.510002,111.620003,111.430000,111.550003,78.577309,1063800
2012-09-18,111.720001,111.809998,111.610001,111.620003,78.626686,1133600
2012-09-19,111.870003,111.910004,111.760002,111.839996,78.781593,732200
2012-09-20,111.949997,111.959999,111.750000,111.769997,78.732277,2518600
2012-09-21,111.769997,111.949997,111.750000,111.949997,78.859032,829200
2012-09-24,111.940002,112.089996,111.940002,112.070000,78.943634,1220800
2012-09-25,112.120003,112.250000,112.010002,112.250000,79.070374,836400
2012-09-26,112.360001,112.400002,112.260002,112.360001,79.147911,793500
2012-09-27,112.300003,112.379997,112.269997,112.290001,79.098640,1127100
2012-09-28,112.389999,112.459999,112.250000,112.449997,79.211311,2745500
2012-10-01,112.169998,112.250000,112.070000,112.199997,79.180946,1674400
2012-10-02,112.160004,112.290001,112.110001,112.290001,79.244484,903300
2012-10-03,112.180000,112.309998,112.180000,112.250000,79.216225,1187500
2012-10-04,112.160004,112.250000,112.070000,112.089996,79.103317,459200
2012-10-05,111.940002,111.989998,111.839996,111.860001,78.940994,580200
2012-10-08,111.900002,112.050003,111.900002,112.029999,79.060982,524800
2012-10-09,111.940002,112.070000,111.860001,111.910004,78.976318,2316400
2012-10-10,111.900002,112.160004,111.879997,112.089996,79.103317,555400
2012-10-11,111.970001,112.250000,111.970001,112.230003,79.202110,523400
2012-10-12,112.320000,112.410004,112.260002,112.320000,79.265648,1646900
2012-10-15,112.300003,112.379997,112.250000,112.379997,79.307999,1646300
2012-10-16,112.309998,112.360001,112.169998,112.199997,79.180946,978500
2012-10-17,112.040001,112.050003,111.820000,111.849998,78.933960,1199200
2012-10-18,111.930000,111.930000,111.709999,111.809998,78.905701,1249500
2012-10-19,111.790001,112.029999,111.790001,111.949997,79.004501,683700
2012-10-22,111.900002,111.959999,111.800003,111.800003,78.898674,438100
2012-10-23,111.870003,112.070000,111.870003,112.050003,79.075066,628100
2012-10-24,111.949997,112.059998,111.900002,111.970001,79.018661,604900
2012-10-25,111.779999,111.949997,111.709999,111.730003,78.849281,970700
2012-10-26,111.889999,112.080002,111.879997,112.029999,79.060982,908900
2012-10-31,112.040001,112.239998,112.000000,112.190002,79.173912,2200200
2012-11-01,112.050003,112.050003,111.779999,111.800003,79.069954,1350800
2012-11-02,111.830002,111.919998,111.669998,111.870003,79.119431,961700
2012-11-05,112.000000,112.089996,111.949997,112.059998,79.253807,2684000
2012-11-06,112.000000,112.010002,111.720001,111.739998,79.027504,589600
2012-11-07,112.160004,112.209999,112.000000,112.000000,79.211365,1563100
2012-11-08,111.980003,112.209999,111.949997,112.139999,79.310410,1411400
2012-11-09,112.010002,112.110001,111.919998,112.080002,79.267960,1295200
2012-11-12,112.129997,112.150002,112.019997,112.050003,79.246727,612700
2012-11-13,112.279999,112.330002,112.110001,112.250000,79.388184,3355800
2012-11-14,112.050003,112.279999,112.040001,112.279999,79.409393,1242700
2012-11-15,112.190002,112.230003,112.110001,112.169998,79.331589,1532600
2012-11-16,112.199997,112.300003,112.150002,112.209999,79.359901,981700
2012-11-19,112.089996,112.290001,112.059998,112.290001,79.416512,917000
2012-11-20,112.190002,112.239998,112.059998,112.080002,79.267960,666800
2012-11-21,111.970001,112.059998,111.879997,111.889999,79.133575,1160800
2012-11-23,111.959999,111.980003,111.889999,111.959999,79.183098,220300
2012-11-26,112.019997,112.089996,111.949997,112.000000,79.211365,629500
2012-11-27,112.010002,112.169998,112.010002,112.150002,79.317459,571900
2012-11-28,112.199997,112.260002,112.160004,112.169998,79.331589,458700
2012-11-29,112.139999,112.309998,112.139999,112.309998,79.430641,661800
2012-11-30,112.260002,112.320000,112.190002,112.250000,79.388184,908600
2012-12-03,111.449997,111.610001,111.360001,111.599998,79.399590,809900
2012-12-04,111.599998,111.690002,111.510002,111.669998,79.449348,871900
2012-12-05,111.690002,111.790001,111.680000,111.769997,79.520515,538200
2012-12-06,111.769997,111.839996,111.730003,111.760002,79.513420,519400
2012-12-07,111.610001,111.709999,111.550003,111.660004,79.442261,966200
2012-12-10,111.639999,111.709999,111.610001,111.680000,79.456512,843500
2012-12-11,111.599998,111.650002,111.550003,111.639999,79.427994,814100
2012-12-12,111.589996,111.660004,111.330002,111.330002,79.207489,1448600
2012-12-13,111.300003,111.339996,111.139999,111.150002,79.079414,1209700
2012-12-14,111.339996,111.419998,111.279999,111.349998,79.221710,1678800
2012-12-17,111.349998,111.360001,111.040001,111.080002,79.029633,1464100
2012-12-18,111.000000,111.070000,110.739998,110.820000,78.844635,1411500
2012-12-19,110.919998,111.099998,110.919998,111.010002,78.979805,1114000
2012-12-20,111.099998,111.160004,110.980003,111.019997,78.986931,1122600
2012-12-21,111.190002,111.230003,111.089996,111.120003,79.058105,973700
2012-12-24,111.089996,111.160004,111.080002,111.129997,79.065178,329200
2012-12-26,110.959999,111.070000,110.959999,111.050003,79.172112,575800
2012-12-27,111.050003,111.250000,110.989998,111.110001,79.214912,722100
2012-12-28,111.290001,111.300003,111.150002,111.279999,79.336143,1295800
2012-12-31,111.250000,111.260002,111.019997,111.080002,79.193520,905400
2013-01-02,110.820000,111.000000,110.820000,110.949997,79.100800,1137300
2013-01-03,111.010002,111.080002,110.639999,110.669998,78.901184,1762900
2013-01-04,110.589996,110.800003,110.550003,110.790001,78.986740,1286800
2013-01-07,110.790001,110.820000,110.680000,110.730003,78.943970,1854400
2013-01-08,110.790001,110.889999,110.750000,110.830002,79.015289,1784500
2013-01-09,110.849998,110.849998,110.709999,110.750000,78.958237,1346900
2013-01-10,110.699997,110.809998,110.650002,110.739998,78.951111,1128700
2013-01-11,110.639999,110.910004,110.620003,110.849998,79.029556,1120000
2013-01-14,110.940002,111.010002,110.870003,110.949997,79.100800,870200
2013-01-15,111.010002,111.070000,110.949997,110.980003,79.122223,2561100
2013-01-16,111.019997,111.099998,110.919998,111.040001,79.164986,1232000
2013-01-17,110.779999,110.910004,110.709999,110.800003,78.993935,1281000
2013-01-18,110.879997,110.940002,110.830002,110.930000,79.086555,654700
2013-01-22,110.750000,110.949997,110.750000,110.870003,79.043793,1459000
2013-01-23,110.959999,111.010002,110.500000,110.989998,79.129379,1393800
2013-01-24,110.889999,110.949997,110.820000,110.839996,79.022415,659800
2013-01-25,110.599998,110.690002,110.489998,110.570000,78.829933,877800
2013-01-28,110.279999,110.419998,110.269997,110.410004,78.715805,1067500
2013-01-29,110.410004,110.489998,110.260002,110.339996,78.665947,837700
2013-01-30,110.209999,110.300003,110.150002,110.290001,78.630280,1362200
2013-01-31,110.300003,110.389999,110.260002,110.389999,78.701569,1970000
2013-02-01,110.379997,110.389999,109.919998,109.940002,78.530891,1340000
2013-02-04,110.089996,110.279999,110.089996,110.250000,78.752281,805400
2013-02-05,110.040001,110.110001,110.019997,110.019997,78.587990,1905900
2013-02-06,110.120003,110.260002,110.110001,110.209999,78.723709,1229600
2013-02-07,110.180000,110.339996,110.160004,110.250000,78.752281,1147900
2013-02-08,110.169998,110.279999,110.050003,110.279999,78.773758,681400
2013-02-11,110.250000,110.250000,110.139999,110.169998,78.695152,1384100
2013-02-12,110.099998,110.180000,110.080002,110.150002,78.680878,666800
2013-02-13,109.940002,110.089996,109.940002,110.040001,78.602303,902200
2013-02-14,110.010002,110.239998,110.010002,110.239998,78.745155,731900
2013-02-15,110.190002,110.250000,110.059998,110.250000,78.752281,1864700
2013-02-19,110.260002,110.290001,110.070000,110.120003,78.659424,1391300
2013-02-20,110.089996,110.250000,110.029999,110.190002,78.709480,2028900
2013-02-21,110.260002,110.370003,110.239998,110.250000,78.752281,829600
2013-02-22,110.309998,110.349998,110.290001,110.309998,78.795166,955700
2013-02-25,110.290001,110.779999,110.199997,110.730003,79.095177,1181500
2013-02-26,110.639999,110.830002,110.639999,110.699997,79.073761,801300
2013-02-27,110.830002,110.839996,110.620003,110.730003,79.095177,520300
2013-02-28,110.690002,110.830002,110.690002,110.830002,79.166595,1211900
2013-03-01,110.639999,110.720001,110.570000,110.660004,79.194496,1076800
2013-03-04,110.650002,110.660004,110.570000,110.580002,79.137268,782100
2013-03-05,110.540001,110.570000,110.480003,110.489998,79.072853,804400
2013-03-06,110.400002,110.449997,110.330002,110.370003,78.987015,974300
2013-03-07,110.260002,110.260002,109.970001,110.139999,78.822372,1047000
2013-03-08,109.860001,109.959999,109.779999,109.820000,78.593361,2006800
2013-03-11,109.839996,109.919998,109.820000,109.879997,78.636314,1163500
2013-03-12,109.940002,110.080002,109.930000,110.080002,78.779465,1656200
2013-03-13,109.919998,110.080002,109.919998,109.989998,78.715019,1137000
2013-03-14,109.900002,110.150002,109.900002,110.110001,78.800926,1090700
2013-03-15,110.070000,110.250000,110.070000,110.209999,78.872414,661500
2013-03-18,110.360001,110.379997,110.279999,110.309998,78.944000,1231900
2013-03-19,110.419998,110.610001,110.389999,110.470001,79.058517,1104800
2013-03-20,110.389999,110.480003,110.320000,110.349998,78.972687,1275100
2013-03-21,110.430000,110.459999,110.349998,110.370003,78.987015,906400
2013-03-22,110.519997,110.519997,110.349998,110.410004,79.015587,776000
2013-03-25,110.400002,110.519997,110.360001,110.370003,78.987015,981100
2013-03-26,110.309998,110.519997,110.309998,110.500000,79.080017,964700
2013-03-27,110.620003,110.750000,110.570000,110.730003,79.244598,1028800
2013-03-28,110.680000,110.779999,110.650002,110.730003,79.244598,2343300
2013-04-01,110.440002,110.580002,110.389999,110.570000,79.316353,1580800
2013-04-02,110.510002,110.519997,110.410004,110.449997,79.230232,875300
2013-04-03,110.540001,110.690002,110.489998,110.570000,79.316353,1260300
2013-04-04,110.720001,110.879997,110.709999,110.879997,79.538734,1263800
2013-04-05,111.169998,111.260002,111.110001,111.199997,79.768234,1013800
2013-04-08,111.150002,111.230003,111.010002,111.010002,79.632019,1027000
2013-04-09,111.099998,111.129997,110.949997,111.050003,79.660652,1286600
2013-04-10,110.900002,110.910004,110.769997,110.820000,79.495689,1281600
2013-04-11,110.839996,110.910004,110.820000,110.839996,79.510010,1037400
2013-04-12,111.019997,111.209999,110.970001,111.199997,79.768234,873700
2013-04-15,111.160004,111.290001,111.129997,111.250000,79.804153,1521700
2013-04-16,111.220001,111.279999,111.160004,111.250000,79.804153,593000
2013-04-17,111.199997,111.440002,111.199997,111.250000,79.804153,1078500
2013-04-18,111.290001,111.349998,111.209999,111.230003,79.789833,1153800
2013-04-19,111.250000,111.279999,111.199997,111.239998,79.796974,373600
2013-04-22,111.269997,111.389999,111.250000,111.379997,79.897377,1113800
2013-04-23,111.449997,111.510002,111.290001,111.330002,79.861542,747900
2013-04-24,111.279999,111.379997,111.260002,111.309998,79.847168,743900
2013-04-25,111.279999,111.300003,111.209999,111.260002,79.811295,848700
2013-04-26,111.370003,111.529999,111.349998,111.489998,79.976265,678500
2013-04-29,111.489998,111.570000,111.470001,111.559998,80.026520,869400
2013-04-30,111.589996,111.680000,111.480003,111.540001,80.012123,1853100
2013-05-01,111.480003,111.500000,111.360001,111.389999,80.049538,1741300
2013-05-02,111.370003,111.480003,111.360001,111.400002,80.056702,875500
2013-05-03,111.199997,111.199997,110.940002,110.989998,79.762070,580000
2013-05-06,110.940002,111.000000,110.809998,110.809998,79.632729,686300
2013-05-07,110.790001,110.849998,110.750000,110.750000,79.589600,931600
2013-05-08,110.830002,110.900002,110.760002,110.849998,79.661476,1032600
2013-05-09,110.849998,110.949997,110.699997,110.699997,79.553658,537900
2013-05-10,110.690002,110.739998,110.349998,110.480003,79.395576,423100
2013-05-13,110.349998,110.389999,110.290001,110.379997,79.323715,563400
2013-05-14,110.379997,110.449997,110.120003,110.120003,79.136810,994500
2013-05-15,110.269997,110.320000,110.099998,110.279999,79.251839,926800
2013-05-16,110.360001,110.580002,110.360001,110.580002,79.467445,1965700
2013-05-17,110.500000,110.510002,110.250000,110.309998,79.273399,621800
2013-05-20,110.320000,110.379997,110.110001,110.199997,79.194344,1710100
2013-05-21,110.129997,110.320000,110.070000,110.290001,79.259048,992300
2013-05-22,110.360001,110.480003,109.830002,109.919998,78.993126,1134400
2013-05-23,110.029999,110.050003,109.800003,109.879997,78.964394,1107200
2013-05-24,109.940002,110.050003,109.830002,109.879997,78.964394,640100
2013-05-28,109.769997,109.779999,109.169998,109.199997,78.475700,1082800
2013-05-29,109.260002,109.379997,109.180000,109.349998,78.583488,1369400
2013-05-30,109.360001,109.480003,109.290001,109.320000,78.561943,1301000
2013-05-31,109.400002,109.470001,108.879997,109.110001,78.410988,1616800
2013-06-03,108.790001,109.080002,108.730003,108.970001,78.450600,2110400
2013-06-04,108.830002,108.889999,108.680000,108.730003,78.277863,980500
2013-06-05,108.849998,108.900002,108.669998,108.669998,78.234650,1160600
2013-06-06,108.660004,109.089996,108.610001,108.949997,78.436195,1142500
2013-06-07,108.669998,108.910004,108.540001,108.610001,78.191422,1337400
2013-06-10,108.349998,108.510002,108.330002,108.389999,78.033073,1173300
2013-06-11,108.190002,108.449997,108.000000,108.400002,78.040260,1118700
2013-06-12,108.330002,108.500000,108.199997,108.220001,77.910713,1469500
2013-06-13,108.239998,108.750000,108.239998,108.750000,78.292213,999000
2013-06-14,108.820000,109.000000,108.779999,108.779999,78.313835,1219800
2013-06-17,108.849998,108.940002,108.680000,108.699997,78.256233,1694700
2013-06-18,108.629997,108.730003,108.519997,108.660004,78.227425,1067500
2013-06-19,108.820000,108.820000,107.800003,107.930000,77.701935,975800
2013-06-20,107.330002,107.529999,107.120003,107.209999,77.183556,3057100
2013-06-21,107.110001,107.309998,106.529999,106.610001,76.751648,1979500
2013-06-24,106.010002,106.599998,105.820000,106.180000,76.442039,2270900
2013-06-25,106.470001,106.599998,106.209999,106.300003,76.528374,1687400
2013-06-26,106.720001,106.879997,106.550003,106.750000,76.852394,995800
2013-06-27,106.980003,107.199997,106.900002,107.199997,77.176361,1333700
2013-06-28,106.930000,107.349998,106.849998,107.209999,77.183556,2674000
2013-07-01,106.919998,107.209999,106.919998,107.160004,77.290306,950300
2013-07-02,107.239998,107.309998,107.129997,107.160004,77.290306,636900
2013-07-03,107.220001,107.279999,107.010002,107.010002,77.182083,442600
2013-07-05,106.169998,106.269997,105.820000,105.839996,76.338188,1476400
2013-07-08,106.110001,106.440002,106.110001,106.389999,76.734940,641800
2013-07-09,106.570000,106.570000,106.430000,106.500000,76.814255,1726000
2013-07-10,106.589996,106.589996,106.220001,106.220001,76.612305,717100
2013-07-11,106.769997,106.940002,106.620003,106.930000,77.124413,1044200
2013-07-12,107.139999,107.139999,106.680000,106.809998,77.037827,616300
2013-07-15,106.919998,107.040001,106.830002,107.040001,77.203712,757500
2013-07-16,107.139999,107.220001,107.070000,107.209999,77.326378,585900
2013-07-17,107.440002,107.550003,107.300003,107.440002,77.492302,693500
2013-07-18,107.370003,107.440002,107.180000,107.239998,77.347954,576900
2013-07-19,107.389999,107.550003,107.290001,107.519997,77.549942,563200
2013-07-22,107.529999,107.690002,107.519997,107.660004,77.650917,684100
2013-07-23,107.510002,107.620003,107.430000,107.599998,77.607681,502200
2013-07-24,107.239998,107.330002,107.029999,107.250000,77.355225,956800
2013-07-25,107.019997,107.300003,106.949997,107.290001,77.384048,917100
2013-07-26,107.349998,107.370003,107.220001,107.260002,77.362427,771600
2013-07-29,107.260002,107.269997,107.129997,107.260002,77.362427,459600
2013-07-30,107.260002,107.339996,107.099998,107.220001,77.333572,662400
2013-07-31,106.809998,107.320000,106.769997,107.300003,77.391273,1361900
2013-08-01,106.839996,106.849998,106.400002,106.489998,76.954048,1162600
2013-08-02,106.800003,106.959999,106.709999,106.849998,77.214211,841800
2013-08-05,106.930000,106.949997,106.739998,106.900002,77.250328,1166600
2013-08-06,106.849998,106.900002,106.750000,106.790001,77.170830,595700
2013-08-07,106.919998,107.029999,106.870003,106.930000,77.272034,460600
2013-08-08,107.099998,107.209999,107.019997,107.080002,77.380409,848700
2013-08-09,107.059998,107.190002,106.970001,107.150002,77.431000,389800
2013-08-12,107.269997,107.269997,107.000000,107.080002,77.380409,713400
2013-08-13,106.680000,106.750000,106.519997,106.650002,77.069717,525100
2013-08-14,106.550003,106.650002,106.500000,106.510002,76.968529,756200
2013-08-15,106.230003,106.339996,106.059998,106.129997,76.693901,765600
2013-08-16,106.209999,106.209999,105.730003,105.830002,76.477119,777300
2013-08-19,105.790001,105.790001,105.470001,105.500000,76.238678,734000
2013-08-20,105.750000,105.839996,105.699997,105.809998,76.462730,984600
2013-08-21,105.709999,105.849998,105.419998,105.419998,76.180809,656300
2013-08-22,105.519997,105.599998,105.330002,105.550003,76.274818,821600
2013-08-23,105.540001,105.930000,105.449997,105.900002,76.527733,653100
2013-08-26,106.110001,106.110001,106.000000,106.089996,76.664993,922400
2013-08-27,106.309998,106.449997,106.160004,106.370003,76.867325,676400
2013-08-28,106.320000,106.320000,106.129997,106.169998,76.722855,648500
2013-08-29,106.080002,106.430000,106.000000,106.379997,76.874641,476200
2013-08-30,106.400002,106.519997,106.209999,106.209999,76.751778,1670400
2013-09-03,105.629997,105.959999,105.529999,105.750000,76.562050,1345200
2013-09-04,105.849998,105.849998,105.540001,105.599998,76.453430,546100
2013-09-05,105.339996,105.339996,104.879997,104.889999,75.939377,1058500
2013-09-06,105.330002,105.480003,105.230003,105.279999,76.221764,639500
2013-09-09,105.599998,105.610001,105.410004,105.489998,76.373802,897200
2013-09-10,105.339996,105.480003,105.250000,105.300003,76.236282,628400
2013-09-11,105.440002,105.660004,105.389999,105.660004,76.496864,2315600
2013-09-12,105.800003,105.830002,105.540001,105.540001,76.409981,846400
2013-09-13,105.639999,105.760002,105.610001,105.690002,76.518600,655300
2013-09-16,106.279999,106.279999,105.860001,105.910004,76.677910,866200
2013-09-17,106.000000,106.059998,105.900002,106.010002,76.750267,865400
2013-09-18,105.930000,106.989998,105.800003,106.900002,77.394646,1113400
2013-09-19,106.860001,106.940002,106.699997,106.769997,77.300507,661800
2013-09-20,106.839996,106.870003,106.690002,106.769997,77.300507,482800
2013-09-23,106.800003,106.919998,106.720001,106.849998,77.358459,855800
2013-09-24,106.989998,107.160004,106.940002,107.099998,77.539459,718200
2013-09-25,107.080002,107.320000,107.059998,107.250000,77.648071,647700
2013-09-26,107.199997,107.230003,107.099998,107.230003,77.633514,588100
2013-09-27,107.199997,107.360001,107.169998,107.290001,77.677002,427900
2013-09-30,107.290001,107.330002,107.150002,107.199997,77.611855,1439500
2013-10-01,107.080002,107.099998,106.860001,106.930000,77.554558,2278900
2013-10-02,107.089996,107.190002,106.989998,107.070000,77.656059,576900
2013-10-03,106.959999,107.220001,106.959999,107.150002,77.714111,905000
2013-10-04,107.059998,107.099998,106.959999,107.059998,77.648811,558700
2013-10-07,107.230003,107.250000,107.019997,107.040001,77.634270,559600
2013-10-08,107.070000,107.150002,106.970001,106.989998,77.598076,407000
2013-10-09,107.099998,107.099998,106.879997,106.910004,77.540047,771500
2013-10-10,106.839996,107.080002,106.750000,107.029999,77.627083,2191900
2013-10-11,107.220001,107.269997,107.040001,107.070000,77.656059,1032200
2013-10-14,107.099998,107.120003,106.849998,106.870003,77.511009,412900
2013-10-15,107.059998,107.089996,106.790001,106.820000,77.474716,946900
2013-10-16,106.779999,107.279999,106.739998,107.279999,77.808395,774700
2013-10-17,107.500000,107.680000,107.440002,107.580002,78.025978,1027300
2013-10-18,107.750000,107.820000,107.680000,107.760002,78.156517,632400
2013-10-21,107.709999,107.730003,107.580002,107.660004,78.083984,734700
2013-10-22,107.980003,108.070000,107.919998,108.040001,78.359627,1572300
2013-10-23,108.070000,108.160004,108.000000,108.010002,78.337868,694300
2013-10-24,108.139999,108.139999,107.940002,107.970001,78.308861,532800
2013-10-25,108.010002,108.099998,107.959999,108.010002,78.337868,484300
2013-10-28,108.000000,108.089996,107.940002,107.959999,78.301582,936200
2013-10-29,107.919998,108.089996,107.870003,108.089996,78.395859,521400
2013-10-30,108.110001,108.209999,107.820000,107.889999,78.250793,492100
2013-10-31,108.110001,108.120003,107.800003,107.900002,78.258041,1793600
2013-11-01,107.639999,107.650002,107.410004,107.449997,78.069183,1262300
2013-11-04,107.550003,107.599998,107.480003,107.559998,78.149055,421700
2013-11-05,107.400002,107.430000,107.220001,107.239998,77.916557,873100
2013-11-06,107.389999,107.459999,107.349998,107.410004,78.040123,557300
2013-11-07,107.500000,107.589996,107.430000,107.489998,78.098213,804300
2013-11-08,106.889999,106.940002,106.760002,106.820000,77.611389,796600
2013-11-11,106.820000,106.830002,106.680000,106.760002,77.567810,1281400
2013-11-12,106.709999,106.790001,106.669998,106.720001,77.538742,1130600
2013-11-13,106.940002,107.040001,106.870003,107.000000,77.742218,673300
2013-11-14,107.120003,107.330002,107.099998,107.330002,77.981979,1437800
2013-11-15,107.370003,107.389999,107.279999,107.360001,78.003769,1853400
2013-11-18,107.430000,107.570000,107.419998,107.570000,78.156349,856100
2013-11-19,107.480003,107.500000,107.260002,107.279999,77.945618,1703100
2013-11-20,107.339996,107.459999,106.940002,106.980003,77.727661,984800
2013-11-21,106.919998,107.110001,106.800003,107.089996,77.807587,1362900
2013-11-22,107.129997,107.269997,107.120003,107.239998,77.916557,919400
2013-11-25,107.250000,107.389999,107.230003,107.320000,77.974701,692300
2013-11-26,107.339996,107.519997,107.330002,107.349998,77.996490,1625600
2013-11-27,107.440002,107.480003,107.209999,107.400002,78.032837,932800
2013-11-29,107.300003,107.489998,107.209999,107.440002,78.061905,956500
2013-12-02,107.099998,107.120003,106.830002,106.830002,77.765602,1518700
2013-12-03,106.970001,107.019997,106.900002,106.959999,77.860245,1478600
2013-12-04,106.610001,106.769997,106.589996,106.680000,77.656418,1205300
2013-12-05,106.620003,106.699997,106.449997,106.449997,77.489014,1882800
2013-12-06,106.529999,106.709999,106.480003,106.629997,77.620041,2883600
2013-12-09,106.699997,106.809998,106.660004,106.760002,77.714661,1379500
2013-12-10,107.050003,107.070000,106.889999,106.930000,77.838409,2986900
2013-12-11,106.930000,106.949997,106.760002,106.760002,77.714661,4010300
2013-12-12,106.720001,106.720001,106.570000,106.599998,77.598228,2260000
2013-12-13,106.849998,106.849998,106.620003,106.650002,77.634590,3461600
2013-12-16,106.919998,106.919998,106.669998,106.730003,77.692818,804900
2013-12-17,106.769997,106.959999,106.730003,106.910004,77.823853,1381500
2013-12-18,106.800003,107.099998,106.500000,106.860001,77.787445,1446100
2013-12-19,106.580002,106.750000,106.470001,106.680000,77.656418,2011400
2013-12-20,106.860001,106.930000,106.690002,106.860001,77.787445,1378300
2013-12-23,106.860001,106.970001,106.769997,106.809998,77.751022,1926700
2013-12-24,106.720001,106.760002,106.629997,106.660004,77.641899,688500
2013-12-26,106.349998,106.419998,105.349998,106.389999,77.598152,750800
2013-12-27,106.379997,106.459999,106.290001,106.430000,77.627289,1320400
2013-12-30,106.510002,106.589996,106.440002,106.529999,77.700203,1226500
2013-12-31,106.480003,106.580002,106.370003,106.430000,77.627289,3280300
2014-01-02,106.449997,106.570000,106.430000,106.500000,77.678329,1346600
2014-01-03,106.449997,106.629997,106.389999,106.540001,77.707489,2293500
2014-01-06,106.529999,106.680000,106.529999,106.680000,77.809624,4413900
2014-01-07,106.739998,106.779999,106.669998,106.730003,77.846115,1255700
2014-01-08,106.570000,106.620003,106.400002,106.410004,77.612679,1090800
2014-01-09,106.559998,106.580002,106.419998,106.559998,77.722122,829400
2014-01-10,106.919998,107.099998,106.839996,107.099998,78.115952,1484400
2014-01-13,107.150002,107.309998,107.139999,107.199997,78.188866,1139500
2014-01-14,107.180000,107.250000,106.980003,107.040001,78.072197,987500
2014-01-15,106.879997,106.980003,106.820000,106.949997,78.006569,1664800
2014-01-16,107.129997,107.209999,107.070000,107.199997,78.188866,3113700
2014-01-17,107.180000,107.300003,107.099998,107.250000,78.225357,588700
2014-01-21,107.209999,107.339996,107.169998,107.300003,78.261833,1777100
2014-01-22,107.110001,107.239998,107.019997,107.070000,78.094093,892900
2014-01-23,107.269997,107.519997,107.260002,107.349998,78.298302,1901200
2014-01-24,107.480003,107.650002,107.459999,107.580002,78.466072,783200
2014-01-27,107.529999,107.639999,107.339996,107.349998,78.298302,1335000
2014-01-28,107.459999,107.559998,107.389999,107.529999,78.429581,1306400
2014-01-29,107.680000,107.919998,107.680000,107.849998,78.663017,1116200
2014-01-30,107.760002,107.879997,107.709999,107.870003,78.677544,3074400
2014-01-31,108.000000,108.070000,107.910004,108.070000,78.823463,3195200
2014-02-03,107.779999,108.230003,107.709999,108.230003,79.090912,1976100
2014-02-04,107.959999,108.080002,107.879997,107.970001,78.900955,2289000
2014-02-05,107.879997,107.919998,107.690002,107.699997,78.703590,1162000
2014-02-06,107.620003,107.669998,107.550003,107.650002,78.667053,1127700
2014-02-07,107.680000,107.900002,107.650002,107.820000,78.791321,611700
2014-02-10,107.860001,107.970001,107.809998,107.930000,78.871704,1097200
2014-02-11,107.699997,107.779999,107.629997,107.720001,78.718231,1493200
2014-02-12,107.580002,107.610001,107.449997,107.540001,78.586678,714100
2014-02-13,107.750000,107.820000,107.690002,107.769997,78.754730,777400
2014-02-14,107.750000,107.779999,107.660004,107.769997,78.754730,708800
2014-02-18,107.760002,107.940002,107.739998,107.839996,78.805939,940900
2014-02-19,107.970001,108.059998,107.730003,107.760002,78.747467,902600
2014-02-20,107.709999,107.760002,107.570000,107.699997,78.703590,894000
2014-02-21,107.620003,107.800003,107.610001,107.800003,78.776672,395300
2014-02-24,107.800003,107.800003,107.680000,107.699997,78.703590,838500
2014-02-25,107.849998,108.019997,107.849998,107.989998,78.915573,542100
2014-02-26,108.040001,108.220001,108.000000,108.220001,79.083580,617000
2014-02-27,108.250000,108.370003,108.230003,108.330002,79.163963,628900
2014-02-28,108.239998,108.320000,108.120003,108.269997,79.120140,1589500
2014-03-03,108.209999,108.379997,108.150002,108.349998,79.325096,2533900
2014-03-04,108.250000,108.250000,107.919998,107.949997,79.032318,953700
2014-03-05,107.830002,108.019997,107.809998,108.010002,79.076233,2852300
2014-03-06,107.760002,107.830002,107.690002,107.769997,78.900475,689200
2014-03-07,107.459999,107.559998,107.419998,107.470001,78.680893,701700
2014-03-10,107.500000,107.559998,107.459999,107.470001,78.680893,877800
2014-03-11,107.529999,107.559998,107.440002,107.459999,78.673508,2060700
2014-03-12,107.669998,107.720001,107.599998,107.699997,78.849220,943300
2014-03-13,107.570000,108.059998,107.550003,107.980003,79.054283,660900
2014-03-14,108.129997,108.169998,107.930000,107.930000,79.017647,741800
2014-03-17,107.910004,107.980003,107.830002,107.870003,78.973724,590800
2014-03-18,107.879997,108.000000,107.849998,108.000000,79.068886,568500
2014-03-19,107.980003,107.980003,107.410004,107.519997,78.717499,702000
2014-03-20,107.449997,107.529999,107.389999,107.440002,78.658951,1100600
2014-03-21,107.519997,107.650002,107.459999,107.589996,78.768715,756600
2014-03-24,107.580002,107.769997,107.500000,107.750000,78.885849,712800
2014-03-25,107.690002,107.830002,107.629997,107.639999,78.805328,1377600
2014-03-26,107.750000,107.980003,107.720001,107.980003,79.054283,593900
2014-03-27,107.870003,108.080002,107.849998,108.059998,79.112793,1299200
2014-03-28,108.099998,108.099998,107.839996,107.900002,78.995697,865600
2014-03-31,107.830002,107.980003,107.739998,107.910004,79.003021,1452200
2014-04-01,107.660004,107.669998,107.540001,107.540001,78.881981,760000
2014-04-02,107.349998,107.489998,107.330002,107.360001,78.749908,1550700
2014-04-03,107.459999,107.540001,107.389999,107.440002,78.808647,1126700
2014-04-04,107.660004,107.849998,107.650002,107.779999,79.058029,1043600
2014-04-07,107.940002,108.059998,107.889999,107.940002,79.175362,679500
2014-04-08,107.980003,108.150002,107.930000,108.070000,79.270744,1435700
2014-04-09,108.000000,108.209999,107.930000,108.080002,79.278076,1167100
2014-04-10,108.169998,108.489998,108.150002,108.330002,79.461449,1033300
2014-04-11,108.580002,108.580002,108.410004,108.430000,79.534821,1168700
2014-04-14,108.430000,108.500000,108.400002,108.470001,79.564125,1002800
2014-04-15,108.440002,108.620003,108.389999,108.480003,79.571526,1442100
2014-04-16,108.410004,108.540001,108.339996,108.540001,79.615456,2245600
2014-04-17,108.529999,108.529999,108.099998,108.190002,79.358772,1262900
2014-04-21,108.269997,108.290001,108.129997,108.180000,79.351418,1018200
2014-04-22,108.099998,108.160004,108.050003,108.160004,79.336754,1034800
2014-04-23,108.239998,108.360001,108.209999,108.269997,79.417427,746000
2014-04-24,108.220001,108.370003,108.180000,108.370003,79.490784,494000
2014-04-25,108.430000,108.550003,108.379997,108.389999,79.505455,489700
2014-04-28,108.389999,108.459999,108.260002,108.320000,79.454109,523300
2014-04-29,108.260002,108.400002,108.239998,108.370003,79.490784,858600
2014-04-30,108.459999,108.610001,108.379997,108.589996,79.652199,1313000
2014-05-01,108.379997,108.699997,108.379997,108.550003,79.768265,1727500
2014-05-02,108.449997,108.779999,108.349998,108.680000,79.863815,1075300
2014-05-05,108.720001,108.739998,108.559998,108.639999,79.834427,1261100
2014-05-06,108.690002,108.730003,108.620003,108.720001,79.893173,786800
2014-05-07,108.699997,108.800003,108.620003,108.720001,79.893173,664900
2014-05-08,108.779999,108.900002,108.680000,108.790001,79.944649,2023400
2014-05-09,108.750000,108.820000,108.660004,108.690002,79.871140,812800
2014-05-12,108.639999,108.650002,108.540001,108.599998,79.804985,472900
2014-05-13,108.760002,108.800003,108.720001,108.779999,79.937271,577500
2014-05-14,108.910004,109.150002,108.910004,109.089996,80.165092,1321600
2014-05-15,109.300003,109.449997,109.230003,109.320000,80.334152,2408900
2014-05-16,109.220001,109.349998,109.169998,109.199997,80.245956,558700
2014-05-19,109.339996,109.389999,109.150002,109.160004,80.216568,945900
2014-05-20,109.160004,109.309998,109.160004,109.209999,80.253311,1102200
2014-05-21,109.150002,109.180000,109.080002,109.169998,80.223930,804400
2014-05-22,109.139999,109.180000,109.059998,109.120003,80.187172,633900
2014-05-23,109.180000,109.250000,109.139999,109.230003,80.267929,435500
2014-05-27,109.250000,109.330002,109.099998,109.330002,80.341476,762600
2014-05-28,109.489998,109.690002,109.430000,109.629997,80.561867,692300
2014-05-29,109.739998,109.830002,109.540001,109.570000,80.517815,981400
2014-05-30,109.519997,109.669998,109.449997,109.669998,80.591286,5554700
2014-06-02,109.290001,109.360001,109.089996,109.129997,80.346138,2822900
2014-06-03,109.019997,109.040001,108.779999,108.839996,80.132622,864600
2014-06-04,108.879997,108.879997,108.730003,108.800003,80.103172,1445700
2014-06-05,108.820000,108.980003,108.769997,108.940002,80.206268,643500
2014-06-06,109.099998,109.120003,108.879997,108.879997,80.162086,839500
2014-06-09,108.839996,108.870003,108.760002,108.779999,80.088448,1133400
2014-06-10,108.660004,108.739998,108.620003,108.620003,79.970665,823300
2014-06-11,108.730003,108.779999,108.639999,108.699997,80.029549,1171200
2014-06-12,108.739998,109.000000,108.680000,108.910004,80.184181,1224200
2014-06-13,108.750000,108.910004,108.709999,108.879997,80.162086,1040900
2014-06-16,108.870003,108.959999,108.800003,108.820000,80.117882,1308900
2014-06-17,108.760002,108.790001,108.610001,108.620003,79.970665,842300
2014-06-18,108.730003,108.910004,108.639999,108.910004,80.184181,504400
2014-06-19,109.000000,109.029999,108.680000,108.750000,80.066345,690000
2014-06-20,108.730003,108.940002,108.730003,108.940002,80.206268,690600
2014-06-23,108.989998,109.019997,108.839996,108.839996,80.132622,559700
2014-06-24,108.959999,109.050003,108.879997,109.029999,80.272507,740800
2014-06-25,109.199997,109.279999,109.110001,109.180000,80.382957,713700
2014-06-26,109.250000,109.410004,109.250000,109.389999,80.537560,673700
2014-06-27,109.449997,109.500000,109.349998,109.389999,80.537560,668200
2014-06-30,109.470001,109.500000,109.360001,109.400002,80.544876,1046900
2014-07-01,109.110001,109.180000,109.050003,109.070000,80.446091,1038500
2014-07-02,108.940002,108.940002,108.690002,108.690002,80.165825,1381400
2014-07-03,108.550003,108.660004,108.470001,108.620003,80.114212,634500
2014-07-07,108.680000,108.750000,108.620003,108.650002,80.136330,1253300
2014-07-08,108.839996,108.980003,108.839996,108.870003,80.298569,2024000
2014-07-09,108.879997,109.040001,108.779999,108.959999,80.364975,785500
2014-07-10,109.180000,109.190002,109.010002,109.010002,80.401863,791500
2014-07-11,109.160004,109.269997,109.139999,109.160004,80.512466,606800
2014-07-14,109.110001,109.129997,109.000000,109.070000,80.446091,710400
2014-07-15,108.989998,109.160004,108.900002,108.930000,80.342842,660200
2014-07-16,109.010002,109.050003,108.959999,109.019997,80.409203,725600
2014-07-17,109.220001,109.379997,109.120003,109.339996,80.645241,1158400
2014-07-18,109.279999,109.330002,109.180000,109.220001,80.556686,543600
2014-07-21,109.349998,109.449997,109.260002,109.260002,80.586235,585700
2014-07-22,109.379997,109.449997,109.279999,109.440002,80.718987,724700
2014-07-23,109.500000,109.550003,109.410004,109.459999,80.733780,711800
2014-07-24,109.320000,109.320000,109.120003,109.120003,80.482986,853400
2014-07-25,109.360001,109.389999,109.260002,109.330002,80.637886,506200
2014-07-28,109.370003,109.430000,109.269997,109.349998,80.652603,673000
2014-07-29,109.449997,109.519997,109.339996,109.459999,80.733780,2977100
2014-07-30,109.250000,109.290001,109.019997,109.070000,80.446091,1245000
2014-07-31,108.900002,109.089996,108.879997,108.930000,80.342842,1066400
2014-08-01,108.889999,109.190002,108.760002,109.139999,80.645790,1064400
2014-08-04,109.199997,109.279999,109.120003,109.120003,80.630997,1496900
2014-08-05,109.120003,109.199997,108.949997,109.120003,80.630997,1875100
2014-08-06,109.269997,109.269997,109.110001,109.129997,80.638420,708800
2014-08-07,109.190002,109.400002,109.099998,109.339996,80.793594,1246500
2014-08-08,109.470001,109.629997,109.349998,109.379997,80.823151,1339200
2014-08-11,109.400002,109.489998,109.349998,109.389999,80.830528,1632900
2014-08-12,109.440002,109.440002,109.309998,109.339996,80.793594,876000
2014-08-13,109.440002,109.570000,109.389999,109.559998,80.956154,3471700
2014-08-14,109.650002,109.680000,109.540001,109.620003,81.000481,1072900
2014-08-15,109.699997,110.120003,109.599998,109.889999,81.199997,2593200
2014-08-18,109.790001,109.820000,109.620003,109.660004,81.030029,1424400
2014-08-19,109.760002,109.800003,109.489998,109.510002,80.919220,1820700
2014-08-20,109.540001,109.540001,109.360001,109.389999,80.830528,929500
2014-08-21,109.480003,109.599998,109.449997,109.580002,80.970924,775600
2014-08-22,109.529999,109.610001,109.349998,109.559998,80.956154,801900
2014-08-25,109.690002,109.690002,109.519997,109.650002,81.022644,3473800
2014-08-26,109.730003,109.730003,109.610001,109.660004,81.030029,543400
2014-08-27,109.730003,109.849998,109.699997,109.800003,81.133461,866100
2014-08-28,109.959999,110.050003,109.889999,110.019997,81.296051,1123700
2014-08-29,110.000000,110.089996,109.940002,109.980003,81.266502,1473300
2014-09-02,109.550003,109.629997,109.449997,109.449997,81.018486,1029300
2014-09-03,109.389999,109.580002,109.370003,109.570000,81.107353,1311700
2014-09-04,109.440002,109.540001,109.309998,109.430000,81.003708,1308900
2014-09-05,109.440002,109.540001,109.290001,109.370003,80.959328,798500
2014-09-08,109.489998,109.540001,109.260002,109.260002,80.877892,895300
2014-09-09,109.169998,109.230003,109.089996,109.110001,80.766846,689500
2014-09-10,108.980003,109.010002,108.910004,108.959999,80.655830,974400
2014-09-11,109.010002,109.059998,108.830002,108.849998,80.574371,753500
2014-09-12,108.690002,108.739998,108.599998,108.629997,80.411522,1327600
2014-09-15,108.730003,108.760002,108.589996,108.610001,80.396744,1210800
2014-09-16,108.699997,108.769997,108.610001,108.610001,80.396744,851000
2014-09-17,108.739998,108.839996,108.480003,108.489998,80.307861,707200
2014-09-18,108.500000,108.550003,108.449997,108.500000,80.315285,707600
2014-09-19,108.559998,108.730003,108.510002,108.680000,80.448524,929900
2014-09-22,108.860001,108.910004,108.760002,108.830002,80.559570,592400
2014-09-23,108.910004,108.949997,108.830002,108.930000,80.633575,705200
2014-09-24,109.080002,109.080002,108.839996,108.860001,80.581787,836700
2014-09-25,108.980003,109.099998,108.980003,109.070000,80.737221,1161900
2014-09-26,109.059998,109.089996,108.879997,109.059998,80.729797,1729500
2014-09-29,109.160004,109.239998,109.059998,109.180000,80.818649,7243700
2014-09-30,109.190002,109.279999,109.089996,109.110001,80.766846,2335400
2014-10-01,109.199997,109.540001,109.199997,109.529999,81.218452,6605200
2014-10-02,109.559998,109.629997,109.349998,109.349998,81.084946,4826800
2014-10-03,109.309998,109.360001,109.199997,109.300003,81.047890,2928900
2014-10-06,109.400002,109.550003,109.309998,109.400002,81.122047,2145800
2014-10-07,109.610001,109.849998,109.559998,109.820000,81.433441,2328400
2014-10-08,109.900002,110.139999,109.680000,110.129997,81.663315,2477900
2014-10-09,110.070000,110.070000,109.870003,109.910004,81.500198,1502800
2014-10-10,109.959999,110.029999,109.870003,109.989998,81.559517,1734400
2014-10-13,110.150002,110.339996,110.040001,110.309998,81.796806,1098500
2014-10-14,110.500000,110.580002,110.279999,110.559998,81.982193,3518500
2014-10-15,111.199997,112.080002,110.629997,110.760002,82.130470,2275400
2014-10-16,111.000000,111.150002,110.540001,110.669998,82.063728,1792900
2014-10-17,110.510002,110.650002,110.400002,110.519997,81.952484,2065800
2014-10-20,110.690002,110.730003,110.570000,110.650002,82.048897,1518300
2014-10-21,110.550003,110.680000,110.489998,110.550003,81.974754,2625000
2014-10-22,110.500000,110.540001,110.400002,110.489998,81.930305,3179200
2014-10-23,110.360001,110.360001,110.129997,110.230003,81.737450,1863100
2014-10-24,110.269997,110.349998,110.150002,110.269997,81.767113,1188900
2014-10-27,110.279999,110.330002,110.190002,110.309998,81.796806,1073100
2014-10-28,110.209999,110.250000,110.099998,110.139999,81.670731,1128600
2014-10-29,110.029999,110.160004,109.849998,109.900002,81.492752,1591000
2014-10-30,110.050003,110.190002,110.029999,110.080002,81.626274,2479500
2014-10-31,109.930000,110.080002,109.900002,110.080002,81.626274,3145100
2014-11-03,109.830002,109.849998,109.559998,109.680000,81.471725,2282400
2014-11-04,109.699997,109.860001,109.669998,109.690002,81.479202,2346300
2014-11-05,109.650002,109.739998,109.589996,109.730003,81.508850,2699600
2014-11-06,109.519997,109.669998,109.500000,109.540001,81.367783,1391400
2014-11-07,109.610001,109.919998,109.599998,109.910004,81.642578,1661400
2014-11-10,109.900002,109.910004,109.650002,109.650002,81.449471,846900
2014-11-11,109.660004,109.709999,109.589996,109.699997,81.486610,1138500
2014-11-12,109.739998,109.879997,109.660004,109.709999,81.494019,1123700
2014-11-13,109.750000,109.800003,109.660004,109.760002,81.531204,860800
2014-11-14,109.680000,109.940002,109.639999,109.860001,81.605492,1073000
2014-11-17,109.959999,109.959999,109.720001,109.730003,81.508850,1403000
2014-11-18,109.820000,109.879997,109.769997,109.830002,81.583138,1318400
2014-11-19,109.680000,109.839996,109.559998,109.570000,81.390060,1361800
2014-11-20,109.870003,109.930000,109.690002,109.769997,81.538628,1155800
2014-11-21,109.919998,109.959999,109.839996,109.900002,81.635147,1295000
2014-11-24,109.849998,110.040001,109.839996,109.940002,81.664871,1355100
2014-11-25,109.959999,110.220001,109.959999,110.180000,81.843140,3187700
2014-11-26,110.330002,110.339996,110.239998,110.269997,81.909996,1205700
2014-11-28,110.430000,110.620003,110.400002,110.610001,82.162560,2072800
2014-12-01,110.599998,110.599998,110.080002,110.080002,81.977875,2811700
2014-12-02,109.989998,109.989998,109.809998,109.860001,81.814049,1469400
2014-12-03,109.830002,109.870003,109.730003,109.760002,81.739594,1998000
2014-12-04,109.849998,110.110001,109.779999,110.089996,81.985283,3001700
2014-12-05,109.870003,109.940002,109.610001,109.620003,81.635315,3477700
2014-12-08,109.809998,110.000000,109.559998,109.889999,81.836349,984100
2014-12-09,110.139999,110.230003,109.949997,110.059998,81.962997,1203000
2014-12-10,110.000000,110.309998,109.980003,110.250000,82.104477,1208000
2014-12-11,110.150002,110.230003,110.019997,110.209999,82.074692,1447700
2014-12-12,110.500000,110.660004,110.309998,110.559998,82.335312,1714100
2014-12-15,110.379997,110.540001,110.250000,110.260002,82.111931,2540700
2014-12-16,110.599998,110.599998,110.320000,110.529999,82.312988,1411700
2014-12-17,110.500000,110.680000,110.279999,110.389999,82.208725,2167500
2014-12-18,110.169998,110.220001,110.059998,110.099998,81.992798,1865800
2014-12-19,110.080002,110.379997,110.080002,110.279999,82.126808,1865000
2014-12-22,110.349998,110.459999,110.269997,110.449997,82.253410,3827800
2014-12-23,110.300003,110.389999,109.900002,109.940002,81.873589,2790800
2014-12-24,109.629997,109.709999,109.459999,109.690002,81.962563,922100
2014-12-26,109.720001,109.870003,109.620003,109.739998,81.999870,1124900
2014-12-29,109.940002,110.050003,109.830002,109.970001,82.171761,2199200
2014-12-30,110.199997,110.260002,110.010002,110.089996,82.261398,2069600
2014-12-31,110.139999,110.260002,110.099998,110.120003,82.283798,2493900
2015-01-02,110.180000,110.500000,110.180000,110.430000,82.515518,2090200
2015-01-05,110.559998,110.760002,110.480003,110.669998,82.694771,3446200
2015-01-06,110.959999,111.349998,110.889999,110.949997,82.904037,3688100
2015-01-07,111.000000,111.040001,110.739998,110.930000,82.889046,3984400
2015-01-08,110.839996,110.839996,110.629997,110.760002,82.762032,2212200
2015-01-09,110.889999,111.139999,110.730003,111.029999,82.963860,1322600
2015-01-12,111.160004,111.260002,111.080002,111.120003,83.031075,2185700
2015-01-13,111.150002,111.330002,111.029999,111.150002,83.053459,5537000
2015-01-14,111.639999,111.650002,111.400002,111.419998,83.255180,3043600
2015-01-15,111.489998,111.940002,111.489998,111.930000,83.636307,2084000
2015-01-16,111.680000,111.830002,111.419998,111.500000,83.315018,2744500
2015-01-20,111.750000,111.839996,111.550003,111.690002,83.456970,2059400
2015-01-21,111.680000,111.809998,111.389999,111.489998,83.307541,2020200
2015-01-22,111.720001,111.720001,111.290001,111.430000,83.262718,2030400
2015-01-23,111.650002,111.809998,111.540001,111.709999,83.471870,1535000
2015-01-26,111.790001,111.790001,111.449997,111.660004,83.434532,2705200
2015-01-27,111.970001,111.970001,111.550003,111.599998,83.389740,1635900
2015-01-28,111.699997,112.220001,111.669998,112.070000,83.740929,1327800
2015-01-29,111.930000,112.059998,111.820000,111.980003,83.673653,1752600
2015-01-30,112.349998,112.519997,112.239998,112.379997,83.972534,6252800
2015-02-02,112.059998,112.230003,112.000000,112.199997,83.969543,2792100
2015-02-03,112.099998,112.099998,111.760002,111.769997,83.647728,1815400
2015-02-04,111.639999,111.949997,111.500000,111.940002,83.774994,1953000
2015-02-05,111.790001,111.849998,111.570000,111.709999,83.602829,2409600
2015-02-06,111.410004,111.410004,111.029999,111.059998,83.116356,2531300
2015-02-09,111.309998,111.309998,111.040001,111.040001,83.101456,1724900
2015-02-10,110.959999,111.059998,110.820000,110.919998,83.011627,1272500
2015-02-11,110.879997,110.989998,110.739998,110.870003,82.974182,1803400
2015-02-12,110.910004,111.120003,110.870003,110.889999,82.989182,2123700
2015-02-13,110.949997,110.970001,110.709999,110.760002,82.891876,1706200
2015-02-17,110.669998,110.730003,110.239998,110.309998,82.555084,2043000
2015-02-18,110.389999,110.750000,110.309998,110.620003,82.787125,1442400
2015-02-19,110.620003,110.760002,110.480003,110.529999,82.719749,1443000
2015-02-20,110.680000,110.879997,110.370003,110.550003,82.734718,2280700
2015-02-23,110.690002,110.809998,110.660004,110.750000,82.884415,1688200
2015-02-24,110.739998,111.269997,110.550003,111.239998,83.251137,1736700
2015-02-25,111.199997,111.320000,111.070000,111.320000,83.310982,2319300
2015-02-26,111.209999,111.279999,110.860001,110.919998,83.011627,1837300
2015-02-27,111.139999,111.220001,110.889999,111.199997,83.221130,3816400
2015-03-02,110.989998,110.989998,110.449997,110.449997,82.798378,7881900
2015-03-03,110.440002,110.570000,110.309998,110.309998,82.693405,4228400
2015-03-04,110.440002,110.510002,110.279999,110.370003,82.738403,1477100
2015-03-05,110.430000,110.540001,110.300003,110.419998,82.775871,1053000
2015-03-06,110.080002,110.089996,109.599998,109.699997,82.236122,1872900
2015-03-09,110.169998,110.169998,109.910004,109.980003,82.446037,2724700
2015-03-10,110.230003,110.360001,110.150002,110.239998,82.640930,1708100
2015-03-11,110.209999,110.529999,110.209999,110.459999,82.805840,1171600
2015-03-12,110.690002,110.720001,110.419998,110.550003,82.873352,1416600
2015-03-13,110.440002,110.629997,110.250000,110.339996,82.715889,3235500
2015-03-16,110.620003,110.669998,110.419998,110.580002,82.895805,1305800
2015-03-17,110.639999,110.680000,110.540001,110.559998,82.880829,1423700
2015-03-18,110.790001,111.389999,110.580002,111.370003,83.488052,1997800
2015-03-19,111.239998,111.300003,110.940002,110.980003,83.195671,1929700
2015-03-20,111.230003,111.339996,111.180000,111.320000,83.450569,3833600
2015-03-23,111.370003,111.400002,111.230003,111.339996,83.465508,1120900
2015-03-24,111.480003,111.669998,111.370003,111.639999,83.690430,2647300
2015-03-25,111.750000,111.750000,111.430000,111.430000,83.533035,1612300
2015-03-26,111.309998,111.360001,111.000000,111.029999,83.233139,1377600
2015-03-27,111.180000,111.339996,111.160004,111.190002,83.353081,5610200
2015-03-30,111.339996,111.339996,111.160004,111.239998,83.390594,1310700
2015-03-31,111.269997,111.449997,111.180000,111.430000,83.533035,2958100
2015-04-01,111.419998,111.629997,111.309998,111.580002,83.804184,1927300
2015-04-02,111.570000,111.570000,111.379997,111.430000,83.691498,1761700
2015-04-06,111.779999,111.779999,111.370003,111.500000,83.744072,1431000
2015-04-07,111.449997,111.570000,111.279999,111.519997,83.759094,1415200
2015-04-08,111.559998,111.589996,111.360001,111.529999,83.766586,903000
2015-04-09,111.559998,111.559998,111.169998,111.250000,83.556320,1728500
2015-04-10,111.430000,111.459999,111.199997,111.250000,83.556320,2055600
2015-04-13,111.250000,111.370003,111.250000,111.370003,83.646446,951000
2015-04-14,111.699997,111.790001,111.489998,111.489998,83.736580,1157400
2015-04-15,111.660004,111.709999,111.550003,111.639999,83.849197,1296800
2015-04-16,111.699997,111.699997,111.400002,111.580002,83.804184,1000800
2015-04-17,111.529999,111.800003,111.459999,111.669998,83.871765,1274300
2015-04-20,111.669998,111.730003,111.470001,111.589996,83.811607,1289400
2015-04-21,111.570000,111.599998,111.440002,111.470001,83.721573,1522700
2015-04-22,111.440002,111.440002,111.099998,111.139999,83.473686,916400
2015-04-23,111.150002,111.419998,111.139999,111.309998,83.601364,1483900
2015-04-24,111.480003,111.570000,111.410004,111.500000,83.744072,837700
2015-04-27,111.510002,111.559998,111.339996,111.540001,83.774109,1595600
2015-04-28,111.339996,111.440002,111.110001,111.110001,83.451157,1602000
2015-04-29,110.889999,110.970001,110.699997,110.860001,83.263412,1313200
2015-04-30,110.690002,110.919998,110.510002,110.860001,83.263412,3328600
2015-05-01,110.519997,110.529999,110.250000,110.339996,83.027084,1357200
2015-05-04,110.419998,110.470001,110.120003,110.129997,82.869087,1651900
2015-05-05,110.190002,110.220001,109.839996,110.029999,82.793823,1481200
2015-05-06,109.949997,109.970001,109.610001,109.660004,82.515488,1566000
2015-05-07,109.849998,110.040001,109.760002,109.930000,82.718605,1986200
2015-05-08,110.360001,110.430000,110.209999,110.290001,82.989471,1933600
2015-05-11,110.019997,110.059998,109.570000,109.589996,82.462753,2984900
2015-05-12,109.500000,109.760002,109.379997,109.580002,82.455208,1394900
2015-05-13,109.910004,109.919998,109.449997,109.570000,82.447746,2441600
2015-05-14,109.650002,109.790001,109.580002,109.739998,82.575607,1796900
2015-05-15,109.959999,110.220001,109.879997,110.199997,82.921761,1047500
2015-05-18,109.930000,110.010002,109.760002,109.779999,82.605743,863900
2015-05-19,109.459999,109.709999,109.389999,109.400002,82.319771,1664400
2015-05-20,109.580002,109.690002,109.459999,109.570000,82.447746,1584100
2015-05-21,109.650002,109.930000,109.650002,109.910004,82.703529,2652600
2015-05-22,109.849998,109.860001,109.620003,109.790001,82.613243,1087000
2015-05-26,109.800003,110.099998,109.750000,110.059998,82.816406,2775000
2015-05-27,110.059998,110.190002,109.900002,110.169998,82.899147,888700
2015-05-28,110.139999,110.220001,110.050003,110.129997,82.869087,1298900
2015-05-29,110.180000,110.300003,110.080002,110.169998,82.899147,2780300
2015-06-01,109.949997,109.989998,109.559998,109.660004,82.670044,4327300
2015-06-02,109.430000,109.449997,109.169998,109.230003,82.345848,1830400
2015-06-03,108.980003,109.010002,108.669998,108.800003,82.021690,3413100
2015-06-04,108.889999,109.169998,108.889999,109.029999,82.195061,1907900
2015-06-05,108.629997,108.790001,108.510002,108.550003,81.833176,1619000
2015-06-08,108.760002,108.800003,108.660004,108.709999,81.953796,1289700
2015-06-09,108.650002,108.650002,108.320000,108.400002,81.720154,1206700
2015-06-10,108.239998,108.300003,108.040001,108.129997,81.516571,1491200
2015-06-11,108.330002,108.709999,108.279999,108.709999,81.953796,1539600
2015-06-12,108.680000,108.900002,108.519997,108.580002,81.855804,1365900
2015-06-15,108.959999,108.959999,108.629997,108.709999,81.953796,1666600
2015-06-16,108.830002,108.889999,108.680000,108.889999,82.089500,1309900
2015-06-17,108.839996,108.900002,108.440002,108.900002,82.097038,1895700
2015-06-18,108.809998,108.870003,108.620003,108.870003,82.074448,2917400
2015-06-19,109.099998,109.260002,109.040001,109.209999,82.330772,2048500
2015-06-22,108.949997,109.000000,108.639999,108.669998,81.923698,1173800
2015-06-23,108.410004,108.639999,108.349998,108.419998,81.735184,1339000
2015-06-24,108.550003,108.680000,108.449997,108.589996,81.863365,1527800
2015-06-25,108.580002,108.599998,108.389999,108.470001,81.772842,1222000
2015-06-26,108.290001,108.309998,108.110001,108.209999,81.576889,1054900
2015-06-29,108.599998,108.940002,108.379997,108.849998,82.059395,3278900
2015-06-30,108.720001,109.000000,108.610001,108.779999,82.006615,2159500
2015-07-01,108.330002,108.379997,108.150002,108.290001,81.799606,6010300
2015-07-02,108.480003,108.599998,108.430000,108.440002,81.912941,994600
2015-07-06,108.879997,108.989998,108.629997,108.830002,82.207542,1108000
2015-07-07,109.120003,109.379997,108.959999,108.980003,82.320831,2502500
2015-07-08,109.160004,109.360001,109.029999,109.239998,82.517220,2892900
2015-07-09,109.089996,109.089996,108.820000,108.839996,82.215057,1932800
2015-07-10,108.470001,108.580002,108.279999,108.379997,81.867615,2163700
2015-07-13,108.239998,108.370003,108.139999,108.220001,81.746750,1938300
2015-07-14,108.430000,108.500000,108.320000,108.400002,81.882713,1441400
2015-07-15,108.360001,108.720001,108.360001,108.690002,82.101738,1781400
2015-07-16,108.540001,108.790001,108.500000,108.779999,82.169792,1294800
2015-07-17,108.730003,108.860001,108.720001,108.790001,82.177338,897600
2015-07-20,108.669998,108.720001,108.550003,108.599998,82.033791,1245100
2015-07-21,108.540001,108.849998,108.510002,108.779999,82.169792,1191500
2015-07-22,108.830002,108.989998,108.820000,108.830002,82.207542,1100000
2015-07-23,108.839996,109.150002,108.809998,109.139999,82.441711,1021400
2015-07-24,109.230003,109.239998,109.059998,109.120003,82.426559,1192500
2015-07-27,109.250000,109.349998,109.209999,109.260002,82.532303,2666000
2015-07-28,109.129997,109.220001,109.089996,109.150002,82.449249,1873200
2015-07-29,109.089996,109.120003,108.940002,109.059998,82.381241,2273500
2015-07-30,109.080002,109.150002,108.970001,109.070000,82.388832,1959000
2015-07-31,109.440002,109.510002,109.349998,109.500000,82.713646,2084300
2015-08-03,109.290001,109.540001,109.190002,109.400002,82.799141,2563900
2015-08-04,109.349998,109.430000,109.070000,109.080002,82.556969,1659900
2015-08-05,108.940002,109.080002,108.720001,108.879997,82.405571,2346600
2015-08-06,108.930000,109.099998,108.900002,109.010002,82.504013,1038100
2015-08-07,109.139999,109.279999,109.040001,109.199997,82.647781,2154700
2015-08-10,109.150002,109.169998,108.849998,109.059998,82.541817,1280200
2015-08-11,109.419998,109.580002,109.279999,109.419998,82.814278,1537300
2015-08-12,109.550003,109.709999,109.349998,109.349998,82.761322,1563900
2015-08-13,109.360001,109.370003,109.110001,109.120003,82.587234,1571700
2015-08-14,109.120003,109.239998,109.019997,109.070000,82.549408,1890500
2015-08-17,109.330002,109.400002,109.199997,109.260002,82.693169,1387100
2015-08-18,109.190002,109.239998,109.040001,109.059998,82.541817,785400
2015-08-19,109.040001,109.480003,108.959999,109.400002,82.799141,2184900
2015-08-20,109.580002,109.639999,109.449997,109.570000,82.927849,1075600
2015-08-21,109.680000,109.870003,109.570000,109.760002,83.071648,2443400
2015-08-24,110.000000,110.339996,109.570000,109.720001,83.041367,5440200
2015-08-25,109.699997,109.699997,109.129997,109.459999,82.844543,4070000
2015-08-26,109.080002,109.410004,108.879997,108.949997,82.458603,3994200
2015-08-27,108.949997,109.199997,108.930000,109.099998,82.572083,4040500
2015-08-28,109.339996,109.370003,108.930000,109.000000,82.496399,4774600
2015-08-31,109.279999,109.370003,108.900002,108.919998,82.435860,4145600
2015-09-01,108.889999,109.110001,108.769997,109.019997,82.680061,3386000
2015-09-02,108.919998,109.050003,108.809998,108.879997,82.573906,3442000
2015-09-03,109.059998,109.120003,108.870003,109.040001,82.695229,1935100
2015-09-04,109.190002,109.330002,109.019997,109.269997,82.869659,1748100
2015-09-08,108.959999,109.040001,108.910004,109.010002,82.672485,2130400
2015-09-09,108.779999,109.080002,108.699997,109.050003,82.702835,2891400
2015-09-10,109.000000,109.010002,108.809998,108.930000,82.611794,2564400
2015-09-11,109.050003,109.169998,109.010002,109.059998,82.710373,2001600
2015-09-14,109.180000,109.199997,109.040001,109.089996,82.733177,1543600
2015-09-15,109.000000,109.000000,108.500000,108.599998,82.361542,1541200
2015-09-16,108.589996,108.660004,108.410004,108.510002,82.293282,1810100
2015-09-17,108.480003,109.190002,108.400002,109.190002,82.809059,1955400
2015-09-18,109.260002,109.389999,109.150002,109.279999,82.877296,4510600
2015-09-21,109.169998,109.169998,108.879997,108.989998,82.657310,2325800
2015-09-22,109.190002,109.389999,109.120003,109.250000,82.854477,2044800
2015-09-23,109.290001,109.290001,109.099998,109.160004,82.786293,1562100
2015-09-24,109.489998,109.510002,109.239998,109.300003,82.892403,2700000
2015-09-25,109.160004,109.230003,109.029999,109.110001,82.748329,1225500
2015-09-28,109.190002,109.410004,109.110001,109.370003,82.945526,1884400
2015-09-29,109.440002,109.599998,109.370003,109.540001,83.074448,1506800
2015-09-30,109.470001,109.629997,109.440002,109.580002,83.104729,3121600
2015-10-01,109.480003,109.650002,109.449997,109.459999,83.169327,4274900
2015-10-02,109.849998,110.150002,109.699997,109.790001,83.420120,3553300
2015-10-05,109.629997,109.680000,109.370003,109.379997,83.108566,4604500
2015-10-06,109.470001,109.690002,109.370003,109.650002,83.313690,5013800
2015-10-07,109.550003,109.680000,109.480003,109.570000,83.252945,1983200
2015-10-08,109.699997,109.699997,109.300003,109.419998,83.138947,2038700
2015-10-09,109.320000,109.470001,109.239998,109.330002,83.070595,3235500
2015-10-12,109.480003,109.650002,109.330002,109.610001,83.283325,1268800
2015-10-13,109.750000,109.750000,109.489998,109.620003,83.290932,1500200
2015-10-14,109.830002,110.050003,109.730003,110.029999,83.602486,3912000
2015-10-15,109.930000,110.050003,109.790001,109.879997,83.488449,2044800
2015-10-16,109.900002,109.940002,109.769997,109.769997,83.404922,1630000
2015-10-19,109.779999,109.900002,109.650002,109.879997,83.488449,1534900
2015-10-20,109.779999,109.779999,109.550003,109.660004,83.321373,1805400
2015-10-21,109.730003,109.949997,109.730003,109.919998,83.518875,1278200
2015-10-22,109.900002,110.050003,109.830002,109.940002,83.534058,2276300
2015-10-23,109.790001,109.790001,109.690002,109.750000,83.389717,2237400
2015-10-26,109.849998,109.900002,109.739998,109.800003,83.427689,1541300
2015-10-27,110.029999,110.029999,109.879997,109.959999,83.549278,2021900
2015-10-28,109.980003,110.050003,109.570000,109.629997,83.298546,1661300
2015-10-29,109.339996,109.419998,109.129997,109.160004,82.941406,2333200
2015-10-30,109.190002,109.459999,109.150002,109.449997,83.161751,10577000
2015-11-02,109.080002,109.190002,108.980003,109.019997,82.998070,8049400
2015-11-03,108.949997,109.000000,108.790001,108.820000,82.845802,3033400
2015-11-04,108.910004,108.989998,108.709999,108.820000,82.845802,3542500
2015-11-05,108.870003,108.889999,108.599998,108.769997,82.807747,2185900
2015-11-06,108.360001,108.389999,108.190002,108.250000,82.411858,1829500
2015-11-09,108.059998,108.360001,108.040001,108.180000,82.358582,12843200
2015-11-10,108.290001,108.480003,108.199997,108.379997,82.510864,5233200
2015-11-11,108.320000,108.370003,108.239998,108.239998,82.404274,1603400
2015-11-12,108.349998,108.449997,108.209999,108.339996,82.480408,3448700
2015-11-13,108.480003,108.589996,108.449997,108.550003,82.640213,3784100
2015-11-16,108.629997,108.699997,108.559998,108.639999,82.708778,3326000
2015-11-17,108.489998,108.779999,108.419998,108.720001,82.769676,2461300
2015-11-18,108.650002,108.709999,108.540001,108.639999,82.708778,1952100
2015-11-19,108.900002,108.900002,108.680000,108.690002,82.746864,4232700
2015-11-20,108.769997,108.820000,108.599998,108.620003,82.693565,2034400
2015-11-23,108.650002,108.760002,108.570000,108.650002,82.716400,1976000
2015-11-24,108.750000,108.800003,108.660004,108.750000,82.792534,1335300
2015-11-25,108.769997,108.839996,108.690002,108.800003,82.830566,1169300
2015-11-27,108.849998,108.870003,108.769997,108.769997,82.807747,946100
2015-11-30,108.830002,108.870003,108.769997,108.809998,82.838181,2397000
2015-12-01,108.540001,108.839996,108.430000,108.820000,83.128487,4260000
2015-12-02,108.730003,108.779999,108.610001,108.690002,83.029213,2462800
2015-12-03,108.410004,108.410004,107.809998,107.889999,82.418045,4634100
2015-12-04,108.050003,108.300003,108.000000,108.239998,82.685417,2181300
2015-12-07,108.300003,108.580002,108.230003,108.400002,82.807663,2143800
2015-12-08,108.589996,108.599998,108.370003,108.440002,82.838173,2311800
2015-12-09,108.339996,108.580002,108.209999,108.440002,82.838173,2791000
2015-12-10,108.510002,108.510002,108.360001,108.419998,82.822929,2001500
2015-12-11,108.699997,108.860001,108.570000,108.690002,83.029213,2321400
2015-12-14,108.529999,108.580002,108.169998,108.180000,82.639587,3351900
2015-12-15,108.080002,108.190002,107.910004,108.190002,82.647209,2955900
2015-12-16,108.120003,108.269997,107.930000,108.000000,82.502060,2946800
2015-12-17,108.239998,108.300003,108.019997,108.150002,82.616669,5407800
2015-12-18,108.349998,108.459999,108.250000,108.379997,82.792374,4006400
2015-12-21,108.489998,108.540001,108.239998,108.279999,82.716003,3233500
2015-12-22,108.269997,108.279999,108.120003,108.199997,82.654884,4507600
2015-12-23,108.010002,108.190002,108.000000,108.180000,82.639587,3599600
2015-12-24,107.949997,108.050003,107.919998,108.010002,82.679413,1248800
2015-12-28,108.029999,108.129997,107.989998,108.010002,82.679413,3736400
2015-12-29,107.919998,107.980003,107.620003,107.739998,82.472733,3094500
2015-12-30,107.639999,107.779999,107.599998,107.720001,82.457420,3731400
2015-12-31,107.870003,108.029999,107.820000,108.010002,82.679413,3406100
2016-01-04,108.089996,108.290001,107.930000,107.970001,82.648758,3691000
2016-01-05,107.870003,108.120003,107.870003,108.019997,82.687088,2732900
2016-01-06,108.339996,108.459999,108.220001,108.430000,83.000893,2915800
2016-01-07,108.400002,108.470001,108.209999,108.419998,82.993217,2469000
2016-01-08,108.570000,108.709999,108.349998,108.660004,83.176941,4016900
2016-01-11,108.389999,108.589996,108.339996,108.349998,82.939697,2820200
2016-01-12,108.440002,108.820000,108.360001,108.589996,83.123398,3318400
2016-01-13,108.599998,108.930000,108.550003,108.839996,83.314758,3011500
2016-01-14,108.790001,108.889999,108.580002,108.800003,83.284134,5322700
2016-01-15,109.080002,109.120003,108.830002,108.930000,83.383614,3348900
2016-01-19,108.849998,108.959999,108.720001,108.820000,83.299431,4209800
2016-01-20,109.099998,109.180000,108.870003,108.910004,83.368347,4349900
2016-01-21,109.080002,109.080002,108.739998,108.760002,83.253487,7256000
2016-01-22,108.720001,108.849998,108.589996,108.839996,83.314758,3258700
2016-01-25,108.949997,108.980003,108.769997,108.779999,83.268806,3285000
2016-01-26,108.900002,109.000000,108.769997,108.919998,83.376007,2604100
2016-01-27,108.910004,109.010002,108.720001,108.940002,83.391273,1645300
2016-01-28,108.989998,109.099998,108.820000,109.029999,83.460190,2390600
2016-01-29,109.410004,109.480003,109.250000,109.349998,83.705139,8633000
2016-02-01,109.099998,109.250000,108.839996,108.989998,83.603882,4512300
2016-02-02,109.230003,109.379997,109.129997,109.320000,83.857010,4835100
2016-02-03,109.260002,109.639999,109.199997,109.309998,83.849342,3700300
2016-02-04,109.339996,109.459999,109.239998,109.419998,83.933708,1880300
2016-02-05,109.239998,109.440002,109.150002,109.320000,83.857010,2155500
2016-02-08,109.589996,109.870003,109.500000,109.739998,84.179169,2818600
2016-02-09,109.919998,109.930000,109.660004,109.730003,84.171494,3023800
2016-02-10,109.820000,110.000000,109.599998,110.000000,84.378624,2319000
2016-02-11,110.410004,110.500000,110.010002,110.070000,84.432304,2928000
2016-02-12,109.919998,109.959999,109.550003,109.769997,84.202209,2968800
2016-02-16,109.540001,109.610001,109.430000,109.500000,83.995087,2356200
2016-02-17,109.430000,109.459999,109.220001,109.440002,83.949028,2446600
2016-02-18,109.500000,109.809998,109.449997,109.769997,84.202209,2844400
2016-02-19,109.800003,109.849998,109.639999,109.790001,84.217522,2278800
2016-02-22,109.769997,109.879997,109.720001,109.820000,84.240562,2421800
2016-02-23,109.629997,110.000000,109.519997,109.839996,84.255913,2337800
2016-02-24,110.120003,110.320000,109.839996,109.879997,84.286560,2473200
2016-02-25,110.089996,110.309998,110.000000,110.160004,84.501350,2335700
2016-02-26,109.900002,109.970001,109.800003,109.959999,84.347931,2068100
2016-02-29,109.940002,110.099998,109.910004,110.089996,84.447662,3694200
2016-03-01,109.930000,110.050003,109.400002,109.540001,84.194786,3984500
2016-03-02,109.449997,109.480003,109.320000,109.419998,84.102539,2624500
2016-03-03,109.470001,109.610001,109.370003,109.550003,84.202469,3632800
2016-03-04,109.500000,109.580002,109.279999,109.379997,84.071793,4461100
2016-03-07,109.389999,109.389999,109.209999,109.349998,84.048706,2823200
2016-03-08,109.730003,109.830002,109.559998,109.620003,84.256279,1984400
2016-03-09,109.559998,109.660004,109.449997,109.570000,84.217834,1468700
2016-03-10,109.650002,109.739998,109.379997,109.620003,84.256279,2828700
2016-03-11,109.650002,109.709999,109.389999,109.419998,84.102539,2065000
2016-03-14,109.489998,109.599998,109.449997,109.480003,84.148628,2186900
2016-03-15,109.680000,109.699997,109.379997,109.379997,84.071793,1746100
2016-03-16,109.389999,109.860001,109.290001,109.849998,84.433029,1888200
2016-03-17,109.949997,110.129997,109.900002,110.080002,84.609833,4116500
2016-03-18,110.190002,110.290001,110.120003,110.169998,84.679008,1909600
2016-03-21,110.059998,110.129997,109.910004,109.930000,84.494553,2152300
2016-03-22,110.269997,110.269997,109.830002,109.860001,84.440750,2023000
2016-03-23,109.959999,110.139999,109.860001,110.099998,84.625229,2885000
2016-03-24,110.290001,110.290001,110.029999,110.110001,84.632896,2846400
2016-03-28,110.150002,110.300003,110.080002,110.190002,84.694420,2918100
2016-03-29,110.349998,110.570000,110.209999,110.519997,84.948036,1885900
2016-03-30,110.489998,110.559998,110.309998,110.480003,84.917297,2764500
2016-03-31,110.519997,110.849998,110.519997,110.830002,85.186295,7003600
2016-04-01,110.529999,110.660004,110.349998,110.510002,85.110802,5374200
2016-04-04,110.599998,110.669998,110.510002,110.620003,85.195549,3176200
2016-04-05,110.949997,110.980003,110.709999,110.769997,85.311073,2954100
2016-04-06,110.800003,110.800003,110.620003,110.750000,85.295639,2027400
2016-04-07,110.980003,111.050003,110.769997,110.989998,85.480515,1876100
2016-04-08,111.000000,111.000000,110.809998,110.879997,85.395798,2318300
2016-04-11,110.870003,110.959999,110.760002,110.959999,85.457390,1718400
2016-04-12,110.849998,110.860001,110.650002,110.779999,85.318748,1984500
2016-04-13,110.739998,110.919998,110.680000,110.830002,85.357277,1769000
2016-04-14,110.760002,110.809998,110.639999,110.639999,85.210938,3596400
2016-04-15,110.800003,110.980003,110.750000,110.949997,85.449707,1579500
2016-04-18,110.910004,110.949997,110.790001,110.940002,85.441963,2146600
2016-04-19,110.940002,111.000000,110.769997,110.930000,85.434280,2019200
2016-04-20,111.019997,111.029999,110.599998,110.660004,85.226349,2376000
2016-04-21,110.519997,110.620003,110.449997,110.510002,85.110802,2692800
2016-04-22,110.650002,110.720001,110.519997,110.519997,85.118530,3795600
2016-04-25,110.519997,110.589996,110.389999,110.400002,85.026108,3118800
2016-04-26,110.480003,110.480003,110.230003,110.349998,84.987617,2326100
2016-04-27,110.529999,110.690002,110.330002,110.680000,85.241768,2337100
2016-04-28,110.680000,110.949997,110.589996,110.900002,85.411179,9405200
2016-04-29,110.820000,110.930000,110.750000,110.889999,85.403473,5112900
2016-05-02,110.739998,110.739998,110.519997,110.610001,85.345596,3553900
2016-05-03,110.889999,110.949997,110.750000,110.809998,85.499916,3044900
2016-05-04,110.910004,110.930000,110.760002,110.860001,85.538483,2920200
2016-05-05,110.919998,111.160004,110.800003,111.139999,85.754547,3008100
2016-05-06,111.120003,111.120003,110.970001,110.970001,85.623421,2718500
2016-05-09,111.110001,111.139999,111.010002,111.040001,85.677429,2173500
2016-05-10,111.059998,111.099998,110.989998,111.089996,85.715958,2103800
2016-05-11,111.059998,111.260002,111.019997,111.089996,85.715958,2507000
2016-05-12,110.919998,111.099998,110.919998,110.989998,85.638824,1938800
2016-05-13,111.080002,111.230003,111.029999,111.199997,85.800873,1511400
2016-05-16,111.190002,111.190002,110.980003,111.010002,85.654259,3134400
2016-05-17,111.029999,111.050003,110.860001,110.860001,85.538483,1769700
2016-05-18,110.779999,110.800003,110.320000,110.400002,85.183594,1900800
2016-05-19,110.470001,110.559998,110.400002,110.470001,85.237602,3461900
2016-05-20,110.540001,110.620003,110.440002,110.540001,85.291611,2655700
2016-05-23,110.540001,110.599998,110.430000,110.519997,85.276146,2244300
2016-05-24,110.559998,110.559998,110.339996,110.459999,85.229851,1759800
2016-05-25,110.540001,110.550003,110.389999,110.480003,85.245300,2735700
2016-05-26,110.639999,110.730003,110.559998,110.650002,85.376503,1614800
2016-05-27,110.680000,110.699997,110.480003,110.629997,85.361046,2164800
2016-05-31,110.410004,110.760002,110.360001,110.699997,85.415062,3368800
2016-06-01,110.589996,110.650002,110.410004,110.419998,85.367149,2941300
2016-06-02,110.559998,110.739998,110.559998,110.699997,85.583611,2013900
2016-06-03,111.150002,111.300003,111.120003,111.300003,86.047447,2210500
2016-06-06,111.169998,111.230003,111.070000,111.150002,85.931519,3278900
2016-06-07,111.239998,111.309998,111.199997,111.250000,86.008827,2157100
2016-06-08,111.300003,111.339996,111.220001,111.290001,86.039749,2148000
2016-06-09,111.500000,111.500000,111.360001,111.370003,86.101585,1543600
2016-06-10,111.540001,111.660004,111.449997,111.519997,86.217545,1368300
2016-06-13,111.570000,111.669998,111.529999,111.610001,86.287178,1661400
2016-06-14,111.680000,111.730003,111.550003,111.559998,86.248505,1871500
2016-06-15,111.669998,111.930000,111.639999,111.800003,86.434052,1732100
2016-06-16,111.919998,112.070000,111.779999,111.870003,86.488144,2533000
2016-06-17,111.860001,111.870003,111.660004,111.790001,86.426300,2730900
2016-06-20,111.570000,111.580002,111.449997,111.480003,86.186638,2043800
2016-06-21,111.550003,111.570000,111.349998,111.400002,86.124794,1882500
2016-06-22,111.440002,111.510002,111.349998,111.470001,86.178932,1734300
2016-06-23,111.330002,111.430000,111.250000,111.279999,86.031998,1721100
2016-06-24,112.110001,112.150002,111.790001,111.879997,86.495857,4081200
2016-06-27,112.330002,112.489998,112.309998,112.330002,86.843788,3018800
2016-06-28,112.540001,112.540001,112.370003,112.470001,86.952026,2951700
2016-06-29,112.529999,112.599998,112.339996,112.389999,86.890182,2745800
2016-06-30,112.510002,112.690002,112.400002,112.620003,87.067993,4154300
2016-07-01,112.720001,112.769997,112.519997,112.650002,87.255386,5235200
2016-07-05,113.029999,113.120003,112.870003,112.949997,87.487801,4740000
2016-07-06,113.089996,113.169998,112.940002,113.160004,87.650482,3150500
2016-07-07,113.000000,113.169998,112.919998,113.080002,87.588478,3122200
2016-07-08,113.080002,113.269997,113.000000,113.250000,87.720192,2910500
2016-07-11,113.190002,113.239998,112.930000,112.949997,87.487801,4424000
2016-07-12,112.809998,112.809998,112.489998,112.610001,87.224449,1970600
2016-07-13,112.820000,112.879997,112.739998,112.769997,87.348389,2363300
2016-07-14,112.510002,112.699997,112.500000,112.669998,87.270905,3345200
2016-07-15,112.580002,112.580002,112.220001,112.260002,86.953369,3612200
2016-07-18,112.489998,112.489998,112.199997,112.279999,86.968842,1547300
2016-07-19,112.480003,112.519997,112.370003,112.510002,87.146957,1786900
2016-07-20,112.419998,112.440002,112.300003,112.410004,87.069527,1808800
2016-07-21,112.269997,112.540001,112.199997,112.510002,87.146957,3043500
2016-07-22,112.379997,112.610001,112.349998,112.529999,87.162483,2315900
2016-07-25,112.580002,112.580002,112.400002,112.400002,87.061821,1680800
2016-07-26,112.580002,112.580002,112.309998,112.400002,87.061821,3540000
2016-07-27,112.519997,112.739998,112.440002,112.730003,87.317390,3047200
2016-07-28,112.639999,112.760002,112.559998,112.720001,87.309685,2640600
2016-07-29,112.879997,113.029999,112.760002,113.019997,87.542030,3671000
2016-08-01,112.500000,112.680000,112.470001,112.550003,87.337921,3149300
2016-08-02,112.360001,112.459999,112.190002,112.220001,87.081886,3643900
2016-08-03,112.309998,112.360001,112.099998,112.339996,87.174995,3777800
2016-08-04,112.540001,112.660004,112.500000,112.550003,87.337921,2002800
2016-08-05,112.540001,112.540001,112.139999,112.169998,87.043053,2474600
2016-08-08,112.160004,112.320000,112.029999,112.239998,87.097336,2604000
2016-08-09,112.400002,112.540001,112.300003,112.529999,87.322411,2981100
2016-08-10,112.610001,112.730003,112.540001,112.660004,87.423256,3185800
2016-08-11,112.730003,112.730003,112.309998,112.360001,87.190475,1807200
2016-08-12,112.720001,112.830002,112.629997,112.629997,87.400017,1889600
2016-08-15,112.570000,112.620003,112.419998,112.430000,87.244835,1950500
2016-08-16,112.489998,112.519997,112.360001,112.360001,87.190475,6250200
2016-08-17,112.449997,112.660004,112.360001,112.570000,87.353477,5210700
2016-08-18,112.639999,112.779999,112.540001,112.730003,87.477608,1962900
2016-08-19,112.529999,112.620003,112.389999,112.480003,87.283600,3287600
2016-08-22,112.660004,112.739998,112.559998,112.650002,87.415482,1808500
2016-08-23,112.779999,112.830002,112.629997,112.680000,87.438805,2583000
2016-08-24,112.790001,112.800003,112.629997,112.639999,87.407761,2312800
2016-08-25,112.550003,112.669998,112.519997,112.519997,87.314621,1613500
2016-08-26,112.690002,112.860001,112.279999,112.339996,87.174995,2513700
2016-08-29,112.550003,112.680000,112.459999,112.650002,87.415482,2156400
2016-08-30,112.709999,112.709999,112.550003,112.589996,87.368973,1712300
2016-08-31,112.639999,112.709999,112.510002,112.570000,87.353477,3025000
2016-09-01,112.099998,112.500000,112.050003,112.459999,87.429665,3777100
2016-09-02,112.440002,112.440002,112.180000,112.309998,87.313042,1730900
2016-09-06,112.360001,112.680000,112.290001,112.550003,87.499603,3745800
2016-09-07,112.760002,112.760002,112.589996,112.610001,87.546242,1839600
2016-09-08,112.500000,112.559998,112.139999,112.220001,87.243095,2605500
2016-09-09,111.959999,111.989998,111.730003,111.730003,86.862106,2763900
2016-09-12,111.760002,111.889999,111.650002,111.820000,86.932106,2358200
2016-09-13,111.930000,111.930000,111.339996,111.510002,86.691078,3005400
2016-09-14,111.470001,111.750000,111.470001,111.650002,86.799934,2089700
2016-09-15,111.599998,111.760002,111.489998,111.720001,86.854355,2253800
2016-09-16,111.750000,111.870003,111.699997,111.800003,86.916557,1701000
2016-09-19,111.730003,111.849998,111.690002,111.709999,86.846550,2026900
2016-09-20,111.900002,111.940002,111.739998,111.750000,86.877647,2078500
2016-09-21,111.690002,112.029999,111.650002,112.029999,87.095367,1899500
2016-09-22,112.099998,112.349998,112.099998,112.260002,87.274185,2017200
2016-09-23,112.309998,112.349998,112.209999,112.230003,87.250793,3415700
2016-09-26,112.279999,112.449997,112.279999,112.370003,87.359665,2326900
2016-09-27,112.570000,112.610001,112.410004,112.510002,87.468491,2881300
2016-09-28,112.580002,112.610001,112.470001,112.540001,87.491837,2853900
2016-09-29,112.410004,112.639999,112.370003,112.540001,87.491837,1668000
2016-09-30,112.570000,112.650002,112.269997,112.419998,87.398537,3679800
2016-10-03,112.209999,112.250000,112.070000,112.089996,87.299599,9372900
2016-10-04,112.089996,112.089996,111.699997,111.709999,87.003662,5022400
2016-10-05,111.690002,111.739998,111.510002,111.559998,86.886833,3368700
2016-10-06,111.570000,111.669998,111.449997,111.559998,86.886833,2059400
2016-10-07,111.639999,111.669998,111.410004,111.580002,86.902466,1867600
2016-10-10,111.580002,111.580002,111.389999,111.529999,86.863495,1295400
2016-10-11,111.489998,111.540001,111.349998,111.360001,86.731049,2753300
2016-10-12,111.389999,111.430000,111.260002,111.400002,86.762238,1668500
2016-10-13,111.599998,111.680000,111.529999,111.559998,86.886833,1964600
2016-10-14,111.470001,111.610001,111.330002,111.370003,86.738853,2471500
2016-10-17,111.449997,111.610001,111.389999,111.559998,86.886833,1556800
2016-10-18,111.540001,111.739998,111.470001,111.739998,87.027054,1582900
2016-10-19,111.680000,111.830002,111.639999,111.800003,87.073784,1550000
2016-10-20,111.839996,111.900002,111.730003,111.760002,87.042648,1420800
2016-10-21,111.800003,111.900002,111.690002,111.830002,87.097160,1776900
2016-10-24,111.809998,111.830002,111.599998,111.660004,86.964714,1385600
2016-10-25,111.580002,111.800003,111.580002,111.660004,86.964714,2344400
2016-10-26,111.570000,111.570000,111.430000,111.440002,86.793381,2684000
2016-10-27,111.279999,111.279999,111.040001,111.160004,86.575325,2330700
2016-10-28,111.110001,111.260002,111.080002,111.160004,86.575325,1713800
2016-10-31,111.300003,111.330002,111.209999,111.300003,86.684334,3260300
2016-11-01,110.879997,111.129997,110.820000,111.029999,86.637543,4725000
2016-11-02,111.120003,111.320000,111.059998,111.160004,86.738968,2572600
2016-11-03,111.029999,111.160004,111.010002,111.010002,86.621933,3254500
2016-11-04,111.150002,111.320000,111.129997,111.239998,86.801407,2013300
2016-11-07,111.139999,111.180000,111.070000,111.110001,86.699936,2031000
2016-11-08,111.129997,111.160004,110.870003,110.930000,86.559471,2107400
2016-11-09,110.529999,110.570000,109.779999,109.900002,85.755775,3657200
2016-11-10,109.660004,109.879997,109.419998,109.449997,85.404655,4179200
2016-11-11,109.459999,109.500000,109.220001,109.250000,85.248611,2804600
2016-11-14,108.639999,109.059998,108.639999,108.809998,84.905243,3054900
2016-11-15,109.000000,109.070000,108.870003,108.889999,84.967636,2252200
2016-11-16,109.010002,109.129997,108.919998,109.129997,85.154945,2164800
2016-11-17,109.010002,109.019997,108.669998,108.720001,84.835037,1903700
2016-11-18,108.809998,108.820000,108.360001,108.370003,84.561897,2767000
2016-11-21,108.559998,108.570000,108.370003,108.459999,84.632111,1705600
2016-11-22,108.589996,108.660004,108.459999,108.559998,84.710159,3465300
2016-11-23,108.180000,108.330002,107.919998,108.180000,84.413651,2497600
2016-11-25,108.300003,108.370003,108.089996,108.169998,84.405869,1071500
2016-11-28,108.379997,108.570000,108.330002,108.550003,84.702339,2476800
2016-11-29,108.500000,108.720001,108.430000,108.669998,84.795990,2178600
2016-11-30,108.230003,108.430000,108.129997,108.239998,84.460487,4627500
2016-12-01,107.750000,107.790001,107.470001,107.680000,84.182182,4691900
2016-12-02,107.930000,108.199997,107.849998,108.019997,84.447960,4269200
2016-12-05,107.940002,108.260002,107.779999,108.110001,84.518318,3398000
2016-12-06,108.139999,108.180000,108.040001,108.089996,84.502686,3306900
2016-12-07,108.220001,108.379997,108.199997,108.370003,84.721596,3796800
2016-12-08,108.180000,108.220001,108.050003,108.169998,84.565231,2822600
2016-12-09,108.080002,108.180000,107.720001,107.839996,84.307243,4530900
2016-12-12,107.699997,107.820000,107.610001,107.739998,84.229118,3074200
2016-12-13,107.870003,107.940002,107.709999,107.879997,84.338531,3665900
2016-12-14,108.070000,108.120003,107.290001,107.290001,83.877274,3544100
2016-12-15,107.370003,107.419998,107.150002,107.160004,83.775650,4619100
2016-12-16,107.160004,107.389999,107.059998,107.230003,83.830360,2981600
2016-12-19,107.400002,107.550003,107.349998,107.510002,84.049248,3202500
2016-12-20,107.300003,107.440002,107.269997,107.410004,83.971077,2871900
2016-12-21,107.500000,107.660004,107.430000,107.639999,84.150833,4066900
2016-12-22,107.339996,107.459999,107.239998,107.389999,84.150124,4110200
2016-12-23,107.540001,107.540001,107.389999,107.419998,84.173622,3821100
2016-12-27,107.190002,107.339996,107.190002,107.339996,84.110909,2661500
2016-12-28,107.330002,107.599998,107.300003,107.510002,84.244118,5609600
2016-12-29,107.730003,107.879997,107.650002,107.839996,84.502708,3649600
2016-12-30,107.879997,108.120003,107.849998,108.059998,84.675102,3690100
2017-01-03,107.730003,108.220001,107.730003,108.169998,84.761307,5079200
2017-01-04,108.160004,108.209999,108.029999,108.199997,84.784821,3297100
2017-01-05,108.370003,108.680000,108.220001,108.650002,85.137444,5165900
2017-01-06,108.430000,108.500000,108.260002,108.290001,84.855347,2910100
2017-01-09,108.540001,108.540001,108.430000,108.470001,84.996414,3030500
2017-01-10,108.449997,108.550003,108.419998,108.440002,84.972870,2396300
2017-01-11,108.529999,108.930000,108.419998,108.570000,85.074745,4465500
2017-01-12,108.779999,108.900002,108.610001,108.610001,85.106094,3036600
2017-01-13,108.500000,108.550003,108.260002,108.419998,84.957253,3293600
2017-01-17,108.809998,108.870003,108.650002,108.790001,85.247147,3685700
2017-01-18,108.599998,108.669998,108.239998,108.320000,84.878845,3115600
2017-01-19,108.059998,108.160004,107.930000,108.040001,84.659424,2388000
2017-01-20,107.940002,108.120003,107.830002,108.080002,84.690781,3525000
2017-01-23,108.220001,108.570000,108.099998,108.379997,84.925865,3063400
2017-01-24,108.330002,108.400002,108.099998,108.209999,84.792679,2049500
2017-01-25,107.980003,108.040001,107.830002,107.919998,84.565369,2912900
2017-01-26,107.860001,108.029999,107.709999,107.989998,84.620262,2046300
2017-01-27,108.029999,108.160004,108.019997,108.080002,84.690781,3096800
2017-01-30,108.160004,108.209999,108.029999,108.029999,84.651588,2946200
2017-01-31,108.080002,108.370003,108.080002,108.290001,84.855347,7552700
2017-02-01,107.769997,108.010002,107.690002,107.919998,84.735985,2994200
2017-02-02,108.059998,108.180000,107.949997,107.980003,84.783112,3490700
2017-02-03,108.120003,108.279999,107.860001,108.010002,84.806664,2728400
2017-02-06,108.220001,108.379997,108.099998,108.320000,85.050056,1827000
2017-02-07,108.300003,108.580002,108.250000,108.430000,85.136459,2659100
2017-02-08,108.610001,108.830002,108.610001,108.739998,85.379807,3873200
2017-02-09,108.610001,108.669998,108.430000,108.480003,85.175682,2736000
2017-02-10,108.260002,108.470001,108.260002,108.459999,85.159996,2365300
2017-02-13,108.339996,108.349998,108.230003,108.300003,85.034348,2189800
2017-02-14,108.300003,108.300003,107.910004,108.059998,84.845924,2809500
2017-02-15,107.919998,108.000000,107.860001,107.889999,84.712425,2138900
2017-02-16,108.010002,108.279999,108.010002,108.120003,84.893028,5257400
2017-02-17,108.370003,108.449997,108.320000,108.360001,85.081459,2228100
2017-02-21,108.239998,108.449997,108.220001,108.349998,85.073608,1980300
2017-02-22,108.540001,108.550003,108.199997,108.419998,85.128616,2655500
2017-02-23,108.559998,108.650002,108.529999,108.599998,85.269897,2169000
2017-02-24,108.879997,109.059998,108.820000,109.000000,85.583992,2670900
2017-02-27,108.949997,108.980003,108.769997,108.800003,85.426949,1998200
2017-02-28,108.800003,108.940002,108.750000,108.769997,85.403381,3840100
2017-03-01,108.120003,108.139999,107.980003,108.040001,85.002129,3280200
2017-03-02,107.930000,107.989998,107.750000,107.839996,84.844772,2299700
2017-03-03,107.919998,107.970001,107.739998,107.919998,84.907761,4293900
2017-03-06,107.940002,107.989998,107.820000,107.870003,84.868362,3678300
2017-03-07,107.800003,107.839996,107.690002,107.730003,84.758270,2237900
2017-03-08,107.389999,107.500000,107.339996,107.470001,84.553734,2834700
2017-03-09,107.320000,107.339996,107.120003,107.139999,84.294098,3527300
2017-03-10,107.230003,107.320000,107.160004,107.300003,84.419945,1906000
2017-03-13,107.209999,107.279999,107.099998,107.120003,84.278275,1658500
2017-03-14,107.080002,107.239998,107.080002,107.160004,84.309792,2639200
2017-03-15,107.250000,107.790001,107.199997,107.779999,84.797562,2162900
2017-03-16,107.680000,107.750000,107.620003,107.660004,84.703194,2369700
2017-03-17,107.720001,107.910004,107.690002,107.889999,84.884140,2368800
2017-03-20,107.860001,108.050003,107.839996,108.050003,85.010010,1635200
2017-03-21,107.930000,108.269997,107.930000,108.269997,85.183098,2049700
2017-03-22,108.440002,108.540001,108.360001,108.419998,85.301132,2643600
2017-03-23,108.440002,108.510002,108.260002,108.449997,85.324684,2071400
2017-03-24,108.349998,108.510002,108.309998,108.360001,85.253922,3374900
2017-03-27,108.650002,108.709999,108.529999,108.620003,85.458427,1977300
2017-03-28,108.629997,108.680000,108.349998,108.370003,85.261787,2016100
2017-03-29,108.480003,108.620003,108.459999,108.610001,85.450584,1965600
2017-03-30,108.519997,108.580002,108.379997,108.410004,85.293236,1733900
2017-03-31,108.440002,108.529999,108.419998,108.489998,85.356171,3717700
2017-04-03,108.309998,108.680000,108.300003,108.669998,85.673126,5197800
2017-04-04,108.610001,108.650002,108.519997,108.570000,85.594269,1627500
2017-04-05,108.480003,108.739998,108.449997,108.690002,85.688866,2304100
2017-04-06,108.639999,108.709999,108.480003,108.680000,85.680984,1725300
2017-04-07,108.800003,108.889999,108.419998,108.440002,85.491768,1783600
2017-04-10,108.529999,108.650002,108.489998,108.580002,85.602165,1903800
2017-04-11,108.760002,108.980003,108.750000,108.889999,85.846550,2200800
2017-04-12,108.930000,109.199997,108.889999,109.129997,86.035744,2433000
2017-04-13,109.250000,109.389999,109.129997,109.269997,86.146133,2339900
2017-04-17,109.300003,109.400002,109.180000,109.209999,86.098839,1646100
2017-04-18,109.410004,109.699997,109.389999,109.650002,86.445740,2369500
2017-04-19,109.470001,109.559998,109.389999,109.480003,86.311768,2148500
2017-04-20,109.309998,109.400002,109.199997,109.309998,86.177673,1867800
2017-04-21,109.400002,109.489998,109.300003,109.339996,86.201347,1539300
2017-04-24,109.050003,109.220001,109.000000,109.180000,86.075188,2745400
2017-04-25,108.989998,109.050003,108.769997,108.820000,85.791389,1888500
2017-04-26,108.849998,108.970001,108.769997,108.959999,85.901741,2893700
2017-04-27,108.940002,109.099998,108.910004,109.059998,85.980560,1660900
2017-04-28,108.980003,109.250000,108.910004,109.250000,86.130356,5774800
2017-05-01,108.860001,108.959999,108.620003,108.730003,85.908340,2510000
2017-05-02,108.680000,108.940002,108.680000,108.879997,86.026878,2841400
2017-05-03,108.970001,108.989998,108.769997,108.769997,85.939972,1923400
2017-05-04,108.550003,108.699997,108.550003,108.680000,85.868813,1897900
2017-05-05,108.720001,108.739998,108.570000,108.699997,85.884705,1421800
2017-05-08,108.629997,108.669998,108.489998,108.489998,85.718712,3568400
2017-05-09,108.430000,108.510002,108.400002,108.500000,85.726639,3084900
2017-05-10,108.599998,108.660004,108.440002,108.529999,85.750343,1653400
2017-05-11,108.349998,108.540001,108.339996,108.519997,85.742447,2331000
2017-05-12,108.809998,108.940002,108.779999,108.919998,86.058464,1329700
2017-05-15,108.849998,108.940002,108.820000,108.879997,86.026878,1771000
2017-05-16,108.879997,109.099998,108.879997,109.019997,86.137497,2051800
2017-05-17,109.349998,109.599998,109.279999,109.580002,86.579979,2464500
2017-05-18,109.540001,109.629997,109.440002,109.519997,86.532562,2107000
2017-05-19,109.510002,109.540001,109.349998,109.519997,86.532562,1504000
2017-05-22,109.430000,109.480003,109.400002,109.449997,86.477219,1642700
2017-05-23,109.500000,109.529999,109.209999,109.239998,86.311325,1334500
2017-05-24,109.250000,109.500000,109.209999,109.430000,86.461456,2719200
2017-05-25,109.449997,109.489998,109.370003,109.480003,86.500961,1558100
2017-05-26,109.459999,109.540001,109.440002,109.440002,86.469337,955300
2017-05-30,109.580002,109.660004,109.540001,109.650002,86.635254,2093200
2017-05-31,109.639999,109.809998,109.639999,109.760002,86.722168,2416500
2017-06-01,109.360001,109.500000,109.339996,109.480003,86.682610,2454500
2017-06-02,109.739998,109.889999,109.690002,109.839996,86.967613,1507400
2017-06-05,109.660004,109.739998,109.599998,109.669998,86.833015,2450600
2017-06-06,109.870003,109.949997,109.809998,109.889999,87.007195,1607700
2017-06-07,109.809998,109.870003,109.699997,109.760002,86.904266,1903500
2017-06-08,109.699997,109.699997,109.510002,109.650002,86.817177,1532700
2017-06-09,109.510002,109.629997,109.459999,109.559998,86.745918,1616800
2017-06-12,109.510002,109.699997,109.470001,109.559998,86.745918,1394800
2017-06-13,109.430000,109.599998,109.430000,109.589996,86.769653,1474300
2017-06-14,110.000000,110.180000,109.849998,109.940002,87.046791,2627500
2017-06-15,109.900002,109.900002,109.779999,109.870003,86.991348,2233900
2017-06-16,109.860001,109.970001,109.849998,109.940002,87.046791,2216600
2017-06-19,109.870003,109.900002,109.739998,109.790001,86.928032,1610400
2017-06-20,109.849998,110.029999,109.800003,109.959999,87.062637,2195100
2017-06-21,109.879997,110.029999,109.879997,109.980003,87.078430,1217400
2017-06-22,110.059998,110.089996,109.949997,110.029999,87.118027,1427400
2017-06-23,110.010002,110.110001,109.980003,110.050003,87.133873,1259100
2017-06-26,110.190002,110.239998,110.129997,110.150002,87.213028,1914400
2017-06-27,109.930000,109.980003,109.790001,109.820000,86.951775,3072300
2017-06-28,109.849998,109.879997,109.680000,109.860001,86.983459,12184400
2017-06-29,109.529999,109.680000,109.470001,109.650002,86.817177,3377200
2017-06-30,109.620003,109.629997,109.459999,109.510002,86.706329,2626900
2017-07-03,109.300003,109.300003,109.010002,109.089996,86.551636,1817300
2017-07-05,109.080002,109.180000,109.000000,109.150002,86.599213,4288600
2017-07-06,108.949997,109.000000,108.820000,108.940002,86.432594,2284900
2017-07-07,108.889999,108.949997,108.830002,108.900002,86.400879,2727400
2017-07-10,108.970001,109.019997,108.889999,108.949997,86.440529,2386400
2017-07-11,108.970001,109.099998,108.930000,109.050003,86.519890,1969100
2017-07-12,109.379997,109.430000,109.260002,109.379997,86.781708,2129900
2017-07-13,109.290001,109.309998,109.129997,109.260002,86.686516,1568300
2017-07-14,109.540001,109.559998,109.290001,109.370003,86.773766,1916600
2017-07-17,109.400002,109.480003,109.320000,109.419998,86.813446,4078500
2017-07-18,109.639999,109.709999,109.580002,109.669998,87.011780,2878400
2017-07-19,109.720001,109.750000,109.629997,109.699997,87.035591,1577700
2017-07-20,109.849998,109.879997,109.699997,109.730003,87.059410,1802600
2017-07-21,109.879997,109.959999,109.830002,109.919998,87.210152,1531700
2017-07-24,109.839996,109.919998,109.760002,109.820000,87.130791,1946000
2017-07-25,109.599998,109.629997,109.389999,109.430000,86.821396,2601700
2017-07-26,109.370003,109.709999,109.349998,109.639999,86.987984,2249800
2017-07-27,109.510002,109.589996,109.430000,109.480003,86.861061,1868600
2017-07-28,109.540001,109.699997,109.489998,109.699997,87.035591,1894200
2017-07-31,109.690002,109.730003,109.580002,109.650002,86.995903,2363000
2017-08-01,109.379997,109.720001,109.360001,109.720001,87.234413,2338900
2017-08-02,109.709999,109.769997,109.639999,109.639999,87.170830,2253300
2017-08-03,109.769997,109.940002,109.739998,109.860001,87.345764,1485200
2017-08-04,109.699997,109.720001,109.540001,109.680000,87.202629,2300900
2017-08-07,109.690002,109.720001,109.610001,109.669998,87.194695,2359800
2017-08-08,109.669998,109.690002,109.500000,109.570000,87.115189,2570800
2017-08-09,109.870003,109.870003,109.660004,109.669998,87.194695,2308900
2017-08-10,109.699997,109.849998,109.669998,109.779999,87.282135,2004200
2017-08-11,109.750000,109.940002,109.680000,109.870003,87.353699,1913300
2017-08-14,109.839996,109.900002,109.739998,109.820000,87.313980,2293900
2017-08-15,109.559998,109.720001,109.559998,109.660004,87.186737,2177400
2017-08-16,109.540001,109.930000,109.540001,109.860001,87.345764,1956500
2017-08-17,109.830002,110.019997,109.779999,110.019997,87.472946,5403500
2017-08-18,110.050003,110.139999,109.889999,109.949997,87.417328,1564800
2017-08-21,110.010002,110.089996,109.970001,110.029999,87.480896,1717600
2017-08-22,109.989998,110.019997,109.870003,109.930000,87.401398,1992300
2017-08-23,110.080002,110.190002,110.010002,110.180000,87.600166,1894900
2017-08-24,110.070000,110.160004,109.989998,110.040001,87.488869,2102100
2017-08-25,110.050003,110.190002,110.010002,110.120003,87.552475,2326800
2017-08-28,110.169998,110.239998,110.099998,110.160004,87.584290,4476000
2017-08-29,110.480003,110.489998,110.260002,110.320000,87.711479,2092200
2017-08-30,110.269997,110.330002,110.239998,110.300003,87.695602,1505700
2017-08-31,110.309998,110.459999,110.309998,110.449997,87.814819,5308300
2017-09-01,110.190002,110.220001,109.910004,109.970001,87.615639,2824200
2017-09-05,110.269997,110.500000,110.209999,110.419998,87.974213,2257000
2017-09-06,110.419998,110.519997,110.230003,110.300003,87.878593,2720200
2017-09-07,110.430000,110.660004,110.419998,110.570000,88.093689,1648800
2017-09-08,110.540001,110.580002,110.430000,110.440002,87.990143,2363200
2017-09-11,110.269997,110.290001,110.099998,110.139999,87.751099,2492700
2017-09-12,110.040001,110.059998,109.919998,109.980003,87.623650,2403600
2017-09-13,110.000000,110.040001,109.860001,109.870003,87.535988,1304100
2017-09-14,109.809998,109.970001,109.809998,109.930000,87.583778,1704200
2017-09-15,110.000000,110.040001,109.860001,109.910004,87.567841,2818000
2017-09-18,109.860001,109.900002,109.769997,109.860001,87.528008,1946300
2017-09-19,109.910004,109.959999,109.790001,109.800003,87.480225,1407200
2017-09-20,109.839996,109.919998,109.589996,109.709999,87.408531,1356800
2017-09-21,109.820000,109.849998,109.680000,109.690002,87.392532,2210900
2017-09-22,109.860001,109.900002,109.750000,109.769997,87.456322,1461800
2017-09-25,109.849998,110.040001,109.820000,110.029999,87.663467,3937600
2017-09-26,109.949997,110.019997,109.879997,109.989998,87.631599,2749900
2017-09-27,109.669998,109.750000,109.599998,109.669998,87.376648,3042800
2017-09-28,109.580002,109.720001,109.510002,109.680000,87.384644,1702500
2017-09-29,109.739998,109.769997,109.540001,109.589996,87.312912,5770800
2017-10-02,109.430000,109.510002,109.330002,109.430000,87.366417,5692200
2017-10-03,109.459999,109.540001,109.400002,109.519997,87.438225,2462200
2017-10-04,109.559998,109.570000,109.410004,109.489998,87.414314,2673200
2017-10-05,109.540001,109.540001,109.370003,109.440002,87.374336,1909900
2017-10-06,109.220001,109.419998,109.150002,109.279999,87.246643,1824000
2017-10-09,109.349998,109.430000,109.300003,109.430000,87.366417,1131500
2017-10-10,109.470001,109.610001,109.400002,109.440002,87.374336,1635800
2017-10-11,109.470001,109.529999,109.419998,109.459999,87.390366,1866400
2017-10-12,109.559998,109.610001,109.480003,109.589996,87.494164,1933400
2017-10-13,109.820000,109.870003,109.690002,109.860001,87.709694,1743800
2017-10-16,109.750000,109.809998,109.660004,109.750000,87.621887,3788100
2017-10-17,109.620003,109.739998,109.550003,109.709999,87.589966,1764400
2017-10-18,109.510002,109.559998,109.459999,109.540001,87.454208,1663800
2017-10-19,109.709999,109.750000,109.540001,109.620003,87.518120,1877000
2017-10-20,109.320000,109.410004,109.260002,109.300003,87.262619,2014200
2017-10-23,109.400002,109.470001,109.360001,109.419998,87.358437,2000800
2017-10-24,109.230003,109.290001,109.169998,109.190002,87.174774,1722300
2017-10-25,108.959999,109.129997,108.949997,109.120003,87.118912,2945400
2017-10-26,109.199997,109.230003,108.980003,109.000000,87.023102,2163500
2017-10-27,109.070000,109.260002,109.040001,109.239998,87.214722,1902500
2017-10-30,109.430000,109.559998,109.360001,109.540001,87.454208,2384800
2017-10-31,109.519997,109.550003,109.440002,109.470001,87.398331,3719900
2017-11-01,109.169998,109.410004,109.169998,109.290001,87.436752,2959400
2017-11-02,109.349998,109.500000,109.330002,109.349998,87.484726,2160500
2017-11-03,109.480003,109.480003,109.290001,109.449997,87.564713,1781200
2017-11-06,109.559998,109.589996,109.459999,109.550003,87.644775,1293000
2017-11-07,109.580002,109.610001,109.489998,109.580002,87.668755,2015500
2017-11-08,109.540001,109.599998,109.459999,109.510002,87.612740,2742600
2017-11-09,109.389999,109.459999,109.300003,109.430000,87.548737,2479800
2017-11-10,109.059998,109.150002,108.970001,108.989998,87.196709,1751100
2017-11-13,109.110001,109.110001,108.959999,108.989998,87.196709,1891600
2017-11-14,109.010002,109.120003,109.000000,109.099998,87.284737,2799900
2017-11-15,109.260002,109.379997,109.139999,109.309998,87.452728,2495700
2017-11-16,109.220001,109.320000,109.180000,109.190002,87.356697,1912600
2017-11-17,109.330002,109.389999,109.260002,109.309998,87.452728,3544600
2017-11-20,109.230003,109.300003,109.180000,109.250000,87.404701,2639100
2017-11-21,109.389999,109.430000,109.220001,109.360001,87.492699,2297400
2017-11-22,109.400002,109.559998,109.379997,109.550003,87.644775,6104100
2017-11-24,109.500000,109.559998,109.480003,109.529999,87.628769,1693500
2017-11-27,109.529999,109.580002,109.440002,109.529999,87.628769,2653300
2017-11-28,109.589996,109.629997,109.470001,109.529999,87.628769,5126900
2017-11-29,109.269997,109.320000,109.180000,109.260002,87.412697,2423700
2017-11-30,109.250000,109.300003,109.019997,109.080002,87.268700,4011300
2017-12-01,109.019997,109.480003,108.849998,109.160004,87.518105,3410200
2017-12-04,109.029999,109.169998,109.000000,109.150002,87.510025,2652800
2017-12-05,109.260002,109.260002,109.080002,109.260002,87.598221,2995500
2017-12-06,109.440002,109.519997,109.370003,109.370003,87.686440,2965800
2017-12-07,109.379997,109.459999,109.150002,109.230003,87.574188,2584100
2017-12-08,109.209999,109.290001,109.150002,109.190002,87.542122,1685000
2017-12-11,109.139999,109.320000,109.129997,109.150002,87.510025,2612400
2017-12-12,109.099998,109.110001,108.949997,109.099998,87.469971,3142400
2017-12-13,109.230003,109.550003,109.139999,109.410004,87.718506,3109500
2017-12-14,109.309998,109.510002,109.230003,109.440002,87.742584,4126100
2017-12-15,109.419998,109.550003,109.320000,109.470001,87.766586,2403700
2017-12-18,109.470001,109.470001,109.250000,109.330002,87.654366,4474300
2017-12-19,109.139999,109.160004,108.889999,109.010002,87.397812,2820900
2017-12-20,108.750000,108.879997,108.709999,108.760002,87.197319,4002500
2017-12-21,108.760002,108.870003,108.730003,108.820000,87.274376,2374500
2017-12-22,108.820000,108.889999,108.809998,108.870003,87.314453,3292800
2017-12-26,108.910004,109.010002,108.870003,108.959999,87.386642,1873400
2017-12-27,109.019997,109.330002,109.019997,109.300003,87.659325,2046900
2017-12-28,109.220001,109.260002,109.139999,109.220001,87.595154,2895400
2017-12-29,109.279999,109.389999,109.239998,109.330002,87.683388,2813400
2018-01-02,109.260002,109.309998,108.970001,109.169998,87.555092,8850900
2018-01-03,109.250000,109.250000,109.089996,109.180000,87.563080,2441700
2018-01-04,109.019997,109.150002,108.970001,109.110001,87.506950,2945400
2018-01-05,109.150002,109.150002,108.949997,109.040001,87.450806,4322900
2018-01-08,109.110001,109.110001,108.949997,109.010002,87.426765,3394500
2018-01-09,108.910004,108.910004,108.690002,108.709999,87.186157,2301300
2018-01-10,108.480003,108.720001,108.430000,108.709999,87.186157,4194300
2018-01-11,108.660004,108.860001,108.610001,108.760002,87.226204,3470400
2018-01-12,108.639999,108.830002,108.629997,108.739998,87.210205,3605900
2018-01-16,108.870003,108.980003,108.720001,108.769997,87.234268,6794400
2018-01-17,108.730003,108.839996,108.620003,108.650002,87.138016,3146300
2018-01-18,108.430000,108.529999,108.349998,108.410004,86.945526,2896500
2018-01-19,108.400002,108.400002,108.139999,108.180000,86.761070,2933800
2018-01-22,108.220001,108.300003,108.110001,108.139999,86.729004,3983200
2018-01-23,108.330002,108.440002,108.290001,108.400002,86.937523,4775600
2018-01-24,108.250000,108.320000,108.150002,108.290001,86.849327,2362300
2018-01-25,108.260002,108.570000,108.190002,108.570000,87.073868,9851600
2018-01-26,108.510002,108.510002,108.269997,108.370003,86.913452,3808000
2018-01-29,108.139999,108.250000,108.019997,108.180000,86.761070,3974900
2018-01-30,108.120003,108.120003,107.919998,108.010002,86.624733,3659500
2018-01-31,108.199997,108.209999,107.879997,108.099998,86.696938,8066500
2018-02-01,107.750000,107.830002,107.480003,107.519997,86.425232,9678700
2018-02-02,107.250000,107.349998,107.099998,107.199997,86.168037,4779300
2018-02-05,107.129997,107.809998,107.000000,107.629997,86.513680,5991700
2018-02-06,107.459999,107.559998,107.279999,107.320000,86.264503,6031400
2018-02-07,107.430000,107.440002,107.000000,107.080002,86.071556,4115600
2018-02-08,106.839996,107.139999,106.769997,106.900002,85.926880,4761600
2018-02-09,106.720001,107.070000,106.699997,106.760002,85.814331,5926100
2018-02-12,106.739998,106.949997,106.660004,106.790001,85.838448,5421400
2018-02-13,106.790001,106.910004,106.699997,106.820000,85.862556,4256200
2018-02-14,106.570000,106.660004,106.400002,106.459999,85.573204,4317000
2018-02-15,106.559998,106.730003,106.529999,106.589996,85.677650,2878900
2018-02-16,106.849998,106.879997,106.709999,106.800003,85.846451,3648900
2018-02-20,106.690002,106.709999,106.550003,106.690002,85.758080,2907400
2018-02-21,106.769997,106.800003,106.260002,106.349998,85.484802,3223800
2018-02-22,106.489998,106.559998,106.360001,106.360001,85.492798,2485400
2018-02-23,106.610001,106.760002,106.570000,106.629997,85.709808,2398100
2018-02-26,106.879997,106.949997,106.690002,106.709999,85.774178,4617300
2018-02-27,106.779999,106.820000,106.379997,106.480003,85.589310,5704700
2018-02-28,106.589996,106.769997,106.540001,106.769997,85.822380,9614100
2018-03-01,106.540001,106.720001,106.379997,106.629997,85.898872,7335500
2018-03-02,106.470001,106.550003,106.360001,106.459999,85.761963,3717300
2018-03-05,106.599998,106.650002,106.279999,106.400002,85.713638,3307200
2018-03-06,106.449997,106.559998,106.379997,106.419998,85.729698,1932100
2018-03-07,106.510002,106.550003,106.370003,106.400002,85.713638,3448700
2018-03-08,106.419998,106.629997,106.419998,106.570000,85.850563,2396200
2018-03-09,106.430000,106.459999,106.300003,106.370003,85.689438,3669400
2018-03-12,106.430000,106.489998,106.370003,106.430000,85.737801,4149500
2018-03-13,106.589996,106.599998,106.449997,106.570000,85.850563,2727500
2018-03-14,106.540001,106.849998,106.519997,106.750000,85.995552,3126400
2018-03-15,106.730003,106.809998,106.639999,106.760002,86.003654,3045500
2018-03-16,106.620003,106.720001,106.599998,106.699997,85.955292,2552700
2018-03-19,106.559998,106.739998,106.529999,106.589996,85.866684,2263200
2018-03-20,106.440002,106.510002,106.400002,106.419998,85.729698,3000700
2018-03-21,106.320000,106.480003,106.080002,106.410004,85.721695,2994400
2018-03-22,106.669998,106.800003,106.489998,106.610001,85.882820,3334400
2018-03-23,106.459999,106.699997,106.459999,106.610001,85.882820,3618700
2018-03-26,106.639999,106.709999,106.470001,106.570000,85.850563,4546500
2018-03-27,106.629997,106.949997,106.610001,106.879997,86.100311,4537700
2018-03-28,107.050003,107.099998,106.879997,106.940002,86.148636,5617200
2018-03-29,106.949997,107.260002,106.949997,107.250000,86.398361,8300000
2018-04-02,106.900002,107.040001,106.820000,106.900002,86.311996,7280300
2018-04-03,106.820000,106.870003,106.739998,106.779999,86.215080,9916100
2018-04-04,106.900002,106.930000,106.790001,106.820000,86.247421,6200900
2018-04-05,106.709999,106.760002,106.629997,106.669998,86.126259,2592500
2018-04-06,106.889999,106.980003,106.790001,106.910004,86.320023,2814800
2018-04-09,106.830002,107.000000,106.779999,107.000000,86.392731,3746500
2018-04-10,106.949997,106.989998,106.830002,106.919998,86.328133,2941900
2018-04-11,107.050003,107.059998,106.930000,107.010002,86.400818,8598800
2018-04-12,106.910004,106.930000,106.760002,106.769997,86.207001,3899000
2018-04-13,106.690002,106.839996,106.669998,106.800003,86.231216,2764800
2018-04-16,106.639999,106.839996,106.610001,106.820000,86.247421,3860800
2018-04-17,106.809998,106.889999,106.750000,106.849998,86.271622,2363000
2018-04-18,106.739998,106.750000,106.540001,106.550003,86.029404,2231700
2018-04-19,106.339996,106.389999,106.239998,106.290001,85.819481,10985100
2018-04-20,106.150002,106.239998,106.000000,106.000000,85.585297,2766000
2018-04-23,105.980003,106.010002,105.900002,105.949997,85.544952,2620800
2018-04-24,105.849998,105.919998,105.779999,105.809998,85.431892,3442300
2018-04-25,105.720001,105.739998,105.599998,105.669998,85.318886,3785000
2018-04-26,105.830002,105.900002,105.760002,105.849998,85.464203,4870300
2018-04-27,105.959999,106.040001,105.940002,105.980003,85.569145,3806400
2018-04-30,106.010002,106.120003,105.989998,106.000000,85.585297,4692600
2018-05-01,105.730003,105.790001,105.599998,105.669998,85.512451,3027000
2018-05-02,105.699997,105.779999,105.620003,105.669998,85.512451,2560800
2018-05-03,105.820000,105.949997,105.779999,105.790001,85.609596,4499200
2018-05-04,105.919998,105.930000,105.709999,105.860001,85.666199,2317100
2018-05-07,105.879997,105.879997,105.769997,105.809998,85.625763,1533400
2018-05-08,105.660004,105.750000,105.599998,105.690002,85.528641,2591700
2018-05-09,105.559998,105.639999,105.519997,105.570000,85.431564,2507500
2018-05-10,105.750000,105.820000,105.690002,105.809998,85.625763,2096700
2018-05-11,105.900002,105.900002,105.760002,105.860001,85.666199,2034100
2018-05-14,105.790001,105.849998,105.739998,105.760002,85.585297,2183500
2018-05-15,105.489998,105.489998,105.190002,105.290001,85.204956,2166400
2018-05-16,105.360001,105.419998,105.150002,105.169998,85.107834,2477500
2018-05-17,105.190002,105.209999,105.000000,105.029999,84.994568,2789000
2018-05-18,105.160004,105.320000,105.160004,105.300003,85.213043,2151100
2018-05-21,105.279999,105.370003,105.239998,105.309998,85.221191,1952200
2018-05-22,105.320000,105.370003,105.279999,105.309998,85.221191,2246400
2018-05-23,105.500000,105.650002,105.480003,105.599998,85.455833,6061900
2018-05-24,105.820000,105.959999,105.820000,105.889999,85.690544,2903300
2018-05-25,106.099998,106.180000,106.029999,106.120003,85.876602,2508100
2018-05-29,106.370003,107.000000,106.320000,106.820000,86.443108,3494200
2018-05-30,106.540001,106.669998,106.400002,106.550003,86.224609,3158200
2018-05-31,106.519997,106.669998,106.389999,106.459999,86.151779,5157400
2018-06-01,105.949997,106.129997,105.910004,106.080002,86.045532,6206800
2018-06-04,106.000000,106.010002,105.790001,105.830002,85.842720,4288100
2018-06-05,105.989998,106.040001,105.849998,105.910004,85.907639,1848300
2018-06-06,105.709999,105.750000,105.580002,105.669998,85.712921,2705800
2018-06-07,105.639999,106.120003,105.620003,105.900002,85.899498,2724800
2018-06-08,105.750000,105.900002,105.739998,105.750000,85.777870,3416800
2018-06-11,105.650002,105.739998,105.570000,105.639999,85.688576,4330800
2018-06-12,105.559998,105.690002,105.559998,105.669998,85.712921,3546500
2018-06-13,105.680000,105.750000,105.379997,105.570000,85.631836,3627200
2018-06-14,105.750000,105.860001,105.690002,105.839996,85.850845,4689600
2018-06-15,106.010002,106.089996,105.860001,105.879997,85.883316,2361800
2018-06-18,105.930000,105.930000,105.800003,105.900002,85.899498,2359300
2018-06-19,106.050003,106.110001,105.980003,106.010002,85.988731,2184200
2018-06-20,106.059998,106.059998,105.790001,105.809998,85.826485,2403700
2018-06-21,105.879997,105.959999,105.809998,105.839996,85.850845,2895500
2018-06-22,105.820000,105.940002,105.800003,105.940002,85.931992,1846000
2018-06-25,105.949997,106.040001,105.860001,105.879997,85.883316,5522900
2018-06-26,105.989998,106.050003,105.940002,106.050003,86.021187,2665200
2018-06-27,106.230003,106.309998,106.160004,106.239998,86.175270,3001300
2018-06-28,106.279999,106.290001,106.160004,106.230003,86.167160,1798900
2018-06-29,106.300003,106.419998,106.250000,106.320000,86.240181,7117300
2018-07-02,106.099998,106.129997,105.989998,105.989998,86.158112,7159900
2018-07-03,106.029999,106.209999,106.029999,106.209999,86.336891,2425100
2018-07-05,106.220001,106.339996,106.209999,106.309998,86.418190,2739900
2018-07-06,106.410004,106.449997,106.320000,106.419998,86.507591,2598700
2018-07-09,106.290001,106.339996,106.250000,106.320000,86.426338,1926000
2018-07-10,106.279999,106.300003,106.190002,106.239998,86.361282,2489700
2018-07-11,106.330002,106.349998,106.220001,106.279999,86.393814,5385000
2018-07-12,106.260002,106.419998,106.260002,106.410004,86.499527,2145800
2018-07-13,106.440002,106.519997,106.440002,106.510002,86.580788,2126900
2018-07-16,106.349998,106.400002,106.239998,106.389999,86.483269,2116500
2018-07-17,106.400002,106.449997,106.290001,106.349998,86.450752,2964100
2018-07-18,106.360001,106.389999,106.269997,106.320000,86.426338,1760900
2018-07-19,106.339996,106.550003,106.309998,106.480003,86.556404,2163200
2018-07-20,106.379997,106.440002,106.199997,106.269997,86.385666,2920200
2018-07-23,106.169998,106.190002,105.889999,105.900002,86.084915,1848500
2018-07-24,105.919998,106.070000,105.900002,106.050003,86.206886,3590200
2018-07-25,106.120003,106.169998,105.949997,106.059998,86.215027,3318300
2018-07-26,106.099998,106.150002,105.949997,106.000000,86.166183,2245000
2018-07-27,106.129997,106.160004,106.040001,106.080002,86.231262,2637400
2018-07-30,105.940002,106.050003,105.910004,105.970001,86.141808,5518200
2018-07-31,106.110001,106.180000,106.050003,106.059998,86.215027,5928100
2018-08-01,105.550003,105.760002,105.510002,105.699997,86.126175,4534100
2018-08-02,105.760002,105.760002,105.650002,105.739998,86.158806,3671900
2018-08-03,105.809998,105.980003,105.809998,105.970001,86.346169,2542900
2018-08-06,106.029999,106.110001,106.000000,106.040001,86.403214,4120000
2018-08-07,105.970001,105.970001,105.830002,105.849998,86.248405,2532800
2018-08-08,105.830002,105.910004,105.800003,105.849998,86.248405,1937500
2018-08-09,105.970001,106.040001,105.930000,106.000000,86.370621,2386400
2018-08-10,106.110001,106.360001,106.110001,106.230003,86.557991,4136300
2018-08-13,106.160004,106.300003,106.150002,106.290001,86.606918,2786300
2018-08-14,106.300003,106.330002,106.160004,106.190002,86.525444,6087400
2018-08-15,106.290001,106.440002,106.250000,106.339996,86.647644,4652700
2018-08-16,106.379997,106.419998,106.239998,106.400002,86.696594,2658200
2018-08-17,106.430000,106.550003,106.379997,106.459999,86.745422,2071100
2018-08-20,106.589996,106.680000,106.529999,106.669998,86.916573,2355500
2018-08-21,106.580002,106.620003,106.510002,106.580002,86.843231,2835000
2018-08-22,106.660004,106.709999,106.570000,106.669998,86.916573,2190000
2018-08-23,106.669998,106.709999,106.610001,106.610001,86.867653,1568600
2018-08-24,106.500000,106.730003,106.489998,106.730003,86.965424,3649700
2018-08-27,106.589996,106.660004,106.559998,106.589996,86.851357,3233500
2018-08-28,106.449997,106.489998,106.360001,106.389999,86.688385,2558100
2018-08-29,106.379997,106.410004,106.290001,106.370003,86.672089,2792400
2018-08-30,106.470001,106.500000,106.379997,106.419998,86.712822,2803200
2018-08-31,106.580002,106.599998,106.410004,106.410004,86.704697,3308700
2018-09-04,106.019997,106.120003,105.980003,106.059998,86.608345,3164000
2018-09-05,106.050003,106.080002,105.959999,106.010002,86.567513,2788300
2018-09-06,106.089996,106.269997,106.089996,106.190002,86.714500,2248500
2018-09-07,105.919998,105.940002,105.809998,105.809998,86.404213,2571600
2018-09-10,105.849998,105.949997,105.849998,105.910004,86.485886,3305700
2018-09-11,105.779999,105.839996,105.699997,105.730003,86.338882,4919000
2018-09-12,105.809998,105.889999,105.800003,105.800003,86.396042,4168900
2018-09-13,105.959999,106.000000,105.849998,105.870003,86.453186,2280200
2018-09-14,105.720001,105.790001,105.660004,105.669998,86.289856,2693000
2018-09-17,105.650002,105.779999,105.599998,105.669998,86.289856,5721700
2018-09-18,105.589996,105.599998,105.389999,105.440002,86.102028,2206000
2018-09-19,105.419998,105.430000,105.220001,105.239998,85.938690,2700600
2018-09-20,105.230003,105.449997,105.230003,105.379997,86.053017,2897700
2018-09-21,105.339996,105.470001,105.320000,105.459999,86.118393,2792600
2018-09-24,105.330002,105.459999,105.309998,105.360001,86.036728,1895000
2018-09-25,105.250000,105.309998,105.180000,105.309998,85.995880,2059400
2018-09-26,105.370003,105.599998,105.339996,105.559998,86.200012,2912100
2018-09-27,105.500000,105.639999,105.500000,105.629997,86.257202,2528100
2018-09-28,105.690002,105.709999,105.510002,105.519997,86.167366,4883900
2018-10-01,105.349998,105.349998,105.199997,105.239998,86.144424,3518400
2018-10-02,105.320000,105.459999,105.250000,105.360001,86.242699,6912600
2018-10-03,105.220001,105.239998,104.750000,104.860001,85.833405,2540500
2018-10-04,104.650002,104.720001,104.470001,104.559998,85.587830,5268200
2018-10-05,104.459999,104.480003,104.190002,104.330002,85.399567,3460500
2018-10-08,104.379997,104.400002,104.290001,104.290001,85.366829,2268000
2018-10-09,104.389999,104.510002,104.320000,104.440002,85.489616,21903200
2018-10-10,104.339996,104.459999,104.230003,104.410004,85.465019,3834800
2018-10-11,104.589996,104.860001,104.510002,104.720001,85.718796,7053900
2018-10-12,104.709999,104.870003,104.680000,104.750000,85.743378,5017400
2018-10-15,104.730003,104.779999,104.620003,104.680000,85.686050,3047700
2018-10-16,104.690002,104.739998,104.580002,104.739998,85.735184,5750100
2018-10-17,104.709999,104.769997,104.519997,104.529999,85.563293,2844200
2018-10-18,104.389999,104.620003,104.379997,104.459999,85.505989,3158200
2018-10-19,104.470001,104.550003,104.339996,104.370003,85.432304,2985800
2018-10-22,104.470001,104.519997,104.339996,104.349998,85.415916,2807300
2018-10-23,104.669998,104.739998,104.480003,104.480003,85.522354,3524300
2018-10-24,104.690002,104.809998,104.669998,104.750000,85.743378,4465100
2018-10-25,104.709999,104.769997,104.610001,104.660004,85.669739,8290200
2018-10-26,104.879997,105.050003,104.870003,104.900002,85.866135,5811400
2018-10-29,104.860001,104.889999,104.720001,104.790001,85.776100,5075100
2018-10-30,104.680000,104.779999,104.639999,104.639999,85.653351,2552000
2018-10-31,104.500000,104.699997,104.500000,104.589996,85.612404,14880500
2018-11-01,104.220001,104.410004,104.209999,104.339996,85.828712,7919000
2018-11-02,104.250000,104.290001,103.940002,104.029999,85.573769,4491500
2018-11-05,104.139999,104.169998,104.070000,104.099998,85.631279,3412600
2018-11-06,104.089996,104.169998,104.059998,104.110001,85.639565,2619900
2018-11-07,104.250000,104.360001,104.139999,104.199997,85.713547,4677200
2018-11-08,104.190002,104.220001,104.000000,104.010002,85.557281,3489200
2018-11-09,104.070000,104.250000,104.070000,104.139999,85.664192,2901900
2018-11-12,104.309998,104.349998,104.250000,104.309998,85.804047,2779700
2018-11-13,104.300003,104.370003,104.209999,104.349998,85.836967,2977100
2018-11-14,104.220001,104.500000,104.199997,104.360001,85.845222,3395900
2018-11-15,104.480003,104.510002,104.309998,104.489998,85.952118,3861300
2018-11-16,104.550003,104.709999,104.510002,104.660004,86.091980,3332600
2018-11-19,104.610001,104.730003,104.610001,104.650002,86.083740,4673200
2018-11-20,104.669998,104.720001,104.610001,104.610001,86.050827,3162700
2018-11-21,104.599998,104.690002,104.580002,104.680000,86.108421,5701700
2018-11-23,104.839996,104.839996,104.650002,104.650002,86.083740,1665900
2018-11-26,104.669998,104.669998,104.589996,104.629997,86.067299,4326100
2018-11-27,104.580002,104.739998,104.580002,104.660004,86.091980,4107700
2018-11-28,104.629997,104.910004,104.570000,104.860001,86.256454,8513900
2018-11-29,104.919998,104.989998,104.839996,104.910004,86.297600,5922600
2018-11-30,104.930000,104.959999,104.820000,104.879997,86.272903,6126200
2018-12-03,104.690002,104.860001,104.629997,104.800003,86.413902,14037900
2018-12-04,104.980003,105.279999,104.940002,105.080002,86.644806,5365200
2018-12-06,105.290001,105.540001,105.279999,105.339996,86.859169,7396800
2018-12-07,105.389999,105.550003,105.279999,105.480003,86.974655,5440200
2018-12-10,105.550003,105.629997,105.430000,105.550003,87.032349,6096000
2018-12-11,105.629997,105.720001,105.510002,105.580002,87.057068,8086200
2018-12-12,105.480003,105.570000,105.459999,105.500000,86.991104,8089000
2018-12-13,105.589996,105.650002,105.529999,105.529999,87.015869,5762500
2018-12-14,105.680000,105.680000,105.559998,105.559998,87.040573,6265000
2018-12-17,105.660004,105.779999,105.610001,105.739998,87.189026,7630500
2018-12-18,105.629997,105.839996,105.629997,105.839996,87.445145,6626100
2018-12-19,105.879997,106.169998,105.790001,105.940002,87.527756,7264800
2018-12-20,106.099998,106.120003,105.809998,105.839996,87.445145,7695000
2018-12-21,105.940002,105.959999,105.760002,105.790001,87.403839,10381200
2018-12-24,105.949997,106.000000,105.809998,105.860001,87.461632,7196100
2018-12-26,105.919998,106.000000,105.629997,105.660004,87.296463,8606900
2018-12-27,105.949997,106.059998,105.769997,105.830002,87.436882,10562200
2018-12-28,105.970001,106.220001,105.940002,106.220001,87.759125,7019600
2018-12-31,106.120003,106.510002,106.110001,106.489998,87.982147,9671800
2019-01-02,106.550003,106.610001,106.470001,106.570000,88.048294,11200700
2019-01-03,106.570000,107.080002,106.570000,107.010002,88.411819,6497000
2019-01-04,106.660004,106.720001,106.550003,106.690002,88.147430,8149000
2019-01-07,106.720001,106.790001,106.459999,106.510002,87.998680,7433700
2019-01-08,106.400002,106.529999,106.379997,106.430000,87.932617,4395600
2019-01-09,106.419998,106.570000,106.400002,106.519997,88.006958,5458100
2019-01-10,106.519997,106.559998,106.330002,106.400002,87.907799,3532500
2019-01-11,106.580002,106.660004,106.500000,106.550003,88.031761,5759000
2019-01-14,106.570000,106.610001,106.400002,106.400002,87.907799,7544300
2019-01-15,106.540001,106.550003,106.330002,106.419998,87.924332,3690200
2019-01-16,106.330002,106.519997,106.309998,106.510002,87.998680,4007800
2019-01-17,106.529999,106.529999,106.339996,106.430000,87.932617,5547000
2019-01-18,106.370003,106.480003,106.279999,106.349998,87.866516,5643400
2019-01-22,106.440002,106.620003,106.440002,106.440002,87.940857,6824000
2019-01-23,106.379997,106.589996,106.370003,106.550003,88.031761,3222800
2019-01-24,106.720001,106.839996,106.669998,106.730003,88.180466,7308900
2019-01-25,106.639999,106.699997,106.559998,106.680000,88.139122,3469500
2019-01-28,106.620003,106.750000,106.580002,106.620003,88.089577,7365700
2019-01-29,106.730003,106.930000,106.690002,106.900002,88.320915,6158600
2019-01-30,106.790001,107.150002,106.790001,107.139999,88.519226,6350400
2019-01-31,107.300003,107.529999,107.290001,107.459999,88.783577,14766500
2019-02-01,107.089996,107.150002,106.879997,106.970001,88.599739,7227900
2019-02-04,106.830002,106.900002,106.769997,106.879997,88.525185,14227700
2019-02-05,106.949997,107.139999,106.949997,107.110001,88.715675,8913500
2019-02-06,107.199997,107.220001,106.989998,107.050003,88.665939,6449600
2019-02-07,107.150002,107.199997,107.029999,107.099998,88.707382,3938900
2019-02-08,107.169998,107.379997,107.169998,107.339996,88.906174,4288600
2019-02-11,107.230003,107.279999,107.150002,107.230003,88.815063,3521000
2019-02-12,107.220001,107.260002,107.120003,107.250000,88.831619,3136700
2019-02-13,107.080002,107.139999,107.010002,107.059998,88.674248,2526100
2019-02-14,107.330002,107.349998,107.169998,107.220001,88.806770,2908500
2019-02-15,107.250000,107.309998,107.190002,107.300003,88.873039,2413900
2019-02-19,107.430000,107.449997,107.279999,107.360001,88.922722,6235500
2019-02-20,107.370003,107.389999,107.279999,107.370003,88.930992,3231100
2019-02-21,107.160004,107.180000,107.099998,107.129997,88.732224,3677000
2019-02-22,107.250000,107.519997,107.220001,107.400002,88.955872,2731500
2019-02-25,107.349998,107.400002,107.300003,107.370003,88.930992,3645400
2019-02-26,107.529999,107.570000,107.430000,107.489998,89.030434,4759400
2019-02-27,107.400002,107.400002,107.209999,107.260002,88.839912,2988300
2019-02-28,107.260002,107.290001,107.029999,107.070000,88.682556,11872100
2019-03-01,106.769997,106.839996,106.610001,106.629997,88.538841,5527000
2019-03-04,106.739998,106.839996,106.690002,106.760002,88.646828,3837200
2019-03-05,106.730003,106.839996,106.669998,106.830002,88.705002,5835800
2019-03-06,106.879997,107.070000,106.849998,106.989998,88.837837,4834000
2019-03-07,107.160004,107.349998,107.120003,107.290001,89.086937,6089100
2019-03-08,107.309998,107.470001,107.239998,107.430000,89.203148,4943100
2019-03-11,107.440002,107.470001,107.349998,107.440002,89.211441,5638300
2019-03-12,107.500000,107.669998,107.430000,107.639999,89.377525,5243400
2019-03-13,107.559998,107.610001,107.510002,107.589996,89.336014,2608800
2019-03-14,107.570000,107.580002,107.389999,107.430000,89.203148,2955400
2019-03-15,107.650002,107.739998,107.570000,107.699997,89.427330,2756900
2019-03-18,107.669998,107.699997,107.629997,107.680000,89.410744,2295500
2019-03-19,107.580002,107.709999,107.529999,107.620003,89.360962,2928300
2019-03-20,107.709999,108.089996,107.669998,108.059998,89.726273,4236200
2019-03-21,108.129997,108.180000,108.050003,108.080002,89.742874,4192700
2019-03-22,108.459999,108.760002,108.370003,108.620003,90.191261,2464100
2019-03-25,108.629997,108.989998,108.599998,108.820000,90.357346,4971300
2019-03-26,108.760002,108.930000,108.709999,108.839996,90.373932,3120500
2019-03-27,109.000000,109.180000,108.989998,109.070000,90.564934,3719600
2019-03-28,109.059998,109.139999,108.959999,109.080002,90.573212,6071000
2019-03-29,108.849998,109.070000,108.830002,109.070000,90.564934,5988300
2019-04-01,108.620003,108.620003,108.279999,108.309998,90.150398,11261700
2019-04-02,108.389999,108.459999,108.320000,108.430000,90.250290,8080100
2019-04-03,108.239998,108.320000,108.190002,108.230003,90.083809,3731100
2019-04-04,108.250000,108.320000,108.199997,108.309998,90.150398,3676900
2019-04-05,108.269997,108.410004,108.230003,108.389999,90.216995,2236600
2019-04-08,108.389999,108.400002,108.300003,108.339996,90.175407,9485300
2019-04-09,108.470001,108.519997,108.389999,108.400002,90.225304,3753800
2019-04-10,108.550003,108.639999,108.500000,108.610001,90.400124,4682000
2019-04-11,108.529999,108.529999,108.419998,108.480003,90.291931,2827700
2019-04-12,108.260002,108.349998,108.220001,108.269997,90.117149,2390600
2019-04-15,108.209999,108.300003,108.209999,108.250000,90.100449,2546200
2019-04-16,108.120003,108.209999,108.019997,108.059998,89.942337,4093900
2019-04-17,108.089996,108.190002,108.050003,108.050003,89.933990,3390200
2019-04-18,108.230003,108.290001,108.160004,108.190002,90.050522,2217200
2019-04-22,108.129997,108.160004,108.050003,108.059998,89.942337,5725600
2019-04-23,108.180000,108.279999,108.150002,108.250000,90.100449,3422700
2019-04-24,108.419998,108.529999,108.419998,108.500000,90.308556,3000000
2019-04-25,108.470001,108.550003,108.419998,108.489998,90.300224,2648100
2019-04-26,108.739998,108.750000,108.660004,108.709999,90.483292,2299900
2019-04-29,108.559998,108.620003,108.489998,108.519997,90.325188,2782600
2019-04-30,108.559998,108.680000,108.510002,108.589996,90.383469,7491500
2019-05-01,108.470001,108.760002,108.320000,108.400002,90.441872,6387900
2019-05-02,108.330002,108.330002,108.099998,108.160004,90.241638,3379400
2019-05-03,108.320000,108.419998,108.279999,108.339996,90.391800,2326300
2019-05-06,108.559998,108.570000,108.440002,108.480003,90.508606,4609100
2019-05-07,108.629997,108.699997,108.589996,108.610001,90.617081,3051400
2019-05-08,108.739998,108.809998,108.550003,108.589996,90.600365,5946400
2019-05-09,108.779999,108.809998,108.550003,108.650002,90.650452,4847600
2019-05-10,108.739998,108.820000,108.629997,108.669998,90.667122,5257500
2019-05-13,108.830002,108.980003,108.820000,108.849998,90.817291,6733800
2019-05-14,108.900002,108.970001,108.870003,108.940002,90.892395,6217000
2019-05-15,109.160004,109.180000,109.000000,109.129997,91.050949,2666500
2019-05-16,109.040001,109.040001,108.949997,109.000000,90.942474,2757000
2019-05-17,109.120003,109.150002,108.940002,109.029999,90.967476,2090800
2019-05-20,108.980003,109.059998,108.860001,108.879997,90.842316,2035000
2019-05-21,108.860001,108.910004,108.809998,108.870003,90.834007,2029800
2019-05-22,108.949997,109.089996,108.919998,109.050003,90.984177,3509900
2019-05-23,109.180000,109.500000,109.139999,109.370003,91.251137,4922500
2019-05-24,109.370003,109.449997,109.330002,109.410004,91.284554,2010300
2019-05-28,109.570000,109.650002,109.500000,109.570000,91.418045,6270100
2019-05-29,109.730003,109.849998,109.599998,109.599998,91.443062,5634400
2019-05-30,109.769997,109.940002,109.650002,109.889999,91.685020,3305200
2019-05-31,110.010002,110.639999,110.000000,110.400002,92.110542,9204100
2019-06-03,110.260002,110.519997,110.169998,110.400002,92.327995,7137500
2019-06-04,110.279999,110.379997,110.129997,110.300003,92.244354,5131700
2019-06-05,110.360001,110.470001,110.230003,110.239998,92.194138,3253500
2019-06-06,110.339996,110.419998,110.160004,110.220001,92.177467,2660400
2019-06-07,110.639999,110.669998,110.449997,110.529999,92.436668,3697100
2019-06-10,110.360001,110.360001,110.220001,110.239998,92.194138,3992900
2019-06-11,110.209999,110.250000,110.169998,110.220001,92.177467,4374600
2019-06-12,110.279999,110.410004,110.260002,110.360001,92.294510,2797600
2019-06-13,110.430000,110.620003,110.400002,110.599998,92.495270,2293200
2019-06-14,110.510002,110.629997,110.480003,110.570000,92.470123,1901200
2019-06-17,110.519997,110.599998,110.459999,110.540001,92.445091,3312600
2019-06-18,110.940002,110.970001,110.709999,110.839996,92.695930,3640300
2019-06-19,110.709999,111.220001,110.650002,111.220001,93.013733,2895900
2019-06-20,111.389999,111.570000,111.339996,111.410004,93.172653,4224300
2019-06-21,111.220001,111.260002,111.040001,111.120003,92.930115,4640200
2019-06-24,111.230003,111.379997,111.220001,111.320000,93.097374,3079800
2019-06-25,111.360001,111.440002,111.220001,111.339996,93.114105,3111100
2019-06-26,111.290001,111.309998,111.059998,111.089996,92.905014,3703200
2019-06-27,111.250000,111.410004,111.160004,111.400002,93.164284,2963600
2019-06-28,111.360001,111.470001,111.320000,111.349998,93.122467,9887800
2019-07-01,111.250000,111.269997,111.010002,111.180000,93.191208,4186800
2019-07-02,111.199997,111.410004,111.139999,111.379997,93.358871,5765400
2019-07-03,111.440002,111.599998,111.430000,111.559998,93.509735,1324800
2019-07-05,111.209999,111.209999,110.910004,111.089996,93.115768,2461200
2019-07-08,111.230003,111.260002,111.029999,111.029999,93.065437,3041400
2019-07-09,111.040001,111.059998,110.949997,111.000000,93.040321,2525800
2019-07-10,111.139999,111.160004,110.970001,111.080002,93.107391,4589800
2019-07-11,111.059998,111.059998,110.669998,110.669998,92.763725,3303700
2019-07-12,110.669998,110.849998,110.669998,110.790001,92.864304,3836300
2019-07-15,110.870003,110.959999,110.849998,110.949997,92.998390,3619000
2019-07-16,110.750000,110.830002,110.639999,110.830002,92.897835,2149100
2019-07-17,110.930000,111.139999,110.910004,111.120003,93.140915,2985600
2019-07-18,111.099998,111.330002,111.059998,111.300003,93.291779,5982200
2019-07-19,111.220001,111.290001,111.139999,111.169998,93.182846,3150800
2019-07-22,111.410004,111.410004,111.300003,111.309998,93.300148,2855100
2019-07-23,111.269997,111.320000,111.160004,111.199997,93.207924,2659300
2019-07-24,111.330002,111.410004,111.300003,111.360001,93.342056,2783300
2019-07-25,111.330002,111.330002,111.050003,111.190002,93.199585,2976800
2019-07-26,111.320000,111.320000,111.139999,111.209999,93.216347,4669000
2019-07-29,111.300003,111.349998,111.220001,111.260002,93.258263,4167100
2019-07-30,111.269997,111.330002,111.160004,111.250000,93.249863,2409300
2019-07-31,111.300003,111.589996,111.070000,111.300003,93.291779,10034500
2019-08-01,111.339996,111.949997,111.260002,111.910004,94.022728,5709100
2019-08-02,111.930000,112.040001,111.820000,111.949997,94.056328,3293700
2019-08-05,112.279999,112.580002,112.250000,112.440002,94.468025,7626600
2019-08-06,112.470001,112.760002,112.400002,112.739998,94.720032,5151800
2019-08-07,113.169998,113.290001,112.610001,112.680000,94.669647,9156600
2019-08-08,112.510002,112.820000,112.330002,112.790001,94.762077,3707200
2019-08-09,112.860001,112.949997,112.580002,112.639999,94.636032,2432300
2019-08-12,112.930000,113.190002,112.870003,113.050003,94.980492,2474900
2019-08-13,113.150002,113.150002,112.790001,112.889999,94.846100,3048200
2019-08-14,113.279999,113.379997,113.209999,113.239998,95.140160,2829900
2019-08-15,113.389999,113.910004,113.370003,113.760002,95.577011,2815600
2019-08-16,113.570000,113.690002,113.360001,113.669998,95.501411,5209000
2019-08-19,113.339996,113.459999,113.269997,113.370003,95.249359,2900800
2019-08-20,113.669998,113.699997,113.559998,113.680000,95.509811,2253600
2019-08-21,113.510002,113.830002,113.510002,113.620003,95.459435,3815400
2019-08-22,113.510002,113.680000,113.300003,113.320000,95.207336,6294900
2019-08-23,113.339996,113.910004,113.309998,113.779999,95.593826,3772100
2019-08-26,113.839996,113.949997,113.669998,113.730003,95.551826,5127200
2019-08-27,113.910004,114.120003,113.870003,114.089996,95.854263,3473400
2019-08-28,114.300003,114.300003,114.040001,114.099998,95.862709,5102500
2019-08-29,114.080002,114.080002,113.839996,114.029999,95.803871,2671000
2019-08-30,113.900002,114.150002,113.889999,114.129997,95.887863,4661600
2019-09-03,113.860001,114.120003,113.690002,113.839996,95.865166,6197400
2019-09-04,113.820000,114.080002,113.820000,114.040001,96.033577,3814300
2019-09-05,113.610001,113.669998,113.300003,113.550003,95.620956,5336500
2019-09-06,113.660004,113.720001,113.559998,113.669998,95.721985,3675200
2019-09-09,113.389999,113.389999,113.180000,113.190002,95.317802,2747400
2019-09-10,113.099998,113.129997,112.580002,112.580002,94.804100,3119300
2019-09-11,112.580002,112.709999,112.559998,112.599998,94.820930,2646900
2019-09-12,112.910004,112.910004,112.339996,112.419998,94.669319,4069600
2019-09-13,112.150002,112.269997,111.750000,111.750000,94.105171,2506400
2019-09-16,112.050003,112.150002,111.889999,112.050003,94.357758,2923500
2019-09-17,112.110001,112.370003,112.019997,112.220001,94.500969,2614200
2019-09-18,112.500000,112.699997,112.290001,112.349998,94.610420,2291300
2019-09-19,112.639999,112.660004,112.449997,112.510002,94.745163,2280000
2019-09-20,112.639999,112.940002,112.589996,112.919998,95.090401,2048300
2019-09-23,113.019997,113.239998,112.940002,112.970001,95.132553,3412000
2019-09-24,113.029999,113.360001,113.029999,113.279999,95.393562,2602500
2019-09-25,113.209999,113.230003,112.739998,112.809998,94.997780,3813800
2019-09-26,113.000000,113.099998,112.940002,113.000000,95.157791,4869400
2019-09-27,113.000000,113.169998,113.000000,113.139999,95.275673,4652500
2019-09-30,112.930000,113.269997,112.919998,113.169998,95.300911,6359800
2019-10-01,112.709999,113.250000,112.629997,113.120003,95.473976,5980200
2019-10-02,113.190002,113.309998,113.089996,113.199997,95.541466,8637000
2019-10-03,113.339996,113.739998,113.320000,113.639999,95.912827,4219100
2019-10-04,113.680000,113.830002,113.629997,113.820000,96.064743,3331200
2019-10-07,113.639999,113.709999,113.510002,113.510002,95.803116,2493000
2019-10-08,113.820000,113.820000,113.489998,113.550003,95.836899,3055700
2019-10-09,113.550003,113.559998,113.360001,113.489998,95.786217,3332800
2019-10-10,113.269997,113.330002,113.029999,113.099998,95.457092,4312400
2019-10-11,112.839996,112.849998,112.589996,112.730003,95.144798,3568600
2019-10-14,112.930000,112.930000,112.820000,112.919998,95.305176,1716600
2019-10-15,112.900002,112.919998,112.550003,112.550003,94.992867,4168600
2019-10-16,112.680000,112.790001,112.620003,112.750000,95.161682,2430600
2019-10-17,112.669998,112.860001,112.620003,112.720001,95.136391,2316400
2019-10-18,112.760002,112.910004,112.730003,112.800003,95.203903,1454200
2019-10-21,112.620003,112.709999,112.489998,112.489998,94.942253,4241600
2019-10-22,112.650002,112.739998,112.510002,112.660004,95.085739,2147400
2019-10-23,112.820000,112.879997,112.730003,112.750000,95.161682,1887800
2019-10-24,112.839996,112.949997,112.750000,112.779999,95.186989,1725800
2019-10-25,112.839996,112.849998,112.519997,112.620003,95.051941,2486600
2019-10-28,112.419998,112.440002,112.309998,112.379997,94.849403,2948300
2019-10-29,112.480003,112.500000,112.349998,112.389999,94.857841,2384700
2019-10-30,112.449997,112.750000,112.430000,112.709999,95.127914,2381400
2019-10-31,112.980003,113.300003,112.889999,113.150002,95.499306,5399100
2019-11-01,112.980003,113.110001,112.809998,112.930000,95.525497,3988300
2019-11-04,112.709999,112.720001,112.589996,112.650002,95.288673,2662700
2019-11-05,112.349998,112.379997,112.150002,112.230003,94.933395,3205500
2019-11-06,112.400002,112.510002,112.260002,112.400002,95.077202,3840500
2019-11-07,112.120003,112.120003,111.639999,111.870003,94.628853,4022400
2019-11-08,111.870003,112.099998,111.809998,111.809998,94.578117,3866100
2019-11-11,111.959999,111.959999,111.779999,111.830002,94.595039,1559900
2019-11-12,111.919998,112.029999,111.800003,111.949997,94.696526,2032800
2019-11-13,112.199997,112.230003,112.080002,112.150002,94.865707,2570200
2019-11-14,112.500000,112.570000,112.430000,112.470001,95.136436,2901000
2019-11-15,112.459999,112.459999,112.379997,112.410004,95.085670,4400400
2019-11-18,112.559998,112.650002,112.519997,112.620003,95.263260,5757900
2019-11-19,112.629997,112.760002,112.599998,112.699997,95.330956,2210700
2019-11-20,112.830002,112.980003,112.809998,112.970001,95.559387,3474400
2019-11-21,112.800003,112.889999,112.720001,112.809998,95.424004,6522800
2019-11-22,112.889999,112.900002,112.760002,112.870003,95.474770,2507000
2019-11-25,112.910004,113.010002,112.889999,112.980003,95.567833,4251200
2019-11-26,113.089996,113.160004,113.080002,113.139999,95.703125,2382200
2019-11-27,113.029999,113.070000,112.959999,113.000000,95.584709,3437300
2019-11-29,113.010002,113.019997,112.849998,112.860001,95.466309,4059000
2019-12-02,112.309998,112.510002,112.290001,112.489998,95.361183,9325100
2019-12-03,112.800003,113.129997,112.760002,113.000000,95.793510,5283800
2019-12-04,112.870003,112.949997,112.680000,112.809998,95.632454,5806500
2019-12-05,112.580002,112.739998,112.529999,112.680000,95.522224,4374700
2019-12-06,112.470001,112.680000,112.410004,112.519997,95.386604,4648200
2019-12-09,112.690002,112.720001,112.570000,112.580002,95.437469,7398300
2019-12-10,112.669998,112.669998,112.489998,112.540001,95.403557,3761100
2019-12-11,112.669998,112.900002,112.610001,112.839996,95.657845,3764500
2019-12-12,112.790001,112.790001,112.220001,112.360001,95.250977,5080100
2019-12-13,112.580002,112.860001,112.400002,112.809998,95.632454,5911000
2019-12-16,112.680000,112.690002,112.500000,112.580002,95.437469,5012100
2019-12-17,112.690002,112.699997,112.519997,112.589996,95.445946,3016300
2019-12-18,112.550003,112.559998,112.360001,112.370003,95.259468,6516300
2019-12-19,112.190002,112.360001,112.129997,112.300003,95.362190,5613800
2019-12-20,112.209999,112.330002,112.150002,112.320000,95.379173,8809200
2019-12-23,112.379997,112.389999,112.180000,112.239998,95.311241,3148600
2019-12-24,112.169998,112.400002,112.129997,112.379997,95.430138,1887800
2019-12-26,112.419998,112.489998,112.320000,112.480003,95.515038,6072100
2019-12-27,112.599998,112.639999,112.580002,112.629997,95.642441,4733800
2019-12-30,112.419998,112.650002,112.339996,112.629997,95.642441,3979100
2019-12-31,112.540001,112.540001,112.370003,112.370003,95.421654,6807600
2020-01-02,112.680000,112.800003,112.559998,112.680000,95.684883,6791400
2020-01-03,112.889999,113.050003,112.779999,113.010002,95.965103,3664300
2020-01-06,113.129997,113.129997,112.839996,112.919998,95.888649,8131600
2020-01-07,112.919998,112.919998,112.779999,112.800003,95.786797,2883000
2020-01-08,112.849998,112.940002,112.550003,112.669998,95.676399,7323100
2020-01-09,112.489998,112.790001,112.459999,112.790001,95.778275,9110900
2020-01-10,112.900002,112.989998,112.820000,112.980003,95.939667,4198100
2020-01-13,112.889999,112.940002,112.830002,112.910004,95.880188,4465300
2020-01-14,112.970001,113.019997,112.930000,113.010002,95.965103,3625400
2020-01-15,113.180000,113.190002,113.070000,113.180000,96.109451,3896300
2020-01-16,113.160004,113.209999,113.050003,113.180000,96.109451,2801400
2020-01-17,113.019997,113.099998,112.970001,113.050003,95.999077,3003300
2020-01-21,113.250000,113.410004,113.220001,113.370003,96.270805,4672100
2020-01-22,113.440002,113.489998,113.389999,113.430000,96.321739,3627200
2020-01-23,113.639999,113.699997,113.580002,113.580002,96.449142,3429500
2020-01-24,113.680000,113.889999,113.669998,113.790001,96.627457,4199800
2020-01-27,114.139999,114.160004,114.050003,114.139999,96.924675,4790000
2020-01-28,114.099998,114.160004,113.949997,114.040001,96.839783,4463800
2020-01-29,114.129997,114.349998,114.110001,114.300003,97.060547,2890200
2020-01-30,114.279999,114.540001,114.239998,114.309998,97.069008,6885600
2020-01-31,114.480003,114.669998,114.379997,114.650002,97.357758,5281900
2020-02-03,114.199997,114.410004,114.080002,114.370003,97.326302,7214200
2020-02-04,114.099998,114.099998,113.889999,113.989998,97.002899,5290800
2020-02-05,113.820000,113.870003,113.760002,113.820000,96.858200,6066900
2020-02-06,113.820000,113.930000,113.769997,113.889999,96.917770,6838700
2020-02-07,114.199997,114.279999,114.099998,114.220001,97.198608,5224200
2020-02-10,114.440002,114.440002,114.290001,114.349998,97.309227,8187800
2020-02-11,114.349998,114.349998,114.190002,114.209999,97.190109,5633400
2020-02-12,114.120003,114.139999,114.029999,114.089996,97.087959,6373700
2020-02-13,114.110001,114.239998,114.099998,114.169998,97.156059,5214400
2020-02-14,114.349998,114.379997,114.269997,114.290001,97.258179,4004900
2020-02-18,114.480003,114.559998,114.339996,114.440002,97.385841,4874800
2020-02-19,114.400002,114.470001,114.330002,114.410004,97.360283,3692200
2020-02-20,114.529999,114.680000,114.489998,114.669998,97.581573,4056000
2020-02-21,114.860001,115.099998,114.839996,114.900002,97.777275,4492700
2020-02-24,115.430000,115.430000,115.230003,115.269997,98.092155,7490100
2020-02-25,115.279999,115.580002,115.269997,115.470001,98.262337,7474600
2020-02-26,115.320000,115.610001,115.260002,115.349998,98.160225,4763000
2020-02-27,115.750000,115.750000,115.349998,115.370003,98.177223,11606400
2020-02-28,115.879997,116.339996,115.760002,116.220001,98.900574,17243000
2020-03-02,116.290001,116.440002,115.889999,115.940002,98.865623,13198200
2020-03-03,116.050003,117.260002,116.010002,116.730003,99.539268,12541000
2020-03-04,116.830002,117.120003,116.529999,116.639999,99.462509,6285300
2020-03-05,116.989998,117.230003,116.930000,117.000000,99.769470,6802800
2020-03-06,118.180000,118.269997,117.500000,117.860001,100.502853,17456400
2020-03-09,119.269997,119.269997,117.000000,117.709999,100.374947,13666700
2020-03-10,117.410004,117.680000,116.169998,116.379997,99.240784,18694100
2020-03-11,116.699997,116.790001,114.550003,114.720001,97.825294,13053300
2020-03-12,113.980003,114.750000,109.059998,110.129997,93.911232,18684800
2020-03-13,111.529999,112.459999,110.250000,111.860001,95.386459,24960500
2020-03-16,111.370003,113.949997,110.459999,113.730003,96.981064,12310300
2020-03-17,112.889999,113.919998,110.589996,110.790001,94.474060,15737200
2020-03-18,109.360001,110.570000,105.769997,106.570000,90.875519,17061700
2020-03-19,106.470001,109.220001,105.559998,108.949997,92.905029,11720200
2020-03-20,108.459999,110.239998,108.459999,110.029999,93.825958,16503700
2020-03-23,109.900002,112.940002,109.000000,112.639999,96.051590,12572200
2020-03-24,111.519997,113.570000,111.080002,113.570000,96.844650,10253600
2020-03-25,114.000000,114.750000,113.699997,114.730003,97.833847,10999700
2020-03-26,114.199997,115.389999,114.199997,115.080002,98.132233,16611400
2020-03-27,114.779999,115.580002,114.529999,115.570000,98.550117,10841600
2020-03-30,115.769997,116.260002,115.620003,115.680000,98.643906,13340200
2020-03-31,115.709999,115.980003,115.230003,115.370003,98.379539,14018600
2020-04-01,115.379997,115.400002,114.650002,114.730003,98.045425,14192100
2020-04-02,115.019997,115.220001,114.699997,114.900002,98.190712,11565400
2020-04-03,114.949997,115.129997,114.279999,114.980003,98.259094,9786700
2020-04-06,115.019997,115.610001,115.019997,115.540001,98.737602,8457700
2020-04-07,115.610001,115.739998,115.360001,115.699997,98.874367,7743900
2020-04-08,115.699997,115.970001,115.550003,115.809998,98.968323,4674200
2020-04-09,116.500000,117.250000,116.169998,117.250000,100.198944,5584100
2020-04-13,117.089996,117.169998,116.529999,116.699997,99.728973,5738300
2020-04-14,116.989998,117.000000,116.589996,116.760002,99.780220,5506700
2020-04-15,117.029999,117.309998,116.709999,117.239998,100.190407,4367400
2020-04-16,117.190002,117.529999,117.190002,117.389999,100.318581,4744700
2020-04-17,117.519997,117.620003,117.040001,117.250000,100.198944,4949800
2020-04-20,117.150002,117.279999,116.940002,117.080002,100.053665,3847900
2020-04-21,117.430000,117.440002,117.070000,117.139999,100.104965,4660500
2020-04-22,117.160004,117.239998,116.940002,117.139999,100.104965,4647200
2020-04-23,117.330002,117.449997,117.190002,117.419998,100.344223,4331100
2020-04-24,117.220001,117.389999,117.199997,117.360001,100.292938,3161600
2020-04-27,117.209999,117.360001,116.820000,116.820000,99.831490,5576300
2020-04-28,117.269997,117.449997,117.120003,117.279999,100.224586,5889800
2020-04-29,117.290001,117.480003,117.199997,117.360001,100.292938,4653100
2020-04-30,117.379997,117.489998,117.070000,117.099998,100.070763,10487500
2020-05-01,116.970001,117.099998,116.680000,116.870003,100.075935,6099500
2020-05-04,116.889999,117.089996,116.870003,116.970001,100.161530,3684100
2020-05-05,116.959999,116.970001,116.809998,116.879997,100.084496,4611500
2020-05-06,116.440002,116.709999,116.300003,116.410004,99.682022,6394900
2020-05-07,116.610001,116.769997,116.419998,116.769997,99.990227,3786700
2020-05-08,116.680000,116.760002,116.349998,116.459999,99.724800,3241500
2020-05-11,116.400002,116.430000,116.070000,116.110001,99.425102,5249500
2020-05-12,116.459999,116.599998,116.230003,116.410004,99.682022,6161500
2020-05-13,116.629997,116.760002,116.449997,116.599998,99.844696,4425900
2020-05-14,116.910004,116.970001,116.720001,116.959999,100.153000,5698900
2020-05-15,117.040001,117.089996,116.900002,117.029999,100.212883,5897900
2020-05-18,116.970001,117.089996,116.660004,116.860001,100.067360,5037100
2020-05-19,116.910004,117.029999,116.809998,116.989998,100.178642,4929500
2020-05-20,117.029999,117.339996,117.000000,117.290001,100.435547,4579200
2020-05-21,117.349998,117.480003,117.320000,117.379997,100.512611,5143700
2020-05-22,117.599998,117.599998,117.389999,117.440002,100.563988,2794000
2020-05-26,117.379997,117.440002,117.239998,117.250000,100.401283,6164700
2020-05-27,117.500000,117.540001,117.300003,117.419998,100.546844,4772900
2020-05-28,117.139999,117.349998,117.139999,117.339996,100.478325,11140200
2020-05-29,117.430000,117.709999,117.320000,117.650002,100.743797,9228700
2020-06-01,117.349998,117.400002,117.239998,117.370003,100.687187,5580000
2020-06-02,117.379997,117.470001,117.309998,117.470001,100.772980,4286800
2020-06-03,117.260002,117.410004,117.059998,117.180000,100.524223,6077600
2020-06-04,117.269997,117.300003,116.820000,116.830002,100.223930,5002700
2020-06-05,116.750000,116.910004,116.480003,116.900002,100.284004,5166300
2020-06-08,116.809998,117.110001,116.750000,117.029999,100.395493,8551800
2020-06-09,117.309998,117.330002,117.180000,117.180000,100.524223,5512300
2020-06-10,117.250000,117.680000,117.190002,117.660004,100.936005,4680800
2020-06-11,117.730003,117.800003,117.440002,117.459999,100.764359,7438800
2020-06-12,117.599998,117.699997,117.440002,117.580002,100.867348,4571800
2020-06-15,117.720001,117.980003,117.610001,117.970001,101.201904,5870000
2020-06-16,117.980003,118.000000,117.589996,117.739998,101.004578,5327400
2020-06-17,117.739998,117.760002,117.470001,117.639999,100.918839,3696000
2020-06-18,117.879997,117.879997,117.639999,117.760002,101.021767,3356800
2020-06-19,117.800003,117.970001,117.739998,117.800003,101.056107,2917400
2020-06-22,118.000000,118.000000,117.730003,117.769997,101.030319,3445700
2020-06-23,117.790001,117.830002,117.690002,117.750000,101.013206,3991400
2020-06-24,117.699997,117.839996,117.610001,117.730003,100.996017,5040100
2020-06-25,117.940002,117.949997,117.800003,117.870003,101.116119,4723300
2020-06-26,117.989998,118.080002,117.849998,118.010002,101.236183,5683400
2020-06-29,118.010002,118.110001,117.949997,118.110001,101.322021,3517200
2020-06-30,118.279999,118.320000,117.980003,118.209999,101.407814,7451100
2020-07-01,117.900002,118.070000,117.760002,118.050003,101.461960,6746500
2020-07-02,118.050003,118.209999,117.989998,118.190002,101.582260,3614300
2020-07-06,118.180000,118.209999,118.000000,118.180000,101.573662,5945100
2020-07-07,118.230003,118.379997,118.059998,118.360001,101.728394,5454700
2020-07-08,118.349998,118.449997,118.220001,118.320000,101.693977,5026800
2020-07-09,118.400002,118.699997,118.360001,118.629997,101.960442,3804000
2020-07-10,118.830002,118.830002,118.449997,118.489998,101.840111,3133900
2020-07-13,118.459999,118.529999,118.370003,118.480003,101.831520,4803200
2020-07-14,118.580002,118.739998,118.580002,118.669998,101.994804,3986700
2020-07-15,118.500000,118.699997,118.500000,118.680000,102.003418,3403600
2020-07-16,118.830002,118.889999,118.739998,118.760002,102.072197,3526900
2020-07-17,118.940002,118.989998,118.769997,118.879997,102.175301,2549100
2020-07-20,119.029999,119.059998,118.910004,119.010002,102.287056,3989200
2020-07-21,119.099998,119.099998,119.010002,119.080002,102.347237,6098200
2020-07-22,119.220001,119.269997,119.110001,119.180000,102.433159,6296600
2020-07-23,119.349998,119.389999,119.250000,119.320000,102.553497,12117200
2020-07-24,119.260002,119.410004,119.190002,119.279999,102.519081,11071700
2020-07-27,119.400002,119.419998,119.150002,119.199997,102.450348,5606100
2020-07-28,119.300003,119.349998,119.220001,119.279999,102.519081,6080700
2020-07-29,119.300003,119.430000,119.239998,119.419998,102.639458,9727900
2020-07-30,119.510002,119.540001,119.449997,119.510002,102.716789,3052800
2020-07-31,119.449997,119.629997,119.400002,119.559998,102.759705,5277900
2020-08-03,119.370003,119.400002,119.190002,119.400002,102.800240,13013600
2020-08-04,119.419998,119.629997,119.419998,119.629997,102.998238,10935200
2020-08-05,119.389999,119.489998,119.309998,119.400002,102.800240,17345700
2020-08-06,119.620003,119.730003,119.529999,119.570000,102.946587,4608600
2020-08-07,119.660004,119.730003,119.400002,119.430000,102.826073,5559100
2020-08-10,119.620003,119.639999,119.279999,119.320000,102.731369,5152700
2020-08-11,119.110001,119.209999,118.839996,118.989998,102.447227,7809900
2020-08-12,118.730003,118.889999,118.650002,118.750000,102.240616,5524500
2020-08-13,118.779999,118.779999,118.239998,118.309998,101.861748,8023700
2020-08-14,118.430000,118.489998,118.199997,118.199997,101.767067,4556500
2020-08-17,118.379997,118.470001,118.309998,118.360001,101.904831,4523900
2020-08-18,118.430000,118.599998,118.419998,118.529999,102.051147,4765800
2020-08-19,118.650002,118.699997,118.339996,118.349998,101.896210,4541000
2020-08-20,118.580002,118.709999,118.559998,118.559998,102.077011,4487500
2020-08-21,118.739998,118.760002,118.550003,118.680000,102.180328,6373300
2020-08-24,118.720001,118.820000,118.599998,118.629997,102.137268,4620900
2020-08-25,118.349998,118.459999,118.180000,118.379997,101.922005,4002300
2020-08-26,118.349998,118.419998,118.209999,118.360001,101.904831,5139800
2020-08-27,118.550003,118.559998,117.949997,117.949997,101.551826,5609400
2020-08-28,118.080002,118.160004,117.989998,118.110001,101.689590,6467400
2020-08-31,118.139999,118.510002,118.139999,118.370003,101.913467,10894500
2020-09-01,118.120003,118.440002,118.000000,118.419998,102.124687,9843200
2020-09-02,118.419998,118.709999,118.339996,118.660004,102.331688,4838500
2020-09-03,118.730003,118.870003,118.620003,118.690002,102.357552,6856700
2020-09-04,118.410004,118.519997,118.080002,118.099998,101.848755,5366800
2020-09-08,118.339996,118.459999,118.199997,118.230003,101.960861,8894000
2020-09-09,118.389999,118.389999,118.040001,118.220001,101.952225,7824800
2020-09-10,118.150002,118.290001,118.019997,118.230003,101.960861,4932600
2020-09-11,118.419998,118.489998,118.239998,118.370003,102.081612,8200400
2020-09-14,118.470001,118.489998,118.309998,118.379997,102.090202,6394200
2020-09-15,118.290001,118.430000,118.290001,118.389999,102.098831,4163000
2020-09-16,118.529999,118.529999,118.199997,118.330002,102.047104,6452500
2020-09-17,118.500000,118.519997,118.330002,118.360001,102.072975,4882200
2020-09-18,118.440002,118.440002,118.180000,118.220001,101.952225,5149400
2020-09-21,118.410004,118.419998,118.239998,118.239998,101.969467,6191900
2020-09-22,118.250000,118.379997,118.239998,118.330002,102.047104,4390200
2020-09-23,118.349998,118.349998,118.070000,118.080002,101.831520,5392900
2020-09-24,118.010002,118.160004,118.010002,118.089996,101.840134,4145000
2020-09-25,118.120003,118.169998,118.050003,118.129997,101.874603,5138200
2020-09-28,118.180000,118.230003,118.110001,118.230003,101.960861,5830400
2020-09-29,118.279999,118.330002,118.209999,118.250000,101.978096,5301700
2020-09-30,118.260002,118.260002,117.949997,118.059998,101.814240,6090800
2020-10-01,117.809998,118.040001,117.750000,118.019997,101.954193,9741800
2020-10-02,118.029999,118.040001,117.809998,117.900002,101.850548,5599500
2020-10-05,117.739998,117.739998,117.519997,117.519997,101.522293,4890800
2020-10-06,117.599998,117.839996,117.489998,117.620003,101.608665,4338600
2020-10-07,117.529999,117.660004,117.449997,117.540001,101.539543,4801700
2020-10-08,117.669998,117.709999,117.589996,117.690002,101.669113,4236000
2020-10-09,117.650002,117.739998,117.500000,117.720001,101.695053,2909300
2020-10-12,117.849998,117.949997,117.769997,117.949997,101.893745,2999300
2020-10-13,118.010002,118.070000,117.930000,117.980003,101.919632,3421700
2020-10-14,118.099998,118.110001,117.989998,118.050003,101.980133,4919700
2020-10-15,118.150002,118.150002,117.949997,117.949997,101.893745,5459200
2020-10-16,117.989998,118.080002,117.879997,117.889999,101.841866,3931500
2020-10-19,117.809998,117.870003,117.720001,117.750000,101.720963,4685000
2020-10-20,117.699997,117.709999,117.580002,117.650002,101.634575,4013600
2020-10-21,117.589996,117.639999,117.480003,117.510002,101.513596,3688300
2020-10-22,117.510002,117.540001,117.300003,117.300003,101.332191,4801000
2020-10-23,117.300003,117.519997,117.300003,117.470001,101.479088,3878700
2020-10-26,117.650002,117.720001,117.589996,117.629997,101.617271,4962500
2020-10-27,117.800003,117.910004,117.730003,117.900002,101.850548,5694100
2020-10-28,117.809998,117.959999,117.720001,117.730003,101.703674,7329200
2020-10-29,117.760002,117.769997,117.400002,117.519997,101.522293,11775800
2020-10-30,117.449997,117.519997,117.199997,117.199997,101.245804,10610000
2020-11-02,117.269997,117.349998,117.180000,117.220001,101.429260,6667900
2020-11-03,117.220001,117.220001,117.050003,117.169998,101.386017,7519700
2020-11-04,117.900002,118.040001,117.830002,117.949997,102.060944,5308700
2020-11-05,118.089996,118.120003,117.910004,118.059998,102.156120,5293900
2020-11-06,117.809998,117.860001,117.669998,117.800003,101.931129,5929700
2020-11-09,117.400002,117.470001,117.059998,117.250000,101.455238,6625300
2020-11-10,117.050003,117.230003,117.029999,117.059998,101.290833,5146300
2020-11-11,117.059998,117.180000,117.019997,117.129997,101.351364,3044300
2020-11-12,117.370003,117.629997,117.330002,117.620003,101.775375,7740800
2020-11-13,117.519997,117.690002,117.519997,117.639999,101.792686,5125300
2020-11-16,117.610001,117.669998,117.580002,117.629997,101.784019,7951400
2020-11-17,117.750000,117.900002,117.750000,117.870003,101.991745,4650100
2020-11-18,117.949997,117.989998,117.889999,117.949997,102.060944,6191100
2020-11-19,118.080002,118.260002,118.029999,118.169998,102.251289,6680800
2020-11-20,118.190002,118.339996,118.129997,118.290001,102.355103,7217400
2020-11-23,118.279999,118.300003,118.169998,118.260002,102.329178,4739000
2020-11-24,118.239998,118.279999,118.070000,118.099998,102.190697,4696800
2020-11-25,118.150002,118.209999,118.019997,118.059998,102.156120,4125000
2020-11-27,118.250000,118.290001,118.220001,118.260002,102.329178,3436200
2020-11-30,118.320000,118.449997,118.250000,118.419998,102.467590,8688500
2020-12-01,118.029999,118.099998,117.730003,117.839996,102.143394,5190800
2020-12-02,117.809998,117.809998,117.540001,117.709999,102.030762,6121000
2020-12-03,117.919998,117.980003,117.769997,117.910004,102.204124,5198400
2020-12-04,117.900002,117.900002,117.510002,117.589996,101.926727,5896100
2020-12-07,117.760002,117.830002,117.690002,117.769997,102.082726,6127800
2020-12-08,117.879997,117.959999,117.750000,117.779999,102.091423,6807000
2020-12-09,117.730003,117.779999,117.519997,117.610001,101.944031,6975700
2020-12-10,117.739998,117.930000,117.690002,117.900002,102.195457,6192200
2020-12-11,118.010002,118.089996,117.949997,118.029999,102.308121,5636100
2020-12-14,117.860001,118.029999,117.800003,117.959999,102.247452,4705600
2020-12-15,117.949997,118.029999,117.900002,118.029999,102.308121,4217800
2020-12-16,117.830002,118.029999,117.760002,117.980003,102.264763,4467900
2020-12-17,118.010002,118.059998,117.730003,117.849998,102.260429,6610400
2020-12-18,117.970001,117.970001,117.760002,117.790001,102.208374,3874700
2020-12-21,117.919998,117.959999,117.750000,117.790001,102.208374,4818300
2020-12-22,117.879997,117.980003,117.830002,117.959999,102.355904,4516500
2020-12-23,117.809998,117.879997,117.629997,117.879997,102.286438,4157700
2020-12-24,117.940002,118.050003,117.930000,117.989998,102.381920,2214500
2020-12-28,117.970001,118.050003,117.830002,118.010002,102.399284,4567200
2020-12-29,118.059998,118.059998,117.919998,118.029999,102.416634,4300100
2020-12-30,118.089996,118.120003,117.980003,118.099998,102.477379,2762200
2020-12-31,118.180000,118.239998,118.120003,118.190002,102.555489,4834700
2021-01-04,118.080002,118.139999,117.989998,118.040001,102.425270,6414100
2021-01-05,118.059998,118.059998,117.750000,117.919998,102.321159,7477900
2021-01-06,117.900002,117.900002,117.150002,117.339996,101.817902,10687200
2021-01-07,117.129997,117.260002,117.070000,117.220001,101.713783,6639400
2021-01-08,117.180000,117.339996,116.980003,117.080002,101.592323,7335700
2021-01-11,117.019997,117.050003,116.889999,116.889999,101.427422,8610100
2021-01-12,116.820000,116.989998,116.680000,116.989998,101.514198,7269600
2021-01-13,117.629997,117.629997,117.080002,117.360001,101.835228,6788500
2021-01-14,117.370003,117.449997,117.080002,117.129997,101.635666,6610500
2021-01-15,117.339996,117.360001,117.180000,117.250000,101.739799,6447700
2021-01-19,117.269997,117.419998,117.220001,117.410004,101.878670,7601100
2021-01-20,117.349998,117.430000,117.309998,117.419998,101.887299,6229100
2021-01-21,117.220001,117.300003,117.139999,117.250000,101.739799,8301000
2021-01-22,117.290001,117.320000,117.190002,117.250000,101.739799,3513700
2021-01-25,117.389999,117.559998,117.360001,117.550003,102.000145,4049000
2021-01-26,117.459999,117.589996,117.430000,117.510002,101.965416,3639500
2021-01-27,117.610001,117.669998,117.040001,117.519997,101.974083,3619100
2021-01-28,117.480003,117.489998,117.290001,117.440002,101.904701,6176500
2021-01-29,117.160004,117.400002,116.559998,117.309998,101.791870,12164800
2021-02-01,117.199997,117.260002,117.089996,117.230003,101.889229,6621900
2021-02-02,116.989998,117.089996,116.970001,117.050003,101.732796,7323400
2021-02-03,116.970001,116.989998,116.870003,116.910004,101.611069,5492400
2021-02-04,116.750000,116.889999,116.690002,116.860001,101.567627,5287400
2021-02-05,116.910004,116.959999,116.699997,116.709999,101.437263,3446600
2021-02-08,116.750000,116.930000,116.720001,116.830002,101.541557,4704200
2021-02-09,116.940002,116.970001,116.820000,116.879997,101.585007,4533400
2021-02-10,116.970001,117.010002,116.919998,116.989998,101.680634,4378300
2021-02-11,117.029999,117.029999,116.800003,116.849998,101.558937,3470800
2021-02-12,116.669998,116.739998,116.540001,116.580002,101.324249,3284900
2021-02-16,116.220001,116.230003,116.019997,116.029999,100.846252,5682700
2021-02-17,116.220001,116.290001,116.150002,116.260002,101.046158,6304100
2021-02-18,116.139999,116.279999,116.029999,116.199997,100.993973,5333500
2021-02-19,116.019997,116.059998,115.750000,115.839996,100.681145,4673100
2021-02-22,115.760002,115.870003,115.480003,115.480003,100.368210,4894200
2021-02-23,115.750000,115.750000,115.269997,115.510002,100.394279,6035200
2021-02-24,115.059998,115.500000,115.010002,115.470001,100.359512,6232300
2021-02-25,115.010002,115.290001,114.199997,114.410004,99.438286,14926900
2021-02-26,114.959999,115.389999,114.589996,115.339996,100.246536,11333400
2021-03-01,114.970001,115.589996,114.889999,115.089996,100.194305,13018100
2021-03-02,115.040001,115.120003,114.949997,115.110001,100.211723,10111300
2021-03-03,114.800003,114.830002,114.599998,114.690002,99.846069,10317500
2021-03-04,114.790001,114.800003,114.260002,114.360001,99.558792,5953600
2021-03-05,114.169998,114.320000,114.050003,114.279999,99.489143,8675700
2021-03-08,114.199997,114.230003,113.830002,113.830002,99.097374,5639400
2021-03-09,114.199997,114.309998,114.000000,114.260002,99.471725,5676800
2021-03-10,114.300003,114.500000,114.279999,114.449997,99.637154,6936900
2021-03-11,114.470001,114.540001,114.300003,114.440002,99.628433,8827800
2021-03-12,113.879997,113.910004,113.709999,113.790001,99.062576,5066800
2021-03-15,113.599998,114.010002,113.599998,113.910004,99.167023,5000500
2021-03-16,113.970001,114.029999,113.779999,113.870003,99.132202,3990900
2021-03-17,113.550003,113.980003,113.480003,113.860001,99.123497,6229800
2021-03-18,113.320000,113.550003,113.199997,113.419998,98.740448,6222200
2021-03-19,113.400002,113.540001,113.330002,113.510002,98.818802,4701400
2021-03-22,113.699997,113.800003,113.599998,113.730003,99.010300,5468600
2021-03-23,113.889999,114.040001,113.769997,114.019997,99.262802,5524900
2021-03-24,113.900002,114.199997,113.860001,114.160004,99.384697,6352600
2021-03-25,114.239998,114.290001,113.989998,114.099998,99.332428,5178000
2021-03-26,113.910004,114.080002,113.860001,113.910004,99.167023,4333900
2021-03-29,113.519997,114.000000,113.519997,113.720001,99.001625,7630800
2021-03-30,113.639999,113.849998,113.529999,113.809998,99.079964,4996900
2021-03-31,113.839996,113.980003,113.709999,113.830002,99.097374,6309200
2021-04-01,113.930000,114.050003,113.830002,114.040001,99.430458,10767200
2021-04-05,113.779999,113.889999,113.690002,113.809998,99.229897,9230100
2021-04-06,113.980003,114.220001,113.949997,114.209999,99.578667,4864100
2021-04-07,114.120003,114.300003,114.029999,114.029999,99.421722,4505600
2021-04-08,114.180000,114.309998,114.129997,114.309998,99.665855,4932100
2021-04-09,114.110001,114.330002,114.040001,114.180000,99.552505,7467100
2021-04-12,114.169998,114.169998,114.000000,114.150002,99.526367,3844900
2021-04-13,114.120003,114.480003,114.110001,114.480003,99.814087,4040500
2021-04-14,114.410004,114.440002,114.279999,114.389999,99.735596,3620500
2021-04-15,113.779999,114.980003,113.779999,114.839996,100.127953,6753200
2021-04-16,114.559998,114.669998,114.500000,114.540001,99.866356,3663600
2021-04-19,114.000000,114.500000,114.000000,114.449997,99.787918,5072800
2021-04-20,114.419998,114.669998,114.389999,114.629997,99.944847,4322200
2021-04-21,114.599998,114.739998,114.529999,114.739998,100.040741,5511300
2021-04-22,114.739998,114.800003,114.589996,114.769997,100.066902,4570700
2021-04-23,114.809998,115.089996,114.639999,114.750000,100.049484,3620700
2021-04-26,114.739998,114.800003,114.650002,114.650002,99.962311,3480300
2021-04-27,115.129997,115.129997,114.370003,114.370003,99.718170,3823300
2021-04-28,114.449997,114.470001,114.199997,114.430000,99.770470,7078600
2021-04-29,114.139999,114.370003,114.089996,114.370003,99.718170,6254100
2021-04-30,114.410004,114.519997,114.330002,114.489998,99.822807,6469500
2021-05-03,114.400002,114.589996,114.330002,114.389999,99.886528,5939500
2021-05-04,114.550003,114.699997,114.410004,114.529999,100.008781,6291300
2021-05-05,114.449997,114.620003,114.449997,114.620003,100.087410,3329000
2021-05-06,114.550003,114.709999,114.529999,114.639999,100.104866,4739400
2021-05-07,114.849998,114.970001,114.570000,114.610001,100.078629,7005200
2021-05-10,114.610001,114.720001,114.400002,114.430000,99.921455,5576500
2021-05-11,114.230003,114.379997,114.129997,114.180000,99.703163,6161400
2021-05-12,113.980003,114.010002,113.779999,113.779999,99.353889,7000800
2021-05-13,113.900002,114.059998,113.779999,114.040001,99.580925,6772300
2021-05-14,114.220001,114.300003,114.120003,114.300003,99.807930,3985500
2021-05-17,114.209999,114.250000,114.150002,114.199997,99.720604,4926600
2021-05-18,114.110001,114.110001,114.029999,114.059998,99.598396,3674600
2021-05-19,114.620003,114.620003,113.790001,113.900002,99.458664,6892400
2021-05-20,114.080002,114.300003,114.080002,114.290001,99.799225,6243300
2021-05-21,114.360001,114.400002,114.230003,114.339996,99.842865,3873200
2021-05-24,114.500000,114.510002,114.379997,114.449997,99.938927,3867700
2021-05-25,114.580002,114.750000,114.029999,114.730003,100.183441,6351700
2021-05-26,114.129997,114.800003,114.129997,114.690002,100.148506,3969400
2021-05-27,114.610001,114.620003,114.449997,114.550003,100.026237,5072300
2021-05-28,114.550003,114.680000,114.500000,114.550003,100.026237,6768200
2021-06-01,114.360001,114.400002,114.160004,114.330002,99.979897,6209800
2021-06-02,114.449997,114.510002,114.300003,114.480003,100.111099,6103900
2021-06-03,114.309998,114.459999,114.209999,114.209999,99.874969,3464300
2021-06-04,114.389999,114.680000,114.220001,114.680000,100.286003,4535800
2021-06-07,113.970001,114.639999,113.970001,114.599998,100.216003,3728400
2021-06-08,114.839996,114.870003,114.779999,114.809998,100.399651,4395100
2021-06-09,115.430000,115.430000,114.970001,115.040001,100.600777,3643100
2021-06-10,115.300003,115.309998,114.860001,115.279999,100.810669,4021900
2021-06-11,115.309998,115.320000,115.160004,115.230003,100.766953,3781900
2021-06-14,115.180000,115.180000,114.940002,114.940002,100.513329,3270800
2021-06-15,114.900002,115.019997,114.870003,114.989998,100.557091,8230400
2021-06-16,115.070000,115.129997,114.510002,114.620003,100.233482,8654200
2021-06-17,114.790001,115.250000,114.790001,114.980003,100.548325,7641700
2021-06-18,115.050003,115.389999,114.910004,115.290001,100.819397,5690400
2021-06-21,115.059998,115.120003,114.919998,114.989998,100.557091,6875500
2021-06-22,114.830002,115.139999,114.830002,115.110001,100.661995,6485100
2021-06-23,115.059998,115.139999,114.989998,115.050003,100.609550,5070500
2021-06-24,115.099998,115.169998,115.050003,115.089996,100.644516,8357900
2021-06-25,115.110001,115.129997,114.750000,114.860001,100.443382,6496600
2021-06-28,115.040001,115.230003,115.040001,115.190002,100.731964,5739000
2021-06-29,115.059998,115.250000,115.050003,115.250000,100.784424,5097100
2021-06-30,115.360001,115.449997,115.300003,115.330002,100.854401,6653100
2021-07-01,115.150002,115.190002,115.010002,115.110001,100.798355,4744900
2021-07-02,115.230003,115.370003,115.169998,115.360001,101.017273,4312800
2021-07-06,115.510002,115.830002,115.510002,115.730003,101.341286,7372900
2021-07-07,115.830002,116.019997,115.750000,115.930000,101.516396,7786400
2021-07-08,116.040001,116.180000,115.959999,116.059998,101.630234,6538400
2021-07-09,115.739998,115.760002,115.680000,115.680000,101.297478,4750800
2021-07-12,115.800003,115.809998,115.599998,115.610001,101.236198,4266600
2021-07-13,115.650002,115.760002,115.300003,115.360001,101.017273,5145200
2021-07-14,115.589996,115.760002,115.570000,115.750000,101.358788,4977400
2021-07-15,115.940002,116.019997,115.720001,116.000000,101.577705,4480900
2021-07-16,115.769997,115.959999,115.760002,115.900002,101.490128,3869500
2021-07-19,116.389999,116.610001,116.349998,116.510002,102.024277,6688100
2021-07-20,116.779999,116.820000,116.320000,116.400002,101.927971,8474800
2021-07-21,116.080002,116.150002,115.919998,116.019997,101.595184,9686100
2021-07-22,116.029999,116.349998,116.029999,116.290001,101.831650,8176300
2021-07-23,116.029999,116.220001,116.029999,116.209999,101.761597,4441000
2021-07-26,116.300003,116.330002,116.089996,116.110001,101.674019,7127400
2021-07-27,116.349998,116.400002,116.269997,116.379997,101.910446,5423800
2021-07-28,116.239998,116.489998,116.139999,116.489998,102.006798,5463600
2021-07-29,116.290001,116.360001,116.230003,116.300003,101.840393,6629500
2021-07-30,116.360001,116.489998,116.349998,116.459999,101.980515,5552100
2021-08-02,116.360001,116.680000,116.309998,116.540001,102.197090,5753800
2021-08-03,116.559998,116.690002,116.529999,116.580002,102.232201,3715300
2021-08-04,116.769997,116.830002,116.300003,116.570000,102.223419,4654300
2021-08-05,116.459999,116.480003,116.279999,116.309998,101.995384,3283100
2021-08-06,115.930000,116.019997,115.779999,115.790001,101.539413,3812000
2021-08-09,115.889999,115.959999,115.580002,115.580002,101.355263,5298600
2021-08-10,115.650002,115.650002,115.430000,115.430000,101.223709,7332100
2021-08-11,115.459999,115.699997,115.339996,115.540001,101.320175,6674600
2021-08-12,115.489998,115.580002,115.400002,115.550003,101.328957,5017300
2021-08-13,115.650002,115.970001,115.639999,115.970001,101.697250,4599800
2021-08-16,116.139999,116.269997,116.029999,116.029999,101.749863,3693600
2021-08-17,115.980003,116.089996,115.930000,115.940002,101.670975,5469200
2021-08-18,115.940002,116.029999,115.800003,115.949997,101.679718,3981900
2021-08-19,116.120003,116.160004,116.019997,116.150002,101.855118,4581300
2021-08-20,116.180000,116.209999,116.080002,116.160004,101.863884,2897800
2021-08-23,116.089996,116.180000,116.040001,116.160004,101.863884,6585300
2021-08-24,116.080002,116.139999,115.959999,115.989998,101.714775,5875400
2021-08-25,115.989998,116.010002,115.680000,115.769997,101.521843,5452000
2021-08-26,115.760002,115.790001,115.639999,115.779999,101.530655,4879200
2021-08-27,115.809998,116.099998,115.709999,116.099998,101.811264,5545600
2021-08-30,116.019997,116.230003,116.000000,116.230003,101.925270,3706000
2021-08-31,116.180000,116.290001,116.019997,116.059998,101.776184,6763900
2021-09-01,116.019997,116.019997,115.809998,115.930000,101.808655,4154000
2021-09-02,116.019997,116.059998,115.919998,116.050003,101.914070,5427300
2021-09-03,115.839996,115.889999,115.769997,115.849998,101.738403,5274300
2021-09-07,115.639999,115.650002,115.470001,115.540001,101.466171,3579900
2021-09-08,115.699997,115.820000,115.620003,115.730003,101.633049,3417500
2021-09-09,115.839996,116.150002,115.760002,116.099998,101.957947,3332600
2021-09-10,115.989998,116.010002,115.779999,115.870003,101.756004,3957300
2021-09-13,116.000000,116.080002,115.959999,116.019997,101.887756,3954100
2021-09-14,116.070000,116.379997,116.070000,116.279999,102.116043,4183600
2021-09-15,116.290001,116.290001,116.089996,116.169998,102.019417,3448500
2021-09-16,115.949997,116.110001,115.910004,115.970001,101.843811,4265500
2021-09-17,115.800003,115.879997,115.739998,115.870003,101.756004,5742500
2021-09-20,116.019997,116.169998,115.980003,116.089996,101.949173,5464700
2021-09-21,116.129997,116.169998,116.050003,116.139999,101.993095,5225200
2021-09-22,116.110001,116.250000,116.010002,116.180000,102.028206,7139900
2021-09-23,115.930000,115.940002,115.570000,115.610001,101.527634,8265000
2021-09-24,115.500000,115.510002,115.320000,115.410004,101.352028,4461900
2021-09-27,115.209999,115.379997,115.190002,115.250000,101.211510,5630600
2021-09-28,114.900002,115.000000,114.699997,114.769997,100.789955,7017100
2021-09-29,114.970001,115.059998,114.720001,114.849998,100.860229,6161300
2021-09-30,114.769997,114.860001,114.690002,114.830002,100.842651,5348800
2021-10-01,114.820000,115.059998,114.790001,115.000000,101.150505,7064500
2021-10-04,114.919998,115.029999,114.800003,114.919998,101.080147,4180600
2021-10-05,114.820000,114.870003,114.610001,114.650002,100.842674,7421900
2021-10-06,114.680000,114.730003,114.589996,114.699997,100.886642,4893400
2021-10-07,114.459999,114.500000,114.339996,114.379997,100.605164,4456100
2021-10-08,114.309998,114.349998,114.070000,114.129997,100.385262,4581900
2021-10-11,114.010002,114.070000,113.940002,113.949997,100.226944,2178400
2021-10-12,114.169998,114.379997,114.110001,114.370003,100.596390,3688400
2021-10-13,114.430000,114.639999,114.419998,114.629997,100.825066,5522700
2021-10-14,114.699997,114.849998,114.629997,114.849998,101.018585,4094500
2021-10-15,114.610001,114.629997,114.510002,114.570000,100.772285,4644800
2021-10-18,114.330002,114.559998,114.250000,114.489998,100.701920,5575100
2021-10-19,114.370003,114.370003,114.160004,114.160004,100.411674,5041000
2021-10-20,114.169998,114.290001,114.059998,114.080002,100.341316,6183700
2021-10-21,114.010002,114.040001,113.839996,113.839996,100.130211,5228300
2021-10-22,113.970001,114.139999,113.900002,114.059998,100.323715,3528600
2021-10-25,114.059998,114.269997,114.059998,114.169998,100.420471,8569600
2021-10-26,114.250000,114.379997,114.110001,114.379997,100.605164,5429800
2021-10-27,114.660004,114.919998,114.430000,114.760002,100.939407,8048500
2021-10-28,114.709999,114.830002,114.570000,114.669998,100.860237,5916000
2021-10-29,114.349998,114.779999,114.349998,114.639999,100.833923,10047900
2021-11-01,114.160004,114.419998,114.139999,114.389999,100.772224,6197900
2021-11-02,114.430000,114.690002,114.430000,114.620003,100.974823,5317000
2021-11-03,114.650002,114.690002,114.250000,114.389999,100.772224,6421700
2021-11-04,114.510002,114.839996,114.480003,114.769997,101.106956,6618100
2021-11-05,114.989998,115.320000,114.900002,115.220001,101.503372,7283100
2021-11-08,115.139999,115.150002,114.949997,115.010002,101.318367,4922800
2021-11-09,115.379997,115.500000,115.290001,115.330002,101.600273,8960500
2021-11-10,115.110001,115.139999,114.400002,114.550003,100.913162,11620300
2021-11-11,114.510002,114.570000,114.300003,114.339996,100.728149,3937100
2021-11-12,114.500000,114.589996,114.260002,114.320000,100.710556,4554700
2021-11-15,114.300003,114.309998,113.900002,113.900002,100.340515,6405000
2021-11-16,113.919998,114.110001,113.839996,113.860001,100.305283,7484000
2021-11-17,113.790001,114.129997,113.769997,114.129997,100.543129,7173100
2021-11-18,114.050003,114.279999,114.029999,114.230003,100.631248,4226900
2021-11-19,114.489998,114.589996,114.419998,114.449997,100.825066,5685900
2021-11-22,114.139999,114.230003,113.820000,113.900002,100.340515,6995300
2021-11-23,113.709999,113.769997,113.449997,113.449997,99.944122,6268600
2021-11-24,113.470001,113.730003,113.389999,113.709999,100.173141,8472400
2021-11-26,114.330002,114.580002,114.199997,114.519997,100.886742,3258900
2021-11-29,114.150002,114.599998,114.129997,114.580002,100.939575,8982800
2021-11-30,114.870003,115.110001,114.500000,114.769997,101.106956,13109000
2021-12-01,114.269997,114.639999,114.209999,114.629997,101.126366,12772700
2021-12-02,114.669998,114.790001,114.400002,114.610001,101.108711,7759700
2021-12-03,114.500000,115.239998,114.459999,115.070000,101.514534,7600800
2021-12-06,114.980003,115.040001,114.620003,114.669998,101.161621,9416700
2021-12-07,114.519997,114.709999,114.449997,114.489998,101.002861,6786900
2021-12-08,114.370003,114.370003,114.050003,114.190002,100.738228,8050100
2021-12-09,114.279999,114.389999,114.120003,114.199997,100.747025,8646500
2021-12-10,114.370003,114.510002,114.220001,114.230003,100.773468,6501300
2021-12-13,114.510002,114.709999,114.459999,114.629997,101.126366,8659300
2021-12-14,114.459999,114.540001,114.260002,114.410004,100.932266,7503600
2021-12-15,114.230003,114.449997,114.110001,114.320000,100.852905,7459100
2021-12-16,114.260002,114.480003,114.260002,114.360001,100.991539,7566600
2021-12-17,114.550003,114.680000,114.470001,114.500000,101.115166,7428000
2021-12-20,114.570000,114.610001,114.320000,114.330002,100.965057,7382600
2021-12-21,114.070000,114.320000,113.970001,114.239998,100.885574,12970200
2021-12-22,114.330002,114.349998,114.169998,114.339996,100.973869,6171700
2021-12-23,114.290001,114.309998,114.070000,114.199997,100.850243,5506700
2021-12-27,114.150002,114.300003,114.129997,114.260002,100.903229,5436800
2021-12-28,114.430000,114.449997,114.169998,114.209999,100.859070,5253800
2021-12-29,113.989998,114.050003,113.809998,113.870003,100.558815,5933800
2021-12-30,113.989998,114.129997,113.830002,114.120003,100.779602,5455400
2021-12-31,114.150002,114.309998,114.059998,114.080002,100.744263,7989500
2022-01-03,113.669998,113.680000,113.300003,113.300003,100.055473,9399200
2022-01-04,113.220001,113.300003,113.080002,113.290001,100.046638,7772100
2022-01-05,113.339996,113.360001,112.900002,112.940002,99.737549,8530900
2022-01-06,112.750000,112.839996,112.660004,112.820000,99.631538,8866500
2022-01-07,112.690002,112.709999,112.339996,112.489998,99.340126,9018900
2022-01-10,112.230003,112.419998,112.139999,112.389999,99.251862,8074900
2022-01-11,112.330002,112.629997,112.269997,112.599998,99.437271,6728600
2022-01-12,112.720001,112.790001,112.580002,112.599998,99.437271,6713200
2022-01-13,112.599998,112.800003,112.510002,112.800003,99.613907,8454300
2022-01-14,112.529999,112.550003,112.150002,112.169998,99.057571,9113400
2022-01-18,111.809998,111.860001,111.470001,111.489998,98.457039,7943800
2022-01-19,111.699997,111.889999,111.650002,111.730003,98.668991,8321000
2022-01-20,111.839996,111.900002,111.750000,111.790001,98.721962,7186400
2022-01-21,112.190002,112.349998,112.110001,112.230003,99.110535,8679600
2022-01-24,112.379997,112.419998,112.099998,112.099998,98.995735,12131400
2022-01-25,112.180000,112.300003,111.959999,111.989998,98.898560,9541000
2022-01-26,112.059998,112.129997,111.360001,111.360001,98.342209,10729400
2022-01-27,111.620003,111.879997,111.620003,111.730003,98.668991,6146800
2022-01-28,111.459999,111.860001,111.440002,111.809998,98.739609,10855600
2022-01-31,111.639999,111.889999,111.599998,111.800003,98.730804,12837400
2022-02-01,111.660004,111.680000,111.379997,111.599998,98.696327,10356000
2022-02-02,111.699997,111.970001,111.669998,111.720001,98.802444,7967900
2022-02-03,111.260002,111.370003,111.129997,111.269997,98.404457,10290400
2022-02-04,110.750000,110.750000,110.470001,110.570000,97.785385,6967200
2022-02-07,110.570000,110.709999,110.470001,110.669998,97.873825,6723400
2022-02-08,110.440002,110.480003,110.320000,110.330002,97.573135,7987000
2022-02-09,110.510002,110.680000,110.389999,110.400002,97.635033,9194400
2022-02-10,109.970001,110.059998,109.379997,109.379997,96.732986,10761200
2022-02-11,109.739998,110.160004,109.339996,110.099998,97.369766,13868300
2022-02-14,109.660004,109.760002,109.400002,109.459999,96.803764,8843700
2022-02-15,109.360001,109.510002,109.239998,109.279999,96.644547,5820200
2022-02-16,109.440002,109.480003,109.099998,109.410004,96.759521,8116000
2022-02-17,109.580002,109.809998,109.510002,109.639999,96.962929,10217000
2022-02-18,109.830002,109.879997,109.709999,109.870003,97.166321,7110900
2022-02-22,109.680000,109.779999,109.559998,109.750000,97.060211,7604400
2022-02-23,109.519997,109.550003,109.230003,109.260002,96.626884,11732100
2022-02-24,109.669998,109.769997,109.169998,109.459999,96.803764,12372100
2022-02-25,109.449997,109.580002,109.330002,109.570000,96.901009,10089100
2022-02-28,110.029999,110.430000,110.019997,110.360001,97.599693,16594600
2022-03-01,110.599998,111.169998,110.570000,110.820000,98.149673,14355100
2022-03-02,110.300003,110.379997,109.459999,109.489998,96.971741,9028800
2022-03-03,109.790001,110.000000,109.650002,109.860001,97.299438,15802600
2022-03-04,110.400002,110.550003,110.230003,110.300003,97.689156,7838500
2022-03-07,109.870003,110.139999,109.639999,109.660004,97.122307,12740600
2022-03-08,109.250000,109.330002,109.120003,109.269997,96.776886,9933700
2022-03-09,109.099998,109.209999,108.930000,109.040001,96.573189,11192300
2022-03-10,108.660004,108.680000,108.250000,108.430000,96.032936,16234900
2022-03-11,108.440002,108.550003,108.339996,108.410004,96.015236,11997800
2022-03-14,107.790001,107.820000,107.360001,107.360001,95.085274,10961600
2022-03-15,107.839996,107.919998,107.430000,107.599998,95.297836,14001200
2022-03-16,107.629997,107.730003,107.000000,107.680000,95.368675,16805400
2022-03-17,107.849998,108.059998,107.730003,107.860001,95.528084,8035400
2022-03-18,107.930000,108.139999,107.919998,108.099998,95.740669,7864100
2022-03-21,107.580002,107.650002,106.980003,107.040001,94.801834,8024800
2022-03-22,106.739998,106.879997,106.610001,106.750000,94.545006,16120500
2022-03-23,106.959999,107.209999,106.709999,107.190002,94.934692,9060700
2022-03-24,106.720001,107.040001,106.650002,106.949997,94.722145,7480500
2022-03-25,106.570000,106.650002,105.980003,106.099998,93.969360,10538700
2022-03-28,106.250000,106.529999,106.160004,106.360001,94.199615,8540500
2022-03-29,106.610001,106.889999,106.459999,106.860001,94.642456,11396500
2022-03-30,106.599998,107.150002,106.589996,107.150002,94.899284,11544400
2022-03-31,107.169998,107.379997,107.059998,107.099998,94.855011,13799100
2022-04-01,106.349998,106.949997,106.250000,106.750000,94.686470,11581600
2022-04-04,106.839996,106.870003,106.559998,106.839996,94.766296,9956400
2022-04-05,106.580002,106.629997,105.739998,105.760002,93.808342,11028300
2022-04-06,105.209999,105.809998,105.120003,105.489998,93.568840,13116000
2022-04-07,105.379997,105.510002,105.129997,105.260002,93.364861,7922500
2022-04-08,104.820000,105.010002,104.620003,104.730003,92.894753,6503200
2022-04-11,104.440002,104.510002,104.169998,104.279999,92.495598,8381800
2022-04-12,104.800003,104.919998,104.580002,104.610001,92.788307,8498700
2022-04-13,104.769997,105.089996,104.739998,104.820000,92.974548,6801000
2022-04-14,104.730003,104.739998,103.930000,103.970001,92.220642,8510100
2022-04-18,103.970001,104.019997,103.610001,103.650002,91.936783,8633000
2022-04-19,103.260002,103.430000,102.970001,103.019997,91.377998,7847500
2022-04-20,103.360001,103.739998,103.300003,103.610001,91.901306,8460900
2022-04-21,103.440002,103.470001,102.790001,103.040001,91.395729,11395800
2022-04-22,102.730003,103.180000,102.669998,102.940002,91.307007,9159000
2022-04-25,103.470001,103.930000,103.470001,103.629997,91.919067,8777500
2022-04-26,104.129997,104.129997,103.800003,103.949997,92.202881,8535100
2022-04-27,103.910004,104.010002,103.529999,103.529999,91.830330,11185400
2022-04-28,103.330002,103.510002,103.169998,103.489998,91.794853,10372200
2022-04-29,102.919998,103.269997,102.820000,102.870003,91.244911,9924100
2022-05-02,102.320000,102.360001,102.000000,102.129997,90.748238,12729000
2022-05-03,102.709999,102.790001,102.290001,102.360001,90.952591,12165300
2022-05-04,102.320000,103.050003,102.120003,103.019997,91.539063,14656400
2022-05-05,102.480003,102.519997,101.589996,102.000000,90.632736,17474400
2022-05-06,101.660004,101.949997,101.489998,101.570000,90.250626,8314100
2022-05-09,101.540001,102.099998,101.480003,102.070000,90.694916,8640900
2022-05-10,102.519997,102.720001,102.320000,102.379997,90.970375,18465000
2022-05-11,102.070000,102.790001,101.959999,102.760002,91.308060,16462000
2022-05-12,102.940002,103.139999,102.870003,102.949997,91.476860,9015300
2022-05-13,102.750000,102.779999,102.480003,102.510002,91.085876,6715600
2022-05-16,102.709999,102.970001,102.690002,102.739998,91.290253,7239200
2022-05-17,102.269997,102.430000,102.139999,102.180000,90.792648,6559000
2022-05-18,102.110001,102.639999,102.080002,102.589996,91.156967,6093800
2022-05-19,103.199997,103.220001,102.750000,102.849998,91.388000,10504300
2022-05-20,102.949997,103.209999,102.879997,103.160004,91.663445,6731400
2022-05-23,103.010002,103.199997,102.730003,102.820000,91.361336,8007200
2022-05-24,103.139999,103.739998,103.129997,103.610001,92.063278,10332300
2022-05-25,103.930000,104.070000,103.769997,104.040001,92.445381,7718100
2022-05-26,104.070000,104.190002,103.800003,103.959999,92.374298,5720000
2022-05-27,104.089996,104.309998,104.019997,104.129997,92.525337,5496300
2022-05-31,103.529999,103.639999,103.290001,103.470001,91.938919,10491700
2022-06-01,103.389999,103.529999,102.750000,102.860001,91.561485,8056700
2022-06-02,103.059998,103.089996,102.730003,102.989998,91.677193,7456800
2022-06-03,102.669998,102.910004,102.639999,102.820000,91.525879,6561100
2022-06-06,102.669998,102.769997,102.160004,102.190002,90.965050,5144500
2022-06-07,102.419998,102.760002,102.400002,102.580002,91.312233,5620200
2022-06-08,102.419998,102.559998,102.160004,102.160004,90.938354,4150800
2022-06-09,102.070000,102.220001,101.970001,102.050003,90.840431,5423500
2022-06-10,101.669998,101.720001,101.029999,101.260002,90.137222,7830000
2022-06-13,100.099998,100.349998,99.129997,99.599998,88.659554,9479000
2022-06-14,99.839996,99.940002,98.860001,99.010002,88.134377,10943400
2022-06-15,99.690002,100.160004,99.180000,100.110001,89.113564,10979000
2022-06-16,99.239998,100.360001,99.139999,100.349998,89.327171,9329900
2022-06-17,100.419998,100.570000,99.980003,100.339996,89.318275,9892200
2022-06-21,100.019997,100.260002,99.790001,99.940002,88.962189,9022500
2022-06-22,100.669998,100.930000,100.669998,100.790001,89.718842,9437000
2022-06-23,101.250000,101.760002,101.129997,101.209999,90.092728,7773900
2022-06-24,101.110001,101.470001,101.000000,101.050003,89.950302,7389600
2022-06-27,100.669998,100.949997,100.480003,100.599998,89.549751,8319700
2022-06-28,100.529999,100.660004,100.400002,100.639999,89.585335,6540000
2022-06-29,100.800003,101.239998,100.680000,101.220001,90.101624,7326500
2022-06-30,101.599998,101.959999,101.580002,101.680000,90.511093,7521300
2022-07-01,102.209999,102.790001,102.089996,102.339996,91.265518,7393100
2022-07-05,102.540001,102.699997,102.349998,102.529999,91.434959,6813100
2022-07-06,102.779999,102.800003,101.839996,101.839996,90.819626,6647700
2022-07-07,101.940002,101.980003,101.519997,101.610001,90.614540,8226500
2022-07-08,101.349998,101.449997,101.160004,101.230003,90.275658,5270100
2022-07-11,101.669998,101.919998,101.599998,101.699997,90.694801,5758400
2022-07-12,102.019997,102.190002,101.820000,101.839996,90.819626,6690500
2022-07-13,101.230003,102.239998,101.190002,102.209999,91.149574,6534700
2022-07-14,101.510002,101.980003,101.330002,101.849998,90.828552,6233300
2022-07-15,101.940002,102.349998,101.900002,102.250000,91.185280,8640400
2022-07-18,102.000000,102.029999,101.720001,101.919998,90.891014,6006400
2022-07-19,101.949997,101.989998,101.660004,101.779999,90.766121,5936200
2022-07-20,102.160004,102.169998,101.669998,101.709999,90.703705,6124000
2022-07-21,101.959999,102.580002,101.959999,102.559998,91.461723,5920000
2022-07-22,103.260002,103.599998,103.120003,103.360001,92.175171,7323100
2022-07-25,102.900002,103.089996,102.870003,102.980003,91.836288,3729500
2022-07-26,103.440002,103.510002,102.959999,102.959999,91.818413,6312200
2022-07-27,103.190002,103.639999,103.180000,103.320000,92.139503,5431400
2022-07-28,104.089996,104.209999,103.839996,104.059998,92.799423,6473800
2022-07-29,103.940002,104.400002,103.830002,104.070000,92.808350,7674600
2022-08-01,103.989998,104.309998,103.910004,104.230003,93.129982,7733700
2022-08-02,104.269997,104.349998,103.139999,103.160004,92.173927,6869400
2022-08-03,103.029999,103.639999,102.720001,103.620003,92.584953,6261700
2022-08-04,103.669998,103.889999,103.570000,103.870003,92.808334,5199700
2022-08-05,102.809998,102.830002,102.519997,102.709999,91.771851,4847100
2022-08-08,103.099998,103.290001,103.040001,103.180000,92.191841,3425000
2022-08-09,102.919998,103.050003,102.839996,102.949997,91.986298,3854000
2022-08-10,103.430000,103.680000,103.110001,103.209999,92.218636,7156200
2022-08-11,103.379997,103.629997,102.620003,102.660004,91.727211,8518200
2022-08-12,102.970001,103.120003,102.720001,103.120003,92.138206,3643400
2022-08-15,103.370003,103.449997,103.239998,103.250000,92.254349,3782900
2022-08-16,103.129997,103.129997,102.790001,103.099998,92.120316,4976100
2022-08-17,102.639999,102.739998,102.339996,102.489998,91.575310,7222300
2022-08-18,102.699997,102.930000,102.639999,102.709999,91.771851,4260600
2022-08-19,102.129997,102.129997,101.849998,101.989998,91.128548,4575500
2022-08-22,101.820000,101.889999,101.519997,101.550003,90.735428,7133200
2022-08-23,101.540001,101.970001,101.400002,101.510002,90.699669,7369600
2022-08-24,101.349998,101.400002,101.150002,101.239998,90.458405,6318900
2022-08-25,101.330002,101.870003,101.239998,101.800003,90.958801,8217300
2022-08-26,101.669998,101.849998,101.419998,101.610001,90.789017,5584800
2022-08-29,101.269997,101.279999,101.059998,101.120003,90.351173,7509000
2022-08-30,101.260002,101.449997,100.930000,101.250000,90.467354,6573600
2022-08-31,101.040001,101.230003,100.639999,100.709999,89.984856,6116500
2022-09-01,100.070000,100.150002,99.660004,100.070000,89.594482,8961600
2022-09-02,100.370003,100.669998,100.129997,100.360001,89.854149,5966800
2022-09-06,99.959999,99.970001,99.410004,99.419998,89.012527,5341300
2022-09-07,99.730003,100.129997,99.720001,100.110001,89.630348,3607100
2022-09-08,100.000000,100.180000,99.790001,99.790001,89.343819,5546200
2022-09-09,99.989998,100.129997,99.730003,99.779999,89.334831,7496100
2022-09-12,100.000000,100.089996,99.510002,99.629997,89.200577,8535500
2022-09-13,98.910004,99.190002,98.900002,99.070000,88.699181,4957400
2022-09-14,99.000000,99.349998,98.970001,99.199997,88.815567,7557300
2022-09-15,99.040001,99.110001,98.839996,98.900002,88.546989,6016600
2022-09-16,98.660004,99.010002,98.610001,98.830002,88.484306,6965400
2022-09-19,98.529999,98.839996,98.480003,98.680000,88.350021,5982200
2022-09-20,98.209999,98.400002,98.080002,98.239998,87.956093,11271700
2022-09-21,98.400002,98.599998,97.860001,98.550003,88.233627,7094400
2022-09-22,97.900002,97.919998,97.400002,97.500000,87.293541,7092400
2022-09-23,97.400002,97.449997,96.889999,97.199997,87.024933,11059300
2022-09-26,96.870003,96.910004,95.870003,95.949997,85.905785,9009900
2022-09-27,95.970001,96.080002,95.379997,95.540001,85.538704,11440200
2022-09-28,96.470001,97.129997,96.269997,97.080002,86.917503,10539800
2022-09-29,96.480003,96.800003,96.290001,96.570000,86.460892,8666100
2022-09-30,96.860001,97.089996,96.190002,96.339996,86.254974,14376300
2022-10-03,96.889999,97.480003,96.639999,96.910004,86.955727,9617900
2022-10-04,97.209999,97.550003,97.080002,97.169998,87.189041,6964200
2022-10-05,96.690002,96.989998,96.269997,96.660004,86.731445,9512800
2022-10-06,96.589996,96.709999,96.209999,96.279999,86.390434,5625100
2022-10-07,95.809998,96.010002,95.680000,95.769997,85.932869,6149600
2022-10-10,95.730003,95.750000,95.150002,95.339996,85.547005,4074700
2022-10-11,95.629997,95.830002,95.269997,95.400002,85.600845,8892800
2022-10-12,95.250000,95.610001,95.230003,95.480003,85.672623,5651200
2022-10-13,94.230003,95.440002,94.180000,95.180000,85.403465,6254400
2022-10-14,95.629997,95.629997,94.610001,94.660004,84.936859,8580700
2022-10-17,95.250000,95.400002,94.830002,94.860001,85.116295,5460600
2022-10-18,95.110001,95.180000,94.639999,95.019997,85.259872,6389100
2022-10-19,94.410004,94.559998,94.150002,94.199997,84.524094,6316100
2022-10-20,94.059998,94.260002,93.559998,93.629997,84.012619,9012900
2022-10-21,93.269997,93.870003,93.199997,93.769997,84.138275,8371100
2022-10-24,93.769997,94.029999,93.449997,93.639999,84.021622,6090400
2022-10-25,94.389999,94.709999,94.360001,94.559998,84.847137,11710400
2022-10-26,94.779999,95.169998,94.760002,94.980003,85.223984,7884100
2022-10-27,95.209999,95.620003,94.989998,95.459999,85.654671,6913500
2022-10-28,95.010002,95.459999,94.980003,95.220001,85.439331,6229200
2022-10-31,95.010002,95.059998,94.599998,94.900002,85.152206,10946400
2022-11-01,95.250000,95.349998,94.650002,94.860001,85.310471,8096800
2022-11-02,94.980003,95.510002,94.529999,94.699997,85.166580,8584100
2022-11-03,93.970001,94.510002,93.930000,94.349998,84.851822,9314800
2022-11-04,94.430000,94.639999,94.169998,94.339996,84.842850,6918300
2022-11-07,94.410004,94.459999,94.029999,94.040001,84.573051,7597200
2022-11-08,94.239998,94.610001,94.220001,94.440002,84.932777,5834900
2022-11-09,94.389999,94.699997,94.250000,94.550003,85.031700,6694200
2022-11-10,95.980003,96.580002,95.790001,96.580002,86.857323,8494800
2022-11-11,96.230003,96.610001,96.230003,96.510002,86.794373,4953100
2022-11-14,96.430000,96.449997,96.180000,96.239998,86.551567,7457600
2022-11-15,96.800003,96.949997,96.610001,96.949997,87.190079,7962000
2022-11-16,97.250000,97.629997,97.139999,97.550003,87.729683,11075000
2022-11-17,97.029999,97.169998,96.849998,97.139999,87.360954,6889000
2022-11-18,97.220001,97.330002,96.910004,97.000000,87.235054,4714900
2022-11-21,97.269997,97.339996,96.910004,96.940002,87.181091,6829100
2022-11-22,97.180000,97.500000,97.180000,97.440002,87.630775,8039000
2022-11-23,97.580002,98.019997,97.580002,98.019997,88.152359,5885600
2022-11-25,97.809998,98.040001,97.809998,98.040001,88.170364,2718600
2022-11-28,98.139999,98.190002,97.839996,97.879997,88.026436,7920700
2022-11-29,97.540001,97.790001,97.489998,97.529999,87.711678,6643300
2022-11-30,97.480003,98.320000,97.290001,98.290001,88.395172,8963500
2022-12-01,98.300003,98.889999,98.169998,98.879997,89.130730,12471300
2022-12-02,98.489998,99.300003,98.300003,99.290001,89.500305,6368000
2022-12-05,98.820000,99.290001,98.300003,98.510002,88.797203,8072500
2022-12-06,98.709999,98.919998,98.589996,98.800003,89.058609,7660100
2022-12-07,99.290001,99.730003,99.169998,99.680000,89.851845,6752900
2022-12-08,99.389999,99.599998,99.239998,99.379997,89.581436,6307200
2022-12-09,99.120003,99.209999,98.769997,98.790001,89.049591,8994400
2022-12-12,99.190002,99.239998,98.629997,98.809998,89.067612,10384200
2022-12-13,100.180000,100.180000,99.400002,99.470001,89.662544,9120600
2022-12-14,99.519997,99.790001,99.169998,99.690002,89.860878,10624000
2022-12-15,99.570000,99.699997,99.370003,99.610001,89.992775,9423900
2022-12-16,98.959999,99.519997,98.940002,99.349998,89.757858,7546100
2022-12-19,98.900002,98.930000,98.610001,98.739998,89.206772,10351000
2022-12-20,98.099998,98.260002,97.980003,98.070000,88.601471,10282200
2022-12-21,98.489998,98.540001,98.190002,98.339996,88.845383,8489300
2022-12-22,98.320000,98.470001,98.220001,98.309998,88.818283,8267800
2022-12-23,98.050003,98.110001,97.900002,97.970001,88.511124,4823400
2022-12-27,97.459999,97.620003,97.209999,97.260002,87.869637,7925700
2022-12-28,97.470001,97.500000,97.080002,97.089996,87.716080,12131200
2022-12-29,97.209999,97.470001,97.180000,97.449997,88.041306,7763300
2022-12-30,97.250000,97.360001,96.970001,96.989998,87.625725,8469000
2023-01-03,97.970001,97.970001,97.370003,97.559998,88.140686,19930800
2023-01-04,98.169998,98.250000,97.889999,98.099998,88.628563,10080100
2023-01-05,97.639999,98.059998,97.570000,98.019997,88.556252,9682000
2023-01-06,98.129997,99.150002,98.040001,99.089996,89.522957,8503000
2023-01-09,99.059998,99.500000,99.000000,99.339996,89.748840,7849600
2023-01-10,99.019997,99.150002,98.739998,98.959999,89.405525,7291300
2023-01-11,99.279999,99.570000,99.260002,99.570000,89.956642,6102900
2023-01-12,99.839996,100.529999,99.489998,100.290001,90.607109,8342700
2023-01-13,100.019997,100.260002,99.830002,99.919998,90.272842,6719000
2023-01-17,99.739998,99.959999,99.650002,99.739998,90.110214,8174700
2023-01-18,100.760002,100.879997,100.370003,100.730003,91.004631,7779300
2023-01-19,100.730003,100.730003,100.330002,100.500000,90.796844,8633700
2023-01-20,100.169998,100.260002,99.889999,100.089996,90.426422,6095800
2023-01-23,99.800003,100.059998,99.779999,99.839996,90.200546,6573200
2023-01-24,99.839996,100.320000,99.680000,100.279999,90.598068,6538600
2023-01-25,100.260002,100.470001,100.099998,100.400002,90.706474,5431000
2023-01-26,100.330002,100.459999,100.070000,100.230003,90.552902,5399100
2023-01-27,99.959999,100.139999,99.910004,100.080002,90.417397,5123100
2023-01-30,99.900002,100.089996,99.800003,99.809998,90.173439,6822000
2023-01-31,100.160004,100.339996,99.830002,100.220001,90.543869,12083600
2023-02-01,100.190002,100.779999,99.860001,100.680000,91.182365,11593300
2023-02-02,101.040001,101.150002,100.739998,100.790001,91.281982,9197800
2023-02-03,99.949997,100.129997,99.519997,99.820000,90.403496,9083000
2023-02-06,99.309998,99.419998,99.230003,99.269997,89.905388,9198900
2023-02-07,99.150002,99.570000,99.059998,99.099998,89.751404,6224800
2023-02-08,99.139999,99.430000,98.949997,99.239998,89.878212,4900600
2023-02-09,99.540001,99.559998,98.830002,98.849998,89.525032,5594800
2023-02-10,98.820000,98.830002,98.400002,98.419998,89.135551,5068200
2023-02-13,98.489998,98.720001,98.459999,98.720001,89.407280,6832700
2023-02-14,98.669998,98.760002,98.110001,98.370003,89.090294,9559500
2023-02-15,98.239998,98.360001,98.029999,98.180000,88.918205,6486500
2023-02-16,97.879997,98.029999,97.690002,97.769997,88.546867,5235600
2023-02-17,97.529999,98.010002,97.529999,98.000000,88.755173,5956300
2023-02-21,97.360001,97.459999,97.080002,97.080002,87.921967,8369600
2023-02-22,97.400002,97.589996,97.300003,97.339996,88.157433,5862300
2023-02-23,97.400002,97.720001,97.370003,97.690002,88.474419,8527200
2023-02-24,97.220001,97.260002,96.970001,97.129997,87.967247,4866800
2023-02-27,97.410004,97.489998,97.220001,97.320000,88.139336,5040000
2023-02-28,96.989998,97.370003,96.930000,97.309998,88.130280,8575000
2023-03-01,96.830002,97.040001,96.500000,96.519997,87.625504,9125300
2023-03-02,96.150002,96.349998,96.110001,96.320000,87.443939,9247400
2023-03-03,96.849998,97.080002,96.589996,97.080002,88.133896,7267000
2023-03-06,97.269997,97.290001,96.809998,96.839996,87.916000,4188500
2023-03-07,96.980003,97.029999,96.570000,96.709999,87.797997,6013200
2023-03-08,96.900002,97.080002,96.480003,96.610001,87.707222,8044000
2023-03-09,96.760002,97.150002,96.699997,96.959999,88.024994,7054400
2023-03-10,97.790001,98.320000,97.760002,98.089996,89.050819,7515700
2023-03-13,99.050003,99.650002,98.620003,98.870003,89.758957,10343900
2023-03-14,98.769997,98.820000,98.089996,98.290001,89.232407,8159800
2023-03-15,99.430000,99.699997,98.809998,99.269997,90.122101,11133700
2023-03-16,99.529999,99.720001,98.680000,98.879997,89.768013,15217800
2023-03-17,99.290001,99.800003,99.209999,99.500000,90.330917,8277500
2023-03-20,99.730003,99.730003,99.019997,99.099998,89.967758,6346400
2023-03-21,98.879997,99.029999,98.699997,98.800003,89.695404,5499100
2023-03-22,98.800003,99.820000,98.639999,99.750000,90.557846,7585400
2023-03-23,99.680000,100.050003,99.510002,99.989998,90.775742,9949700
2023-03-24,100.279999,100.489998,99.949997,100.160004,90.930099,6217700
2023-03-27,99.389999,99.519997,99.070000,99.080002,89.949608,6823400
2023-03-28,98.980003,99.050003,98.820000,98.930000,89.813423,6356200
2023-03-29,98.739998,99.110001,98.720001,99.050003,89.922386,5111300
2023-03-30,99.029999,99.230003,98.949997,99.160004,90.022224,4251900
2023-03-31,99.389999,99.690002,99.160004,99.639999,90.458000,8521600
2023-04-03,99.279999,99.860001,99.209999,99.820000,90.851181,7567100
2023-04-04,99.550003,100.300003,99.500000,100.190002,91.187935,8925200
2023-04-05,100.500000,100.980003,100.410004,100.529999,91.497375,9883500
2023-04-06,100.559998,100.690002,100.440002,100.440002,91.415474,6105200
2023-04-10,99.889999,99.910004,99.599998,99.750000,90.787453,4478000
2023-04-11,99.809998,99.879997,99.589996,99.809998,90.842079,4543800
2023-04-12,100.169998,100.199997,99.610001,99.930000,90.951294,7226000
2023-04-13,100.160004,100.269997,99.809998,99.889999,90.914894,3964800
2023-04-14,99.559998,99.589996,99.320000,99.400002,90.468941,4794100
2023-04-17,99.129997,99.180000,98.879997,98.900002,90.013855,4441300
2023-04-18,98.910004,99.160004,98.910004,99.040001,90.141273,4753000
2023-04-19,98.889999,98.930000,98.709999,98.889999,90.004723,3592900
2023-04-20,99.209999,99.360001,99.190002,99.339996,90.414322,5092400
2023-04-21,99.510002,99.559998,99.110001,99.169998,90.259583,5367300
2023-04-24,99.419998,99.589996,99.360001,99.559998,90.614548,3256900
2023-04-25,99.970001,100.250000,99.959999,100.180000,91.178856,5065400
2023-04-26,100.160004,100.220001,99.720001,99.809998,90.842079,3723600
2023-04-27,99.610001,99.629997,99.389999,99.449997,90.514420,4018300
2023-04-28,99.989998,99.989998,99.720001,99.959999,90.978584,5469900
2023-05-01,99.349998,99.410004,98.599998,98.690002,90.047012,10631600
2023-05-02,98.959999,99.669998,98.930000,99.650002,90.922951,6085800
2023-05-03,99.889999,100.129997,99.690002,100.089996,91.324402,5637200
2023-05-04,99.769997,100.419998,99.750000,99.970001,91.214920,5262200
2023-05-05,99.639999,99.720001,99.449997,99.650002,90.922951,4003000
2023-05-08,99.209999,99.349998,99.080002,99.099998,90.421120,5481300
2023-05-09,99.110001,99.190002,99.010002,99.010002,90.338989,5712200
2023-05-10,99.430000,99.680000,99.389999,99.650002,90.922951,4803000
2023-05-11,100.110001,100.190002,99.879997,99.949997,91.196678,7703800
2023-05-12,99.889999,99.949997,99.389999,99.389999,90.685715,4285900
2023-05-15,99.209999,99.220001,99.099998,99.139999,90.457611,8532600
2023-05-16,98.889999,98.949997,98.739998,98.910004,90.247749,6728500
2023-05-17,98.989998,99.029999,98.680000,98.760002,90.110893,6318700
2023-05-18,98.489998,98.510002,98.269997,98.300003,89.691193,4811300
2023-05-19,98.129997,98.440002,98.000000,98.080002,89.490440,10285900
2023-05-22,98.139999,98.330002,97.970001,97.989998,89.408340,8551100
2023-05-23,97.919998,98.209999,97.809998,98.099998,89.508690,7641200
2023-05-24,98.169998,98.190002,97.820000,97.849998,89.280586,7719200
2023-05-25,97.739998,97.800003,97.440002,97.489998,88.952087,5941300
2023-05-26,97.360001,97.589996,97.239998,97.570000,89.025101,3889800
2023-05-30,97.900002,98.239998,97.849998,98.220001,89.618187,7349900
2023-05-31,98.220001,98.720001,98.209999,98.570000,89.937538,10559900
2023-06-01,98.599998,98.800003,98.480003,98.610001,90.210136,9029800
2023-06-02,98.540001,98.580002,98.080002,98.089996,89.734436,6877200
2023-06-05,97.849998,98.320000,97.769997,98.080002,89.725288,7246200
2023-06-06,98.120003,98.209999,97.889999,98.199997,89.835083,3816000
2023-06-07,98.150002,98.220001,97.589996,97.680000,89.359367,5131500
2023-06-08,97.800003,98.209999,97.769997,98.199997,89.835083,5041900
2023-06-09,97.910004,98.050003,97.790001,97.970001,89.624672,7140700
2023-06-12,98.089996,98.160004,97.730003,98.139999,89.780190,5436300
2023-06-13,98.480003,98.480003,97.599998,97.680000,89.359367,9568100
2023-06-14,97.879997,97.989998,97.449997,97.769997,89.441704,8360100
2023-06-15,98.290001,98.459999,98.129997,98.449997,90.063759,7472000
2023-06-16,98.089996,98.279999,97.910004,98.139999,89.780190,5653700
2023-06-20,98.279999,98.510002,98.169998,98.320000,89.944824,6694200
2023-06-21,98.089996,98.529999,97.980003,98.480003,90.091202,5579900
2023-06-22,98.169998,98.330002,97.919998,97.970001,89.624672,7147600
2023-06-23,98.489998,98.500000,98.099998,98.260002,89.889969,4792900
2023-06-26,98.500000,98.510002,98.309998,98.379997,89.999718,10632300
2023-06-27,98.449997,98.589996,98.099998,98.190002,89.825912,7803300
2023-06-28,98.339996,98.540001,98.199997,98.480003,90.091202,8622900
2023-06-29,97.800003,97.870003,97.610001,97.720001,89.395935,8877500
2023-06-30,97.860001,98.099998,97.739998,97.949997,89.606354,13417300
2023-07-03,97.820000,98.040001,97.540001,97.580002,89.500885,3691600
2023-07-05,97.510002,97.529999,97.050003,97.139999,89.097305,6046200
2023-07-06,96.559998,96.639999,96.279999,96.510002,88.519478,9534200
2023-07-07,96.419998,96.750000,96.419998,96.529999,88.537811,8311000
2023-07-10,96.570000,96.940002,96.550003,96.800003,88.785461,8827400
2023-07-11,96.940002,97.099998,96.860001,97.010002,88.978058,5978500
2023-07-12,97.510002,97.849998,97.449997,97.800003,89.702667,7189100
2023-07-13,98.180000,98.440002,98.120003,98.410004,90.262161,7458500
2023-07-14,98.230003,98.309998,97.919998,97.940002,89.831055,7208400
2023-07-17,97.949997,98.099998,97.849998,98.050003,89.931961,4689500
2023-07-18,98.330002,98.410004,98.129997,98.129997,90.005356,5593200
2023-07-19,98.349998,98.480003,98.190002,98.430000,90.280510,7467900
2023-07-20,98.059998,98.080002,97.730003,97.919998,89.812737,12562400
2023-07-21,98.110001,98.150002,97.940002,97.989998,89.876953,7605200
2023-07-24,98.099998,98.160004,97.790001,97.809998,89.711830,6656600
2023-07-25,97.580002,97.790001,97.570000,97.699997,89.610939,5794800
2023-07-26,97.930000,98.070000,97.680000,98.019997,89.904457,5907400
2023-07-27,97.839996,97.930000,97.110001,97.180000,89.134010,6937900
2023-07-28,97.389999,97.589996,97.309998,97.559998,89.482552,9233600
2023-07-31,97.529999,97.800003,97.519997,97.680000,89.592606,11079100
2023-08-01,97.010002,97.089996,96.709999,96.769997,88.999390,8810400
2023-08-02,96.480003,96.559998,96.230003,96.540001,88.787872,8551900
2023-08-03,95.930000,96.019997,95.800003,95.889999,88.190056,7532700
2023-08-04,96.250000,96.750000,96.250000,96.680000,88.916626,6400400
2023-08-07,96.639999,96.699997,96.480003,96.699997,88.935020,9732600
2023-08-08,96.940002,97.110001,96.839996,96.930000,89.146545,6867300
2023-08-09,97.010002,97.120003,96.910004,97.000000,89.210930,5634700
2023-08-10,97.059998,97.220001,96.370003,96.370003,88.631523,15516100
2023-08-11,96.120003,96.419998,96.070000,96.070000,88.355591,9016700
2023-08-14,95.980003,96.220001,95.830002,96.000000,88.291229,7901300
2023-08-15,95.809998,96.070000,95.739998,95.739998,88.052094,6522500
2023-08-16,95.760002,95.930000,95.449997,95.510002,87.840553,8964600
2023-08-17,95.500000,95.550003,95.209999,95.410004,87.748596,8162300
2023-08-18,95.470001,95.750000,95.430000,95.620003,87.941742,6154600
2023-08-21,95.260002,95.300003,95.040001,95.139999,87.500290,13362300
2023-08-22,95.169998,95.320000,95.059998,95.239998,87.592262,6156200
2023-08-23,95.750000,96.150002,95.730003,96.150002,88.429176,7831600
2023-08-24,95.989998,96.120003,95.849998,95.930000,88.226845,8247700
2023-08-25,95.820000,96.080002,95.599998,95.870003,88.171677,7917900
2023-08-28,96.099998,96.110001,95.930000,96.080002,88.364777,6544500
2023-08-29,95.910004,96.709999,95.910004,96.699997,88.935020,7386300
2023-08-30,96.779999,96.830002,96.620003,96.660004,88.898224,8752300
2023-08-31,96.779999,96.959999,96.720001,96.800003,89.026993,7230100
2023-09-01,96.540001,96.570000,95.980003,96.040001,88.565903,8132400
2023-09-05,95.849998,95.870003,95.519997,95.519997,88.086372,6111400
2023-09-06,95.629997,95.639999,95.309998,95.430000,88.003395,8379200
2023-09-07,95.589996,95.739998,95.489998,95.730003,88.280037,5077800
2023-09-08,95.930000,96.019997,95.760002,95.779999,88.326134,4774200
2023-09-11,95.660004,95.730003,95.570000,95.669998,88.224693,4077200
2023-09-12,95.709999,95.730003,95.570000,95.699997,88.252365,4583400
2023-09-13,95.610001,95.949997,95.589996,95.839996,88.381477,5953600
2023-09-14,95.959999,95.980003,95.680000,95.709999,88.261589,5952800
2023-09-15,95.639999,95.699997,95.480003,95.489998,88.058701,5667700
2023-09-18,95.370003,95.639999,95.360001,95.629997,88.187820,6066200
2023-09-19,95.540001,95.589996,95.349998,95.349998,87.929596,5327900
2023-09-20,95.570000,95.699997,95.300003,95.300003,87.883492,6282700
2023-09-21,94.800003,94.809998,94.639999,94.650002,87.284065,8028900
2023-09-22,94.779999,95.089996,94.730003,95.050003,87.652946,7294200
2023-09-25,94.489998,94.620003,94.290001,94.300003,86.961327,7485000
2023-09-26,94.470001,94.510002,94.150002,94.180000,86.850655,15549200
2023-09-27,94.470001,94.510002,93.660004,93.849998,86.546326,14560500
2023-09-28,93.699997,94.160004,93.529999,94.129997,86.804543,13334200
2023-09-29,94.500000,94.570000,93.970001,94.040001,86.721558,13483500
2023-10-02,93.430000,93.510002,93.099998,93.129997,86.117722,8880000
2023-10-03,92.989998,93.089996,92.370003,92.400002,85.442688,12058400
2023-10-04,92.769997,93.050003,92.550003,93.050003,86.043755,14097800
2023-10-05,93.169998,93.220001,92.989998,93.110001,86.099213,7129400
2023-10-06,92.459999,92.980003,92.370003,92.750000,85.766335,9569500
2023-10-09,93.220001,93.720001,93.150002,93.709999,86.654045,4353100
2023-10-10,93.389999,93.809998,93.260002,93.620003,86.570839,14553600
2023-10-11,93.940002,94.050003,93.760002,94.050003,86.968437,15347000
2023-10-12,93.870003,93.910004,93.169998,93.239998,86.219437,11189800
2023-10-13,93.680000,93.790001,93.519997,93.639999,86.589325,7515500
2023-10-16,93.320000,93.410004,93.099998,93.120003,86.108482,6332700
2023-10-17,92.510002,92.690002,92.349998,92.449997,85.488922,8198300
2023-10-18,92.290001,92.379997,91.940002,92.019997,85.091278,9352700
2023-10-19,91.889999,92.169998,91.610001,91.669998,84.767632,11552700
2023-10-20,91.940002,92.139999,91.900002,92.000000,85.072784,6629800
2023-10-23,91.699997,92.500000,91.580002,92.360001,85.405693,12885800
2023-10-24,92.430000,92.690002,92.279999,92.690002,85.710861,9165100
2023-10-25,92.330002,92.349998,91.919998,92.000000,85.072784,8904400
2023-10-26,92.120003,92.639999,92.110001,92.620003,85.646118,11574400
2023-10-27,92.559998,92.639999,92.370003,92.589996,85.618362,7650000
2023-10-30,92.290001,92.510002,92.150002,92.370003,85.414940,8166700
2023-10-31,92.449997,92.629997,92.309998,92.309998,85.359444,12343600
2023-11-01,92.230003,93.050003,92.230003,93.050003,86.302727,14404600
2023-11-02,93.680000,93.760002,93.370003,93.610001,86.822105,11166700
2023-11-03,94.540001,94.690002,94.139999,94.180000,87.350777,11890300
2023-11-06,93.930000,93.989998,93.629997,93.709999,86.914856,8521600
2023-11-07,93.940002,94.360001,93.910004,94.209999,87.378593,7306900
2023-11-08,94.269997,94.620003,94.250000,94.529999,87.675385,6932200
2023-11-09,94.419998,94.440002,93.730003,93.739998,86.942665,9163200
2023-11-10,94.190002,94.220001,93.879997,93.959999,87.146713,6102000
2023-11-13,93.639999,93.970001,93.529999,93.949997,87.137451,9679500
2023-11-14,95.029999,95.199997,94.930000,95.129997,88.231880,12149600
2023-11-15,94.699997,94.720001,94.459999,94.540001,87.684662,10956800
2023-11-16,94.849998,95.199997,94.849998,95.059998,88.166969,10145400
2023-11-17,95.209999,95.360001,95.029999,95.250000,88.343185,9244000
2023-11-20,95.070000,95.419998,95.070000,95.400002,88.482300,10051600
2023-11-21,95.449997,95.570000,95.279999,95.500000,88.575058,7393800
2023-11-22,95.680000,95.750000,95.370003,95.589996,88.658524,6329900
2023-11-24,95.239998,95.320000,95.120003,95.150002,88.250450,2944300
2023-11-27,95.360001,95.720001,95.330002,95.690002,88.751282,8854500
2023-11-28,95.610001,96.129997,95.570000,96.110001,89.140831,9749400
2023-11-29,96.419998,96.669998,96.339996,96.580002,89.576752,8006800
2023-11-30,96.379997,96.410004,96.129997,96.260002,89.279953,8889100
2023-12-01,96.000000,96.870003,95.970001,96.830002,90.064995,11774300
2023-12-04,96.580002,96.669998,96.309998,96.459999,89.720825,9440200
2023-12-05,96.849998,97.150002,96.790001,97.099998,90.316124,8850600
2023-12-06,97.239998,97.489998,97.150002,97.349998,90.548660,11111200
2023-12-07,97.220001,97.559998,97.220001,97.379997,90.576561,7157900
2023-12-08,96.989998,97.070000,96.720001,96.889999,90.120789,6696600
2023-12-11,96.800003,96.949997,96.599998,96.900002,90.130096,15008700
2023-12-12,96.940002,97.190002,96.820000,97.190002,90.399826,11711400
2023-12-13,97.389999,98.449997,97.330002,98.410004,91.534584,11194400
2023-12-14,98.680000,99.040001,98.610001,98.919998,92.273376,12651200
2023-12-15,98.800003,98.879997,98.589996,98.690002,92.058815,10079100
2023-12-18,98.580002,98.580002,98.419998,98.489998,91.872269,11521000
2023-12-19,98.629997,98.779999,98.589996,98.610001,91.984207,13787100
2023-12-20,98.870003,99.040001,98.690002,98.970001,92.320030,9994100
2023-12-21,99.220001,99.260002,98.830002,98.959999,92.310707,9099100
2023-12-22,99.129997,99.139999,98.809998,98.830002,92.189430,13234700
2023-12-26,98.930000,99.080002,98.889999,99.029999,92.375961,5418500
2023-12-27,99.400002,99.699997,99.309998,99.660004,92.963654,6919900
2023-12-28,99.540001,99.650002,99.309998,99.440002,92.758446,7172200
2023-12-29,99.199997,99.430000,99.129997,99.250000,92.581207,7327600
2024-01-02,98.839996,98.970001,98.730003,98.779999,92.142776,9754400
2024-01-03,98.449997,98.940002,98.309998,98.830002,92.189430,10002100
2024-01-04,98.419998,98.550003,98.330002,98.430000,91.816322,9896600
2024-01-05,98.129997,98.690002,98.070000,98.199997,91.601746,9038700
2024-01-08,98.239998,98.709999,98.209999,98.570000,91.946892,7946500
2024-01-09,98.389999,98.660004,98.389999,98.550003,91.928230,7157400
2024-01-10,98.739998,98.800003,98.360001,98.360001,91.751015,7679400
2024-01-11,98.529999,98.959999,98.410004,98.919998,92.273376,7275900
2024-01-12,99.139999,99.360001,98.959999,99.099998,92.441284,6359400
2024-01-16,98.720001,98.849998,98.269997,98.360001,91.751015,14489800
2024-01-17,98.160004,98.209999,97.940002,98.089996,91.499130,8977500
2024-01-18,98.160004,98.199997,97.889999,98.000000,91.415215,10575100
2024-01-19,97.889999,98.019997,97.669998,98.019997,91.433846,9126000
2024-01-22,98.260002,98.360001,98.099998,98.199997,91.601746,8712600
2024-01-23,97.989998,98.000000,97.820000,97.959999,91.377899,5642800
2024-01-24,98.290001,98.330002,97.699997,97.739998,91.172653,11278500
2024-01-25,98.010002,98.199997,97.959999,98.180000,91.583107,16521600
2024-01-26,98.199997,98.199997,97.980003,98.070000,91.480484,5022800
2024-01-29,98.300003,98.529999,98.190002,98.459999,91.844284,6423600
2024-01-30,98.639999,98.690002,98.290001,98.650002,92.021530,6740000
2024-01-31,99.000000,99.260002,98.809998,99.099998,92.441284,10829000
2024-02-01,99.199997,99.570000,99.019997,99.370003,92.968018,11937400
2024-02-02,98.489998,98.620003,98.260002,98.459999,92.116638,8422500
2024-02-05,97.889999,97.910004,97.559998,97.650002,91.358826,7656800
2024-02-06,97.790001,98.199997,97.779999,98.160004,91.835968,6608400
2024-02-07,97.989998,98.279999,97.940002,97.959999,91.648872,8785200
2024-02-08,97.779999,97.839996,97.620003,97.660004,91.368187,12446900
2024-02-09,97.540001,97.629997,97.500000,97.629997,91.340103,7120500
2024-02-12,97.699997,97.750000,97.519997,97.650002,91.358826,5696300
2024-02-13,97.040001,97.099998,96.750000,96.750000,90.516785,15872600
2024-02-14,96.839996,97.220001,96.839996,97.180000,90.919106,8776900
2024-02-15,97.489998,97.550003,97.230003,97.410004,91.134270,7194500
2024-02-16,96.949997,97.099998,96.900002,97.099998,90.844261,7723700
2024-02-20,97.230003,97.360001,97.160004,97.190002,90.928459,8735700
2024-02-21,97.279999,97.279999,96.870003,96.900002,90.657158,7785100
2024-02-22,96.930000,97.089996,96.839996,96.980003,90.731995,7538200
2024-02-23,96.989998,97.389999,96.989998,97.339996,91.068794,7737900
2024-02-26,97.339996,97.349998,96.970001,97.129997,90.872314,9374600
2024-02-27,97.099998,97.220001,96.940002,97.000000,90.750702,9065300
2024-02-28,97.070000,97.230003,97.010002,97.190002,90.928459,7942500
2024-02-29,97.379997,97.559998,97.290001,97.349998,91.078156,16774100
2024-03-01,96.989998,97.550003,96.809998,97.529999,91.515427,8994800
2024-03-04,97.260002,97.379997,97.230003,97.290001,91.290215,7428200
2024-03-05,97.690002,97.919998,97.599998,97.820000,91.787537,6815500
2024-03-06,97.949997,98.160004,97.910004,97.970001,91.928299,16536100
2024-03-07,98.220001,98.239998,97.970001,98.180000,92.125328,7726600
2024-03-08,98.339996,98.410004,98.190002,98.269997,92.209785,7168700
2024-03-11,98.279999,98.309998,98.089996,98.160004,92.106567,11354600
2024-03-12,98.019997,98.040001,97.800003,97.910004,91.871979,7471900
2024-03-13,97.820000,97.930000,97.730003,97.730003,91.703094,5846600
2024-03-14,97.480003,97.480003,97.099998,97.110001,91.121330,10541000
2024-03-15,97.150002,97.199997,97.019997,97.099998,91.111938,5756800
2024-03-18,97.070000,97.120003,96.919998,97.000000,91.018097,5227200
2024-03-19,97.150002,97.339996,97.110001,97.239998,91.243301,5076600
2024-03-20,97.290001,97.629997,97.129997,97.440002,91.430954,8681200
2024-03-21,97.620003,97.680000,97.410004,97.510002,91.496651,10100300
2024-03-22,97.910004,97.910004,97.739998,97.820000,91.787537,8359200
2024-03-25,97.760002,97.760002,97.570000,97.639999,91.618629,11037700
2024-03-26,97.660004,97.760002,97.519997,97.739998,91.712463,8830500
2024-03-27,97.800003,98.080002,97.790001,98.059998,92.012733,9366800
2024-03-28,97.930000,98.080002,97.849998,97.940002,91.900146,8863300
2024-04-01,97.320000,97.339996,96.889999,96.940002,91.231941,8667400
2024-04-02,96.660004,96.889999,96.540001,96.870003,91.166054,10624600
2024-04-03,96.580002,96.949997,96.489998,96.930000,91.222519,6919300
2024-04-04,97.110001,97.169998,96.919998,97.160004,91.438995,9327500
2024-04-05,96.760002,97.000000,96.680000,96.680000,90.987236,12343600
2024-04-08,96.559998,96.699997,96.500000,96.589996,90.902527,11457100
2024-04-09,96.830002,96.980003,96.830002,96.919998,91.213104,5736500
2024-04-10,96.220001,96.269997,95.739998,95.760002,90.121429,11248700
2024-04-11,95.980003,96.029999,95.589996,95.779999,90.140251,16217600
2024-04-12,96.080002,96.199997,95.959999,95.959999,90.309639,17284600
2024-04-15,95.470001,95.529999,95.209999,95.379997,89.763794,11705300
2024-04-16,95.010002,95.180000,94.900002,95.110001,89.509697,17565900
2024-04-17,95.400002,95.610001,95.250000,95.550003,89.923790,7567800
2024-04-18,95.550003,95.570000,95.220001,95.279999,89.669678,7717500
2024-04-19,95.529999,95.550003,95.330002,95.379997,89.763794,9121700
2024-04-22,95.330002,95.529999,95.320000,95.440002,89.820274,9029000
2024-04-23,95.379997,95.839996,95.300003,95.639999,90.008461,10837100
2024-04-24,95.379997,95.470001,95.199997,95.389999,89.773209,7961000
2024-04-25,94.940002,95.139999,94.849998,95.120003,89.519112,6758100
2024-04-26,95.320000,95.470001,95.300003,95.330002,89.716751,8442500
2024-04-29,95.599998,95.669998,95.449997,95.620003,89.989662,7384600
2024-04-30,95.320000,95.500000,95.150002,95.230003,89.622620,11228300
2024-05-01,95.199997,95.580002,94.989998,95.269997,89.938873,11017700
2024-05-02,95.269997,95.730003,95.220001,95.699997,90.344803,7607300
2024-05-03,96.320000,96.459999,95.930000,96.190002,90.807404,9146700
2024-05-06,96.209999,96.330002,96.150002,96.260002,90.873482,10155500
2024-05-07,96.529999,96.669998,96.379997,96.459999,91.062294,7687000
2024-05-08,96.250000,96.349998,96.230003,96.260002,90.873482,4587200
2024-05-09,96.199997,96.529999,96.190002,96.440002,91.043404,6732500
2024-05-10,96.260002,96.330002,96.160004,96.239998,90.854591,5326400
2024-05-13,96.440002,96.470001,96.279999,96.290001,90.901802,5263200
2024-05-14,96.500000,96.639999,96.419998,96.550003,91.147247,5243300
2024-05-15,97.110001,97.279999,96.980003,97.190002,91.751465,5846300
2024-05-16,97.230003,97.269997,97.010002,97.080002,91.647591,7894400
2024-05-17,96.919998,97.000000,96.769997,96.769997,91.354942,5267100
2024-05-20,96.709999,96.760002,96.669998,96.680000,91.269966,5263000
2024-05-21,96.919998,96.949997,96.830002,96.860001,91.439896,5227900
2024-05-22,96.660004,96.889999,96.650002,96.739998,91.326637,3823600
2024-05-23,96.830002,96.830002,96.370003,96.470001,91.071747,5094900
2024-05-24,96.430000,96.620003,96.389999,96.580002,91.175568,3072100
2024-05-28,96.669998,96.690002,96.120003,96.129997,90.750755,6046100
2024-05-29,95.910004,95.930000,95.629997,95.760002,90.401451,8249100
2024-05-30,96.080002,96.230003,96.019997,96.209999,90.826279,5568800
2024-05-31,96.459999,96.589996,96.410004,96.519997,91.118927,8762900
2024-06-03,96.400002,96.800003,96.379997,96.800003,91.670105,6095500
2024-06-04,97.000000,97.239998,96.940002,97.150002,92.001541,3979100
2024-06-05,97.290001,97.449997,97.040001,97.449997,92.285637,4602500
2024-06-06,97.309998,97.500000,97.309998,97.480003,92.314056,6568700
2024-06-07,96.820000,96.820000,96.620003,96.620003,91.499626,5365000
2024-06-10,96.519997,96.589996,96.430000,96.540001,91.423866,8235900
2024-06-11,96.639999,96.930000,96.559998,96.870003,91.736374,4650200
2024-06-12,97.599998,97.809998,97.309998,97.330002,92.172012,7627000
2024-06-13,97.699997,97.930000,97.580002,97.820000,92.636040,7094800
2024-06-14,97.849998,98.050003,97.849998,97.919998,92.730728,6239500
2024-06-17,97.570000,97.599998,97.449997,97.570000,92.399277,5265000
2024-06-18,97.699997,98.040001,97.680000,97.919998,92.730728,7030700
2024-06-20,97.550003,97.769997,97.519997,97.750000,92.569740,5621600
2024-06-21,97.889999,97.980003,97.650002,97.760002,92.579216,4715000
2024-06-24,97.820000,97.860001,97.720001,97.839996,92.654961,5017300
2024-06-25,97.779999,97.879997,97.709999,97.830002,92.645500,5701300
2024-06-26,97.430000,97.489998,97.370003,97.389999,92.228806,4964100
2024-06-27,97.559998,97.669998,97.540001,97.550003,92.380356,5276500
2024-06-28,97.769997,97.800003,97.070000,97.070000,91.925789,12781500
2024-07-01,96.430000,96.660004,96.220001,96.250000,91.432762,12238900
2024-07-02,96.639999,96.669998,96.440002,96.570000,91.736740,5441900
2024-07-03,96.800003,97.169998,96.769997,97.089996,92.230713,4061100
2024-07-05,97.449997,97.629997,97.309998,97.580002,92.696205,3489900
2024-07-08,97.589996,97.650002,97.449997,97.610001,92.724693,4602900
2024-07-09,97.510002,97.610001,97.339996,97.519997,92.639198,5004600
2024-07-10,97.610001,97.669998,97.489998,97.620003,92.734184,4586000
2024-07-11,98.180000,98.309998,98.089996,98.120003,93.209160,3789000
2024-07-12,98.169998,98.389999,98.129997,98.389999,93.465660,6329000
2024-07-15,98.150002,98.279999,98.029999,98.050003,93.142670,6984700
2024-07-16,98.180000,98.449997,98.139999,98.449997,93.522659,8936100
2024-07-17,98.260002,98.570000,98.230003,98.519997,93.589134,5680400
2024-07-18,98.370003,98.559998,98.209999,98.250000,93.332649,10584200
2024-07-19,98.040001,98.099998,97.970001,98.050003,93.142670,7735700
2024-07-22,98.120003,98.199997,97.860001,98.010002,93.104668,11657500
2024-07-23,98.099998,98.180000,97.980003,98.000000,93.095192,7225900
2024-07-24,97.820000,98.190002,97.699997,97.699997,92.810188,6578500
2024-07-25,97.839996,98.139999,97.820000,97.970001,93.066673,12766200
2024-07-26,98.290001,98.360001,98.180000,98.320000,93.399162,4243800
2024-07-29,98.540001,98.540001,98.370003,98.480003,93.551155,6822600
2024-07-30,98.519997,98.639999,98.379997,98.580002,93.646149,5845800
2024-07-31,98.809998,99.120003,98.650002,99.110001,94.149605,11725100
2024-08-01,99.010002,99.320000,99.010002,99.220001,94.544098,9642700
2024-08-02,99.879997,100.370003,99.800003,100.330002,95.601791,9397500
2024-08-05,100.820000,100.889999,100.019997,100.250000,95.525574,12066100
2024-08-06,100.139999,100.160004,99.629997,99.650002,94.953850,10945200
2024-08-07,99.510002,99.610001,99.239998,99.349998,94.667976,8085200
2024-08-08,99.110001,99.279999,99.070000,99.199997,94.525040,5558000
2024-08-09,99.639999,99.699997,99.480003,99.550003,94.858551,3879200
2024-08-12,99.470001,99.779999,99.410004,99.720001,95.020546,7300600
2024-08-13,100.040001,100.120003,99.930000,100.120003,95.401695,3925500
2024-08-14,100.150002,100.400002,100.139999,100.300003,95.573212,9871500
2024-08-15,99.699997,99.900002,99.650002,99.879997,95.172997,8628400
2024-08-16,100.029999,100.120003,99.849998,100.120003,95.401695,6507900
2024-08-19,100.070000,100.339996,100.040001,100.230003,95.506516,4690300
2024-08-20,100.410004,100.559998,100.330002,100.529999,95.792374,5516700
2024-08-21,100.610001,100.900002,100.430000,100.720001,95.973427,6366700
2024-08-22,100.540001,100.570000,100.230003,100.309998,95.582741,7893700
2024-08-23,100.519997,100.809998,100.430000,100.769997,96.021065,6179500
2024-08-26,100.919998,100.919998,100.660004,100.680000,95.935295,6653200
2024-08-27,100.480003,100.739998,100.430000,100.709999,95.963882,7965400
2024-08-28,100.709999,100.769997,100.599998,100.620003,95.878136,6960300
2024-08-29,100.449997,100.550003,100.349998,100.489998,95.754257,6912700
2024-08-30,100.510002,100.639999,100.220001,100.250000,95.525574,7213200
2024-09-03,100.320000,100.529999,100.230003,100.360001,95.928940,6837200
2024-09-04,100.430000,100.849998,100.400002,100.800003,96.349503,10867700
2024-09-05,101.019997,101.120003,100.750000,101.059998,96.598022,11921900
2024-09-06,101.129997,101.599998,100.970001,101.190002,96.722282,8830200
2024-09-09,101.150002,101.430000,101.050003,101.339996,96.865662,7569300
2024-09-10,101.339996,101.699997,101.309998,101.650002,97.161964,5979300
2024-09-11,101.510002,101.849998,101.459999,101.620003,97.133301,4184400
2024-09-12,101.559998,101.650002,101.379997,101.529999,97.047272,6419400
2024-09-13,101.760002,101.820000,101.620003,101.739998,97.248001,5330600
2024-09-16,101.830002,102.040001,101.750000,101.980003,97.477417,8425900
2024-09-17,101.989998,102.029999,101.830002,101.879997,97.381828,9256000
2024-09-18,101.680000,102.029999,101.529999,101.559998,97.075943,6280000
2024-09-19,101.410004,101.610001,101.370003,101.570000,97.085503,5079800
2024-09-20,101.430000,101.650002,101.320000,101.480003,96.999496,8464900
2024-09-23,101.339996,101.589996,101.190002,101.440002,96.961258,8428100
2024-09-24,101.269997,101.620003,101.220001,101.580002,97.095070,5803600
2024-09-25,101.419998,101.430000,101.190002,101.190002,96.722282,9259100
2024-09-26,101.320000,101.349998,101.000000,101.209999,96.741402,8124400
2024-09-27,101.410004,101.559998,101.330002,101.500000,97.018608,5033300
2024-09-30,101.440002,101.480003,101.139999,101.269997,96.798775,9105400
2024-10-01,101.269997,101.449997,101.150002,101.230003,97.054741,8811400
2024-10-02,100.879997,101.110001,100.809998,101.019997,96.853394,11700900
2024-10-03,100.849998,100.889999,100.589996,100.610001,96.460320,8751200
2024-10-04,100.099998,100.139999,99.889999,99.959999,95.837120,9639700
2024-10-07,99.639999,99.769997,99.580002,99.620003,95.511154,6382100
2024-10-08,99.519997,99.790001,99.489998,99.790001,95.674133,7340100
2024-10-09,99.639999,99.669998,99.470001,99.529999,95.424866,8218300
2024-10-10,99.449997,99.550003,99.230003,99.470001,95.367348,5757700
2024-10-11,99.410004,99.620003,99.360001,99.500000,95.396095,4878600
2024-10-14,99.199997,99.419998,99.169998,99.410004,95.309830,3512600
2024-10-15,99.739998,99.839996,99.680000,99.809998,95.693314,7158700
2024-10-16,99.959999,100.040001,99.870003,99.940002,95.817947,4741300
2024-10-17,99.599998,99.660004,99.419998,99.449997,95.348152,5306300
2024-10-18,99.629997,99.680000,99.500000,99.519997,95.415268,4973000
2024-10-21,99.180000,99.209999,98.830002,98.830002,94.753738,6873900
2024-10-22,98.930000,99.010002,98.769997,98.849998,94.772903,11401800
2024-10-23,98.570000,98.760002,98.480003,98.599998,94.533218,19659700
2024-10-24,98.680000,98.949997,98.599998,98.790001,94.715370,7559300
2024-10-25,98.970001,98.989998,98.540001,98.589996,94.523621,9028500
2024-10-28,98.639999,98.650002,98.290001,98.430000,94.370232,7362900
2024-10-29,98.120003,98.559998,98.089996,98.540001,94.475700,5421700
2024-10-30,98.750000,98.940002,98.400002,98.440002,94.379822,11188400
2024-10-31,98.320000,98.580002,98.150002,98.419998,94.360649,12754500
2024-11-01,98.290001,98.379997,97.680000,97.720001,93.985550,10387300
2024-11-04,98.250000,98.379997,97.949997,98.129997,94.379875,6629800
2024-11-05,98.089996,98.389999,97.860001,98.360001,94.601097,6663000
2024-11-06,97.430000,97.820000,97.360001,97.589996,93.860504,9158100
2024-11-07,97.959999,98.540001,97.900002,98.330002,94.572243,17402300
2024-11-08,98.480003,98.720001,98.370003,98.500000,94.735733,6199800
2024-11-11,98.300003,98.330002,98.160004,98.279999,94.524147,4501200
2024-11-12,97.980003,98.139999,97.650002,97.709999,93.975914,16775400
2024-11-13,98.169998,98.199997,97.570000,97.690002,93.956688,15834900
2024-11-14,97.849998,97.989998,97.570000,97.650002,93.918221,7312000
2024-11-15,97.440002,97.879997,97.260002,97.660004,93.927841,11844300
2024-11-18,97.550003,97.820000,97.470001,97.750000,94.014397,5260600
2024-11-19,97.949997,98.050003,97.870003,97.889999,94.149048,4735900
2024-11-20,97.690002,97.930000,97.669998,97.790001,94.052864,5551100
2024-11-21,97.849998,98.010002,97.669998,97.739998,94.004768,6348500
2024-11-22,97.870003,97.919998,97.720001,97.809998,94.072105,4989600
2024-11-25,98.529999,98.699997,98.430000,98.690002,94.918472,9246200
2024-11-26,98.489998,98.540001,98.300003,98.540001,94.774200,11303100
2024-11-27,98.800003,98.930000,98.650002,98.809998,95.033890,8749800
2024-11-29,99.150002,99.220001,99.080002,99.199997,95.408989,9623200
2024-12-02,99.389999,99.599998,98.580002,98.900002,95.420570,18397600
2024-12-03,98.970001,99.059998,98.669998,98.709999,95.237236,6889800
2024-12-04,98.519997,99.089996,98.480003,99.029999,95.545998,7448900
2024-12-05,98.959999,99.110001,98.849998,99.050003,95.565292,8786700
2024-12-06,99.400002,99.440002,99.139999,99.330002,95.835434,12890600
2024-12-09,99.199997,99.220001,99.029999,99.040001,95.555634,10689000
2024-12-10,98.870003,98.989998,98.800003,98.919998,95.439857,5984500
2024-12-11,99.080002,99.150002,98.660004,98.690002,95.217949,8095800
2024-12-12,98.529999,98.580002,98.250000,98.290001,94.832024,12353100
2024-12-13,98.199997,98.230003,97.870003,97.919998,94.475044,6566300
2024-12-16,98.070000,98.099998,97.879997,98.010002,94.561874,7124100
2024-12-17,98.000000,98.129997,97.949997,98.010002,94.561874,7239200
2024-12-18,97.660004,97.800003,96.900002,96.949997,93.841721,14261400
2024-12-19,96.760002,96.820000,96.500000,96.699997,93.599731,15490100
2024-12-20,97.050003,97.220001,96.940002,96.959999,93.851387,8657700
2024-12-23,96.949997,96.970001,96.599998,96.660004,93.561028,10540800
2024-12-24,96.500000,96.779999,96.470001,96.769997,93.667496,4739300
2024-12-26,96.519997,96.879997,96.510002,96.839996,93.735245,10620200
2024-12-27,96.790001,96.889999,96.610001,96.639999,93.541656,8601300
2024-12-30,97.000000,97.080002,96.959999,97.019997,93.909470,10154500
2024-12-31,97.150002,97.209999,96.830002,96.900002,93.793327,12276700
2025-01-02,97.070000,97.209999,96.779999,96.910004,93.803009,5547700
2025-01-03,97.029999,97.070000,96.790001,96.809998,93.706207,5331000
2025-01-06,96.720001,96.800003,96.580002,96.709999,93.609413,9248300
2025-01-07,96.610001,96.680000,96.239998,96.370003,93.280319,9153300
2025-01-08,96.269997,96.519997,96.230003,96.480003,93.386795,7444500
2025-01-10,95.849998,96.230003,95.849998,95.940002,92.864098,9822000
2025-01-13,95.940002,95.949997,95.739998,95.849998,92.776985,10420700
2025-01-14,95.860001,95.930000,95.750000,95.879997,92.806007,5487600
2025-01-15,96.940002,96.940002,96.550003,96.709999,93.609413,9563000
2025-01-16,96.629997,97.029999,96.500000,96.919998,93.812683,9810800
2025-01-17,97.070000,97.099998,96.870003,96.919998,93.812683,5360200
2025-01-21,97.150002,97.279999,97.089996,97.239998,94.122421,7725900
2025-01-22,97.209999,97.250000,96.959999,97.010002,93.899803,7283400
2025-01-23,96.769997,96.919998,96.720001,96.849998,93.744911,7707000
2025-01-24,96.870003,97.110001,96.800003,97.010002,93.899803,6459400
2025-01-27,97.489998,97.559998,97.309998,97.550003,94.422485,7602000
2025-01-28,97.339996,97.529999,97.290001,97.519997,94.393448,5730300
2025-01-29,97.580002,97.650002,97.220001,97.459999,94.335373,5912800
2025-01-30,97.620003,97.730003,97.519997,97.599998,94.470863,6802900
2025-01-31,97.620003,97.730003,97.260002,97.400002,94.277298,10750100
2025-02-03,97.339996,97.540001,97.050003,97.169998,94.366638,9977100
2025-02-04,97.019997,97.379997,97.000000,97.349998,94.541443,8483500
2025-02-05,97.699997,98.000000,97.660004,97.870003,95.046448,9716700
2025-02-06,97.769997,97.879997,97.629997,97.769997,94.949333,6629400
2025-02-07,97.519997,97.589996,97.360001,97.459999,94.648285,6422300
2025-02-10,97.570000,97.680000,97.410004,97.489998,94.677406,6038700
2025-02-11,97.269997,97.339996,97.220001,97.269997,94.463760,8001100
2025-02-12,96.769997,96.879997,96.610001,96.760002,93.968483,6404900
2025-02-13,97.160004,97.430000,96.839996,97.339996,94.531746,7041200
2025-02-14,97.750000,97.879997,97.669998,97.699997,94.881363,6257500
2025-02-18,97.459999,97.580002,97.309998,97.309998,94.502602,8159400
2025-02-19,97.269997,97.500000,97.269997,97.449997,94.638557,5604800
2025-02-20,97.540001,97.669998,97.500000,97.599998,94.784233,27958700
2025-02-21,97.750000,98.180000,97.699997,98.019997,95.192116,7070600
2025-02-24,97.959999,98.239998,97.940002,98.190002,95.357216,7298300
2025-02-25,98.650002,98.809998,98.559998,98.800003,95.949631,5801200
2025-02-26,98.769997,99.019997,98.650002,98.959999,96.105003,5035900
2025-02-27,98.769997,98.930000,98.730003,98.809998,95.959335,6263200
2025-02-28,99.080002,99.290001,98.919998,99.250000,96.386642,14453000
2025-03-03,98.660004,99.190002,98.599998,99.160004,96.595100,7533500
2025-03-04,99.300003,99.400002,98.809998,98.910004,96.351570,7532400
2025-03-05,98.970001,99.059998,98.550003,98.570000,96.020355,7302600
2025-03-06,98.510002,98.620003,98.230003,98.470001,95.922951,9946200
2025-03-07,98.849998,98.980003,98.300003,98.349998,95.806046,6450700
2025-03-10,98.809998,98.989998,98.730003,98.820000,96.263893,12318600
2025-03-11,98.769997,98.940002,98.419998,98.470001,95.922951,10187900
2025-03-12,98.300003,98.430000,98.160004,98.180000,95.640450,8436700
2025-03-13,98.089996,98.500000,98.010002,98.480003,95.932678,7959500
2025-03-14,98.339996,98.419998,98.250000,98.279999,95.737854,8949800
2025-03-17,98.489998,98.650002,98.349998,98.410004,95.864494,10605800
2025-03-18,98.300003,98.620003,98.279999,98.510002,95.961906,9022000
2025-03-19,98.419998,98.830002,98.330002,98.800003,96.244415,6763800
2025-03-20,99.220001,99.250000,98.800003,98.860001,96.302872,6556800
2025-03-21,98.959999,99.040001,98.739998,98.739998,96.185959,5028800
2025-03-24,98.599998,98.639999,98.320000,98.360001,95.815796,4894800
2025-03-25,98.370003,98.559998,98.339996,98.449997,95.903465,5663000
2025-03-26,98.360001,98.400002,98.199997,98.209999,95.669662,6744000
2025-03-27,98.160004,98.230003,98.010002,98.160004,95.620972,9513000
2025-03-28,98.540001,98.820000,98.459999,98.730003,96.176231,8534000
2025-03-31,98.980003,99.089996,98.699997,98.919998,96.361313,13350700
2025-04-01,98.809998,99.129997,98.620003,98.959999,96.718040,10295200
2025-04-02,99.169998,99.209999,98.620003,98.849998,96.610527,8225100
2025-04-03,99.470001,99.730003,99.050003,99.370003,97.118744,9905000
2025-04-04,99.919998,100.550003,99.440002,99.459999,97.206711,14914300
2025-04-07,99.220001,99.309998,98.000000,98.199997,95.975258,21796300
2025-04-08,98.099998,98.690002,97.639999,97.690002,95.476807,13173300
2025-04-09,97.070000,97.989998,96.629997,97.910004,95.691833,16244400
2025-04-10,97.669998,97.860001,97.110001,97.139999,94.939278,9940000
2025-04-11,96.660004,97.169998,96.150002,97.040001,94.841537,8437400
2025-04-14,97.440002,97.690002,97.269997,97.610001,95.398621,7940600
2025-04-15,97.599998,97.959999,97.510002,97.809998,95.594086,10074400
2025-04-16,97.879997,98.190002,97.720001,98.120003,95.897064,10105000
2025-04-17,98.059998,98.110001,97.809998,97.870003,95.652733,5589400
2025-04-21,97.610001,97.830002,97.279999,97.279999,95.076103,7925700
2025-04-22,97.610001,97.769997,97.449997,97.459999,95.252022,6521400
2025-04-23,98.330002,98.470001,97.650002,97.699997,95.486572,13376700
2025-04-24,98.059998,98.250000,98.000000,98.239998,96.014343,8524400
2025-04-25,98.470001,98.629997,98.360001,98.599998,96.366196,9058900
2025-04-28,98.519997,98.900002,98.500000,98.870003,96.630074,4890800
2025-04-29,98.760002,99.110001,98.750000,99.110001,96.864647,6731100
2025-04-30,98.989998,99.169998,98.879997,99.019997,96.776672,7370300
2025-05-01,98.830002,98.870003,98.279999,98.430000,96.512917,6912600
2025-05-02,98.059998,98.339996,97.820000,97.949997,96.042267,9879200
2025-05-05,97.900002,97.910004,97.650002,97.779999,95.875580,14273800
2025-05-06,97.779999,98.019997,97.650002,98.019997,96.110886,11730100
2025-05-07,98.160004,98.339996,98.089996,98.169998,96.257980,6557000
2025-05-08,98.209999,98.230003,97.650002,97.660004,95.757919,7814200
2025-05-09,97.860001,97.970001,97.739998,97.760002,95.855972,5739200
2025-05-12,97.449997,97.660004,97.330002,97.430000,95.532394,10768200
2025-05-13,97.500000,97.550003,97.239998,97.330002,95.434341,6305500
2025-05-14,97.279999,97.339996,97.010002,97.050003,95.159798,7350600
2025-05-15,97.309998,97.599998,97.220001,97.599998,95.699089,7638900
2025-05-16,97.910004,97.919998,97.620003,97.660004,95.757919,5262500
2025-05-19,97.139999,97.660004,97.099998,97.629997,95.728500,7232700
2025-05-20,97.519997,97.540001,97.279999,97.459999,95.561813,7496600
2025-05-21,97.169998,97.279999,96.739998,96.820000,94.934273,12393200
2025-05-22,96.769997,97.110001,96.660004,97.099998,95.208817,6084800
2025-05-23,97.339996,97.379997,97.080002,97.239998,95.346100,5210500
2025-05-27,97.510002,97.739998,97.419998,97.680000,95.777527,7461500
2025-05-28,97.559998,97.669998,97.379997,97.500000,95.601028,4909200
2025-05-29,97.739998,97.940002,97.699997,97.860001,95.954018,7724100
2025-05-30,97.860001,98.099998,97.800003,98.099998,96.189346,15488400
2025-06-02,97.230003,97.599998,97.230003,97.519997,95.936516,28390000
2025-06-03,97.599998,97.750000,97.370003,97.449997,95.867661,7177600
2025-06-04,97.750000,98.089996,97.690002,98.029999,96.438232,7761500
2025-06-05,98.029999,98.120003,97.769997,97.779999,96.192291,10456500
2025-06-06,97.459999,97.529999,97.250000,97.279999,95.700417,6299900
2025-06-09,97.290001,97.540001,97.269997,97.400002,95.818466,7096500
2025-06-10,97.720001,97.739998,97.510002,97.620003,96.034897,4990900
2025-06-11,97.790001,97.980003,97.699997,97.949997,96.359535,5992400
2025-06-12,98.239998,98.320000,98.120003,98.309998,96.713692,5726200
2025-06-13,98.110001,98.160004,97.760002,97.959999,96.369370,8050300
2025-06-16,97.889999,98.070000,97.750000,97.760002,96.172623,5680900
2025-06-17,97.949997,98.120003,97.760002,98.059998,96.467751,5312000
2025-06-18,98.209999,98.400002,98.029999,98.129997,96.536606,5907900
2025-06-20,98.000000,98.309998,97.949997,98.220001,96.625145,6213000
2025-06-23,98.400002,98.650002,98.300003,98.419998,96.821899,5884600
2025-06-24,98.360001,98.820000,98.339996,98.820000,97.215416,7907600
2025-06-25,98.620003,98.809998,98.519997,98.809998,97.205566,8434800
2025-06-26,98.800003,99.099998,98.779999,99.080002,97.471191,9775100
2025-06-27,98.870003,99.099998,98.760002,98.800003,97.195732,25931600
2025-06-30,99.050003,99.230003,98.940002,99.199997,97.589241,14036800
2025-07-01,98.870003,98.949997,98.669998,98.790001,97.499428,18480200
2025-07-02,98.680000,98.699997,98.540001,98.669998,97.380997,8756000
2025-07-03,98.529999,98.589996,98.410004,98.470001,97.183617,4583200
2025-07-07,98.320000,98.330002,98.059998,98.120003,96.838181,8088100
2025-07-08,97.949997,98.080002,97.930000,98.080002,96.798706,7804200
2025-07-09,98.209999,98.489998,98.129997,98.489998,97.203346,11043600
2025-07-10,98.419998,98.480003,98.300003,98.459999,97.173737,5125300
2025-07-11,98.169998,98.250000,98.019997,98.050003,96.769104,6106500
2025-07-14,98.010002,98.129997,97.930000,98.040001,96.759224,6231400
2025-07-15,98.160004,98.160004,97.699997,97.750000,96.473015,9681000
2025-07-16,97.889999,98.019997,97.690002,97.889999,96.611183,23556800
2025-07-17,97.980003,98.059998,97.860001,97.930000,96.650665,8355500
2025-07-18,98.150002,98.169998,98.040001,98.110001,96.828316,8443800
2025-07-21,98.459999,98.540001,98.360001,98.379997,97.094780,6865700
2025-07-22,98.480003,98.639999,98.430000,98.570000,97.282303,6172700
2025-07-23,98.449997,98.480003,98.320000,98.349998,97.065178,7466900
2025-07-24,98.110001,98.360001,98.089996,98.290001,97.005959,9643800
2025-07-25,98.300003,98.480003,98.250000,98.449997,97.163864,5530400
2025-07-28,98.360001,98.419998,98.279999,98.320000,97.035576,7032200
2025-07-29,98.419998,98.849998,98.419998,98.849998,97.558640,12015200
2025-07-30,98.669998,98.820000,98.519997,98.570000,97.282303,8305400
2025-07-31,98.720001,98.830002,98.570000,98.620003,97.331650,19774600
2025-08-01,98.870003,99.160004,98.849998,99.139999,98.173363,12416200
2025-08-04,99.160004,99.239998,99.029999,99.220001,98.252579,6717900
2025-08-05,99.129997,99.309998,99.110001,99.250000,98.282295,9092400
2025-08-06,99.139999,99.290001,98.839996,99.209999,98.242683,8102700
2025-08-07,99.230003,99.320000,99.089996,99.129997,98.163452,7869300
2025-08-08,99.000000,99.120003,98.889999,98.940002,97.975311,8238100
2025-08-11,99.010002,99.120003,98.940002,99.010002,98.044632,9698300
2025-08-12,98.910004,99.010002,98.800003,99.010002,98.044632,12239500
2025-08-13,99.279999,99.410004,99.260002,99.370003,98.401123,5386800
2025-08-14,99.180000,99.269997,99.019997,99.089996,98.123840,5208500
2025-08-15,99.070000,99.099998,98.870003,98.940002,97.975311,6884600
2025-08-18,98.989998,99.000000,98.750000,98.830002,97.866386,7906400
2025-08-19,98.940002,99.040001,98.910004,99.019997,98.054527,9946800
2025-08-20,98.989998,99.160004,98.980003,99.080002,98.113953,5615200
2025-08-21,98.959999,98.989998,98.730003,98.849998,97.886192,7129200
2025-08-22,99.029999,99.449997,99.000000,99.400002,98.430824,9451400
2025-08-25,99.209999,99.339996,99.160004,99.250000,98.282295,5624900
2025-08-26,99.239998,99.389999,99.160004,99.370003,98.401123,4696000
2025-08-27,99.220001,99.470001,99.169998,99.470001,98.500137,7320800
2025-08-28,99.430000,99.610001,99.410004,99.589996,98.618973,7068500
2025-08-29,99.470001,99.540001,99.400002,99.459999,98.490250,9181400
2025-09-02,98.820000,98.949997,98.790001,98.870003,98.228951,8529800
2025-09-03,98.949997,99.330002,98.949997,99.230003,98.586617,8400000
2025-09-04,99.440002,99.639999,99.339996,99.629997,98.984016,6297100
2025-09-05,100.139999,100.230003,100.080002,100.099998,99.450974,7617200
2025-09-08,100.330002,100.449997,100.300003,100.440002,99.788773,7202700
2025-09-09,100.379997,100.459999,100.160004,100.239998,99.590057,7090000
2025-09-10,100.410004,100.589996,100.339996,100.440002,99.788773,5952400
2025-09-11,100.550003,100.779999,100.529999,100.629997,99.977531,6776500
2025-09-12,100.480003,100.540001,100.339996,100.540001,99.888115,6525900
2025-09-15,100.669998,100.739998,100.620003,100.709999,100.057014,5039000
2025-09-16,100.750000,100.970001,100.650002,100.750000,100.096756,8264600
2025-09-17,100.870003,101.019997,100.489998,100.570000,99.917931,7878300
2025-09-18,100.269997,100.410004,100.160004,100.290001,99.639740,7123700
2025-09-19,100.300003,100.360001,100.209999,100.290001,99.639740,7238500
2025-09-22,100.260002,100.290001,100.120003,100.169998,99.520515,5642100
2025-09-23,100.239998,100.360001,100.160004,100.330002,99.679482,8095500
2025-09-24,100.250000,100.260002,100.110001,100.139999,99.490715,6610800
2025-09-25,100.000000,100.059998,99.849998,100.000000,99.351624,8743500
2025-09-26,100.089996,100.209999,99.970001,100.070000,99.421165,6868100
2025-09-29,100.180000,100.330002,100.139999,100.260002,99.609940,7751600
2025-09-30,100.330002,100.489998,100.199997,100.250000,99.599998,12400700
2025-10-01,100.180000,100.260002,100.029999,100.180000,99.854172,6961300
2025-10-02,100.139999,100.320000,100.099998,100.290001,99.963814,6055800
2025-10-03,100.320000,100.379997,100.160004,100.180000,99.854172,5268700
2025-10-06,100.000000,100.150002,99.949997,99.959999,99.634888,6950200
2025-10-07,100.080002,100.230003,100.019997,100.129997,99.804329,6379200
2025-10-08,100.309998,100.330002,100.110001,100.139999,99.814301,5726900
2025-10-09,100.080002,100.099998,100.000000,100.019997,99.694687,5199500
2025-10-10,100.360001,100.540001,100.250000,100.430000,100.103355,10204100
2025-10-13,100.459999,100.629997,100.360001,100.620003,100.292740,8320400
2025-10-14,100.570000,100.790001,100.529999,100.779999,100.452217,8508700
2025-10-15,100.820000,100.930000,100.650002,100.739998,100.412346,6297000
2025-10-16,100.690002,101.110001,100.669998,101.099998,100.771179,10035200
2025-10-17,101.010002,101.010002,100.860001,100.959999,100.631630,11738900
2025-10-20,101.070000,101.129997,101.019997,101.129997,100.801079,7299100
2025-10-21,101.269997,101.349998,101.199997,101.230003,100.900757,12965900
2025-10-22,101.160004,101.239998,101.089996,101.220001,100.890785,13263200
2025-10-23,101.110001,101.169998,101.010002,101.040001,100.711372,9975000
2025-10-24,101.169998,101.199997,101.019997,101.139999,100.811050,6544500
2025-10-27,101.080002,101.209999,100.970001,101.209999,100.880821,8527600
2025-10-28,101.190002,101.300003,101.139999,101.269997,100.940620,10300500
2025-10-29,101.250000,101.250000,100.760002,100.790001,100.462189,9275700
2025-10-30,100.480003,100.760002,100.459999,100.599998,100.272804,13563800
2025-10-31,100.660004,100.699997,100.500000,100.540001,100.212997,13111900
2025-11-03,100.070000,100.150002,100.000000,100.089996,100.089996,9042100
2025-11-04,100.150002,100.279999,100.129997,100.139999,100.139999,29687500
2025-11-05,100.099998,100.110001,99.820000,99.870003,99.870003,8164900
2025-11-06,100.180000,100.300003,100.139999,100.239998,100.239998,7247600
2025-11-07,100.129997,100.339996,100.110001,100.199997,100.199997,5708300
2025-11-10,100.199997,100.269997,100.099998,100.160004,100.160004,7945000
2025-11-11,100.379997,100.489998,100.330002,100.459999,100.459999,5186200
2025-11-12,100.419998,100.500000,100.360001,100.419998,100.419998,6267300
2025-11-13,100.239998,100.330002,100.120003,100.120003,100.120003,7541600
2025-11-14,100.300003,100.330002,99.980003,100.000000,100.000000,6350400
2025-11-17,100.050003,100.139999,100.010002,100.019997,100.019997,7821800
2025-11-18,100.250000,100.269997,100.000000,100.080002,100.080002,7731800
2025-11-19,100.199997,100.249901,100.029999,100.065002,100.065002,6217555