Date,Open,High,Low,Close,Adj Close,Volume
2000-06-19,35.031250,35.031250,35.031250,35.031250,12.974591,200
2000-06-20,35.125000,35.179688,35.125000,35.179688,13.029564,400
2000-06-21,35.390625,35.390625,35.351563,35.351563,13.093233,20600
2000-06-22,35.367188,35.367188,35.367188,35.367188,13.099013,400
2000-06-23,35.367188,35.367188,35.367188,35.367188,13.099013,0
2000-06-26,35.125000,35.125000,34.875000,34.875000,12.916718,2000
2000-06-27,35.359375,35.375000,35.359375,35.375000,13.101904,2600
2000-06-28,35.375000,35.375000,35.375000,35.375000,13.101904,0
2000-06-29,35.375000,35.375000,35.375000,35.375000,13.101904,0
2000-06-30,35.796875,35.812500,35.375000,35.375000,13.101904,2800
2000-07-03,35.421875,35.578125,35.421875,35.578125,13.177143,45400
2000-07-05,35.625000,35.906250,35.593750,35.906250,13.298670,32600
2000-07-06,35.750000,36.125000,35.750000,36.015625,13.339181,6600
2000-07-07,36.109375,36.390625,36.109375,36.281250,13.437554,8400
2000-07-10,36.359375,36.375000,36.250000,36.250000,13.425979,10400
2000-07-11,36.234375,36.234375,36.234375,36.234375,13.420197,200
2000-07-12,36.250000,36.250000,36.062500,36.062500,13.356536,8800
2000-07-13,36.031250,36.031250,36.031250,36.031250,13.344968,4000
2000-07-14,36.000000,36.031250,35.953125,35.953125,13.316022,58000
2000-07-17,36.109375,36.109375,36.109375,36.109375,13.373897,1200
2000-07-18,36.218750,36.218750,36.218750,36.218750,13.414412,400
2000-07-19,35.734375,35.875000,35.625000,35.781250,13.367706,98400
2000-07-20,35.906250,35.906250,35.828125,35.828125,13.385225,2200
2000-07-21,36.328125,36.375000,36.312500,36.343750,13.577861,3000
2000-07-24,36.500000,36.640625,36.437500,36.640625,13.688772,5200
2000-07-25,36.656250,36.656250,36.625000,36.625000,13.682927,5600
2000-07-26,36.750000,37.148438,36.750000,37.148438,13.878487,11200
2000-07-27,37.203125,37.593750,37.203125,37.562500,14.033175,121200
2000-07-28,37.554688,37.593750,37.554688,37.554688,14.030257,3200
2000-07-31,37.625000,37.625000,37.218750,37.296875,13.933940,78800
2000-08-01,37.687500,38.085938,37.656250,38.085938,14.228733,420400
2000-08-02,38.171875,38.171875,38.109375,38.156250,14.255001,13800
2000-08-03,38.062500,38.062500,37.664063,37.875000,14.149920,41800
2000-08-04,37.546875,37.546875,37.093750,37.281250,13.928100,175200
2000-08-07,37.421875,37.546875,37.250000,37.281250,13.928100,63800
2000-08-08,37.125000,37.406250,37.125000,37.343750,13.951450,159800
2000-08-09,37.468750,37.468750,37.359375,37.375000,13.963120,3800
2000-08-10,37.562500,37.609375,37.460938,37.562500,14.033175,10400
2000-08-11,37.578125,37.671875,37.562500,37.625000,14.056530,23600
2000-08-14,37.562500,37.718750,37.562500,37.718750,14.091552,600
2000-08-15,37.562500,37.625000,37.500000,37.500000,14.009823,17400
2000-08-16,37.500000,37.703125,37.500000,37.625000,14.056530,13400
2000-08-17,37.734375,37.734375,37.679688,37.679688,14.076954,3600
2000-08-18,37.625000,37.625000,37.343750,37.343750,13.951450,59000
2000-08-21,37.421875,37.421875,37.203125,37.203125,13.898912,160400
2000-08-22,37.296875,37.437500,37.250000,37.312500,13.939775,57400
2000-08-23,37.312500,37.320313,36.906250,36.906250,13.788000,86400
2000-08-24,36.906250,36.929688,36.648438,36.648438,13.691683,90800
2000-08-25,36.765625,36.765625,36.578125,36.593750,13.671260,9800
2000-08-28,36.578125,36.820313,36.578125,36.648438,13.691683,8200
2000-08-29,36.500000,36.500000,36.296875,36.312500,13.566177,9800
2000-08-30,36.250000,36.500000,36.250000,36.500000,13.636230,2200
2000-08-31,36.640625,36.734375,36.640625,36.734375,13.723785,1000
2000-09-01,36.515625,36.710938,36.515625,36.515625,13.642068,41600
2000-09-05,36.656250,36.812500,36.593750,36.750000,13.729626,544200
2000-09-06,36.750000,37.046875,36.718750,37.039063,13.837616,255400
2000-09-07,36.906250,37.000000,36.906250,37.000000,13.823033,72200
2000-09-08,37.171875,37.703125,37.171875,37.703125,14.085711,167600
2000-09-11,37.843750,38.031250,37.781250,37.921875,14.167434,9200
2000-09-12,37.843750,38.109375,37.843750,38.093750,14.231659,20200
2000-09-13,38.156250,38.156250,37.843750,38.000000,14.196623,3800
2000-09-14,38.031250,38.093750,37.890625,37.937500,14.173277,15000
2000-09-15,38.007813,38.007813,37.843750,37.968750,14.184943,2400
2000-09-18,37.625000,37.656250,37.453125,37.453125,13.992311,9800
2000-09-19,37.335938,37.570313,37.296875,37.570313,14.036095,9200
2000-09-20,37.718750,37.718750,37.500000,37.500000,14.009823,10800
2000-09-21,37.531250,37.531250,37.335938,37.468750,13.998148,1200
2000-09-22,37.000000,37.468750,37.000000,37.468750,13.998148,53800
2000-09-25,37.575001,37.575001,37.424999,37.424999,13.981802,5200
2000-09-26,37.500000,37.575001,37.424999,37.575001,14.037839,5400
2000-09-27,37.625000,37.799999,37.500000,37.799999,14.121897,1600
2000-09-28,38.075001,38.075001,37.950001,37.950001,14.177943,2000
2000-09-29,38.174999,38.174999,37.875000,37.875000,14.149920,196400
2000-10-02,37.900002,37.900002,37.474998,37.525002,14.019171,10200
2000-10-03,37.299999,37.299999,37.025002,37.049999,13.841704,3200
2000-10-04,36.685001,36.685001,36.525002,36.525002,13.645574,21800
2000-10-05,36.625000,36.700001,36.625000,36.700001,13.710955,1200
2000-10-06,36.724998,36.724998,36.599998,36.625000,13.682927,2400
2000-10-09,36.625000,36.625000,36.400002,36.599998,13.673589,64000
2000-10-10,36.625000,36.625000,36.500000,36.625000,13.682927,4200
2000-10-11,36.500000,36.500000,36.174999,36.349998,13.580191,2000
2000-10-12,36.125000,36.125000,35.724998,35.775002,13.365371,11000
2000-10-13,35.650002,35.849998,35.625000,35.849998,13.393395,2200
2000-10-16,35.924999,36.299999,35.924999,36.299999,13.561504,8200
2000-10-17,36.275002,36.275002,35.625000,35.799999,13.374717,29200
2000-10-18,35.025002,35.200001,34.994999,35.174999,13.312454,41000
2000-10-19,35.400002,35.450001,35.275002,35.450001,13.416532,2000
2000-10-20,35.325001,35.325001,35.325001,35.325001,13.369226,800
2000-10-23,35.125000,35.224998,35.049999,35.049999,13.265155,5800
2000-10-24,34.849998,34.849998,34.750000,34.750000,13.151610,100000
2000-10-25,34.674999,34.775002,34.625000,34.625000,13.104304,13400
2000-10-26,34.549999,34.750000,34.525002,34.724998,13.142148,2800
2000-10-27,34.825001,35.375000,34.799999,35.150002,13.302994,310800
2000-10-30,35.224998,35.349998,35.174999,35.325001,13.369226,5200
2000-10-31,35.375000,35.375000,35.275002,35.275002,13.350306,2600
2000-11-01,35.349998,35.424999,35.349998,35.424999,13.407074,34600
2000-11-02,35.500000,35.549999,35.375000,35.549999,13.454382,9400
2000-11-03,35.625000,35.625000,35.450001,35.450001,13.416532,600
2000-11-06,35.500000,35.549999,35.375000,35.549999,13.454382,60000
2000-11-07,35.599998,35.599998,35.450001,35.599998,13.473300,3800
2000-11-08,35.750000,35.750000,35.750000,35.750000,13.530076,600
2000-11-09,35.599998,35.599998,35.474998,35.474998,13.425991,48800
2000-11-10,35.275002,35.275002,35.174999,35.200001,13.321917,7800
2000-11-13,35.025002,35.224998,35.000000,35.224998,13.331383,800
2000-11-14,35.349998,35.575001,35.349998,35.575001,13.463840,800
2000-11-15,35.750000,35.750000,35.650002,35.650002,13.492226,2800
2000-11-16,35.700001,35.750000,35.700001,35.750000,13.530076,14000
2000-11-17,35.625000,35.625000,35.590000,35.590000,13.469515,2000
2000-11-20,35.650002,35.650002,35.549999,35.549999,13.454382,244000
2000-11-21,35.700001,35.700001,35.500000,35.599998,13.473300,2800
2000-11-22,35.549999,35.549999,35.450001,35.450001,13.416532,1000
2000-11-24,35.450001,35.450001,35.450001,35.450001,13.416532,0
2000-11-27,35.650002,35.650002,35.500000,35.500000,13.435455,3400
2000-11-28,35.700001,35.700001,35.549999,35.625000,13.482761,2000
2000-11-29,35.549999,35.674999,35.525002,35.674999,13.501686,2200
2000-11-30,35.849998,36.025002,35.849998,36.000000,13.624686,1000
2000-12-01,36.000000,36.150002,36.000000,36.025002,13.634149,3000
2000-12-04,36.000000,36.150002,35.974998,36.150002,13.681461,7800
2000-12-05,36.150002,36.150002,36.150002,36.150002,13.681461,0
2000-12-06,36.950001,37.000000,36.875000,36.900002,13.965306,7400
2000-12-07,36.900002,36.900002,36.750000,36.750000,13.908537,3800
2000-12-08,36.825001,37.099998,36.825001,37.099998,14.040991,5000
2000-12-11,37.200001,37.375000,37.200001,37.375000,14.145069,7200
2000-12-12,37.525002,37.549999,37.525002,37.549999,14.211310,1200
2000-12-13,37.450001,37.500000,37.450001,37.500000,14.192387,20200
2000-12-14,37.474998,37.474998,37.299999,37.299999,14.116687,37800
2000-12-15,37.500000,37.500000,37.200001,37.474998,14.182923,11200
2000-12-18,37.500000,38.125000,37.500000,38.125000,14.428928,45800
2000-12-19,38.174999,38.174999,38.025002,38.150002,14.438392,7000
2000-12-20,37.599998,37.599998,37.349998,37.375000,14.335965,8200
2000-12-21,37.450001,37.474998,37.299999,37.474998,14.374330,9400
2000-12-22,37.500000,37.500000,35.900002,37.325001,14.316792,5200
2000-12-26,37.200001,37.325001,37.099998,37.299999,14.307199,19000
2000-12-27,37.400002,37.750000,37.400002,37.750000,14.479814,6000
2000-12-28,37.849998,38.299999,37.849998,38.299999,14.690778,60400
2000-12-29,38.450001,38.450001,37.974998,37.974998,14.566116,107200
2001-01-02,37.900002,37.900002,37.500000,37.650002,14.441460,21000
2001-01-03,37.650002,38.224998,37.650002,38.099998,14.614056,119000
2001-01-04,38.174999,38.174999,37.849998,37.849998,14.518168,175600
2001-01-05,37.549999,37.549999,37.325001,37.424999,14.355151,23600
2001-01-08,37.599998,37.599998,37.375000,37.375000,14.335965,9400
2001-01-09,37.500000,37.575001,37.474998,37.549999,14.403100,2200
2001-01-10,37.275002,37.474998,37.224998,37.375000,14.335965,12200
2001-01-11,37.575001,37.625000,37.424999,37.424999,14.355151,1000
2001-01-12,37.474998,37.575001,37.349998,37.474998,14.374330,6800
2001-01-16,37.525002,37.525002,37.500000,37.500000,14.383921,5600
2001-01-17,37.625000,37.724998,37.525002,37.660000,14.445293,162600
2001-01-18,37.674999,37.674999,37.525002,37.549999,14.403100,163200
2001-01-19,37.724998,37.775002,37.625000,37.700001,14.460633,9200
2001-01-22,37.700001,37.700001,37.525002,37.650002,14.441460,4400
2001-01-23,37.750000,38.000000,37.750000,38.000000,14.575706,5800
2001-01-24,38.049999,38.174999,38.049999,38.125000,14.623655,11000
2001-01-25,38.150002,38.174999,38.150002,38.174999,14.642827,3400
2001-01-26,38.250000,38.250000,38.099998,38.150002,14.633245,2000
2001-01-29,38.154999,38.174999,38.025002,38.174999,14.642827,8000
2001-01-30,38.099998,38.340000,38.099998,38.325001,14.700363,10400
2001-01-31,38.325001,38.349998,38.150002,38.150002,14.633245,2800
2001-02-01,38.224998,38.224998,38.174999,38.174999,14.642827,1800
2001-02-02,38.174999,38.174999,38.000000,38.025002,14.585293,1000
2001-02-05,38.099998,38.099998,37.924999,38.049999,14.594876,30400
2001-02-06,37.674999,38.000000,37.650002,37.950001,14.556525,11200
2001-02-07,37.924999,37.924999,37.724998,37.724998,14.470222,6200
2001-02-08,37.724998,37.825001,37.625000,37.700001,14.460633,14000
2001-02-09,37.700001,37.700001,37.200001,37.340000,14.322552,313800
2001-02-12,37.400002,37.459999,37.200001,37.320000,14.314876,265400
2001-02-13,37.474998,37.500000,37.285000,37.360001,14.330226,114200
2001-02-14,37.325001,37.474998,37.250000,37.470001,14.372410,5000
2001-02-15,37.575001,37.735001,37.509998,37.605000,14.424191,6200
2001-02-16,37.575001,37.625000,37.525002,37.525002,14.393503,35600
2001-02-20,37.500000,37.625000,37.349998,37.485001,14.378160,14200
2001-02-21,37.259998,37.259998,37.195000,37.195000,14.266927,1600
2001-02-22,37.049999,37.049999,36.650002,36.750000,14.096240,50000
2001-02-23,36.700001,36.974998,36.700001,36.904999,14.155698,7000
2001-02-26,36.889999,37.110001,36.889999,37.075001,14.220895,19600
2001-02-27,37.349998,37.490002,37.330002,37.470001,14.372410,22000
2001-02-28,37.400002,37.625000,37.400002,37.625000,14.431873,5000
2001-03-01,37.500000,37.814999,37.500000,37.680000,14.452956,5200
2001-03-02,38.099998,38.130001,38.029999,38.105000,14.615983,6000
2001-03-05,38.099998,38.115002,37.919998,38.049999,14.594876,42800
2001-03-06,37.950001,38.084999,37.919998,37.919998,14.545015,6600
2001-03-07,37.974998,38.200001,37.974998,38.200001,14.652409,12400
2001-03-08,38.244999,38.275002,38.110001,38.275002,14.681189,24400
2001-03-09,37.900002,38.099998,37.869999,38.090000,14.652335,6600
2001-03-12,37.730000,37.830002,37.590000,37.590000,14.459998,6600
2001-03-13,37.680000,37.680000,37.365002,37.634998,14.477313,22200
2001-03-14,37.305000,37.380001,37.279999,37.279999,14.340744,15800
2001-03-15,37.305000,37.389999,37.200001,37.200001,14.309978,16200
2001-03-16,37.209999,37.209999,36.935001,36.950001,14.213800,36400
2001-03-19,36.930000,37.275002,36.910000,37.275002,14.338828,27800
2001-03-20,37.395000,37.840000,37.395000,37.625000,14.473464,29200
2001-03-21,37.299999,37.320000,36.790001,36.945000,14.211878,31000
2001-03-22,36.840000,36.840000,36.060001,36.605000,14.081091,8800
2001-03-23,36.669998,37.174999,36.669998,36.720001,14.125331,55400
2001-03-26,36.759998,37.509998,36.759998,37.360001,14.371527,16800
2001-03-27,37.049999,37.349998,37.049999,37.349998,14.367673,10000
2001-03-28,37.049999,37.375000,36.869999,37.224998,14.319582,204400
2001-03-29,37.330002,37.435001,37.185001,37.349998,14.367673,18600
2001-03-30,37.584999,37.775002,37.470001,37.470001,14.413835,64000
2001-04-02,37.770000,37.770000,37.450001,37.650002,14.483076,19800
2001-04-03,37.759998,37.799999,37.250000,37.250000,14.329206,11800
2001-04-04,37.634998,37.634998,37.099998,37.215000,14.315742,31000
2001-04-05,37.525002,37.799999,37.500000,37.799999,14.540777,17000
2001-04-06,37.500000,37.500000,37.330002,37.424999,14.396523,6800
2001-04-09,37.299999,37.599998,37.279999,37.505001,14.427298,5400
2001-04-10,37.575001,37.680000,37.575001,37.650002,14.483076,7000
2001-04-11,37.599998,37.599998,36.860001,36.904999,14.196492,7600
2001-04-12,37.009998,37.009998,36.845001,36.845001,14.173418,3800
2001-04-16,37.099998,37.195000,36.980000,37.195000,14.308044,10800
2001-04-17,36.910000,37.330002,36.910000,37.330002,14.359982,8400
2001-04-18,37.474998,37.860001,37.355000,37.799999,14.540777,167800
2001-04-19,37.875000,37.959999,37.570000,37.959999,14.602328,7800
2001-04-20,38.049999,38.070000,37.619999,37.810001,14.544626,4600
2001-04-23,37.799999,37.799999,37.500000,37.500000,14.425376,11200
2001-04-24,37.625000,37.715000,37.450001,37.689999,14.498468,9600
2001-04-25,37.689999,37.900002,37.689999,37.720001,14.510013,21800
2001-04-26,38.075001,38.430000,37.910000,38.259998,14.717726,53800
2001-04-27,38.500000,38.785000,38.500000,38.785000,14.919685,19000
2001-04-30,38.799999,38.849998,38.540001,38.680000,14.879293,26000
2001-05-01,38.500000,38.730000,38.450001,38.730000,14.898527,14800
2001-05-02,38.775002,38.775002,38.360001,38.650002,14.867756,29200
2001-05-03,38.575001,38.674999,38.500000,38.674999,14.877369,3800
2001-05-04,38.509998,38.509998,38.435001,38.494999,14.808125,8200
2001-05-07,38.500000,38.650002,38.330002,38.424999,14.781205,36600
2001-05-08,38.450001,38.450001,38.009998,38.150002,14.675417,34000
2001-05-09,38.125000,38.375000,38.115002,38.305000,14.735046,15400
2001-05-10,38.410000,38.410000,38.139999,38.369999,14.760036,24600
2001-05-11,38.375000,38.375000,38.064999,38.340000,14.748498,3600
2001-05-14,38.305000,38.334999,38.105000,38.325001,14.742731,11800
2001-05-15,38.459999,38.634998,38.459999,38.634998,14.861981,17600
2001-05-16,38.549999,38.814999,38.455002,38.724998,14.896602,9800
2001-05-17,38.950001,39.105000,38.875000,39.000000,15.002398,106400
2001-05-18,39.049999,39.250000,38.959999,39.250000,15.098555,9600
2001-05-21,39.224998,39.365002,39.055000,39.365002,15.142800,18800
2001-05-22,39.474998,39.700001,39.474998,39.549999,15.213955,218800
2001-05-23,39.674999,39.794998,39.459999,39.775002,15.300508,76400
2001-05-24,39.755001,39.910000,39.689999,39.910000,15.352447,2200
2001-05-25,39.950001,39.950001,39.799999,39.799999,15.310127,13600
2001-05-29,39.924999,39.924999,39.575001,39.674999,15.262048,504600
2001-05-30,39.325001,39.424999,39.174999,39.400002,15.156254,63400
2001-05-31,39.250000,39.564999,39.250000,39.564999,15.219730,3200
2001-06-01,39.549999,39.599998,39.500000,39.599998,15.233198,8800
2001-06-04,39.695000,39.724998,39.689999,39.715000,15.277430,2000
2001-06-05,39.855000,39.974998,39.695000,39.950001,15.367830,10000
2001-06-06,39.939999,40.125000,39.939999,40.099998,15.425532,3400
2001-06-07,40.125000,40.154999,39.950001,40.154999,15.446692,11800
2001-06-08,39.825001,39.825001,39.650002,39.695000,15.420280,306000
2001-06-11,39.724998,40.035000,39.669998,40.035000,15.552354,33600
2001-06-12,40.025002,40.375000,40.025002,40.375000,15.684432,71600
2001-06-13,40.275002,40.474998,40.244999,40.474998,15.723285,6000
2001-06-14,40.400002,40.404999,40.189999,40.355000,15.676669,17000
2001-06-15,40.330002,40.375000,40.220001,40.220001,15.624223,7200
2001-06-18,40.325001,40.480000,40.250000,40.439999,15.709684,19800
2001-06-19,40.525002,40.549999,40.375000,40.400002,15.694141,36400
2001-06-20,40.400002,40.779999,40.400002,40.779999,15.841765,27600
2001-06-21,40.750000,40.945000,40.724998,40.935001,15.901967,21800
2001-06-22,40.950001,40.950001,40.674999,40.750000,15.830108,18200
2001-06-25,40.825001,40.855000,40.509998,40.509998,15.736888,39600
2001-06-26,40.424999,40.974998,40.424999,40.974998,15.917518,10200
2001-06-27,40.950001,40.974998,40.775002,40.775002,15.839822,82600
2001-06-28,41.160000,41.230000,41.125000,41.125000,15.975787,9400
2001-06-29,41.250000,41.514999,41.165001,41.165001,15.991332,24800
2001-07-02,41.290001,41.474998,41.139999,41.474998,16.111748,27600
2001-07-03,41.424999,41.549999,41.424999,41.525002,16.131174,8200
2001-07-05,41.500000,41.549999,41.349998,41.375000,16.072912,13600
2001-07-06,41.255001,41.330002,41.090000,41.314999,16.049593,17000
2001-07-09,41.200001,41.200001,40.560001,40.575001,15.762134,90600
2001-07-10,40.849998,40.855000,40.465000,40.630001,15.783496,44800
2001-07-11,40.575001,40.575001,40.209999,40.299999,15.655295,115400
2001-07-12,40.424999,40.695000,40.275002,40.695000,15.808745,11600
2001-07-13,40.695000,40.860001,40.645000,40.860001,15.872844,13000
2001-07-16,40.974998,41.000000,40.645000,40.814999,15.855350,36400
2001-07-17,40.825001,40.985001,40.615002,40.834999,15.863120,17400
2001-07-18,41.000000,41.095001,41.000000,41.095001,15.964136,20200
2001-07-19,41.099998,41.145000,40.869999,40.904999,15.890319,202600
2001-07-20,40.904999,41.000000,40.799999,40.799999,15.849526,24200
2001-07-23,41.000000,41.000000,40.625000,40.750000,15.830108,14000
2001-07-24,40.974998,40.974998,40.424999,40.424999,15.703855,45200
2001-07-25,40.299999,40.415001,40.174999,40.375000,15.684432,523800
2001-07-26,40.645000,40.645000,40.395000,40.645000,15.789314,8200
2001-07-27,40.750000,40.750000,40.525002,40.695000,15.808745,7800
2001-07-30,40.575001,40.625000,40.270000,40.349998,15.674726,7600
2001-07-31,40.514999,40.560001,40.455002,40.455002,15.715508,17600
2001-08-01,40.384998,40.689999,40.384998,40.625000,15.781552,4600
2001-08-02,40.799999,40.880001,40.709999,40.869999,15.876733,6200
2001-08-03,40.959999,41.075001,40.705002,41.075001,15.956366,24800
2001-08-06,41.174999,41.174999,40.884998,41.174999,15.995214,14200
2001-08-07,41.125000,41.205002,41.049999,41.205002,16.006868,35600
2001-08-08,41.325001,41.349998,41.299999,41.314999,16.049593,5200
2001-08-09,41.375000,41.500000,41.099998,41.500000,16.121466,151000
2001-08-10,41.450001,41.750000,41.450001,41.750000,16.218580,17000
2001-08-13,41.825001,41.825001,41.639999,41.764999,16.224413,21400
2001-08-14,41.775002,42.000000,41.775002,41.965000,16.302101,18200
2001-08-15,42.049999,42.165001,41.855000,42.165001,16.379793,353600
2001-08-16,42.075001,42.410000,41.930000,42.410000,16.474970,132000
2001-08-17,42.375000,42.474998,42.325001,42.474998,16.500217,13000
2001-08-20,42.325001,42.619999,42.325001,42.599998,16.548779,32600
2001-08-21,42.750000,43.075001,42.709999,43.014999,16.709986,649800
2001-08-22,43.025002,43.025002,42.654999,42.950001,16.684736,63000
2001-08-23,42.849998,42.974998,42.825001,42.825001,16.636189,14800
2001-08-24,42.750000,42.849998,42.424999,42.424999,16.480795,18600
2001-08-27,42.645000,42.845001,42.349998,42.654999,16.570148,79400
2001-08-28,42.500000,42.695000,42.349998,42.450001,16.490515,10800
2001-08-29,42.224998,42.224998,41.775002,41.939999,16.292387,111600
2001-08-30,42.000000,42.275002,41.430000,41.654999,16.181677,71600
2001-08-31,41.840000,42.044998,41.549999,41.549999,16.140890,29600
2001-09-04,41.650002,41.650002,41.334999,41.575001,16.150593,89000
2001-09-05,41.575001,41.630001,41.235001,41.235001,16.018522,17000
2001-09-06,41.349998,41.424999,40.860001,40.865002,15.874787,282000
2001-09-07,40.599998,40.869999,40.375000,40.599998,15.771830,28200
2001-09-10,40.400002,40.415001,40.275002,40.415001,15.699979,34000
2001-09-17,39.450001,39.450001,38.849998,38.849998,15.092018,111800
2001-09-18,38.900002,39.634998,38.900002,39.410000,15.309566,41000
2001-09-19,39.599998,39.599998,38.279999,38.950001,15.130870,70200
2001-09-20,38.375000,38.375000,37.924999,38.060001,14.785132,33200
2001-09-21,37.000000,37.650002,36.974998,37.025002,14.383067,11000
2001-09-24,37.974998,38.150002,37.650002,37.650002,14.625861,53200
2001-09-25,37.750000,38.099998,37.750000,38.084999,14.794844,73600
2001-09-26,38.424999,38.900002,38.325001,38.900002,15.111445,83400
2001-09-27,38.900002,39.000000,38.750000,39.000000,15.150291,4600
2001-09-28,39.349998,39.639999,39.174999,39.630001,15.395015,65400
2001-10-01,38.400002,38.775002,38.299999,38.660000,15.060014,122600
2001-10-02,38.875000,38.974998,38.125000,38.400002,14.958733,334400
2001-10-03,38.275002,38.275002,37.615002,37.665001,14.672411,45400
2001-10-04,38.500000,38.650002,38.154999,38.154999,14.863283,230400
2001-10-05,38.275002,38.275002,37.560001,37.900002,14.763963,59200
2001-10-08,37.900002,38.110001,37.750000,37.900002,14.763963,7000
2001-10-09,38.125000,38.285000,37.990002,37.990002,14.799023,217600
2001-10-10,38.299999,38.505001,38.250000,38.505001,14.999633,85400
2001-10-11,39.000000,39.095001,38.750000,38.799999,15.114550,69000
2001-10-12,38.700001,38.849998,38.650002,38.849998,15.134024,17000
2001-10-15,38.900002,39.075001,38.750000,38.900002,15.153504,12600
2001-10-16,38.799999,38.825001,38.529999,38.549999,15.017162,11600
2001-10-17,38.575001,38.595001,38.299999,38.305000,14.921724,18000
2001-10-18,38.325001,38.325001,38.000000,38.000000,14.802908,13000
2001-10-19,37.799999,37.974998,37.625000,37.669998,14.674356,8200
2001-10-22,37.625000,37.625000,36.825001,37.345001,14.547753,46600
2001-10-23,37.450001,37.450001,37.075001,37.365002,14.555546,35600
2001-10-24,37.224998,37.290001,36.779999,36.825001,14.345191,26400
2001-10-25,36.724998,37.099998,36.700001,37.099998,14.452314,27600
2001-10-26,37.125000,37.125000,36.849998,36.974998,14.403619,106800
2001-10-29,37.099998,37.174999,36.869999,37.174999,14.481529,57200
2001-10-30,37.150002,37.200001,36.875000,37.009998,14.417255,6000
2001-10-31,37.099998,37.345001,37.099998,37.209999,14.495165,2800
2001-11-01,37.575001,38.055000,37.505001,37.935001,14.777582,132600
2001-11-02,38.000000,38.000000,37.564999,37.599998,14.647084,8400
2001-11-05,37.700001,37.875000,37.625000,37.625000,14.656828,10200
2001-11-06,37.549999,38.220001,37.549999,38.220001,14.888608,69200
2001-11-07,38.250000,38.535000,38.209999,38.209999,14.884715,153400
2001-11-08,38.299999,38.325001,38.160000,38.205002,14.882771,19200
2001-11-09,38.224998,38.224998,37.750000,38.070000,14.830177,35000
2001-11-12,37.849998,38.250000,37.650002,38.250000,14.900294,18000
2001-11-13,38.424999,38.619999,38.395000,38.480000,14.989892,36000
2001-11-14,38.700001,38.924999,38.599998,38.919998,15.161295,28200
2001-11-15,38.900002,39.195000,38.895000,39.025002,15.202200,10000
2001-11-16,39.250000,39.415001,39.025002,39.299999,15.309326,72600
2001-11-19,39.375000,39.384998,39.125000,39.205002,15.272322,8400
2001-11-20,39.090000,39.285000,39.040001,39.174999,15.260632,4600
2001-11-21,39.000000,39.174999,38.994999,39.174999,15.260632,12800
2001-11-23,39.224998,39.450001,39.224998,39.400002,15.348280,55800
2001-11-26,39.349998,39.599998,39.349998,39.419998,15.356075,31800
2001-11-27,39.400002,39.474998,39.250000,39.275002,15.299582,14800
2001-11-28,39.525002,39.575001,39.325001,39.424999,15.358019,15000
2001-11-29,39.474998,39.575001,39.200001,39.474998,15.377499,15600
2001-11-30,39.474998,39.650002,39.404999,39.650002,15.445668,9400
2001-12-03,39.375000,39.584999,39.375000,39.584999,15.420348,40200
2001-12-04,39.575001,39.950001,39.575001,39.950001,15.562531,36000
2001-12-05,39.950001,40.345001,39.950001,40.130001,15.632649,79000
2001-12-06,40.125000,40.424999,40.099998,40.215000,15.665757,19000
2001-12-07,40.250000,40.419998,40.154999,40.419998,15.745621,18000
2001-12-10,40.424999,40.424999,39.880001,40.044998,15.599533,18000
2001-12-11,39.935001,40.299999,39.935001,40.224998,15.669660,13400
2001-12-12,40.349998,40.349998,39.724998,39.924999,15.552794,58200
2001-12-13,39.650002,39.825001,39.555000,39.555000,15.408659,75000
2001-12-14,39.125000,39.345001,38.930000,39.150002,15.482607,18800
2001-12-17,39.500000,39.695000,39.380001,39.695000,15.698140,34200
2001-12-18,39.750000,39.799999,39.625000,39.625000,15.670465,45000
2001-12-19,39.625000,39.625000,39.400002,39.610001,15.664531,15800
2001-12-20,39.400002,39.599998,39.285000,39.285000,15.535999,122400
2001-12-21,39.419998,39.474998,39.200001,39.474998,15.611140,17400
2001-12-24,39.590000,39.775002,39.590000,39.750000,15.719898,7000
2001-12-26,39.750000,39.950001,39.599998,39.799999,15.739668,61000
2001-12-27,40.049999,40.200001,39.775002,39.900002,15.779212,38600
2001-12-28,39.974998,40.125000,39.770000,40.125000,15.868196,57200
2001-12-31,39.750000,40.450001,39.525002,39.900002,15.779212,198600
2002-01-02,40.000000,40.125000,39.310001,40.125000,15.868196,94400
2002-01-03,40.099998,40.419998,40.099998,40.250000,15.917639,105200
2002-01-04,40.349998,40.349998,40.055000,40.244999,15.915648,19000
2002-01-07,40.125000,40.294998,40.055000,40.139999,15.874133,19200
2002-01-08,39.900002,40.150002,39.900002,40.075001,15.848426,29400
2002-01-09,40.145000,40.150002,40.044998,40.044998,15.836551,10200
2002-01-10,40.025002,40.025002,39.924999,39.945000,15.797017,9000
2002-01-11,39.775002,39.950001,39.775002,39.945000,15.797017,13000
2002-01-14,39.900002,40.080002,39.654999,40.080002,15.850406,25400
2002-01-15,40.200001,40.200001,40.005001,40.075001,15.848426,16600
2002-01-16,40.099998,40.275002,40.000000,40.000000,15.818763,5800
2002-01-17,39.950001,40.099998,39.904999,40.099998,15.858301,9400
2002-01-18,40.125000,40.125000,39.799999,39.950001,15.798986,15200
2002-01-22,39.825001,40.044998,39.825001,40.020000,15.826670,6000
2002-01-23,40.000000,40.000000,39.900002,39.950001,15.798986,33800
2002-01-24,39.900002,39.900002,39.775002,39.775002,15.729787,16200
2002-01-25,39.779999,39.849998,39.654999,39.834999,15.753503,24000
2002-01-28,39.924999,39.924999,39.654999,39.849998,15.759432,31000
2002-01-29,39.900002,39.900002,39.580002,39.580002,15.652671,30000
2002-01-30,39.775002,39.974998,39.599998,39.970001,15.806901,13200
2002-01-31,39.875000,39.974998,39.730000,39.945000,15.797017,27000
2002-02-01,40.000000,40.099998,39.855000,40.099998,15.858301,19600
2002-02-04,40.000000,40.150002,39.900002,40.095001,15.856327,27200
2002-02-05,39.900002,40.075001,39.799999,40.000000,15.818763,20000
2002-02-06,39.849998,39.924999,39.555000,39.750000,15.719898,84000
2002-02-07,39.974998,39.974998,39.650002,39.775002,15.729787,9200
2002-02-08,39.724998,39.750000,39.549999,39.750000,15.719898,22200
2002-02-11,39.950001,40.125000,39.849998,40.125000,15.868196,11000
2002-02-12,40.174999,40.174999,40.000000,40.000000,15.818763,11800
2002-02-13,40.049999,40.150002,39.924999,40.119999,15.866216,6400
2002-02-14,40.200001,40.375000,40.195000,40.299999,15.937404,15000
2002-02-15,40.349998,40.570000,40.349998,40.525002,16.026379,96800
2002-02-19,40.325001,40.525002,40.299999,40.365002,15.963109,56800
2002-02-20,40.424999,40.525002,40.174999,40.525002,16.026379,37600
2002-02-21,40.650002,40.650002,40.250000,40.250000,15.917639,14200
2002-02-22,40.275002,40.724998,40.250000,40.724998,16.105478,7400
2002-02-25,40.775002,40.849998,40.625000,40.794998,16.133165,38600
2002-02-26,40.840000,40.900002,40.700001,40.834999,16.148970,64200
2002-02-27,40.794998,40.845001,40.700001,40.750000,16.115358,25200
2002-02-28,40.825001,40.845001,40.625000,40.735001,16.109434,12600
2002-03-01,40.825001,41.150002,40.755001,41.150002,16.273550,72400
2002-03-04,41.224998,41.595001,41.049999,41.595001,16.449526,352800
2002-03-05,41.724998,42.294998,41.724998,42.134998,16.663084,68400
2002-03-06,42.325001,42.470001,41.980000,42.430000,16.779743,110600
2002-03-07,42.500000,42.544998,42.279999,42.450001,16.787659,135400
2002-03-08,42.000000,42.000000,41.724998,41.875000,16.794285,55200
2002-03-11,41.685001,41.820000,41.320000,41.544998,16.661917,178800
2002-03-12,41.400002,41.544998,41.200001,41.389999,16.599768,12400
2002-03-13,41.250000,41.590000,41.205002,41.590000,16.679972,58800
2002-03-14,41.450001,42.000000,41.450001,41.825001,16.774220,98600
2002-03-15,41.849998,42.200001,41.845001,42.049999,16.864466,72200
2002-03-18,42.075001,42.080002,41.849998,42.025002,16.854439,19000
2002-03-19,42.029999,42.275002,42.000000,42.224998,16.934645,21800
2002-03-20,42.000000,42.174999,41.985001,42.150002,16.904572,12400
2002-03-21,42.150002,42.299999,42.005001,42.299999,16.964727,4000
2002-03-22,42.450001,42.599998,42.395000,42.494999,17.042934,22600
2002-03-25,42.250000,42.349998,42.049999,42.049999,16.864466,140800
2002-03-26,42.349998,42.549999,42.349998,42.404999,17.006834,9200
2002-03-27,42.549999,42.720001,42.549999,42.720001,17.133171,13000
2002-03-28,42.775002,42.825001,42.525002,42.599998,17.085047,34400
2002-04-01,42.325001,42.650002,42.305000,42.650002,17.105099,4600
2002-04-02,42.724998,42.849998,42.660000,42.724998,17.135170,13400
2002-04-03,42.770000,42.770000,42.525002,42.709999,17.129156,31000
2002-04-04,42.750000,42.849998,42.700001,42.799999,17.165251,10000
2002-04-05,43.070000,43.299999,43.070000,43.195000,17.323669,119400
2002-04-08,43.200001,43.599998,43.185001,43.584999,17.480083,30600
2002-04-09,43.650002,43.924999,43.599998,43.924999,17.616440,114600
2002-04-10,44.025002,44.575001,44.025002,44.424999,17.816967,48800
2002-04-11,44.200001,44.400002,44.005001,44.220001,17.734755,96600
2002-04-12,44.150002,44.695000,44.150002,44.695000,17.925255,64200
2002-04-15,44.599998,44.599998,44.150002,44.470001,17.835022,107200
2002-04-16,44.424999,44.424999,43.750000,43.750000,17.546261,122200
2002-04-17,43.625000,43.794998,42.924999,43.185001,17.319670,285400
2002-04-18,43.375000,43.689999,43.224998,43.375000,17.395851,164800
2002-04-19,43.549999,43.549999,42.880001,43.145000,17.303621,37600
2002-04-22,43.049999,43.049999,42.485001,42.639999,17.101088,144800
2002-04-23,42.375000,42.525002,41.849998,42.000000,16.844406,68400
2002-04-24,42.275002,42.474998,42.154999,42.270000,16.952694,191200
2002-04-25,42.174999,42.470001,42.174999,42.465000,17.030899,10000
2002-04-26,42.549999,42.549999,42.200001,42.320000,16.972746,12800
2002-04-29,42.275002,42.275002,42.000000,42.075001,16.874483,6800
2002-04-30,42.275002,42.750000,42.275002,42.724998,17.135170,56400
2002-05-01,42.849998,43.099998,42.500000,43.084999,17.279558,117600
2002-05-02,43.000000,43.625000,43.000000,43.619999,17.494120,38000
2002-05-03,43.525002,43.724998,43.180000,43.619999,17.494120,71800
2002-05-06,43.650002,43.650002,43.259998,43.259998,17.349743,32200
2002-05-07,43.299999,43.299999,42.849998,43.025002,17.255503,49400
2002-05-08,43.174999,43.174999,42.514999,42.875000,17.195341,146000
2002-05-09,42.724998,42.750000,42.375000,42.375000,16.994816,66800
2002-05-10,42.424999,42.424999,41.810001,42.000000,16.844406,86600
2002-05-13,42.025002,42.375000,42.025002,42.259998,16.948689,18000
2002-05-14,42.174999,42.474998,42.055000,42.474998,17.034914,10600
2002-05-15,42.575001,42.799999,42.529999,42.720001,17.133171,29800
2002-05-16,42.674999,42.764999,42.349998,42.540001,17.060982,109600
2002-05-17,42.500000,42.759998,42.500000,42.759998,17.149216,59400
2002-05-20,42.674999,42.689999,42.450001,42.450001,17.024883,18400
2002-05-21,42.500000,42.500000,42.150002,42.299999,16.964727,24600
2002-05-22,42.150002,42.294998,42.049999,42.099998,16.884510,20600
2002-05-23,42.349998,43.099998,42.185001,43.044998,17.263514,64600
2002-05-24,42.849998,43.200001,42.775002,43.075001,17.275532,27600
2002-05-28,43.099998,43.250000,42.810001,43.250000,17.345728,20400
2002-05-29,43.325001,43.650002,43.075001,43.625000,17.496132,130000
2002-05-30,43.500000,43.650002,43.200001,43.400002,17.405890,15800
2002-05-31,43.599998,43.764999,43.500000,43.549999,17.466053,28200
2002-06-03,43.450001,43.669998,43.250000,43.500000,17.445995,26800
2002-06-04,43.299999,43.619999,43.299999,43.549999,17.466053,24600
2002-06-05,43.549999,43.625000,43.474998,43.575001,17.476076,98000
2002-06-06,43.575001,43.575001,43.250000,43.400002,17.405890,67200
2002-06-07,43.150002,43.275002,42.939999,43.275002,17.355759,55200
2002-06-10,43.325001,43.584999,43.200001,43.500000,17.445995,117600
2002-06-11,43.625000,43.724998,43.410000,43.599998,17.486103,107200
2002-06-12,43.599998,43.750000,43.299999,43.505001,17.448004,36000
2002-06-13,43.650002,43.700001,43.424999,43.525002,17.456028,17200
2002-06-14,42.849998,42.950001,42.599998,42.715000,17.384192,61800
2002-06-17,42.750000,43.025002,42.750000,42.924999,17.469654,75400
2002-06-18,43.099998,43.145000,42.810001,42.810001,17.422859,35200
2002-06-19,42.900002,43.150002,42.634998,42.875000,17.449306,30000
2002-06-20,42.750000,43.200001,42.750000,43.035000,17.514416,53200
2002-06-21,43.400002,43.474998,43.200001,43.419998,17.671104,72200
2002-06-24,43.400002,43.525002,43.200001,43.259998,17.605995,58400
2002-06-25,43.275002,43.625000,43.275002,43.500000,17.703671,35400
2002-06-26,43.450001,43.474998,42.805000,43.349998,17.642616,97400
2002-06-27,43.250000,43.520000,43.099998,43.520000,17.711811,109200
2002-06-28,43.450001,43.735001,43.400002,43.599998,17.744370,241000
2002-07-01,43.674999,43.674999,43.005001,43.320000,17.630415,144800
2002-07-02,43.200001,43.250000,42.455002,42.875000,17.449306,106000
2002-07-03,42.799999,42.799999,42.014999,42.299999,17.215290,99400
2002-07-05,42.525002,42.900002,42.174999,42.474998,17.286510,71600
2002-07-08,42.849998,42.849998,42.099998,42.224998,17.184767,74000
2002-07-09,42.200001,42.325001,41.799999,41.805000,17.013849,31400
2002-07-10,41.900002,42.125000,41.200001,41.275002,16.798136,153400
2002-07-11,41.000000,41.200001,39.799999,40.525002,16.492899,140200
2002-07-12,40.849998,40.945000,40.125000,40.375000,16.431858,119200
2002-07-15,40.049999,40.150002,39.150002,40.070000,16.307722,682200
2002-07-16,40.125000,40.945000,40.099998,40.099998,16.319929,144400
2002-07-17,40.799999,40.845001,39.724998,40.150002,16.340284,120200
2002-07-18,39.799999,39.880001,39.105000,39.105000,15.915001,99200
2002-07-19,38.599998,38.599998,38.174999,38.395000,15.626038,90800
2002-07-22,38.799999,39.000000,36.599998,37.799999,15.383882,335800
2002-07-23,37.900002,38.125000,36.400002,36.474998,14.844632,649600
2002-07-24,35.000000,37.224998,34.875000,36.700001,14.936197,368200
2002-07-25,36.400002,38.049999,36.250000,37.674999,15.333007,370000
2002-07-26,38.500000,39.000000,38.349998,39.000000,15.872253,493000
2002-07-29,39.700001,40.875000,39.700001,40.724998,16.574301,139400
2002-07-30,40.400002,41.799999,40.099998,41.349998,16.828657,365400
2002-07-31,41.099998,41.564999,40.500000,41.544998,16.908016,153200
2002-08-01,41.299999,41.325001,40.580002,40.970001,16.674017,313000
2002-08-02,40.599998,40.650002,39.875000,40.070000,16.307722,405600
2002-08-05,39.875000,39.970001,39.299999,39.380001,16.026907,395600
2002-08-06,39.400002,39.744999,39.400002,39.480000,16.067617,359200
2002-08-07,39.980000,40.299999,39.555000,40.299999,16.401339,232200
2002-08-08,40.275002,40.560001,40.125000,40.310001,16.405399,87800
2002-08-09,40.049999,40.049999,39.450001,39.805000,16.199875,104000
2002-08-12,39.450001,40.270000,39.450001,40.270000,16.389120,426000
2002-08-13,40.450001,40.575001,39.779999,39.820000,16.205976,174800
2002-08-14,39.650002,40.110001,39.450001,40.110001,16.324005,96600
2002-08-15,40.110001,40.349998,40.049999,40.349998,16.421680,79000
2002-08-16,40.000000,40.849998,40.000000,40.799999,16.604815,112200
2002-08-19,40.799999,40.830002,40.575001,40.740002,16.580404,76400
2002-08-20,40.775002,40.775002,40.380001,40.575001,16.513252,21200
2002-08-21,40.750000,40.825001,40.544998,40.775002,16.594646,34800
2002-08-22,40.775002,40.950001,40.724998,40.895000,16.643486,26800
2002-08-23,40.895000,41.070000,40.750000,40.875000,16.635351,21200
2002-08-26,41.049999,41.224998,40.560001,41.160000,16.751333,23000
2002-08-27,41.450001,41.450001,41.185001,41.349998,16.828657,40800
2002-08-28,41.200001,41.695000,41.075001,41.695000,16.969076,63400
2002-08-29,41.299999,41.570000,41.299999,41.500000,16.889719,44000
2002-08-30,41.549999,41.820000,41.549999,41.695000,16.969076,15800
2002-09-03,41.650002,41.650002,41.115002,41.259998,16.792030,46600
2002-09-04,41.250000,41.450001,41.200001,41.365002,16.834761,22000
2002-09-05,41.349998,41.369999,41.099998,41.224998,16.777781,35800
2002-09-06,41.424999,41.424999,41.169998,41.235001,16.781866,17000
2002-09-09,41.150002,41.310001,41.064999,41.305000,16.810347,8600
2002-09-10,41.224998,41.500000,41.150002,41.235001,16.781866,15200
2002-09-11,41.250000,41.424999,41.224998,41.299999,16.808311,29000
2002-09-12,41.049999,41.224998,40.869999,41.000000,16.686214,46400
2002-09-13,40.275002,40.650002,40.250000,40.575001,16.751038,22200
2002-09-16,40.599998,40.654999,40.299999,40.525002,16.730391,142800
2002-09-17,40.650002,40.650002,40.130001,40.130001,16.567326,21600
2002-09-18,40.325001,40.325001,39.924999,40.125000,16.565262,70000
2002-09-19,39.900002,40.075001,39.674999,39.825001,16.441399,36400
2002-09-20,40.025002,40.075001,39.860001,40.000000,16.513649,58400
2002-09-23,39.849998,39.994999,39.674999,39.884998,16.466164,52200
2002-09-24,39.549999,39.680000,39.400002,39.445000,16.284517,282200
2002-09-25,39.500000,39.599998,39.099998,39.345001,16.243238,42000
2002-09-26,39.500000,39.805000,39.395000,39.805000,16.433155,35600
2002-09-27,39.599998,39.825001,39.355000,39.525002,16.317545,100200
2002-09-30,39.250000,39.250000,38.900002,39.075001,16.131777,134000
2002-10-01,39.150002,39.150002,38.650002,38.965000,16.086365,95000
2002-10-02,38.974998,39.025002,38.450001,38.525002,15.904715,124000
2002-10-03,38.500000,38.700001,38.400002,38.700001,15.976951,12200
2002-10-04,38.700001,38.700001,37.775002,37.869999,15.634299,180800
2002-10-07,37.950001,37.950001,36.750000,36.750000,15.171921,96400
2002-10-08,36.900002,36.900002,35.825001,36.299999,14.986135,231800
2002-10-09,36.099998,36.099998,35.375000,35.439999,14.631102,179200
2002-10-10,35.250000,36.450001,34.724998,36.299999,14.986135,351000
2002-10-11,37.049999,37.320000,36.904999,37.099998,15.316403,78800
2002-10-14,37.099998,37.125000,36.450001,36.634998,15.124443,125400
2002-10-15,37.200001,37.744999,37.125000,37.349998,15.419626,105600
2002-10-16,37.250000,37.494999,36.724998,37.150002,15.337054,229600
2002-10-17,37.674999,37.750000,37.500000,37.500000,15.481542,102800
2002-10-18,37.700001,37.869999,37.200001,37.625000,15.533153,62800
2002-10-21,37.450001,37.494999,37.119999,37.450001,15.460902,164400
2002-10-22,37.299999,37.299999,36.709999,36.709999,15.155402,147000
2002-10-23,36.674999,36.900002,36.250000,36.724998,15.161597,107400
2002-10-24,36.950001,37.224998,36.799999,37.174999,15.347377,90000
2002-10-25,37.049999,37.799999,37.049999,37.735001,15.578573,119400
2002-10-28,38.025002,38.044998,37.375000,37.474998,15.471219,81600
2002-10-29,37.474998,37.474998,36.724998,37.250000,15.378335,116800
2002-10-30,37.250000,37.494999,37.044998,37.235001,15.372147,127800
2002-10-31,37.525002,37.575001,37.325001,37.494999,15.479485,104600
2002-11-01,37.174999,37.820000,37.174999,37.715000,15.570313,100800
2002-11-04,37.950001,38.349998,37.775002,38.299999,15.811807,88200
2002-11-05,38.250000,38.465000,38.169998,38.320000,15.820080,73400
2002-11-06,38.474998,38.724998,38.400002,38.724998,15.987272,66400
2002-11-07,38.650002,38.665001,38.410000,38.544998,15.912965,59000
2002-11-08,38.474998,38.474998,38.099998,38.220001,15.778791,142400
2002-11-11,38.025002,38.125000,37.689999,37.974998,15.677648,65000
2002-11-12,37.849998,38.395000,37.849998,38.224998,15.780861,111000
2002-11-13,38.299999,38.459999,37.860001,37.865002,15.632232,95400
2002-11-14,38.200001,38.639999,38.125000,38.639999,15.952188,163000
2002-11-15,38.650002,38.764999,38.525002,38.669998,15.964563,59000
2002-11-18,38.525002,38.599998,38.314999,38.355000,15.834531,18000
2002-11-19,38.424999,38.674999,38.320000,38.500000,15.894386,207000
2002-11-20,38.599998,38.634998,38.349998,38.619999,15.943926,47000
2002-11-21,38.650002,38.820000,38.535000,38.775002,16.007921,46200
2002-11-22,38.750000,38.959999,38.500000,38.959999,16.084288,33800
2002-11-25,38.924999,39.005001,38.689999,39.005001,16.102884,25200
2002-11-26,39.000000,39.044998,38.775002,38.945000,16.078102,57000
2002-11-27,39.075001,39.250000,38.950001,39.250000,16.204018,235400
2002-11-29,39.174999,39.310001,39.174999,39.310001,16.228788,7800
2002-12-02,39.150002,39.549999,39.150002,39.400002,16.265944,128800
2002-12-03,39.500000,39.570000,39.410000,39.500000,16.307222,147800
2002-12-04,39.325001,39.404999,39.099998,39.150002,16.162737,28600
2002-12-05,39.250000,39.294998,39.099998,39.174999,16.173063,109200
2002-12-06,39.000000,39.224998,38.924999,39.220001,16.191635,55600
2002-12-09,39.000000,39.400002,38.980000,39.320000,16.232912,51600
2002-12-10,39.424999,39.424999,39.064999,39.174999,16.173063,24200
2002-12-11,39.130001,39.259998,39.080002,39.145000,16.160677,77400
2002-12-12,39.099998,39.195000,38.900002,39.195000,16.181316,22200
2002-12-13,38.275002,38.445000,38.125000,38.215000,16.139500,25000
2002-12-16,38.200001,38.334999,38.025002,38.334999,16.190182,48400
2002-12-17,38.400002,38.400002,38.099998,38.200001,16.133165,31400
2002-12-18,38.150002,38.150002,37.755001,38.044998,16.067701,179200
2002-12-19,37.750000,38.025002,37.750000,37.845001,15.983235,61000
2002-12-20,37.900002,38.099998,37.775002,38.099998,16.090933,96200
2002-12-23,38.000000,38.145000,37.950001,38.075001,16.080374,60400
2002-12-24,38.195000,38.400002,38.195000,38.400002,16.217628,34400
2002-12-26,38.400002,38.474998,38.299999,38.299999,16.175398,17200
2002-12-27,38.270000,38.349998,38.029999,38.275002,16.164845,168000
2002-12-30,38.299999,38.369999,38.125000,38.369999,16.204962,31800
2002-12-31,38.400002,38.825001,38.400002,38.650002,16.323217,128400
2003-01-02,38.669998,38.750000,38.549999,38.650002,16.323217,82200
2003-01-03,38.799999,39.150002,38.750000,39.139999,16.530157,158600
2003-01-06,39.150002,39.500000,39.099998,39.450001,16.661091,148400
2003-01-07,39.000000,39.150002,38.669998,39.000000,16.471035,126800
2003-01-08,38.825001,38.849998,38.410000,38.410000,16.221865,78800
2003-01-09,38.599998,38.715000,38.375000,38.570000,16.289431,51600
2003-01-10,38.500000,38.549999,38.205002,38.349998,16.196510,150400
2003-01-13,38.400002,38.400002,38.055000,38.105000,16.093048,27200
2003-01-14,38.000000,38.154999,37.950001,38.005001,16.050814,26800
2003-01-15,37.924999,38.174999,37.775002,38.000000,16.048698,56400
2003-01-16,37.799999,38.044998,37.549999,37.665001,15.907216,40000
2003-01-17,37.299999,37.445000,37.125000,37.165001,15.696053,135200
2003-01-21,37.250000,37.290001,37.060001,37.084999,15.662256,57400
2003-01-22,37.025002,37.224998,37.000000,37.125000,15.679153,88200
2003-01-23,37.299999,37.299999,37.025002,37.220001,15.719280,49400
2003-01-24,37.145000,37.145000,36.775002,36.880001,15.575680,177400
2003-01-27,36.799999,36.799999,36.410000,36.549999,15.436310,210200
2003-01-28,36.500000,36.720001,36.430000,36.685001,15.493332,38600
2003-01-29,36.525002,36.974998,36.525002,36.915001,15.590467,90800
2003-01-30,37.049999,37.099998,36.750000,36.825001,15.552455,199000
2003-01-31,36.775002,37.290001,36.775002,37.224998,15.721388,124000
2003-02-03,37.450001,37.494999,37.150002,37.250000,15.731946,69600
2003-02-04,37.099998,37.275002,36.950001,37.154999,15.691828,39000
2003-02-05,37.400002,37.549999,37.224998,37.334999,15.767844,38200
2003-02-06,37.400002,37.424999,37.240002,37.334999,15.767844,73600
2003-02-07,37.500000,37.500000,37.029999,37.049999,15.647479,176200
2003-02-10,37.049999,37.299999,36.115002,37.299999,15.753061,61600
2003-02-11,37.450001,37.450001,36.900002,36.994999,15.624253,35400
2003-02-12,36.900002,37.139999,36.705002,36.705002,15.501777,53400
2003-02-13,36.849998,36.849998,36.450001,36.689999,15.495436,28800
2003-02-14,36.750000,36.860001,36.480000,36.610001,15.461652,24000
2003-02-18,36.900002,37.220001,36.785000,37.044998,15.645367,102000
2003-02-19,37.049999,37.325001,37.000000,37.299999,15.753061,59600
2003-02-20,37.349998,37.415001,37.200001,37.325001,15.763621,30600
2003-02-21,37.450001,37.799999,37.305000,37.790001,15.960010,46400
2003-02-24,37.599998,37.599998,37.299999,37.419998,15.803744,80200
2003-02-25,37.250000,37.770000,37.084999,37.750000,15.943114,52800
2003-02-26,37.700001,37.724998,37.529999,37.575001,15.869207,53600
2003-02-27,37.724998,37.875000,37.580002,37.875000,15.995903,55800
2003-02-28,37.900002,38.080002,37.875000,37.945000,16.025475,37000
2003-03-03,38.000000,38.099998,37.860001,37.904999,16.008575,106400
2003-03-04,37.750000,37.900002,37.625000,37.674999,15.911442,49400
2003-03-05,37.549999,37.700001,37.404999,37.700001,15.921999,49600
2003-03-06,37.599998,37.650002,37.384998,37.480000,15.829080,64600
2003-03-07,37.099998,37.255001,36.950001,37.250000,15.878318,28800
2003-03-10,37.005001,37.099998,36.700001,36.705002,15.646012,74600
2003-03-11,36.974998,37.200001,36.599998,36.660000,15.626820,74200
2003-03-12,36.724998,36.790001,36.430000,36.500000,15.558621,25400
2003-03-13,36.924999,37.064999,36.709999,37.064999,15.799457,63400
2003-03-14,37.049999,37.099998,36.849998,36.889999,15.724861,30400
2003-03-17,36.875000,37.625000,36.735001,37.625000,16.038168,83400
2003-03-18,37.849998,37.849998,37.540001,37.755001,16.093588,77200
2003-03-19,37.950001,38.250000,37.759998,38.244999,16.302443,72400
2003-03-20,38.150002,38.570000,37.779999,38.564999,16.438856,47400
2003-03-21,38.674999,39.294998,38.645000,39.200001,16.709536,98200
2003-03-24,38.950001,38.950001,38.105000,38.244999,16.302443,140000
2003-03-25,38.264999,38.660000,38.264999,38.660000,16.479351,78400
2003-03-26,38.750000,38.895000,38.564999,38.889999,16.577396,137000
2003-03-27,38.849998,38.865002,38.349998,38.669998,16.483612,44400
2003-03-28,38.650002,38.779999,38.500000,38.529999,16.423935,36600
2003-03-31,38.200001,38.595001,38.080002,38.325001,16.336554,74600
2003-04-01,38.500000,39.000000,38.490002,38.974998,16.613623,72400
2003-04-02,39.349998,39.605000,39.255001,39.389999,16.790531,396200
2003-04-03,39.224998,39.365002,39.070000,39.099998,16.666912,64800
2003-04-04,39.275002,39.380001,39.025002,39.025002,16.634937,61000
2003-04-07,39.450001,39.654999,39.150002,39.349998,16.773472,49600
2003-04-08,39.450001,39.450001,39.060001,39.250000,16.730839,58000
2003-04-09,39.250000,39.500000,39.055000,39.055000,16.647728,43600
2003-04-10,39.250000,39.264999,38.935001,39.174999,16.698879,197800
2003-04-11,39.305000,39.450001,38.884998,38.959999,16.607231,72400
2003-04-14,38.974998,39.474998,38.974998,39.474998,16.826754,42800
2003-04-15,39.500000,39.645000,39.360001,39.645000,16.899223,46400
2003-04-16,39.750000,39.750000,39.555000,39.750000,16.943975,85600
2003-04-17,39.849998,40.125000,39.705002,40.119999,17.101694,31200
2003-04-21,40.174999,40.244999,40.025002,40.244999,17.154980,58200
2003-04-22,40.275002,40.799999,40.275002,40.794998,17.389418,78400
2003-04-23,40.645000,40.924999,40.580002,40.810001,17.395819,40000
2003-04-24,40.705002,40.775002,40.424999,40.474998,17.253023,78400
2003-04-25,40.375000,40.375000,40.000000,40.145000,17.112352,151400
2003-04-28,40.200001,40.299999,40.005001,40.005001,17.052677,55800
2003-04-29,40.099998,40.599998,40.099998,40.099998,17.093166,73600
2003-04-30,40.005001,40.180000,39.705002,39.705002,16.924797,99800
2003-05-01,39.750000,40.250000,39.500000,40.049999,17.071869,116000
2003-05-02,40.099998,40.625000,40.099998,40.404999,17.223185,84400
2003-05-05,40.650002,40.875000,40.455002,40.875000,17.423529,78800
2003-05-06,40.974998,41.700001,40.830002,41.105000,17.521566,113400
2003-05-07,41.200001,41.200001,40.705002,40.990002,17.472544,33400
2003-05-08,40.750000,41.255001,40.715000,41.145000,17.538618,80400
2003-05-09,41.375000,41.590000,41.205002,41.450001,17.668625,49200
2003-05-12,41.575001,41.849998,41.500000,41.775002,17.807152,106800
2003-05-13,41.799999,41.924999,41.630001,41.845001,17.837002,49400
2003-05-14,41.924999,41.924999,41.529999,41.665001,17.760269,41000
2003-05-15,41.799999,41.799999,41.404999,41.660000,17.758141,43800
2003-05-16,41.650002,41.935001,41.455002,41.935001,17.875372,70000
2003-05-19,41.924999,41.924999,41.654999,41.730000,17.787985,31800
2003-05-20,41.875000,42.160000,41.779999,42.119999,17.954220,59000
2003-05-21,42.000000,42.264999,41.805000,42.224998,17.998976,53400
2003-05-22,42.349998,42.650002,42.160000,42.650002,18.180149,63400
2003-05-23,42.625000,42.895000,42.494999,42.845001,18.263254,52400
2003-05-27,42.750000,42.825001,42.549999,42.790001,18.239813,104000
2003-05-28,42.849998,42.900002,42.125000,42.125000,17.956367,337800
2003-05-29,42.250000,42.250000,40.750000,41.320000,17.613216,281000
2003-05-30,41.400002,42.174999,41.400002,42.174999,17.977669,162000
2003-06-02,42.400002,42.549999,42.250000,42.389999,18.069313,191800
2003-06-03,42.325001,42.555000,42.130001,42.369999,18.060791,24600
2003-06-04,42.654999,43.169998,42.610001,43.080002,18.363440,79600
2003-06-05,42.750000,43.075001,42.750000,43.075001,18.361305,97400
2003-06-06,43.250000,43.650002,43.105000,43.500000,18.542475,200400
2003-06-09,43.424999,43.424999,43.049999,43.215000,18.420988,41200
2003-06-10,43.250000,43.700001,43.185001,43.625000,18.595741,60200
2003-06-11,43.700001,44.099998,43.450001,44.044998,18.774782,41200
2003-06-12,44.150002,44.150002,43.404999,43.625000,18.595741,127600
2003-06-13,43.000000,43.000000,42.169998,42.340000,18.309042,103200
2003-06-16,42.549999,42.895000,42.549999,42.785000,18.501472,81600
2003-06-17,42.799999,42.945000,42.310001,42.485001,18.371744,31600
2003-06-18,42.299999,42.410000,41.810001,41.950001,18.140398,51600
2003-06-19,42.150002,42.264999,41.860001,42.009998,18.166348,62400
2003-06-20,42.174999,42.174999,41.910000,42.000000,18.162014,48400
2003-06-23,41.849998,41.855000,41.430000,41.435001,17.917700,90800
2003-06-24,41.549999,41.744999,41.275002,41.740002,18.049606,43200
2003-06-25,41.799999,42.150002,41.705002,41.970001,18.149052,74800
2003-06-26,42.049999,42.490002,41.959999,42.480000,18.369583,65400
2003-06-27,42.544998,42.750000,42.415001,42.459999,18.360933,34000
2003-06-30,42.750000,42.750000,42.110001,42.299999,18.291746,58200
2003-07-01,42.450001,42.799999,42.139999,42.799999,18.507967,52200
2003-07-02,43.000000,43.395000,42.830002,43.375000,18.756609,161600
2003-07-03,43.439999,43.599998,43.209999,43.599998,18.853912,12800
2003-07-07,43.799999,43.985001,43.715000,43.950001,19.005253,341000
2003-07-08,43.924999,44.119999,43.799999,44.119999,19.078779,72800
2003-07-09,44.049999,44.049999,43.625000,43.849998,18.962008,34400
2003-07-10,43.849998,43.849998,43.070000,43.259998,18.706875,250800
2003-07-11,43.450001,43.790001,43.349998,43.634998,18.869043,243200
2003-07-14,43.849998,44.145000,43.689999,44.044998,19.046339,94600
2003-07-15,44.025002,44.095001,43.860001,43.959999,19.009583,54200
2003-07-16,44.200001,44.200001,43.840000,43.994999,19.024714,79000
2003-07-17,43.849998,44.049999,43.259998,43.445000,18.786886,122200
2003-07-18,43.700001,43.840000,43.455002,43.570000,18.840933,82000
2003-07-21,43.674999,43.875000,43.299999,43.549999,18.832285,88000
2003-07-22,43.700001,43.840000,43.544998,43.715000,18.903635,96800
2003-07-23,43.825001,43.825001,43.369999,43.645000,18.873375,31600
2003-07-24,43.700001,43.970001,43.660000,43.759998,18.923098,30000
2003-07-25,43.759998,44.115002,43.759998,44.099998,19.070131,49200
2003-07-28,44.200001,44.294998,43.855000,43.900002,18.983639,60000
2003-07-29,43.849998,44.244999,43.849998,44.189999,19.109041,39200
2003-07-30,44.349998,44.744999,44.299999,44.744999,19.349051,53200
2003-07-31,44.840000,44.990002,44.625000,44.625000,19.297146,72600
2003-08-01,44.639999,44.639999,44.250000,44.450001,19.221476,132200
2003-08-04,44.325001,44.325001,43.790001,44.130001,19.083099,97200
2003-08-05,44.200001,44.209999,43.865002,43.994999,19.024714,42600
2003-08-06,44.049999,44.125000,43.660000,44.099998,19.070131,45800
2003-08-07,44.095001,44.395000,44.029999,44.230000,19.126341,251800
2003-08-08,44.419998,44.450001,44.224998,44.369999,19.186884,29200
2003-08-11,44.275002,44.410000,44.244999,44.305000,19.158772,46000
2003-08-12,44.400002,44.400002,44.049999,44.290001,19.152281,27000
2003-08-13,44.349998,44.349998,43.875000,44.025002,19.037695,72000
2003-08-14,44.099998,44.345001,43.924999,44.290001,19.152281,102000
2003-08-15,44.090000,44.395000,44.090000,44.130001,19.083099,5800
2003-08-18,44.150002,44.494999,44.139999,44.375000,19.189049,74800
2003-08-19,44.474998,44.549999,44.314999,44.525002,19.253906,74600
2003-08-20,44.325001,44.650002,44.325001,44.650002,19.307955,79800
2003-08-21,44.724998,44.849998,44.560001,44.730000,19.342558,57600
2003-08-22,44.799999,44.799999,44.299999,44.395000,19.197695,37400
2003-08-25,44.325001,44.325001,43.750000,43.919998,18.992294,112000
2003-08-26,43.924999,44.375000,43.645000,44.375000,19.189049,158200
2003-08-27,44.224998,44.799999,44.224998,44.764999,19.357695,214600
2003-08-28,44.825001,44.825001,44.584999,44.744999,19.349051,57600
2003-08-29,44.790001,45.000000,44.654999,45.000000,19.459314,33200
2003-09-02,45.119999,45.540001,44.910000,45.540001,19.692823,62200
2003-09-03,45.650002,46.000000,45.125000,45.880001,19.839853,99400
2003-09-04,46.049999,46.180000,45.860001,46.090000,19.930655,92800
2003-09-05,45.974998,46.020000,45.650002,45.889999,19.844173,87400
2003-09-08,45.575001,46.049999,45.575001,46.014999,19.898233,35800
2003-09-09,45.865002,45.884998,45.535000,45.849998,19.826868,39800
2003-09-10,45.799999,45.799999,44.955002,45.049999,19.480930,129000
2003-09-11,45.299999,45.520000,45.165001,45.445000,19.651737,54200
2003-09-12,44.685001,44.990002,44.529999,44.990002,19.719681,45400
2003-09-15,45.000000,45.000000,44.799999,44.895000,19.678043,52200
2003-09-16,44.924999,44.990002,44.654999,44.880001,19.671461,45600
2003-09-17,44.900002,44.900002,44.549999,44.715000,19.599146,38200
2003-09-18,44.799999,45.064999,44.724998,44.965000,19.708719,402800
2003-09-19,45.049999,45.419998,45.000000,45.310001,19.859940,61000
2003-09-22,45.049999,45.255001,44.895000,45.150002,19.789801,229400
2003-09-23,45.150002,45.595001,45.150002,45.455002,19.923498,65800
2003-09-24,45.500000,45.595001,45.205002,45.205002,19.813927,39400
2003-09-25,45.299999,45.334999,44.959999,45.160000,19.794197,138800
2003-09-26,45.044998,45.209999,44.599998,45.205002,19.813927,54000
2003-09-29,45.230000,45.424999,45.160000,45.424999,19.910343,26800
2003-09-30,45.549999,45.869999,45.145000,45.705002,20.033073,78200
2003-10-01,45.825001,46.134998,45.825001,46.025002,20.173338,43200
2003-10-02,46.099998,46.485001,46.099998,46.375000,20.326748,343400
2003-10-03,46.825001,47.244999,46.755001,46.869999,20.543709,371800
2003-10-06,46.849998,47.424999,46.849998,47.424999,20.786982,74600
2003-10-07,47.400002,47.474998,47.189999,47.200001,20.688353,341200
2003-10-08,47.205002,47.334999,47.090000,47.230000,20.701504,63000
2003-10-09,47.529999,47.619999,47.250000,47.294998,20.729990,56600
2003-10-10,47.590000,47.590000,47.250000,47.375000,20.765057,115800
2003-10-13,47.549999,47.715000,47.455002,47.549999,20.841759,91200
2003-10-14,47.575001,47.605000,47.360001,47.584999,20.857098,73800
2003-10-15,47.674999,47.810001,47.389999,47.474998,20.808882,32800
2003-10-16,47.474998,47.654999,47.474998,47.535000,20.835178,149400
2003-10-17,47.660000,47.674999,47.110001,47.110001,20.648899,325800
2003-10-20,47.365002,47.375000,47.005001,47.005001,20.602877,54800
2003-10-21,47.200001,47.250000,47.005001,47.049999,20.622608,65800
2003-10-22,47.099998,47.099998,46.555000,46.720001,20.477964,148400
2003-10-23,46.555000,46.555000,45.965000,46.250000,20.271961,168800
2003-10-24,46.250000,46.250000,45.654999,45.875000,20.107586,230400
2003-10-27,46.099998,46.750000,46.095001,46.415001,20.344280,231200
2003-10-28,46.549999,46.549999,45.630001,46.099998,20.206211,149000
2003-10-29,46.200001,46.685001,46.165001,46.560001,20.407839,121400
2003-10-30,46.724998,46.794998,46.450001,46.674999,20.458244,88400
2003-10-31,46.799999,46.959999,46.380001,46.500000,20.381536,248000
2003-11-03,46.799999,47.200001,46.799999,47.139999,20.662062,304600
2003-11-04,47.070000,47.355000,46.895000,47.275002,20.721228,160200
2003-11-05,47.270000,47.270000,46.904999,47.200001,20.688353,32800
2003-11-06,47.224998,47.549999,47.139999,47.549999,20.841759,163600
2003-11-07,47.599998,47.990002,47.599998,47.764999,20.935995,72000
2003-11-10,47.910000,47.910000,47.580002,47.665001,20.892166,42800
2003-11-11,47.700001,47.700001,47.250000,47.375000,20.765057,77800
2003-11-12,47.500000,48.090000,47.375000,48.090000,21.078457,318800
2003-11-13,48.090000,48.230000,47.900002,48.195000,21.124472,79600
2003-11-14,48.400002,48.650002,48.330002,48.450001,21.236240,517000
2003-11-17,47.750000,48.250000,47.695000,48.099998,21.082836,241400
2003-11-18,48.299999,48.470001,48.044998,48.169998,21.113514,59800
2003-11-19,48.299999,48.395000,47.924999,48.075001,21.071873,170200
2003-11-20,48.075001,48.075001,47.285000,47.459999,20.802315,222200
2003-11-21,47.799999,47.825001,47.000000,47.099998,20.644524,178600
2003-11-24,47.700001,47.845001,47.459999,47.660000,20.889980,231600
2003-11-25,47.825001,48.250000,47.799999,48.200001,21.126669,414400
2003-11-26,48.400002,48.494999,48.150002,48.380001,21.205561,41200
2003-11-28,48.500000,48.705002,48.500000,48.520000,21.266930,62400
2003-12-01,48.599998,49.165001,48.599998,49.150002,21.543066,205400
2003-12-02,49.125000,49.224998,49.000000,49.125000,21.532106,53800
2003-12-03,49.224998,49.294998,49.005001,49.005001,21.479498,53800
2003-12-04,49.150002,49.150002,48.794998,48.799999,21.389647,40200
2003-12-05,48.875000,48.955002,48.750000,48.805000,21.391853,285800
2003-12-08,48.875000,49.185001,48.799999,49.185001,21.558403,301200
2003-12-09,49.275002,49.275002,49.014999,49.150002,21.543066,118200
2003-12-10,49.244999,49.244999,48.825001,48.955002,21.457588,188800
2003-12-11,48.974998,49.424999,48.974998,49.419998,21.661396,108400
2003-12-12,48.750000,48.820000,48.599998,48.724998,21.688337,106600
2003-12-15,49.099998,49.099998,48.470001,48.500000,21.588188,392400
2003-12-16,48.575001,48.845001,48.294998,48.825001,21.732847,107000
2003-12-17,48.825001,48.924999,48.650002,48.855000,21.746210,167800
2003-12-18,48.924999,49.139999,48.825001,48.985001,21.804060,69200
2003-12-19,49.049999,49.134998,48.950001,49.134998,21.870829,43400
2003-12-22,49.049999,49.345001,48.924999,49.345001,21.964306,117000
2003-12-23,49.424999,49.424999,49.180000,49.215000,21.906441,223400
2003-12-24,49.290001,49.459999,49.224998,49.459999,22.015491,46000
2003-12-26,49.500000,49.625000,49.450001,49.535000,22.048878,9000
2003-12-29,49.674999,49.849998,49.535000,49.779999,22.157932,95000
2003-12-30,49.930000,50.105000,49.799999,49.980000,22.246960,251400
2003-12-31,50.150002,50.244999,49.549999,49.634998,22.093395,99000
2004-01-02,49.674999,49.744999,49.250000,49.490002,22.028860,88000
2004-01-05,49.900002,50.000000,49.325001,49.509998,22.037746,1044000
2004-01-06,49.525002,49.650002,49.424999,49.599998,22.077816,83200
2004-01-07,49.630001,49.689999,49.255001,49.380001,21.979885,59200
2004-01-08,49.474998,49.509998,49.314999,49.480000,22.024391,69200
2004-01-09,49.474998,49.570000,49.235001,49.525002,22.044437,146000
2004-01-12,49.500000,49.735001,49.395000,49.575001,22.066689,196000
2004-01-13,49.689999,49.720001,49.235001,49.625000,22.088938,283800
2004-01-14,49.700001,50.000000,49.605000,50.000000,22.255869,96800
2004-01-15,49.900002,50.040001,49.720001,49.939999,22.229153,52000
2004-01-16,50.025002,50.099998,49.575001,49.575001,22.066689,98200
2004-01-20,49.849998,49.849998,49.424999,49.599998,22.077816,68600
2004-01-21,49.674999,49.689999,49.380001,49.689999,22.117874,87200
2004-01-22,49.750000,49.945000,49.619999,49.919998,22.220255,106200
2004-01-23,49.849998,50.340000,49.849998,50.250000,22.367149,191000
2004-01-26,50.349998,50.910000,50.235001,50.910000,22.660915,215000
2004-01-27,51.049999,51.474998,50.900002,51.404999,22.881254,907800
2004-01-28,51.500000,51.855000,51.165001,51.215000,22.796673,399400
2004-01-29,51.375000,51.384998,50.860001,51.325001,22.845646,197200
2004-01-30,51.400002,51.654999,51.230000,51.654999,22.992537,178200
2004-02-02,51.825001,52.345001,51.709999,52.299999,23.279634,202400
2004-02-03,52.500000,52.799999,52.195000,52.215000,23.241800,272400
2004-02-04,52.250000,52.250000,51.340000,51.340000,22.852318,179800
2004-02-05,51.305000,51.549999,51.150002,51.404999,22.881254,145000
2004-02-06,51.750000,52.560001,51.549999,52.549999,23.390907,636800
2004-02-09,52.395000,52.570000,52.299999,52.490002,23.364201,98200
2004-02-10,52.549999,52.849998,52.549999,52.849998,23.524448,152800
2004-02-11,52.855000,53.200001,52.674999,53.200001,23.680239,335200
2004-02-12,53.049999,53.049999,52.360001,52.540001,23.386456,252800
2004-02-13,52.700001,52.700001,52.000000,52.224998,23.246246,691600
2004-02-17,52.575001,52.584999,52.250000,52.299999,23.279634,300400
2004-02-18,52.299999,52.465000,52.250000,52.325001,23.290758,124400
2004-02-19,52.250000,52.389999,52.090000,52.224998,23.246246,186000
2004-02-20,52.235001,52.334999,51.924999,52.235001,23.250708,112000
2004-02-23,52.349998,52.474998,52.049999,52.255001,23.259602,156400
2004-02-24,52.250000,52.380001,52.075001,52.360001,23.306343,321200
2004-02-25,52.450001,52.705002,52.299999,52.685001,23.451002,309200
2004-02-26,52.875000,52.875000,52.540001,52.555000,23.393145,142800
2004-02-27,52.575001,52.720001,52.509998,52.584999,23.406488,297200
2004-03-01,52.900002,53.500000,52.799999,53.500000,23.813778,340600
2004-03-02,53.500000,53.869999,53.404999,53.840000,23.965117,259800
2004-03-03,53.825001,54.224998,53.750000,54.099998,24.080835,351200
2004-03-04,54.134998,54.250000,54.049999,54.250000,24.147608,151600
2004-03-05,54.275002,54.674999,54.150002,54.575001,24.292271,233000
2004-03-08,54.724998,54.724998,54.400002,54.584999,24.296721,162200
2004-03-09,54.509998,54.529999,54.275002,54.500000,24.258888,84200
2004-03-10,54.549999,54.634998,53.750000,53.799999,23.947300,181200
2004-03-11,53.424999,53.700001,53.174999,53.174999,23.669111,305600
2004-03-12,53.154999,53.759998,53.154999,53.724998,23.913921,408600
2004-03-15,53.799999,53.799999,53.279999,53.380001,23.760361,206000
2004-03-16,53.525002,53.665001,53.215000,53.525002,23.824894,193400
2004-03-17,53.674999,54.400002,53.634998,54.299999,24.169853,599600
2004-03-18,54.325001,54.650002,54.189999,54.584999,24.296721,531200
2004-03-19,54.700001,54.935001,54.505001,54.805000,24.394644,313400
2004-03-22,53.700001,54.605000,53.700001,54.450001,24.236635,548600
2004-03-23,54.549999,54.724998,54.400002,54.525002,24.270008,97400
2004-03-24,54.724998,54.799999,54.025002,54.235001,24.140924,264400
2004-03-25,54.349998,54.744999,54.200001,54.724998,24.359034,428400
2004-03-26,54.174999,54.174999,53.549999,53.625000,24.174654,274400
2004-03-29,53.900002,53.994999,53.599998,53.750000,24.231007,121000
2004-03-30,53.700001,54.450001,53.700001,54.445000,24.544313,133800
2004-03-31,54.580002,54.799999,54.255001,54.724998,24.670542,426200
2004-04-01,54.849998,55.355000,54.849998,55.355000,24.954559,249800
2004-04-02,55.450001,55.450001,54.590000,54.709999,24.663788,641400
2004-04-05,54.400002,54.500000,51.750000,52.560001,23.694548,1630000
2004-04-06,52.099998,52.134998,50.125000,50.549999,22.788412,2048000
2004-04-07,50.250000,51.965000,49.799999,51.250000,23.103987,1019600
2004-04-08,51.049999,51.150002,50.250000,50.250000,22.653181,575400
2004-04-12,50.200001,50.200001,46.825001,47.799999,21.548693,2999800
2004-04-13,47.494999,48.320000,46.250000,47.400002,21.368361,2276400
2004-04-14,44.730000,47.744999,44.730000,46.990002,21.183546,800800
2004-04-15,46.900002,48.049999,46.900002,48.000000,21.638859,900200
2004-04-16,48.294998,48.849998,47.799999,48.500000,21.864264,935400
2004-04-19,48.404999,48.820000,47.555000,48.674999,21.943157,1568800
2004-04-20,48.674999,48.720001,46.750000,46.849998,21.120422,1184600
2004-04-21,46.849998,47.349998,46.599998,47.075001,21.221857,1111000
2004-04-22,47.080002,48.290001,47.075001,47.724998,21.514883,1881400
2004-04-23,47.599998,47.599998,47.020000,47.250000,21.300743,676400
2004-04-26,47.150002,47.965000,47.150002,47.619999,21.467548,679600
2004-04-27,47.549999,48.095001,47.549999,48.000000,21.638859,414400
2004-04-28,48.049999,48.049999,47.375000,47.400002,21.368361,355800
2004-04-29,47.450001,48.250000,46.255001,46.700001,21.052809,1394600
2004-04-30,46.775002,47.250000,46.299999,46.549999,20.985184,530200
2004-05-03,46.549999,47.250000,46.250000,47.250000,21.300743,1042800
2004-05-04,47.150002,47.994999,47.150002,47.325001,21.334549,1013200
2004-05-05,47.450001,47.674999,47.095001,47.105000,21.235384,516000
2004-05-06,47.005001,47.294998,46.349998,47.099998,21.233122,1339800
2004-05-07,46.490002,46.740002,45.450001,45.525002,20.523094,1480600
2004-05-10,44.950001,45.250000,43.750000,44.924999,20.252615,2589400
2004-05-11,44.875000,45.875000,44.875000,45.349998,20.444204,654200
2004-05-12,44.900002,45.400002,44.605000,45.250000,20.399128,610800
2004-05-13,45.200001,45.750000,45.000000,45.294998,20.419411,1108000
2004-05-14,45.450001,46.200001,45.150002,45.900002,20.692150,981600
2004-05-17,45.724998,46.465000,45.125000,46.119999,20.791340,1704200
2004-05-18,46.549999,47.000000,46.205002,47.000000,21.188051,884200
2004-05-19,47.189999,47.599998,45.825001,45.900002,20.692150,1338200
2004-05-20,46.400002,47.000000,46.154999,46.974998,21.176775,699000
2004-05-21,47.150002,47.490002,46.605000,46.900002,21.142969,1346400
2004-05-24,46.900002,47.445000,46.639999,47.209999,21.282717,158000
2004-05-25,47.584999,48.349998,47.400002,48.299999,21.774096,955800
2004-05-26,48.305000,49.025002,47.910000,49.020000,22.098679,984200
2004-05-27,49.299999,49.700001,49.000000,49.169998,22.166300,380400
2004-05-28,49.474998,49.799999,49.169998,49.720001,22.414249,770800
2004-06-01,49.825001,49.825001,48.750000,49.150002,22.157291,1799400
2004-06-02,49.700001,50.000000,49.250000,49.849998,22.472847,1138000
2004-06-03,49.799999,50.000000,49.474998,49.700001,22.405235,511600
2004-06-04,49.849998,50.189999,49.505001,49.750000,22.427767,620400
2004-06-07,49.924999,50.200001,49.549999,50.200001,22.630642,474400
2004-06-08,50.200001,50.375000,49.724998,50.150002,22.608093,212600
2004-06-09,49.994999,50.299999,49.740002,49.875000,22.484125,1125800
2004-06-10,50.025002,50.025002,49.404999,49.650002,22.382694,295200
2004-06-14,49.250000,49.250000,48.509998,48.650002,21.931868,1446800
2004-06-15,49.049999,49.744999,49.049999,49.625000,22.371426,1163000
2004-06-16,49.814999,49.990002,49.334999,49.875000,22.484125,603000
2004-06-17,49.799999,50.320000,49.630001,50.299999,22.675713,884200
2004-06-18,50.250000,50.514999,50.150002,50.375000,22.709532,473000
2004-06-21,50.674999,50.974998,50.500000,50.974998,22.980011,874600
2004-06-22,50.700001,51.049999,50.700001,50.900002,22.946203,401800
2004-06-23,50.950001,51.294998,50.860001,51.150002,23.058908,379800
2004-06-24,51.299999,51.555000,51.064999,51.244999,23.101730,689600
2004-06-25,51.000000,51.000000,50.500000,50.700001,23.149908,646000
2004-06-28,50.950001,51.299999,50.805000,51.049999,23.309711,992400
2004-06-29,50.994999,50.994999,49.950001,50.000000,22.830284,816400
2004-06-30,49.924999,50.724998,49.865002,50.514999,23.065428,2753200
2004-07-01,50.799999,51.224998,50.195000,50.615002,23.111086,1089000
2004-07-02,50.724998,51.689999,50.724998,51.625000,23.572264,1592200
2004-07-06,51.674999,51.674999,50.924999,51.299999,23.423862,583400
2004-07-07,51.500000,52.035000,51.500000,51.950001,23.720673,1258200
2004-07-08,52.174999,52.174999,51.139999,51.200001,23.378202,1170400
2004-07-09,51.200001,51.549999,50.759998,51.174999,23.366791,501400
2004-07-12,51.349998,51.575001,50.965000,51.575001,23.549433,490200
2004-07-13,51.575001,51.575001,51.049999,51.055000,23.311993,664400
2004-07-14,51.075001,51.480000,51.075001,51.400002,23.469524,656200
2004-07-15,51.500000,52.000000,51.500000,51.950001,23.720673,1015600
2004-07-16,51.950001,52.395000,51.849998,51.849998,23.675001,468800
2004-07-19,52.000000,52.345001,51.799999,52.294998,23.878195,326800
2004-07-20,52.375000,52.560001,52.205002,52.299999,23.880474,1026000
2004-07-21,52.250000,52.424999,51.700001,51.700001,23.606508,1290600
2004-07-22,51.500000,51.564999,50.389999,50.759998,23.177296,1438600
2004-07-23,50.500000,50.750000,50.255001,50.255001,22.946707,461400
2004-07-26,50.209999,50.255001,49.759998,49.875000,22.773201,952200
2004-07-27,50.000000,50.375000,49.724998,49.945000,22.805168,644400
2004-07-28,49.884998,50.500000,49.340000,50.299999,22.967270,1041200
2004-07-29,50.599998,50.799999,50.200001,50.340000,22.985523,318200
2004-07-30,50.500000,50.794998,50.450001,50.650002,23.127073,589800
2004-08-02,50.650002,51.450001,50.340000,51.424999,23.480934,856000
2004-08-03,51.450001,51.935001,51.325001,51.645000,23.581398,735600
2004-08-04,51.000000,52.075001,51.000000,52.055000,23.768604,948200
2004-08-05,52.115002,52.115002,51.275002,51.275002,23.412447,1059600
2004-08-06,51.040001,51.919998,50.950001,51.200001,23.378202,2393800
2004-08-09,51.200001,51.474998,50.950001,51.075001,23.321121,365200
2004-08-10,51.500000,51.630001,51.255001,51.445000,23.490070,354400
2004-08-11,51.369999,51.375000,51.150002,51.375000,23.458103,356800
2004-08-12,51.349998,51.665001,50.849998,50.860001,23.222960,577400
2004-08-13,50.875000,51.000000,50.680000,50.875000,23.229803,455400
2004-08-16,51.075001,51.555000,51.049999,51.555000,23.540300,532800
2004-08-17,52.055000,52.110001,51.820000,52.099998,23.789150,781600
2004-08-18,52.250000,52.849998,52.080002,52.849998,24.131607,1812400
2004-08-19,52.924999,52.924999,52.049999,52.075001,23.777737,493000
2004-08-20,52.125000,53.560001,52.125000,53.450001,24.405563,1914000
2004-08-23,53.500000,53.669998,53.110001,53.500000,24.428400,504600
2004-08-24,53.625000,54.150002,53.625000,54.075001,24.690945,497400
2004-08-25,54.044998,54.154999,53.775002,53.799999,24.565384,1524800
2004-08-26,53.799999,54.139999,53.799999,54.000000,24.656712,195200
2004-08-27,54.139999,54.244999,54.000000,54.070000,24.688658,88200
2004-08-30,54.494999,54.525002,54.075001,54.410000,24.843916,317800
2004-08-31,54.480000,54.825001,54.430000,54.825001,25.033400,719800
2004-09-01,54.915001,55.075001,54.465000,54.639999,24.948931,569400
2004-09-02,54.549999,54.994999,54.549999,54.950001,25.090488,334000
2004-09-03,54.825001,55.299999,54.825001,55.250000,25.227459,1461800
2004-09-07,55.244999,55.825001,55.244999,55.825001,25.490007,430200
2004-09-08,55.825001,55.924999,55.674999,55.735001,25.448914,593200
2004-09-09,55.500000,55.500000,54.794998,54.830002,25.035688,1393200
2004-09-10,54.529999,54.895000,54.380001,54.875000,25.056227,424800
2004-09-13,54.849998,54.849998,54.299999,54.419998,24.848476,417200
2004-09-14,54.349998,54.369999,53.735001,53.750000,24.542543,851000
2004-09-15,53.755001,54.230000,53.654999,54.044998,24.677246,549600
2004-09-16,54.250000,55.000000,54.150002,54.994999,25.111017,676800
2004-09-17,55.049999,55.049999,54.605000,54.724998,24.987747,913600
2004-09-20,54.650002,54.705002,54.310001,54.435001,24.855333,635800
2004-09-21,54.375000,54.680000,54.224998,54.459999,24.866739,614200
2004-09-22,54.459999,54.474998,54.174999,54.275002,24.782265,530000
2004-09-23,54.224998,54.264999,53.965000,53.985001,24.649851,1421400
2004-09-24,53.424999,53.625000,53.180000,53.535000,24.726061,459400
2004-09-27,53.400002,53.595001,53.285000,53.400002,24.663706,249600
2004-09-28,53.625000,53.660000,53.220001,53.660000,24.783789,215000
2004-09-29,53.349998,53.770000,53.349998,53.645000,24.776875,414200
2004-09-30,53.849998,54.294998,53.779999,53.980000,24.931595,1053600
2004-10-01,54.160000,55.279999,54.099998,55.195000,25.492765,1173800
2004-10-04,55.275002,55.494999,54.875000,55.150002,25.471987,1325600
2004-10-05,54.875000,55.375000,54.875000,55.320000,25.550499,483600
2004-10-06,55.099998,55.490002,55.099998,55.415001,25.594379,780200
2004-10-07,55.380001,55.415001,54.775002,54.775002,25.298779,658600
2004-10-08,54.825001,55.450001,54.825001,55.255001,25.520473,1135600
2004-10-11,55.349998,55.365002,54.965000,55.000000,25.402699,167000
2004-10-12,54.849998,55.555000,54.740002,55.555000,25.659033,436400
2004-10-13,55.724998,55.724998,55.180000,55.299999,25.541250,178000
2004-10-14,55.325001,55.730000,55.174999,55.650002,25.702917,692200
2004-10-15,55.994999,56.224998,55.730000,56.125000,25.922297,512800
2004-10-18,56.200001,56.685001,56.075001,56.474998,26.083946,1087400
2004-10-19,56.525002,56.974998,55.955002,55.955002,25.843775,753200
2004-10-20,55.900002,56.000000,54.875000,55.650002,25.702917,1212400
2004-10-21,55.424999,56.349998,55.424999,56.349998,26.026215,1392800
2004-10-22,56.375000,56.674999,55.750000,55.799999,25.772192,378000
2004-10-25,55.764999,55.775002,55.395000,55.669998,25.712141,339600
2004-10-26,55.750000,56.349998,55.700001,56.299999,26.003122,616800
2004-10-27,56.490002,56.869999,56.450001,56.779999,26.224821,668800
2004-10-28,56.900002,57.000000,56.605000,56.900002,26.280237,477400
2004-10-29,56.970001,57.205002,56.660000,56.755001,26.213282,427400
2004-11-01,56.750000,57.424999,56.750000,57.299999,26.464981,235400
2004-11-02,57.424999,57.540001,56.875000,56.900002,26.280237,859400
2004-11-03,57.900002,57.900002,57.365002,57.450001,26.534283,825800
2004-11-04,57.450001,58.500000,57.450001,58.494999,27.016930,1103200
2004-11-05,57.459999,58.250000,56.764999,56.799999,26.234053,2394400
2004-11-08,56.794998,57.169998,56.665001,57.125000,26.384169,819600
2004-11-09,57.125000,57.310001,56.965000,57.290001,26.460379,515400
2004-11-10,57.200001,57.849998,57.119999,57.634998,26.619720,1307800
2004-11-11,57.599998,58.090000,57.599998,58.090000,26.829868,305400
2004-11-12,58.250000,59.500000,58.099998,59.424999,27.446449,1407800
2004-11-15,59.525002,60.105000,59.424999,60.060001,27.739744,815400
2004-11-16,60.099998,60.250000,59.500000,59.500000,27.481092,1185600
2004-11-17,59.924999,60.000000,58.095001,58.275002,26.915308,1619600
2004-11-18,58.360001,58.950001,57.599998,58.349998,26.949953,2172200
2004-11-19,58.494999,58.494999,57.525002,57.549999,26.580458,896600
2004-11-22,57.599998,58.044998,57.415001,57.980000,26.779062,997200
2004-11-23,58.049999,58.650002,57.849998,58.599998,27.065418,670000
2004-11-24,58.924999,59.480000,58.610001,59.400002,27.434910,1466400
2004-11-26,59.625000,59.625000,59.049999,59.049999,27.273266,534800
2004-11-29,59.000000,59.445000,58.700001,58.900002,27.203974,1358000
2004-11-30,58.900002,59.209999,58.715000,59.165001,27.326376,1622400
2004-12-01,59.165001,60.564999,59.165001,60.380001,27.887541,2260200
2004-12-02,60.320000,60.334999,59.474998,59.830002,27.633520,2004600
2004-12-03,59.924999,60.880001,59.924999,60.869999,28.113846,1689000
2004-12-06,60.924999,61.400002,60.630001,61.150002,28.243181,2822600
2004-12-07,61.154999,61.154999,60.200001,60.310001,27.855213,913200
2004-12-08,60.224998,61.000000,60.180000,60.430000,27.910641,877600
2004-12-09,60.325001,60.959999,60.005001,60.849998,28.104620,799800
2004-12-10,60.900002,61.500000,60.755001,61.494999,28.402523,741000
2004-12-13,61.474998,61.605000,61.250000,61.349998,28.335564,660800
2004-12-14,61.174999,61.325001,60.750000,61.200001,28.266273,479400
2004-12-15,61.250000,61.595001,60.849998,61.525002,28.416384,891800
2004-12-16,61.400002,61.720001,60.959999,61.000000,28.173904,456000
2004-12-17,60.875000,61.645000,60.459999,61.470001,28.390984,1305600
2004-12-20,61.384998,61.619999,61.095001,61.424999,28.370192,706800
2004-12-21,61.599998,62.000000,60.750000,61.924999,28.601131,1393000
2004-12-22,62.025002,62.384998,62.025002,62.334999,28.790497,835000
2004-12-23,61.849998,61.849998,60.799999,60.799999,28.376053,1387000
2004-12-27,61.250000,62.200001,60.000000,60.945000,28.443733,526000
2004-12-28,61.189999,61.299999,61.090000,61.154999,28.541740,704600
2004-12-29,61.299999,61.549999,61.000000,61.450001,28.679419,721400
2004-12-30,61.450001,61.880001,61.430000,61.764999,28.826435,477600
2004-12-31,61.825001,62.070000,61.500000,61.599998,28.749428,1109000
2005-01-03,61.799999,61.970001,60.560001,60.834999,28.392391,2010000
2005-01-04,61.200001,61.320000,59.880001,60.000000,28.002682,1030800
2005-01-05,59.750000,59.750000,57.400002,57.755001,26.954916,6926200
2005-01-06,57.900002,58.599998,57.875000,58.250000,27.185940,2101200
2005-01-07,58.500000,58.950001,58.049999,58.244999,27.183599,1437800
2005-01-10,58.494999,58.625000,58.025002,58.209999,27.167276,785400
2005-01-11,58.209999,58.514999,57.494999,57.494999,26.833569,1196800
2005-01-12,57.525002,57.525002,56.500000,57.275002,26.730881,1535600
2005-01-13,57.174999,58.459999,57.174999,57.549999,26.859234,1979800
2005-01-14,57.650002,58.275002,57.650002,58.220001,27.171940,755800
2005-01-18,58.195000,58.860001,57.799999,58.860001,27.470633,1339000
2005-01-19,60.625000,60.625000,58.709999,58.955002,27.514967,2107800
2005-01-20,58.950001,59.044998,58.334999,58.584999,27.342287,1480600
2005-01-21,58.825001,59.049999,58.380001,58.724998,27.407637,1231400
2005-01-24,58.750000,59.000000,58.099998,58.150002,27.139265,2471000
2005-01-25,58.200001,58.424999,56.955002,56.959999,26.583879,2132400
2005-01-26,56.875000,57.230000,56.639999,57.049999,26.625896,1681600
2005-01-27,57.049999,57.150002,56.224998,56.450001,26.345854,1985600
2005-01-28,56.599998,56.865002,56.349998,56.709999,26.467201,1776400
2005-01-31,56.799999,57.150002,56.084999,56.349998,26.299175,1791000
2005-02-01,56.685001,57.200001,56.505001,57.195000,26.693552,3409600
2005-02-02,57.099998,57.849998,57.055000,57.849998,26.999247,1453600
2005-02-03,57.849998,58.080002,57.575001,57.674999,26.917570,739000
2005-02-04,58.005001,58.595001,58.005001,58.500000,27.302620,3437400
2005-02-07,58.410000,58.814999,58.325001,58.369999,27.241951,1273200
2005-02-08,58.255001,58.520000,58.240002,58.505001,27.304943,644000
2005-02-09,58.299999,58.875000,58.299999,58.849998,27.465965,536600
2005-02-10,59.000000,59.174999,58.630001,59.060001,27.563976,2354400
2005-02-11,59.150002,59.400002,58.689999,59.299999,27.675987,2326400
2005-02-14,59.494999,59.599998,59.205002,59.415001,27.729656,1390600
2005-02-15,59.494999,59.625000,59.325001,59.595001,27.813673,1111200
2005-02-16,59.599998,59.950001,59.215000,59.900002,27.956020,995800
2005-02-17,59.974998,60.060001,59.814999,59.865002,27.939680,1422400
2005-02-18,59.500000,59.500000,59.000000,59.250000,27.652651,1525400
2005-02-22,59.349998,59.349998,57.650002,57.654999,26.908251,3470400
2005-02-23,58.349998,58.384998,57.549999,57.689999,26.924578,1253600
2005-02-24,57.685001,57.799999,57.099998,57.500000,26.835894,1700800
2005-02-25,57.529999,58.625000,57.525002,58.625000,27.360956,1358000
2005-02-28,58.599998,58.599998,57.500000,58.230000,27.176601,1851400
2005-03-01,58.230000,58.799999,58.230000,58.730000,27.409958,1436200
2005-03-02,58.244999,58.674999,58.154999,58.500000,27.302620,816600
2005-03-03,58.595001,58.805000,58.325001,58.605000,27.351622,681000
2005-03-04,58.775002,59.919998,58.775002,59.825001,27.921005,2091800
2005-03-07,59.825001,60.665001,59.660000,60.400002,28.189369,1830600
2005-03-08,59.904999,60.250000,59.654999,59.799999,27.909332,1202000
2005-03-09,58.625000,59.250000,57.950001,58.049999,27.092600,3454000
2005-03-10,58.250000,58.665001,57.900002,58.500000,27.302620,2246600
2005-03-11,58.000000,58.375000,57.654999,57.654999,26.908251,1622400
2005-03-14,57.799999,58.564999,57.654999,58.564999,27.332949,1697000
2005-03-15,59.000000,59.360001,58.209999,58.435001,27.272289,3077000
2005-03-16,58.259998,58.384998,57.625000,57.709999,26.933908,2140600
2005-03-17,57.750000,58.544998,57.750000,58.325001,27.220940,1392800
2005-03-18,58.375000,58.375000,57.770000,57.935001,27.038933,1715000
2005-03-21,57.895000,57.895000,57.255001,57.500000,26.835894,2452400
2005-03-22,57.450001,58.049999,56.349998,56.500000,26.369192,4488800
2005-03-23,56.000000,56.849998,55.599998,56.200001,26.229183,4588200
2005-03-24,55.599998,56.590000,55.599998,55.705002,26.299997,2596000
2005-03-28,55.875000,56.115002,55.500000,55.674999,26.285830,2104800
2005-03-29,55.400002,56.060001,55.400002,55.595001,26.248064,1795000
2005-03-30,55.599998,56.310001,55.599998,56.310001,26.585646,2178600
2005-03-31,56.535000,56.930000,56.099998,56.099998,26.486490,3368800
2005-04-01,56.549999,57.264999,55.924999,56.250000,26.557314,4385600
2005-04-04,56.099998,56.174999,55.349998,55.974998,26.427471,3131200
2005-04-05,56.000000,56.244999,55.790001,56.000000,26.439281,498800
2005-04-06,56.099998,56.505001,56.035000,56.490002,26.670616,3000800
2005-04-07,56.299999,56.860001,56.279999,56.700001,26.769772,1207000
2005-04-08,56.575001,56.845001,55.615002,55.775002,26.333050,845600
2005-04-11,56.000000,56.695000,56.000000,56.450001,26.651733,1183400
2005-04-12,56.200001,57.509998,56.180000,57.509998,27.152191,2986200
2005-04-13,57.625000,57.744999,57.250000,57.395000,27.097904,2363000
2005-04-14,57.174999,57.500000,56.875000,57.049999,26.935026,997000
2005-04-15,56.974998,57.255001,56.384998,56.779999,26.807535,1901600
2005-04-18,55.805000,57.224998,55.805000,57.000000,26.911409,1146200
2005-04-19,57.244999,57.500000,57.150002,57.500000,27.147463,930200
2005-04-20,57.150002,57.494999,56.950001,57.200001,27.005829,1362200
2005-04-21,57.450001,57.474998,56.950001,57.474998,27.135677,1321200
2005-04-22,57.349998,57.785000,57.279999,57.465000,27.130951,1757800
2005-04-25,57.849998,58.400002,57.724998,58.400002,27.572403,3072000
2005-04-26,58.494999,58.700001,58.250000,58.360001,27.553497,1812400
2005-04-27,58.200001,58.880001,57.900002,58.830002,27.775402,1845000
2005-04-28,58.849998,58.849998,58.445000,58.544998,27.640848,762600
2005-04-29,58.849998,59.325001,58.365002,59.255001,27.976063,1396800
2005-05-02,59.250000,59.474998,58.724998,59.185001,27.942999,1379200
2005-05-03,59.150002,59.474998,58.840000,59.474998,28.079935,1272000
2005-05-04,59.095001,59.700001,58.900002,59.650002,28.162552,1628400
2005-05-05,59.750000,60.235001,59.750000,60.009998,28.332510,2797800
2005-05-06,59.555000,60.025002,59.235001,59.615002,28.146027,2496800
2005-05-09,59.500000,60.625000,59.450001,60.605000,28.613434,1352400
2005-05-10,60.605000,60.650002,60.150002,60.500000,28.563862,2243400
2005-05-11,60.799999,60.799999,60.049999,60.680000,28.648851,2463800
2005-05-12,60.724998,60.764999,59.939999,60.150002,28.398613,1030800
2005-05-13,60.299999,60.349998,59.450001,59.549999,28.115345,2319800
2005-05-16,59.575001,60.279999,59.575001,60.270000,28.455280,1338000
2005-05-17,60.250000,60.770000,60.049999,60.630001,28.625246,993200
2005-05-18,61.125000,61.474998,61.099998,61.330002,28.955736,3209600
2005-05-19,61.294998,62.349998,61.294998,62.345001,29.434944,2440800
2005-05-20,62.345001,62.435001,61.790001,62.325001,29.425491,1903000
2005-05-23,62.384998,62.650002,62.279999,62.345001,29.434944,1935000
2005-05-24,62.000000,62.125000,61.404999,61.650002,29.106804,1964000
2005-05-25,61.549999,61.564999,60.730000,60.919998,28.762167,1929600
2005-05-26,60.994999,61.509998,60.549999,60.689999,28.653566,1171800
2005-05-27,60.700001,61.005001,60.639999,61.000000,28.799917,684600
2005-05-31,61.119999,61.750000,61.055000,61.474998,29.024181,1596000
2005-06-01,61.474998,62.325001,61.474998,62.325001,29.425491,1925600
2005-06-02,62.285000,62.349998,62.005001,62.150002,29.342878,941800
2005-06-03,62.485001,62.805000,61.939999,61.939999,29.243727,2314600
2005-06-06,62.049999,62.599998,62.049999,62.549999,29.531729,734400
2005-06-07,62.650002,63.599998,62.650002,63.000000,29.744184,2892600
2005-06-08,63.099998,63.830002,63.099998,63.330002,29.899982,2501200
2005-06-09,64.059998,64.800003,62.939999,63.400002,29.933046,984400
2005-06-10,63.500000,63.599998,63.189999,63.340000,29.904716,696900
2005-06-13,63.200001,63.700001,63.099998,63.700001,30.074671,809200
2005-06-14,63.750000,64.220001,63.560001,64.180000,30.301302,887600
2005-06-15,64.250000,64.269997,63.840000,64.010002,30.221041,1054600
2005-06-16,64.099998,64.309998,63.799999,64.279999,30.348507,2226000
2005-06-17,64.099998,65.070000,64.099998,65.040001,30.707346,2433300
2005-06-20,64.389999,64.510002,64.150002,64.279999,30.651546,979600
2005-06-21,64.220001,64.339996,63.560001,63.560001,30.308214,2148700
2005-06-22,63.610001,64.099998,63.389999,63.599998,30.327293,1685800
2005-06-23,63.599998,63.810001,63.320000,63.349998,30.208082,987000
2005-06-24,63.349998,63.680000,62.820000,62.820000,29.955349,1314700
2005-06-27,62.900002,63.250000,62.880001,63.090000,30.084089,854900
2005-06-28,63.049999,63.419998,63.000000,63.400002,30.231920,617800
2005-06-29,63.380001,63.799999,63.380001,63.580002,30.317749,412900
2005-06-30,63.720001,63.869999,62.980000,63.599998,30.327293,1957800
2005-07-01,63.700001,64.250000,63.490002,64.150002,30.589550,1497300
2005-07-05,64.150002,65.180000,63.950001,64.839996,30.918571,1238100
2005-07-06,64.900002,65.050003,64.559998,64.599998,30.804134,769800
2005-07-07,64.050003,64.889999,63.950001,64.849998,30.923326,888000
2005-07-08,64.800003,66.050003,64.709999,65.750000,31.352503,2174000
2005-07-11,66.000000,66.739998,65.949997,66.570000,31.743517,2528800
2005-07-12,66.699997,66.919998,66.330002,66.680000,31.795958,1915500
2005-07-13,66.500000,66.500000,66.080002,66.099998,31.519402,1501300
2005-07-14,66.099998,66.449997,64.940002,65.000000,30.994873,3594700
2005-07-15,65.000000,65.470001,64.720001,65.300003,31.137924,968800
2005-07-18,65.500000,65.849998,65.099998,65.570000,31.266659,556800
2005-07-19,65.720001,66.139999,65.599998,66.010002,31.476486,894000
2005-07-20,66.040001,66.699997,65.699997,66.650002,31.781656,1117300
2005-07-21,66.589996,66.599998,65.419998,65.559998,31.261906,3951200
2005-07-22,65.739998,66.190002,65.669998,66.190002,31.562313,1477500
2005-07-25,66.199997,66.570000,66.110001,66.349998,31.638607,962300
2005-07-26,66.519997,67.080002,66.389999,66.949997,31.924709,1612500
2005-07-27,67.000000,67.220001,66.519997,67.040001,31.967636,2317300
2005-07-28,67.349998,68.150002,67.230003,67.949997,32.401562,2161200
2005-07-29,68.099998,68.099998,67.660004,67.800003,32.330021,2476600
2005-08-01,67.800003,68.099998,67.400002,67.669998,32.268047,2551500
2005-08-02,67.849998,68.370003,67.650002,68.370003,32.601837,1966200
2005-08-03,68.239998,68.459999,67.750000,68.150002,32.496937,1856500
2005-08-04,68.050003,68.050003,66.769997,67.199997,32.043930,3108800
2005-08-05,66.199997,66.519997,64.199997,64.599998,30.804134,7452300
2005-08-08,64.300003,64.300003,62.130001,62.450001,29.778925,10335200
2005-08-09,62.500000,63.700001,62.400002,63.400002,30.231920,4722600
2005-08-10,63.410000,64.099998,63.080002,63.259998,30.165167,2521100
2005-08-11,63.240002,64.150002,63.230000,64.150002,30.589550,1836100
2005-08-12,63.950001,64.290001,63.459999,64.040001,30.537098,2041400
2005-08-15,63.950001,64.940002,63.750000,64.699997,30.851816,1087600
2005-08-16,64.250000,65.110001,64.250000,64.860001,30.928108,2729700
2005-08-17,64.500000,64.750000,64.000000,64.250000,30.637239,4067100
2005-08-18,64.050003,64.080002,63.599998,63.799999,30.422649,1588200
2005-08-19,63.750000,63.849998,63.500000,63.520000,30.289146,585100
2005-08-22,63.450001,63.910000,63.450001,63.820000,30.432186,642800
2005-08-23,64.139999,64.290001,63.720001,63.900002,30.470339,2573000
2005-08-24,62.950001,64.750000,62.950001,64.070000,30.551413,2654500
2005-08-25,64.169998,64.629997,63.990002,64.430000,30.723072,1037700
2005-08-26,64.489998,64.580002,63.500000,63.770000,30.408356,2234600
2005-08-29,63.009998,63.650002,62.790001,63.369999,30.217606,900400
2005-08-30,63.000000,63.849998,63.000000,63.730000,30.389275,1648200
2005-08-31,64.370003,65.040001,63.669998,64.889999,30.942411,3230900
2005-09-01,64.980003,66.239998,64.790001,65.400002,31.185614,3146800
2005-09-02,65.430000,65.699997,65.000000,65.199997,31.090242,699300
2005-09-06,65.199997,66.660004,65.199997,66.660004,31.786440,1107000
2005-09-07,66.599998,66.699997,65.940002,66.260002,31.595699,971700
2005-09-08,65.500000,66.250000,65.500000,65.900002,31.424023,972400
2005-09-09,66.050003,66.309998,65.919998,66.099998,31.519402,587200
2005-09-12,66.050003,66.239998,65.949997,66.040001,31.490797,1164900
2005-09-13,65.779999,66.040001,65.500000,65.610001,31.285744,1468800
2005-09-14,65.790001,66.000000,65.349998,65.570000,31.266659,1466200
2005-09-15,65.570000,65.900002,65.459999,65.849998,31.400175,1597000
2005-09-16,65.699997,65.699997,65.199997,65.449997,31.209444,2925000
2005-09-19,65.000000,65.589996,64.910004,64.970001,30.980570,875300
2005-09-20,64.949997,65.279999,64.440002,64.519997,30.765984,2265200
2005-09-21,64.400002,64.400002,63.020000,63.020000,30.050724,3974300
2005-09-22,63.000000,63.630001,62.299999,63.470001,30.265295,4896700
2005-09-23,62.849998,63.090000,62.279999,62.700001,30.213266,1972500
2005-09-26,63.180000,63.180000,62.889999,63.099998,30.406008,816600
2005-09-27,63.000000,63.139999,62.320000,62.799999,30.261435,2955400
2005-09-28,62.830002,63.189999,62.220001,62.459999,30.097610,2422600
2005-09-29,62.349998,63.470001,62.049999,63.459999,30.579470,2386300
2005-09-30,63.490002,64.269997,63.490002,64.269997,30.969770,2516800
2005-10-03,63.950001,64.519997,63.650002,64.379997,31.022791,2668200
2005-10-04,64.099998,64.300003,63.250000,63.279999,30.492739,1155100
2005-10-05,62.900002,63.259998,62.080002,62.099998,29.924135,2995700
2005-10-06,62.000000,62.310001,61.290001,61.650002,29.707289,4826300
2005-10-07,61.849998,62.000000,60.939999,61.410000,29.591639,3241600
2005-10-10,61.250000,61.410000,60.500000,60.790001,29.292889,2638800
2005-10-11,60.450001,61.000000,59.990002,60.360001,29.085682,2469100
2005-10-12,59.810001,60.060001,58.759998,59.200001,28.526699,5269300
2005-10-13,59.049999,59.730000,58.500000,59.500000,28.671286,3221100
2005-10-14,60.000000,61.180000,59.619999,60.590000,29.196507,4508700
2005-10-17,60.660000,61.099998,60.360001,61.099998,29.442261,1491300
2005-10-18,60.799999,60.950001,60.090000,60.259998,29.037489,1841000
2005-10-19,59.750000,61.009998,59.450001,61.000000,29.394072,3737600
2005-10-20,60.070000,61.110001,58.990002,60.099998,28.960396,1822900
2005-10-21,62.049999,62.049999,60.270000,60.529999,29.167595,1538200
2005-10-24,61.099998,62.020000,60.599998,61.480000,29.625360,3506600
2005-10-25,61.660000,62.259998,61.349998,61.529999,29.649467,4917500
2005-10-26,61.119999,61.700001,60.939999,60.959999,29.374805,4456100
2005-10-27,60.900002,61.070000,60.320000,60.340000,29.076056,1986000
2005-10-28,60.750000,62.130001,60.009998,62.049999,29.900036,2180200
2005-10-31,62.500000,62.939999,62.209999,62.299999,30.020510,2885100
2005-11-01,61.400002,61.849998,60.639999,61.250000,29.514544,4538200
2005-11-02,61.250000,61.830002,60.910000,61.830002,29.794039,2152500
2005-11-03,62.000000,62.500000,61.049999,61.389999,29.581993,2719500
2005-11-04,61.450001,61.570000,60.599998,61.330002,29.553091,3364100
2005-11-07,61.349998,61.939999,61.169998,61.680000,29.721756,1643400
2005-11-08,60.740002,61.529999,60.740002,61.320000,29.548269,3771400
2005-11-09,61.419998,62.549999,61.299999,61.849998,29.803661,5259300
2005-11-10,61.700001,63.450001,61.700001,63.439999,30.569853,2730500
2005-11-11,63.450001,64.070000,63.349998,64.019997,30.849319,1884900
2005-11-14,64.000000,64.800003,63.549999,63.549999,30.622850,2119400
2005-11-15,63.650002,64.239998,63.439999,63.540001,30.618019,1998600
2005-11-16,63.549999,63.660000,63.119999,63.299999,30.502377,1652000
2005-11-17,63.349998,64.360001,63.340000,64.279999,30.974607,2287900
2005-11-18,64.150002,65.180000,64.099998,64.790001,31.220366,1870000
2005-11-21,64.599998,65.099998,64.320000,65.029999,31.336004,1701700
2005-11-22,64.750000,65.919998,64.750000,65.879997,31.745604,2837100
2005-11-23,66.000000,66.349998,65.709999,66.209999,31.904615,1816700
2005-11-25,66.099998,66.580002,66.050003,66.440002,32.015453,359200
2005-11-28,66.250000,66.400002,65.660004,65.720001,31.668501,2294800
2005-11-29,66.000000,66.050003,65.720001,65.839996,31.726336,1661800
2005-11-30,65.949997,66.050003,65.239998,65.250000,31.442026,2045100
2005-12-01,65.699997,66.199997,65.580002,66.150002,31.875711,3474000
2005-12-02,65.930000,66.180000,65.669998,66.099998,31.851622,856900
2005-12-05,66.000000,66.000000,65.320000,65.500000,31.562487,2488600
2005-12-06,65.750000,65.800003,65.309998,65.449997,31.538408,1828500
2005-12-07,65.949997,65.949997,64.730003,64.940002,31.292654,1123800
2005-12-08,65.449997,65.900002,65.059998,65.500000,31.562487,1298400
2005-12-09,65.400002,65.830002,65.279999,65.650002,31.634764,533800
2005-12-12,65.949997,65.949997,65.320000,65.599998,31.610680,945700
2005-12-13,65.500000,66.089996,65.489998,66.050003,31.827524,1095400
2005-12-14,65.800003,66.459999,65.650002,66.349998,31.972088,1308600
2005-12-15,66.250000,66.639999,65.680000,65.750000,31.682961,1917600
2005-12-16,65.989998,66.120003,65.870003,66.040001,31.822714,1388700
2005-12-19,66.099998,66.099998,65.099998,65.230003,31.432373,2229900
2005-12-20,65.050003,65.320000,64.730003,65.050003,31.345650,1479400
2005-12-21,65.250000,65.620003,65.099998,65.480003,31.552855,1021100
2005-12-22,64.160004,65.129997,64.150002,65.129997,31.801388,2346300
2005-12-23,65.150002,65.480003,65.099998,65.300003,31.884388,1745500
2005-12-27,65.400002,65.650002,65.110001,65.139999,31.806259,648700
2005-12-28,65.199997,65.349998,64.720001,65.000000,31.737904,1932500
2005-12-29,65.199997,65.300003,64.510002,64.639999,31.562130,1931700
2005-12-30,64.599998,64.610001,64.000000,64.150002,31.322882,2427800
2006-01-03,64.400002,65.900002,63.959999,65.900002,32.177361,2090100
2006-01-04,65.800003,66.199997,65.540001,66.199997,32.323841,1084400
2006-01-05,66.000000,67.000000,66.000000,66.669998,32.553333,2658500
2006-01-06,66.699997,67.389999,66.610001,67.250000,32.836533,2354800
2006-01-09,67.400002,67.949997,67.339996,67.900002,33.153915,2248000
2006-01-10,67.510002,68.709999,67.510002,68.349998,33.373634,2563500
2006-01-11,68.550003,68.760002,68.129997,68.430000,33.412697,1472000
2006-01-12,68.430000,68.430000,67.970001,68.250000,33.324806,1454300
2006-01-13,67.629997,67.750000,67.000000,67.150002,32.787693,2546800
2006-01-17,66.699997,67.129997,66.550003,67.129997,32.777946,740400
2006-01-18,66.400002,67.309998,66.370003,67.010002,32.719349,1366100
2006-01-19,66.750000,67.870003,66.690002,67.800003,33.105091,1605900
2006-01-20,67.699997,67.790001,66.879997,66.919998,32.675400,1286900
2006-01-23,67.250000,67.470001,67.050003,67.300003,32.860947,457400
2006-01-24,67.599998,68.059998,67.360001,67.949997,33.178318,1810900
2006-01-25,68.000000,68.330002,67.580002,67.699997,33.056255,2116200
2006-01-26,67.980003,68.260002,67.739998,67.900002,33.153915,1484000
2006-01-27,68.389999,69.139999,68.300003,68.919998,33.651932,1995600
2006-01-30,69.000000,69.120003,68.410004,68.669998,33.529865,947600
2006-01-31,68.500000,69.129997,68.269997,68.830002,33.607998,2250000
2006-02-01,69.000000,69.400002,68.650002,69.190002,33.783791,1965800
2006-02-02,69.150002,69.199997,68.650002,68.879997,33.632420,2095100
2006-02-03,68.099998,68.440002,67.449997,68.000000,33.202744,3343900
2006-02-06,67.800003,68.370003,67.800003,68.169998,33.285721,930400
2006-02-07,68.099998,68.550003,67.639999,67.639999,33.026958,1545100
2006-02-08,67.709999,67.709999,66.910004,67.489998,32.953705,1174500
2006-02-09,67.650002,68.089996,67.309998,67.750000,33.080662,909100
2006-02-10,67.750000,68.139999,67.239998,67.720001,33.066025,1071000
2006-02-13,67.730003,67.959999,67.639999,67.800003,33.105091,607700
2006-02-14,67.849998,68.300003,67.139999,68.300003,33.349220,1469600
2006-02-15,68.379997,68.860001,68.080002,68.839996,33.612881,1896200
2006-02-16,69.000000,69.449997,68.900002,69.430000,33.900967,1262100
2006-02-17,69.529999,69.970001,69.169998,69.930000,34.145103,2154700
2006-02-21,69.949997,70.379997,69.760002,70.010002,34.184174,1711800
2006-02-22,70.000000,70.949997,69.720001,70.940002,34.638271,3120400
2006-02-23,70.940002,71.099998,70.349998,70.750000,34.545502,1121800
2006-02-24,70.550003,70.660004,70.209999,70.339996,34.345306,1492200
2006-02-27,70.550003,70.680000,70.070000,70.379997,34.364822,865800
2006-02-28,70.550003,70.550003,69.820000,70.050003,34.203712,1664400
2006-03-01,70.570000,70.669998,69.809998,70.389999,34.369724,1278500
2006-03-02,70.250000,70.339996,69.900002,70.220001,34.286701,1905000
2006-03-03,70.000000,70.150002,69.669998,69.930000,34.145103,3257600
2006-03-06,70.150002,71.400002,70.000000,71.209999,34.770081,3646600
2006-03-07,71.000000,71.059998,70.180000,70.180000,34.267181,3091400
2006-03-08,70.000000,70.500000,69.650002,70.309998,34.330647,3568400
2006-03-09,70.519997,71.419998,70.449997,71.019997,34.677315,2889900
2006-03-10,71.250000,71.900002,70.849998,71.800003,35.058178,1402800
2006-03-13,71.959999,72.239998,71.139999,71.529999,34.926350,1564300
2006-03-14,71.519997,72.120003,71.339996,72.089996,35.199780,1368200
2006-03-15,72.339996,73.500000,72.250000,73.349998,35.815006,2513700
2006-03-16,73.599998,74.620003,73.510002,74.139999,36.200764,3079600
2006-03-17,74.849998,75.019997,73.900002,74.980003,36.610924,2384000
2006-03-20,74.980003,74.980003,73.500000,73.800003,36.034740,2123100
2006-03-21,73.650002,73.790001,72.570000,72.720001,35.507401,2864400
2006-03-22,72.680000,73.160004,72.480003,72.930000,35.609932,1903300
2006-03-23,72.900002,73.389999,72.870003,73.360001,35.819889,1318100
2006-03-24,73.000000,73.000000,72.480003,72.699997,35.716717,1738700
2006-03-27,72.500000,72.589996,71.849998,71.980003,35.363010,1659400
2006-03-28,71.910004,73.199997,71.750000,72.790001,35.760948,2374100
2006-03-29,73.349998,74.400002,73.349998,74.400002,36.551922,3270000
2006-03-30,74.209999,74.360001,72.860001,73.250000,35.986935,2476800
2006-03-31,73.250000,73.699997,72.650002,73.500000,36.109760,3175000
2006-04-03,73.150002,73.639999,71.900002,71.900002,35.323692,3070200
2006-04-04,71.900002,73.680000,71.269997,71.660004,35.205780,2234100
2006-04-05,71.980003,72.430000,71.959999,72.349998,35.544769,2038800
2006-04-06,71.849998,72.330002,71.680000,71.930000,35.338432,2294500
2006-04-07,71.919998,71.949997,70.750000,70.860001,34.812756,3203000
2006-04-10,70.690002,70.800003,69.919998,70.010002,34.395161,2632700
2006-04-11,70.250000,70.470001,69.750000,69.849998,34.316547,1465200
2006-04-12,69.750000,70.199997,69.550003,69.769997,34.277248,1293500
2006-04-13,69.220001,69.599998,68.750000,68.980003,33.889137,2149500
2006-04-17,69.010002,69.150002,68.580002,68.669998,33.736835,2227000
2006-04-18,68.800003,70.690002,68.800003,70.320000,34.547455,4583700
2006-04-19,70.500000,71.400002,70.250000,71.300003,35.028915,2575100
2006-04-20,71.449997,71.529999,70.629997,71.370003,35.063309,3591600
2006-04-21,71.680000,71.800003,71.199997,71.379997,35.068222,2164600
2006-04-24,71.320000,71.379997,70.709999,71.019997,34.891357,1067100
2006-04-25,71.050003,71.050003,70.339996,70.519997,34.645714,2722300
2006-04-26,70.500000,70.919998,70.110001,70.199997,34.488514,3325000
2006-04-27,70.099998,71.209999,69.690002,70.900002,34.832409,3741400
2006-04-28,70.699997,71.570000,70.669998,71.099998,34.930660,1439400
2006-05-01,71.199997,71.459999,70.000000,70.000000,34.390228,2374900
2006-05-02,70.400002,70.400002,69.129997,69.440002,34.115135,1589300
2006-05-03,69.300003,69.750000,69.040001,69.510002,34.149513,2250600
2006-05-04,70.000000,70.790001,69.849998,70.339996,34.557293,1630500
2006-05-05,70.849998,71.739998,70.650002,71.599998,35.176304,1697300
2006-05-08,71.489998,71.959999,71.410004,71.830002,35.289291,1669100
2006-05-09,72.050003,72.099998,71.410004,71.849998,35.299137,1431300
2006-05-10,71.650002,72.230003,71.430000,71.910004,35.328598,2099000
2006-05-11,71.879997,72.040001,70.260002,70.339996,34.557293,2559900
2006-05-12,69.800003,70.000000,68.820000,69.279999,34.036507,4308400
2006-05-15,68.800003,70.320000,68.660004,70.199997,34.488514,5342200
2006-05-16,69.959999,70.610001,69.930000,70.059998,34.419712,1556300
2006-05-17,69.099998,69.480003,68.449997,68.599998,33.702431,3660400
2006-05-18,68.989998,69.449997,68.180000,68.410004,33.609100,2470700
2006-05-19,68.099998,68.970001,67.500000,68.269997,33.540314,5745200
2006-05-22,67.800003,68.010002,67.150002,67.820000,33.319241,3267800
2006-05-23,68.300003,68.620003,67.260002,67.360001,33.093235,1776300
2006-05-24,67.500000,68.000000,66.580002,67.470001,33.147293,2793700
2006-05-25,67.650002,69.040001,67.650002,68.750000,33.776142,2262200
2006-05-26,68.839996,69.610001,68.839996,69.400002,34.095482,1471700
2006-05-30,69.199997,69.400002,68.769997,68.849998,33.825275,3212700
2006-05-31,69.199997,69.349998,67.980003,68.750000,33.776142,2507300
2006-06-01,68.739998,70.199997,68.739998,70.190002,34.483582,1678300
2006-06-02,70.820000,71.180000,70.260002,70.949997,34.856979,2560100
2006-06-05,70.599998,72.349998,70.599998,71.050003,34.906090,5477100
2006-06-06,71.199997,71.230003,70.199997,70.339996,34.557293,2068400
2006-06-07,70.500000,71.220001,70.070000,70.620003,34.694851,2995900
2006-06-08,70.040001,70.730003,69.360001,70.300003,34.537640,4807400
2006-06-09,70.949997,71.150002,70.449997,70.949997,34.856979,2077300
2006-06-12,70.900002,70.900002,69.790001,69.910004,34.346031,2967300
2006-06-13,70.050003,70.400002,69.000000,69.000000,33.898960,3930100
2006-06-14,68.949997,69.349998,68.550003,68.889999,33.844902,3003300
2006-06-15,69.400002,70.239998,69.199997,70.089996,34.434456,1779100
2006-06-16,70.160004,70.349998,69.739998,70.279999,34.527786,1522800
2006-06-19,70.459999,70.599998,69.639999,69.650002,34.218300,841700
2006-06-20,69.849998,69.870003,69.139999,69.220001,34.007042,1486800
2006-06-21,69.250000,70.150002,69.139999,70.099998,34.439373,1105700
2006-06-22,69.160004,69.500000,68.839996,68.959999,34.193443,1371400
2006-06-23,68.849998,68.910004,68.480003,68.699997,34.064507,1298500
2006-06-26,68.699997,69.440002,68.699997,69.389999,34.406647,1003100
2006-06-27,69.309998,69.699997,69.150002,69.250000,34.337219,1723500
2006-06-28,69.050003,69.650002,69.050003,69.489998,34.456219,636700
2006-06-29,69.980003,71.000000,69.769997,70.910004,35.160332,2055000
2006-06-30,71.230003,71.930000,70.910004,71.250000,35.328915,2727400
2006-07-03,71.599998,72.599998,71.599998,72.540001,35.968559,1059600
2006-07-05,72.500000,72.769997,71.629997,72.480003,35.938816,1761000
2006-07-06,72.500000,72.809998,72.279999,72.699997,36.047886,2228700
2006-07-07,72.400002,73.150002,72.260002,72.400002,35.899147,1618900
2006-07-10,72.300003,73.150002,72.300003,73.150002,36.271027,1404600
2006-07-11,73.150002,73.330002,72.690002,73.129997,36.261093,1438800
2006-07-12,73.389999,73.500000,73.040001,73.449997,36.419781,1333800
2006-07-13,73.500000,73.500000,72.300003,72.309998,35.854496,2293900
2006-07-14,72.750000,72.750000,71.300003,71.339996,35.373539,2305800
2006-07-17,71.300003,71.629997,71.050003,71.290001,35.348755,1155500
2006-07-18,71.650002,72.139999,71.199997,72.139999,35.770226,4584900
2006-07-19,72.400002,73.860001,72.239998,73.860001,36.623081,5287200
2006-07-20,74.000000,74.000000,72.879997,72.949997,36.171848,2533200
2006-07-21,72.879997,72.879997,71.449997,71.589996,35.497501,4800200
2006-07-24,71.959999,72.849998,71.550003,72.839996,36.117306,1310400
2006-07-25,72.800003,73.379997,72.589996,73.339996,36.365227,2247400
2006-07-26,73.300003,73.680000,73.129997,73.650002,36.518929,1779700
2006-07-27,73.800003,74.250000,73.089996,73.099998,36.246239,1293700
2006-07-28,73.680000,74.269997,73.529999,74.190002,36.786705,1776700
2006-07-31,73.800003,74.199997,73.529999,73.849998,36.618107,2086800
2006-08-01,73.400002,73.790001,72.830002,73.500000,36.444576,2146000
2006-08-02,73.750000,73.800003,73.320000,73.500000,36.444576,1155400
2006-08-03,73.599998,74.309998,73.089996,74.290001,36.836277,1923100
2006-08-04,75.099998,75.589996,74.959999,75.400002,37.386669,2176700
2006-08-07,75.300003,75.300003,74.400002,74.580002,36.980076,1873800
2006-08-08,74.349998,74.589996,73.199997,73.360001,36.375153,2813600
2006-08-09,73.500000,73.650002,72.680000,72.680000,36.037975,2689400
2006-08-10,72.449997,72.940002,72.019997,72.830002,36.112354,1552500
2006-08-11,73.279999,73.279999,71.949997,72.230003,35.814850,2568600
2006-08-14,72.300003,73.459999,72.300003,72.900002,36.147072,1260000
2006-08-15,73.550003,74.050003,73.529999,73.750000,36.568520,2870600
2006-08-16,73.949997,74.050003,73.800003,73.949997,36.667698,1524900
2006-08-17,73.730003,74.250000,73.699997,74.029999,36.707363,1604100
2006-08-18,74.099998,74.209999,73.680000,74.050003,36.717297,756900
2006-08-21,73.900002,74.529999,73.900002,74.480003,36.930508,1911300
2006-08-22,74.500000,75.150002,74.309998,75.150002,37.262707,1471400
2006-08-23,75.250000,75.269997,74.199997,74.309998,36.846214,827800
2006-08-24,74.500000,74.769997,74.330002,74.660004,37.019737,1094400
2006-08-25,74.800003,74.930000,74.529999,74.580002,36.980076,813700
2006-08-28,74.599998,75.550003,74.580002,75.500000,37.436256,922900
2006-08-29,75.500000,75.529999,74.919998,75.500000,37.436256,831800
2006-08-30,75.580002,76.059998,75.550003,76.050003,37.708965,961200
2006-08-31,76.050003,76.370003,75.930000,76.050003,37.708965,931300
2006-09-01,76.099998,76.269997,75.620003,75.669998,37.520554,949300
2006-09-05,76.449997,76.449997,75.570000,76.309998,37.837891,859600
2006-09-06,76.300003,76.300003,75.910004,75.919998,37.644516,1416100
2006-09-07,75.550003,75.919998,75.239998,75.430000,37.401554,2075200
2006-09-08,75.449997,76.199997,74.879997,76.199997,37.783337,1858900
2006-09-11,76.050003,76.480003,75.410004,76.309998,37.837891,1096800
2006-09-12,76.349998,77.529999,76.000000,77.300003,38.328766,2047100
2006-09-13,77.900002,78.180000,77.260002,78.000000,38.675861,1646700
2006-09-14,77.660004,78.000000,77.199997,78.000000,38.675861,1960800
2006-09-15,78.050003,78.309998,77.949997,78.199997,38.775040,1887500
2006-09-18,78.199997,78.199997,77.519997,77.750000,38.551891,1993200
2006-09-19,77.849998,78.250000,77.550003,78.250000,38.799824,1400400
2006-09-20,78.400002,78.750000,77.809998,78.000000,38.675861,1653400
2006-09-21,78.099998,78.150002,76.940002,77.199997,38.279190,2596500
2006-09-22,77.150002,77.610001,76.699997,77.599998,38.477539,1378500
2006-09-25,77.739998,77.839996,77.010002,77.550003,38.452747,1004200
2006-09-26,76.849998,77.070000,76.599998,76.849998,38.456734,1456600
2006-09-27,76.750000,77.550003,76.629997,77.519997,38.792007,1376500
2006-09-28,77.650002,77.910004,76.930000,77.250000,38.656925,1467200
2006-09-29,77.480003,77.589996,77.120003,77.150002,38.606861,1877600
2006-10-02,77.000000,77.650002,76.540001,77.129997,38.596848,1066600
2006-10-03,77.300003,78.080002,77.160004,77.879997,38.972153,827100
2006-10-04,77.949997,78.750000,77.900002,78.750000,39.407524,1088800
2006-10-05,78.769997,79.300003,78.760002,79.230003,39.647724,1331800
2006-10-06,79.000000,79.070000,78.459999,78.650002,39.357491,999700
2006-10-09,78.699997,79.290001,78.000000,79.180000,39.622692,722400
2006-10-10,79.400002,79.669998,78.389999,79.209999,39.637737,1669600
2006-10-11,79.000000,79.449997,78.529999,79.000000,39.532600,3021900
2006-10-12,79.400002,79.750000,79.000000,79.750000,39.907936,882900
2006-10-13,79.699997,80.519997,79.599998,80.519997,40.293232,1343200
2006-10-16,80.720001,80.870003,80.519997,80.860001,40.463383,1432400
2006-10-17,80.500000,80.849998,80.400002,80.459999,40.263222,1230300
2006-10-18,80.750000,81.080002,80.599998,80.949997,40.508434,1208100
2006-10-19,81.099998,81.169998,80.550003,80.750000,40.408360,1204200
2006-10-20,80.900002,80.930000,80.129997,80.650002,40.358315,1099300
2006-10-23,80.489998,81.099998,80.139999,81.029999,40.548477,1355800
2006-10-24,80.300003,81.089996,80.300003,80.800003,40.433361,2201300
2006-10-25,80.629997,81.400002,80.629997,81.209999,40.638531,1920600
2006-10-26,81.239998,82.139999,81.239998,82.000000,41.033871,2055400
2006-10-27,82.099998,82.120003,81.470001,81.470001,40.768658,1196300
2006-10-30,81.620003,82.250000,81.269997,82.250000,41.158978,1572300
2006-10-31,82.550003,82.550003,81.699997,82.150002,41.108921,1417100
2006-11-01,82.269997,82.419998,81.290001,81.449997,40.758629,1846900
2006-11-02,81.150002,81.150002,79.510002,79.879997,39.973007,4530200
2006-11-03,80.050003,80.160004,78.400002,79.099998,39.582668,4369400
2006-11-06,79.750000,79.949997,78.870003,79.779999,39.922958,2820800
2006-11-07,79.779999,79.779999,78.980003,79.029999,39.547638,1961500
2006-11-08,78.599998,79.470001,78.279999,79.209999,39.637737,3688500
2006-11-09,79.250000,79.680000,78.919998,79.410004,39.737816,1948000
2006-11-10,79.419998,79.900002,79.220001,79.750000,39.907936,844100
2006-11-13,79.510002,80.080002,79.510002,79.889999,39.977997,1529900
2006-11-14,79.699997,80.980003,79.699997,80.720001,40.393345,1547700
2006-11-15,80.870003,81.260002,80.620003,80.900002,40.483418,2389800
2006-11-16,81.239998,81.489998,80.980003,81.300003,40.683582,1859700
2006-11-17,81.110001,81.300003,80.949997,81.199997,40.633533,1227100
2006-11-20,82.650002,86.559998,82.650002,83.769997,41.919598,6403800
2006-11-21,84.050003,85.330002,83.860001,85.199997,42.635174,2979600
2006-11-22,85.400002,85.820000,84.949997,85.440002,42.755260,1371300
2006-11-24,85.199997,85.879997,85.139999,85.849998,42.960464,457600
2006-11-27,85.800003,85.800003,83.519997,83.519997,41.794483,2534900
2006-11-28,83.699997,83.919998,83.010002,83.750000,41.909576,2136400
2006-11-29,84.099998,85.139999,84.010002,85.000000,42.535107,1533500
2006-11-30,85.059998,86.190002,84.699997,85.949997,43.010487,2380200
2006-12-01,86.000000,86.290001,85.190002,85.750000,42.910408,1892400
2006-12-04,85.750000,87.019997,85.699997,86.849998,43.460876,1699600
2006-12-05,87.300003,87.300003,86.080002,86.220001,43.145599,3356700
2006-12-06,85.940002,86.150002,85.190002,86.129997,43.100555,2796900
2006-12-07,86.239998,86.239998,85.099998,85.199997,42.635174,2310600
2006-12-08,85.480003,85.720001,85.099998,85.239998,42.655209,1587000
2006-12-11,85.470001,85.889999,85.190002,85.699997,42.885387,1836300
2006-12-12,85.699997,86.019997,85.080002,85.309998,42.690235,2155700
2006-12-13,85.699997,85.849998,84.400002,84.839996,42.455032,2272400
2006-12-14,85.120003,85.320000,84.860001,85.000000,42.535107,1167300
2006-12-15,85.250000,85.330002,84.250000,84.500000,42.284893,1695100
2006-12-18,84.900002,85.089996,84.110001,84.250000,42.159790,1569800
2006-12-19,83.900002,83.989998,82.889999,83.599998,41.834518,2863300
2006-12-20,83.099998,83.519997,82.919998,83.199997,42.182323,2139300
2006-12-21,83.430000,83.620003,82.400002,82.400002,41.776726,3740800
2006-12-22,82.300003,82.440002,81.690002,81.760002,41.452244,1942200
2006-12-26,82.000000,82.879997,82.000000,82.580002,41.867989,994900
2006-12-27,82.849998,83.440002,82.690002,83.300003,42.233040,613900
2006-12-28,83.330002,83.879997,82.970001,83.550003,42.359779,1601400
2006-12-29,83.599998,84.230003,83.349998,83.349998,42.258392,1296100
2007-01-03,83.919998,84.540001,83.169998,83.870003,42.522026,2670600
2007-01-04,83.800003,84.000000,83.349998,83.849998,42.511875,2329700
2007-01-05,83.519997,83.760002,82.339996,82.550003,41.852787,1918200
2007-01-08,82.500000,82.660004,82.010002,82.529999,41.842651,1168800
2007-01-09,82.500000,83.790001,82.500000,83.500000,42.334423,1695500
2007-01-10,83.480003,84.849998,83.150002,84.830002,43.008739,2514200
2007-01-11,84.949997,86.269997,84.900002,85.800003,43.500523,2913900
2007-01-12,85.870003,86.279999,85.730003,86.099998,43.652618,1350100
2007-01-16,86.150002,87.419998,86.150002,87.089996,44.154549,2332200
2007-01-17,86.800003,87.639999,86.349998,87.349998,44.286381,2185600
2007-01-18,87.349998,87.599998,86.830002,87.050003,44.134277,2177000
2007-01-19,87.000000,87.970001,86.709999,87.820000,44.524670,2003900
2007-01-22,88.000000,88.000000,87.290001,87.550003,44.387783,2015100
2007-01-23,87.699997,88.169998,87.440002,87.800003,44.514530,1162100
2007-01-24,87.970001,89.099998,87.800003,89.000000,45.122932,1898300
2007-01-25,89.500000,90.269997,89.209999,89.529999,45.391647,4154000
2007-01-26,89.550003,89.870003,89.050003,89.800003,45.528522,1375100
2007-01-29,89.830002,90.239998,89.470001,90.059998,45.660332,1458800
2007-01-30,90.239998,90.389999,89.559998,90.370003,45.817509,2187800
2007-01-31,90.379997,91.419998,90.029999,91.400002,46.339714,3369800
2007-02-01,91.000000,91.559998,90.330002,91.349998,46.314369,2676500
2007-02-02,91.449997,92.000000,91.120003,92.000000,46.643909,3369200
2007-02-05,91.720001,92.050003,91.680000,91.940002,46.613495,1527700
2007-02-06,92.110001,93.199997,92.110001,93.199997,47.252304,2946500
2007-02-07,93.000000,94.849998,92.470001,94.570000,47.946922,7304300
2007-02-08,94.290001,94.989998,93.820000,93.849998,47.581867,6712500
2007-02-09,93.930000,94.300003,90.739998,92.519997,46.907566,12930300
2007-02-12,92.360001,92.360001,90.620003,90.970001,46.121712,8902500
2007-02-13,91.000000,92.669998,90.169998,92.589996,46.943043,8088700
2007-02-14,91.800003,93.080002,91.750000,92.019997,46.654072,5231400
2007-02-15,92.150002,93.199997,91.900002,92.779999,47.039379,3422400
2007-02-16,92.750000,92.849998,91.250000,92.459999,46.877144,3100100
2007-02-20,92.309998,93.349998,91.599998,93.239998,47.272614,2623700
2007-02-21,92.940002,93.000000,92.199997,92.750000,47.024178,2221700
2007-02-22,92.980003,92.980003,92.080002,92.279999,46.785870,2558600
2007-02-23,92.320000,92.320000,90.760002,90.970001,46.121712,5231600
2007-02-26,90.989998,91.440002,88.910004,90.379997,45.822586,5391800
2007-02-27,89.290001,89.690002,86.440002,87.449997,44.337070,9837900
2007-02-28,88.129997,89.500000,87.599998,88.129997,44.681831,5670000
2007-03-01,87.000000,88.620003,85.089996,87.580002,44.402981,6614800
2007-03-02,86.820000,87.410004,85.769997,85.769997,43.485317,3777200
2007-03-05,85.050003,85.099998,82.720001,82.730003,41.944046,7783300
2007-03-06,83.550003,85.970001,83.550003,85.580002,43.388985,6600000
2007-03-07,85.720001,85.870003,84.339996,84.360001,42.770454,4870300
2007-03-08,84.959999,86.489998,84.959999,85.709999,43.454891,3262000
2007-03-09,86.209999,87.010002,86.059998,86.760002,43.987240,3434700
2007-03-12,86.610001,87.540001,86.160004,87.199997,44.210316,3814200
2007-03-13,86.959999,86.959999,84.720001,84.900002,43.044235,5985400
2007-03-14,84.750000,85.589996,83.519997,85.300003,43.247028,6880600
2007-03-15,85.339996,86.300003,85.339996,85.940002,43.571507,2051400
2007-03-16,86.250000,86.309998,85.260002,85.459999,43.328144,4703900
2007-03-19,85.989998,86.629997,85.730003,86.320000,43.764172,3537900
2007-03-20,86.250000,86.779999,85.699997,86.599998,43.906120,3756200
2007-03-21,86.489998,88.000000,85.930000,87.820000,44.524670,4744200
2007-03-22,87.760002,88.160004,87.290001,87.750000,44.489178,2634600
2007-03-23,87.180000,87.680000,86.699997,87.050003,44.477425,3140200
2007-03-26,86.330002,87.250000,85.550003,85.699997,43.787655,4899500
2007-03-27,85.599998,85.720001,84.559998,84.989998,43.424881,3329700
2007-03-28,84.470001,85.129997,83.580002,84.000000,42.919056,5371300
2007-03-29,84.940002,85.269997,84.070000,84.449997,43.148960,2718800
2007-03-30,84.400002,85.519997,84.400002,85.239998,43.552616,4140200
2007-04-02,85.599998,86.290001,85.180000,86.250000,44.068672,3679300
2007-04-03,86.570000,87.220001,86.430000,87.000000,44.451862,2674700
2007-04-04,86.430000,86.959999,85.959999,86.430000,44.160660,1976600
2007-04-05,86.220001,86.739998,86.220001,86.500000,44.196384,1320900
2007-04-09,86.290001,86.680000,86.110001,86.440002,44.165745,1224200
2007-04-10,86.440002,87.239998,86.300003,86.660004,44.278160,1287400
2007-04-11,86.529999,86.720001,85.080002,85.500000,43.685463,3720800
2007-04-12,85.070000,85.389999,84.570000,85.050003,43.455540,2529500
2007-04-13,85.290001,85.980003,84.620003,85.980003,43.930714,3063000
2007-04-16,86.309998,86.459999,85.680000,85.959999,43.920498,2173200
2007-04-17,86.339996,87.300003,85.989998,87.190002,44.548977,3409800
2007-04-18,86.949997,87.220001,86.699997,86.879997,44.390572,2736000
2007-04-19,86.699997,86.699997,86.000000,86.129997,44.007339,1673600
2007-04-20,86.849998,87.099998,86.559998,87.070000,44.487656,1761700
2007-04-23,86.900002,88.059998,86.860001,87.809998,44.865742,2324500
2007-04-24,87.910004,88.050003,86.639999,87.209999,44.559143,2483000
2007-04-25,87.269997,88.720001,86.400002,87.330002,44.620487,2223900
2007-04-26,87.400002,87.669998,86.739998,87.449997,44.681797,2157200
2007-04-27,87.000000,87.430000,86.860001,87.160004,44.533638,1359700
2007-04-30,87.120003,87.330002,85.459999,85.489998,43.680363,2025000
2007-05-01,85.480003,85.709999,84.199997,85.040001,43.450436,4560400
2007-05-02,84.949997,86.209999,84.949997,85.739998,43.808098,5159800
2007-05-03,86.269997,86.519997,85.949997,86.080002,43.981812,4445200
2007-05-04,86.339996,86.400002,85.180000,85.650002,43.762112,3248700
2007-05-07,85.500000,86.199997,85.480003,85.730003,43.802986,2344700
2007-05-08,85.699997,85.699997,85.050003,85.169998,43.516869,2521500
2007-05-09,85.110001,86.660004,85.050003,86.160004,44.022690,3320700
2007-05-10,85.889999,86.139999,84.900002,85.300003,43.583279,3762700
2007-05-11,85.500000,86.250000,85.300003,86.250000,44.068672,2383600
2007-05-14,86.050003,86.510002,85.349998,85.349998,43.608826,2264200
2007-05-15,85.480003,86.050003,84.040001,84.199997,43.021244,3739200
2007-05-16,84.209999,84.489998,82.779999,83.419998,42.622707,5834000
2007-05-17,83.160004,83.190002,81.889999,81.919998,41.856281,6111700
2007-05-18,82.160004,82.209999,80.639999,81.209999,41.493534,7539200
2007-05-21,80.980003,82.550003,80.750000,81.769997,41.779663,15337300
2007-05-22,81.900002,83.330002,81.760002,82.620003,42.213966,4998200
2007-05-23,83.040001,83.599998,81.800003,81.970001,41.881863,4792300
2007-05-24,81.839996,82.370003,79.720001,80.720001,41.243183,10391600
2007-05-25,81.199997,82.120003,80.589996,81.230003,41.503742,6443700
2007-05-29,82.070000,84.199997,82.070000,83.709999,42.770882,6826600
2007-05-30,83.349998,85.940002,83.349998,85.849998,43.864296,7677200
2007-05-31,86.089996,86.529999,85.070000,85.620003,43.746773,6025300
2007-06-01,85.660004,86.169998,85.120003,85.580002,43.726341,3208400
2007-06-04,85.239998,86.500000,85.000000,86.120003,44.002247,3440100
2007-06-05,86.050003,86.050003,84.550003,84.629997,43.240952,8411300
2007-06-06,84.099998,84.730003,83.650002,84.099998,42.970135,7537000
2007-06-07,83.260002,83.690002,81.480003,81.500000,41.641705,10550600
2007-06-08,81.400002,82.839996,81.000000,82.839996,42.326370,5094400
2007-06-11,82.199997,82.650002,81.089996,81.620003,41.703018,4932900
2007-06-12,81.050003,81.349998,79.830002,79.900002,40.824203,9939100
2007-06-13,80.349998,81.820000,80.190002,81.620003,41.703018,4207700
2007-06-14,81.599998,82.059998,80.779999,80.779999,41.273830,4203600
2007-06-15,81.410004,82.419998,81.410004,82.000000,41.897167,4408500
2007-06-18,82.000000,82.050003,80.650002,80.779999,41.273830,6574700
2007-06-19,80.580002,80.940002,79.930000,80.860001,41.314686,5922300
2007-06-20,80.900002,81.000000,79.150002,79.419998,40.578926,7332300
2007-06-21,79.279999,79.300003,77.699997,79.099998,40.415440,6765100
2007-06-22,78.800003,79.000000,78.059998,78.800003,40.262165,5413700
2007-06-25,78.769997,79.500000,76.940002,77.010002,39.347569,10238200
2007-06-26,77.529999,77.760002,76.720001,76.900002,39.291374,7480300
2007-06-27,76.110001,79.070000,76.110001,78.570000,40.144638,12543700
2007-06-28,78.239998,78.930000,77.480003,77.519997,39.987831,8384000
2007-06-29,77.800003,78.750000,76.779999,77.419998,39.936241,7104900
2007-07-02,77.739998,79.389999,77.489998,79.370003,40.942142,8083500
2007-07-03,79.300003,79.720001,78.760002,79.000000,40.751247,4308800
2007-07-05,79.650002,80.949997,79.650002,80.269997,41.406387,12112800
2007-07-06,80.000000,80.599998,79.370003,80.099998,41.318691,7472400
2007-07-09,80.180000,80.949997,79.470001,80.400002,41.473442,4636000
2007-07-10,79.660004,79.660004,77.660004,77.949997,40.209652,5713300
2007-07-11,77.800003,77.949997,76.910004,77.949997,40.209652,7719300
2007-07-12,77.940002,78.930000,77.730003,78.930000,40.715164,4041300
2007-07-13,78.949997,79.820000,78.540001,79.680000,41.102024,2977000
2007-07-16,79.779999,80.580002,79.230003,79.239998,40.875076,5520700
2007-07-17,79.099998,79.629997,78.589996,78.730003,40.611996,3650200
2007-07-18,78.099998,78.379997,77.099998,78.300003,40.390182,6536600
2007-07-19,78.650002,79.260002,78.529999,78.559998,40.524300,3561700
2007-07-20,78.660004,78.750000,76.800003,77.300003,39.874336,7447100
2007-07-23,77.599998,77.879997,75.949997,75.949997,39.177952,6250800
2007-07-24,75.570000,76.010002,73.900002,74.000000,38.172081,10142100
2007-07-25,74.989998,75.510002,73.000000,74.099998,38.223667,10703200
2007-07-26,72.949997,73.000000,71.000000,72.400002,37.346733,13133900
2007-07-27,72.199997,73.089996,70.290001,70.400002,36.315063,11585600
2007-07-30,70.599998,71.550003,69.930000,71.349998,36.805103,10038500
2007-07-31,72.269997,73.150002,70.400002,70.400002,36.315063,10768500
2007-08-01,70.309998,71.650002,68.669998,71.500000,36.882481,15366900
2007-08-02,71.500000,72.900002,71.500000,72.550003,37.424114,12030800
2007-08-03,71.970001,72.099998,69.809998,69.879997,36.046833,7893500
2007-08-06,70.250000,71.889999,68.349998,71.699997,36.985661,10519300
2007-08-07,71.110001,73.010002,70.589996,71.989998,37.135239,12526200
2007-08-08,72.500000,75.370003,72.500000,74.599998,38.481571,11235800
2007-08-09,73.000000,75.489998,70.500000,74.470001,38.414513,12288000
2007-08-10,73.370003,74.029999,72.000000,72.000000,37.140392,8758800
2007-08-13,73.040001,73.300003,71.650002,71.699997,36.985661,6265500
2007-08-14,71.449997,71.489998,68.720001,69.000000,35.592884,7102100
2007-08-15,69.040001,70.790001,67.760002,68.250000,35.205994,10620700
2007-08-16,67.260002,70.730003,66.699997,70.010002,36.113880,13364600
2007-08-17,73.000000,75.489998,71.070000,71.849998,37.063026,14077300
2007-08-20,72.050003,73.720001,71.879997,73.050003,37.682014,8527900
2007-08-21,73.180000,74.309998,72.790001,74.150002,38.249447,7303500
2007-08-22,74.680000,75.480003,74.080002,74.750000,38.558960,6307600
2007-08-23,75.000000,75.339996,73.599998,74.220001,38.285557,8610300
2007-08-24,74.050003,74.230003,73.050003,73.750000,38.043114,3553600
2007-08-27,73.559998,73.800003,72.449997,72.750000,37.527271,5462800
2007-08-28,71.900002,72.300003,70.239998,70.449997,36.340847,5436400
2007-08-29,70.949997,72.300003,70.440002,72.300003,37.295151,4140500
2007-08-30,70.849998,72.919998,70.800003,72.650002,37.475697,3118100
2007-08-31,73.489998,74.830002,73.169998,74.099998,38.223667,6399400
2007-09-04,73.900002,75.779999,73.699997,75.099998,38.739494,3887200
2007-09-05,74.220001,74.730003,73.000000,73.300003,37.810986,5730700
2007-09-06,73.480003,73.830002,72.519997,73.750000,38.043114,5387900
2007-09-07,72.010002,72.800003,71.750000,72.370003,37.331264,8411700
2007-09-10,72.849998,72.849998,70.669998,71.000000,36.624569,6194400
2007-09-11,71.540001,72.459999,71.540001,72.279999,37.284832,4301600
2007-09-12,72.139999,72.900002,71.849998,72.410004,37.351894,3256800
2007-09-13,72.900002,74.320000,72.669998,73.739998,38.037960,6219800
2007-09-14,73.330002,74.199997,72.839996,74.089996,38.218494,4478400
2007-09-17,73.860001,74.260002,73.349998,73.949997,38.146286,3207100
2007-09-18,74.110001,76.500000,74.000000,76.250000,39.332706,7774200
2007-09-19,76.720001,78.410004,76.720001,77.800003,40.132252,8303600
2007-09-20,77.650002,77.650002,76.209999,76.849998,39.642216,7069600
2007-09-21,77.070000,77.129997,76.470001,76.870003,39.652550,3712100
2007-09-24,76.910004,77.709999,76.750000,77.529999,39.992970,4217700
2007-09-25,75.919998,76.750000,75.400002,75.570000,39.330963,4280500
2007-09-26,76.099998,76.300003,75.459999,76.000000,39.554764,4204000
2007-09-27,76.570000,76.900002,76.239998,76.720001,39.929489,3161200
2007-09-28,76.769997,76.790001,76.070000,76.470001,39.799381,5388900
2007-10-01,76.519997,78.500000,76.519997,78.500000,40.855911,4408400
2007-10-02,78.269997,79.260002,78.000000,79.220001,41.230629,3089000
2007-10-03,78.900002,79.290001,78.500000,79.199997,41.220226,4040700
2007-10-04,79.370003,79.620003,78.400002,79.230003,41.235828,2941100
2007-10-05,79.849998,81.029999,79.320000,80.800003,42.052959,5803600
2007-10-08,80.389999,80.489998,79.730003,79.900002,41.584538,3051900
2007-10-09,80.099998,80.470001,79.050003,80.360001,41.823963,3913300
2007-10-10,80.279999,80.620003,79.610001,80.250000,41.766693,5401300
2007-10-11,80.800003,80.910004,79.300003,79.709999,41.485661,5640000
2007-10-12,79.730003,80.150002,78.980003,79.129997,41.183773,2955600
2007-10-15,79.050003,79.580002,77.129997,77.500000,40.335457,5012100
2007-10-16,77.300003,77.300003,76.160004,76.209999,39.664059,4397000
2007-10-17,76.889999,77.150002,74.529999,76.000000,39.554764,6046100
2007-10-18,75.540001,76.989998,74.830002,76.199997,39.658852,4759100
2007-10-19,76.000000,76.260002,73.440002,73.739998,38.378529,6097700
2007-10-22,73.199997,74.800003,72.430000,74.650002,38.852131,7985800
2007-10-23,75.279999,75.709999,74.540001,75.300003,39.190445,6291100
2007-10-24,75.019997,75.419998,73.510002,75.000000,39.034313,5315100
2007-10-25,75.300003,75.800003,73.930000,74.800003,38.930225,7166400
2007-10-26,75.830002,76.559998,74.639999,75.900002,39.502705,3895100
2007-10-29,76.000000,76.220001,74.900002,75.349998,39.216457,2944500
2007-10-30,74.889999,76.120003,74.860001,75.690002,39.393429,3565400
2007-10-31,76.180000,77.400002,75.059998,77.050003,40.101238,5673500
2007-11-01,75.480003,75.769997,74.010002,74.300003,38.669971,8936900
2007-11-02,74.720001,74.720001,71.599998,72.830002,37.904911,9155900
2007-11-05,71.239998,72.480003,71.120003,71.790001,37.363632,6723000
2007-11-06,71.500000,72.650002,71.019997,72.540001,37.753983,6195200
2007-11-07,72.500000,72.500000,69.620003,70.089996,36.478855,7029000
2007-11-08,70.860001,70.860001,69.180000,70.529999,36.707855,9324000
2007-11-09,70.139999,70.989998,69.360001,70.290001,36.582947,7891800
2007-11-12,71.070000,71.629997,69.809998,70.300003,36.588165,5978700
2007-11-13,70.540001,72.849998,70.540001,72.820000,37.899712,7518200
2007-11-14,74.300003,74.300003,71.260002,71.750000,37.342823,6177900
2007-11-15,71.349998,71.870003,70.209999,71.349998,37.134624,7255200
2007-11-16,71.709999,71.709999,69.440002,69.989998,36.426800,9041400
2007-11-19,69.540001,69.639999,68.360001,68.650002,35.729401,6026100
2007-11-20,68.870003,69.589996,65.849998,67.050003,34.896675,9575200
2007-11-21,65.930000,67.300003,65.349998,66.550003,34.636452,8551100
2007-11-23,67.690002,68.419998,67.239998,67.820000,35.297428,2247200
2007-11-26,67.489998,68.139999,64.750000,65.269997,33.970249,8136200
2007-11-27,64.750000,66.199997,64.559998,65.750000,34.220078,8787300
2007-11-28,66.190002,69.000000,66.190002,68.830002,35.823082,8215500
2007-11-29,69.139999,69.379997,67.489998,69.379997,36.109337,6977200
2007-11-30,70.809998,70.830002,69.330002,70.019997,36.442421,8206000
2007-12-03,69.309998,69.989998,68.730003,69.510002,36.176979,5246000
2007-12-04,68.519997,69.180000,67.580002,67.690002,35.229755,6202200
2007-12-05,68.370003,69.830002,68.260002,69.620003,36.234245,8667700
2007-12-06,69.900002,72.230003,69.070000,72.120003,37.535400,6237500
2007-12-07,72.080002,72.940002,71.720001,71.769997,37.353222,11116800
2007-12-10,72.019997,73.570000,71.570000,73.570000,38.290051,6097500
2007-12-11,73.230003,74.160004,69.180000,69.360001,36.098938,9826900
2007-12-12,71.379997,72.440002,68.599998,69.580002,36.213440,9883300
2007-12-13,68.430000,69.290001,67.550003,68.379997,35.588863,7341900
2007-12-14,67.410004,69.209999,66.309998,66.309998,34.511524,7903000
2007-12-17,66.220001,66.400002,65.010002,65.110001,33.886986,8478800
2007-12-18,65.879997,66.260002,64.010002,65.949997,34.324146,8550200
2007-12-19,65.260002,66.540001,65.239998,66.500000,34.610413,6107100
2007-12-20,67.120003,67.360001,65.629997,66.750000,34.740524,6199200
2007-12-21,67.089996,67.889999,66.750000,67.889999,35.333851,5328100
2007-12-24,67.919998,69.820000,67.760002,69.739998,36.296707,4013400
2007-12-26,69.190002,69.419998,68.239998,68.580002,35.692982,4928200
2007-12-27,67.430000,67.739998,66.120003,66.480003,34.998585,5923400
2007-12-28,66.690002,66.949997,64.980003,65.500000,34.482647,6037000
2007-12-31,64.830002,66.300003,64.830002,65.699997,34.587944,4841000
2008-01-02,65.730003,66.550003,64.809998,65.150002,34.298412,7140100
2008-01-03,65.650002,65.900002,63.040001,63.040001,33.187584,7858800
2008-01-04,62.320000,63.000000,61.009998,61.040001,32.134670,11329300
2008-01-07,61.759998,62.070000,60.060001,61.610001,32.434750,8651900
2008-01-08,61.900002,63.360001,59.209999,59.369999,31.255497,10957900
2008-01-09,59.490002,60.599998,57.290001,60.540001,31.871450,16010500
2008-01-10,59.110001,62.439999,58.689999,61.340000,32.292610,16104400
2008-01-11,60.799999,62.299999,59.700001,61.240002,32.239979,11200200
2008-01-14,61.820000,62.310001,59.720001,61.070000,32.150463,8389300
2008-01-15,59.990002,60.419998,59.200001,59.480000,31.313393,11132200
2008-01-16,59.139999,61.430000,59.139999,60.250000,31.718769,12410600
2008-01-17,60.529999,61.049999,59.250000,59.520000,31.334459,9742900
2008-01-18,59.720001,60.459999,57.770000,59.020000,31.071236,11506100
2008-01-22,57.000000,61.220001,56.740002,61.009998,32.118874,16160300
2008-01-23,59.450001,66.639999,59.450001,66.000000,34.745880,23458200
2008-01-24,65.900002,66.150002,63.720001,64.709999,34.066761,13291600
2008-01-25,65.419998,65.940002,63.349998,63.810001,33.592945,11214700
2008-01-28,63.500000,66.180000,62.939999,66.180000,34.840630,10138700
2008-01-29,66.000000,66.620003,64.970001,65.779999,34.630054,8899800
2008-01-30,65.889999,66.839996,64.029999,64.239998,33.819324,15006600
2008-01-31,63.160000,66.190002,63.070000,65.769997,34.624790,14157100
2008-02-01,65.820000,68.330002,65.290001,68.330002,35.972515,10200800
2008-02-04,68.180000,68.180000,66.500000,67.269997,35.414467,7270300
2008-02-05,66.199997,67.199997,64.970001,65.139999,34.293118,11490400
2008-02-06,65.459999,65.769997,63.889999,63.889999,33.635052,10634800
2008-02-07,63.660000,65.430000,63.270000,65.430000,34.445797,9400400
2008-02-08,65.290001,65.330002,62.619999,63.400002,33.377102,13823600
2008-02-11,63.060001,63.750000,62.000000,62.130001,32.708511,9407000
2008-02-12,62.599998,64.180000,62.480000,64.089996,33.740349,10333900
2008-02-13,64.400002,65.099998,63.169998,64.389999,33.898281,14019900
2008-02-14,64.029999,64.510002,63.099998,63.910000,33.645596,6206500
2008-02-15,62.650002,63.650002,62.209999,63.650002,33.508713,7026100
2008-02-19,64.000000,64.489998,62.529999,62.540001,32.924358,7789300
2008-02-20,62.389999,64.000000,62.189999,64.000000,33.692959,11189700
2008-02-21,64.440002,64.650002,62.430000,62.549999,32.929623,11578600
2008-02-22,62.560001,64.019997,61.900002,64.019997,33.703499,10194800
2008-02-25,63.779999,66.000000,63.160000,66.000000,34.745880,8961400
2008-02-26,65.059998,66.449997,65.029999,65.959999,34.724819,7200400
2008-02-27,65.269997,66.529999,65.089996,65.489998,34.477386,5700100
2008-02-28,65.099998,65.099998,64.129997,64.129997,33.761417,5285200
2008-02-29,63.779999,63.980000,62.860001,63.009998,33.171780,6919900
2008-03-03,62.919998,63.459999,62.009998,63.349998,33.350777,10580900
2008-03-04,62.200001,63.320000,61.700001,62.840000,33.082298,9860600
2008-03-05,62.790001,63.810001,62.250000,62.779999,33.050705,6361200
2008-03-06,62.150002,62.500000,59.900002,59.900002,31.534527,13605600
2008-03-07,59.340000,61.299999,58.990002,60.500000,31.850393,12618500
2008-03-10,61.020000,61.020000,59.520000,59.520000,31.334459,6875100
2008-03-11,61.200001,63.750000,60.820000,63.750000,33.561352,13369800
2008-03-12,63.230000,64.589996,62.270000,62.380001,32.840126,8016100
2008-03-13,61.250000,63.529999,60.200001,63.160000,33.250751,13879700
2008-03-14,63.419998,63.790001,60.529999,62.130001,32.708511,14895200
2008-03-17,61.000000,62.290001,60.410000,61.709999,32.487392,13879700
2008-03-18,63.160000,65.029999,62.669998,64.860001,34.145725,12294900
2008-03-19,65.500000,66.000000,64.150002,64.150002,33.771942,12237300
2008-03-20,64.000000,66.949997,64.000000,66.830002,35.182831,11888600
2008-03-24,67.839996,68.739998,67.050003,67.970001,35.782993,11092800
2008-03-25,67.230003,68.150002,66.589996,67.750000,36.065105,10191600
2008-03-26,67.500000,67.599998,65.959999,65.959999,35.112263,6958500
2008-03-27,66.050003,67.120003,65.250000,65.680000,34.963196,7634400
2008-03-28,65.559998,65.769997,64.559998,64.669998,34.425552,9477600
2008-03-31,64.699997,66.379997,64.540001,65.099998,34.654469,6473900
2008-04-01,66.349998,68.629997,65.919998,68.300003,36.357903,12402900
2008-04-02,68.699997,69.139999,67.599998,68.589996,36.512272,7307900
2008-04-03,68.139999,69.989998,67.940002,69.989998,37.257549,8202300
2008-04-04,69.800003,69.919998,68.580002,68.849998,36.650677,9858700
2008-04-07,69.330002,69.339996,68.129997,68.690002,36.565525,10817900
2008-04-08,68.050003,68.639999,67.629997,67.830002,36.107704,8107400
2008-04-09,67.989998,67.989998,66.250000,66.449997,35.373089,13676400
2008-04-10,66.239998,67.370003,65.779999,66.309998,35.298569,9904700
2008-04-11,65.750000,66.980003,65.599998,66.070000,35.170799,6406500
2008-04-14,65.809998,66.620003,65.559998,65.709999,34.979168,6146500
2008-04-15,66.360001,66.459999,65.470001,66.050003,35.160183,4876500
2008-04-16,66.910004,69.389999,66.720001,68.900002,36.677292,7566100
2008-04-17,68.690002,69.419998,68.110001,69.300003,36.890244,5642400
2008-04-18,70.519997,71.070000,68.910004,69.370003,36.927486,11815500
2008-04-21,68.800003,69.260002,68.419998,68.680000,36.560173,6723200
2008-04-22,68.620003,68.919998,67.980003,68.360001,36.389832,5998500
2008-04-23,68.500000,69.669998,68.190002,69.150002,36.810371,5921700
2008-04-24,69.300003,70.879997,68.919998,70.739998,37.656761,7680500
2008-04-25,71.199997,71.199997,70.199997,70.980003,37.784546,5998600
2008-04-28,71.230003,71.230003,70.480003,71.139999,37.869724,6289200
2008-04-29,70.849998,70.849998,69.730003,70.110001,37.321423,6514300
2008-04-30,69.919998,70.820000,68.879997,68.879997,36.666653,9774200
2008-05-01,68.980003,70.669998,68.690002,70.500000,37.529030,9682500
2008-05-02,71.320000,71.650002,70.330002,70.620003,37.592896,7715600
2008-05-05,70.300003,70.800003,69.860001,70.449997,37.502399,4363500
2008-05-06,70.059998,71.010002,69.709999,71.010002,37.800510,3181700
2008-05-07,70.949997,71.099998,68.760002,68.919998,36.687931,6006300
2008-05-08,69.199997,69.370003,68.250000,68.889999,36.671967,5163800
2008-05-09,68.279999,69.070000,67.980003,68.400002,36.411144,6413900
2008-05-12,68.519997,69.949997,68.330002,69.860001,37.188339,4772000
2008-05-13,70.000000,70.269997,69.330002,70.230003,37.385311,4805300
2008-05-14,70.339996,70.989998,70.239998,70.699997,37.635490,4626500
2008-05-15,70.779999,71.580002,70.180000,71.580002,38.103947,5210900
2008-05-16,71.660004,71.660004,70.709999,71.110001,37.853745,6593700
2008-05-19,71.500000,71.760002,70.790001,71.650002,38.141216,5440400
2008-05-20,70.800003,71.050003,69.540001,70.169998,37.353340,8566300
2008-05-21,70.059998,70.879997,68.449997,68.650002,36.544216,8043600
2008-05-22,68.779999,68.940002,67.989998,68.190002,36.299358,5312800
2008-05-23,68.070000,68.110001,67.500000,67.750000,36.065105,5037900
2008-05-27,68.139999,69.040001,67.370003,68.720001,36.581486,4230300
2008-05-28,68.949997,69.279999,68.480003,69.000000,36.730526,3708700
2008-05-29,68.650002,69.870003,68.650002,69.720001,37.113819,4691900
2008-05-30,69.900002,70.089996,69.209999,69.440002,36.964752,7055000
2008-06-02,69.000000,69.120003,67.849998,68.470001,36.448402,5939600
2008-06-03,68.550003,68.959999,67.910004,68.519997,36.475018,4642200
2008-06-04,68.260002,69.639999,68.239998,68.900002,36.677292,4785700
2008-06-05,69.349998,70.739998,69.099998,70.629997,37.598213,8515500
2008-06-06,69.769997,70.000000,67.620003,67.830002,36.107704,7009200
2008-06-09,68.150002,68.489998,66.129997,66.260002,35.271954,10088500
2008-06-10,65.720001,66.849998,65.089996,66.519997,35.410358,12005600
2008-06-11,66.489998,66.540001,65.110001,65.150002,34.681065,10701900
2008-06-12,65.699997,66.510002,64.809998,65.550003,34.894012,10371700
2008-06-13,66.019997,67.180000,65.320000,66.919998,35.623299,5176500
2008-06-16,66.500000,67.940002,66.269997,67.879997,36.134323,5891900
2008-06-17,68.000000,68.120003,65.750000,65.879997,35.069675,4909100
2008-06-18,65.529999,65.739998,64.449997,64.900002,34.547974,10413700
2008-06-19,64.769997,66.389999,64.400002,66.239998,35.261299,10138700
2008-06-20,65.599998,65.800003,64.430000,64.599998,34.388294,10775400
2008-06-23,64.900002,65.230003,63.110001,63.259998,33.674976,8776800
2008-06-24,62.790001,64.139999,62.410000,63.290001,33.690956,7978800
2008-06-25,63.240002,64.660004,63.049999,63.759998,34.285683,11539500
2008-06-26,62.410000,63.180000,61.430000,61.480000,33.059654,8419200
2008-06-27,61.599998,61.970001,60.480000,61.000000,32.801537,7528400
2008-06-30,60.959999,61.880001,60.240002,60.799999,32.693989,7601900
2008-07-01,59.990002,61.150002,59.259998,61.150002,32.882195,11533700
2008-07-02,60.549999,61.360001,59.849998,59.880001,32.199276,8227500
2008-07-03,60.360001,60.360001,59.200001,59.400002,31.941172,5336100
2008-07-07,59.799999,60.150002,57.799999,58.180000,31.285137,12509400
2008-07-08,58.180000,62.529999,57.650002,62.389999,33.548985,13938200
2008-07-09,62.029999,62.029999,57.599998,57.799999,31.080811,12342200
2008-07-10,57.720001,59.669998,57.130001,58.849998,31.645422,17803600
2008-07-11,57.509998,60.360001,57.299999,58.869999,31.656187,17415100
2008-07-14,59.650002,60.250000,56.650002,56.820000,30.553831,13169200
2008-07-15,56.200001,58.209999,55.169998,56.279999,30.263466,16090000
2008-07-16,56.459999,60.299999,55.570000,60.230000,32.387478,19461800
2008-07-17,60.810001,61.599998,58.950001,61.200001,32.909092,18756600
2008-07-18,61.310001,61.540001,60.270000,61.220001,32.919846,7838800
2008-07-21,61.090000,61.900002,60.779999,61.400002,33.016636,9094000
2008-07-22,60.939999,63.529999,60.389999,63.349998,34.065197,13728300
2008-07-23,63.080002,65.860001,62.900002,64.699997,34.791130,24829600
2008-07-24,65.360001,65.370003,60.250000,60.720001,32.650970,18157900
2008-07-25,61.009998,62.549999,60.520000,61.639999,33.145695,12596700
2008-07-28,61.500000,62.619999,59.830002,60.330002,32.441277,10412700
2008-07-29,60.400002,63.689999,60.099998,63.349998,34.065197,13301000
2008-07-30,63.799999,64.080002,61.090000,63.040001,33.898518,18801500
2008-07-31,61.950001,62.900002,61.380001,62.299999,33.500595,11626000
2008-08-01,62.610001,62.610001,60.810001,62.450001,33.581249,10080900
2008-08-04,62.139999,62.380001,61.090000,61.570000,33.108047,9984300
2008-08-05,61.910000,64.410004,61.759998,64.199997,34.522278,14410900
2008-08-06,63.950001,64.190002,62.980000,63.900002,34.360966,7676500
2008-08-07,63.119999,63.570000,61.650002,62.349998,33.527470,9530500
2008-08-08,62.049999,65.190002,61.900002,64.370003,34.613697,11405200
2008-08-11,64.519997,66.699997,64.029999,65.949997,35.463314,14096200
2008-08-12,65.470001,65.739998,63.639999,64.489998,34.678211,11123200
2008-08-13,63.910000,64.139999,62.730000,63.450001,34.118977,10545200
2008-08-14,62.840000,64.650002,62.750000,64.500000,34.683598,7144100
2008-08-15,64.699997,65.410004,63.779999,64.400002,34.629826,7971400
2008-08-18,64.430000,64.620003,62.419998,63.049999,33.903889,8996400
2008-08-19,62.349998,62.439999,61.040001,61.750000,33.204838,10014700
2008-08-20,61.930000,62.209999,60.540001,61.900002,33.285500,11241500
2008-08-21,61.250000,61.349998,60.509998,61.049999,32.828438,10590500
2008-08-22,61.480000,63.000000,61.049999,62.450001,33.581249,9436700
2008-08-25,62.349998,62.389999,60.779999,61.070000,32.839184,9379600
2008-08-26,60.849998,61.799999,60.560001,61.540001,33.091930,9601700
2008-08-27,61.220001,62.139999,61.130001,62.090000,33.387661,4988900
2008-08-28,62.320000,64.320000,62.310001,64.150002,34.495399,9100600
2008-08-29,63.590000,64.379997,63.110001,63.430000,34.108223,8286300
2008-09-02,64.320000,65.290001,62.970001,64.209999,34.527657,14084500
2008-09-03,64.080002,65.110001,63.560001,65.089996,35.000862,12648800
2008-09-04,64.440002,64.790001,63.000000,63.060001,33.909264,11409600
2008-09-05,62.549999,63.459999,61.759998,63.459999,34.124359,14259100
2008-09-08,65.699997,66.639999,64.000000,66.199997,35.597729,19545100
2008-09-09,65.550003,66.320000,63.099998,63.299999,34.038322,16618900
2008-09-10,64.040001,64.430000,62.400002,63.639999,34.221157,14613600
2008-09-11,62.930000,64.419998,62.360001,64.370003,34.613697,15908200
2008-09-12,63.680000,65.180000,63.240002,65.050003,34.979343,13987700
2008-09-15,62.450001,63.840000,60.770000,61.049999,32.828438,27435000
2008-09-16,59.389999,63.130001,59.209999,62.930000,33.839363,40741800
2008-09-17,61.709999,62.700001,59.290001,60.000000,32.263813,38255800
2008-09-18,60.250000,65.110001,57.209999,65.070000,34.990108,48435400
2008-09-19,67.199997,67.199997,63.779999,67.199997,36.135475,19358900
2008-09-22,66.970001,67.470001,61.070000,61.279999,32.952110,11411000
2008-09-23,62.680000,63.540001,61.439999,61.669998,33.161823,15650200
2008-09-24,62.000000,62.000000,59.880001,60.439999,32.916729,12940800
2008-09-25,61.700001,62.180000,60.080002,61.560001,33.526707,15335900
2008-09-26,60.200001,63.380001,59.639999,62.840000,34.223824,16272700
2008-09-29,61.509998,61.889999,58.570000,59.080002,32.176071,20029500
2008-09-30,60.650002,62.500000,58.980000,61.950001,33.739120,14512300
2008-10-01,61.169998,61.169998,59.950001,61.000000,33.221722,11929100
2008-10-02,60.000000,60.320000,56.459999,56.959999,31.021465,15561600
2008-10-03,57.990002,58.560001,53.919998,53.919998,29.365818,23607200
2008-10-06,51.610001,53.000000,50.029999,52.930000,28.826668,23349100
2008-10-07,53.240002,53.250000,48.419998,48.459999,26.392204,22293000
2008-10-08,47.799999,49.919998,47.090000,47.650002,25.951073,24026100
2008-10-09,49.049999,49.580002,43.740002,44.240002,24.093935,25967500
2008-10-10,42.360001,52.000000,41.230000,47.759998,26.010967,30594200
2008-10-13,49.970001,51.599998,47.610001,51.330002,27.955271,15665100
2008-10-14,52.189999,52.430000,44.709999,48.000000,26.141693,23706100
2008-10-15,46.570000,47.090000,40.869999,41.200001,22.438290,18971700
2008-10-16,42.330002,43.980000,39.950001,43.790001,23.848848,31029800
2008-10-17,42.180000,45.380001,41.560001,43.340000,23.603760,18492300
2008-10-20,43.959999,44.240002,41.650002,43.750000,23.827061,17278500
2008-10-21,42.759998,44.209999,42.029999,42.240002,23.004681,14293000
2008-10-22,41.240002,41.680000,37.720001,39.139999,21.316359,25696000
2008-10-23,38.950001,39.889999,35.080002,38.529999,20.984150,31301900
2008-10-24,34.770000,37.900002,34.259998,36.060001,19.638948,24985000
2008-10-27,35.650002,37.320000,33.709999,34.180000,18.615057,16119800
2008-10-28,35.349998,39.919998,33.380001,39.759998,21.654028,26639700
2008-10-29,39.209999,40.950001,37.680000,38.180000,20.793535,22743600
2008-10-30,40.000000,40.330002,38.599998,40.029999,21.801079,20262800
2008-10-31,40.119999,42.660000,39.459999,42.549999,23.173527,22458500
2008-11-03,42.169998,42.660000,40.950001,41.000000,22.329361,13099200
2008-11-04,41.619999,43.500000,41.279999,43.279999,23.571096,20026600
2008-11-05,42.619999,42.619999,38.849998,39.099998,21.294588,21429400
2008-11-06,38.540001,38.950001,37.099998,37.330002,20.330612,23286800
2008-11-07,37.450001,39.799999,36.610001,39.540001,21.534222,25798500
2008-11-10,40.029999,40.119999,35.779999,36.150002,19.687963,26496700
2008-11-11,35.560001,36.520000,34.240002,35.689999,19.437437,28902400
2008-11-12,34.630001,34.750000,32.779999,33.060001,18.005083,27318200
2008-11-13,33.299999,37.020000,31.660000,36.720001,19.998394,40172400
2008-11-14,35.520000,35.939999,32.650002,33.099998,18.026869,23002400
2008-11-17,32.330002,33.139999,31.490000,32.840000,17.885267,17984600
2008-11-18,31.760000,32.299999,29.600000,31.520000,17.166372,28989800
2008-11-19,30.969999,31.100000,27.040001,27.719999,15.096830,37362600
2008-11-20,26.930000,28.570000,24.620001,25.299999,13.778851,58533000
2008-11-21,26.110001,27.510000,23.510000,27.389999,14.917101,47485000
2008-11-24,27.900000,32.220001,26.780001,31.350000,17.073795,93279100
2008-11-25,32.110001,32.840000,29.809999,32.200001,17.536715,52749200
2008-11-26,31.200001,33.959999,31.120001,33.669998,18.337303,30893000
2008-11-28,33.430000,33.669998,32.590000,33.380001,18.179371,11572100
2008-12-01,31.980000,32.090000,26.280001,26.500000,14.432388,41832300
2008-12-02,27.750000,30.250000,27.420000,30.150000,16.420250,63499500
2008-12-03,28.790001,31.799999,28.320000,31.520000,17.166372,55281100
2008-12-04,30.809999,33.240002,30.120001,31.000000,16.883173,51522200
2008-12-05,30.240000,34.240002,29.969999,33.990002,18.511581,52414200
2008-12-08,35.090000,37.279999,34.380001,37.189999,20.254362,42243900
2008-12-09,36.400002,37.259998,33.810001,34.520000,18.800240,62193900
2008-12-10,34.660000,36.959999,34.459999,36.810001,20.047409,35455200
2008-12-11,35.919998,36.090000,31.010000,31.500000,17.155485,52442500
2008-12-12,30.650000,34.700001,30.370001,34.480000,18.778444,56324600
2008-12-15,34.320000,34.610001,32.150002,33.500000,18.244715,37359200
2008-12-16,37.580002,37.730000,33.439999,37.580002,20.466764,52110600
2008-12-17,36.599998,40.119999,35.950001,38.529999,20.984150,49696400
2008-12-18,38.840000,39.139999,35.029999,35.490002,19.328518,43520600
2008-12-19,35.689999,37.450001,35.459999,37.250000,20.287045,35568800
2008-12-22,37.240002,37.419998,34.680000,36.470001,19.862234,36920400
2008-12-23,35.560001,36.209999,34.889999,35.290001,19.711428,23958600
2008-12-24,35.470001,35.639999,34.860001,35.560001,19.862234,6284700
2008-12-26,35.840000,36.099998,35.009998,36.029999,20.124756,6966300
2008-12-29,35.930000,35.930000,33.419998,34.000000,18.990887,23933800
2008-12-30,34.380001,35.750000,34.169998,35.540001,19.851076,20496900
2008-12-31,35.470001,37.580002,35.340000,37.230000,20.795027,31635400
2009-01-02,37.410000,37.520000,36.040001,36.209999,20.225296,22976000
2009-01-05,35.959999,36.560001,35.240002,35.500000,19.828726,23694700
2009-01-06,36.009998,37.660000,34.970001,37.259998,20.811781,31263100
2009-01-07,36.400002,37.139999,35.790001,36.000000,20.108009,26433600
2009-01-08,35.419998,36.099998,35.049999,35.840000,20.018639,22563100
2009-01-09,35.889999,35.970001,33.980000,34.189999,19.097015,22380600
2009-01-12,33.849998,33.959999,31.650000,32.200001,17.985493,29349900
2009-01-13,31.780001,33.299999,31.559999,33.169998,18.527288,28514300
2009-01-14,32.150002,32.180000,31.120001,31.450001,17.566576,39178900
2009-01-15,31.350000,33.169998,29.830000,32.360001,18.074860,45830000
2009-01-16,33.150002,33.720001,31.590000,33.549999,18.739538,45503800
2009-01-20,32.869999,33.009998,29.690001,29.920000,16.711987,43592300
2009-01-21,30.469999,33.049999,29.559999,32.900002,18.376482,58566300
2009-01-22,31.549999,32.820000,30.719999,31.230000,17.443691,46457600
2009-01-23,30.170000,32.270000,29.969999,32.220001,17.996664,45033900
2009-01-26,32.189999,33.070000,31.299999,31.950001,17.845848,35914000
2009-01-27,32.119999,32.930000,31.799999,32.529999,18.169811,26821100
2009-01-28,33.439999,35.400002,33.020000,35.119999,19.616472,50147600
2009-01-29,34.369999,34.549999,32.220001,32.369999,18.080442,43081400
2009-01-30,32.709999,33.220001,30.660000,31.340000,17.505131,41407200
2009-02-02,30.490000,31.840000,30.219999,31.540001,17.616844,32550000
2009-02-03,31.740000,31.879999,30.940001,31.420000,17.549818,26174100
2009-02-04,31.430000,32.389999,30.680000,30.680000,17.136486,32183800
2009-02-05,30.129999,31.270000,29.260000,30.209999,16.873960,47541300
2009-02-06,30.400000,32.630001,30.350000,32.279999,18.030172,45108400
2009-02-09,32.360001,32.849998,31.690001,32.720001,18.275946,28441400
2009-02-10,32.450001,32.500000,29.610001,29.910000,16.706396,53282300
2009-02-11,30.160000,30.670000,29.070000,30.670000,17.130901,39645100
2009-02-12,29.520000,30.299999,27.959999,30.219999,16.879545,60743300
2009-02-13,29.690001,29.790001,28.299999,28.410000,15.868567,32151900
2009-02-17,27.100000,27.299999,26.280001,26.620001,14.868750,43326100
2009-02-18,26.990000,27.139999,25.750000,26.730000,14.930193,42157000
2009-02-19,27.180000,27.530001,25.410000,25.700001,14.354879,39524200
2009-02-20,24.910000,27.389999,24.770000,27.350000,15.276490,61926700
2009-02-23,27.680000,27.860001,25.139999,25.270000,14.114701,48795300
2009-02-24,25.570000,27.440001,25.150000,27.350000,15.276490,56026400
2009-02-25,26.959999,27.910000,25.770000,26.660000,14.891091,55893600
2009-02-26,27.400000,27.540001,25.260000,25.530001,14.259926,45262200
2009-02-27,24.709999,25.920000,24.639999,25.139999,14.042087,42992900
2009-03-02,24.459999,24.719999,22.879999,23.379999,13.059028,47758400
2009-03-03,23.799999,24.049999,22.379999,23.469999,13.109303,45163300
2009-03-04,24.059999,24.490000,23.260000,24.090000,13.455610,38299400
2009-03-05,23.250000,23.610001,22.180000,22.540001,12.589846,35615200
2009-03-06,22.650000,22.780001,20.980000,22.209999,12.405519,51913900
2009-03-09,21.520000,22.730000,21.480000,22.680000,12.668042,42294100
2009-03-10,23.250000,25.820000,23.049999,25.680000,14.343711,65399400
2009-03-11,26.000000,26.219999,24.930000,25.240000,14.097947,43592700
2009-03-12,25.340000,27.420000,25.000000,27.230000,15.209472,50385900
2009-03-13,27.200001,27.370001,25.799999,26.650000,14.885508,30566700
2009-03-16,26.809999,27.070000,24.610001,24.690001,13.790738,35463700
2009-03-17,24.690001,26.629999,24.209999,26.530001,14.818474,41093700
2009-03-18,26.040001,27.940001,25.420000,27.900000,15.583701,54306800
2009-03-19,28.290001,28.330000,26.160000,26.309999,14.695598,45493700
2009-03-20,26.049999,26.139999,24.170000,24.350000,13.600830,45303800
2009-03-23,25.120001,28.170000,25.100000,28.000000,15.639555,63916000
2009-03-24,27.000000,28.110001,25.740000,26.000000,14.522447,57191900
2009-03-25,25.820000,26.400000,23.790001,25.780001,14.724059,64292000
2009-03-26,26.049999,26.670000,24.879999,26.420000,15.089591,49365800
2009-03-27,25.620001,26.080000,25.200001,25.360001,14.484180,32954900
2009-03-30,24.240000,24.530001,23.690001,23.969999,13.690294,35357900
2009-03-31,24.280001,25.820000,24.040001,25.459999,14.541299,50864900
2009-04-01,24.750000,25.750000,24.740000,25.230000,14.409933,35114200
2009-04-02,26.020000,27.389999,25.719999,26.900000,15.363737,50186000
2009-04-03,26.780001,29.410000,26.450001,29.309999,16.740192,59341900
2009-04-06,28.600000,29.629999,27.980000,28.840000,16.471756,44648400
2009-04-07,28.100000,28.330000,26.600000,26.670000,15.232374,47135300
2009-04-08,26.950001,27.469999,26.420000,27.230000,15.552215,40171700
2009-04-09,28.410000,30.889999,27.920000,30.480000,17.408422,64914500
2009-04-13,29.900000,31.610001,29.770000,30.870001,17.631180,38973700
2009-04-14,30.400000,30.760000,28.299999,28.340000,16.186190,48840300
2009-04-15,28.200001,30.940001,28.040001,30.660000,17.511240,58349500
2009-04-16,30.680000,33.119999,29.559999,31.910000,18.225166,67149800
2009-04-17,31.760000,33.299999,31.070000,32.230000,18.407925,54353000
2009-04-20,31.000000,31.379999,28.680000,28.780001,16.437485,64828700
2009-04-21,28.160000,31.540001,28.000000,31.410000,17.939589,74967600
2009-04-22,30.709999,32.029999,30.170000,30.350000,17.334183,67786500
2009-04-23,30.549999,32.000000,30.040001,31.610001,18.053816,47356400
2009-04-24,31.879999,34.259998,31.420000,33.279999,19.007627,62496700
2009-04-27,32.320000,32.849998,30.500000,31.400000,17.933880,57992300
2009-04-28,30.610001,32.480000,30.610001,31.740000,18.128075,43522900
2009-04-29,32.040001,33.400002,31.760000,33.000000,18.847710,47069800
2009-04-30,33.490002,34.150002,32.770000,33.000000,18.847710,49076600
2009-05-01,32.910000,32.990002,31.580000,31.879999,18.208031,38044900
2009-05-04,32.419998,34.650002,32.330002,34.639999,19.784388,51009700
2009-05-05,34.090000,34.360001,33.099998,33.480000,19.121855,45654800
2009-05-06,34.160000,34.830002,33.040001,34.599998,19.761539,51320900
2009-05-07,35.060001,35.080002,31.790001,32.599998,18.619253,61835800
2009-05-08,33.150002,35.070000,32.680000,34.810001,19.881481,58290900
2009-05-11,33.770000,34.380001,33.340000,33.790001,19.298914,36702700
2009-05-12,33.799999,34.000000,31.940001,33.250000,18.990498,41754000
2009-05-13,32.240002,32.290001,30.750000,30.990000,17.699709,46670800
2009-05-14,30.730000,32.400002,30.250000,31.980000,18.265148,42137500
2009-05-15,31.770000,32.099998,30.299999,30.930000,17.665447,37296300
2009-05-18,31.299999,33.619999,31.230000,33.250000,18.990498,49080600
2009-05-19,33.160000,33.700001,32.389999,32.720001,18.687788,44047500
2009-05-20,33.279999,34.049999,32.209999,32.340000,18.470757,35107900
2009-05-21,31.860001,32.830002,31.530001,32.400002,18.505030,29973700
2009-05-22,32.480000,32.880001,31.590000,31.709999,18.110939,24961700
2009-05-26,31.400000,33.639999,31.250000,33.349998,19.047606,42247200
2009-05-27,33.529999,33.529999,31.950001,32.240002,18.413645,36683800
2009-05-28,32.619999,33.049999,31.730000,32.849998,18.762035,31800800
2009-05-29,33.099998,33.770000,32.490002,33.750000,19.276062,28518600
2009-06-01,34.200001,36.139999,34.119999,35.169998,20.087076,57186100
2009-06-02,34.900002,35.250000,34.389999,34.650002,19.790106,30238700
2009-06-03,34.340000,34.660000,34.040001,34.570000,19.744406,19147100
2009-06-04,34.779999,35.950001,34.560001,35.590000,20.326965,25998400
2009-06-05,36.080002,36.080002,34.900002,35.139999,20.069950,27972500
2009-06-08,34.919998,35.520000,34.560001,35.009998,19.995703,20970600
2009-06-09,35.299999,35.320000,34.720001,35.049999,20.018551,19847000
2009-06-10,35.299999,35.349998,33.549999,34.380001,19.635880,27655700
2009-06-11,34.290001,34.590000,33.650002,33.740002,19.270359,21106600
2009-06-12,33.639999,34.759998,33.490002,34.689999,19.812933,20255800
2009-06-15,34.200001,34.250000,32.750000,33.130001,18.921953,29388600
2009-06-16,33.330002,33.529999,32.180000,32.660000,18.653528,23577000
2009-06-17,32.619999,32.820000,31.700001,32.200001,18.390795,27998200
2009-06-18,32.169998,32.560001,31.790001,32.360001,18.482176,20216600
2009-06-19,32.520000,32.770000,32.189999,32.709999,18.682077,20483900
2009-06-22,32.180000,32.439999,30.930000,31.040001,17.728271,29988800
2009-06-23,31.150000,31.809999,30.870001,31.309999,17.882483,23840400
2009-06-24,31.299999,31.700001,31.049999,31.350000,18.176432,22650300
2009-06-25,31.240000,31.860001,30.870001,31.850000,18.466324,23072800
2009-06-26,31.700001,32.410000,31.549999,32.130001,18.628666,17176800
2009-06-29,32.290001,32.400002,31.670000,32.209999,18.675045,13423100
2009-06-30,32.299999,32.650002,32.080002,32.419998,18.796810,18188400
2009-07-01,32.540001,33.049999,32.340000,32.740002,18.982340,16207200
2009-07-02,32.310001,32.310001,31.190001,31.250000,18.118452,24727700
2009-07-06,30.940001,32.029999,30.690001,31.900000,18.495314,22869500
2009-07-07,31.860001,31.900000,30.590000,30.719999,17.811165,27029800
2009-07-08,30.830000,31.010000,29.590000,30.420000,17.637228,30045200
2009-07-09,30.660000,30.840000,29.879999,29.930000,17.353125,18224200
2009-07-10,29.620001,30.080000,29.139999,29.879999,17.324142,21225300
2009-07-13,30.000000,31.240000,29.650000,31.059999,18.008291,29715900
2009-07-14,31.070000,31.629999,30.570000,31.420000,18.217014,22961100
2009-07-15,31.950001,32.919998,31.709999,32.500000,18.843195,29777300
2009-07-16,32.200001,33.150002,31.879999,32.919998,19.086704,21610600
2009-07-17,32.709999,32.740002,31.900000,32.150002,18.640266,21721200
2009-07-20,32.459999,33.340000,32.450001,33.189999,19.243246,34687300
2009-07-21,33.450001,33.500000,32.419998,33.119999,19.202654,18909400
2009-07-22,32.610001,33.630001,32.570000,33.150002,19.220064,21233300
2009-07-23,33.220001,34.810001,33.040001,34.299999,19.886812,31836900
2009-07-24,34.180000,34.740002,33.799999,34.599998,20.060755,16339500
2009-07-27,34.660000,35.320000,34.400002,35.250000,20.437614,17026100
2009-07-28,34.930000,35.220001,34.580002,35.110001,20.356445,17263400
2009-07-29,34.770000,35.060001,34.270000,34.610001,20.066536,16401100
2009-07-30,35.150002,36.320000,35.099998,35.820000,20.768099,31032900
2009-07-31,35.720001,36.130001,35.450001,35.849998,20.785488,18840300
2009-08-03,36.549999,36.610001,35.930000,36.560001,21.197145,17432800
2009-08-04,36.340000,38.630001,36.070000,38.299999,22.205971,39977300
2009-08-05,38.389999,39.990002,38.060001,39.849998,23.104647,34952900
2009-08-06,40.380001,41.320000,39.520000,39.599998,22.959700,46145300
2009-08-07,40.500000,42.259998,39.770000,41.439999,24.026527,34654400
2009-08-10,41.400002,41.450001,40.200001,40.619999,23.551088,23404300
2009-08-11,40.230000,40.400002,39.029999,39.419998,22.855341,27597500
2009-08-12,39.369999,40.430000,39.369999,39.680000,23.006083,26769700
2009-08-13,40.080002,40.279999,39.360001,39.869999,23.116253,22389300
2009-08-14,39.619999,39.709999,38.650002,39.509998,22.907532,20850500
2009-08-17,38.020000,38.200001,37.320000,37.529999,21.759537,34475000
2009-08-18,37.680000,38.389999,37.450001,37.990002,22.026241,22530200
2009-08-19,37.340000,37.919998,37.130001,37.709999,21.863894,22567800
2009-08-20,37.740002,39.270000,37.700001,39.240002,22.750982,26163200
2009-08-21,39.720001,40.919998,39.480000,40.110001,23.255400,26083800
2009-08-24,40.580002,40.689999,39.770000,39.880001,23.122042,19081300
2009-08-25,40.240002,40.669998,39.910000,40.320000,23.377159,18849000
2009-08-26,40.230000,40.500000,39.860001,40.500000,23.481508,13740900
2009-08-27,40.500000,40.900002,39.639999,40.820000,23.667038,18503900
2009-08-28,41.220001,41.299999,40.419998,41.090000,23.823584,16195500
2009-08-31,40.389999,40.779999,40.110001,40.580002,23.527887,17572500
2009-09-01,40.290001,40.599998,38.410000,38.509998,22.327738,38991300
2009-09-02,38.139999,38.450001,37.720001,37.750000,21.887100,21064600
2009-09-03,38.139999,38.500000,37.459999,38.419998,22.275547,16254300
2009-09-04,38.419998,38.910000,37.779999,38.880001,22.542257,14698900
2009-09-08,39.490002,40.160000,39.180000,40.130001,23.266998,22930600
2009-09-09,40.110001,41.040001,39.810001,40.939999,23.736612,20270900
2009-09-10,40.900002,41.529999,40.279999,41.520000,24.072903,19105800
2009-09-11,41.660000,41.880001,40.880001,41.389999,23.997526,17879200
2009-09-14,40.840000,42.610001,40.779999,42.580002,24.687481,20620700
2009-09-15,42.799999,43.919998,42.080002,43.330002,25.122322,32674900
2009-09-16,43.709999,45.090000,43.549999,45.020000,26.102165,39118500
2009-09-17,45.060001,46.459999,44.099998,44.799999,25.974613,34111600
2009-09-18,44.930000,45.349998,44.020000,44.790001,25.968817,22278600
2009-09-21,44.099998,44.540001,43.740002,44.080002,25.557182,18946100
2009-09-22,44.180000,45.189999,44.080002,45.040001,26.347469,26655800
2009-09-23,45.250000,45.270000,43.450001,43.529999,25.464153,27756900
2009-09-24,43.740002,43.990002,41.740002,42.090000,24.621780,35751500
2009-09-25,41.740002,42.509998,41.330002,42.060001,24.604223,23702900
2009-09-28,42.400002,43.799999,42.259998,43.700001,25.563599,19175200
2009-09-29,43.860001,44.139999,42.849998,42.970001,25.136570,22318500
2009-09-30,43.290001,43.439999,42.070000,42.669998,24.961069,27832000
2009-10-01,42.529999,42.650002,40.779999,40.860001,23.902258,30261200
2009-10-02,39.930000,41.630001,39.880001,40.459999,23.668264,36816200
2009-10-05,40.790001,41.720001,40.630001,41.549999,24.305889,22481600
2009-10-06,42.060001,42.549999,40.970001,41.560001,24.311745,30131100
2009-10-07,41.410000,41.799999,40.919998,41.430000,24.235691,20653900
2009-10-08,42.060001,42.610001,41.750000,42.209999,24.691982,18567100
2009-10-09,42.070000,42.639999,41.720001,42.619999,24.931822,14862900
2009-10-12,42.869999,43.080002,42.349998,42.549999,24.890875,11315400
2009-10-13,42.320000,42.470001,41.599998,41.910000,24.516491,16119000
2009-10-14,42.730000,43.610001,42.439999,43.450001,25.417349,21092500
2009-10-15,43.099998,43.250000,42.830002,43.119999,25.224316,15044600
2009-10-16,42.419998,42.619999,41.830002,41.950001,24.539888,17909700
2009-10-19,42.180000,43.000000,42.020000,42.919998,25.107309,19898600
2009-10-20,42.860001,42.919998,41.959999,42.119999,24.639326,17717400
2009-10-21,41.889999,42.860001,41.610001,41.790001,24.446289,35152500
2009-10-22,41.700001,42.799999,41.110001,42.730000,24.996172,23377200
2009-10-23,42.889999,42.970001,41.980000,42.259998,24.721226,20818300
2009-10-26,42.189999,43.200001,41.910000,42.000000,24.569145,27332400
2009-10-27,42.029999,42.270000,41.209999,41.360001,24.194748,26559300
2009-10-28,41.099998,41.700001,39.560001,39.630001,23.182730,35869600
2009-10-29,40.230000,41.509998,40.130001,41.340000,24.183044,29136200
2009-10-30,41.080002,41.299999,39.590000,40.549999,23.720919,43001800
2009-11-02,40.680000,41.509998,39.450001,40.610001,23.756014,37029500
2009-11-03,40.070000,41.279999,40.000000,41.189999,24.095301,25912700
2009-11-04,41.730000,41.849998,40.360001,40.450001,23.662413,25881200
2009-11-05,40.950001,41.369999,40.509998,41.290001,24.153799,21379700
2009-11-06,40.650002,41.310001,40.320000,40.650002,23.779413,21854300
2009-11-09,41.200001,42.680000,41.049999,42.560001,24.896729,26065200
2009-11-10,42.310001,42.639999,41.730000,42.349998,24.773874,21237600
2009-11-11,42.660000,43.400002,42.549999,43.130001,25.230160,23828800
2009-11-12,43.110001,43.419998,42.509998,42.619999,24.931822,18846600
2009-11-13,42.630001,43.299999,42.580002,43.189999,25.265261,18584800
2009-11-16,43.549999,44.580002,43.459999,44.169998,25.838531,27443300
2009-11-17,43.950001,44.439999,43.459999,43.540001,25.470009,20954600
2009-11-18,43.500000,44.400002,43.439999,44.259998,25.891180,19364300
2009-11-19,43.849998,43.889999,43.150002,43.380001,25.376413,17659500
2009-11-20,43.049999,43.279999,42.880001,43.049999,25.183365,15517000
2009-11-23,43.779999,44.209999,43.189999,43.540001,25.470009,19491500
2009-11-24,43.480000,43.549999,42.770000,42.900002,25.095623,19240000
2009-11-25,43.090000,43.369999,42.959999,43.070000,25.195068,11758900
2009-11-27,41.790001,42.619999,41.580002,41.849998,24.481386,14024500
2009-11-30,41.980000,43.570000,41.680000,43.419998,25.399807,24501600
2009-12-01,43.759998,44.240002,43.360001,43.980000,25.727390,21033500
2009-12-02,43.880001,44.900002,43.810001,44.630001,26.107639,19453000
2009-12-03,44.910000,45.439999,44.080002,44.250000,25.885338,29702100
2009-12-04,45.290001,45.770000,44.580002,45.439999,26.581469,32289500
2009-12-07,45.299999,45.419998,44.270000,44.650002,26.119341,20396700
2009-12-08,44.240002,45.060001,44.150002,44.380001,25.961380,21940100
2009-12-09,44.450001,44.740002,44.220001,44.320000,25.926287,14033500
2009-12-10,44.560001,44.709999,43.939999,44.189999,25.850237,12727400
2009-12-11,44.279999,44.889999,44.200001,44.830002,26.224627,13540200
2009-12-14,45.080002,45.790001,44.580002,45.700001,26.733557,14729700
2009-12-15,45.419998,45.529999,45.099998,45.279999,26.487871,13118200
2009-12-16,45.509998,45.790001,45.299999,45.549999,26.645815,19303000
2009-12-17,45.189999,45.540001,44.919998,45.259998,26.476158,15440200
2009-12-18,45.400002,45.630001,44.860001,45.610001,26.680910,13976300
2009-12-21,45.790001,46.200001,45.669998,46.160000,27.002655,11226600
2009-12-22,46.240002,46.660000,46.180000,46.650002,27.289291,11809400
2009-12-23,46.250000,47.070000,46.200001,46.669998,27.597376,11294900
2009-12-24,46.939999,47.290001,46.810001,47.259998,27.946260,4432500
2009-12-28,47.450001,47.939999,47.230000,47.430000,28.046778,14914000
2009-12-29,47.549999,47.750000,46.750000,46.750000,27.644684,13533900
2009-12-30,46.639999,46.849998,46.330002,46.830002,27.691980,8742400
2009-12-31,46.950001,47.209999,45.910000,45.919998,27.153875,9628400
2010-01-04,46.450001,46.660000,45.529999,45.810001,27.088823,16952700
2010-01-05,45.810001,45.959999,45.290001,45.919998,27.153875,14523000
2010-01-06,45.939999,46.230000,45.709999,45.900002,27.142056,14859100
2010-01-07,45.869999,46.520000,45.369999,46.310001,27.384493,16364700
2010-01-08,46.189999,46.230000,45.590000,46.000000,27.201170,10629500
2010-01-11,46.250000,46.470001,45.930000,46.220001,27.331268,7873900
2010-01-12,45.750000,46.139999,45.180000,45.439999,26.870043,15196600
2010-01-13,45.480000,46.360001,45.419998,46.290001,27.372665,14826100
2010-01-14,46.220001,46.310001,45.880001,46.130001,27.278057,7233200
2010-01-15,46.000000,46.090000,45.560001,45.709999,27.029686,15106200
2010-01-19,45.660000,46.740002,45.619999,46.619999,27.567797,15621900
2010-01-20,46.230000,46.259998,45.680000,46.139999,27.283972,13033200
2010-01-21,46.130001,46.419998,44.740002,44.830002,26.509325,30837300
2010-01-22,44.709999,45.139999,43.669998,43.799999,25.900253,26533200
2010-01-25,44.299999,44.320000,43.290001,44.119999,26.089483,21265300
2010-01-26,43.740002,44.430000,43.630001,43.740002,25.864775,16188000
2010-01-27,43.919998,44.200001,43.119999,44.139999,26.101305,23190400
2010-01-28,44.410000,44.490002,43.360001,43.720001,25.852949,19931500
2010-01-29,44.029999,44.430000,43.209999,43.430000,25.681459,21419500
2010-02-01,43.770000,44.299999,43.680000,44.220001,26.148615,13240700
2010-02-02,44.340000,45.160000,43.950001,44.950001,26.580294,18533500
2010-02-03,44.779999,44.840000,44.119999,44.430000,26.272797,15642000
2010-02-04,44.009998,44.090000,42.740002,42.770000,25.291172,27627500
2010-02-05,42.910000,43.730000,42.270000,43.570000,25.764244,32914100
2010-02-08,43.709999,43.840000,42.490002,42.580002,25.178837,15343700
2010-02-09,43.090000,43.180000,42.119999,42.450001,25.101963,22262300
2010-02-10,42.529999,43.029999,41.709999,42.480000,25.119698,16652800
2010-02-11,42.410000,42.880001,41.959999,42.849998,25.338488,11875700
2010-02-12,42.340000,43.270000,42.189999,43.240002,25.569107,14060900
2010-02-16,43.730000,44.500000,43.650002,44.400002,26.255054,16756500
2010-02-17,44.500000,45.000000,44.490002,44.820000,26.503412,13239000
2010-02-18,44.660000,45.540001,44.509998,45.419998,26.858204,14092700
2010-02-19,45.220001,45.680000,45.049999,45.410000,26.852299,12580700
2010-02-22,45.509998,45.840000,45.320000,45.599998,26.964645,12070700
2010-02-23,45.349998,45.709999,45.119999,45.240002,26.751780,9630700
2010-02-24,45.250000,45.709999,45.200001,45.680000,27.011953,9650500
2010-02-25,45.150002,45.930000,44.900002,45.910000,27.147959,13051400
2010-02-26,45.950001,46.349998,45.610001,45.799999,27.082911,11251800
2010-03-01,46.080002,46.459999,45.980000,46.270000,27.360844,6993900
2010-03-02,46.410000,46.500000,46.180000,46.290001,27.372665,8746600
2010-03-03,46.349998,46.490002,46.090000,46.189999,27.313530,7785000
2010-03-04,46.200001,46.430000,46.099998,46.380001,27.425886,7619900
2010-03-05,46.500000,47.610001,46.450001,47.439999,28.052700,13059100
2010-03-08,47.549999,48.160000,47.459999,48.029999,28.401571,8495800
2010-03-09,47.820000,48.770000,47.689999,48.189999,28.496189,12243200
2010-03-10,48.290001,48.639999,48.000000,48.450001,28.649950,10583500
2010-03-11,48.150002,48.700001,48.009998,48.689999,28.791859,8604100
2010-03-12,49.040001,49.299999,48.619999,49.049999,29.004734,12207300
2010-03-15,48.939999,49.240002,48.400002,48.910000,28.921965,12572400
2010-03-16,49.090000,50.250000,48.950001,50.180000,29.672941,18134600
2010-03-17,50.290001,50.959999,50.110001,50.790001,30.033646,20060300
2010-03-18,50.709999,51.070000,50.549999,50.590000,29.915380,12631000
2010-03-19,50.160000,50.869999,50.049999,50.160000,29.661102,14273200
2010-03-22,49.810001,50.849998,49.660000,50.680000,29.968603,15289000
2010-03-23,50.630001,50.740002,50.060001,50.540001,29.885828,16105700
2010-03-24,50.320000,51.020000,50.270000,50.700001,29.980438,11596300
2010-03-25,50.529999,51.160000,50.290001,50.290001,30.027594,18328500
2010-03-26,50.439999,50.759998,49.910000,50.110001,29.920124,13100800
2010-03-29,50.430000,50.500000,50.009998,50.330002,30.051479,12065300
2010-03-30,50.360001,50.509998,50.070000,50.230000,29.991777,8298000
2010-03-31,50.020000,50.340000,49.730000,49.779999,29.723085,8337300
2010-04-01,50.119999,50.189999,49.639999,50.009998,29.860424,11865900
2010-04-05,50.330002,51.099998,50.110001,51.049999,30.481382,14636500
2010-04-06,50.939999,52.189999,50.730000,52.080002,31.096388,16859700
2010-04-07,51.939999,52.070000,50.730000,50.959999,30.427647,15275300
2010-04-08,50.720001,51.110001,50.639999,50.980000,30.439594,8579900
2010-04-09,51.160000,51.830002,50.950001,51.790001,30.923223,11460200
2010-04-12,51.900002,51.950001,51.380001,51.450001,30.720217,7833400
2010-04-13,51.410000,52.770000,51.380001,52.619999,31.418818,13847500
2010-04-14,53.090000,53.130001,52.369999,52.669998,31.448675,17132900
2010-04-15,52.389999,52.580002,51.330002,51.360001,30.666477,19222200
2010-04-16,51.270000,51.689999,50.139999,50.290001,30.027594,32486100
2010-04-19,49.919998,50.860001,49.750000,50.480000,30.141043,20990600
2010-04-20,50.810001,51.310001,50.270000,51.270000,30.612749,12239200
2010-04-21,51.240002,52.520000,51.180000,52.230000,31.185951,21471400
2010-04-22,51.900002,53.200001,51.590000,52.990002,31.639734,18688400
2010-04-23,53.150002,53.750000,52.669998,53.680000,32.051739,13173900
2010-04-26,53.849998,54.410000,53.619999,54.020000,32.254753,11956700
2010-04-27,53.599998,53.970001,52.230000,52.310001,31.233728,22098000
2010-04-28,52.830002,52.919998,52.220001,52.490002,31.341185,15187700
2010-04-29,53.200001,54.730000,53.090000,54.660000,32.636883,20216600
2010-04-30,54.570000,55.000000,52.860001,52.959999,31.621824,20171100
2010-05-03,53.389999,54.900002,53.380001,54.599998,32.601059,20332100
2010-05-04,53.860001,53.980000,52.779999,53.320000,31.836782,25009300
2010-05-05,52.419998,53.529999,51.810001,52.570000,31.388966,21721100
2010-05-06,52.189999,52.590000,43.160000,50.459999,30.129105,40853400
2010-05-07,50.599998,51.660000,48.810001,49.610001,29.621578,31771300
2010-05-10,52.250000,52.939999,51.770000,52.880001,31.574062,24930800
2010-05-11,52.130001,53.540001,51.990002,52.939999,31.609888,19801500
2010-05-12,53.369999,54.000000,52.939999,53.799999,32.123375,13551200
2010-05-13,53.860001,53.950001,52.880001,53.090000,31.699451,12836800
2010-05-14,52.590000,52.590000,50.810001,51.450001,30.720217,21810900
2010-05-17,51.450001,52.320000,49.910000,51.369999,30.672445,19768900
2010-05-18,52.080002,52.230000,49.849998,50.060001,29.890268,17861700
2010-05-19,49.720001,50.730000,48.400002,49.639999,29.639490,23569300
2010-05-20,48.380001,48.889999,47.169998,47.240002,28.206470,31029900
2010-05-21,46.500000,48.889999,46.250000,48.770000,29.120029,23970300
2010-05-24,48.919998,49.139999,47.700001,47.790001,28.534872,19137900
2010-05-25,46.419998,48.310001,45.930000,48.290001,28.833416,23967400
2010-05-26,48.970001,49.630001,47.759998,48.099998,28.719971,20304200
2010-05-27,49.250000,50.730000,48.750000,50.709999,30.278376,20292700
2010-05-28,50.669998,51.020000,49.779999,49.950001,29.824600,15463200
2010-06-01,49.299999,50.209999,48.919998,48.980000,29.245409,15112900
2010-06-02,49.400002,50.119999,48.549999,50.060001,29.890268,16033600
2010-06-03,50.250000,50.380001,49.500000,49.930000,29.812668,10995700
2010-06-04,48.900002,49.369999,47.009998,47.220001,28.194538,26058700
2010-06-07,47.360001,48.250000,46.889999,46.980000,28.051241,21973000
2010-06-08,47.119999,47.880001,46.000000,47.799999,28.540854,26149600
2010-06-09,48.310001,49.439999,47.810001,48.040001,28.684151,22432100
2010-06-10,49.049999,50.250000,48.639999,50.049999,29.884298,25055600
2010-06-11,49.509998,50.720001,49.410000,50.570000,30.194799,14358300
2010-06-14,51.240002,51.730000,50.669998,51.169998,30.553024,16673400
2010-06-15,51.430000,52.380001,51.139999,52.279999,31.215813,21950200
2010-06-16,51.880001,52.299999,51.590000,51.900002,30.988918,12538600
2010-06-17,51.980000,52.209999,51.389999,51.980000,31.036680,15515800
2010-06-18,52.130001,52.200001,51.570000,51.830002,30.947121,10951600
2010-06-21,52.549999,52.689999,51.240002,51.459999,30.726196,12016600
2010-06-22,51.549999,51.759998,49.849998,50.009998,29.860424,20543300
2010-06-23,49.869999,50.650002,49.200001,50.040001,29.878338,17497500
2010-06-24,49.430000,49.549999,48.480000,48.590000,29.262838,20028200
2010-06-25,48.860001,50.009998,48.540001,49.830002,30.009619,20899200
2010-06-28,50.049999,50.070000,49.049999,49.259998,29.666328,10955200
2010-06-29,48.439999,48.580002,47.310001,47.680000,28.714798,26764200
2010-06-30,47.709999,48.410000,47.070000,47.209999,28.431746,16863600
2010-07-01,47.180000,47.500000,45.939999,47.119999,28.377558,20930400
2010-07-02,47.330002,47.439999,46.000000,46.220001,27.835527,14099300
2010-07-06,47.000000,47.400002,44.849998,45.320000,27.293514,25757200
2010-07-07,45.450001,47.540001,45.369999,47.480000,28.594341,22771600
2010-07-08,48.020000,48.419998,47.169998,47.990002,28.901499,15471500
2010-07-09,47.889999,48.730000,47.810001,48.619999,29.280910,13585800
2010-07-12,48.509998,48.970001,48.070000,48.799999,29.389311,10050700
2010-07-13,49.509998,50.119999,49.259998,49.869999,30.033697,17309700
2010-07-14,49.630001,50.020000,48.939999,49.580002,29.859051,12125900
2010-07-15,49.590000,49.660000,48.520000,49.470001,29.792797,16308800
2010-07-16,49.139999,49.220001,47.580002,47.950001,28.877407,22010900
2010-07-19,48.040001,48.779999,47.290001,48.500000,29.208641,16259600
2010-07-20,47.750000,49.500000,47.610001,49.330002,29.708506,19416900
2010-07-21,49.509998,49.759998,48.150002,48.380001,29.136374,18512300
2010-07-22,48.950001,50.500000,48.919998,50.119999,30.184273,21544600
2010-07-23,50.070000,50.799999,49.310001,50.709999,30.539589,13185300
2010-07-26,50.720001,52.139999,50.480000,52.020000,31.328524,14626000
2010-07-27,52.459999,52.630001,51.290001,52.009998,31.322504,17355900
2010-07-28,51.779999,52.490002,51.590000,51.930000,31.274324,13959800
2010-07-29,52.320000,52.400002,50.930000,51.470001,30.997284,15297300
2010-07-30,50.869999,51.990002,50.799999,51.650002,31.105698,11730300
2010-08-02,52.439999,53.450001,52.279999,53.220001,32.051216,18843400
2010-08-03,53.110001,53.189999,52.459999,52.939999,31.882595,10431400
2010-08-04,53.000000,53.169998,52.590000,53.110001,31.984968,9319200
2010-08-05,52.830002,53.090000,52.310001,52.450001,31.587486,7449400
2010-08-06,51.869999,52.419998,51.459999,52.279999,31.485115,11075000
2010-08-09,52.580002,53.000000,52.220001,52.799999,31.798265,8254900
2010-08-10,52.340000,52.869999,51.810001,52.389999,31.551365,15500900
2010-08-11,51.470001,51.750000,50.720001,51.130001,30.792532,20175400
2010-08-12,50.459999,51.040001,50.299999,50.540001,30.437216,10760300
2010-08-13,50.450001,50.910000,50.349998,50.430000,30.370956,9818100
2010-08-16,50.340000,50.919998,50.009998,50.480000,30.401068,11577500
2010-08-17,50.930000,51.900002,50.660000,51.580002,31.063538,13384800
2010-08-18,51.630001,51.950001,51.220001,51.590000,31.069555,9191000
2010-08-19,51.419998,51.470001,50.160000,50.419998,30.364937,18212900
2010-08-20,50.189999,50.340000,49.759998,50.270000,30.274593,15910500
2010-08-23,50.459999,50.660000,50.000000,50.029999,30.130066,11039300
2010-08-24,49.360001,50.130001,48.950001,49.810001,29.997572,15820700
2010-08-25,49.480000,50.700001,49.310001,50.459999,30.389027,13757000
2010-08-26,50.770000,51.110001,50.099998,50.180000,30.220407,11290600
2010-08-27,50.500000,51.049999,49.459999,50.980000,30.702198,17038300
2010-08-30,50.830002,51.310001,50.509998,50.509998,30.419134,10888000
2010-08-31,50.349998,51.119999,50.180000,50.980000,30.702198,11610200
2010-09-01,51.639999,52.720001,51.570000,52.590000,31.671795,17775000
2010-09-02,52.639999,53.320000,52.509998,53.250000,32.069275,10102100
2010-09-03,53.950001,54.040001,53.439999,53.950001,32.490845,10942500
2010-09-07,53.610001,53.720001,53.139999,53.200001,32.039169,9147200
2010-09-08,53.349998,53.650002,53.110001,53.230000,32.057240,9256500
2010-09-09,53.849998,53.970001,52.639999,52.830002,31.816345,7312700
2010-09-10,52.980000,53.270000,52.639999,53.040001,31.942804,9708400
2010-09-13,53.459999,53.930000,53.389999,53.869999,32.442669,8810500
2010-09-14,53.650002,54.060001,53.410000,53.709999,32.346298,9984600
2010-09-15,53.450001,54.290001,53.340000,54.130001,32.599258,9842700
2010-09-16,54.020000,54.180000,53.650002,53.840000,32.424595,9198500
2010-09-17,54.009998,54.209999,53.549999,54.000000,32.520958,7559200
2010-09-20,54.180000,55.410000,54.080002,55.209999,33.249676,14170600
2010-09-21,55.279999,55.279999,54.290001,54.340000,32.725716,14413000
2010-09-22,54.150002,54.529999,53.639999,53.779999,32.388466,11476400
2010-09-23,52.919998,53.070000,51.939999,52.119999,31.661921,14622000
2010-09-24,52.779999,53.599998,52.709999,53.540001,32.524548,11956700
2010-09-27,53.740002,53.779999,52.779999,53.009998,32.202568,7172900
2010-09-28,53.060001,53.299999,52.230000,53.150002,32.287628,9984300
2010-09-29,53.090000,53.099998,52.570000,52.759998,32.050705,8977400
2010-09-30,53.180000,53.619999,52.520000,52.880001,32.123604,10119400
2010-10-01,53.160000,53.410000,52.540001,53.139999,32.281551,8272400
2010-10-04,53.049999,53.599998,52.990002,53.590000,32.554920,11356500
2010-10-05,53.980000,54.520000,53.590000,54.290001,32.980156,11265200
2010-10-06,54.160000,54.290001,53.810001,54.130001,32.882965,8326400
2010-10-07,54.349998,54.570000,53.990002,54.250000,32.955868,6120600
2010-10-08,54.189999,54.490002,53.950001,54.320000,32.998371,6750800
2010-10-11,54.360001,54.520000,54.180000,54.240002,32.949768,5457700
2010-10-12,54.119999,54.889999,53.970001,54.709999,33.235298,7765400
2010-10-13,55.000000,55.750000,54.860001,55.250000,33.563351,9291200
2010-10-14,55.099998,55.450001,54.750000,55.080002,33.460064,8283600
2010-10-15,55.320000,55.560001,54.919998,55.049999,33.441833,10031100
2010-10-18,54.900002,55.799999,54.770000,54.770000,33.271748,10987400
2010-10-19,54.959999,55.790001,54.790001,55.040001,33.435776,18057400
2010-10-20,55.090000,56.570000,55.060001,56.139999,34.103992,20963800
2010-10-21,56.400002,56.669998,55.700001,56.029999,34.037170,12328700
2010-10-22,56.250000,56.389999,55.709999,56.040001,34.043240,5044900
2010-10-25,56.400002,56.490002,56.099998,56.150002,34.110069,8215500
2010-10-26,55.680000,55.930000,55.480000,55.820000,33.909599,9226500
2010-10-27,55.529999,55.669998,54.900002,55.259998,33.569405,10602600
2010-10-28,55.439999,55.660000,54.380001,54.919998,33.362865,8119800
2010-10-29,54.790001,55.160000,54.689999,54.959999,33.387169,5958400
2010-11-01,55.139999,55.889999,55.040001,55.360001,33.630157,6971600
2010-11-02,55.689999,55.900002,55.419998,55.669998,33.818470,5907600
2010-11-03,55.820000,55.840000,55.250000,55.610001,33.782032,9241600
2010-11-04,56.180000,57.160000,56.119999,57.049999,34.656799,10704000
2010-11-05,57.070000,57.970001,56.860001,57.619999,35.003071,10082800
2010-11-08,57.509998,57.639999,56.889999,57.340000,34.832966,5943100
2010-11-09,57.549999,57.590000,54.849998,55.270000,33.575481,15955700
2010-11-10,55.410000,55.950001,55.270000,55.930000,33.976418,11988200
2010-11-11,55.610001,55.970001,55.320000,55.480000,33.703053,6478700
2010-11-12,55.189999,55.639999,54.700001,54.959999,33.387169,8962200
2010-11-15,55.099998,55.389999,54.360001,54.360001,33.022671,9312700
2010-11-16,54.130001,54.150002,52.270000,52.650002,31.983877,25248100
2010-11-17,52.820000,53.400002,52.630001,53.110001,32.263329,8071000
2010-11-18,53.849998,54.000000,53.360001,53.480000,32.488098,9727700
2010-11-19,53.320000,53.830002,52.889999,53.730000,32.639965,8482900
2010-11-22,53.540001,54.009998,53.509998,53.840000,32.706783,18122300
2010-11-23,53.200001,53.560001,53.150002,53.459999,32.475933,7534200
2010-11-24,53.900002,54.520000,53.810001,54.490002,33.101650,8095300
2010-11-26,54.099998,54.520000,54.040001,54.330002,33.004459,2880400
2010-11-29,53.959999,54.419998,53.549999,54.299999,32.986233,7317300
2010-11-30,53.730000,54.419998,53.720001,54.090000,32.858646,9645100
2010-12-01,54.669998,54.790001,54.029999,54.500000,33.107723,10578100
2010-12-02,54.680000,55.310001,54.509998,55.240002,33.557259,9225100
2010-12-03,54.930000,55.450001,54.810001,55.320000,33.605850,6490700
2010-12-06,55.250000,55.540001,54.740002,55.349998,33.624088,5690600
2010-12-07,55.930000,55.990002,55.439999,55.529999,33.733433,9683100
2010-12-08,55.549999,55.669998,54.340000,54.700001,33.229233,11524900
2010-12-09,54.849998,55.040001,54.080002,54.110001,32.870800,9680300
2010-12-10,54.259998,54.919998,54.220001,54.669998,33.210991,8561300
2010-12-13,54.910000,55.090000,54.610001,54.810001,33.296043,4916500
2010-12-14,54.790001,55.330002,54.020000,54.250000,32.955868,11468300
2010-12-15,54.189999,54.570000,53.630001,53.650002,32.591354,14739600
2010-12-16,53.799999,54.020000,53.459999,53.790001,32.676414,8022100
2010-12-17,53.889999,54.259998,53.720001,54.209999,32.931561,9081800
2010-12-20,54.529999,55.000000,54.200001,54.830002,33.308193,8590600
2010-12-21,55.009998,55.480000,54.919998,55.430000,33.672676,7888500
2010-12-22,54.639999,55.529999,54.639999,55.220001,33.907242,8385100
2010-12-23,55.160000,55.380001,54.980000,55.049999,33.802860,5137200
2010-12-27,54.919998,55.619999,54.790001,55.490002,34.073040,3042600
2010-12-28,55.759998,55.849998,55.360001,55.709999,34.208118,4406700
2010-12-29,55.860001,56.009998,55.590000,55.959999,34.361629,4285200
2010-12-30,55.950001,56.250000,55.849998,56.029999,34.404613,2882900
2010-12-31,55.939999,56.290001,55.860001,55.959999,34.361629,3975100
2011-01-03,56.290001,56.930000,56.250000,56.830002,34.895855,8221200
2011-01-04,57.000000,57.080002,55.560001,55.820000,34.275677,11275100
2011-01-05,55.639999,56.169998,55.599998,56.049999,34.416901,9167100
2011-01-06,56.139999,56.230000,55.619999,55.750000,34.232693,6797500
2011-01-07,55.900002,56.099998,55.230000,55.730000,34.220394,10495700
2011-01-10,55.520000,55.830002,55.150002,55.709999,34.208118,5989200
2011-01-11,55.820000,56.040001,55.200001,55.610001,34.146721,8320200
2011-01-12,55.980000,56.060001,55.610001,55.860001,34.300236,7137800
2011-01-13,55.889999,56.189999,55.700001,56.020000,34.398479,6677700
2011-01-14,55.990002,56.410000,55.869999,56.400002,34.631813,6098100
2011-01-18,56.360001,56.939999,56.180000,56.930000,34.957268,7070500
2011-01-19,56.930000,56.930000,55.950001,56.250000,34.539703,8252400
2011-01-20,56.130001,56.639999,55.970001,56.130001,34.466026,7770300
2011-01-21,56.509998,56.509998,56.169998,56.349998,34.601109,5531800
2011-01-24,56.389999,56.900002,56.250000,56.630001,34.773033,6358700
2011-01-25,56.480000,57.230000,56.330002,57.230000,35.141472,8312200
2011-01-26,57.360001,57.570000,57.000000,57.389999,35.239723,5947400
2011-01-27,57.849998,58.299999,57.549999,58.189999,35.730946,9976400
2011-01-28,58.169998,58.430000,57.099998,57.279999,35.172169,11241800
2011-01-31,57.410000,58.180000,57.349998,57.959999,35.589718,7034900
2011-02-01,58.380001,58.380001,57.599998,58.230000,35.755508,10015600
2011-02-02,58.160000,58.549999,58.090000,58.240002,35.761639,5691800
2011-02-03,58.099998,58.480000,57.930000,58.389999,35.853733,4660700
2011-02-04,58.470001,58.470001,57.660000,57.860001,35.528305,7869000
2011-02-07,57.939999,58.560001,57.880001,58.509998,35.927425,8855600
2011-02-08,58.509998,58.830002,58.439999,58.660000,36.019543,3782600
2011-02-09,58.650002,58.820000,58.470001,58.799999,36.105507,4637000
2011-02-10,58.570000,59.090000,58.520000,58.990002,36.222168,7841500
2011-02-11,58.889999,59.439999,58.730000,59.360001,36.449383,5034600
2011-02-14,59.470001,59.570000,58.980000,59.349998,36.443230,4617700
2011-02-15,59.090000,59.360001,58.830002,59.150002,36.320419,4658100
2011-02-16,59.360001,59.750000,59.080002,59.320000,36.424809,4536500
2011-02-17,59.270000,59.610001,59.259998,59.400002,36.473934,3049000
2011-02-18,59.529999,59.779999,59.389999,59.630001,36.615162,5717600
2011-02-22,59.160000,59.740002,58.959999,59.090000,36.283569,11044000
2011-02-23,59.020000,59.310001,58.240002,58.619999,35.994965,10140100
2011-02-24,58.540001,58.759998,57.779999,58.299999,35.798500,6473500
2011-02-25,58.599998,59.369999,58.470001,59.340000,36.437084,5754400
2011-02-28,59.860001,60.630001,59.689999,60.580002,37.198494,7632300
2011-03-01,60.790001,60.790001,58.939999,58.950001,36.197624,10545700
2011-03-02,58.849998,59.090000,58.279999,58.480000,35.909016,11167400
2011-03-03,59.080002,59.349998,58.880001,59.320000,36.424809,4923100
2011-03-04,59.349998,59.400002,58.470001,58.810001,36.111660,5794200
2011-03-07,58.759998,59.160000,58.029999,58.430000,35.878315,8418300
2011-03-08,58.430000,59.430000,58.380001,59.160000,36.326557,8610100
2011-03-09,59.060001,59.470001,58.700001,59.189999,36.344982,5716000
2011-03-10,58.700001,58.750000,58.009998,58.270000,35.780067,9453000
2011-03-11,58.009998,59.070000,58.009998,58.930000,36.185326,7274400
2011-03-14,58.549999,58.750000,58.240002,58.529999,35.939720,6182800
2011-03-15,57.349998,58.509998,57.090000,58.060001,35.651104,9021200
2011-03-16,58.060001,58.209999,56.950001,57.299999,35.184448,10512300
2011-03-17,57.950001,58.169998,57.240002,57.779999,35.479191,7135300
2011-03-18,58.200001,58.549999,58.060001,58.290001,35.792339,7457600
2011-03-21,58.660000,59.180000,58.660000,58.930000,36.185326,7374800
2011-03-22,58.930000,59.000000,58.330002,58.400002,35.859882,4561200
2011-03-23,58.290001,58.330002,57.549999,57.959999,35.589718,9350000
2011-03-24,58.250000,58.400002,57.619999,58.230000,35.755508,5258300
2011-03-25,57.950001,58.330002,57.720001,58.020000,35.936974,5726100
2011-03-28,58.130001,58.330002,57.889999,58.020000,35.936974,4996500
2011-03-29,57.950001,58.410000,57.500000,58.279999,36.098026,6396500
2011-03-30,58.529999,59.029999,58.340000,58.959999,36.519211,6588600
2011-03-31,58.790001,59.419998,58.790001,59.400002,36.791748,5485100
2011-04-01,59.549999,59.900002,59.259998,59.540001,36.878460,7773600
2011-04-04,59.599998,59.770000,59.380001,59.490002,36.847485,3413200
2011-04-05,59.490002,59.790001,59.380001,59.590000,36.909428,4292400
2011-04-06,59.790001,59.799999,59.369999,59.509998,36.859879,4166500
2011-04-07,59.410000,59.590000,58.619999,58.889999,36.475861,5959800
2011-04-08,59.130001,59.330002,58.259998,58.450001,36.203335,6171500
2011-04-11,58.520000,58.880001,58.220001,58.389999,36.166142,5972100
2011-04-12,58.230000,58.560001,58.139999,58.270000,36.091816,4973900
2011-04-13,58.459999,58.650002,58.060001,58.200001,36.048470,5453600
2011-04-14,57.990002,59.150002,57.939999,58.990002,36.537788,9900800
2011-04-15,59.099998,59.689999,59.049999,59.639999,36.940399,10167200
2011-04-18,59.160000,59.180000,58.709999,59.049999,36.574959,6723200
2011-04-19,59.139999,59.549999,59.049999,59.509998,36.859879,5154500
2011-04-20,60.060001,60.250000,59.590000,60.200001,37.287243,6934100
2011-04-21,60.400002,60.650002,59.919998,60.630001,37.553589,6289600
2011-04-25,60.720001,61.090000,60.400002,60.930000,37.739403,3678600
2011-04-26,61.000000,61.680000,60.830002,61.500000,38.092449,7500000
2011-04-27,61.500000,61.860001,61.270000,61.779999,38.265896,5758400
2011-04-28,61.889999,62.669998,61.759998,62.470001,38.693260,6937100
2011-04-29,62.590000,62.590000,61.459999,62.169998,38.507439,8025200
2011-05-02,62.369999,62.610001,61.709999,62.160000,38.501266,6406100
2011-05-03,62.130001,62.419998,61.040001,61.740002,38.241108,8359000
2011-05-04,61.720001,61.770000,61.099998,61.400002,38.030529,7183600
2011-05-05,60.970001,61.790001,60.889999,61.310001,37.974777,7161900
2011-05-06,61.759998,61.900002,60.730000,60.980000,37.770378,9640400
2011-05-09,60.889999,61.340000,60.669998,61.220001,37.919022,4173200
2011-05-10,61.470001,62.200001,61.400002,62.070000,38.445511,9880500
2011-05-11,62.029999,62.040001,61.230000,61.380001,38.018139,6799300
2011-05-12,61.139999,61.540001,60.740002,61.369999,38.011932,5726500
2011-05-13,61.410000,61.529999,60.680000,60.810001,37.665085,4520400
2011-05-16,60.570000,61.320000,60.500000,60.950001,37.751797,4892000
2011-05-17,60.770000,61.049999,60.490002,60.860001,37.696041,7169300
2011-05-18,60.930000,61.549999,60.610001,61.540001,38.117241,5997000
2011-05-19,61.619999,61.980000,61.250000,61.660000,38.191547,5112300
2011-05-20,61.450001,61.660000,60.980000,61.029999,37.801338,5737100
2011-05-23,60.389999,60.689999,60.290001,60.389999,37.404934,10880900
2011-05-24,60.480000,60.779999,60.349998,60.570000,37.516434,5952100
2011-05-25,60.450001,61.130001,60.070000,60.820000,37.671268,7244500
2011-05-26,60.799999,61.740002,60.549999,61.610001,38.160599,5439200
2011-05-27,61.720001,61.880001,61.410000,61.720001,38.228745,4434300
2011-05-31,62.189999,62.799999,62.029999,62.799999,38.897671,8053800
2011-06-01,62.660000,62.660000,60.939999,61.029999,37.801338,11081400
2011-06-02,61.090000,61.529999,60.610001,60.680000,37.584568,9761900
2011-06-03,60.080002,61.180000,60.000000,60.900002,37.720825,8633900
2011-06-06,60.740002,61.020000,60.009998,60.029999,37.181961,9572100
2011-06-07,60.410000,61.250000,60.250000,60.750000,37.627922,10586800
2011-06-08,60.459999,61.040001,60.360001,60.459999,37.448299,10070500
2011-06-09,60.599998,60.709999,59.630001,59.900002,37.101437,14752700
2011-06-10,59.660000,59.770000,58.369999,58.480000,36.221905,19779400
2011-06-13,58.580002,59.090000,58.259998,58.590000,36.290028,11480900
2011-06-14,59.169998,59.650002,59.020000,59.509998,36.859879,9474700
2011-06-15,59.099998,59.310001,58.110001,58.529999,36.252865,13796400
2011-06-16,58.580002,59.200001,58.110001,58.939999,36.506824,16150300
2011-06-17,59.529999,59.619999,58.930000,59.439999,36.816521,10435600
2011-06-20,59.290001,60.230000,59.220001,60.070000,37.206726,9671800
2011-06-21,60.410000,60.689999,60.070000,60.599998,37.535007,10822700
2011-06-22,60.450001,61.020000,60.380001,60.470001,37.454483,7047900
2011-06-23,59.630001,59.689999,58.770000,59.360001,36.766972,16433100
2011-06-24,59.020000,59.270000,58.430000,58.759998,36.726963,6841000
2011-06-27,58.799999,59.250000,58.709999,59.070000,36.920738,6923700
2011-06-28,59.169998,59.570000,58.869999,59.560001,37.226997,9195700
2011-06-29,59.750000,60.320000,59.549999,60.220001,37.639511,9353500
2011-06-30,60.340000,60.639999,60.090000,60.299999,37.689503,7668800
2011-07-01,60.369999,61.509998,60.360001,61.380001,38.364548,8979800
2011-07-05,61.490002,61.900002,61.060001,61.759998,38.602055,7364000
2011-07-06,61.529999,62.209999,61.459999,62.139999,38.839573,6769600
2011-07-07,62.520000,63.000000,62.470001,62.919998,39.327106,8554700
2011-07-08,62.299999,62.740002,62.000000,62.700001,39.189594,6190600
2011-07-11,61.900002,62.169998,61.470001,61.520000,38.452045,9516800
2011-07-12,61.389999,62.520000,61.259998,61.730000,38.583302,13880700
2011-07-13,61.990002,62.020000,61.169998,61.209999,38.258286,11903500
2011-07-14,61.400002,61.410000,60.349998,60.529999,37.833271,10699900
2011-07-15,60.709999,61.209999,60.410000,61.189999,38.245796,7770700
2011-07-18,61.130001,61.130001,60.200001,60.639999,37.902023,7655000
2011-07-19,60.990002,61.750000,60.889999,61.689999,38.558308,7002100
2011-07-20,61.889999,62.160000,61.560001,62.150002,38.845833,6354000
2011-07-21,62.330002,62.880001,62.330002,62.549999,39.095840,7590700
2011-07-22,62.630001,62.950001,62.380001,62.869999,39.295845,5746900
2011-07-25,62.240002,62.570000,62.000000,62.160000,38.852085,5592900
2011-07-26,62.259998,62.400002,61.709999,62.160000,38.852085,5486200
2011-07-27,61.889999,61.919998,60.430000,60.490002,37.808277,11892500
2011-07-28,60.500000,60.990002,59.860001,60.400002,37.752014,9457100
2011-07-29,59.900002,60.529999,59.049999,60.430000,37.770763,10842500
2011-08-01,61.099998,61.099998,59.220001,59.630001,37.270744,10917400
2011-08-02,59.189999,59.630001,57.820000,57.880001,36.176933,13317000
2011-08-03,57.860001,57.980000,56.080002,57.520000,35.951927,18340600
2011-08-04,56.869999,57.060001,54.279999,54.740002,34.214336,19706200
2011-08-05,55.400002,55.500000,52.759998,53.610001,33.508053,26113300
2011-08-08,51.869999,52.549999,49.049999,49.049999,30.657883,33376700
2011-08-09,49.869999,53.590000,49.349998,53.590000,33.495537,38397600
2011-08-10,52.310001,54.759998,51.910000,52.330002,32.708000,40944700
2011-08-11,52.630001,55.810001,52.330002,54.770000,34.233078,26720500
2011-08-12,55.500000,56.000000,54.439999,54.689999,34.183079,14799300
2011-08-15,55.119999,56.660000,55.000000,56.639999,35.401894,13562900
2011-08-16,55.980000,56.779999,55.529999,56.430000,35.270626,10901200
2011-08-17,56.730000,57.189999,56.049999,56.500000,35.314384,10481300
2011-08-18,54.669998,55.139999,53.480000,54.070000,33.795567,23216900
2011-08-19,53.230000,54.490002,52.869999,52.990002,33.120522,16993800
2011-08-22,54.110001,54.250000,52.380001,53.090000,33.183018,13008800
2011-08-23,53.240002,54.450001,52.820000,54.400002,34.001812,15574300
2011-08-24,54.369999,55.169998,53.770000,55.009998,34.383080,11725700
2011-08-25,55.340000,55.869999,53.360001,53.849998,33.658051,12918200
2011-08-26,53.529999,54.790001,52.500000,54.650002,34.158085,16861300
2011-08-29,55.419998,56.419998,55.270000,56.389999,35.245621,8022200
2011-08-30,56.200001,56.970001,55.450001,56.610001,35.383141,10478200
2011-08-31,57.049999,57.459999,56.470001,57.220001,35.764416,11908400
2011-09-01,57.060001,57.380001,56.029999,56.259998,35.164379,12358900
2011-09-02,54.970001,55.910000,54.790001,54.900002,34.314346,9481000
2011-09-06,53.180000,54.990002,53.150002,54.779999,34.239326,11734100
2011-09-07,55.660000,56.759998,54.820000,56.619999,35.389389,10823500
2011-09-08,56.250000,57.020000,55.990002,56.209999,35.133121,10736300
2011-09-09,55.650002,56.020000,54.200001,54.630001,34.145584,13274200
2011-09-12,53.750000,54.860001,53.619999,54.799999,34.251831,12596300
2011-09-13,55.000000,55.160000,54.299999,54.849998,34.283070,11288700
2011-09-14,55.209999,55.740002,54.340000,55.160000,34.476841,12922800
2011-09-15,55.860001,56.290001,55.480000,56.230000,35.145611,10275200
2011-09-16,56.349998,56.750000,55.570000,56.689999,35.433147,11013800
2011-09-19,55.590000,56.080002,55.380001,55.570000,34.733105,10208500
2011-09-20,55.570000,56.230000,55.340000,55.410000,34.633102,9032000
2011-09-21,55.389999,55.570000,52.680000,52.759998,32.976768,14467800
2011-09-22,51.209999,52.369999,50.680000,51.430000,32.145466,15332300
2011-09-23,50.869999,51.490002,50.430000,51.290001,32.403851,14364200
2011-09-26,51.610001,52.049999,50.919998,51.939999,32.814526,8212400
2011-09-27,53.020000,53.360001,52.139999,52.490002,33.161991,9619700
2011-09-28,52.490002,52.840000,51.080002,51.180000,32.334366,7815100
2011-09-29,52.180000,52.240002,51.150002,51.939999,32.814526,7147200
2011-09-30,51.099998,51.930000,50.520000,50.570000,31.948994,8890400
2011-10-03,50.180000,50.919998,48.180000,48.189999,30.445351,14392400
2011-10-04,47.599998,50.080002,46.700001,50.009998,31.595190,22400000
2011-10-05,50.150002,50.150002,47.680000,49.630001,31.355106,17783800
2011-10-06,49.549999,51.060001,49.080002,51.000000,32.220650,14341600
2011-10-07,51.290001,51.400002,49.450001,49.560001,31.310900,12756200
2011-10-10,50.630001,51.950001,50.430000,51.950001,32.820831,10483300
2011-10-11,51.540001,51.779999,50.770000,50.990002,32.214344,11825600
2011-10-12,51.459999,52.509998,51.009998,51.820000,32.738708,10793700
2011-10-13,51.549999,51.880001,50.490002,51.459999,32.511261,8153400
2011-10-14,52.009998,52.840000,51.849998,52.650002,33.263084,8252800
2011-10-17,52.430000,52.430000,51.259998,51.439999,32.498631,9316500
2011-10-18,51.419998,53.369999,51.270000,53.139999,33.572647,14139700
2011-10-19,53.049999,53.450001,52.320000,52.480000,33.155689,8868300
2011-10-20,52.610001,52.880001,51.610001,52.799999,33.357845,8817000
2011-10-21,53.419998,54.389999,53.310001,54.360001,34.343418,10177900
2011-10-24,54.549999,55.860001,54.240002,55.799999,35.253170,12133900
2011-10-25,55.459999,55.490002,54.709999,54.939999,34.709854,7113500
2011-10-26,55.439999,55.619999,54.540001,55.450001,35.032063,8169400
2011-10-27,57.070000,58.180000,56.340000,57.820000,36.529381,13735800
2011-10-28,57.049999,58.080002,57.049999,58.000000,36.643093,9622000
2011-10-31,57.150002,58.080002,56.930000,57.240002,36.162945,9761100
2011-11-01,55.720001,56.700001,55.270000,55.310001,34.943623,19179600
2011-11-02,56.200001,56.880001,55.529999,56.430000,35.651199,8193000
2011-11-03,57.049999,57.320000,55.630001,57.070000,36.055538,10310200
2011-11-04,56.619999,56.790001,55.810001,56.639999,35.783871,8657800
2011-11-07,56.500000,57.340000,55.980000,56.779999,35.872318,5380500
2011-11-08,56.990002,57.529999,55.869999,57.459999,36.301933,10558200
2011-11-09,56.169998,56.490002,54.790001,54.880001,34.671947,11109400
2011-11-10,55.599998,55.740002,54.580002,54.930000,34.703541,11025500
2011-11-11,55.689999,56.459999,55.240002,56.349998,35.600643,7448200
2011-11-14,55.889999,56.040001,54.970001,55.220001,34.886757,6435000
2011-11-15,55.009998,56.080002,54.840000,55.700001,35.190010,6904900
2011-11-16,55.080002,56.040001,55.060001,55.169998,34.855164,8387500
2011-11-17,55.060001,55.160000,53.889999,54.180000,34.229694,9973300
2011-11-18,54.439999,54.599998,53.919998,54.570000,34.476105,6609100
2011-11-21,53.570000,53.709999,52.849998,53.130001,33.566330,6026800
2011-11-22,53.080002,53.419998,52.610001,52.980000,33.471577,5615100
2011-11-23,52.419998,52.560001,51.419998,51.419998,32.485992,5859800
2011-11-25,51.230000,52.590000,51.230000,51.599998,32.599720,2807900
2011-11-28,53.279999,53.419998,52.410000,52.860001,33.395744,6585800
2011-11-29,53.090000,53.090000,52.410000,52.709999,33.300987,5156100
2011-11-30,54.070000,55.209999,53.919998,55.139999,34.836205,10623200
2011-12-01,54.990002,55.090000,54.200001,54.580002,34.482407,5156600
2011-12-02,55.020000,55.560001,54.590000,54.669998,34.539257,4369400
2011-12-05,55.450001,55.700001,54.730000,55.180000,34.861465,4134400
2011-12-06,55.049999,55.360001,54.650002,55.139999,34.836205,5008000
2011-12-07,54.750000,55.790001,54.529999,55.660000,35.164722,6718000
2011-12-08,55.310001,55.490002,54.230000,54.330002,34.324478,8026800
2011-12-09,54.639999,55.660000,54.520000,55.410000,35.006790,5869400
2011-12-12,54.990002,54.990002,54.060001,54.419998,34.381332,7176900
2011-12-13,54.740002,55.230000,53.639999,53.939999,34.078079,7736900
2011-12-14,53.660000,54.680000,53.509998,54.250000,34.273930,8105400
2011-12-15,54.820000,55.200001,54.490002,54.990002,34.741444,5899600
2011-12-16,55.330002,55.950001,55.119999,55.450001,35.032063,7465500
2011-12-19,55.759998,55.770000,54.759998,54.910000,34.690899,5410800
2011-12-20,55.610001,56.669998,55.599998,56.570000,35.739655,7494700
2011-12-21,56.480000,56.830002,56.200001,56.650002,35.790199,4767600
2011-12-22,56.259998,57.090000,56.209999,56.830002,36.279842,6089000
2011-12-23,57.130001,57.150002,56.680000,57.110001,36.458591,2507300
2011-12-27,57.060001,57.660000,56.740002,57.240002,36.541576,3620200
2011-12-28,57.330002,57.419998,56.580002,56.619999,36.145779,3900300
2011-12-29,56.779999,57.220001,56.639999,57.090000,36.445816,2951900
2011-12-30,57.049999,57.470001,56.779999,56.810001,36.267071,4270000
2012-01-03,57.740002,58.310001,56.779999,57.160000,36.490501,9054000
2012-01-04,56.980000,57.040001,56.290001,56.520000,36.081936,12839200
2012-01-05,56.340000,57.040001,56.060001,56.930000,36.343678,6432700
2012-01-06,57.099998,57.250000,56.570000,56.830002,36.279842,4222200
2012-01-09,56.930000,57.040001,56.529999,56.669998,36.177708,4740100
2012-01-10,57.259998,57.590000,57.209999,57.299999,36.579887,4974000
2012-01-11,57.150002,57.889999,57.080002,57.810001,36.905464,3815400
2012-01-12,57.790001,57.880001,57.119999,57.430000,36.662868,5969400
2012-01-13,57.160000,57.700001,56.950001,57.689999,36.828854,5269500
2012-01-17,58.220001,58.419998,57.830002,57.990002,37.020367,3982100
2012-01-18,58.049999,58.560001,57.900002,58.360001,37.256580,4770600
2012-01-19,58.520000,58.910000,58.360001,58.730000,37.492786,4669000
2012-01-20,58.669998,59.049999,58.430000,59.009998,37.671532,4834900
2012-01-23,59.119999,59.450001,58.849998,59.189999,37.786446,4906000
2012-01-24,58.849998,59.580002,58.790001,59.520000,37.997120,3989900
2012-01-25,59.450001,60.369999,59.270000,60.279999,38.482304,6738800
2012-01-26,60.549999,61.020000,60.439999,60.630001,38.705734,10459000
2012-01-27,60.459999,60.919998,60.240002,60.779999,38.801487,4896000
2012-01-30,60.259998,60.369999,59.970001,60.250000,38.463142,4588300
2012-01-31,60.540001,60.630001,60.119999,60.560001,38.661037,4973500
2012-02-01,61.009998,61.119999,60.730000,61.009998,38.948322,4513700
2012-02-02,61.070000,61.189999,60.849998,61.139999,39.031303,3502700
2012-02-03,61.799999,62.040001,61.450001,62.020000,39.593102,7577900
2012-02-06,61.880001,62.000000,61.500000,61.720001,39.401569,3969300
2012-02-07,61.619999,61.820000,61.430000,61.669998,39.369652,3224800
2012-02-08,61.669998,61.840000,61.200001,61.709999,39.395184,4331100
2012-02-09,61.630001,61.820000,60.910000,61.259998,39.107914,4309900
2012-02-10,60.650002,61.090000,60.570000,60.750000,38.782330,3688700
2012-02-13,61.279999,61.529999,61.020000,61.439999,39.222828,4356200
2012-02-14,61.389999,61.410000,60.470001,60.830002,38.833420,4864400
2012-02-15,60.980000,61.029999,60.310001,60.529999,38.641888,5679400
2012-02-16,60.459999,61.160000,60.459999,61.029999,38.961079,5054600
2012-02-17,61.230000,61.330002,60.740002,61.130001,39.024937,6292400
2012-02-21,61.240002,61.240002,60.150002,60.369999,38.539753,6632600
2012-02-22,60.200001,60.520000,59.810001,59.880001,38.226936,7764200
2012-02-23,59.939999,61.099998,59.830002,60.580002,38.673809,5679800
2012-02-24,60.750000,60.900002,60.349998,60.750000,38.782330,3372900
2012-02-27,60.310001,60.779999,59.900002,60.680000,38.737652,6416000
2012-02-28,60.700001,60.810001,60.080002,60.220001,38.443996,4905500
2012-02-29,60.310001,60.680000,59.980000,60.139999,38.392925,7484900
2012-03-01,60.310001,60.549999,60.119999,60.459999,38.597206,6113100
2012-03-02,60.230000,60.700001,60.230000,60.439999,38.584431,4189600
2012-03-05,60.360001,60.959999,60.180000,60.930000,38.897251,4755100
2012-03-06,60.340000,60.689999,60.009998,60.110001,38.373768,6241600
2012-03-07,60.290001,60.439999,59.770000,60.369999,38.539753,4925400
2012-03-08,60.490002,60.619999,60.040001,60.230000,38.450375,6407200
2012-03-09,60.200001,60.689999,60.099998,60.509998,38.629128,5175500
2012-03-12,60.549999,61.049999,60.549999,60.930000,38.897251,8116200
2012-03-13,61.290001,62.150002,61.150002,62.020000,39.593102,9652900
2012-03-14,62.090000,62.340000,61.540001,61.869999,39.497334,8735500
2012-03-15,61.990002,62.040001,61.619999,61.830002,39.471798,5472900
2012-03-16,61.990002,62.220001,61.840000,62.200001,39.708012,7662000
2012-03-19,62.139999,62.810001,61.959999,62.570000,39.944206,7038400
2012-03-20,62.250000,62.610001,62.160000,62.419998,39.848450,7067600
2012-03-21,62.529999,62.610001,62.279999,62.279999,39.759071,3499100
2012-03-22,61.910000,61.919998,61.130001,61.540001,39.286667,7378200
2012-03-23,61.419998,62.060001,61.230000,61.790001,39.446266,4911300
2012-03-26,61.750000,62.020000,61.509998,61.889999,39.853878,4056200
2012-03-27,61.849998,62.250000,61.759998,61.860001,39.834560,4415300
2012-03-28,61.849998,61.889999,61.189999,61.720001,39.744423,3666300
2012-03-29,61.430000,61.840000,61.049999,61.779999,39.783039,4231900
2012-03-30,62.000000,62.410000,61.950001,62.299999,40.117901,5252900
2012-04-02,62.250000,62.770000,62.130001,62.700001,40.375496,5360000
2012-04-03,62.599998,62.750000,62.169998,62.410000,40.188732,4991500
2012-04-04,62.000000,62.029999,61.520000,61.779999,39.783039,5838800
2012-04-05,61.610001,61.820000,61.330002,61.509998,39.609180,5302600
2012-04-09,60.700001,61.169998,60.549999,60.919998,39.229252,3511800
2012-04-10,60.830002,61.090000,59.639999,59.740002,38.469402,9535200
2012-04-11,60.250000,60.500000,60.000000,60.450001,38.926601,5351500
2012-04-12,60.590000,61.340000,60.340000,61.310001,39.480400,6803200
2012-04-13,61.209999,61.360001,60.830002,60.990002,39.274330,5199100
2012-04-16,61.330002,62.060001,61.169998,61.700001,39.731533,7840500
2012-04-17,62.139999,62.490002,61.590000,62.230000,40.072826,7614800
2012-04-18,62.000000,62.230000,61.860001,61.900002,39.860306,3587900
2012-04-19,61.939999,62.230000,61.570000,61.869999,39.840992,5951100
2012-04-20,62.180000,62.790001,62.020000,62.520000,40.259579,6339100
2012-04-23,62.070000,62.090000,61.490002,61.939999,39.886089,5196400
2012-04-24,61.869999,62.759998,61.869999,62.730000,40.394806,6723600
2012-04-25,63.080002,63.470001,63.029999,63.419998,40.839123,6836800
2012-04-26,63.240002,63.759998,63.150002,63.689999,41.012974,5822400
2012-04-27,63.910000,64.120003,63.470001,64.000000,41.212616,5728200
2012-04-30,63.889999,64.059998,63.470001,63.910000,41.154648,5658600
2012-05-01,63.849998,64.870003,63.810001,64.470001,41.515274,7777000
2012-05-02,64.150002,64.519997,63.830002,64.370003,41.450867,5012900
2012-05-03,64.529999,64.779999,64.150002,64.150002,41.309196,5842200
2012-05-04,64.000000,64.019997,63.480000,63.660000,40.993675,4720700
2012-05-07,63.520000,64.199997,63.380001,64.019997,41.225491,5858900
2012-05-08,63.660000,64.019997,63.340000,63.959999,41.186848,4987900
2012-05-09,63.389999,64.180000,63.240002,63.810001,41.090263,7069200
2012-05-10,64.220001,64.230003,63.459999,63.750000,41.051613,8529100
2012-05-11,63.480000,64.209999,63.330002,64.019997,41.225491,5601700
2012-05-14,63.410000,63.759998,63.169998,63.240002,40.723198,7658300
2012-05-15,63.299999,63.299999,62.740002,62.930000,40.523590,6046400
2012-05-16,63.169998,63.200001,62.150002,62.160000,40.027744,6404100
2012-05-17,62.099998,62.240002,60.439999,60.439999,38.920162,14643400
2012-05-18,60.639999,60.919998,59.650002,59.820000,38.520908,11240700
2012-05-21,59.869999,61.200001,59.860001,61.049999,39.312969,9739600
2012-05-22,61.150002,61.580002,60.930000,61.180000,39.396675,6858000
2012-05-23,60.930000,61.500000,60.279999,61.439999,39.564098,6889400
2012-05-24,61.580002,61.959999,60.980000,61.630001,39.686462,5218200
2012-05-25,61.669998,61.860001,61.230000,61.450001,39.570538,4495800
2012-05-29,61.919998,62.299999,61.630001,62.290001,40.111473,5856900
2012-05-30,61.779999,61.869999,60.830002,60.840000,39.177742,11691800
2012-05-31,60.910000,61.680000,60.310001,61.220001,39.422443,7653300
2012-06-01,60.259998,60.520000,59.590000,59.669998,38.424320,9818600
2012-06-04,59.689999,59.840000,58.880001,59.250000,38.153873,8006900
2012-06-05,59.049999,60.560001,59.040001,60.419998,38.907280,9489500
2012-06-06,60.790001,61.730000,60.660000,61.709999,39.737984,9097400
2012-06-07,62.349998,62.459999,61.259998,61.410000,39.544800,8512900
2012-06-08,61.340000,62.180000,61.209999,62.180000,40.040638,6424900
2012-06-11,62.709999,62.799999,60.880001,60.959999,39.255016,10317900
2012-06-12,61.169998,61.650002,60.689999,61.529999,39.622066,9346100
2012-06-13,61.330002,61.970001,60.990002,61.240002,39.435310,6322900
2012-06-14,61.400002,62.320000,61.230000,62.070000,39.969799,8259900
2012-06-15,62.349998,62.540001,61.959999,62.459999,40.220932,6536800
2012-06-18,62.099998,63.220001,62.099998,62.950001,40.536472,7202500
2012-06-19,62.730000,63.070000,62.240002,62.689999,40.725502,7039700
2012-06-20,62.750000,62.889999,62.259998,62.610001,40.673534,8410800
2012-06-21,62.689999,62.810001,61.549999,61.630001,40.036907,8898000
2012-06-22,61.930000,62.049999,61.290001,61.680000,40.069386,6191400
2012-06-25,61.000000,61.490002,60.919998,61.340000,39.848499,7217500
2012-06-26,61.520000,61.860001,61.150002,61.610001,40.023907,6527600
2012-06-27,61.750000,62.049999,61.500000,62.000000,40.277264,7841300
2012-06-28,61.700001,62.590000,61.389999,62.520000,40.615074,7067700
2012-06-29,63.520000,64.029999,63.349998,63.939999,41.537560,10343000
2012-07-02,64.279999,64.660004,63.900002,64.620003,41.979305,6104100
2012-07-03,64.839996,65.190002,64.589996,64.980003,42.213165,4649400
2012-07-05,64.919998,65.089996,64.500000,64.680000,42.018284,4715600
2012-07-06,64.220001,64.879997,64.050003,64.769997,42.076740,3931500
2012-07-09,64.820000,64.949997,64.500000,64.900002,42.161198,5400600
2012-07-10,65.099998,65.180000,63.799999,64.129997,41.660973,10502100
2012-07-11,64.129997,64.400002,63.779999,64.230003,41.725952,8812100
2012-07-12,63.790001,64.779999,63.669998,64.510002,41.907848,11274800
2012-07-13,64.589996,65.320000,64.550003,65.209999,42.362587,5033100
2012-07-16,65.110001,65.570000,65.099998,65.459999,42.524994,5701500
2012-07-17,65.629997,66.209999,65.180000,66.010002,42.882305,7504000
2012-07-18,65.790001,65.900002,65.269997,65.500000,42.550972,6567000
2012-07-19,65.669998,65.680000,64.510002,64.949997,42.193680,7554200
2012-07-20,64.570000,64.889999,64.389999,64.730003,42.050758,6163700
2012-07-23,63.990002,64.480003,63.849998,64.339996,41.797409,5483500
2012-07-24,64.419998,64.550003,63.689999,64.080002,41.628498,6932100
2012-07-25,64.339996,64.440002,63.730000,64.070000,41.622005,3505700
2012-07-26,64.709999,65.129997,64.279999,64.589996,41.959805,5363200
2012-07-27,64.800003,65.739998,64.800003,65.320000,42.434036,5330500
2012-07-30,65.300003,65.760002,65.230003,65.500000,42.550972,4587500
2012-07-31,65.540001,65.650002,65.220001,65.430000,42.505516,6167500
2012-08-01,65.720001,66.099998,65.209999,65.239998,42.382072,5236200
2012-08-02,64.949997,65.320000,64.709999,65.309998,42.427559,5980800
2012-08-03,65.860001,66.089996,65.680000,65.790001,42.739376,5105400
2012-08-06,65.959999,66.129997,65.570000,65.599998,42.615952,4039300
2012-08-07,65.739998,65.750000,64.830002,64.919998,42.174191,5956000
2012-08-08,64.669998,64.769997,64.290001,64.529999,41.920830,5617900
2012-08-09,64.470001,64.750000,64.260002,64.339996,41.797409,4924800
2012-08-10,64.339996,64.519997,64.199997,64.480003,41.888363,2794500
2012-08-13,64.459999,64.610001,64.169998,64.459999,41.875378,3482100
2012-08-14,64.690002,64.739998,64.330002,64.430000,41.855869,3634100
2012-08-15,64.410004,64.809998,64.349998,64.610001,41.972809,2981300
2012-08-16,64.680000,65.099998,64.379997,65.080002,42.278137,7335500
2012-08-17,65.080002,65.190002,64.870003,65.050003,42.258648,6843700
2012-08-20,65.089996,65.180000,64.589996,65.000000,42.226166,5358700
2012-08-21,65.120003,65.279999,64.889999,65.000000,42.226166,3672300
2012-08-22,64.879997,65.000000,64.330002,64.940002,42.187195,4938100
2012-08-23,64.900002,65.029999,64.589996,64.769997,42.076740,4522700
2012-08-24,64.650002,65.150002,64.529999,65.019997,42.239143,4141300
2012-08-27,65.190002,65.309998,64.870003,65.160004,42.330101,2892800
2012-08-28,65.150002,65.459999,64.879997,65.419998,42.499016,4204600
2012-08-29,65.489998,65.580002,65.260002,65.440002,42.512005,3326800
2012-08-30,65.190002,65.410004,65.059998,65.370003,42.466530,4427700
2012-08-31,65.589996,65.650002,65.000000,65.629997,42.635426,4483800
2012-09-04,65.510002,66.019997,65.080002,65.959999,42.849808,10329200
2012-09-05,65.989998,66.050003,65.570000,65.919998,42.823818,7340300
2012-09-06,66.230003,66.449997,66.139999,66.440002,43.161640,6484900
2012-09-07,66.519997,66.680000,66.330002,66.559998,43.239605,5809300
2012-09-10,66.500000,66.500000,66.010002,66.129997,42.960251,5922100
2012-09-11,66.120003,66.419998,66.000000,66.389999,43.129135,5950900
2012-09-12,66.500000,66.639999,66.239998,66.639999,43.291565,6643000
2012-09-13,66.690002,67.550003,66.540001,67.449997,43.817783,9459100
2012-09-14,67.550003,68.260002,67.550003,67.800003,44.045147,8619400
2012-09-17,67.790001,68.029999,67.389999,67.480003,43.837254,4141900
2012-09-18,67.300003,67.360001,66.709999,66.900002,43.460461,8756800
2012-09-19,66.919998,67.019997,66.570000,66.589996,43.259087,6769100
2012-09-20,66.250000,66.260002,65.559998,65.809998,42.752365,14539200
2012-09-21,66.019997,66.029999,65.750000,65.790001,42.739376,11144100
2012-09-24,65.470001,66.040001,65.449997,65.720001,42.693893,10626600
2012-09-25,65.360001,65.389999,64.209999,64.239998,42.067215,8619000
2012-09-26,64.129997,64.540001,64.050003,64.180000,42.027931,10239100
2012-09-27,64.339996,64.820000,64.220001,64.529999,42.257114,6640100
2012-09-28,64.279999,64.629997,63.990002,64.379997,42.158886,9810800
2012-10-01,64.500000,64.610001,63.400002,63.919998,41.857658,9355000
2012-10-02,64.040001,64.459999,63.939999,64.459999,42.211288,9009600
2012-10-03,64.459999,65.089996,64.370003,64.650002,42.335686,8690000
2012-10-04,64.839996,65.000000,64.260002,64.410004,42.178539,8887000
2012-10-05,64.680000,64.940002,64.400002,64.690002,42.361904,7700000
2012-10-08,64.360001,64.480003,64.199997,64.419998,42.185081,4928500
2012-10-09,64.459999,64.720001,64.070000,64.139999,42.001724,6859200
2012-10-10,64.110001,64.389999,63.950001,64.220001,42.054111,7026600
2012-10-11,64.379997,64.589996,64.169998,64.230003,42.060669,8131800
2012-10-12,64.199997,64.500000,63.849998,63.950001,41.877316,5995300
2012-10-15,63.959999,64.400002,63.480000,64.379997,42.158886,5998000
2012-10-16,64.570000,64.779999,64.510002,64.680000,42.355343,6872500
2012-10-17,64.459999,64.849998,64.269997,64.779999,42.420826,9204700
2012-10-18,64.690002,65.419998,64.660004,65.389999,42.820278,8149100
2012-10-19,65.419998,65.559998,64.720001,64.779999,42.420826,8886800
2012-10-22,64.720001,64.779999,64.150002,64.550003,42.270214,6018800
2012-10-23,64.040001,64.180000,63.450001,63.900002,41.844566,6985600
2012-10-24,64.050003,64.260002,63.689999,63.939999,41.870770,4587900
2012-10-25,64.199997,64.440002,63.080002,63.660000,41.687405,7451700
2012-10-26,63.630001,63.680000,62.860001,63.290001,41.445118,9137000
2012-10-31,63.549999,64.029999,63.320000,64.000000,41.910046,9157200
2012-11-01,64.019997,64.370003,63.750000,64.070000,41.955891,12937500
2012-11-02,64.430000,64.910004,64.410004,64.500000,42.237484,8886300
2012-11-05,64.470001,64.510002,63.619999,64.019997,41.923141,10212600
2012-11-06,64.269997,64.290001,63.770000,64.160004,42.014820,5427400
2012-11-07,63.709999,64.139999,63.470001,63.840000,41.805279,10656200
2012-11-08,63.810001,63.880001,63.139999,63.189999,41.379612,9477400
2012-11-09,62.919998,63.450001,62.689999,62.980000,41.242115,9952000
2012-11-12,63.150002,63.189999,62.709999,62.880001,41.176628,5451600
2012-11-13,62.549999,63.049999,62.470001,62.680000,41.045654,6953000
2012-11-14,62.880001,62.880001,61.230000,61.459999,40.246731,15786400
2012-11-15,61.400002,61.820000,60.840000,61.189999,40.069931,15085700
2012-11-16,61.340000,61.950001,61.040001,61.889999,40.528328,13806600
2012-11-19,62.509998,62.759998,62.189999,62.470001,40.908134,12087200
2012-11-20,62.560001,62.860001,62.169998,62.860001,41.163521,12749700
2012-11-21,62.779999,63.060001,62.470001,62.820000,41.137329,5904800
2012-11-23,63.060001,63.349998,62.849998,63.330002,41.471302,3249100
2012-11-26,63.119999,63.770000,62.930000,63.419998,41.530243,16980400
2012-11-27,62.939999,63.590000,62.540001,63.080002,41.307594,22289900
2012-11-28,62.900002,63.090000,62.400002,62.970001,41.235561,12290700
2012-11-29,63.340000,63.430000,62.869999,63.380001,41.504055,15870300
2012-11-30,63.360001,63.799999,63.360001,63.630001,41.667755,10611900
2012-12-03,63.930000,64.120003,63.599998,63.810001,41.785629,9577100
2012-12-04,63.750000,64.150002,63.610001,63.730000,41.733238,12665900
2012-12-05,63.919998,63.970001,63.240002,63.560001,41.621922,10757800
2012-12-06,63.689999,64.129997,63.500000,64.120003,41.988636,8008000
2012-12-07,64.220001,64.389999,64.110001,64.379997,42.158886,13072600
2012-12-10,64.449997,64.680000,64.269997,64.379997,42.158886,8719000
2012-12-11,64.639999,64.760002,64.389999,64.459999,42.211288,6063400
2012-12-12,64.629997,64.760002,64.129997,64.419998,42.185081,6419000
2012-12-13,64.459999,64.459999,63.759998,63.990002,41.903503,9581700
2012-12-14,63.980000,63.990002,63.740002,63.910000,41.851105,7085200
2012-12-17,64.199997,64.339996,63.919998,64.309998,42.113056,12634700
2012-12-18,64.360001,65.239998,64.300003,64.970001,42.545258,26053500
2012-12-19,64.419998,64.510002,64.029999,64.089996,42.485588,8134800
2012-12-20,64.160004,64.839996,64.019997,64.820000,42.969513,11100800
2012-12-21,64.120003,64.800003,64.120003,64.620003,42.836937,10635700
2012-12-24,64.570000,64.870003,64.320000,64.709999,42.896595,6645400
2012-12-26,64.779999,64.779999,64.220001,64.389999,42.684471,5901700
2012-12-27,64.449997,64.720001,63.810001,64.470001,42.737495,8055400
2012-12-28,64.279999,64.650002,64.029999,64.080002,42.478954,3957300
2012-12-31,64.050003,64.730003,63.880001,64.669998,42.870071,7477900
2013-01-02,65.629997,65.889999,65.290001,65.720001,43.566120,12173500
2013-01-03,65.690002,65.980003,65.570000,65.720001,43.566120,13888200
2013-01-04,65.879997,66.139999,65.639999,66.120003,43.831299,14123400
2013-01-07,66.040001,66.239998,65.889999,66.220001,43.897579,6133600
2013-01-08,66.099998,66.279999,65.900002,66.089996,43.811401,5438600
2013-01-09,66.230003,66.430000,66.129997,66.339996,43.977127,5562300
2013-01-10,66.699997,66.699997,66.269997,66.500000,44.083195,6132700
2013-01-11,66.500000,66.669998,66.260002,66.489998,44.076561,3889100
2013-01-14,66.599998,66.680000,66.400002,66.589996,44.142857,5420400
2013-01-15,66.489998,66.970001,66.370003,66.900002,44.348351,6783800
2013-01-16,66.769997,66.849998,66.589996,66.830002,44.301941,5176000
2013-01-17,67.059998,67.180000,66.330002,66.980003,44.401390,5652400
2013-01-18,67.370003,67.430000,66.930000,67.379997,44.666534,17259600
2013-01-22,67.410004,67.720001,67.349998,67.720001,44.891933,7006800
2013-01-23,67.720001,67.860001,67.519997,67.730003,44.898575,4036600
2013-01-24,67.809998,68.040001,67.620003,67.809998,44.951603,6017000
2013-01-25,68.059998,68.139999,67.760002,68.089996,45.137199,6291100
2013-01-28,68.300003,68.300003,67.879997,68.160004,45.183613,7967100
2013-01-29,68.059998,68.309998,68.059998,68.290001,45.269791,4723200
2013-01-30,68.129997,68.309998,67.550003,67.660004,44.852161,7716600
2013-01-31,67.650002,67.660004,67.169998,67.269997,44.593624,8189600
2013-02-01,67.629997,67.849998,67.400002,67.720001,44.891933,11330400
2013-02-04,67.480003,67.790001,67.320000,67.580002,44.799122,14185200
2013-02-05,67.750000,67.839996,67.410004,67.489998,44.739475,6245900
2013-02-06,67.320000,67.699997,67.190002,67.610001,44.819023,4489500
2013-02-07,67.809998,67.839996,67.150002,67.290001,44.606892,8388300
2013-02-08,67.419998,67.980003,67.419998,67.959999,45.051041,8139600
2013-02-11,67.860001,68.059998,67.860001,68.029999,45.097427,6097100
2013-02-12,68.120003,68.430000,67.970001,68.430000,45.362602,7218400
2013-02-13,68.550003,68.639999,68.209999,68.400002,45.342709,4418400
2013-02-14,68.389999,68.389999,68.070000,68.129997,45.163719,4100400
2013-02-15,68.199997,68.250000,67.949997,68.209999,45.216774,6449800
2013-02-19,68.430000,68.690002,68.279999,68.680000,45.528328,12187000
2013-02-20,68.650002,68.879997,68.099998,68.099998,45.143845,9973600
2013-02-21,67.959999,68.080002,67.400002,67.570000,44.792496,13125300
2013-02-22,67.839996,68.150002,67.790001,68.150002,45.176975,6630600
2013-02-25,68.320000,68.459999,66.989998,67.000000,44.414631,9204800
2013-02-26,67.330002,67.669998,67.000000,67.589996,44.805756,7439200
2013-02-27,67.589996,68.419998,67.449997,68.110001,45.150459,7675200
2013-02-28,68.099998,68.440002,67.970001,68.120003,45.157097,7917800
2013-03-01,67.849998,68.330002,67.589996,68.250000,45.243279,11331300
2013-03-04,68.120003,68.910004,68.120003,68.760002,45.581356,9589700
2013-03-05,69.120003,69.419998,68.769997,69.290001,45.932697,6177000
2013-03-06,69.430000,69.550003,68.820000,69.029999,45.760338,11622400
2013-03-07,69.139999,69.230003,68.690002,68.779999,45.594608,6954600
2013-03-08,69.070000,69.129997,68.440002,68.820000,45.621136,6934300
2013-03-11,68.970001,69.089996,68.639999,69.089996,45.800106,11877900
2013-03-12,69.080002,69.089996,68.680000,68.839996,45.634392,6247300
2013-03-13,68.820000,69.000000,68.559998,68.860001,45.647648,6189700
2013-03-14,68.949997,69.320000,68.860001,69.230003,45.892925,10380200
2013-03-15,69.139999,69.290001,68.860001,69.260002,45.912815,7085100
2013-03-18,68.650002,69.089996,68.650002,69.070000,45.786850,17335600
2013-03-19,69.070000,69.139999,68.230003,68.580002,45.462029,8311400
2013-03-20,68.980003,68.989998,68.639999,68.980003,45.727196,9476900
2013-03-21,68.690002,69.220001,68.690002,68.750000,45.574718,4807000
2013-03-22,68.989998,69.260002,68.849998,69.169998,45.853149,5176600
2013-03-25,68.930000,69.000000,68.410004,68.540001,45.822384,10970400
2013-03-26,68.629997,69.110001,68.629997,69.050003,46.163361,8879000
2013-03-27,68.820000,69.209999,68.680000,69.160004,46.236893,5747800
2013-03-28,69.260002,69.550003,69.029999,69.480003,46.450825,10163700
2013-04-01,69.510002,69.699997,69.160004,69.699997,46.597900,10676100
2013-04-02,69.959999,70.120003,69.720001,69.879997,46.718266,7683800
2013-04-03,70.110001,70.110001,69.279999,69.510002,46.470882,5906600
2013-04-04,69.589996,70.610001,69.480003,70.529999,47.152821,15045800
2013-04-05,69.889999,70.720001,69.750000,70.720001,47.279846,9219300
2013-04-08,70.730003,71.449997,70.470001,71.379997,47.721081,9494700
2013-04-09,71.480003,71.650002,71.010002,71.410004,47.741135,6504500
2013-04-10,71.570000,71.940002,71.440002,71.830002,48.021931,5585900
2013-04-11,71.900002,72.529999,71.839996,72.180000,48.255894,11137100
2013-04-12,72.080002,72.599998,71.980003,72.599998,48.536697,6908300
2013-04-15,72.099998,72.250000,70.790001,70.790001,47.326622,10229500
2013-04-16,71.199997,71.949997,70.800003,71.910004,48.075417,6787100
2013-04-17,71.629997,71.660004,70.570000,71.040001,47.493759,8952700
2013-04-18,71.080002,71.180000,70.629997,71.040001,47.493759,16557900
2013-04-19,71.440002,71.980003,71.029999,71.860001,48.041981,16957600
2013-04-22,71.970001,72.139999,71.480003,71.959999,48.108829,5361900
2013-04-23,72.220001,72.500000,71.849998,72.379997,48.389633,6056000
2013-04-24,72.580002,72.620003,72.209999,72.610001,48.543400,5241100
2013-04-25,72.489998,72.790001,71.989998,72.519997,48.483215,8899900
2013-04-26,72.410004,72.699997,72.139999,72.190002,48.262589,4196100
2013-04-29,72.430000,72.769997,72.199997,72.750000,48.636990,4371600
2013-04-30,72.750000,73.489998,72.570000,73.459999,49.111641,7901100
2013-05-01,73.440002,73.500000,72.760002,72.959999,48.777359,19735200
2013-05-02,72.940002,73.510002,72.930000,73.239998,48.964581,4746700
2013-05-03,73.599998,73.769997,73.150002,73.300003,49.004696,6804300
2013-05-06,73.349998,73.669998,73.300003,73.589996,49.198551,4539300
2013-05-07,73.879997,74.050003,73.489998,74.019997,49.486046,7326500
2013-05-08,73.900002,74.309998,73.790001,74.199997,49.606377,5550500
2013-05-09,74.199997,74.250000,73.599998,73.820000,49.352325,12540900
2013-05-10,74.000000,74.000000,73.650002,73.839996,49.365711,4807500
2013-05-13,73.839996,74.029999,73.650002,73.949997,49.439262,5141500
2013-05-14,74.029999,74.489998,74.029999,74.339996,49.699966,6114500
2013-05-15,74.339996,75.010002,73.970001,75.000000,50.141220,12938900
2013-05-16,74.940002,75.169998,74.470001,74.760002,49.980747,11084100
2013-05-17,74.900002,75.239998,74.690002,75.230003,50.294987,11377800
2013-05-20,75.230003,75.349998,74.930000,75.190002,50.268253,6560000
2013-05-21,75.400002,75.690002,75.330002,75.540001,50.502247,5619400
2013-05-22,75.639999,76.209999,73.330002,73.669998,49.252064,26250400
2013-05-23,73.080002,73.080002,72.029999,72.639999,48.563442,17882300
2013-05-24,72.400002,72.459999,71.610001,72.360001,48.376266,11804000
2013-05-28,73.059998,73.220001,71.199997,71.639999,47.894894,15416700
2013-05-29,71.110001,71.150002,69.250000,70.209999,46.938866,23698500
2013-05-30,70.209999,70.699997,69.459999,69.540001,46.490948,13778600
2013-05-31,69.250000,70.040001,68.660004,68.690002,45.922676,20832400
2013-06-03,68.709999,69.339996,68.059998,68.860001,46.036316,25223500
2013-06-04,68.870003,69.110001,68.050003,68.059998,45.501480,17821400
2013-06-05,68.110001,68.309998,67.209999,67.330002,45.013439,19959500
2013-06-06,67.279999,68.650002,67.019997,68.589996,45.855816,21649800
2013-06-07,68.769997,68.830002,67.639999,68.550003,45.829079,16045900
2013-06-10,68.629997,68.790001,67.779999,67.949997,45.427940,17666100
2013-06-11,67.330002,67.660004,66.870003,66.910004,44.732655,17765800
2013-06-12,67.410004,67.430000,65.769997,65.930000,44.077480,16537000
2013-06-13,65.839996,68.120003,65.790001,67.940002,45.421268,21085000
2013-06-14,67.900002,68.980003,67.739998,68.110001,45.534904,13991400
2013-06-17,68.430000,68.839996,67.739998,68.199997,45.595093,10786100
2013-06-18,68.250000,68.879997,67.870003,68.309998,45.668629,14319100
2013-06-19,68.470001,68.669998,66.129997,66.260002,44.298107,34471300
2013-06-20,65.489998,65.769997,63.380001,63.669998,42.566551,31601500
2013-06-21,64.220001,65.089996,63.310001,64.419998,43.067966,24105500
2013-06-24,63.490002,65.430000,62.709999,64.010002,42.793873,30133200
2013-06-25,64.680000,65.529999,64.160004,65.190002,43.582756,18040500
2013-06-26,65.260002,65.769997,65.089996,65.550003,44.234638,16898500
2013-06-27,66.010002,66.839996,65.849998,66.720001,45.024178,13893800
2013-06-28,66.449997,66.889999,65.919998,66.430000,44.828468,12025100
2013-07-01,66.570000,67.040001,65.949997,66.080002,44.592285,14941100
2013-07-02,65.980003,67.099998,65.919998,66.849998,45.111893,12520400
2013-07-03,66.750000,67.000000,65.669998,66.559998,44.916203,8076200
2013-07-05,66.410004,66.449997,64.620003,65.860001,44.443813,16119500
2013-07-08,66.019997,67.099998,66.019997,66.120003,44.619286,6958000
2013-07-09,66.570000,67.239998,66.199997,66.959999,45.186134,9422400
2013-07-10,66.809998,67.230003,66.540001,66.959999,45.186134,10060200
2013-07-11,67.940002,68.860001,67.860001,68.809998,46.434551,16742100
2013-07-12,68.900002,68.940002,68.120003,68.360001,46.130871,10555600
2013-07-15,68.239998,68.730003,68.180000,68.610001,46.299595,6986300
2013-07-16,68.430000,68.839996,68.320000,68.500000,46.225361,6891000
2013-07-17,68.779999,68.919998,68.360001,68.860001,46.468281,14463800
2013-07-18,68.809998,69.360001,68.769997,69.290001,46.758465,7176600
2013-07-19,69.230003,69.419998,68.949997,69.220001,46.711235,7701100
2013-07-22,69.250000,69.480003,69.040001,69.419998,46.846199,4684700
2013-07-23,69.599998,69.599998,69.070000,69.389999,46.825943,4930000
2013-07-24,69.470001,69.529999,67.529999,68.040001,45.914932,13685200
2013-07-25,67.930000,68.080002,67.529999,67.959999,45.860950,10019400
2013-07-26,67.779999,68.180000,67.529999,68.139999,45.982418,5577000
2013-07-29,68.029999,68.209999,67.489998,67.599998,45.618015,6999900
2013-07-30,67.750000,68.300003,67.339996,67.519997,45.564037,6200400
2013-07-31,67.330002,67.680000,66.000000,66.589996,44.936436,17578300
2013-08-01,66.860001,66.949997,66.180000,66.220001,44.686756,12801700
2013-08-02,66.559998,66.820000,65.919998,65.930000,44.491062,16858500
2013-08-05,65.900002,66.190002,65.699997,65.889999,44.464077,5471400
2013-08-06,65.790001,66.139999,65.500000,65.660004,44.308868,5899900
2013-08-07,65.660004,65.660004,65.080002,65.389999,44.126656,6218300
2013-08-08,65.550003,65.699997,65.120003,65.449997,44.167145,6905300
2013-08-09,65.290001,66.410004,65.199997,66.070000,44.585529,6247000
2013-08-12,65.930000,65.940002,65.330002,65.529999,44.221127,8185500
2013-08-13,65.599998,65.650002,64.440002,64.629997,43.613804,10889000
2013-08-14,64.500000,64.849998,64.370003,64.489998,43.519310,13474200
2013-08-15,63.830002,63.849998,63.020000,63.270000,42.696018,17106100
2013-08-16,63.009998,63.240002,61.790001,61.810001,41.710785,22158900
2013-08-19,61.660000,61.880001,60.919998,60.970001,41.143929,15340000
2013-08-20,61.279999,62.709999,61.240002,62.400002,42.108936,20078000
2013-08-21,61.970001,63.209999,61.580002,62.270000,42.021214,19768900
2013-08-22,62.470001,62.650002,61.939999,62.619999,42.257393,15039600
2013-08-23,62.730000,63.360001,62.430000,63.349998,42.750019,9662400
2013-08-26,63.459999,63.480000,63.009998,63.110001,42.588055,5527400
2013-08-27,62.669998,63.250000,62.529999,62.919998,42.459843,7907000
2013-08-28,62.779999,62.930000,62.450001,62.619999,42.257393,5761700
2013-08-29,62.430000,62.770000,62.110001,62.720001,42.324871,4663600
2013-08-30,62.750000,63.110001,62.110001,62.240002,42.000954,6533700
2013-09-03,62.709999,62.860001,61.250000,61.720001,41.650055,12854500
2013-09-04,61.709999,62.480000,61.520000,62.160000,41.946976,11140200
2013-09-05,62.090000,62.230000,61.580002,61.630001,41.589336,7406700
2013-09-06,62.459999,63.209999,62.389999,62.759998,42.351879,12815100
2013-09-09,63.060001,64.000000,62.770000,64.000000,43.188663,11123300
2013-09-10,64.120003,64.230003,63.520000,63.919998,43.134670,8889000
2013-09-11,63.840000,64.360001,63.840000,64.360001,43.431591,9867700
2013-09-12,64.559998,64.739998,63.860001,63.950001,43.154911,9121300
2013-09-13,64.089996,64.269997,63.860001,64.089996,43.249386,8046000
2013-09-16,65.209999,65.629997,64.559998,64.720001,43.674534,13644600
2013-09-17,64.849998,65.209999,64.580002,64.669998,43.640797,8761600
2013-09-18,64.650002,66.970001,63.980000,66.930000,45.165882,37540300
2013-09-19,66.970001,67.500000,66.620003,66.669998,44.990421,20322800
2013-09-20,66.769997,66.790001,65.389999,65.519997,44.214378,17910100
2013-09-23,65.510002,65.820000,65.019997,65.099998,43.930958,12152500
2013-09-24,64.459999,64.610001,64.019997,64.070000,43.640812,13075000
2013-09-25,64.160004,64.690002,63.869999,64.290001,43.790649,9013600
2013-09-26,64.379997,64.709999,64.199997,64.680000,44.056293,4380700
2013-09-27,64.510002,64.779999,64.059998,64.440002,43.892822,5971100
2013-09-30,64.070000,64.519997,63.570000,63.790001,43.450062,9374800
2013-10-01,63.779999,65.239998,63.650002,64.760002,44.110786,16465300
2013-10-02,64.389999,64.830002,64.129997,64.800003,44.138035,11800100
2013-10-03,64.529999,64.650002,63.400002,63.799999,43.456875,23591100
2013-10-04,63.849998,64.050003,63.240002,63.570000,43.300213,13296400
2013-10-07,63.230000,64.070000,63.189999,63.849998,43.490932,7675500
2013-10-08,63.680000,63.959999,63.029999,63.119999,42.993710,9526700
2013-10-09,63.180000,63.610001,62.990002,63.099998,42.980087,9436400
2013-10-10,63.509998,64.660004,63.509998,64.610001,44.008610,23726100
2013-10-11,64.589996,65.279999,64.370003,65.230003,44.430916,11282500
2013-10-14,64.910004,65.330002,64.629997,65.209999,44.417294,15004400
2013-10-15,65.099998,65.440002,64.820000,65.000000,44.274242,8338500
2013-10-16,65.290001,66.250000,65.220001,66.180000,45.077995,16177500
2013-10-17,65.930000,67.419998,65.870003,67.199997,45.772774,19146900
2013-10-18,67.480003,67.610001,66.800003,67.070000,45.684231,11933200
2013-10-21,67.000000,67.080002,66.459999,66.720001,45.445812,9373400
2013-10-22,67.059998,67.720001,66.809998,67.430000,45.929424,10465300
2013-10-23,67.330002,67.610001,67.019997,67.570000,46.024788,13218500
2013-10-24,67.730003,67.730003,67.190002,67.519997,45.990738,6881800
2013-10-25,67.739998,68.250000,67.500000,68.180000,46.440296,7983500
2013-10-28,68.169998,68.169998,67.180000,67.709999,46.120148,8219400
2013-10-29,67.449997,67.489998,66.870003,67.139999,45.731903,8522000
2013-10-30,66.720001,67.040001,66.349998,66.650002,45.398144,7474200
2013-10-31,66.720001,66.860001,65.860001,66.169998,45.071190,9070700
2013-11-01,66.269997,66.760002,65.860001,66.589996,45.357265,16618700
2013-11-04,66.849998,66.980003,66.150002,66.680000,45.418575,4092900
2013-11-05,66.209999,66.269997,65.540001,65.669998,44.730618,9774500
2013-11-06,66.010002,66.190002,65.550003,65.660004,44.723808,4892000
2013-11-07,65.790001,65.839996,64.720001,64.860001,44.178898,9769500
2013-11-08,64.230003,64.400002,63.139999,63.990002,43.586308,17449800
2013-11-11,64.110001,64.370003,63.860001,63.939999,43.552231,6158600
2013-11-12,63.900002,63.900002,63.259998,63.720001,43.402390,10349700
2013-11-13,63.470001,64.180000,63.410000,64.169998,43.708908,6905000
2013-11-14,64.639999,65.099998,64.300003,64.680000,44.056293,7918300
2013-11-15,64.820000,65.000000,64.550003,64.839996,44.165276,11699600
2013-11-18,65.059998,65.059998,64.360001,64.389999,43.858761,6279000
2013-11-19,64.410004,64.419998,63.740002,63.900002,43.524998,8551800
2013-11-20,63.970001,64.599998,63.090000,63.340000,43.143555,10075700
2013-11-21,63.410000,63.820000,63.139999,63.680000,43.375153,7412500
2013-11-22,63.849998,63.849998,63.180000,63.490002,43.245728,5750500
2013-11-25,63.500000,63.669998,63.180000,63.220001,43.061817,5823800
2013-11-26,63.400002,63.400002,63.020000,63.040001,42.939220,6277300
2013-11-27,63.320000,63.779999,63.020000,63.689999,43.381962,5205300
2013-11-29,63.689999,63.849998,63.049999,63.099998,42.980087,4961700
2013-12-02,62.990002,63.299999,62.560001,62.770000,42.755302,9128400
2013-12-03,62.630001,62.900002,62.470001,62.700001,42.707626,7106800
2013-12-04,62.000000,63.230000,61.939999,62.840000,42.802982,15225500
2013-12-05,62.680000,63.060001,62.340000,62.910000,42.850662,11587100
2013-12-06,63.470001,63.540001,63.070000,63.400002,43.184422,9929900
2013-12-09,63.500000,63.880001,63.200001,63.810001,43.463696,9697700
2013-12-10,63.860001,64.120003,63.759998,63.810001,43.463696,6791800
2013-12-11,63.810001,63.810001,62.340000,62.430000,42.523724,13703100
2013-12-12,62.389999,62.500000,61.900002,62.009998,42.237637,8008900
2013-12-13,62.290001,62.980000,62.110001,62.259998,42.407917,5952900
2013-12-16,62.650002,62.650002,62.130001,62.330002,42.455605,6769100
2013-12-17,62.330002,62.830002,62.139999,62.660000,42.680382,7415100
2013-12-18,62.700001,63.910000,62.020000,63.759998,43.429634,20907600
2013-12-19,63.549999,63.700001,62.669998,62.980000,42.898346,12584500
2013-12-20,63.150002,63.490002,62.900002,63.470001,43.232098,14497800
2013-12-23,63.279999,63.360001,62.910000,62.970001,43.293304,8197500
2013-12-24,63.049999,63.200001,62.889999,63.080002,43.368919,3641500
2013-12-26,63.330002,63.540001,62.910000,63.150002,43.417046,4603100
2013-12-27,63.209999,63.230000,62.720001,63.230000,43.472050,11549200
2013-12-30,63.209999,63.430000,63.110001,63.279999,43.506432,3941800
2013-12-31,63.290001,63.520000,62.990002,63.080002,43.368919,6767300
2014-01-02,63.130001,63.220001,62.599998,62.980000,43.300171,10310500
2014-01-03,62.950001,63.590000,62.919998,63.349998,43.554558,6368400
2014-01-06,63.480000,63.869999,63.270000,63.610001,43.733315,7108000
2014-01-07,63.889999,64.110001,63.419998,63.830002,43.884563,9676100
2014-01-08,63.639999,63.930000,63.270000,63.730000,43.815811,9098800
2014-01-09,63.919998,63.919998,63.200001,63.700001,43.795181,8012900
2014-01-10,64.300003,64.699997,64.019997,64.459999,44.317696,13050800
2014-01-13,64.510002,64.510002,63.849998,64.040001,44.028946,8248200
2014-01-14,64.050003,64.620003,64.000000,64.440002,44.303959,5319500
2014-01-15,64.430000,64.949997,64.419998,64.739998,44.510212,7612600
2014-01-16,64.680000,64.959999,64.680000,64.889999,44.613338,11237800
2014-01-17,64.980003,65.010002,64.510002,64.680000,44.468956,8539200
2014-01-21,64.900002,65.360001,64.750000,65.129997,44.778351,10145000
2014-01-22,65.239998,65.620003,65.139999,65.300003,44.895226,8165500
2014-01-23,65.129997,65.389999,64.519997,65.269997,44.874588,10437200
2014-01-24,65.059998,65.059998,64.230003,64.309998,44.214577,13019600
2014-01-27,64.389999,64.730003,63.669998,63.919998,43.946438,11158300
2014-01-28,64.050003,64.680000,64.019997,64.570000,44.393326,7727800
2014-01-29,64.180000,64.559998,63.919998,64.269997,44.187069,9226100
2014-01-30,64.489998,65.269997,64.489998,65.050003,44.723343,9384200
2014-01-31,64.580002,65.599998,64.250000,65.250000,44.860844,12207500
2014-02-03,65.290001,65.349998,64.059998,64.300003,44.207706,16058300
2014-02-04,64.430000,65.080002,64.129997,64.970001,44.668335,16129900
2014-02-05,64.699997,65.040001,64.580002,64.949997,44.654591,12270400
2014-02-06,65.080002,65.480003,65.059998,65.430000,44.984604,10567500
2014-02-07,65.730003,65.959999,65.389999,65.870003,45.287117,10915400
2014-02-10,65.959999,66.620003,65.690002,66.470001,45.699619,12611400
2014-02-11,66.599998,66.989998,66.290001,66.699997,45.857758,13250700
2014-02-12,66.910004,66.910004,66.459999,66.739998,45.885262,6358300
2014-02-13,66.669998,67.370003,66.389999,67.000000,46.063999,10486100
2014-02-14,67.000000,67.410004,66.970001,67.269997,46.249645,6953700
2014-02-18,67.419998,67.699997,67.000000,67.669998,46.524654,12370800
2014-02-19,67.500000,68.239998,67.449997,67.650002,46.510910,13736700
2014-02-20,67.559998,68.089996,67.250000,67.529999,46.428406,7509200
2014-02-21,67.669998,67.879997,67.199997,67.639999,46.504032,8399400
2014-02-24,67.720001,68.349998,67.709999,67.750000,46.579655,11196700
2014-02-25,67.769997,68.139999,67.599998,67.779999,46.600277,6091200
2014-02-26,67.849998,68.260002,67.779999,67.970001,46.730915,10265300
2014-02-27,67.900002,68.260002,67.610001,67.900002,46.682770,5632900
2014-02-28,68.220001,68.680000,67.849998,68.349998,46.992172,14613500
2014-03-03,67.959999,68.459999,67.830002,68.400002,47.026539,11517800
2014-03-04,68.750000,69.320000,68.750000,69.239998,47.604065,15107900
2014-03-05,69.239998,69.330002,68.599998,69.150002,47.542187,12690500
2014-03-06,69.070000,69.120003,68.570000,68.820000,47.315300,8717000
2014-03-07,68.459999,68.650002,67.739998,68.040001,46.779034,14545300
2014-03-10,67.919998,68.139999,67.489998,67.790001,46.607143,11747500
2014-03-11,67.839996,68.320000,67.790001,68.160004,46.861542,10502200
2014-03-12,67.879997,68.349998,67.879997,68.309998,46.964661,6888400
2014-03-13,68.400002,68.489998,67.910004,68.089996,46.813412,9383600
2014-03-14,67.910004,68.470001,67.860001,68.110001,46.827156,8557400
2014-03-17,68.489998,68.690002,68.099998,68.220001,46.902786,9020200
2014-03-18,68.260002,68.599998,68.080002,68.519997,47.109051,10663100
2014-03-19,68.550003,68.849998,67.029999,67.309998,46.277145,16403800
2014-03-20,67.160004,67.430000,66.650002,67.400002,46.339020,15716900
2014-03-21,67.580002,68.150002,67.519997,67.949997,46.717155,18908000
2014-03-24,68.489998,68.489998,67.169998,67.550003,46.442150,10919300
2014-03-25,67.209999,67.339996,66.790001,67.269997,46.782215,10306800
2014-03-26,67.110001,67.360001,66.489998,66.519997,46.260639,10498200
2014-03-27,66.500000,66.900002,66.250000,66.839996,46.483173,8288600
2014-03-28,67.050003,67.510002,66.959999,67.279999,46.789181,8326600
2014-03-31,67.639999,67.900002,67.080002,67.669998,47.060394,8762400
2014-04-01,67.889999,68.110001,67.320000,68.099998,47.359432,15963700
2014-04-02,67.879997,68.180000,67.739998,68.110001,47.366375,10488700
2014-04-03,68.099998,68.199997,67.709999,67.870003,47.199482,10216600
2014-04-04,68.220001,68.540001,67.889999,68.139999,47.387264,12050300
2014-04-07,67.919998,68.699997,67.910004,68.209999,47.435917,15098800
2014-04-08,68.160004,68.669998,68.040001,68.589996,47.700199,8741500
2014-04-09,68.760002,68.779999,68.129997,68.540001,47.665417,7283500
2014-04-10,68.599998,68.889999,67.760002,67.930000,47.241215,8403900
2014-04-11,67.790001,68.120003,67.410004,67.519997,46.956081,9716100
2014-04-14,67.699997,67.959999,67.379997,67.769997,47.129940,10463400
2014-04-15,67.879997,68.550003,67.809998,68.489998,47.630650,10085800
2014-04-16,68.680000,69.000000,68.489998,68.900002,47.915787,9370800
2014-04-17,68.699997,68.879997,68.379997,68.709999,47.783665,16927900
2014-04-21,68.820000,69.000000,68.589996,69.000000,47.985321,8530200
2014-04-22,68.949997,69.309998,68.629997,69.230003,48.145290,6935500
2014-04-23,69.199997,69.300003,68.809998,69.019997,47.999229,4599600
2014-04-24,69.099998,69.309998,68.949997,69.250000,48.159184,6275800
2014-04-25,69.000000,69.260002,68.820000,69.010002,47.992290,5370400
2014-04-28,69.110001,69.470001,68.790001,69.370003,48.242641,10062200
2014-04-29,69.220001,69.660004,69.220001,69.410004,48.270458,4539100
2014-04-30,69.290001,69.750000,69.260002,69.720001,48.486053,6472600
2014-05-01,69.720001,70.300003,69.339996,70.260002,48.861584,16973700
2014-05-02,69.949997,70.519997,69.879997,70.230003,48.840721,9439500
2014-05-05,69.959999,70.489998,69.709999,70.480003,49.014580,12375000
2014-05-06,70.410004,70.410004,69.959999,70.220001,48.833759,7561800
2014-05-07,70.370003,71.080002,70.279999,71.040001,49.404015,16037200
2014-05-08,71.010002,71.370003,70.800003,71.080002,49.431850,8538700
2014-05-09,70.959999,71.269997,70.699997,71.070000,49.424889,5697000
2014-05-12,71.129997,71.360001,71.040001,71.220001,49.529198,5852900
2014-05-13,71.019997,71.730003,70.750000,70.800003,49.237125,9089000
2014-05-14,70.949997,71.180000,70.620003,70.980003,49.362312,8881100
2014-05-15,70.970001,70.980003,70.290001,70.860001,49.278847,19027700
2014-05-16,70.879997,71.400002,70.620003,71.379997,49.640453,12725700
2014-05-19,71.279999,71.300003,70.809998,71.120003,49.459667,7203000
2014-05-20,71.150002,71.379997,70.699997,70.900002,49.306656,4401400
2014-05-21,70.949997,71.150002,70.480003,70.620003,49.111935,6551900
2014-05-22,70.650002,70.860001,70.440002,70.559998,49.070225,6768400
2014-05-23,70.639999,71.099998,70.620003,71.089996,49.438805,5231400
2014-05-27,71.050003,71.570000,71.040001,71.519997,49.737820,7870600
2014-05-28,71.370003,71.370003,70.809998,71.230003,49.536163,7279400
2014-05-29,71.389999,71.389999,71.070000,71.320000,49.598747,4650500
2014-05-30,71.220001,71.750000,71.209999,71.669998,49.842159,11869100
2014-06-02,71.669998,71.940002,71.510002,71.800003,49.932579,8329500
2014-06-03,71.690002,71.760002,71.480003,71.709999,49.869957,4321300
2014-06-04,71.730003,71.959999,71.449997,71.779999,49.918655,14897800
2014-06-05,71.750000,72.980003,71.680000,72.900002,50.697544,19628800
2014-06-06,73.129997,73.160004,72.580002,72.750000,50.593235,7067900
2014-06-09,72.639999,72.940002,71.889999,71.970001,50.050789,8543900
2014-06-10,71.800003,72.029999,71.279999,71.599998,49.793461,14633400
2014-06-11,71.430000,71.589996,70.989998,71.309998,49.591797,11071200
2014-06-12,71.209999,71.320000,70.610001,71.099998,49.445747,11311100
2014-06-13,71.239998,71.360001,70.610001,71.279999,49.570930,5871800
2014-06-16,71.160004,71.430000,70.800003,70.919998,49.320572,11354100
2014-06-17,70.800003,71.120003,70.610001,71.000000,49.376221,5946000
2014-06-18,70.940002,71.599998,70.709999,71.440002,49.682198,12276900
2014-06-19,71.480003,71.989998,71.379997,71.989998,50.064693,8030000
2014-06-20,71.699997,72.290001,71.580002,72.239998,50.238571,9347500
2014-06-23,72.239998,72.489998,72.029999,72.070000,50.120323,7420400
2014-06-24,71.449997,71.750000,71.300003,71.500000,50.143475,6881800
2014-06-25,71.489998,71.639999,71.279999,71.500000,50.143475,7041800
2014-06-26,71.430000,71.550003,71.220001,71.419998,50.087379,5258500
2014-06-27,71.260002,71.900002,71.260002,71.849998,50.388924,6817900
2014-06-30,71.919998,72.070000,71.320000,71.790001,50.346844,8877300
2014-07-01,71.730003,72.180000,71.589996,71.970001,50.473095,7629500
2014-07-02,71.980003,72.000000,71.500000,71.889999,50.416977,8719400
2014-07-03,71.500000,71.690002,71.220001,71.550003,50.178528,5647500
2014-07-07,71.480003,71.790001,71.449997,71.620003,50.227631,9888700
2014-07-08,71.519997,72.029999,71.489998,71.839996,50.381924,9211300
2014-07-09,71.790001,72.110001,71.519997,72.000000,50.494122,6034300
2014-07-10,71.669998,72.440002,71.580002,72.230003,50.655426,9408700
2014-07-11,72.199997,72.349998,71.970001,72.279999,50.690491,4181600
2014-07-14,72.360001,72.639999,72.150002,72.610001,50.921921,11197000
2014-07-15,72.519997,72.760002,72.260002,72.589996,50.907913,5842900
2014-07-16,72.760002,72.889999,72.419998,72.860001,51.097244,14368800
2014-07-17,72.779999,72.820000,72.339996,72.430000,50.795692,7140300
2014-07-18,72.629997,73.139999,72.440002,73.070000,51.244518,9755300
2014-07-21,72.959999,73.000000,72.690002,72.860001,51.097244,4800800
2014-07-22,73.089996,73.300003,73.000000,73.169998,51.314651,7678700
2014-07-23,73.239998,73.400002,73.070000,73.330002,51.426868,5012100
2014-07-24,73.480003,73.510002,72.940002,73.139999,51.293617,7350400
2014-07-25,73.139999,73.220001,72.660004,72.730003,51.006088,7043100
2014-07-28,72.760002,73.360001,72.750000,73.169998,51.314651,7385900
2014-07-29,73.209999,73.239998,72.779999,72.830002,51.076221,5042400
2014-07-30,72.589996,73.279999,72.370003,72.760002,51.027115,10712100
2014-07-31,72.260002,72.620003,71.709999,71.709999,50.290730,15782800
2014-08-01,71.599998,72.260002,71.519997,71.570000,50.192566,14631500
2014-08-04,71.559998,72.160004,71.300003,72.000000,50.494122,8981900
2014-08-05,71.750000,71.980003,71.199997,71.360001,50.045296,15723600
2014-08-06,70.889999,71.779999,70.839996,71.489998,50.136436,9586500
2014-08-07,71.680000,71.949997,71.470001,71.599998,50.213589,6944400
2014-08-08,71.889999,72.169998,71.519997,72.139999,50.592304,6750200
2014-08-11,72.250000,72.739998,72.169998,72.540001,50.872826,9721300
2014-08-12,72.470001,72.660004,72.220001,72.330002,50.725567,3882900
2014-08-13,72.449997,73.230003,72.449997,73.230003,51.356735,5739400
2014-08-14,73.199997,73.500000,73.070000,73.209999,51.342709,6522600
2014-08-15,73.459999,73.620003,73.029999,73.279999,51.391800,9707600
2014-08-18,73.580002,73.959999,73.480003,73.959999,51.868687,15038000
2014-08-19,74.120003,74.230003,73.879997,74.019997,51.910767,7827000
2014-08-20,74.080002,74.459999,73.680000,74.379997,52.163227,15038100
2014-08-21,74.480003,74.690002,74.309998,74.309998,52.114147,4645100
2014-08-22,74.400002,74.400002,73.610001,73.809998,51.763496,8299600
2014-08-25,74.120003,74.190002,73.470001,73.779999,51.742443,7306100
2014-08-26,73.779999,74.029999,73.699997,73.779999,51.742443,3133800
2014-08-27,73.940002,74.080002,73.730003,73.900002,51.826607,2845500
2014-08-28,73.889999,74.010002,73.639999,73.830002,51.777515,4091100
2014-08-29,73.980003,74.199997,73.800003,74.199997,52.036987,6178900
2014-09-02,74.050003,74.330002,74.000000,74.239998,52.065056,5386100
2014-09-03,74.230003,74.470001,74.080002,74.260002,52.079086,8656900
2014-09-04,74.250000,74.540001,73.849998,74.120003,51.980896,10887000
2014-09-05,74.250000,74.879997,74.110001,74.820000,52.471806,13249500
2014-09-08,74.830002,74.949997,74.519997,74.690002,52.380646,8470200
2014-09-09,74.489998,74.680000,74.150002,74.290001,52.100132,7008100
2014-09-10,74.019997,74.070000,73.190002,73.260002,51.377769,14574000
2014-09-11,73.209999,73.470001,72.989998,73.349998,51.440872,6952900
2014-09-12,72.870003,72.959999,70.860001,71.239998,49.961124,26111300
2014-09-15,71.279999,71.559998,70.660004,70.949997,49.757763,10270100
2014-09-16,70.959999,71.699997,70.919998,71.480003,50.129436,12545200
2014-09-17,71.739998,72.099998,71.370003,71.430000,50.094376,18717900
2014-09-18,71.580002,71.650002,70.779999,70.910004,49.729702,14133700
2014-09-19,71.089996,71.279999,70.750000,70.949997,49.757763,12906500
2014-09-22,70.879997,70.900002,70.320000,70.320000,49.315933,16170500
2014-09-23,70.290001,70.639999,69.889999,69.919998,49.035404,8117200
2014-09-24,69.260002,69.910004,69.000000,69.220001,48.985882,14179000
2014-09-25,69.230003,69.269997,68.610001,68.879997,48.745251,13587200
2014-09-26,68.779999,69.730003,68.589996,69.639999,49.283085,11235300
2014-09-29,69.059998,69.620003,68.889999,69.620003,49.268936,10652300
2014-09-30,69.570000,69.730003,69.099998,69.199997,48.971714,13406000
2014-10-01,69.180000,69.650002,68.940002,69.239998,49.000019,15034400
2014-10-02,69.139999,69.559998,68.660004,69.129997,48.922176,11962700
2014-10-03,69.260002,69.730003,69.029999,69.599998,49.254807,6240600
2014-10-06,69.589996,70.070000,69.540001,69.690002,49.318485,11312400
2014-10-07,69.599998,69.949997,69.230003,69.279999,49.028332,9329100
2014-10-08,69.269997,70.620003,69.269997,70.599998,49.962456,13191700
2014-10-09,70.410004,71.330002,70.410004,70.510002,49.898781,18339100
2014-10-10,70.690002,71.339996,70.379997,70.410004,49.828018,11216900
2014-10-13,70.540001,71.089996,70.230003,70.290001,49.743088,10469700
2014-10-14,70.750000,71.860001,70.599998,71.349998,50.493221,15145100
2014-10-15,71.160004,71.610001,70.230003,70.849998,50.139381,16837100
2014-10-16,70.510002,71.330002,70.110001,71.040001,50.273857,19074200
2014-10-17,71.790001,71.790001,70.790001,71.400002,50.528637,10453600
2014-10-20,71.379997,72.430000,71.279999,72.419998,51.250443,12469500
2014-10-21,72.650002,73.209999,72.339996,73.110001,51.738758,8566600
2014-10-22,73.180000,73.629997,73.019997,73.080002,51.717537,20312600
2014-10-23,73.269997,73.809998,73.150002,73.629997,52.106750,7534300
2014-10-24,73.610001,73.910004,73.209999,73.660004,52.127995,6597300
2014-10-27,73.580002,74.120003,73.510002,74.099998,52.439384,9239800
2014-10-28,73.830002,74.349998,73.550003,74.339996,52.609215,5225400
2014-10-29,74.180000,74.309998,73.250000,73.790001,52.219986,17115000
2014-10-30,73.559998,74.500000,73.559998,74.419998,52.665829,9237500
2014-10-31,74.629997,75.169998,74.529999,74.980003,53.062115,11739400
2014-11-03,74.980003,75.599998,74.919998,75.559998,53.472584,12949400
2014-11-04,75.550003,75.699997,74.940002,75.650002,53.536274,9954600
2014-11-05,75.739998,75.980003,75.190002,75.650002,53.536274,15315300
2014-11-06,75.610001,76.000000,75.139999,75.330002,53.309834,9263600
2014-11-07,75.430000,75.550003,74.910004,75.269997,53.267349,11903100
2014-11-10,74.750000,75.680000,74.750000,75.610001,53.507965,5578800
2014-11-11,75.639999,75.870003,75.089996,75.419998,53.373493,4006400
2014-11-12,75.419998,75.470001,74.820000,75.029999,53.097500,6982900
2014-11-13,75.199997,75.559998,75.080002,75.330002,53.309834,4929900
2014-11-14,75.339996,75.480003,74.720001,74.870003,52.984287,10126800
2014-11-17,74.809998,75.260002,74.809998,75.150002,53.182426,5108100
2014-11-18,75.230003,75.639999,75.059998,75.510002,53.437210,8649400
2014-11-19,75.459999,75.540001,75.000000,75.040001,53.104618,6087700
2014-11-20,74.839996,75.250000,74.610001,75.250000,53.253189,5225700
2014-11-21,75.889999,75.889999,75.510002,75.800003,53.642437,11642100
2014-11-24,76.059998,76.220001,75.879997,76.019997,53.798103,6410800
2014-11-25,76.160004,76.379997,75.910004,76.230003,53.946720,5977200
2014-11-26,76.379997,76.849998,76.260002,76.800003,54.350117,24093400
2014-11-28,76.660004,77.720001,76.620003,77.019997,54.505795,6364800
2014-12-01,76.900002,77.339996,76.300003,76.739998,54.307636,6441100
2014-12-02,76.580002,77.099998,76.169998,77.010002,54.498730,8923600
2014-12-03,77.029999,77.139999,76.750000,76.940002,54.449196,6650400
2014-12-04,77.080002,77.129997,76.529999,77.059998,54.534111,11707200
2014-12-05,76.629997,76.839996,76.139999,76.660004,54.251026,18115200
2014-12-08,76.629997,77.419998,76.440002,77.000000,54.491653,13087400
2014-12-09,76.639999,77.419998,76.449997,77.260002,54.675640,8587200
2014-12-10,76.980003,77.379997,76.760002,77.080002,54.548252,8776700
2014-12-11,77.050003,77.470001,77.050003,77.150002,54.597801,11043400
2014-12-12,77.019997,77.360001,76.430000,76.449997,54.102425,12861800
2014-12-15,76.620003,76.860001,75.430000,75.550003,53.465496,10420800
2014-12-16,75.650002,75.970001,74.919998,75.199997,53.217815,14201200
2014-12-17,75.459999,76.900002,75.349998,76.879997,54.406727,18752800
2014-12-18,77.209999,77.570000,76.900002,77.570000,54.895023,14002900
2014-12-19,77.449997,77.980003,77.320000,77.730003,55.008266,9311400
2014-12-22,77.699997,79.010002,77.650002,79.010002,55.914082,15917300
2014-12-23,79.019997,79.129997,78.449997,78.610001,55.631027,9392600
2014-12-24,77.970001,78.260002,77.430000,77.480003,55.402191,4057500
2014-12-26,77.650002,77.970001,77.629997,77.779999,55.616714,2903000
2014-12-29,77.699997,78.440002,77.480003,78.120003,55.859821,3913300
2014-12-30,77.889999,78.410004,77.830002,78.040001,55.802639,7674500
2014-12-31,78.260002,78.620003,76.760002,76.839996,54.944569,9269300
2015-01-02,77.470001,77.940002,77.080002,77.790001,55.623852,12872400
2015-01-05,77.589996,78.220001,77.440002,78.050003,55.809784,17764500
2015-01-06,78.230003,78.930000,78.150002,78.620003,56.217377,12123800
2015-01-07,78.650002,79.809998,78.489998,79.639999,56.946709,10974600
2015-01-08,79.839996,80.269997,79.470001,80.089996,57.268497,10114600
2015-01-09,80.150002,80.430000,79.610001,80.120003,57.289959,7466600
2015-01-12,80.239998,80.629997,80.000000,80.559998,57.604542,7158000
2015-01-13,80.680000,81.029999,79.889999,80.349998,57.454391,12015700
2015-01-14,79.980003,80.900002,79.820000,80.879997,57.833366,10170100
2015-01-15,81.169998,81.230003,80.580002,80.989998,57.912052,12157200
2015-01-16,80.900002,81.790001,80.730003,81.680000,58.405399,12006100
2015-01-20,81.900002,82.059998,80.809998,81.040001,57.947788,14678600
2015-01-21,80.980003,81.050003,80.639999,80.919998,57.861992,6809800
2015-01-22,81.260002,82.559998,81.150002,82.500000,58.991783,10640200
2015-01-23,82.449997,82.760002,82.150002,82.330002,58.870213,5036800
2015-01-26,82.370003,83.160004,82.129997,83.139999,59.449409,8672500
2015-01-27,82.839996,83.330002,82.699997,83.029999,59.370731,4193200
2015-01-28,83.209999,83.540001,82.419998,82.440002,58.948856,12341600
2015-01-29,82.730003,82.730003,81.809998,82.580002,59.048969,6878100
2015-01-30,82.570000,82.570000,81.169998,81.230003,58.083637,10085200
2015-02-02,81.260002,81.269997,79.559998,80.970001,57.897724,24404900
2015-02-03,80.720001,81.800003,80.540001,81.720001,58.434040,9988800
2015-02-04,81.489998,81.800003,81.059998,81.480003,58.262428,7781900
2015-02-05,81.559998,82.410004,81.430000,82.330002,58.870213,10348300
2015-02-06,82.099998,82.129997,79.849998,80.160004,57.318550,16536500
2015-02-09,80.059998,80.550003,79.750000,79.779999,57.046822,8727900
2015-02-10,79.839996,80.209999,79.199997,80.059998,57.247028,9174000
2015-02-11,80.070000,80.430000,79.339996,79.889999,57.125462,7335800
2015-02-12,80.500000,80.809998,79.800003,80.750000,57.740421,9485200
2015-02-13,80.790001,81.000000,79.900002,80.309998,57.425797,8445900
2015-02-17,80.080002,80.980003,79.959999,80.080002,57.261349,12515100
2015-02-18,80.269997,80.870003,79.580002,80.760002,57.747589,14340800
2015-02-19,80.080002,80.650002,79.110001,79.220001,56.646397,12481500
2015-02-20,79.690002,80.150002,79.129997,79.949997,57.168388,11002900
2015-02-23,80.260002,80.620003,79.900002,80.580002,57.618874,13375200
2015-02-24,80.080002,80.129997,78.779999,79.059998,56.531975,20628500
2015-02-25,78.970001,79.970001,78.940002,79.230003,56.653542,10763300
2015-02-26,78.959999,79.269997,78.370003,78.559998,56.174465,9507800
2015-02-27,78.599998,79.230003,78.300003,79.120003,56.574883,8342300
2015-03-02,79.139999,80.220001,79.139999,79.430000,56.796562,14633600
2015-03-03,79.110001,79.419998,78.669998,79.220001,56.646397,9993100
2015-03-04,79.239998,79.330002,78.440002,78.559998,56.174465,8349000
2015-03-05,78.790001,79.489998,78.750000,78.820000,56.360371,10928000
2015-03-06,77.709999,77.839996,76.330002,76.419998,54.644264,20520000
2015-03-09,76.940002,77.190002,76.699997,77.099998,55.130470,9657400
2015-03-10,76.820000,77.180000,76.660004,76.720001,54.858768,12492000
2015-03-11,76.889999,77.110001,76.570000,76.830002,54.937412,8404700
2015-03-12,77.250000,78.150002,77.169998,78.099998,55.845543,8212300
2015-03-13,78.029999,78.160004,77.400002,77.809998,55.638172,6949400
2015-03-16,78.150002,79.050003,78.150002,78.660004,56.245972,7447800
2015-03-17,78.620003,78.940002,78.220001,78.589996,56.195908,9367700
2015-03-18,78.570000,80.440002,78.209999,80.139999,57.304237,18583800
2015-03-19,80.070000,80.550003,79.820000,80.019997,57.218433,11850700
2015-03-20,80.540001,82.040001,80.300003,81.959999,58.605648,17722200
2015-03-23,81.900002,82.410004,81.669998,81.839996,58.519836,7329000
2015-03-24,81.550003,81.809998,81.139999,81.180000,58.047901,12777500
2015-03-25,80.730003,80.949997,79.029999,79.190002,57.089081,15304100
2015-03-26,78.959999,79.190002,78.529999,78.739998,56.764679,10719700
2015-03-27,78.989998,79.309998,78.680000,79.010002,56.959309,7485200
2015-03-30,79.669998,80.029999,79.099998,79.900002,57.600948,11187600
2015-03-31,79.370003,80.199997,79.180000,79.320000,57.182796,7088100
2015-04-01,79.190002,79.720001,78.709999,79.309998,57.175583,11385800
2015-04-02,79.070000,80.080002,79.070000,79.839996,57.557671,9028100
2015-04-06,80.209999,80.820000,79.959999,80.639999,58.134411,10547300
2015-04-07,80.889999,80.889999,79.330002,79.330002,57.190018,9165700
2015-04-08,79.400002,79.690002,79.220001,79.550003,57.348610,5823400
2015-04-09,79.459999,79.459999,77.989998,78.150002,56.339329,10568000
2015-04-10,78.639999,78.930000,77.860001,78.099998,56.303299,8593000
2015-04-13,78.220001,78.400002,77.839996,77.879997,56.144661,7430900
2015-04-14,78.169998,78.430000,77.870003,78.040001,56.260033,5267000
2015-04-15,78.330002,78.330002,77.570000,77.580002,55.928421,9424600
2015-04-16,77.370003,78.139999,77.160004,77.900002,56.159111,7173900
2015-04-17,77.500000,77.980003,77.029999,77.489998,55.863525,10724100
2015-04-20,77.889999,78.000000,77.370003,77.589996,55.935631,10799100
2015-04-21,77.800003,78.169998,77.500000,77.650002,55.978889,8797900
2015-04-22,77.800003,78.129997,77.610001,77.879997,56.144661,5737300
2015-04-23,77.739998,78.190002,77.660004,78.019997,56.245605,5199300
2015-04-24,78.139999,78.589996,77.879997,78.150002,56.339329,4576400
2015-04-27,78.309998,78.730003,77.849998,77.940002,56.187946,9280800
2015-04-28,78.180000,78.199997,77.470001,77.919998,56.173531,5714900
2015-04-29,77.010002,77.559998,76.269997,76.389999,55.070518,11455400
2015-04-30,76.339996,76.349998,75.019997,75.500000,54.428905,17918700
2015-05-01,75.430000,76.379997,75.330002,75.900002,54.717289,21746800
2015-05-04,76.260002,76.639999,75.940002,76.099998,54.861458,14824500
2015-05-05,75.900002,75.900002,74.339996,74.430000,53.657536,11862900
2015-05-06,74.449997,74.690002,73.889999,74.230003,53.513351,12904800
2015-05-07,74.510002,75.580002,74.339996,75.209999,54.219845,16791000
2015-05-08,76.339996,77.209999,76.190002,76.360001,55.048901,13075500
2015-05-11,76.139999,76.500000,75.059998,75.250000,54.248665,13330800
2015-05-12,74.839996,75.669998,74.269997,75.470001,54.407272,11913400
2015-05-13,76.000000,76.220001,74.690002,74.839996,53.953117,12145200
2015-05-14,75.279999,76.230003,75.220001,76.199997,54.933559,7909700
2015-05-15,76.540001,77.059998,76.260002,76.830002,55.387707,13163300
2015-05-18,76.650002,76.830002,76.320000,76.599998,55.221905,7063100
2015-05-19,76.070000,76.949997,76.070000,76.500000,55.149815,8381900
2015-05-20,76.550003,76.900002,76.330002,76.339996,55.034481,8277000
2015-05-21,76.389999,76.510002,75.709999,75.989998,54.782154,5536800
2015-05-22,75.959999,76.400002,75.550003,76.010002,54.796581,4251100
2015-05-26,76.379997,76.379997,75.260002,75.550003,54.464954,6393800
2015-05-27,75.769997,76.269997,75.440002,76.120003,54.875858,5962500
2015-05-28,76.209999,76.300003,75.660004,76.070000,54.839828,7022300
2015-05-29,75.970001,76.150002,75.150002,75.250000,54.248665,15271600
2015-06-01,75.449997,76.169998,75.139999,75.980003,54.774960,8459900
2015-06-02,75.720001,75.779999,75.150002,75.360001,54.327984,9112700
2015-06-03,75.290001,75.400002,74.320000,74.449997,53.671940,11585400
2015-06-04,74.349998,74.730003,74.160004,74.379997,53.621494,8710300
2015-06-05,73.199997,74.050003,73.169998,73.480003,52.972668,17844800
2015-06-08,73.639999,73.709999,73.239998,73.330002,52.864517,7176200
2015-06-09,73.300003,73.489998,72.739998,72.800003,52.482452,7886200
2015-06-10,72.699997,73.949997,72.669998,73.320000,52.857311,12669800
2015-06-11,73.900002,74.080002,73.680000,73.900002,53.275471,8347600
2015-06-12,73.790001,74.070000,73.629997,73.760002,53.174522,4892600
2015-06-15,73.680000,73.790001,73.220001,73.379997,52.900566,5062100
2015-06-16,73.580002,74.080002,73.339996,74.000000,53.347546,5015000
2015-06-17,73.949997,74.620003,73.500000,74.459999,53.679180,15038300
2015-06-18,74.500000,75.809998,74.489998,75.489998,54.421700,13450000
2015-06-19,75.430000,75.500000,74.790001,75.000000,54.068470,11366700
2015-06-22,74.800003,75.309998,74.250000,74.260002,53.534985,9208800
2015-06-23,74.050003,74.230003,73.660004,73.900002,53.275471,10518500
2015-06-24,73.279999,73.470001,72.769997,72.830002,52.975765,7574800
2015-06-25,72.760002,72.849998,72.110001,72.139999,52.473885,10651800
2015-06-26,72.050003,72.680000,71.849998,72.489998,52.728458,9671100
2015-06-29,72.510002,72.900002,71.290001,71.330002,51.884689,7226300
2015-06-30,71.849998,72.000000,71.239998,71.300003,51.862854,13702600
2015-07-01,71.279999,72.410004,71.070000,72.389999,52.655701,10856300
2015-07-02,72.790001,73.389999,72.470001,72.550003,52.772095,7691800
2015-07-06,72.330002,73.040001,72.139999,72.879997,53.012127,11054900
2015-07-07,73.449997,74.150002,73.190002,74.000000,53.826797,12555400
2015-07-08,73.669998,73.980003,73.430000,73.610001,53.543129,7358500
2015-07-09,73.860001,74.059998,73.080002,73.260002,53.288536,8497100
2015-07-10,73.419998,74.279999,73.370003,73.769997,53.659531,12232300
2015-07-13,73.910004,74.690002,73.589996,73.879997,53.739536,9096300
2015-07-14,73.959999,74.349998,73.730003,74.080002,53.885014,5039200
2015-07-15,73.800003,74.379997,73.769997,74.150002,53.935909,5691900
2015-07-16,74.629997,74.809998,74.339996,74.680000,54.321438,6128500
2015-07-17,74.900002,74.900002,74.180000,74.389999,54.110489,11760900
2015-07-20,74.440002,74.680000,74.050003,74.519997,54.205059,4780500
2015-07-21,74.449997,74.839996,74.250000,74.250000,54.008659,5816200
2015-07-22,74.410004,74.809998,74.279999,74.459999,54.161404,6674800
2015-07-23,74.570000,74.610001,73.489998,73.930000,53.775887,8558000
2015-07-24,73.959999,74.279999,73.699997,73.949997,53.790440,5632000
2015-07-27,74.050003,74.500000,73.900002,74.110001,53.906822,6326100
2015-07-28,73.940002,74.480003,73.940002,74.250000,54.008659,6276000
2015-07-29,74.290001,74.779999,73.800003,74.629997,54.285076,7111000
2015-07-30,74.309998,74.639999,74.120003,74.349998,54.081409,6573800
2015-07-31,74.989998,75.379997,74.699997,74.830002,54.430550,10817000
2015-08-03,74.839996,75.260002,74.760002,75.199997,54.699680,6576300
2015-08-04,75.070000,75.580002,74.639999,74.809998,54.415997,11675200
2015-08-05,75.000000,75.089996,74.220001,74.489998,54.183205,19488200
2015-08-06,74.480003,74.629997,73.440002,74.489998,54.183205,12177900
2015-08-07,74.410004,74.879997,73.949997,74.750000,54.372364,8922300
2015-08-10,75.010002,75.160004,74.440002,74.760002,54.379627,6650700
2015-08-11,74.690002,75.480003,74.470001,75.260002,54.743328,15118000
2015-08-12,74.989998,75.419998,74.510002,75.370003,54.823349,9449200
2015-08-13,75.339996,75.839996,74.730003,75.519997,54.932449,6766300
2015-08-14,75.379997,76.000000,75.099998,75.949997,55.245224,6172000
2015-08-17,75.949997,76.550003,75.639999,76.519997,55.659821,13312500
2015-08-18,76.260002,76.690002,76.209999,76.580002,55.703476,7646100
2015-08-19,76.309998,76.519997,75.730003,76.160004,55.397964,12455500
2015-08-20,75.739998,76.050003,75.430000,75.570000,54.968815,10035600
2015-08-21,75.139999,75.430000,74.010002,74.089996,53.892292,15775300
2015-08-24,71.769997,72.910004,70.389999,70.629997,51.375500,30430400
2015-08-25,72.239998,72.250000,68.779999,68.849998,50.080761,19250300
2015-08-26,69.529999,70.769997,69.150002,70.570000,51.331867,15152900
2015-08-27,71.389999,72.550003,70.739998,71.989998,52.364758,12395800
2015-08-28,71.800003,72.070000,71.480003,71.910004,52.306576,8457300
2015-08-31,71.870003,71.940002,70.480003,70.480003,51.266407,10548700
2015-09-01,69.779999,70.099998,68.690002,69.139999,50.291721,12235700
2015-09-02,69.790001,70.040001,69.220001,69.879997,50.829967,8836800
2015-09-03,69.809998,70.540001,69.769997,70.019997,50.931805,8479800
2015-09-04,69.529999,69.639999,68.279999,68.690002,49.964367,11283100
2015-09-08,68.949997,69.940002,68.949997,69.730003,50.720852,11894600
2015-09-09,70.290001,70.570000,68.779999,68.879997,50.102585,9367600
2015-09-10,68.699997,69.650002,68.699997,68.959999,50.160770,8826100
2015-09-11,69.199997,70.120003,68.830002,70.089996,50.982704,8895200
2015-09-14,70.300003,70.309998,69.889999,70.050003,50.953636,6123800
2015-09-15,70.070000,70.849998,69.680000,70.639999,51.382786,7419200
2015-09-16,70.599998,71.699997,70.589996,71.550003,52.044720,6440100
2015-09-17,71.559998,73.480003,71.199997,72.250000,52.553894,23255500
2015-09-18,71.489998,72.889999,71.279999,72.010002,52.379314,15598900
2015-09-21,72.040001,72.949997,72.040001,72.639999,52.837570,12965300
2015-09-22,72.239998,72.400002,71.480003,71.680000,52.139259,7487300
2015-09-23,72.019997,72.389999,71.540001,72.010002,52.379314,6846100
2015-09-24,71.919998,72.180000,70.970001,71.349998,51.899227,9862500
2015-09-25,70.989998,71.559998,70.629997,71.040001,52.160622,8098200
2015-09-28,70.790001,70.879997,69.300003,69.760002,51.220798,11976500
2015-09-29,69.779999,70.639999,69.629997,70.250000,51.580570,10142100
2015-09-30,70.769997,71.050003,70.320000,70.949997,52.094532,9887100
2015-10-01,71.059998,71.370003,70.540001,71.279999,52.336838,8296500
2015-10-02,71.540001,71.900002,70.550003,71.900002,52.792076,12667900
2015-10-05,72.019997,73.290001,71.980003,73.190002,53.739246,6663000
2015-10-06,73.209999,73.510002,72.860001,73.010002,53.607086,4900900
2015-10-07,73.459999,73.760002,73.040001,73.720001,54.128384,6780200
2015-10-08,73.629997,74.449997,73.419998,74.330002,54.576271,8343400
2015-10-09,74.610001,74.699997,73.889999,74.250000,54.517529,5761900
2015-10-12,74.290001,74.919998,74.110001,74.650002,54.811241,5143600
2015-10-13,74.349998,74.690002,73.930000,74.099998,54.407391,8391100
2015-10-14,74.230003,74.349998,73.440002,73.620003,54.054985,8572800
2015-10-15,73.779999,74.500000,73.669998,74.459999,54.671730,5692000
2015-10-16,74.570000,75.169998,74.540001,75.059998,55.112267,5913700
2015-10-19,75.029999,75.989998,74.879997,75.949997,55.765766,7806700
2015-10-20,75.559998,76.169998,75.559998,76.040001,55.831844,10961400
2015-10-21,76.050003,76.339996,75.650002,75.769997,55.633579,5887900
2015-10-22,75.889999,76.769997,75.769997,76.599998,56.243000,8893900
2015-10-23,76.980003,77.000000,75.440002,75.900002,55.729038,8063000
2015-10-26,75.959999,76.099998,75.320000,75.889999,55.721695,6239000
2015-10-27,75.680000,75.919998,75.300003,75.699997,55.582203,9751800
2015-10-28,75.739998,76.360001,74.650002,75.989998,55.795135,16084400
2015-10-29,75.669998,76.059998,75.419998,75.910004,55.736404,7657800
2015-10-30,75.919998,76.129997,75.269997,75.360001,55.332554,9418500
2015-11-02,75.419998,77.040001,75.349998,77.029999,56.558727,20538100
2015-11-03,76.750000,76.769997,76.010002,76.269997,56.000702,7607300
2015-11-04,76.199997,76.480003,75.739998,75.940002,55.758408,7163700
2015-11-05,75.949997,76.220001,75.459999,76.160004,55.919952,8065900
2015-11-06,74.980003,75.349998,73.510002,73.980003,54.319309,23851000
2015-11-09,73.389999,73.709999,72.480003,72.980003,53.585060,13643800
2015-11-10,73.029999,73.800003,72.980003,73.650002,54.077011,9734500
2015-11-11,73.669998,74.080002,73.489998,73.739998,54.143085,4765400
2015-11-12,73.650002,73.870003,73.120003,73.209999,53.753929,6101900
2015-11-13,73.389999,73.610001,72.430000,72.440002,53.188553,11693000
2015-11-16,72.300003,73.309998,72.300003,73.290001,53.812668,7639900
2015-11-17,73.190002,73.959999,72.959999,73.330002,53.842033,9096300
2015-11-18,73.589996,74.169998,73.120003,74.110001,54.414742,8297800
2015-11-19,74.279999,74.620003,74.019997,74.320000,54.568947,6543000
2015-11-20,74.389999,75.169998,74.379997,75.080002,55.126949,7804800
2015-11-23,75.080002,75.510002,74.959999,75.209999,55.222408,5148700
2015-11-24,75.309998,75.309998,74.250000,74.839996,54.950729,9755400
2015-11-25,74.910004,75.279999,74.839996,75.089996,55.134308,4324400
2015-11-27,74.910004,75.910004,74.910004,75.690002,55.574844,3255300
2015-11-30,75.800003,76.080002,74.989998,75.209999,55.222408,12528300
2015-12-01,75.500000,76.209999,75.169998,76.139999,55.905266,9098100
2015-12-02,75.809998,76.040001,74.620003,74.699997,54.847950,8035600
2015-12-03,74.529999,74.660004,73.400002,73.599998,54.040272,14229900
2015-12-04,73.790001,75.059998,73.599998,74.830002,54.943386,9648400
2015-12-07,74.720001,75.000000,74.349998,74.629997,54.796551,9785600
2015-12-08,74.300003,74.760002,74.099998,74.449997,54.664394,9961000
2015-12-09,74.040001,74.849998,73.660004,73.989998,54.326626,13820000
2015-12-10,73.910004,74.339996,73.489998,73.570000,54.018265,6709400
2015-12-11,73.279999,73.629997,72.800003,73.230003,53.768623,10311100
2015-12-14,72.930000,73.720001,72.610001,73.459999,53.937496,13501300
2015-12-15,73.910004,74.620003,73.769997,74.269997,54.532219,10914100
2015-12-16,74.570000,75.870003,74.500000,75.730003,55.604218,15076200
2015-12-17,75.900002,75.900002,75.099998,75.360001,55.332554,9570800
2015-12-18,75.150002,75.400002,74.370003,74.400002,54.627678,14399200
2015-12-21,74.910004,75.110001,74.360001,74.779999,54.906693,9353700
2015-12-22,75.139999,75.500000,74.879997,75.089996,55.134308,8286600
2015-12-23,75.180000,75.970001,75.139999,75.940002,55.758408,7034200
2015-12-24,74.970001,75.239998,74.610001,75.000000,55.773270,3726600
2015-12-28,74.750000,75.320000,74.570000,75.220001,55.936905,6272800
2015-12-29,75.489998,76.089996,75.410004,75.989998,56.509495,5219300
2015-12-30,76.050003,76.129997,75.570000,75.650002,56.256653,4516300
2015-12-31,75.760002,75.849998,74.980003,75.080002,55.832775,7588400
2016-01-04,74.709999,74.709999,73.570000,74.349998,55.289925,14761900
2016-01-05,74.330002,75.779999,74.239998,75.570000,56.197159,11206900
2016-01-06,74.949997,75.440002,74.830002,75.320000,56.011261,11334600
2016-01-07,74.230003,74.639999,73.620003,73.639999,54.761929,11830900
2016-01-08,74.220001,74.320000,72.639999,72.769997,54.114952,10708700
2016-01-11,73.059998,73.449997,72.779999,73.059998,54.330631,9585300
2016-01-12,73.519997,73.629997,72.160004,72.550003,53.951344,10253000
2016-01-13,72.889999,73.309998,71.309998,71.449997,53.133343,11502400
2016-01-14,71.410004,72.000000,70.809998,71.349998,53.058983,10981100
2016-01-15,70.489998,70.809998,69.870003,70.540001,52.456635,14280200
2016-01-19,70.660004,71.470001,70.529999,70.750000,52.612801,15626800
2016-01-20,70.000000,70.230003,67.330002,68.870003,51.214748,21693100
2016-01-21,69.099998,70.320000,68.690002,69.330002,51.556820,13935300
2016-01-22,70.150002,71.550003,69.930000,71.250000,52.984623,12986400
2016-01-25,71.070000,71.730003,70.500000,70.550003,52.464085,10029600
2016-01-26,70.930000,72.089996,70.910004,72.059998,53.586975,9312900
2016-01-27,71.940002,71.940002,70.419998,70.940002,52.754105,11347200
2016-01-28,71.279999,71.540001,70.190002,70.470001,52.404560,13330300
2016-01-29,70.730003,72.010002,70.410004,72.000000,53.542332,16413000
2016-02-01,71.699997,72.599998,71.320000,72.010002,53.549786,17044700
2016-02-02,71.620003,71.919998,70.919998,71.250000,52.984623,10321700
2016-02-03,71.720001,71.879997,70.599998,71.599998,53.244896,9725600
2016-02-04,71.220001,72.080002,70.959999,71.680000,53.304371,6837700
2016-02-05,71.309998,71.459999,70.029999,70.070000,52.107124,11681100
2016-02-08,69.300003,69.760002,67.050003,68.010002,50.575203,14662000
2016-02-09,67.150002,67.599998,66.339996,66.910004,49.757210,13482200
2016-02-10,67.169998,68.209999,67.099998,67.260002,50.017487,9704500
2016-02-11,66.269997,66.709999,65.879997,66.269997,49.281281,12573300
2016-02-12,66.879997,67.279999,66.540001,67.129997,49.920811,9710500
2016-02-16,67.570000,68.470001,67.430000,68.419998,50.880093,7284800
2016-02-17,68.750000,69.750000,68.570000,69.040001,51.341160,8160800
2016-02-18,69.059998,69.889999,68.849998,69.699997,51.831974,7608200
2016-02-19,69.440002,70.199997,69.139999,69.849998,51.943512,7120900
2016-02-22,70.309998,71.080002,70.300003,70.660004,52.545868,9057300
2016-02-23,70.330002,71.190002,70.330002,70.489998,52.419453,4253300
2016-02-24,70.209999,70.699997,69.739998,70.519997,52.441750,5452000
2016-02-25,70.889999,71.839996,70.720001,71.800003,53.393612,6773800
2016-02-26,71.500000,72.139999,71.500000,71.580002,53.230038,6575400
2016-02-29,71.470001,72.360001,71.309998,71.459999,53.140800,8193700
2016-03-01,71.760002,73.400002,71.750000,73.320000,54.523964,15292900
2016-03-02,72.769997,73.879997,72.760002,73.879997,54.940399,6681000
2016-03-03,73.910004,74.300003,73.570000,74.250000,55.215534,6396600
2016-03-04,74.019997,74.580002,73.900002,74.449997,55.364265,5268100
2016-03-07,74.089996,74.769997,73.959999,74.589996,55.468388,8084200
2016-03-08,75.029999,75.029999,73.709999,73.820000,54.895790,7102900
2016-03-09,73.940002,74.500000,73.839996,74.120003,55.118881,3474800
2016-03-10,74.580002,74.820000,73.110001,73.930000,54.977577,8688600
2016-03-11,74.720001,75.699997,74.500000,75.680000,56.278969,9317600
2016-03-14,75.430000,75.669998,75.150002,75.580002,56.204605,5224000
2016-03-15,75.190002,75.720001,75.059998,75.559998,56.189724,7123500
2016-03-16,75.430000,76.620003,75.120003,76.519997,56.903614,8958600
2016-03-17,76.690002,77.769997,76.370003,77.589996,57.699326,9731000
2016-03-18,77.820000,77.930000,77.260002,77.290001,57.476215,7792700
2016-03-21,77.000000,77.449997,76.660004,76.790001,57.104408,7313800
2016-03-22,76.540001,76.989998,76.330002,76.809998,57.119282,9185800
2016-03-23,75.930000,76.019997,75.360001,75.370003,56.716694,5198900
2016-03-24,75.089996,75.480003,74.720001,75.430000,56.761833,5752000
2016-03-28,75.580002,76.209999,75.370003,76.010002,57.198299,6314800
2016-03-29,76.379997,77.550003,75.820000,77.519997,58.334576,9814900
2016-03-30,77.800003,77.900002,77.339996,77.400002,58.244286,5648100
2016-03-31,77.330002,77.959999,77.260002,77.860001,58.590435,5861100
2016-04-01,77.510002,78.040001,77.309998,77.910004,58.628075,11121200
2016-04-04,77.940002,78.099998,77.540001,77.800003,58.545284,6863400
2016-04-05,77.379997,77.629997,77.129997,77.360001,58.214176,10308600
2016-04-06,77.290001,77.629997,76.910004,77.550003,58.357147,5611900
2016-04-07,77.279999,77.550003,76.750000,77.129997,58.041103,7933200
2016-04-08,77.440002,77.870003,77.400002,77.570000,58.372231,6670700
2016-04-11,77.669998,77.980003,77.440002,77.470001,58.296963,7993500
2016-04-12,77.650002,78.150002,77.440002,78.000000,58.695797,8600300
2016-04-13,78.199997,78.279999,77.540001,77.820000,58.560356,7197600
2016-04-14,77.629997,77.779999,77.180000,77.320000,58.184086,5550200
2016-04-15,77.500000,78.019997,77.260002,77.830002,58.567871,6525900
2016-04-18,77.739998,78.199997,77.610001,78.160004,58.816196,6580800
2016-04-19,78.300003,78.360001,77.919998,78.239998,58.876392,5342000
2016-04-20,77.959999,78.260002,77.080002,77.139999,58.048637,11451500
2016-04-21,76.860001,77.220001,75.620003,75.830002,57.062847,12773600
2016-04-22,76.190002,76.790001,76.000000,76.639999,57.672371,6374100
2016-04-25,76.330002,77.139999,76.330002,77.120003,58.033585,5130500
2016-04-26,77.300003,77.800003,77.150002,77.400002,58.244286,6329600
2016-04-27,77.360001,77.559998,76.620003,77.379997,58.229229,7181800
2016-04-28,76.849998,77.680000,76.849998,77.199997,58.093769,6160000
2016-04-29,76.580002,77.010002,75.820000,76.559998,57.612160,11074600
2016-05-02,76.260002,77.769997,76.199997,77.580002,58.379745,10588200
2016-05-03,77.389999,77.489998,76.860001,77.410004,58.251804,5919500
2016-05-04,76.889999,78.610001,76.889999,78.449997,59.034397,10523700
2016-05-05,78.260002,78.849998,78.250000,78.750000,59.260170,6963000
2016-05-06,78.650002,79.550003,78.309998,79.519997,59.839592,9213600
2016-05-09,79.669998,80.300003,79.589996,80.160004,60.321224,8998700
2016-05-10,80.500000,80.529999,79.980003,80.309998,60.434093,7216700
2016-05-11,80.209999,80.239998,78.629997,78.879997,59.358002,11123200
2016-05-12,78.949997,79.529999,78.440002,79.269997,59.651501,6421300
2016-05-13,78.989998,79.050003,78.190002,78.629997,59.169876,7285200
2016-05-16,78.559998,79.519997,78.449997,79.250000,59.636417,6116200
2016-05-17,78.970001,79.029999,77.599998,78.050003,58.733433,12037900
2016-05-18,77.650002,77.849998,76.070000,76.959999,57.913185,13805000
2016-05-19,76.500000,76.559998,75.730003,76.129997,57.288605,9722400
2016-05-20,76.099998,76.839996,76.099998,76.739998,57.747623,8651100
2016-05-23,76.870003,77.080002,76.610001,76.809998,57.800304,7270900
2016-05-24,77.190002,77.760002,77.190002,77.730003,58.492622,8501300
2016-05-25,77.970001,77.989998,77.120003,77.849998,58.582912,6782800
2016-05-26,77.589996,78.139999,77.510002,77.900002,58.620544,7101200
2016-05-27,77.940002,78.580002,77.900002,78.239998,58.876392,5950900
2016-05-31,78.260002,78.500000,77.790001,78.250000,58.883907,9922800
2016-06-01,77.970001,78.440002,77.760002,78.300003,58.921555,13566800
2016-06-02,78.269997,78.730003,77.930000,78.720001,59.237606,6953900
2016-06-03,79.599998,79.750000,78.000000,78.959999,59.418182,10328700
2016-06-06,79.080002,79.220001,78.150002,78.470001,59.049477,11093200
2016-06-07,78.589996,79.209999,78.589996,78.949997,59.410690,5535500
2016-06-08,78.760002,79.410004,78.690002,79.370003,59.726753,5825100
2016-06-09,79.220001,79.570000,79.070000,79.489998,59.817020,5074600
2016-06-10,79.300003,79.400002,78.930000,79.099998,59.523548,7315500
2016-06-13,79.040001,79.660004,78.900002,79.040001,59.478409,6856200
2016-06-14,78.949997,79.160004,78.410004,78.610001,59.154839,5850100
2016-06-15,78.709999,79.629997,78.669998,79.330002,59.696613,6816000
2016-06-16,79.129997,79.779999,78.820000,79.730003,59.997631,6448500
2016-06-17,79.660004,79.750000,79.050003,79.610001,59.907322,9294500
2016-06-20,79.889999,80.639999,79.690002,79.760002,60.020226,10090800
2016-06-21,79.300003,79.599998,79.080002,79.370003,60.266998,6669500
2016-06-22,79.459999,79.559998,79.099998,79.330002,60.236618,6439100
2016-06-23,79.519997,80.000000,79.519997,79.860001,60.639069,4847800
2016-06-24,78.699997,79.750000,77.839996,78.889999,59.902504,14430400
2016-06-27,78.629997,78.849998,77.669998,78.739998,59.788624,10629600
2016-06-28,79.300003,80.459999,79.010002,80.449997,61.087051,10328500
2016-06-29,80.820000,81.599998,80.820000,81.480003,61.869148,11383600
2016-06-30,81.599998,82.389999,81.029999,82.389999,62.560135,10251600
2016-07-01,82.720001,82.949997,82.099998,82.330002,62.514557,12802500
2016-07-05,82.300003,83.199997,82.239998,82.959999,62.992931,9271300
2016-07-06,82.800003,82.970001,82.199997,82.660004,62.765133,9176100
2016-07-07,82.500000,82.529999,81.589996,81.930000,62.210815,8439900
2016-07-08,82.389999,83.239998,82.279999,83.139999,63.129601,6783200
2016-07-11,83.379997,83.860001,82.800003,83.739998,63.585194,7621300
2016-07-12,83.309998,83.889999,83.190002,83.839996,63.661129,10153600
2016-07-13,84.000000,84.199997,83.650002,84.190002,63.926907,8052000
2016-07-14,83.919998,84.089996,83.400002,83.570000,63.456131,8967100
2016-07-15,83.160004,83.699997,83.070000,83.639999,63.509266,8375800
2016-07-18,83.629997,83.860001,83.529999,83.849998,63.668716,4564400
2016-07-19,83.900002,84.230003,83.459999,84.230003,63.957260,6164200
2016-07-20,84.220001,84.279999,83.930000,84.209999,63.942078,5427200
2016-07-21,83.980003,84.410004,83.720001,84.330002,64.033218,6274800
2016-07-22,84.089996,85.269997,84.089996,85.029999,64.564728,6486700
2016-07-25,85.099998,85.589996,84.589996,84.949997,64.503960,3462900
2016-07-26,84.830002,85.000000,84.330002,84.559998,64.207840,3788700
2016-07-27,84.349998,84.459999,83.269997,83.959999,63.752247,6644900
2016-07-28,83.900002,84.849998,83.599998,84.580002,64.223030,5188800
2016-07-29,84.769997,85.800003,84.410004,85.400002,64.845673,8250700
2016-08-01,85.500000,85.790001,85.320000,85.699997,65.073471,6392100
2016-08-02,85.440002,85.739998,84.300003,84.400002,64.086357,9270700
2016-08-03,84.400002,84.559998,83.629997,84.040001,63.812988,6842100
2016-08-04,83.930000,84.209999,83.589996,83.839996,63.661129,6382100
2016-08-05,83.800003,84.110001,83.529999,83.949997,63.744644,8833000
2016-08-08,83.870003,84.389999,83.739998,84.029999,63.805386,6819900
2016-08-09,83.959999,84.349998,83.550003,84.339996,64.040787,5204300
2016-08-10,84.220001,84.730003,84.019997,84.230003,63.957260,6626300
2016-08-11,84.269997,84.320000,83.080002,83.430000,63.349804,7592300
2016-08-12,83.959999,84.379997,83.550003,83.660004,63.524437,6637800
2016-08-15,83.510002,84.080002,83.510002,83.599998,63.478897,5101600
2016-08-16,83.389999,83.489998,82.510002,82.620003,62.734756,6807700
2016-08-17,82.790001,82.980003,81.949997,82.860001,62.917030,10686600
2016-08-18,82.930000,83.139999,82.209999,82.620003,62.734756,5918300
2016-08-19,82.150002,82.529999,81.800003,82.019997,62.279175,6538000
2016-08-22,82.190002,82.510002,82.019997,82.440002,62.598099,6701200
2016-08-23,82.959999,82.989998,82.570000,82.620003,62.734756,4882500
2016-08-24,82.639999,82.720001,81.919998,82.220001,62.431049,4554400
2016-08-25,82.110001,83.059998,82.110001,82.519997,62.658821,5365800
2016-08-26,82.589996,83.199997,81.239998,81.750000,62.074142,11479500
2016-08-29,82.639999,82.779999,81.919998,82.519997,62.658821,4256900
2016-08-30,82.599998,82.709999,81.800003,82.379997,62.552536,5068800
2016-08-31,82.379997,82.739998,82.080002,82.540001,62.674004,6967000
2016-09-01,82.480003,82.639999,81.949997,82.400002,62.567726,9000400
2016-09-02,82.669998,83.900002,82.639999,83.059998,63.068886,7591700
2016-09-06,83.160004,83.709999,82.779999,83.650002,63.516857,9714000
2016-09-07,83.769997,84.230003,83.370003,84.129997,63.881321,7966300
2016-09-08,83.830002,83.989998,83.139999,83.169998,63.152390,6694900
2016-09-09,81.860001,82.110001,79.860001,79.860001,60.639069,17349400
2016-09-12,79.510002,81.190002,79.510002,80.830002,61.375587,13320200
2016-09-13,80.339996,80.480003,78.669998,78.860001,59.879726,14340900
2016-09-14,79.029999,79.599998,78.820000,79.099998,60.061981,7384300
2016-09-15,79.059998,79.620003,78.680000,79.459999,60.335304,7345700
2016-09-16,79.220001,79.500000,78.900002,79.379997,60.274582,10133700
2016-09-19,79.650002,80.209999,79.599998,80.129997,60.844070,6199200
2016-09-20,80.750000,80.750000,79.970001,80.000000,60.745350,7847700
2016-09-21,80.129997,81.120003,79.129997,80.919998,61.443913,12499400
2016-09-22,81.709999,82.550003,81.660004,82.489998,62.636059,10324100
2016-09-23,82.349998,84.360001,81.639999,82.699997,62.795502,9020800
2016-09-26,81.800003,82.309998,81.519997,82.099998,62.869003,5762100
2016-09-27,82.309998,82.379997,81.279999,81.459999,62.378948,6379700
2016-09-28,81.610001,82.029999,81.260002,81.910004,62.723522,4672900
2016-09-29,81.669998,81.870003,80.720001,81.029999,62.049679,7136000
2016-09-30,81.510002,81.769997,80.570000,80.639999,61.751019,9896500
2016-10-03,80.230003,80.339996,79.080002,79.180000,60.632996,15512600
2016-10-04,79.250000,79.250000,77.650002,78.040001,59.760029,11730800
2016-10-05,78.250000,78.589996,76.500000,76.529999,58.603718,15890000
2016-10-06,76.349998,77.180000,75.599998,76.660004,58.703308,13203300
2016-10-07,77.150002,77.809998,76.139999,76.550003,58.619049,10976900
2016-10-10,76.610001,77.279999,76.610001,77.000000,58.963634,5210400
2016-10-11,76.830002,77.019997,76.059998,76.230003,58.374008,8292700
2016-10-12,76.470001,77.330002,76.070000,77.260002,59.162739,4880700
2016-10-13,77.040001,77.889999,76.730003,77.690002,59.492008,9980300
2016-10-14,77.519997,78.290001,77.309998,77.430000,59.292915,9223800
2016-10-17,77.599998,78.029999,77.500000,77.529999,59.369488,5460800
2016-10-18,77.980003,78.500000,77.790001,78.059998,59.775364,4949300
2016-10-19,78.099998,78.389999,77.680000,78.389999,60.028053,4842900
2016-10-20,78.260002,78.599998,77.669998,78.089996,59.798317,3795600
2016-10-21,77.620003,78.089996,77.430000,77.989998,59.721748,4456500
2016-10-24,78.239998,78.919998,77.889999,78.199997,59.882561,5336500
2016-10-25,78.040001,78.169998,77.730003,78.050003,59.767681,3609000
2016-10-26,77.660004,77.809998,76.669998,77.139999,59.070850,8385500
2016-10-27,76.989998,77.000000,75.169998,75.370003,57.715454,12575200
2016-10-28,75.370003,76.120003,75.260002,75.519997,57.830311,7028400
2016-10-31,75.949997,76.709999,75.529999,76.639999,58.687973,9920800
2016-11-01,76.239998,76.309998,74.739998,74.949997,57.393818,13173300
2016-11-02,74.879997,75.010002,73.889999,73.989998,56.658699,11959300
2016-11-03,74.029999,74.150002,73.440002,73.559998,56.329411,8040500
2016-11-04,73.550003,74.230003,73.360001,73.949997,56.628063,9855600
2016-11-07,74.650002,75.260002,74.629997,75.160004,57.554634,12150900
2016-11-08,75.139999,75.830002,74.930000,75.620003,57.906895,6871400
2016-11-09,73.900002,74.849998,73.050003,74.220001,56.834827,18535400
2016-11-10,74.029999,74.169998,72.110001,72.870003,55.801052,26429700
2016-11-11,72.790001,74.019997,72.699997,73.260002,56.099712,10174200
2016-11-14,73.000000,74.769997,72.519997,74.500000,57.049236,19173600
2016-11-15,74.889999,75.370003,73.739998,74.230003,56.842487,10743900
2016-11-16,74.099998,74.480003,73.610001,74.070000,56.719948,7474500
2016-11-17,73.980003,74.570000,73.430000,73.459999,56.252842,10301400
2016-11-18,73.639999,73.940002,73.290001,73.680000,56.421318,6874900
2016-11-21,74.010002,74.510002,73.580002,73.690002,56.428978,8475000
2016-11-22,73.919998,74.989998,73.860001,74.949997,57.393818,7707100
2016-11-23,74.050003,74.669998,73.980003,74.540001,57.079872,8504000
2016-11-25,74.559998,75.300003,74.559998,74.919998,57.370853,3487600
2016-11-28,74.889999,75.690002,74.879997,75.180000,57.569954,7222300
2016-11-29,75.269997,76.120003,75.199997,75.800003,58.044735,7662400
2016-11-30,75.169998,75.470001,74.610001,74.849998,57.317245,10068900
2016-12-01,74.290001,74.680000,73.389999,73.669998,56.413635,12051600
2016-12-02,74.099998,75.139999,74.099998,74.449997,57.010948,7779600
2016-12-05,74.599998,75.150002,74.330002,75.040001,57.462746,9684400
2016-12-06,75.220001,75.820000,75.000000,75.519997,57.830311,7492700
2016-12-07,75.550003,77.050003,75.489998,76.989998,58.955978,10029900
2016-12-08,76.389999,77.629997,76.389999,77.379997,59.254631,8365300
2016-12-09,77.379997,77.989998,77.209999,77.320000,59.208683,7254700
2016-12-12,77.169998,77.860001,77.010002,77.800003,59.576229,11162600
2016-12-13,78.120003,78.220001,77.309998,77.800003,59.576229,10695500
2016-12-14,77.889999,78.070000,76.139999,76.360001,58.473549,15504300
2016-12-15,76.349998,76.669998,75.570000,75.790001,58.037056,10382200
2016-12-16,76.040001,77.250000,76.040001,76.800003,58.810490,9811600
2016-12-19,77.199997,77.849998,77.129997,77.650002,59.461380,10510500
2016-12-20,77.620003,78.400002,77.300003,77.790001,59.568604,6843800
2016-12-21,76.769997,77.180000,75.720001,75.769997,58.835564,8885800
2016-12-22,75.510002,75.730003,74.970001,75.629997,58.726864,4245100
2016-12-23,75.820000,75.870003,75.500000,75.830002,58.882164,2930900
2016-12-27,76.040001,76.129997,75.620003,75.919998,58.952053,2740000
2016-12-28,76.099998,76.099998,75.160004,75.470001,58.602623,5386600
2016-12-29,75.650002,76.419998,75.339996,76.220001,59.185017,5736200
2016-12-30,76.330002,77.089996,75.959999,76.940002,59.744080,5978900
2017-01-03,77.139999,77.320000,76.680000,77.250000,59.984798,6305100
2017-01-04,77.230003,78.449997,77.230003,78.309998,60.807877,10804600
2017-01-05,77.809998,78.629997,77.419998,78.580002,61.017551,9419600
2017-01-06,78.089996,78.830002,78.089996,78.410004,60.885536,6768300
2017-01-09,78.610001,78.720001,77.809998,77.889999,60.481735,6589400
2017-01-10,77.860001,77.970001,77.129997,77.160004,59.914921,7720800
2017-01-11,77.150002,77.379997,76.769997,76.830002,59.658680,8190600
2017-01-12,76.849998,77.199997,76.209999,77.180000,59.930458,9531700
2017-01-13,77.129997,77.470001,76.820000,77.099998,59.868332,5200100
2017-01-17,77.360001,77.690002,77.209999,77.620003,60.272102,6829200
2017-01-18,77.620003,78.010002,77.489998,77.750000,60.373035,5592200
2017-01-19,77.330002,77.519997,76.790001,76.940002,59.744080,9277900
2017-01-20,76.949997,77.489998,76.849998,77.430000,60.124550,7716600
2017-01-23,77.449997,78.160004,77.349998,78.019997,60.582695,5135900
2017-01-24,77.989998,78.379997,77.730003,78.199997,60.722481,6270200
2017-01-25,78.050003,78.430000,77.559998,77.779999,60.396347,7830000
2017-01-26,77.860001,78.199997,77.570000,77.699997,60.334232,5819700
2017-01-27,77.839996,77.980003,76.699997,76.970001,59.767365,5415400
2017-01-30,76.800003,76.849998,76.230003,76.440002,59.355831,5317900
2017-01-31,76.129997,77.400002,76.080002,77.040001,59.821732,7263300
2017-02-01,76.889999,77.430000,76.110001,76.129997,59.115108,9419400
2017-02-02,76.239998,77.080002,76.209999,76.980003,59.775154,7063000
2017-02-03,77.410004,77.849998,77.230003,77.500000,60.178925,7572100
2017-02-06,77.690002,77.699997,77.120003,77.239998,59.977020,6787300
2017-02-07,77.470001,77.610001,77.010002,77.129997,59.891624,4041100
2017-02-08,77.449997,77.809998,77.110001,77.690002,60.326462,7792200
2017-02-09,77.739998,78.029999,77.610001,77.930000,60.512814,3932800
2017-02-10,77.790001,78.570000,77.739998,78.529999,60.978722,6092000
2017-02-13,78.650002,78.919998,78.290001,78.790001,61.180611,6678900
2017-02-14,78.589996,78.639999,77.779999,78.349998,60.838928,8255300
2017-02-15,77.930000,78.339996,77.500000,78.279999,60.784588,10263200
2017-02-16,78.349998,79.120003,78.129997,78.650002,61.071918,8259900
2017-02-17,78.820000,78.930000,78.269997,78.779999,61.172836,6812900
2017-02-21,78.660004,79.830002,78.360001,79.769997,61.941559,8555800
2017-02-22,79.809998,80.059998,79.160004,79.570000,61.786289,8049000
2017-02-23,79.849998,80.019997,79.290001,79.910004,62.050293,7428300
2017-02-24,79.879997,80.379997,79.529999,80.309998,62.360893,6302100
2017-02-27,80.470001,81.019997,80.309998,80.730003,62.687008,5330300
2017-02-28,80.720001,80.730003,80.199997,80.410004,62.438557,6795400
2017-03-01,80.000000,80.550003,79.769997,80.160004,62.244423,10800600
2017-03-02,79.989998,80.120003,79.610001,79.830002,61.988182,5007200
2017-03-03,79.690002,79.820000,78.879997,79.639999,61.840630,7677600
2017-03-06,79.400002,79.589996,78.900002,79.269997,61.553356,9243900
2017-03-07,79.160004,79.230003,78.599998,78.930000,61.289326,4543200
2017-03-08,78.620003,78.650002,77.610001,77.720001,60.349747,9504200
2017-03-09,77.669998,77.989998,76.489998,76.730003,59.581020,8785000
2017-03-10,77.070000,77.629997,76.190002,76.540001,59.433479,11824100
2017-03-13,76.680000,77.110001,76.470001,76.660004,59.526661,8000700
2017-03-14,76.629997,76.779999,76.199997,76.589996,59.472309,6565300
2017-03-15,76.779999,78.379997,76.690002,78.000000,60.567184,11876100
2017-03-16,77.870003,78.360001,77.739998,77.870003,60.466228,6476300
2017-03-17,78.070000,78.430000,77.800003,78.199997,60.722481,10065200
2017-03-20,78.250000,78.470001,78.019997,78.169998,60.699169,5866600
2017-03-21,78.309998,78.599998,77.839996,77.919998,60.505043,6592500
2017-03-22,78.160004,78.160004,77.290001,77.959999,60.536114,7913100
2017-03-23,77.989998,79.050003,77.860001,78.540001,60.986488,8322000
2017-03-24,78.000000,78.190002,77.599998,77.739998,60.943363,7584800
2017-03-27,77.529999,77.849998,76.919998,77.209999,60.527866,6831700
2017-03-28,77.050003,77.620003,76.739998,77.550003,60.794434,4988300
2017-03-29,77.680000,77.919998,77.309998,77.889999,61.060932,3844800
2017-03-30,77.889999,78.180000,77.349998,78.120003,61.241257,4305100
2017-03-31,78.150002,78.709999,78.010002,78.489998,61.531300,9809800
2017-04-03,78.599998,78.690002,78.269997,78.559998,61.586193,7249000
2017-04-04,78.529999,78.959999,78.320000,78.489998,61.531300,6348600
2017-04-05,78.620003,79.040001,78.500000,78.510002,61.546993,7306100
2017-04-06,78.570000,79.110001,78.160004,79.050003,61.970348,6964800
2017-04-07,79.129997,79.430000,78.910004,79.139999,62.040878,5327800
2017-04-10,79.260002,79.720001,78.860001,79.690002,62.472057,6903600
2017-04-11,79.769997,80.220001,79.610001,80.129997,62.816971,9852500
2017-04-12,80.080002,80.309998,79.830002,79.949997,62.675869,4267900
2017-04-13,79.959999,80.150002,79.750000,79.790001,62.550434,3295200
2017-04-17,80.089996,80.809998,79.879997,80.790001,63.334389,8190100
2017-04-18,80.790001,81.019997,80.650002,80.980003,63.483334,4977700
2017-04-19,80.949997,81.190002,80.730003,80.849998,63.381416,5894400
2017-04-20,80.629997,80.970001,80.400002,80.900002,63.420620,10398600
2017-04-21,80.739998,80.910004,80.470001,80.580002,63.169758,6489400
2017-04-24,80.959999,81.059998,79.290001,79.879997,62.620995,10788500
2017-04-25,79.919998,80.239998,79.769997,80.110001,62.801289,5210600
2017-04-26,80.000000,80.190002,79.419998,79.580002,62.385822,6893200
2017-04-27,79.669998,80.129997,79.519997,79.669998,62.456379,5482100
2017-04-28,79.529999,79.709999,78.699997,78.930000,61.876263,10135500
2017-05-01,79.029999,79.550003,78.739998,79.410004,62.252544,8783500
2017-05-02,79.510002,79.639999,79.010002,79.209999,62.095753,9063300
2017-05-03,79.050003,79.339996,78.080002,78.260002,61.351028,8193000
2017-05-04,77.790001,78.040001,77.190002,77.919998,61.084465,8797100
2017-05-05,78.080002,78.709999,78.010002,78.669998,61.672424,5709500
2017-05-08,78.699997,78.919998,77.839996,78.220001,61.319641,8098200
2017-05-09,78.199997,78.290001,77.519997,77.800003,60.990398,6412800
2017-05-10,77.760002,78.500000,77.580002,78.220001,61.319641,5800600
2017-05-11,77.940002,77.959999,77.309998,77.800003,60.990398,7453500
2017-05-12,77.940002,77.959999,77.480003,77.589996,60.825790,4250500
2017-05-15,77.610001,78.410004,77.610001,77.870003,61.045288,7994300
2017-05-16,77.809998,77.980003,77.320000,77.430000,60.700333,5961400
2017-05-17,77.400002,78.180000,77.379997,77.839996,61.021759,8283700
2017-05-18,77.800003,78.230003,77.230003,78.050003,61.186398,5276500
2017-05-19,78.089996,78.879997,77.750000,78.510002,61.546993,4662200
2017-05-22,78.709999,79.010002,78.410004,78.739998,61.727295,5983300
2017-05-23,78.949997,79.250000,78.720001,78.919998,61.868416,3021600
2017-05-24,79.019997,79.550003,78.989998,79.449997,62.283882,4737100
2017-05-25,79.550003,79.970001,79.339996,79.620003,62.417156,4379300
2017-05-26,79.769997,79.809998,78.949997,79.129997,62.033043,4014200
2017-05-30,79.180000,79.300003,78.820000,78.820000,61.790024,3242600
2017-05-31,78.989998,79.239998,78.589996,78.839996,61.805695,8699800
2017-06-01,78.669998,79.400002,78.489998,79.160004,62.056576,12433200
2017-06-02,79.849998,80.169998,79.570000,79.940002,62.668022,7188000
2017-06-05,79.750000,79.910004,79.370003,79.690002,62.472057,5909300
2017-06-06,79.639999,79.639999,79.190002,79.290001,62.158470,4544800
2017-06-07,79.269997,79.739998,79.250000,79.620003,62.417156,4284600
2017-06-08,79.629997,79.750000,78.779999,79.489998,62.315247,6993900
2017-06-09,79.639999,80.169998,79.209999,80.000000,62.715061,5393800
2017-06-12,79.809998,80.529999,79.699997,80.529999,63.130550,9685800
2017-06-13,80.470001,80.750000,80.209999,80.699997,63.263824,6308300
2017-06-14,81.180000,81.419998,80.639999,80.959999,63.467663,6634600
2017-06-15,80.910004,81.440002,80.410004,81.239998,63.687138,5414600
2017-06-16,81.279999,81.379997,80.820000,81.190002,63.647953,13816600
2017-06-19,81.250000,81.349998,80.910004,81.330002,63.757694,8272500
2017-06-20,81.379997,81.529999,80.570000,81.059998,63.546017,6433800
2017-06-21,81.010002,81.169998,80.370003,80.739998,63.295174,3503500
2017-06-22,80.709999,81.080002,80.470001,80.900002,63.420620,5736800
2017-06-23,80.980003,81.570000,80.889999,81.220001,63.671459,8753700
2017-06-26,81.440002,81.940002,81.220001,81.739998,64.079109,12060500
2017-06-27,80.889999,81.320000,80.470001,80.540001,63.700291,8252200
2017-06-28,80.440002,80.919998,80.389999,80.650002,63.787281,4818500
2017-06-29,80.180000,80.589996,79.570000,79.769997,63.091255,9719800
2017-06-30,80.110001,80.330002,79.580002,79.769997,63.091255,7245400
2017-07-03,80.080002,80.739998,79.879997,80.620003,63.763550,7238300
2017-07-05,80.730003,80.730003,79.500000,79.709999,63.043812,9013000
2017-07-06,79.290001,79.449997,78.209999,78.320000,61.944443,9553800
2017-07-07,78.309998,78.900002,78.209999,78.699997,62.245007,4878600
2017-07-10,78.809998,78.989998,78.040001,78.120003,61.786263,5061300
2017-07-11,78.209999,78.220001,77.519997,78.029999,61.715061,6884600
2017-07-12,78.669998,79.330002,78.529999,79.010002,62.490181,7192300
2017-07-13,79.050003,79.269997,78.889999,79.040001,62.513912,4048600
2017-07-14,79.610001,79.959999,79.440002,79.839996,63.146629,4688300
2017-07-17,79.989998,80.309998,79.660004,80.160004,63.399727,4195200
2017-07-18,80.209999,80.290001,79.860001,79.959999,63.241543,6258400
2017-07-19,79.940002,80.599998,79.790001,80.599998,63.747711,4149900
2017-07-20,80.769997,80.910004,80.239998,80.279999,63.494644,6707500
2017-07-21,80.260002,80.449997,80.019997,80.449997,63.629093,4459100
2017-07-24,80.370003,80.489998,79.940002,80.239998,63.463001,3506900
2017-07-25,80.019997,80.379997,79.839996,80.339996,63.542088,5185100
2017-07-26,80.209999,81.010002,80.169998,80.769997,63.882191,6179000
2017-07-27,80.669998,81.099998,80.089996,80.839996,63.937546,6891400
2017-07-28,80.720001,81.019997,80.500000,80.669998,63.803089,4834500
2017-07-31,80.800003,80.830002,80.110001,80.660004,63.795200,7783700
2017-08-01,81.019997,81.320000,80.489998,81.019997,64.079910,8396400
2017-08-02,80.750000,80.870003,80.239998,80.510002,63.676537,6072200
2017-08-03,80.419998,80.730003,80.099998,80.230003,63.455112,5425800
2017-08-04,80.250000,80.730003,80.209999,80.500000,63.668640,6411600
2017-08-07,80.470001,80.629997,80.160004,80.559998,63.716091,5017500
2017-08-08,80.010002,80.440002,79.879997,80.120003,63.368073,7241500
2017-08-09,80.300003,80.300003,79.769997,79.980003,63.257370,4726500
2017-08-10,79.750000,80.000000,79.349998,79.370003,62.774921,4871500
2017-08-11,79.370003,79.529999,78.669998,78.989998,62.474331,7364500
2017-08-14,79.250000,80.309998,79.209999,80.199997,63.431362,9812500
2017-08-15,79.779999,80.029999,79.510002,79.970001,63.249447,5192600
2017-08-16,80.029999,80.529999,80.019997,80.320000,63.526279,6831800
2017-08-17,80.129997,80.489998,79.739998,79.769997,63.091255,5811800
2017-08-18,79.480003,79.559998,78.970001,79.180000,62.624619,8746000
2017-08-21,79.290001,80.070000,79.070000,79.889999,63.186195,4791300
2017-08-22,80.029999,80.199997,79.620003,79.820000,63.130825,4997900
2017-08-23,79.779999,80.639999,79.669998,80.480003,63.652817,3743500
2017-08-24,80.720001,81.080002,80.370003,80.400002,63.589539,3041100
2017-08-25,80.699997,81.059998,80.410004,80.779999,63.890095,5378100
2017-08-28,80.940002,80.940002,80.150002,80.370003,63.565804,3669800
2017-08-29,80.300003,80.620003,80.180000,80.250000,63.470909,3815000
2017-08-30,80.089996,80.699997,79.879997,80.680000,63.810986,3266200
2017-08-31,80.820000,81.440002,80.800003,81.199997,64.222290,7960500
2017-09-01,81.250000,81.589996,81.089996,81.209999,64.230186,7941800
2017-09-05,81.349998,81.559998,80.650002,81.040001,64.095734,7662200
2017-09-06,81.230003,81.660004,81.129997,81.199997,64.222290,3944000
2017-09-07,81.379997,81.830002,81.239998,81.730003,64.641464,7309300
2017-09-08,81.580002,81.970001,81.449997,81.680000,64.601929,3636100
2017-09-11,81.980003,82.430000,81.720001,82.370003,65.147659,5891200
2017-09-12,82.290001,82.370003,81.260002,81.540001,64.491196,8297900
2017-09-13,81.529999,81.559998,80.989998,81.239998,64.253914,3795600
2017-09-14,81.199997,81.769997,80.870003,81.739998,64.649368,4584100
2017-09-15,81.779999,82.089996,81.349998,82.080002,64.918282,11301500
2017-09-18,81.930000,82.129997,81.400002,81.639999,64.570274,4952300
2017-09-19,81.660004,81.690002,80.870003,81.010002,64.072021,6087200
2017-09-20,81.120003,81.290001,80.410004,80.809998,63.913837,6771600
2017-09-21,80.750000,81.180000,80.550003,80.550003,63.708179,7964000
2017-09-22,80.519997,80.889999,80.010002,80.070000,63.328545,6471900
2017-09-25,80.199997,80.760002,80.160004,80.500000,63.668640,4983700
2017-09-26,79.910004,80.070000,79.730003,79.839996,63.686184,6180500
2017-09-27,79.480003,79.779999,78.970001,79.199997,63.175694,7488300
2017-09-28,79.059998,79.860001,79.040001,79.790001,63.646290,7166100
2017-09-29,79.779999,79.980003,79.540001,79.879997,63.718086,5569400
2017-10-02,80.010002,80.120003,79.650002,79.720001,63.590443,10777100
2017-10-03,79.730003,79.879997,79.570000,79.779999,63.638309,2816600
2017-10-04,79.779999,80.349998,79.580002,80.290001,64.045143,3594900
2017-10-05,80.339996,80.870003,80.080002,80.540001,64.244560,7336800
2017-10-06,80.250000,80.300003,79.570000,80.250000,64.013229,4752400
2017-10-09,80.279999,80.559998,80.190002,80.410004,64.140877,2042800
2017-10-10,80.489998,81.019997,80.360001,80.519997,64.228592,4599900
2017-10-11,80.620003,81.040001,80.300003,80.860001,64.499794,5553500
2017-10-12,80.849998,81.400002,80.830002,81.389999,64.922577,3952200
2017-10-13,81.690002,81.779999,81.239998,81.570000,65.066162,2814900
2017-10-16,81.540001,81.620003,81.120003,81.160004,64.739113,6232500
2017-10-17,81.160004,81.360001,81.019997,81.230003,64.794952,3077700
2017-10-18,81.000000,81.400002,80.919998,81.139999,64.723145,4559400
2017-10-19,81.129997,81.309998,80.769997,81.080002,64.675293,3359600
2017-10-20,80.980003,81.120003,80.550003,80.820000,64.467896,6599300
2017-10-23,80.959999,81.010002,80.360001,80.440002,64.164803,5818400
2017-10-24,80.389999,80.580002,79.750000,80.040001,63.845726,4442600
2017-10-25,79.650002,80.010002,79.260002,79.730003,63.598431,7746500
2017-10-26,79.839996,80.300003,79.050003,79.239998,63.207546,6420000
2017-10-27,79.419998,79.760002,78.760002,79.599998,63.494751,6527000
2017-10-30,79.419998,80.089996,79.419998,79.769997,63.630371,3909700
2017-10-31,79.769997,79.959999,79.209999,79.919998,63.750008,4418600
2017-11-01,80.050003,80.309998,79.830002,79.980003,63.797859,5343100
2017-11-02,80.160004,80.900002,80.029999,80.480003,64.196693,6501500
2017-11-03,80.010002,80.620003,79.809998,80.430000,64.156807,3662500
2017-11-06,80.750000,81.589996,80.540001,81.360001,64.898643,11051000
2017-11-07,81.410004,82.129997,81.410004,81.940002,65.361305,8746800
2017-11-08,81.849998,82.589996,81.769997,82.489998,65.800011,8219800
2017-11-09,82.070000,82.879997,82.040001,82.459999,65.776077,5785100
2017-11-10,82.040001,82.690002,81.809998,82.510002,65.815964,4002700
2017-11-13,82.650002,82.949997,82.430000,82.809998,66.055260,7762400
2017-11-14,82.629997,83.000000,82.449997,82.680000,65.951553,6076100
2017-11-15,82.639999,82.870003,81.940002,81.970001,65.385254,8903500
2017-11-16,81.930000,82.629997,81.930000,82.519997,65.823936,10909600
2017-11-17,82.250000,82.550003,82.040001,82.139999,65.520828,5042600
2017-11-20,82.209999,82.269997,81.860001,81.970001,65.385254,4312200
2017-11-21,82.180000,82.760002,82.089996,82.559998,65.855850,11636200
2017-11-22,82.290001,82.589996,82.160004,82.330002,65.672386,3216900
2017-11-24,82.430000,82.639999,82.410004,82.500000,65.807976,1742500
2017-11-27,82.709999,82.760002,82.160004,82.160004,65.536789,4947500
2017-11-28,82.160004,82.300003,81.620003,81.980003,65.393204,9764100
2017-11-29,81.820000,82.070000,81.470001,81.879997,65.313438,6179300
2017-11-30,81.949997,82.169998,81.730003,81.970001,65.385254,8833300
2017-12-01,82.029999,82.349998,81.360001,82.120003,65.504890,9899800
2017-12-04,82.220001,82.570000,81.449997,81.489998,65.002335,9085300
2017-12-05,81.480003,81.620003,81.000000,81.010002,64.619453,9503300
2017-12-06,81.129997,81.300003,80.650002,80.980003,64.595535,3812900
2017-12-07,81.180000,81.440002,80.809998,81.309998,64.858788,5994900
2017-12-08,81.570000,81.730003,81.300003,81.580002,65.074127,3941900
2017-12-11,81.580002,81.690002,81.349998,81.669998,65.145935,4000400
2017-12-12,81.879997,82.209999,81.440002,82.000000,65.409164,6639100
2017-12-13,82.070000,82.529999,82.000000,82.169998,65.544777,6450200
2017-12-14,82.169998,82.430000,81.830002,82.120003,65.504890,5853300
2017-12-15,82.230003,82.650002,82.220001,82.459999,65.776077,7882600
2017-12-18,82.489998,83.269997,82.489998,82.919998,66.143005,6699300
2017-12-19,82.160004,82.269997,80.349998,80.470001,64.869308,11906100
2017-12-20,80.389999,80.610001,79.610001,79.629997,64.192184,8030000
2017-12-21,79.900002,79.919998,79.279999,79.339996,63.958393,7529500
2017-12-22,79.620003,79.959999,79.339996,79.839996,64.361473,4957800
2017-12-26,79.800003,80.440002,79.730003,80.230003,64.675842,4963300
2017-12-27,80.360001,80.699997,80.239998,80.519997,64.909622,6613500
2017-12-28,80.580002,81.029999,80.339996,80.989998,65.288521,6764700
2017-12-29,81.150002,81.279999,80.860001,81.010002,65.304634,4272100
2018-01-02,81.070000,81.190002,80.470001,80.599998,64.974113,7091600
2018-01-03,80.699997,80.839996,80.269997,80.470001,64.869308,4625700
2018-01-04,80.540001,80.550003,79.190002,79.209999,63.853592,12178300
2018-01-05,79.459999,79.459999,79.089996,79.290001,63.918098,9630200
2018-01-08,79.389999,79.900002,79.309998,79.739998,64.280869,4756600
2018-01-09,79.790001,79.919998,78.820000,78.820000,63.539230,10440100
2018-01-10,78.500000,78.610001,77.480003,77.860001,62.765335,8933700
2018-01-11,78.070000,78.209999,77.389999,77.589996,62.547668,5031900
2018-01-12,77.449997,77.570000,76.820000,76.959999,62.039803,8923800
2018-01-16,77.269997,78.430000,77.139999,77.169998,62.209076,9984500
2018-01-17,77.440002,77.870003,77.190002,77.720001,62.652477,5153300
2018-01-18,77.500000,77.639999,76.830002,76.959999,62.039803,5191500
2018-01-19,77.029999,77.480003,76.809998,77.459999,62.442879,6809000
2018-01-22,77.529999,78.160004,77.449997,78.089996,62.950726,10181900
2018-01-23,78.300003,79.190002,78.300003,79.169998,63.821342,7584700
2018-01-24,78.900002,79.260002,78.589996,78.889999,63.595642,7675100
2018-01-25,78.800003,78.949997,78.360001,78.739998,63.474720,5540000
2018-01-26,78.879997,78.989998,78.260002,78.769997,63.498890,6799200
2018-01-29,78.480003,78.690002,77.730003,77.760002,62.684723,6094500
2018-01-30,77.449997,77.690002,77.139999,77.339996,62.346146,5870100
2018-01-31,77.650002,78.620003,77.349998,78.559998,63.329628,12266100
2018-02-01,78.400002,78.940002,77.180000,77.250000,62.273602,11450000
2018-02-02,76.690002,77.010002,75.970001,76.459999,61.636757,9794600
2018-02-05,76.209999,76.820000,74.000000,74.000000,59.653679,12593500
2018-02-06,73.360001,74.730003,72.730003,74.260002,59.863239,17411500
2018-02-07,74.089996,75.339996,73.930000,73.970001,59.629482,9642100
2018-02-08,73.809998,74.489998,71.760002,71.790001,57.872131,18137800
2018-02-09,72.250000,73.910004,71.269997,73.279999,59.073238,14993100
2018-02-12,73.669998,73.889999,71.709999,73.500000,59.250603,13618900
2018-02-13,73.449997,74.279999,73.029999,74.059998,59.702030,8520800
2018-02-14,73.580002,74.110001,72.620003,73.699997,59.411842,11068200
2018-02-15,73.900002,74.610001,73.629997,74.430000,60.000320,9784000
2018-02-16,74.519997,75.330002,74.500000,75.059998,60.508163,10139500
2018-02-20,74.709999,75.370003,74.099998,74.129997,59.758438,9230100
2018-02-21,74.110001,74.669998,72.879997,72.900002,58.766914,9805600
2018-02-22,73.190002,74.180000,73.050003,73.580002,59.315086,8770300
2018-02-23,73.989998,74.860001,73.709999,74.830002,60.322762,7871500
2018-02-26,75.199997,75.250000,74.639999,75.089996,60.532345,6058000
2018-02-27,75.150002,75.220001,73.500000,73.510002,59.258644,10466900
2018-02-28,73.910004,74.370003,73.330002,73.330002,59.113560,6702600
2018-03-01,73.239998,74.080002,72.750000,73.099998,58.928143,14216800
2018-03-02,72.849998,73.070000,72.260002,72.970001,58.823334,6744500
2018-03-05,72.599998,74.190002,72.599998,73.790001,59.484371,11811100
2018-03-06,73.820000,74.449997,73.440002,74.260002,59.863239,7440000
2018-03-07,73.919998,74.739998,73.730003,74.639999,60.169582,8993600
2018-03-08,74.699997,75.099998,74.500000,75.019997,60.475910,8446800
2018-03-09,75.139999,75.489998,74.650002,75.489998,60.854797,7660100
2018-03-12,75.459999,76.029999,75.339996,75.870003,61.161140,6980200
2018-03-13,76.230003,76.410004,75.730003,75.989998,61.257870,6437300
2018-03-14,76.120003,76.349998,75.680000,76.050003,61.306240,5750400
2018-03-15,76.129997,76.389999,75.650002,76.029999,61.290108,9157300
2018-03-16,75.940002,76.589996,75.760002,76.480003,61.652851,10879600
2018-03-19,76.379997,76.449997,75.330002,75.769997,61.080505,8155600
2018-03-20,75.779999,76.269997,75.400002,75.709999,61.032139,6567100
2018-03-21,75.639999,75.930000,74.730003,75.129997,60.564598,7839300
2018-03-22,74.330002,75.279999,74.059998,74.080002,60.213470,9099500
2018-03-23,74.019997,74.279999,72.750000,72.900002,59.254322,10044000
2018-03-26,73.500000,73.949997,73.050003,73.820000,60.002113,6054900
2018-03-27,73.940002,74.989998,73.190002,74.019997,60.164677,10805600
2018-03-28,74.360001,75.669998,74.019997,75.449997,61.326984,15032300
2018-03-29,75.599998,75.830002,75.190002,75.470001,61.343262,9078800
2018-04-02,75.430000,75.669998,73.989998,74.430000,60.497944,11055500
2018-04-03,74.639999,75.209999,74.150002,74.919998,60.896210,11062800
2018-04-04,74.599998,75.910004,74.309998,75.760002,61.578999,8767300
2018-04-05,75.769997,75.970001,75.209999,75.830002,61.635883,12880100
2018-04-06,75.709999,76.150002,74.919998,75.150002,61.083153,11896300
2018-04-09,75.000000,75.639999,74.889999,75.019997,60.977497,8584000
2018-04-10,75.370003,75.500000,74.519997,74.730003,60.741783,9125800
2018-04-11,74.529999,75.510002,74.529999,74.900002,60.879963,4463000
2018-04-12,75.110001,75.110001,73.980003,74.190002,60.302860,7667100
2018-04-13,73.959999,74.580002,73.959999,74.449997,60.514187,4644700
2018-04-16,74.449997,75.160004,74.410004,74.809998,60.806793,6894800
2018-04-17,75.000000,76.190002,74.830002,75.779999,61.595245,8517400
2018-04-18,75.769997,76.080002,75.610001,75.650002,61.489567,5600300
2018-04-19,75.290001,75.379997,74.080002,74.570000,60.611725,8191800
2018-04-20,74.500000,74.809998,73.860001,73.930000,60.091530,10076500
2018-04-23,74.010002,74.269997,73.629997,73.980003,60.132191,5820000
2018-04-24,74.139999,74.540001,73.830002,74.160004,60.278488,6190900
2018-04-25,73.919998,74.239998,73.269997,74.000000,60.148441,7894600
2018-04-26,74.239998,75.290001,74.139999,74.900002,60.879963,7028000
2018-04-27,74.779999,76.110001,74.680000,75.870003,61.668407,8633000
2018-04-30,75.820000,76.269997,75.620003,75.639999,61.481430,8889100
2018-05-01,75.699997,76.269997,75.419998,76.169998,61.912231,7872300
2018-05-02,76.000000,76.279999,75.389999,75.910004,61.700916,8745700
2018-05-03,75.760002,76.239998,75.599998,75.940002,61.725288,4850100
2018-05-04,75.949997,76.949997,75.940002,76.739998,62.375542,7379300
2018-05-07,76.870003,77.290001,76.739998,77.160004,62.716930,10398100
2018-05-08,76.959999,77.120003,76.519997,76.779999,62.408058,11142500
2018-05-09,76.650002,77.269997,76.510002,77.250000,62.790085,8030200
2018-05-10,77.599998,78.070000,77.500000,77.959999,63.367184,8522900
2018-05-11,77.970001,78.260002,77.540001,77.639999,63.107059,7923200
2018-05-14,77.559998,77.720001,76.690002,77.070000,62.643764,10030300
2018-05-15,76.519997,76.709999,75.699997,75.930000,61.717155,11364200
2018-05-16,76.120003,76.269997,75.580002,75.709999,61.538334,7299600
2018-05-17,75.589996,75.870003,75.169998,75.320000,61.221333,9778200
2018-05-18,75.459999,75.720001,75.139999,75.489998,61.359516,8443700
2018-05-21,75.610001,76.419998,75.220001,76.300003,62.017921,7944100
2018-05-22,76.269997,76.440002,76.000000,76.400002,62.099194,7426100
2018-05-23,76.559998,77.230003,76.330002,77.050003,62.627533,6833200
2018-05-24,77.120003,77.300003,76.440002,76.860001,62.473091,7142700
2018-05-25,76.809998,77.379997,76.739998,77.120003,62.684433,5475900
2018-05-29,77.220001,77.650002,76.680000,77.349998,62.871361,7454700
2018-05-30,77.209999,78.620003,77.139999,78.330002,63.667931,10052900
2018-05-31,78.059998,78.430000,77.820000,78.190002,63.554146,11575600
2018-06-01,78.180000,78.620003,77.830002,78.459999,63.773590,9777800
2018-06-04,78.650002,79.150002,78.379997,79.150002,64.334442,8022200
2018-06-05,79.290001,79.449997,78.769997,79.050003,64.253151,12342700
2018-06-06,78.900002,79.139999,78.570000,79.139999,64.326294,5980400
2018-06-07,79.150002,79.320000,78.680000,79.190002,64.366943,7244200
2018-06-08,79.150002,79.470001,79.019997,79.419998,64.553902,4491300
2018-06-11,79.330002,79.540001,79.250000,79.440002,64.570152,10024600
2018-06-12,79.239998,80.019997,79.110001,79.839996,64.895271,4860400
2018-06-13,79.870003,79.989998,78.139999,78.230003,63.586666,10046100
2018-06-14,78.589996,79.260002,78.459999,79.010002,64.220657,6749900
2018-06-15,79.019997,79.489998,78.809998,79.089996,64.285645,12840300
2018-06-18,78.709999,79.019997,78.480003,79.019997,64.228752,6088900
2018-06-19,78.839996,79.320000,78.760002,79.010002,64.220657,6031100
2018-06-20,79.040001,79.870003,78.970001,79.779999,64.846504,9409200
2018-06-21,79.809998,80.239998,79.620003,80.190002,65.179779,8941900
2018-06-22,80.230003,80.739998,79.919998,80.699997,65.594292,6692700
2018-06-25,80.940002,80.940002,80.010002,80.419998,65.366707,6948000
2018-06-26,79.779999,80.260002,79.519997,79.959999,65.625237,6122700
2018-06-27,80.239998,80.349998,79.529999,79.529999,65.272316,6978500
2018-06-28,79.599998,80.480003,79.580002,80.379997,65.969940,8832800
2018-06-29,80.199997,80.900002,79.760002,80.580002,66.134094,8417700
2018-07-02,80.540001,80.620003,79.260002,80.099998,65.740120,14329300
2018-07-03,80.290001,81.260002,80.029999,80.699997,66.232567,7059800
2018-07-05,80.900002,81.750000,80.639999,81.750000,67.094322,12157500
2018-07-06,81.930000,82.169998,81.750000,82.089996,67.373383,8450500
2018-07-09,82.070000,82.110001,81.019997,81.360001,66.774269,6359800
2018-07-10,81.430000,81.739998,81.050003,81.610001,66.979446,6553900
2018-07-11,81.470001,81.760002,81.279999,81.360001,66.774269,5535900
2018-07-12,81.160004,81.720001,81.160004,81.599998,66.971214,4568200
2018-07-13,81.750000,81.949997,81.300003,81.320000,66.741425,4581000
2018-07-16,81.230003,81.309998,80.500000,80.949997,66.437759,5306200
2018-07-17,80.949997,81.160004,80.360001,80.519997,66.084831,11247200
2018-07-18,80.290001,80.610001,79.750000,80.139999,65.772972,6169300
2018-07-19,79.980003,81.239998,79.820000,80.949997,66.437759,8434600
2018-07-20,80.690002,80.830002,79.970001,80.269997,65.879677,9477800
2018-07-23,80.099998,80.239998,79.610001,80.070000,65.715508,4977000
2018-07-24,80.190002,80.370003,79.470001,79.680000,65.395432,6786400
2018-07-25,79.720001,80.480003,79.720001,80.330002,65.928917,6448600
2018-07-26,80.610001,80.989998,80.230003,80.550003,66.109489,5477800
2018-07-27,80.720001,80.779999,79.690002,79.769997,65.469307,7163000
2018-07-30,79.849998,80.010002,79.250000,79.879997,65.559578,10811000
2018-07-31,80.370003,81.500000,80.239998,81.250000,66.683975,16050000
2018-08-01,80.540001,81.669998,80.150002,81.519997,66.905556,18394300
2018-08-02,81.459999,81.769997,81.199997,81.250000,66.683975,7756000
2018-08-03,81.510002,82.260002,81.320000,82.209999,67.471870,8897000
2018-08-06,82.070000,82.470001,81.889999,82.160004,67.430832,6988700
2018-08-07,82.099998,82.180000,81.529999,81.870003,67.192818,5188300
2018-08-08,81.849998,81.870003,81.279999,81.379997,66.790642,4143400
2018-08-09,81.379997,81.720001,81.320000,81.480003,66.872719,4609000
2018-08-10,81.300003,81.589996,80.750000,80.750000,66.273628,6231700
2018-08-13,80.820000,81.010002,80.559998,80.709999,66.240791,5135100
2018-08-14,80.809998,81.309998,80.760002,81.150002,66.601898,4485400
2018-08-15,81.150002,81.860001,80.989998,81.760002,67.102539,8520300
2018-08-16,81.870003,82.419998,81.750000,82.419998,67.644211,6528800
2018-08-17,82.320000,83.169998,82.320000,83.160004,68.251549,6872200
2018-08-20,83.269997,83.620003,83.089996,83.290001,68.358246,6258900
2018-08-21,83.300003,83.349998,82.519997,82.730003,67.898636,4894100
2018-08-22,82.589996,82.739998,81.940002,82.269997,67.521111,6582800
2018-08-23,82.160004,82.389999,82.010002,82.089996,67.373383,3381300
2018-08-24,81.910004,82.510002,81.879997,82.510002,67.718109,4421800
2018-08-27,82.540001,82.639999,81.970001,82.360001,67.594978,5850000
2018-08-28,82.339996,83.260002,82.180000,83.239998,68.317215,8055400
2018-08-29,83.309998,83.489998,83.139999,83.160004,68.251549,7278500
2018-08-30,83.260002,83.430000,82.720001,82.870003,68.013557,3659900
2018-08-31,82.900002,83.309998,82.809998,83.180000,68.267998,5541800
2018-09-04,82.750000,83.160004,82.129997,82.300003,67.545738,9942300
2018-09-05,81.900002,82.989998,81.800003,82.680000,67.857620,8536700
2018-09-06,82.949997,83.160004,82.800003,83.000000,68.120247,7589000
2018-09-07,82.519997,82.610001,81.940002,81.989998,67.291313,8786400
2018-09-10,82.349998,82.860001,82.300003,82.510002,67.718109,8121800
2018-09-11,82.209999,82.669998,82.070000,82.339996,67.578568,8158500
2018-09-12,82.519997,82.580002,82.120003,82.410004,67.636032,7789300
2018-09-13,82.709999,83.050003,82.470001,82.900002,68.038185,6732900
2018-09-14,82.620003,82.680000,81.730003,82.230003,67.488258,7777000
2018-09-17,82.059998,82.669998,81.989998,82.519997,67.726288,6007700
2018-09-18,82.370003,82.589996,81.989998,82.230003,67.488258,8338100
2018-09-19,82.129997,82.199997,81.099998,81.139999,66.593689,8423500
2018-09-20,81.139999,81.970001,80.940002,81.949997,67.258461,8962100
2018-09-21,81.769997,82.309998,81.680000,81.910004,67.225639,8127600
2018-09-24,81.680000,81.699997,80.160004,80.470001,66.043808,8941400
2018-09-25,80.430000,80.879997,80.239998,80.339996,65.937088,8988400
2018-09-26,79.760002,79.760002,78.699997,78.830002,65.333763,11455100
2018-09-27,78.959999,79.449997,78.849998,79.040001,65.507774,7391600
2018-09-28,79.129997,80.129997,79.129997,80.019997,66.320030,9308700
2018-10-01,80.029999,80.250000,79.360001,79.360001,65.773003,12583000
2018-10-02,79.540001,79.820000,79.250000,79.250000,65.681824,7365300
2018-10-03,79.220001,79.629997,78.110001,78.699997,65.226013,13807100
2018-10-04,78.349998,78.379997,77.459999,77.910004,64.571251,12966500
2018-10-05,77.889999,78.370003,77.800003,77.809998,64.488396,11725300
2018-10-08,78.040001,79.199997,77.949997,78.839996,65.342018,8456400
2018-10-09,78.860001,79.330002,78.550003,79.010002,65.482948,7122500
2018-10-10,78.900002,79.239998,77.820000,77.820000,64.496674,11699500
2018-10-11,78.029999,78.029999,75.599998,75.699997,62.739624,19049500
2018-10-12,76.629997,76.699997,75.150002,75.550003,62.615314,12504500
2018-10-15,75.470001,76.739998,75.470001,75.959999,62.955120,9889100
2018-10-16,76.230003,77.739998,75.860001,77.610001,64.322624,8111000
2018-10-17,77.470001,77.699997,76.790001,77.230003,64.007683,8601900
2018-10-18,77.260002,77.889999,76.949997,77.139999,63.933094,7128900
2018-10-19,77.120003,78.080002,77.120003,77.730003,64.422073,6943800
2018-10-22,77.940002,78.279999,76.709999,76.709999,63.576691,8100600
2018-10-23,76.480003,77.570000,76.190002,77.199997,63.982830,10027200
2018-10-24,77.269997,78.480003,77.150002,77.760002,64.446938,14149900
2018-10-25,77.889999,79.199997,77.580002,78.720001,65.242584,9473500
2018-10-26,78.389999,78.470001,76.389999,76.870003,63.709312,12416500
2018-10-29,77.440002,78.370003,77.320000,77.760002,64.446938,9833500
2018-10-30,78.099998,79.459999,77.760002,78.930000,65.416649,12266600
2018-10-31,78.760002,79.059998,77.860001,78.110001,64.737007,11253000
2018-11-01,78.180000,78.519997,77.739998,78.400002,64.977386,13821500
2018-11-02,78.510002,78.510002,76.879997,77.730003,64.422073,9900600
2018-11-05,77.919998,79.110001,77.730003,78.870003,65.366905,14536600
2018-11-06,78.800003,79.260002,78.739998,79.209999,65.648697,5133400
2018-11-07,79.699997,80.209999,79.139999,80.209999,66.477493,7704800
2018-11-08,80.000000,80.269997,79.599998,80.239998,66.502357,5218800
2018-11-09,80.050003,80.480003,79.830002,80.349998,66.593498,6148400
2018-11-12,80.349998,81.050003,80.180000,80.260002,66.518929,5749800
2018-11-13,80.410004,80.730003,79.860001,80.330002,66.576958,5401800
2018-11-14,80.669998,80.820000,79.790001,80.190002,66.460915,6817300
2018-11-15,79.889999,80.010002,78.830002,79.690002,66.046516,9149300
2018-11-16,79.540001,80.650002,79.400002,80.650002,66.842140,11869700
2018-11-19,80.629997,81.169998,80.089996,80.650002,66.842140,5518700
2018-11-20,80.489998,80.809998,79.790001,79.790001,66.129387,12269600
2018-11-21,79.779999,80.470001,79.470001,79.900002,66.220566,6545800
2018-11-23,79.779999,80.019997,79.209999,79.629997,65.996780,2618000
2018-11-26,80.000000,80.180000,79.470001,79.910004,66.228859,4867500
2018-11-27,79.680000,80.169998,79.470001,80.160004,66.436028,7151500
2018-11-28,80.110001,80.959999,79.870003,80.870003,67.024490,9827700
2018-11-29,80.830002,81.309998,80.379997,80.980003,67.115662,6261900
2018-11-30,81.010002,81.779999,80.830002,81.779999,67.778679,8392100
2018-12-03,82.220001,82.220001,81.370003,82.160004,68.093620,11246200
2018-12-04,82.160004,82.309998,80.690002,80.889999,67.041069,11586400
2018-12-06,80.510002,82.989998,79.769997,82.919998,68.723503,18088000
2018-12-07,82.599998,82.849998,81.529999,81.750000,67.753830,14480700
2018-12-10,81.800003,81.879997,80.309998,81.290001,67.372589,11460600
2018-12-11,81.559998,82.089996,81.339996,81.349998,67.422325,6209100
2018-12-12,81.839996,81.919998,80.000000,80.010002,66.311737,7830400
2018-12-13,80.070000,81.139999,80.059998,80.489998,66.709549,6059700
2018-12-14,80.239998,80.690002,79.930000,80.330002,66.576958,7787900
2018-12-17,79.970001,80.199997,76.730003,76.910004,64.119225,13336700
2018-12-18,77.470001,78.139999,77.269997,77.599998,64.694466,9069300
2018-12-19,77.620003,78.370003,76.550003,76.750000,63.985847,15919200
2018-12-20,76.720001,76.919998,75.099998,75.629997,63.052094,13771500
2018-12-21,75.860001,77.230003,74.570000,74.690002,62.268421,12539500
2018-12-24,74.400002,74.669998,71.970001,72.000000,60.025784,9458300
2018-12-26,72.199997,74.430000,71.410004,74.360001,61.993305,12387500
2018-12-27,73.809998,74.570000,72.400002,74.480003,62.093334,11498600
2018-12-28,75.169998,75.510002,74.180000,74.709999,62.285114,13789700
2018-12-31,74.849998,75.070000,73.669998,74.940002,62.476864,10767400
2019-01-02,74.080002,74.180000,72.930000,73.320000,61.126255,14797200
2019-01-03,73.320000,74.900002,73.180000,73.790001,61.518097,10602800
2019-01-04,74.269997,75.290001,73.900002,74.580002,62.176716,10159500
2019-01-07,74.900002,75.889999,74.599998,75.330002,62.801994,16536000
2019-01-08,75.779999,76.910004,75.529999,76.699997,63.944138,13641700
2019-01-09,76.809998,76.980003,75.910004,76.599998,63.860760,7852400
2019-01-10,76.410004,77.830002,76.250000,77.660004,64.744507,6851300
2019-01-11,77.599998,77.970001,77.209999,77.930000,64.969566,11308300
2019-01-14,77.730003,78.129997,77.349998,77.680000,64.761169,4450900
2019-01-15,77.769997,78.589996,77.739998,78.449997,65.403076,9190300
2019-01-16,78.379997,79.199997,78.269997,78.940002,65.811607,5954900
2019-01-17,78.860001,79.360001,78.779999,79.360001,66.161758,4806400
2019-01-18,79.599998,79.660004,79.029999,79.660004,66.411888,6722600
2019-01-22,79.510002,79.699997,78.769997,79.430000,66.220116,8530800
2019-01-23,79.449997,79.610001,78.910004,79.430000,66.220116,5900400
2019-01-24,79.330002,79.860001,78.919998,79.709999,66.453575,5541900
2019-01-25,79.959999,80.690002,79.669998,80.639999,67.228874,5070400
2019-01-28,80.459999,81.470001,80.250000,81.370003,67.837486,9187600
2019-01-29,81.349998,82.050003,81.160004,82.019997,68.379364,6891100
2019-01-30,82.110001,82.959999,81.900002,82.669998,68.921280,13720500
2019-01-31,82.629997,83.559998,81.930000,83.540001,69.646606,11413400
2019-02-01,83.500000,83.800003,81.860001,82.970001,69.171379,22702800
2019-02-04,83.400002,83.570000,82.300003,83.529999,69.638268,10299400
2019-02-05,83.620003,84.070000,83.129997,84.040001,70.063431,13279100
2019-02-06,83.879997,83.900002,83.220001,83.459999,69.579903,9819000
2019-02-07,83.220001,84.220001,82.980003,84.099998,70.113449,11887100
2019-02-08,83.879997,84.419998,83.650002,84.120003,70.130150,5007400
2019-02-11,84.089996,84.480003,83.970001,84.360001,70.330185,9950400
2019-02-12,84.279999,84.449997,83.570000,83.870003,69.921722,7465100
2019-02-13,83.470001,84.330002,83.449997,84.260002,70.246864,5129300
2019-02-14,84.419998,84.800003,84.019997,84.529999,70.471954,6725200
2019-02-15,84.610001,85.059998,84.519997,85.050003,70.905479,8649100
2019-02-19,84.820000,85.190002,84.709999,85.070000,70.922142,8170800
2019-02-20,84.860001,84.910004,83.870003,84.470001,70.421936,10041500
2019-02-21,84.050003,84.610001,83.720001,84.540001,70.480278,7637000
2019-02-22,84.639999,85.330002,84.440002,84.989998,70.855438,4662100
2019-02-25,85.029999,85.260002,84.300003,84.370003,70.338554,5676600
2019-02-26,84.470001,84.779999,84.000000,84.139999,70.146812,8905300
2019-02-27,83.870003,84.220001,83.279999,83.900002,69.946716,11890400
2019-02-28,83.820000,85.059998,83.599998,84.150002,70.155144,13598100
2019-03-01,83.889999,84.250000,83.040001,83.970001,70.005074,16198300
2019-03-04,84.129997,84.389999,83.370003,84.320000,70.296883,7710500
2019-03-05,84.080002,84.809998,84.000000,84.580002,70.513649,5404600
2019-03-06,84.660004,84.750000,84.050003,84.169998,70.171814,8273600
2019-03-07,84.169998,84.739998,83.760002,84.019997,70.046768,13091800
2019-03-08,83.739998,84.389999,83.730003,84.099998,70.113449,7727500
2019-03-11,84.320000,85.370003,84.029999,85.339996,71.147232,6392500
2019-03-12,85.510002,85.910004,85.339996,85.690002,71.439034,12312200
2019-03-13,85.639999,86.320000,85.639999,86.080002,71.764168,4702600
2019-03-14,86.160004,86.250000,85.830002,86.209999,71.872543,5380900
2019-03-15,86.300003,86.400002,85.800003,86.010002,71.705803,13103500
2019-03-18,86.059998,86.209999,85.150002,85.529999,71.305649,9872900
2019-03-19,85.589996,85.709999,85.040001,85.279999,71.097214,9104800
2019-03-20,84.669998,85.419998,84.080002,84.959999,71.334839,13586000
2019-03-21,84.800003,86.449997,84.800003,86.400002,72.543884,9319100
2019-03-22,86.480003,86.989998,85.760002,85.879997,72.107269,10080500
2019-03-25,85.989998,86.190002,85.389999,85.900002,72.124077,7164300
2019-03-26,86.089996,86.570000,85.919998,86.540001,72.661438,5168900
2019-03-27,86.620003,86.779999,85.750000,86.360001,72.510315,6074400
2019-03-28,86.459999,87.110001,86.230003,87.110001,73.140030,8252600
2019-03-29,87.059998,87.250000,86.709999,87.040001,73.081261,15615100
2019-04-01,87.040001,87.150002,86.080002,87.010002,73.056068,15425400
2019-04-02,87.250000,87.690002,86.389999,87.570000,73.526253,10591700
2019-04-03,87.489998,87.839996,86.919998,87.480003,73.450706,6683300
2019-04-04,87.559998,87.669998,86.949997,87.349998,73.341537,4385200
2019-04-05,87.449997,88.000000,87.230003,87.949997,73.845322,7558200
2019-04-08,87.830002,87.940002,87.239998,87.430000,73.408714,7045700
2019-04-09,87.459999,87.660004,86.889999,87.010002,73.056068,6263700
2019-04-10,87.290001,87.839996,87.150002,87.800003,73.719383,7705300
2019-04-11,87.730003,88.169998,87.370003,87.709999,73.643829,8367300
2019-04-12,87.650002,88.190002,87.070000,88.169998,74.030029,4510000
2019-04-15,88.209999,88.230003,87.500000,87.720001,73.652206,5711500
2019-04-16,87.690002,87.790001,85.489998,85.839996,72.073708,13216800
2019-04-17,86.110001,86.220001,84.800003,85.059998,71.418800,11148300
2019-04-18,85.339996,85.860001,84.800003,85.639999,71.905777,5205400
2019-04-22,85.440002,85.680000,84.059998,84.800003,71.200500,9020000
2019-04-23,85.000000,86.019997,84.790001,85.809998,72.048500,6966200
2019-04-24,86.050003,86.750000,85.910004,86.370003,72.518715,6065000
2019-04-25,86.230003,86.510002,85.650002,86.199997,72.375977,5007400
2019-04-26,86.500000,87.000000,86.260002,86.849998,72.921707,5091200
2019-04-29,86.750000,87.089996,85.959999,86.019997,72.224838,5900700
2019-04-30,86.019997,87.070000,85.620003,87.000000,73.047676,6396900
2019-05-01,87.019997,87.910004,86.820000,86.940002,72.997292,12961700
2019-05-02,86.769997,87.820000,86.769997,86.970001,73.022484,7581900
2019-05-03,87.220001,87.750000,86.989998,87.660004,73.601845,5162400
2019-05-06,87.190002,87.629997,86.830002,87.370003,73.358337,5222600
2019-05-07,87.110001,87.209999,85.279999,85.779999,72.023315,8734000
2019-05-08,85.940002,86.580002,85.720001,85.769997,72.014938,5906600
2019-05-09,85.620003,86.139999,85.010002,85.970001,72.182854,6865500
2019-05-10,85.860001,87.139999,85.760002,86.879997,72.946922,5017300
2019-05-13,86.209999,86.959999,86.129997,86.779999,72.862953,5577300
2019-05-14,87.000000,87.440002,86.830002,87.139999,73.165199,3594300
2019-05-15,87.089996,87.959999,86.809998,87.709999,73.643829,5232000
2019-05-16,87.620003,88.519997,87.529999,88.230003,74.080414,5949300
2019-05-17,87.830002,88.169998,87.540001,87.980003,73.870514,4416200
2019-05-20,87.559998,87.820000,86.330002,86.680000,72.778992,6706300
2019-05-21,86.860001,87.610001,86.860001,87.410004,73.391914,4618400
2019-05-22,87.389999,87.730003,87.260002,87.720001,73.652206,3795200
2019-05-23,87.309998,87.930000,87.180000,87.839996,73.752960,5606800
2019-05-24,88.250000,88.559998,88.019997,88.129997,73.996437,3582700
2019-05-28,88.419998,88.610001,87.160004,87.199997,73.215599,6724400
2019-05-29,87.059998,87.699997,85.790001,86.160004,72.342392,8017000
2019-05-30,86.199997,86.830002,86.099998,86.510002,72.636276,6830800
2019-05-31,86.160004,87.379997,85.930000,86.870003,72.938522,7013900
2019-06-03,87.150002,87.389999,86.570000,87.209999,73.223999,7063700
2019-06-04,87.199997,87.250000,86.080002,86.930000,72.988899,7322300
2019-06-05,87.379997,88.750000,87.129997,88.750000,74.517021,11722500
2019-06-06,88.849998,89.000000,88.190002,88.879997,74.626183,6501900
2019-06-07,89.379997,89.639999,89.010002,89.150002,74.852898,4795700
2019-06-10,89.120003,89.410004,88.510002,88.879997,74.626183,4710400
2019-06-11,89.050003,89.320000,88.419998,89.029999,74.752106,4045800
2019-06-12,89.070000,89.629997,89.000000,89.320000,74.995636,5117200
2019-06-13,89.500000,89.650002,89.160004,89.650002,75.272690,4883900
2019-06-14,89.639999,90.180000,89.480003,89.800003,75.398621,4808300
2019-06-17,89.309998,90.110001,89.190002,90.070000,76.206650,8171300
2019-06-18,90.430000,90.870003,89.480003,89.910004,76.071274,8297400
2019-06-19,89.769997,90.650002,89.339996,90.470001,76.545059,5955500
2019-06-20,90.889999,91.110001,90.650002,90.870003,76.883507,6541800
2019-06-21,90.480003,90.550003,89.379997,89.720001,75.910522,11471300
2019-06-24,90.160004,90.169998,89.099998,89.160004,75.436714,7237200
2019-06-25,89.330002,89.570000,88.010002,88.019997,74.472168,7967000
2019-06-26,88.019997,88.180000,86.180000,86.360001,73.067688,11381000
2019-06-27,86.870003,87.470001,86.809998,87.360001,73.913788,7115400
2019-06-28,87.500000,88.220001,87.309998,87.309998,73.871475,10525800
2019-07-01,88.250000,88.250000,86.680000,87.610001,74.125298,11876800
2019-07-02,87.910004,89.059998,87.760002,88.980003,75.284409,9713700
2019-07-03,89.199997,90.239998,89.190002,90.160004,76.282822,6897400
2019-07-05,89.300003,90.129997,88.510002,89.750000,75.935905,7822200
2019-07-08,89.739998,90.339996,89.639999,90.040001,76.181282,5098200
2019-07-09,90.029999,90.639999,89.800003,90.480003,76.553543,4096600
2019-07-10,90.919998,91.220001,90.440002,90.959999,76.959648,6911700
2019-07-11,90.849998,90.980003,89.589996,89.940002,76.096649,7720500
2019-07-12,90.019997,90.129997,89.459999,89.779999,75.961266,3445300
2019-07-15,89.959999,90.349998,89.639999,89.779999,75.961266,4142800
2019-07-16,89.510002,89.900002,89.250000,89.570000,75.783600,5347800
2019-07-17,89.750000,90.019997,88.750000,89.209999,75.479012,5343700
2019-07-18,89.059998,89.500000,88.570000,89.230003,75.495934,4721400
2019-07-19,89.389999,89.510002,87.760002,87.919998,74.387550,7972100
2019-07-22,88.080002,88.139999,87.489998,87.760002,74.252182,5280000
2019-07-23,88.029999,88.750000,87.769997,88.650002,75.005226,5390400
2019-07-24,88.879997,89.050003,88.470001,88.900002,75.216721,3278500
2019-07-25,88.769997,88.930000,88.070000,88.489998,74.869835,5028700
2019-07-26,88.519997,88.959999,88.160004,88.790001,75.123634,3679000
2019-07-29,88.989998,89.639999,88.889999,89.050003,75.343643,5715300
2019-07-30,88.959999,90.019997,88.889999,89.690002,75.885147,6447700
2019-07-31,89.779999,90.389999,88.830002,89.389999,75.631317,8864800
2019-08-01,89.599998,90.139999,88.800003,89.300003,75.555153,12385000
2019-08-02,89.379997,90.230003,89.129997,89.699997,75.893585,6350300
2019-08-05,89.430000,89.449997,86.930000,88.089996,74.531387,7142800
2019-08-06,88.160004,89.459999,88.029999,89.019997,75.318275,7494200
2019-08-07,89.470001,90.470001,87.849998,89.949997,76.105103,9553400
2019-08-08,90.430000,91.480003,89.430000,91.459999,77.382690,5487800
2019-08-09,91.180000,91.699997,90.510002,91.449997,77.374214,7709500
2019-08-12,91.330002,91.500000,90.639999,91.099998,77.078117,6719600
2019-08-13,91.220001,91.540001,90.500000,91.199997,77.162712,6177700
2019-08-14,90.870003,90.949997,89.540001,89.720001,75.910522,6409100
2019-08-15,89.970001,90.830002,89.809998,90.709999,76.748138,6122800
2019-08-16,90.919998,91.720001,90.750000,91.500000,77.416542,6465000
2019-08-19,91.860001,92.410004,91.519997,92.190002,78.000328,5782500
2019-08-20,92.419998,92.660004,91.470001,91.500000,77.416542,5588100
2019-08-21,91.830002,92.089996,91.449997,91.839996,77.704208,2803900
2019-08-22,91.860001,92.400002,91.370003,92.349998,78.135719,4349200
2019-08-23,92.230003,92.879997,90.750000,91.080002,77.061203,7401200
2019-08-26,91.550003,91.839996,91.129997,91.750000,77.628059,4485100
2019-08-27,92.220001,92.519997,91.360001,91.400002,77.331932,3808700
2019-08-28,91.330002,91.769997,91.150002,91.610001,77.509613,4426800
2019-08-29,92.019997,92.410004,91.809998,92.339996,78.127243,3587800
2019-08-30,92.529999,92.680000,91.989998,92.459999,78.228775,5529200
2019-09-03,92.230003,93.360001,92.110001,93.360001,78.990265,8582000
2019-09-04,93.599998,94.199997,93.580002,94.089996,79.607903,7135800
2019-09-05,94.000000,94.080002,93.169998,93.500000,79.108688,10590800
2019-09-06,93.639999,93.949997,93.379997,93.680000,79.261002,5278400
2019-09-09,93.580002,93.839996,92.870003,93.070000,78.744881,8232600
2019-09-10,92.790001,92.820000,91.349998,92.080002,77.907257,10505900
2019-09-11,92.389999,92.389999,91.470001,92.169998,77.983429,8804600
2019-09-12,92.709999,93.180000,92.099998,92.620003,78.364151,8427900
2019-09-13,92.120003,92.949997,91.370003,91.540001,77.450386,12695100
2019-09-16,91.650002,92.570000,91.500000,92.480003,78.245705,6522800
2019-09-17,92.839996,93.519997,92.690002,93.489998,79.100250,10399700
2019-09-18,93.709999,93.970001,92.440002,93.160004,78.821037,8471300
2019-09-19,93.449997,93.930000,93.279999,93.610001,79.201775,5704800
2019-09-20,93.739998,94.010002,93.300003,93.570000,79.167931,8492400
2019-09-23,93.650002,94.110001,93.410004,93.709999,79.286392,5251300
2019-09-24,93.349998,93.529999,92.559998,92.930000,79.187531,7179600
2019-09-25,92.860001,93.269997,92.610001,93.000000,79.247185,8321200
2019-09-26,93.389999,93.989998,93.190002,93.760002,79.894798,5250000
2019-09-27,93.970001,94.040001,92.589996,93.190002,79.409073,9394900
2019-09-30,93.279999,93.830002,93.180000,93.540001,79.707336,6093800
2019-10-01,93.260002,93.669998,92.470001,92.550003,78.863739,17022800
2019-10-02,92.589996,92.669998,91.580002,92.190002,78.556961,6776900
2019-10-03,92.099998,93.269997,91.949997,93.089996,79.323875,10349200
2019-10-04,93.269997,93.639999,93.129997,93.589996,79.749924,9072100
2019-10-07,93.139999,93.860001,93.040001,93.330002,79.528389,7241000
2019-10-08,93.279999,93.629997,92.489998,92.849998,79.119370,5088300
2019-10-09,93.269997,93.550003,92.949997,93.150002,79.375015,4839200
2019-10-10,93.059998,93.529999,92.760002,93.330002,79.528389,4742600
2019-10-11,93.519997,94.029999,93.209999,93.260002,79.468750,6580100
2019-10-14,93.580002,93.800003,92.980003,93.279999,79.485771,6357500
2019-10-15,93.360001,93.519997,92.779999,93.330002,79.528389,5582700
2019-10-16,93.269997,93.400002,92.760002,93.400002,79.588036,5247400
2019-10-17,93.519997,94.070000,93.430000,93.919998,80.031120,5892100
2019-10-18,93.849998,94.800003,93.809998,94.669998,80.670227,7523000
2019-10-21,94.570000,95.370003,94.519997,95.360001,81.258186,7276400
2019-10-22,95.550003,96.000000,94.849998,95.050003,80.994034,5972500
2019-10-23,95.220001,95.220001,94.389999,95.180000,81.104813,5086800
2019-10-24,95.389999,95.389999,94.699997,95.059998,81.002548,4463000
2019-10-25,94.709999,94.849998,93.910004,94.089996,80.175987,5311400
2019-10-28,94.010002,94.099998,93.400002,93.580002,79.741402,5431200
2019-10-29,93.699997,94.320000,93.470001,93.900002,80.014107,6162700
2019-10-30,93.959999,94.419998,93.419998,94.419998,80.457199,7246400
2019-10-31,94.650002,94.709999,93.919998,94.260002,80.320854,6379600
2019-11-01,94.370003,94.730003,93.400002,94.190002,80.261223,11331100
2019-11-04,94.050003,94.180000,93.309998,93.459999,79.639160,7240400
2019-11-05,93.150002,93.459999,91.599998,91.940002,78.343933,14543400
2019-11-06,92.129997,92.589996,91.970001,92.209999,78.574013,6769600
2019-11-07,91.800003,92.059998,91.019997,91.330002,77.824165,8692900
2019-11-08,91.190002,91.709999,90.949997,91.160004,77.679291,5920100
2019-11-11,91.099998,91.620003,91.099998,91.370003,77.858231,3298700
2019-11-12,91.389999,91.930000,90.639999,90.730003,77.312889,6295100
2019-11-13,90.839996,91.680000,90.800003,91.470001,77.943443,6741300
2019-11-14,91.730003,92.199997,91.529999,92.199997,78.565491,5271700
2019-11-15,92.279999,92.709999,92.080002,92.690002,78.983017,5697300
2019-11-18,92.769997,93.580002,92.709999,93.169998,79.392044,5377200
2019-11-19,93.389999,93.580002,93.089996,93.290001,79.494308,4933100
2019-11-20,93.330002,93.599998,92.889999,93.269997,79.477242,5018400
2019-11-21,93.029999,93.139999,91.989998,91.989998,78.386543,9731600
2019-11-22,92.250000,92.260002,91.220001,91.690002,78.130905,6315000
2019-11-25,91.889999,92.510002,91.849998,92.050003,78.437683,6197100
2019-11-26,92.199997,93.290001,92.139999,93.160004,79.383530,8501900
2019-11-27,93.220001,93.690002,92.949997,93.459999,79.639160,6540100
2019-11-29,93.550003,93.970001,93.169998,93.199997,79.417610,5384600
2019-12-02,93.099998,93.169998,91.800003,91.820000,78.241692,15918300
2019-12-03,91.750000,92.510002,91.690002,92.379997,78.718849,8011800
2019-12-04,92.190002,93.080002,92.099998,92.739998,79.025627,8346600
2019-12-05,92.559998,92.860001,92.290001,92.820000,79.093811,8042000
2019-12-06,92.750000,93.459999,92.730003,92.980003,79.230148,5488500
2019-12-09,93.080002,93.339996,92.739998,93.169998,79.392044,4989200
2019-12-10,93.269997,93.400002,92.419998,92.610001,78.914848,7777400
2019-12-11,92.580002,92.730003,91.430000,91.709999,78.147949,10772300
2019-12-12,91.750000,92.050003,90.370003,90.510002,77.125412,12401600
2019-12-13,90.660004,90.980003,89.919998,90.599998,77.202087,8585500
2019-12-16,89.919998,90.559998,89.389999,90.290001,77.697769,9229100
2019-12-17,90.550003,90.680000,89.449997,89.519997,77.035156,5680000
2019-12-18,89.589996,90.830002,89.589996,90.680000,78.033386,7373300
2019-12-19,90.559998,91.470001,90.470001,91.430000,78.678780,5837700
2019-12-20,91.709999,92.330002,91.540001,92.000000,79.169281,11474600
2019-12-23,92.320000,92.419998,91.430000,91.480003,78.721809,5863100
2019-12-24,91.779999,91.910004,91.410004,91.730003,78.936951,2597600
2019-12-26,91.839996,92.220001,91.699997,92.220001,79.358597,3042600
2019-12-27,92.300003,92.629997,92.160004,92.470001,79.573753,4802800
2019-12-30,92.209999,92.739998,92.029999,92.540001,79.633995,6634400
2019-12-31,92.470001,93.180000,92.269997,93.080002,80.098671,6703000
2020-01-02,93.440002,93.540001,91.599998,92.050003,79.212326,10936800
2020-01-03,91.800003,92.940002,91.550003,92.709999,79.780266,7953900
2020-01-06,92.570000,93.129997,92.339996,92.790001,79.849106,6055400
2020-01-07,92.580002,92.580002,91.389999,91.849998,79.040199,7390800
2020-01-08,91.910004,92.330002,91.620003,92.070000,79.229515,6224600
2020-01-09,92.089996,92.400002,91.870003,92.120003,79.272560,5057800
2020-01-10,92.300003,92.970001,92.099998,92.919998,79.960983,7226800
2020-01-13,93.120003,93.930000,92.959999,93.910004,80.812904,8778300
2020-01-14,93.919998,93.919998,93.089996,93.550003,80.503113,4770600
2020-01-15,93.830002,94.610001,93.800003,94.379997,81.217377,8431700
2020-01-16,94.570000,95.120003,94.389999,95.080002,81.819748,5844200
2020-01-17,95.000000,95.529999,95.000000,95.190002,81.914391,5833300
2020-01-21,95.330002,96.180000,95.099998,96.160004,82.749130,7160700
2020-01-22,96.349998,96.620003,95.360001,95.610001,82.275818,7816000
2020-01-23,95.660004,96.260002,95.230003,96.180000,82.766319,6064600
2020-01-24,96.330002,96.529999,95.629997,95.959999,82.577003,3984300
2020-01-27,95.430000,95.760002,95.199997,95.500000,82.181160,4866600
2020-01-28,95.599998,96.169998,95.480003,95.910004,82.533974,6030700
2020-01-29,96.129997,96.309998,95.459999,95.610001,82.275818,4804700
2020-01-30,95.239998,95.849998,95.169998,95.730003,82.379074,7056700
2020-01-31,95.540001,95.699997,94.300003,94.570000,81.380867,7803900
2020-02-03,94.709999,95.570000,94.559998,94.860001,81.630409,10799800
2020-02-04,95.110001,96.220001,94.919998,95.830002,82.465134,6893400
2020-02-05,95.919998,96.230003,95.650002,95.849998,82.482346,8037200
2020-02-06,96.150002,96.459999,95.989998,96.209999,82.792137,5207400
2020-02-07,96.290001,96.410004,95.949997,96.169998,82.757713,4246700
2020-02-10,96.599998,97.220001,96.379997,97.139999,83.592430,6186900
2020-02-11,97.449997,98.500000,97.449997,97.930000,84.272270,7281700
2020-02-12,98.169998,98.959999,97.839996,98.709999,84.943489,5726300
2020-02-13,98.620003,99.459999,98.489998,99.379997,85.520035,6023500
2020-02-14,99.489998,100.309998,99.360001,100.279999,86.294502,4262600
2020-02-18,100.360001,100.400002,99.650002,100.209999,86.234276,5860000
2020-02-19,100.230003,100.750000,98.900002,98.949997,85.150017,7103500
2020-02-20,99.110001,100.059998,98.690002,100.019997,86.070778,8793000
2020-02-21,99.790001,100.389999,99.790001,100.209999,86.234276,6280100
2020-02-24,99.000000,99.769997,98.430000,98.870003,85.081154,7534800
2020-02-25,99.070000,99.290001,95.959999,96.220001,82.800751,9336400
2020-02-26,96.410004,97.160004,95.139999,95.209999,81.931610,12259300
2020-02-27,93.980003,93.980003,90.190002,90.220001,77.637527,18952900
2020-02-28,88.430000,88.889999,85.320000,87.400002,75.210815,34732100
2020-03-02,88.489998,91.959999,87.959999,91.610001,78.833672,21369400
2020-03-03,91.900002,94.160004,90.889999,91.620003,78.842270,20821800
2020-03-04,93.070000,95.290001,92.959999,95.120003,81.854156,12692300
2020-03-05,93.599998,94.309998,92.040001,93.050003,80.072845,12086000
2020-03-06,90.769997,91.809998,88.589996,91.470001,78.713203,16538800
2020-03-09,85.150002,87.389999,84.099998,84.690002,72.878777,14725100
2020-03-10,86.790001,88.180000,83.400002,87.959999,75.692703,18279800
2020-03-11,85.839996,86.120003,82.070000,82.839996,71.286758,14714000
2020-03-12,78.019997,79.959999,73.360001,74.769997,64.342255,11980900
2020-03-13,78.410004,81.169998,74.389999,81.150002,69.832489,11713600
2020-03-16,72.849998,74.320000,66.849998,67.459999,58.051731,12956800
2020-03-17,68.260002,72.019997,66.059998,70.629997,60.779629,9973600
2020-03-18,66.300003,68.419998,61.029999,63.680000,54.798912,8574700
2020-03-19,63.009998,65.239998,60.810001,63.709999,54.824734,10115000
2020-03-20,64.379997,66.320000,60.500000,60.919998,52.423832,12254800
2020-03-23,60.660000,60.660000,56.270000,57.840000,49.773384,16261300
2020-03-24,60.910000,62.610001,59.290001,62.470001,53.757671,12192800
2020-03-25,62.380001,68.669998,61.680000,65.269997,56.709110,13699300
2020-03-26,66.129997,70.440002,65.599998,70.110001,60.914299,11439200
2020-03-27,67.940002,72.019997,67.610001,70.199997,60.992496,8318700
2020-03-30,70.790001,71.820000,68.489998,71.599998,62.208858,10447900
2020-03-31,71.220001,71.220001,67.889999,69.570000,60.445110,11231300
2020-04-01,66.330002,69.720001,63.709999,64.980003,56.457150,11527300
2020-04-02,64.070000,66.519997,63.980000,65.260002,56.700428,10395900
2020-04-03,64.709999,65.550003,63.009998,64.239998,55.814205,8666500
2020-04-06,66.970001,69.419998,66.889999,69.059998,60.002010,11485600
2020-04-07,71.730003,73.120003,69.720001,69.730003,60.584129,9338600
2020-04-08,70.849998,75.209999,70.099998,74.720001,64.919632,14284800
2020-04-09,76.339996,80.120003,76.339996,78.879997,68.534004,15642200
2020-04-13,78.510002,78.750000,75.129997,75.669998,65.745026,9757500
2020-04-14,77.349998,78.489998,76.769997,77.669998,67.482704,8697500
2020-04-15,75.430000,76.180000,73.860001,74.730003,64.928329,9204500
2020-04-16,74.500000,75.320000,73.360001,73.889999,64.198509,9036800
2020-04-17,76.110001,76.489998,73.830002,76.089996,66.109940,7339000
2020-04-20,74.669998,75.000000,73.230003,73.330002,63.711952,7404300
2020-04-21,71.470001,72.629997,70.989998,71.989998,62.547718,8919100
2020-04-22,73.320000,73.760002,72.459999,73.139999,63.546867,6503500
2020-04-23,73.190002,73.919998,72.169998,72.470001,62.964745,6051900
2020-04-24,72.800003,73.059998,71.809998,72.769997,63.225395,4911700
2020-04-27,73.349998,75.360001,73.190002,75.070000,65.223747,5471500
2020-04-28,76.730003,77.599998,75.669998,75.750000,65.814529,6052900
2020-04-29,77.349998,77.849998,75.760002,76.910004,66.822395,7196600
2020-04-30,75.680000,76.300003,74.790001,76.050003,66.075188,8778000
2020-05-01,74.410004,74.419998,72.779999,73.470001,63.833588,5740600
2020-05-04,72.660004,73.339996,71.589996,73.250000,63.642441,4894100
2020-05-05,73.870003,74.760002,73.550003,73.599998,63.946529,7107700
2020-05-06,74.050003,74.279999,72.330002,72.379997,62.886539,5740800
2020-05-07,73.029999,74.389999,72.930000,73.339996,63.720634,6427100
2020-05-08,74.519997,75.279999,74.120003,75.089996,65.241104,7870600
2020-05-11,74.190002,75.190002,73.650002,74.029999,64.320129,5544300
2020-05-12,74.300003,74.379997,70.550003,70.629997,61.366077,10986600
2020-05-13,70.160004,70.470001,68.570000,68.959999,59.915142,13770700
2020-05-14,67.959999,69.320000,66.440002,69.279999,60.193165,9536900
2020-05-15,68.809998,69.070000,67.830002,68.959999,59.915142,9552500
2020-05-18,71.370003,73.580002,71.330002,72.980003,63.407848,11786200
2020-05-19,72.720001,73.180000,72.139999,72.160004,62.695423,4982900
2020-05-20,73.029999,73.110001,72.290001,72.860001,63.303589,4393100
2020-05-21,72.500000,73.250000,72.019997,72.760002,63.216728,4139400
2020-05-22,72.650002,73.809998,72.459999,73.750000,64.076851,4405800
2020-05-26,75.940002,76.889999,75.720001,76.440002,66.414040,7415800
2020-05-27,78.180000,78.339996,76.040001,77.910004,67.691223,8143900
2020-05-28,78.830002,78.870003,77.599998,78.230003,67.969276,6195400
2020-05-29,77.680000,78.199997,76.949997,77.419998,67.265495,10074000
2020-06-01,77.360001,79.769997,77.199997,79.209999,68.820717,6401800
2020-06-02,79.849998,80.120003,79.070000,79.919998,69.437614,6300800
2020-06-03,80.730003,82.680000,80.599998,82.320000,71.522812,9371500
2020-06-04,82.000000,82.029999,80.849998,81.620003,70.914627,6583900
2020-06-05,84.330002,86.110001,84.230003,84.589996,73.495049,10281900
2020-06-08,85.680000,86.860001,85.660004,86.820000,75.432594,6919300
2020-06-09,85.339996,85.919998,84.309998,85.419998,74.216209,10855200
2020-06-10,84.980003,85.410004,82.580002,83.239998,72.322144,9362100
2020-06-11,79.580002,80.739998,77.809998,77.980003,67.752052,9634500
2020-06-12,80.629997,81.019997,78.529999,80.769997,70.176109,12788900
2020-06-15,77.849998,81.610001,77.480003,81.160004,70.983383,8011900
2020-06-16,84.070000,84.220001,81.410004,82.760002,72.382767,7372800
2020-06-17,83.209999,83.290001,81.580002,81.639999,71.403175,4686800
2020-06-18,80.910004,81.199997,80.330002,80.769997,70.642281,5687200
2020-06-19,81.970001,81.980003,79.239998,79.750000,69.750183,9850800
2020-06-22,79.459999,79.760002,78.260002,79.599998,69.618980,5325400
2020-06-23,80.389999,80.519997,79.110001,79.360001,69.409088,4775900
2020-06-24,78.339996,78.580002,75.339996,77.089996,67.423706,7585000
2020-06-25,76.489998,78.080002,76.400002,78.040001,68.254608,4919500
2020-06-26,77.739998,78.110001,76.440002,76.489998,66.898933,6942000
2020-06-29,77.349998,77.989998,76.169998,77.919998,68.149643,6311100
2020-06-30,78.010002,79.239998,77.699997,78.809998,68.928047,5965600
2020-07-01,79.019997,80.919998,78.910004,80.580002,70.476097,6281500
2020-07-02,81.959999,82.129997,80.019997,80.330002,70.257462,4294100
2020-07-06,82.010002,82.010002,80.230003,80.339996,70.266190,5060000
2020-07-07,79.529999,79.940002,78.730003,78.809998,68.928047,3941100
2020-07-08,79.000000,79.250000,78.019997,78.730003,68.858063,3753800
2020-07-09,78.610001,78.650002,77.059998,78.290001,68.473267,3988600
2020-07-10,78.199997,78.870003,77.940002,78.510002,68.665665,3588700
2020-07-13,78.930000,79.150002,77.290001,77.540001,67.817291,5494600
2020-07-14,77.360001,78.339996,77.230003,78.129997,68.333305,4973400
2020-07-15,79.440002,79.699997,78.389999,78.940002,69.041748,4716300
2020-07-16,78.559998,78.820000,77.820000,78.080002,68.289581,4039300
2020-07-17,78.430000,79.410004,77.930000,79.059998,69.146690,3474300
2020-07-20,78.940002,79.389999,77.849998,78.120003,68.324554,3111900
2020-07-21,78.699997,79.129997,78.129997,78.320000,68.499481,3804000
2020-07-22,78.010002,79.550003,77.820000,79.519997,69.549019,3350000
2020-07-23,79.279999,79.809998,78.199997,79.110001,69.190453,3681000
2020-07-24,78.980003,79.349998,78.459999,78.510002,68.665665,3584300
2020-07-27,78.529999,79.440002,77.639999,79.419998,69.461563,2592400
2020-07-28,79.300003,81.290001,79.160004,80.839996,70.703499,4053500
2020-07-29,81.430000,82.709999,81.410004,82.650002,72.286560,5100100
2020-07-30,81.620003,82.239998,81.129997,82.230003,71.919212,5807600
2020-07-31,82.150002,82.199997,80.820000,82.059998,71.770538,6989600
2020-08-03,82.160004,82.180000,80.650002,80.989998,70.834709,3616900
2020-08-04,80.800003,82.279999,80.790001,82.010002,71.726807,3995000
2020-08-05,82.239998,82.650002,81.309998,81.699997,71.455673,4036100
2020-08-06,81.459999,81.989998,81.220001,81.709999,71.464417,3137900
2020-08-07,81.459999,82.860001,81.330002,82.820000,72.435234,3941300
2020-08-10,83.000000,83.500000,82.599998,83.019997,72.610161,4031300
2020-08-11,83.949997,83.949997,81.540001,81.820000,71.560631,4076400
2020-08-12,82.349998,82.760002,82.110001,82.610001,72.251572,2989300
2020-08-13,82.559998,83.059998,81.470001,81.669998,71.429451,4181800
2020-08-14,81.470001,82.430000,81.389999,81.680000,71.438187,2213900
2020-08-17,81.839996,82.330002,81.389999,82.320000,71.997925,3122400
2020-08-18,82.349998,82.419998,81.440002,81.930000,71.656837,3523100
2020-08-19,82.010002,82.089996,80.339996,80.459999,70.371170,4337000
2020-08-20,80.080002,81.699997,79.849998,81.190002,71.009621,3036300
2020-08-21,81.089996,81.680000,80.419998,81.309998,71.114571,2933300
2020-08-24,81.470001,81.989998,80.449997,81.949997,71.674309,3110600
2020-08-25,82.139999,82.339996,81.349998,82.150002,71.849243,3043100
2020-08-26,82.000000,82.059998,80.879997,81.379997,71.175804,4668400
2020-08-27,81.489998,82.790001,81.489998,82.540001,72.190338,4541700
2020-08-28,82.769997,83.089996,81.900002,83.050003,72.636398,3770000
2020-08-31,82.970001,83.010002,81.959999,82.250000,71.936714,3392800
2020-09-01,81.989998,82.410004,81.400002,82.339996,72.015411,3026500
2020-09-02,82.360001,83.970001,81.769997,83.839996,73.327324,5049500
2020-09-03,83.879997,84.529999,82.180000,82.800003,72.417747,5707500
2020-09-04,83.000000,83.580002,81.019997,82.419998,72.085365,7279500
2020-09-08,82.070000,82.070000,80.790001,81.389999,71.184547,5431300
2020-09-09,81.730003,83.139999,81.629997,82.129997,71.831749,4645000
2020-09-10,82.019997,82.309998,80.989998,81.029999,70.869690,4574500
2020-09-11,81.239998,81.489998,79.910004,80.580002,70.476097,4298300
2020-09-14,81.169998,82.940002,80.949997,82.739998,72.365265,4373400
2020-09-15,83.040001,84.449997,82.980003,83.699997,73.204880,4166400
2020-09-16,84.199997,84.970001,83.750000,84.150002,73.598488,3958900
2020-09-17,83.360001,83.919998,82.059998,82.570000,72.216583,4258900
2020-09-18,82.599998,82.599998,80.639999,80.790001,70.659767,6820100
2020-09-21,79.540001,79.809998,78.089996,78.540001,68.691917,5721100
2020-09-22,78.680000,80.070000,78.480003,79.459999,69.496536,4788600
2020-09-23,79.019997,79.019997,76.620003,76.709999,67.498253,4149800
2020-09-24,76.709999,78.120003,76.360001,77.050003,67.797432,7611800
2020-09-25,76.790001,78.720001,76.639999,78.610001,69.170090,3292100
2020-09-28,79.750000,80.510002,79.510002,80.180000,70.551559,3960900
2020-09-29,80.120003,80.209999,79.000000,79.580002,70.023613,4520900
2020-09-30,80.000000,80.690002,79.040001,79.839996,70.252396,4276500
2020-10-01,80.120003,81.449997,79.809998,81.379997,71.607460,18707600
2020-10-02,80.260002,82.940002,79.900002,82.680000,72.751350,18898100
2020-10-05,82.900002,83.419998,81.639999,83.139999,73.156105,12648700
2020-10-06,83.330002,83.769997,82.290001,82.620003,72.698563,20491400
2020-10-07,83.120003,83.160004,82.330002,82.709999,72.777756,3424200
2020-10-08,83.169998,84.320000,82.970001,84.010002,73.921646,4177600
2020-10-09,84.330002,84.570000,83.400002,83.650002,73.604874,10875100
2020-10-12,83.760002,84.320000,83.300003,84.150002,74.044838,5738400
2020-10-13,84.040001,84.040001,82.320000,82.800003,72.856949,4940500
2020-10-14,82.699997,82.930000,81.709999,81.830002,72.003418,5918500
2020-10-15,81.029999,82.820000,81.029999,82.169998,72.302589,4817100
2020-10-16,82.190002,82.309998,81.529999,81.660004,71.853859,4338800
2020-10-19,81.849998,82.070000,80.220001,80.339996,70.692329,4996400
2020-10-20,80.910004,81.489998,80.690002,80.940002,71.220291,7054500
2020-10-21,80.639999,81.040001,80.330002,80.620003,70.938721,4019900
2020-10-22,80.570000,80.879997,80.239998,80.519997,70.850716,3928800
2020-10-23,80.769997,81.309998,80.389999,81.010002,71.281906,2641500
2020-10-26,80.320000,80.410004,79.239998,79.980003,70.375572,3991400
2020-10-27,80.080002,80.489998,78.779999,78.800003,69.337280,3414500
2020-10-28,77.459999,78.269997,76.610001,76.870003,67.639061,6085000
2020-10-29,76.970001,78.589996,76.330002,78.040001,68.668556,5759000
2020-10-30,77.550003,78.099998,76.620003,77.510002,68.202209,6507300
2020-11-02,78.360001,79.480003,77.879997,79.459999,69.918015,6576200
2020-11-03,80.080002,81.349998,79.889999,80.989998,71.264305,7949700
2020-11-04,81.389999,82.440002,80.599998,81.160004,71.413879,6721800
2020-11-05,81.800003,82.209999,81.110001,81.419998,71.642670,5409000
2020-11-06,81.459999,82.070000,80.650002,80.959999,71.237900,6837600
2020-11-09,85.000000,88.760002,83.099998,83.300003,73.296906,17599700
2020-11-10,83.300003,84.489998,82.959999,84.230003,74.115219,9468700
2020-11-11,84.849998,85.180000,83.980003,84.769997,74.590370,5307900
2020-11-12,84.339996,84.790001,83.220001,83.750000,73.692848,3756800
2020-11-13,84.129997,86.080002,84.129997,85.940002,75.619865,4854100
2020-11-16,87.400002,87.809998,85.720001,86.639999,76.235802,7907600
2020-11-17,85.989998,87.040001,85.540001,86.709999,76.297401,5134800
2020-11-18,86.949997,87.370003,85.019997,85.150002,74.924751,7843200
2020-11-19,85.050003,85.379997,84.029999,85.320000,75.074333,4440100
2020-11-20,85.279999,85.440002,84.470001,84.919998,74.722336,3544800
2020-11-23,85.360001,85.730003,84.690002,84.849998,74.660759,4796400
2020-11-24,85.870003,86.269997,84.980003,85.089996,74.871918,4574200
2020-11-25,85.239998,85.320000,84.430000,85.160004,74.933533,3380500
2020-11-27,85.360001,85.430000,84.529999,84.900002,74.704765,1658900
2020-11-30,84.750000,84.820000,83.760002,84.160004,74.053642,4633900
2020-12-01,85.180000,85.489998,84.779999,85.120003,74.898331,4831100
2020-12-02,84.879997,85.430000,84.230003,84.360001,74.229591,4372300
2020-12-03,84.430000,85.389999,84.290001,84.989998,74.783936,4539200
2020-12-04,85.400002,86.260002,85.349998,86.239998,75.883850,3714600
2020-12-07,85.949997,86.330002,85.239998,85.570000,75.294304,8254400
2020-12-08,85.169998,85.669998,85.059998,85.150002,74.924751,4100000
2020-12-09,85.239998,85.370003,83.959999,84.500000,74.352798,7956700
2020-12-10,84.139999,84.680000,83.730003,84.010002,73.921646,2823000
2020-12-11,83.639999,84.150002,83.220001,84.050003,73.956825,2862700
2020-12-14,84.070000,84.699997,82.989998,83.059998,73.612068,3817000
2020-12-15,83.400002,84.680000,82.889999,84.660004,75.030090,3719700
2020-12-16,84.889999,85.330002,84.330002,84.790001,75.145294,3965600
2020-12-17,85.250000,85.690002,84.849998,85.620003,75.880890,3547200
2020-12-18,85.680000,85.820000,83.540001,84.080002,74.516068,4291000
2020-12-21,82.919998,83.680000,82.570000,83.540001,74.037491,4952200
2020-12-22,83.709999,84.269997,83.320000,84.199997,74.622391,3383200
2020-12-23,84.559998,85.010002,83.550003,83.629997,74.117241,4579400
2020-12-24,83.930000,84.320000,83.680000,84.290001,74.702148,981700
2020-12-28,84.660004,85.230003,84.260002,85.059998,75.384583,6311700
2020-12-29,85.449997,85.750000,84.190002,84.370003,74.773048,3138900
2020-12-30,84.290001,85.320000,84.290001,84.750000,75.109848,4933800
2020-12-31,84.739998,85.879997,84.080002,85.650002,75.907471,4171500
2021-01-04,85.860001,85.989998,82.709999,82.739998,73.328484,14744100
2021-01-05,82.720001,83.489998,82.639999,82.730003,73.319618,13595100
2021-01-06,82.660004,83.260002,82.150002,82.690002,73.284157,18629400
2021-01-07,82.699997,83.000000,82.190002,82.680000,73.275307,10663300
2021-01-08,82.849998,83.739998,82.809998,83.480003,73.984299,4345200
2021-01-11,83.080002,83.379997,82.070000,82.300003,72.938530,3548500
2021-01-12,82.129997,82.430000,81.459999,82.269997,72.911942,5314900
2021-01-13,82.190002,83.430000,82.190002,83.279999,73.807053,8842500
2021-01-14,83.500000,84.169998,83.139999,83.639999,74.126106,4538600
2021-01-15,83.540001,84.889999,83.260002,84.589996,74.968025,6775200
2021-01-19,85.150002,85.150002,84.040001,84.360001,74.764191,3413600
2021-01-20,84.389999,86.379997,84.139999,86.059998,76.270836,6889500
2021-01-21,85.730003,85.930000,85.010002,85.800003,76.040413,4779600
2021-01-22,85.470001,86.160004,85.220001,85.970001,76.191071,6286300
2021-01-25,86.010002,87.209999,85.540001,86.610001,76.758286,5140000
2021-01-26,86.760002,87.500000,86.620003,87.239998,77.316612,3790600
2021-01-27,86.690002,87.309998,85.320000,85.790001,76.031570,5641100
2021-01-28,85.699997,87.139999,85.379997,86.160004,76.359467,5032200
2021-01-29,85.860001,86.559998,84.820000,85.279999,75.579567,5572600
2021-02-01,85.790001,87.400002,84.870003,87.339996,77.405243,13611800
2021-02-02,87.870003,88.110001,87.129997,87.809998,77.821762,12298500
2021-02-03,87.510002,87.739998,86.370003,87.570000,77.609055,11551100
2021-02-04,87.599998,88.570000,87.379997,88.070000,78.052185,11375300
2021-02-05,88.230003,88.510002,87.949997,88.239998,78.202873,5332900
2021-02-08,88.239998,88.500000,87.800003,88.480003,78.415558,5033800
2021-02-09,88.550003,89.010002,88.300003,88.870003,78.761192,3279900
2021-02-10,89.339996,89.989998,88.949997,89.440002,79.266380,5026400
2021-02-11,89.480003,89.889999,88.989998,89.419998,79.248634,3177900
2021-02-12,89.400002,89.580002,88.760002,89.540001,79.354988,2701900
2021-02-16,89.589996,89.620003,88.150002,88.660004,78.575081,3652000
2021-02-17,88.459999,88.709999,88.050003,88.540001,78.468742,6557400
2021-02-18,88.160004,88.550003,88.059998,88.300003,78.256042,6013800
2021-02-19,88.739998,89.250000,88.300003,88.709999,78.619385,3839200
2021-02-22,88.419998,89.559998,88.150002,89.239998,79.089111,5062000
2021-02-23,89.529999,89.949997,89.169998,89.739998,79.532242,5684500
2021-02-24,89.639999,90.480003,89.330002,90.220001,79.957649,6117200
2021-02-25,90.150002,90.849998,88.139999,88.699997,78.610535,9618100
2021-02-26,88.930000,89.040001,87.290001,87.349998,77.414093,9978600
2021-03-01,88.260002,89.080002,87.500000,87.570000,77.609055,12062500
2021-03-02,87.559998,87.559998,86.300003,86.860001,76.979836,14819900
2021-03-03,86.760002,87.010002,85.980003,86.099998,76.306297,15991200
2021-03-04,86.360001,86.919998,84.389999,85.250000,75.552963,18710500
2021-03-05,86.050003,86.690002,84.050003,86.330002,76.510117,7882500
2021-03-08,86.620003,87.900002,86.089996,87.040001,77.139359,8494900
2021-03-09,87.489998,88.309998,87.410004,87.589996,77.626785,4385100
2021-03-10,87.779999,88.870003,87.529999,88.430000,78.371254,5016100
2021-03-11,88.570000,89.919998,88.400002,89.379997,79.213196,4329100
2021-03-12,89.250000,90.870003,89.250000,90.870003,80.533699,5521800
2021-03-15,90.900002,92.349998,90.570000,92.120003,81.641533,5335500
2021-03-16,92.110001,92.470001,91.459999,91.919998,81.464272,4162000
2021-03-17,91.750000,91.959999,90.930000,91.959999,81.499725,5849400
2021-03-18,91.370003,91.570000,90.669998,91.150002,80.781860,7539500
2021-03-19,90.970001,91.510002,89.910004,90.040001,79.798111,9974900
2021-03-22,89.849998,91.019997,89.690002,90.839996,80.507111,3748200
2021-03-23,90.849998,91.559998,90.449997,90.849998,80.515976,3981800
2021-03-24,90.720001,91.540001,90.379997,90.430000,80.143776,4046300
2021-03-25,89.839996,90.930000,88.879997,90.730003,80.806404,4701600
2021-03-26,91.120003,92.790001,91.000000,92.739998,82.596535,5190300
2021-03-29,92.449997,92.830002,91.459999,92.389999,82.284821,5668600
2021-03-30,92.220001,92.580002,91.970001,92.320000,82.222473,7171800
2021-03-31,92.220001,92.889999,91.480003,91.940002,81.884018,8863600
2021-04-01,92.449997,93.620003,92.010002,93.580002,83.344650,15804700
2021-04-05,94.139999,94.139999,93.010002,93.949997,83.674194,18032000
2021-04-06,94.000000,94.199997,93.480003,94.199997,83.896843,15602600
2021-04-07,94.360001,94.449997,93.440002,94.199997,83.896843,14850600
2021-04-08,94.269997,94.669998,93.839996,93.970001,83.691994,5862600
2021-04-09,94.129997,94.129997,93.629997,93.959999,83.683090,5877900
2021-04-12,94.110001,94.480003,93.379997,94.470001,84.137314,4359100
2021-04-13,94.430000,95.139999,94.260002,95.040001,84.644974,7435300
2021-04-14,95.089996,95.489998,94.360001,94.459999,84.128418,7114900
2021-04-15,95.059998,96.129997,94.870003,96.129997,85.615746,9781300
2021-04-16,96.400002,96.610001,95.989998,96.320000,85.784981,4035100
2021-04-19,96.379997,96.580002,95.849998,96.550003,85.989807,4047600
2021-04-20,96.330002,97.699997,96.330002,97.559998,86.889343,5150300
2021-04-21,97.669998,98.199997,97.320000,98.010002,87.290138,4585600
2021-04-22,97.949997,98.410004,97.360001,97.610001,86.933891,6062500
2021-04-23,97.809998,98.339996,97.510002,98.199997,87.459335,5015400
2021-04-26,98.680000,98.870003,98.099998,98.360001,87.601830,4457100
2021-04-27,98.680000,98.680000,98.089996,98.389999,87.628548,3843900
2021-04-28,98.440002,98.570000,97.800003,97.980003,87.263420,5307300
2021-04-29,98.559998,99.080002,98.080002,98.779999,87.975899,4774900
2021-04-30,98.489998,99.370003,98.269997,99.190002,88.341064,4994700
2021-05-03,99.610001,99.620003,98.669998,99.029999,88.198563,15941100
2021-05-04,98.750000,99.239998,97.769997,98.129997,87.397011,15545400
2021-05-05,98.099998,98.099998,96.379997,96.709999,86.132301,17545900
2021-05-06,96.779999,97.360001,96.440002,97.230003,86.595436,16013800
2021-05-07,97.540001,98.589996,97.250000,98.589996,87.806671,6441200
2021-05-10,98.800003,99.750000,98.629997,98.629997,87.842300,7486800
2021-05-11,97.900002,97.900002,96.720001,97.510002,86.844818,8099300
2021-05-12,97.309998,97.440002,95.010002,95.099998,84.698402,9227200
2021-05-13,95.279999,96.879997,95.279999,96.260002,85.731529,10680600
2021-05-14,96.779999,97.620003,96.570000,97.330002,86.684509,5704900
2021-05-17,97.540001,97.610001,96.930000,97.419998,86.764648,4665200
2021-05-18,97.370003,98.099998,96.809998,97.550003,86.880447,3801600
2021-05-19,96.769997,97.279999,95.889999,97.279999,86.639969,8013300
2021-05-20,97.300003,98.730003,97.050003,98.480003,87.708717,6117200
2021-05-21,98.610001,98.860001,98.080002,98.309998,87.557327,6711200
2021-05-24,98.800003,99.820000,98.669998,99.419998,88.545906,4352500
2021-05-25,99.550003,99.889999,99.010002,99.510002,88.626083,8828700
2021-05-26,99.709999,100.339996,99.459999,99.839996,88.919975,6120900
2021-05-27,100.050003,100.089996,99.349998,99.500000,88.617157,7308900
2021-05-28,100.029999,100.470001,99.779999,100.190002,89.231697,7383300
2021-06-01,100.629997,101.849998,100.279999,101.769997,90.638870,12740100
2021-06-02,102.220001,103.089996,101.790001,102.989998,91.725418,15539800
2021-06-03,102.949997,102.949997,102.180000,102.790001,91.547302,14727100
2021-06-04,103.120003,103.209999,102.279999,102.800003,91.556229,13005500
2021-06-07,102.900002,104.099998,102.900002,103.809998,92.455742,6510100
2021-06-08,103.860001,104.669998,103.860001,104.480003,93.052460,6112100
2021-06-09,104.790001,105.010002,104.510002,104.709999,93.257294,5928800
2021-06-10,104.150002,105.220001,103.860001,104.970001,93.959061,5998100
2021-06-11,104.949997,104.970001,103.970001,104.449997,93.493614,7348300
2021-06-14,104.389999,104.919998,104.260002,104.910004,93.905350,5301700
2021-06-15,104.910004,104.910004,103.750000,103.809998,92.920753,7924200
2021-06-16,104.040001,104.419998,102.839996,102.879997,92.088287,8696000
2021-06-17,102.720001,103.190002,102.339996,103.040001,92.231506,9029000
2021-06-18,102.760002,102.980003,101.379997,101.410004,90.772514,7828200
2021-06-21,101.699997,103.730003,101.459999,103.470001,92.616417,6758900
2021-06-22,103.510002,103.540001,102.930000,102.970001,92.168877,6023100
2021-06-23,102.919998,103.250000,102.639999,102.699997,91.927193,6447800
2021-06-24,103.000000,103.029999,101.949997,102.360001,91.622849,4016200
2021-06-25,102.449997,103.230003,102.290001,103.230003,92.401588,6519600
2021-06-28,103.440002,103.470001,102.080002,102.820000,92.034599,4205000
2021-06-29,102.889999,103.400002,102.489998,102.519997,91.766060,4639000
2021-06-30,102.570000,103.110001,101.820000,101.940002,91.246902,7737400
2021-07-01,102.000000,103.099998,101.610001,102.339996,91.604942,16376200
2021-07-02,102.730003,103.160004,102.279999,102.680000,91.909286,16421400
2021-07-06,102.680000,103.709999,101.959999,103.459999,92.607460,15654200
2021-07-07,103.419998,104.349998,103.040001,103.839996,92.947586,14413500
2021-07-08,103.180000,104.150002,102.959999,103.879997,92.983406,9538400
2021-07-09,104.349998,105.440002,104.029999,105.400002,94.343971,9087900
2021-07-12,105.330002,106.330002,105.190002,106.169998,95.033203,6150500
2021-07-13,105.930000,106.080002,104.379997,104.639999,93.663696,10277000
2021-07-14,104.820000,105.800003,104.510002,105.489998,94.424522,6584500
2021-07-15,105.309998,105.870003,105.260002,105.760002,94.666199,5393200
2021-07-16,106.220001,106.540001,105.699997,105.779999,94.684097,7061100
2021-07-19,104.830002,104.889999,103.169998,103.930000,93.028160,12408200
2021-07-20,104.519997,106.650002,104.379997,106.269997,95.122704,8337700
2021-07-21,106.519997,106.809998,105.940002,106.099998,94.970543,7475900
2021-07-22,105.650002,105.760002,104.830002,105.309998,94.263405,4917100
2021-07-23,105.680000,106.410004,105.440002,106.250000,95.104805,5695600
2021-07-26,106.139999,106.470001,105.489998,106.180000,95.042152,4069000
2021-07-27,106.150002,107.089996,105.769997,106.959999,95.740334,6394500
2021-07-28,106.820000,106.989998,106.080002,106.449997,95.283813,7576300
2021-07-29,106.720001,107.500000,106.360001,106.449997,95.283813,5299900
2021-07-30,106.660004,107.989998,106.500000,106.720001,95.525505,5865600
2021-08-02,107.089996,107.940002,106.370003,106.480003,95.310692,7787900
2021-08-03,106.790001,106.900002,105.989998,106.690002,95.498650,6865200
2021-08-04,106.519997,107.019997,105.860001,106.269997,95.122704,5810300
2021-08-05,106.830002,107.379997,106.419998,107.339996,96.080467,5536800
2021-08-06,107.540001,107.800003,106.889999,107.080002,95.847755,4280800
2021-08-09,106.949997,106.949997,106.339996,106.500000,95.328575,3233400
2021-08-10,106.699997,106.709999,105.339996,105.430000,94.370834,5110400
2021-08-11,105.940002,106.190002,105.470001,106.029999,94.907883,5440000
2021-08-12,106.300003,106.440002,105.809998,106.440002,95.274864,4141700
2021-08-13,106.699997,107.070000,106.290001,107.050003,95.820885,6924600
2021-08-16,106.959999,107.459999,106.660004,106.910004,95.695572,5347500
2021-08-17,106.480003,106.980003,106.070000,106.919998,95.704529,4903400
2021-08-18,106.760002,106.760002,105.830002,105.879997,94.773598,4409500
2021-08-19,105.620003,106.610001,105.239998,106.459999,95.292770,6925900
2021-08-20,106.440002,107.430000,105.680000,107.000000,95.776138,5076600
2021-08-23,107.199997,107.389999,106.500000,106.760002,95.561302,4496400
2021-08-24,106.940002,106.989998,105.860001,106.279999,95.131676,3597100
2021-08-25,106.260002,106.769997,105.790001,106.269997,95.122704,4231900
2021-08-26,106.360001,106.570000,105.769997,106.139999,95.006332,4458700
2021-08-27,106.529999,107.489998,106.470001,107.169998,95.928314,3620800
2021-08-30,107.320000,108.330002,106.980003,108.279999,96.921883,6983800
2021-08-31,108.029999,108.970001,107.779999,108.790001,97.378372,8709400
2021-09-01,109.080002,110.750000,109.040001,110.750000,99.132774,16250300
2021-09-02,110.889999,111.260002,110.000000,111.239998,99.571373,16311700
2021-09-03,110.970001,111.440002,110.029999,111.269997,99.598221,15133700
2021-09-07,111.089996,111.190002,109.150002,110.029999,98.488297,14891200
2021-09-08,109.750000,110.970001,109.419998,110.639999,99.034309,10358700
2021-09-09,110.019997,110.120003,108.440002,108.489998,97.109848,6180500
2021-09-10,108.669998,108.699997,107.029999,107.050003,95.820885,7861100
2021-09-13,107.949997,108.500000,107.279999,107.480003,96.205788,7833200
2021-09-14,108.000000,108.120003,106.809998,107.209999,95.964104,6397200
2021-09-15,107.430000,108.169998,106.959999,107.610001,96.322151,6245100
2021-09-16,107.489998,108.290001,106.949997,107.809998,96.501160,6076200
2021-09-17,107.559998,108.019997,106.660004,106.790001,95.588165,10076900
2021-09-20,105.769997,106.830002,105.000000,106.230003,95.086914,12678100
2021-09-21,106.779999,107.510002,106.220001,106.230003,95.086914,8385000
2021-09-22,106.949997,107.849998,106.459999,107.269997,96.017830,7071900
2021-09-23,107.489998,107.830002,106.800003,106.900002,95.686623,6242600
2021-09-24,106.290001,106.720001,105.209999,105.389999,94.591614,7605200
2021-09-27,105.430000,106.120003,103.870003,103.959999,93.308144,6814500
2021-09-28,103.400002,103.809998,102.629997,103.220001,92.643974,11006100
2021-09-29,103.750000,104.510002,103.639999,104.010002,93.353020,7849800
2021-09-30,104.459999,104.489998,102.379997,102.389999,91.899025,11283100
2021-10-01,102.879997,104.400002,102.339996,103.830002,93.191483,10761400
2021-10-04,103.570000,104.180000,103.050003,103.620003,93.002975,10771600
2021-10-05,103.800003,103.820000,102.629997,103.029999,92.473427,8068400
2021-10-06,102.550003,104.139999,101.559998,104.050003,93.388916,8038400
2021-10-07,104.650002,105.489998,104.099998,104.239998,93.559448,6938100
2021-10-08,104.070000,104.290001,103.209999,103.330002,92.742691,4286100
2021-10-11,103.290001,104.010002,102.830002,103.610001,92.994003,3609400
2021-10-12,103.800003,105.410004,103.529999,105.019997,94.259529,6262300
2021-10-13,104.860001,105.849998,104.220001,105.760002,94.923714,6317500
2021-10-14,106.430000,107.220001,106.150002,107.190002,96.207199,4335100
2021-10-15,107.870003,108.059998,106.639999,107.169998,96.189247,5649200
2021-10-18,106.620003,107.800003,106.519997,107.419998,96.413620,6011700
2021-10-19,107.839996,108.209999,107.510002,107.660004,96.629059,4084000
2021-10-20,107.750000,109.260002,107.750000,109.260002,98.065102,4710100
2021-10-21,109.190002,109.500000,108.959999,109.430000,98.217690,5806100
2021-10-22,109.629997,110.330002,109.540001,110.019997,98.747223,8094900
2021-10-25,110.239998,110.660004,109.419998,110.370003,99.061363,4816600
2021-10-26,110.570000,111.080002,110.349998,110.699997,99.357559,6085900
2021-10-27,111.099998,111.180000,109.550003,109.690002,98.451050,7741400
2021-10-28,109.629997,111.010002,109.599998,110.959999,99.590904,7503100
2021-10-29,110.570000,110.900002,109.250000,109.839996,98.585663,8811200
2021-11-01,110.000000,110.300003,108.360001,110.040001,98.765190,9795700
2021-11-02,110.510002,110.930000,109.639999,110.470001,99.151131,6165200
2021-11-03,110.519997,111.000000,109.870003,110.690002,99.348579,4774700
2021-11-04,110.809998,111.199997,109.360001,109.720001,98.477982,4961600
2021-11-05,110.570000,111.470001,109.930000,110.239998,98.944695,6082900
2021-11-08,110.510002,110.510002,109.260002,110.019997,98.747223,4248800
2021-11-09,110.250000,110.470001,109.930000,110.260002,98.962639,3419100
2021-11-10,110.070000,110.620003,109.709999,109.760002,98.513863,4840900
2021-11-11,109.900002,110.059998,109.209999,109.989998,98.720306,2752100
2021-11-12,110.279999,110.330002,109.629997,110.040001,98.765190,4328300
2021-11-15,110.070000,110.720001,109.750000,110.690002,99.348579,4996900
2021-11-16,110.809998,110.889999,109.760002,110.040001,98.765190,4826700
2021-11-17,109.739998,110.529999,108.349998,110.430000,99.115219,6854100
2021-11-18,110.599998,110.599998,109.860001,110.379997,99.070335,5395200
2021-11-19,110.440002,110.709999,109.440002,109.879997,98.621590,6454800
2021-11-22,109.919998,110.139999,109.029999,109.139999,97.957382,4993300
2021-11-23,109.239998,110.320000,108.959999,110.019997,98.747223,6294200
2021-11-24,110.050003,111.540001,109.790001,111.349998,99.940948,5042300
2021-11-26,109.760002,109.940002,108.010002,108.269997,97.176529,7050900
2021-11-29,109.169998,110.250000,108.430000,109.410004,98.199730,9997900
2021-11-30,108.930000,109.099998,106.919998,107.190002,96.207199,13914200
2021-12-01,108.320000,109.510002,105.510002,105.540001,94.726257,17616800
2021-12-02,106.139999,109.309998,106.010002,108.750000,97.607346,15008700
2021-12-03,109.000000,109.379997,107.430000,108.260002,97.167564,14207500
2021-12-06,109.070000,110.800003,109.019997,110.000000,98.729271,12441800
2021-12-07,110.949997,111.930000,110.580002,111.650002,100.210220,7534800
2021-12-08,111.849998,112.650002,111.379997,112.339996,100.829521,9311200
2021-12-09,112.040001,112.059998,110.839996,110.910004,99.546043,5102300
2021-12-10,111.239998,111.589996,110.760002,111.180000,99.788368,3593700
2021-12-13,109.790001,111.739998,109.629997,111.250000,100.882912,7406800
2021-12-14,111.110001,111.110001,109.250000,109.889999,99.649628,11908600
2021-12-15,110.000000,111.580002,109.949997,111.400002,101.018921,11106400
2021-12-16,111.669998,112.360001,110.830002,111.430000,101.046127,8093000
2021-12-17,111.230003,112.480003,110.930000,111.209999,100.846634,9501900
2021-12-20,110.139999,110.790001,109.239998,110.320000,100.039566,15275200
2021-12-21,111.150002,111.980003,111.000000,111.430000,101.046127,7384800
2021-12-22,111.790001,112.599998,111.690002,112.510002,102.025490,5007700
2021-12-23,112.949997,112.949997,111.839996,112.410004,101.934799,7972000
2021-12-27,112.500000,114.330002,112.360001,114.290001,103.639603,8782300
2021-12-28,114.360001,114.860001,113.970001,114.680000,103.993263,7629000
2021-12-29,114.870003,115.739998,114.419998,115.430000,104.673378,6502600
2021-12-30,115.430000,116.370003,115.089996,115.949997,105.144905,7116800
2021-12-31,115.919998,116.889999,115.879997,116.139999,105.317207,3877400
2022-01-03,116.500000,116.750000,113.580002,115.260002,104.519211,13194000
2022-01-04,115.580002,116.139999,114.889999,115.040001,104.319717,9363000
2022-01-05,114.750000,114.910004,111.550003,111.629997,101.227478,12110000
2022-01-06,111.739998,112.129997,110.510002,111.610001,101.209351,7920600
2022-01-07,111.300003,111.629997,110.550003,110.860001,100.529243,7883300
2022-01-10,110.250000,110.330002,108.849998,110.300003,100.021439,10109200
2022-01-11,110.279999,110.660004,108.879997,110.580002,100.275330,7339300
2022-01-12,110.500000,111.389999,110.500000,110.690002,100.375076,5936600
2022-01-13,111.080002,111.480003,110.220001,110.339996,100.057693,6922600
2022-01-14,109.790001,109.940002,108.099998,109.290001,99.105553,12194800
2022-01-18,108.580002,108.809998,107.559998,108.309998,98.216873,9457200
2022-01-19,108.779999,109.370003,106.940002,106.949997,96.983597,7194100
2022-01-20,107.199997,108.389999,105.580002,105.620003,95.777550,12901400
2022-01-21,106.230003,106.750000,105.129997,105.370003,95.550842,16205400
2022-01-24,104.639999,105.790001,101.730003,105.540001,95.705002,19913600
2022-01-25,104.339996,105.889999,103.199997,105.059998,95.269730,14780800
2022-01-26,105.779999,106.889999,102.760002,103.360001,93.728157,15672600
2022-01-27,104.089996,104.959999,101.400002,101.809998,92.322586,11946500
2022-01-28,101.989998,105.120003,100.800003,104.980003,95.197189,13488400
2022-01-31,104.660004,106.650002,104.330002,106.580002,96.648079,8569000
2022-02-01,106.589996,106.750000,105.360001,105.989998,96.113052,11087000
2022-02-02,106.570000,107.709999,106.370003,107.459999,97.446068,7393800
2022-02-03,106.790001,107.190002,106.110001,106.110001,96.221878,7099600
2022-02-04,105.559998,106.389999,104.209999,105.129997,95.333206,9197300
2022-02-07,105.269997,105.709999,104.730003,104.949997,95.169968,7632100
2022-02-08,104.830002,105.260002,104.150002,104.400002,94.671234,8280000
2022-02-09,105.529999,106.870003,105.519997,106.790001,96.838509,7728600
2022-02-10,105.300003,106.699997,103.559998,104.120003,94.417328,11837300
2022-02-11,104.669998,104.989998,102.440002,103.040001,93.437965,10952300
2022-02-14,103.139999,103.809998,101.660004,102.080002,92.567436,8473000
2022-02-15,103.059998,103.540001,102.559998,102.860001,93.274727,6383600
2022-02-16,103.040001,103.480003,102.150002,103.199997,93.583054,7205200
2022-02-17,102.870003,103.160004,101.900002,102.040001,92.531151,7504500
2022-02-18,101.930000,102.839996,101.330002,101.510002,92.050537,8281700
2022-02-22,101.230003,101.820000,100.449997,100.989998,91.578995,10853700
2022-02-23,101.459999,102.199997,99.160004,99.209999,89.964867,10679800
2022-02-24,97.320000,101.339996,97.050003,100.970001,91.560875,15484100
2022-02-25,101.489998,103.529999,100.839996,103.400002,93.764435,9811200
2022-02-28,102.300003,102.860001,100.750000,101.690002,92.213768,13154700
2022-03-01,102.110001,102.680000,100.849998,101.430000,91.977989,11661600
2022-03-02,101.910004,103.690002,101.790001,103.180000,93.564911,10335700
2022-03-03,103.809998,104.389999,102.709999,104.029999,94.335693,7639500
2022-03-04,103.169998,104.650002,102.910004,104.540001,94.798187,9952700
2022-03-07,104.320000,104.519997,102.400002,102.400002,92.857605,10114100
2022-03-08,102.250000,103.769997,101.629997,101.830002,92.340729,9401700
2022-03-09,103.669998,104.550003,103.279999,103.459999,93.818825,9432400
2022-03-10,102.309998,103.959999,102.070000,103.709999,94.045540,8782900
2022-03-11,104.339996,104.940002,102.800003,102.839996,93.256607,5966300
2022-03-14,103.489998,103.620003,101.660004,102.110001,92.594635,8515900
2022-03-15,103.160004,103.559998,101.910004,102.820000,93.238480,6331600
2022-03-16,103.620003,104.580002,101.860001,104.110001,94.408249,8138300
2022-03-17,103.760002,105.629997,103.650002,105.629997,95.786613,7172800
2022-03-18,105.629997,106.150002,105.150002,105.830002,95.967972,7229100
2022-03-21,105.849998,106.370003,104.750000,105.269997,95.460152,6595600
2022-03-22,105.779999,106.080002,105.300003,105.559998,95.723137,4695000
2022-03-23,105.220001,105.589996,104.199997,104.419998,94.689362,4720800
2022-03-24,104.019997,104.680000,103.639999,104.650002,95.293083,3886600
2022-03-25,105.110001,105.919998,104.669998,105.870003,96.403999,5140500
2022-03-28,106.120003,107.080002,105.830002,107.070000,97.496704,5069500
2022-03-29,108.199997,110.339996,108.070000,110.120003,100.274017,11486900
2022-03-30,109.739998,109.849998,108.879997,109.370003,99.591072,6047100
2022-03-31,109.860001,110.099998,107.919998,108.220001,98.543884,11802300
2022-04-01,108.470001,110.110001,108.089996,110.029999,100.192055,8195800
2022-04-04,110.110001,110.360001,108.699997,109.629997,99.827805,6140300
2022-04-05,109.290001,110.750000,108.879997,109.269997,99.500008,8433700
2022-04-06,108.680000,110.709999,108.260002,110.550003,100.665573,9412400
2022-04-07,109.970001,110.120003,108.860001,109.720001,99.909782,8487900
2022-04-08,109.750000,110.279999,109.010002,109.849998,100.028145,7789900
2022-04-11,109.629997,110.120003,108.360001,108.629997,98.917229,7436300
2022-04-12,108.650002,109.370003,107.959999,108.389999,98.698700,9739400
2022-04-13,108.389999,109.160004,108.070000,109.029999,99.281479,7387700
2022-04-14,109.209999,109.860001,108.430000,108.500000,98.798843,5112400
2022-04-18,108.279999,108.849998,107.570000,108.110001,98.443726,6909300
2022-04-19,108.760002,110.650002,108.720001,110.379997,100.510757,10807200
2022-04-20,110.620003,112.599998,110.610001,112.379997,102.331940,9078600
2022-04-21,112.699997,113.129997,111.410004,111.489998,101.521507,7741400
2022-04-22,111.199997,111.309998,109.440002,109.559998,99.764099,8384400
2022-04-25,109.309998,109.669998,107.440002,109.190002,99.427177,8750500
2022-04-26,108.820000,109.580002,107.320000,107.410004,97.806297,12086000
2022-04-27,107.489998,108.410004,106.669998,106.769997,97.223526,7418700
2022-04-28,107.349998,109.080002,106.199997,108.760002,99.035606,10374600
2022-04-29,108.209999,108.209999,103.449997,103.750000,94.473564,17174200
2022-05-02,104.070000,104.360001,99.290001,101.190002,92.142456,20384100
2022-05-03,101.839996,103.309998,101.129997,102.709999,93.526535,10678900
2022-05-04,102.629997,104.059998,100.910004,103.839996,94.555496,11560800
2022-05-05,103.250000,103.970001,100.379997,101.129997,92.087814,11247800
2022-05-06,100.449997,100.680000,98.879997,99.830002,90.904045,13089000
2022-05-09,99.059998,99.059998,95.230003,95.599998,87.052261,13663300
2022-05-10,96.680000,97.370003,93.059998,93.750000,85.367661,16636100
2022-05-11,93.989998,95.690002,93.389999,93.550003,85.185539,14684100
2022-05-12,93.379997,94.379997,92.889999,94.220001,85.795654,11695300
2022-05-13,95.190002,96.849998,94.529999,96.769997,88.117638,9053100
2022-05-16,96.669998,96.989998,95.970001,96.129997,87.534874,6916400
2022-05-17,97.089996,97.300003,95.870003,97.199997,88.509193,6838500
2022-05-18,96.900002,97.120003,94.110001,94.389999,85.950432,7983200
2022-05-19,93.699997,95.269997,93.699997,94.160004,85.741013,8900600
2022-05-20,95.040001,95.190002,93.430000,94.879997,86.396629,11305000
2022-05-23,95.760002,96.349998,94.410004,96.040001,87.452911,7684400
2022-05-24,95.660004,97.099998,94.250000,96.959999,88.290672,8120500
2022-05-25,96.589996,97.940002,96.279999,97.650002,88.918968,5831100
2022-05-26,98.070000,98.730003,97.589996,97.739998,89.000908,5817900
2022-05-27,98.320000,100.419998,98.250000,100.360001,91.386665,5921700
2022-05-31,99.480003,99.820000,98.639999,99.139999,90.275742,6680400
2022-06-01,99.470001,99.510002,97.080002,98.260002,89.474426,8342600
2022-06-02,97.760002,99.739998,96.720001,99.680000,90.767464,6916000
2022-06-03,98.760002,99.419998,98.120003,98.349998,89.556381,6051800
2022-06-06,99.089996,99.300003,97.830002,98.010002,89.246780,7749900
2022-06-07,97.730003,99.370003,97.139999,99.320000,90.439659,6406600
2022-06-08,98.739998,98.949997,96.809998,97.040001,88.363510,5968800
2022-06-09,96.290001,96.959999,94.500000,94.550003,86.403313,8054300
2022-06-10,93.500000,93.529999,92.400002,92.470001,84.502548,8669300
2022-06-13,90.500000,90.500000,87.529999,87.910004,80.335457,11994400
2022-06-14,88.239998,88.379997,86.599998,87.220001,79.704887,10648500
2022-06-15,87.989998,90.440002,87.800003,89.190002,81.505150,10030500
2022-06-16,87.349998,87.919998,86.570000,86.949997,79.458153,11127100
2022-06-17,87.190002,88.730003,86.809998,87.660004,80.106995,12095000
2022-06-21,88.599998,89.860001,88.500000,89.029999,81.358932,5267800
2022-06-22,88.260002,91.410004,88.099998,90.309998,82.528641,7123000
2022-06-23,90.690002,92.320000,90.529999,92.080002,84.146141,5966300
2022-06-24,92.720001,94.330002,92.440002,94.040001,85.937271,5548800
2022-06-27,93.879997,94.879997,93.349998,93.830002,85.745384,6886500
2022-06-28,94.389999,95.000000,92.570000,92.720001,84.731003,5507200
2022-06-29,92.129997,92.349998,91.099998,92.160004,84.219246,5278200
2022-06-30,91.559998,93.129997,90.879997,91.980003,84.054771,7746000
2022-07-01,91.790001,93.959999,91.720001,93.709999,85.635704,7157500
2022-07-05,92.849998,93.410004,91.230003,93.320000,85.279312,6353900
2022-07-06,93.669998,94.540001,93.029999,93.309998,85.270164,9022000
2022-07-07,93.739998,94.300003,93.190002,93.470001,85.416382,4296500
2022-07-08,93.089996,93.680000,92.559998,93.010002,84.996033,4098400
2022-07-11,92.730003,93.199997,92.139999,92.830002,84.831528,4060800
2022-07-12,92.330002,93.339996,91.699997,92.360001,84.402031,7560800
2022-07-13,91.449997,92.629997,90.760002,91.970001,84.045639,6089000
2022-07-14,90.510002,91.470001,90.400002,91.070000,83.223167,5904200
2022-07-15,92.580002,93.070000,91.709999,92.620003,84.639641,4818200
2022-07-18,93.290001,93.330002,91.529999,91.870003,83.954247,4728500
2022-07-19,92.559998,94.320000,92.529999,94.239998,86.120026,4771100
2022-07-20,94.120003,95.150002,93.570000,93.959999,85.864159,6332600
2022-07-21,94.080002,94.830002,93.230003,94.779999,86.613503,4335100
2022-07-22,95.000000,95.959999,94.660004,95.349998,87.134392,4629200
2022-07-25,95.480003,95.980003,94.980003,95.489998,87.262321,4302200
2022-07-26,95.410004,96.080002,95.230003,95.550003,87.317177,2895000
2022-07-27,95.769997,96.589996,95.199997,96.349998,88.048225,5050500
2022-07-28,97.059998,99.639999,97.019997,99.550003,90.972504,8515600
2022-07-29,99.559998,100.459999,99.169998,100.129997,91.502541,7852900
2022-08-01,99.669998,99.879997,98.839996,99.290001,90.734909,6820100
2022-08-02,99.160004,99.470001,97.919998,98.010002,89.565208,4568800
2022-08-03,98.550003,99.290001,98.269997,98.320000,89.848503,4496000
2022-08-04,98.529999,98.620003,97.660004,98.269997,89.802811,3993900
2022-08-05,97.290001,98.570000,97.199997,98.550003,90.058678,4444900
2022-08-08,99.349998,100.199997,98.809998,99.339996,90.780609,6310300
2022-08-09,99.629997,99.940002,99.050003,99.930000,91.319763,3584900
2022-08-10,101.000000,101.559998,100.629997,101.419998,92.681396,6627300
2022-08-11,101.790001,102.260002,100.760002,101.070000,92.361542,5766600
2022-08-12,101.690002,102.800003,101.570000,102.690002,93.841957,4908000
2022-08-15,102.529999,103.330002,102.389999,103.190002,94.298882,4630900
2022-08-16,102.739998,103.360001,102.470001,102.809998,93.951622,4132300
2022-08-17,101.980003,102.919998,101.680000,102.379997,93.558678,3552800
2022-08-18,102.449997,102.599998,101.120003,101.589996,92.836746,3164100
2022-08-19,101.279999,101.419998,100.279999,100.660004,91.986877,4611100
2022-08-22,99.879997,99.879997,98.449997,98.559998,90.067802,5565500
2022-08-23,98.330002,98.580002,96.870003,97.250000,88.870689,5346700
2022-08-24,97.400002,98.419998,97.269997,97.830002,89.400711,3863600
2022-08-25,98.150002,99.339996,97.930000,99.339996,90.780609,3076900
2022-08-26,99.339996,99.419998,96.820000,96.900002,88.550835,5300100
2022-08-29,96.309998,97.029999,95.839996,96.040001,87.764946,3996300
2022-08-30,96.330002,96.459999,94.389999,94.639999,86.485573,4343900
2022-08-31,95.199997,95.650002,93.949997,94.260002,86.138321,5569100
2022-09-01,93.769997,94.540001,92.820000,94.430000,86.293663,7122900
2022-09-02,95.260002,95.500000,93.000000,93.209999,85.178787,5736100
2022-09-06,93.690002,94.720001,93.300003,94.279999,86.156586,7616200
2022-09-07,94.300003,96.279999,94.110001,96.120003,87.838051,4111500
2022-09-08,95.650002,96.690002,95.300003,96.400002,88.093918,4503000
2022-09-09,96.639999,97.650002,96.220001,97.320000,88.934654,4086300
2022-09-12,97.480003,98.379997,97.480003,98.160004,89.702286,3640700
2022-09-13,96.260002,96.559998,94.220001,94.529999,86.385048,7338700
2022-09-14,94.190002,94.269997,92.709999,93.290001,85.251900,7836600
2022-09-15,93.629997,93.629997,91.470001,91.580002,83.689224,7526100
2022-09-16,91.089996,91.570000,90.419998,91.510002,83.625259,8387900
2022-09-19,90.699997,91.430000,90.070000,91.389999,83.515610,6203600
2022-09-20,90.690002,90.690002,88.720001,89.160004,81.477760,9755300
2022-09-21,89.750000,90.389999,87.809998,87.809998,80.244057,7923700
2022-09-22,87.650002,87.650002,86.599998,86.940002,79.449020,8593800
2022-09-23,86.129997,86.489998,84.849998,85.800003,78.407265,12200900
2022-09-26,84.480003,84.480003,81.720001,82.610001,76.286087,14629400
2022-09-27,83.320000,83.830002,81.209999,81.430000,75.196419,10180200
2022-09-28,82.199997,83.349998,81.370003,83.010002,76.655457,12138700
2022-09-29,82.230003,82.239998,80.089996,80.639999,74.466888,11420000
2022-09-30,81.309998,82.080002,80.879997,81.419998,75.187187,13320100
2022-10-03,82.660004,83.419998,81.290001,82.940002,76.590828,9489600
2022-10-04,83.800003,85.199997,83.750000,84.550003,78.077583,8849400
2022-10-05,83.489998,83.550003,81.540001,82.860001,76.516945,8640700
2022-10-06,82.760002,82.989998,80.400002,80.519997,74.356071,11077100
2022-10-07,79.870003,80.220001,78.110001,78.629997,72.610756,10456000
2022-10-10,78.800003,79.370003,77.650002,77.750000,71.798126,6640200
2022-10-11,77.760002,79.139999,76.839996,78.610001,72.592285,8368000
2022-10-12,78.570000,78.580002,77.239998,77.720001,71.770432,7080300
2022-10-13,75.989998,79.400002,75.660004,78.989998,72.943176,10562200
2022-10-14,80.040001,80.180000,76.930000,76.970001,71.077843,9995700
2022-10-17,78.410004,80.150002,78.320000,79.809998,73.700417,7878200
2022-10-18,81.209999,81.849998,80.000000,80.709999,74.531540,7811700
2022-10-19,80.000000,80.160004,78.269997,78.699997,72.675400,6603000
2022-10-20,78.800003,79.610001,78.139999,78.330002,72.333748,6245700
2022-10-21,78.489998,78.910004,77.239998,78.870003,72.832382,9357400
2022-10-24,79.519997,79.839996,78.239998,78.809998,72.776985,4703400
2022-10-25,79.120003,82.099998,79.010002,81.949997,75.676598,8088000
2022-10-26,82.040001,82.839996,81.550003,82.110001,75.824364,8517600
2022-10-27,82.480003,83.180000,81.940002,82.260002,75.962875,6276500
2022-10-28,81.760002,84.309998,81.639999,84.089996,77.652779,6150400
2022-10-31,83.320000,84.430000,83.080002,83.989998,77.560448,6648600
2022-11-01,84.870003,85.129997,83.650002,83.830002,77.412689,5529200
2022-11-02,83.370003,84.389999,81.459999,81.580002,75.334946,9168500
2022-11-03,80.930000,82.180000,80.010002,81.519997,75.279518,7062500
2022-11-04,82.440002,83.139999,81.050003,82.650002,76.323036,7030500
2022-11-07,83.129997,83.540001,82.169998,82.699997,76.369179,5931000
2022-11-08,82.889999,83.900002,82.500000,83.080002,76.720100,6634400
2022-11-09,82.900002,83.790001,82.080002,82.260002,75.962875,5438500
2022-11-10,85.339996,88.440002,85.150002,88.250000,81.494339,10527900
2022-11-11,88.430000,89.120003,87.870003,88.040001,81.300407,9455500
2022-11-14,87.690002,87.809998,85.930000,86.019997,79.435051,6217700
2022-11-15,87.209999,87.519997,85.980003,87.010002,80.349258,6334900
2022-11-16,86.730003,87.059998,85.970001,86.220001,79.619728,6578000
2022-11-17,85.120003,85.730003,84.760002,85.529999,78.982567,4469300
2022-11-18,86.849998,86.889999,85.650002,86.589996,79.961395,4822800
2022-11-21,86.269997,87.169998,86.059998,87.059998,80.395424,4889800
2022-11-22,87.389999,87.570000,86.870003,87.500000,80.801750,3302700
2022-11-23,87.410004,88.029999,86.930000,87.620003,80.912560,3266100
2022-11-25,87.970001,88.209999,87.669998,88.199997,81.448166,2441800
2022-11-28,87.709999,88.080002,85.610001,85.769997,79.204185,4659500
2022-11-29,85.900002,87.250000,85.629997,87.199997,80.524712,4084500
2022-11-30,86.959999,89.220001,86.370003,89.169998,82.343918,7413100
2022-12-01,90.040001,90.470001,88.330002,89.059998,82.242325,8371800
2022-12-02,87.910004,89.220001,87.629997,88.779999,81.983780,5360200
2022-12-05,88.169998,88.379997,87.010002,87.190002,80.515480,10561400
2022-12-06,87.440002,87.440002,86.000000,86.370003,79.758247,7308500
2022-12-07,86.110001,87.440002,86.070000,86.540001,79.915245,5575500
2022-12-08,87.010002,87.940002,86.690002,87.199997,80.524712,5272200
2022-12-09,87.019997,87.910004,86.750000,87.089996,80.423141,5124600
2022-12-12,87.300003,87.769997,86.330002,87.730003,81.014145,5613700
2022-12-13,89.750000,89.959999,87.599998,88.570000,82.527351,10901600
2022-12-14,88.570000,89.589996,87.550003,87.970001,81.968285,8411200
2022-12-15,86.779999,87.580002,86.279999,86.709999,80.794243,8088300
2022-12-16,85.919998,85.919998,83.650002,84.519997,78.753654,7904000
2022-12-19,84.250000,84.480003,83.029999,83.519997,77.821877,4759000
2022-12-20,83.150002,83.800003,82.349998,83.290001,77.607582,4732000
2022-12-21,83.879997,85.019997,83.800003,84.150002,78.408905,4836000
2022-12-22,83.440002,83.879997,82.279999,83.809998,78.092094,5294100
2022-12-23,83.800003,84.550003,83.220001,84.529999,78.762970,2958900
2022-12-27,84.559998,84.760002,83.739998,84.470001,78.707077,3787800
2022-12-28,84.720001,85.059998,82.970001,83.040001,77.374626,3734900
2022-12-29,83.720001,85.080002,83.430000,84.889999,79.098419,3904000
2022-12-30,84.309998,84.669998,83.239998,84.190002,78.446190,4576300
2023-01-03,84.959999,85.610001,83.419998,84.339996,78.585930,8371700
2023-01-04,85.099998,86.970001,84.769997,86.150002,80.272438,8849000
2023-01-05,85.510002,85.510002,83.720001,83.849998,78.129364,7553900
2023-01-06,84.580002,86.489998,83.919998,86.209999,80.328354,5508400
2023-01-09,86.500000,87.190002,85.870003,86.209999,80.328354,5028500
2023-01-10,86.120003,86.440002,85.320000,86.400002,80.505402,3950500
2023-01-11,87.160004,89.550003,87.139999,89.540001,83.431168,7431800
2023-01-12,89.989998,90.669998,88.970001,90.510002,84.334999,6204500
2023-01-13,89.779999,90.349998,89.349998,90.010002,83.869110,5779600
2023-01-17,90.110001,90.639999,89.849998,90.099998,83.952965,4915600
2023-01-18,90.570000,90.669998,88.720001,88.849998,82.788239,5395000
2023-01-19,88.480003,89.379997,88.150002,88.370003,82.340988,4160500
2023-01-20,88.410004,89.510002,87.379997,89.470001,83.365952,4729000
2023-01-23,89.510002,90.309998,88.889999,89.800003,83.673431,5141800
2023-01-24,89.680000,90.400002,88.419998,90.070000,83.925011,3608000
2023-01-25,89.500000,90.239998,89.169998,89.970001,83.831841,3782900
2023-01-26,90.480003,91.019997,90.010002,90.970001,84.763611,3765500
2023-01-27,90.809998,92.260002,90.750000,91.900002,85.630150,3790000
2023-01-30,91.230003,92.169998,90.750000,90.800003,84.605209,3465700
2023-01-31,90.760002,92.669998,90.730003,92.589996,86.273079,6607000
2023-02-01,92.230003,93.809998,91.180000,93.190002,86.832146,9861300
2023-02-02,93.989998,96.019997,93.970001,95.239998,88.742287,7677400
2023-02-03,93.989998,93.989998,92.239998,93.309998,86.943962,7994000
2023-02-06,92.209999,92.820000,91.730003,92.739998,86.412849,5769400
2023-02-07,92.160004,92.989998,91.320000,92.580002,86.263771,6626200
2023-02-08,92.209999,92.660004,91.820000,92.190002,85.900383,3648700
2023-02-09,92.680000,93.099998,90.879997,91.120003,84.903389,4531700
2023-02-10,90.730003,91.629997,90.250000,91.410004,85.173599,5992100
2023-02-13,91.750000,92.379997,91.620003,92.279999,85.984245,3022000
2023-02-14,91.989998,92.629997,90.919998,91.470001,85.229507,4286700
2023-02-15,90.820000,91.879997,90.680000,91.870003,85.602203,3061000
2023-02-16,90.849998,91.809998,89.889999,91.080002,84.866112,5476100
2023-02-17,90.720001,90.940002,89.790001,90.660004,84.474762,5494700
2023-02-21,90.110001,90.129997,88.500000,88.860001,82.797562,4577500
2023-02-22,89.260002,89.260002,87.570000,87.949997,81.949638,8041600
2023-02-23,88.459999,88.849998,87.639999,88.489998,82.452805,8262700
2023-02-24,87.510002,87.629997,86.570000,86.980003,81.045830,8579100
2023-02-27,88.070000,88.419998,86.739998,87.160004,81.213547,5895700
2023-02-28,87.199997,88.139999,86.849998,87.070000,81.129684,6287800
2023-03-01,86.419998,86.650002,85.250000,85.879997,80.020859,7388100
2023-03-02,85.279999,87.059998,85.180000,86.900002,80.971275,6459900
2023-03-03,87.489998,88.489998,87.339996,88.320000,82.294403,6044200
2023-03-06,88.680000,88.779999,87.809998,87.970001,81.968285,6009600
2023-03-07,88.000000,88.029999,85.790001,85.900002,80.039505,7663500
2023-03-08,86.139999,87.430000,85.849998,86.910004,80.980598,6873400
2023-03-09,86.959999,87.129997,84.730003,84.889999,79.098419,8018000
2023-03-10,84.730003,84.989998,81.720001,82.099998,76.498756,15665600
2023-03-13,81.610001,84.349998,81.410004,83.239998,77.560974,20371400
2023-03-14,84.559998,85.000000,83.180000,84.070000,78.334358,9897000
2023-03-15,83.070000,84.279999,82.690002,83.919998,78.194603,15743700
2023-03-16,83.360001,84.279999,82.449997,83.940002,78.213234,11693900
2023-03-17,83.440002,83.669998,81.910004,82.059998,76.461487,11823400
2023-03-20,82.360001,83.269997,81.910004,82.989998,77.328041,9923600
2023-03-21,83.559998,83.669998,81.839996,82.519997,76.890106,8059000
2023-03-22,82.139999,82.139999,79.589996,79.650002,74.215912,11555300
2023-03-23,79.580002,80.610001,78.410004,78.730003,73.776413,10029600
2023-03-24,78.339996,80.730003,78.110001,80.690002,75.613098,10335800
2023-03-27,81.290001,81.480003,80.500000,80.580002,75.510025,5936500
2023-03-28,80.010002,80.760002,79.750000,80.320000,75.266365,5155800
2023-03-29,81.400002,82.250000,81.180000,82.120003,76.953125,6142200
2023-03-30,83.000000,83.400002,82.779999,83.150002,77.918312,7304400
2023-03-31,83.620003,85.110001,83.470001,84.900002,79.558212,9879300
2023-04-03,84.800003,85.410004,83.779999,84.230003,78.930367,16471000
2023-04-04,84.410004,84.570000,83.599998,84.169998,78.874138,14169100
2023-04-05,83.879997,84.510002,83.639999,83.709999,78.443077,13544600
2023-04-06,84.029999,84.300003,83.339996,84.220001,78.920998,13907800
2023-04-10,83.779999,84.680000,83.379997,84.629997,79.305199,7395700
2023-04-11,84.879997,85.720001,84.510002,85.080002,79.726898,6484000
2023-04-12,85.889999,85.930000,84.580002,84.660004,79.333321,6572200
2023-04-13,84.830002,84.830002,83.629997,84.419998,79.108406,4839900
2023-04-14,84.570000,84.949997,82.510002,83.059998,77.833977,7371600
2023-04-17,83.169998,84.860001,83.150002,84.860001,79.520729,6174700
2023-04-18,84.970001,84.970001,84.220001,84.699997,79.370789,4257400
2023-04-19,84.250000,85.360001,83.940002,85.120003,79.764381,5031500
2023-04-20,84.690002,84.730003,83.930000,84.250000,78.949112,4444100
2023-04-21,84.260002,84.790001,83.699997,84.419998,79.108406,5031500
2023-04-24,84.480003,84.779999,83.449997,84.180000,78.883514,4270900
2023-04-25,83.680000,83.989998,83.220001,83.290001,78.049522,3879800
2023-04-26,83.220001,83.959999,82.500000,82.639999,77.440422,4950100
2023-04-27,82.879997,84.889999,82.800003,84.669998,79.342682,6338900
2023-04-28,84.889999,86.050003,84.639999,85.680000,80.289139,5242300
2023-05-01,85.360001,85.889999,84.800003,84.919998,79.576935,4390000
2023-05-02,84.699997,84.889999,82.910004,83.470001,78.218185,5962600
2023-05-03,83.910004,84.720001,83.000000,83.070000,77.843361,6510100
2023-05-04,83.080002,84.269997,82.559998,83.750000,78.480576,6806900
2023-05-05,84.400002,85.300003,84.239998,85.139999,79.783112,6020500
2023-05-08,84.879997,85.190002,84.309998,84.660004,79.333321,3514600
2023-05-09,84.209999,84.620003,83.400002,84.269997,78.967850,3581800
2023-05-10,85.199997,85.389999,84.239998,85.080002,79.726898,6104000
2023-05-11,84.480003,84.550003,83.660004,84.150002,78.855408,5522900
2023-05-12,84.320000,84.419998,83.510002,84.169998,78.874138,5352800
2023-05-15,84.389999,84.540001,83.830002,84.029999,78.742950,6693400
2023-05-16,83.949997,83.980003,81.970001,81.980003,76.821945,7454200
2023-05-17,82.500000,83.190002,81.730003,83.040001,77.815239,5566400
2023-05-18,82.660004,83.059998,82.000000,82.669998,77.468513,5176100
2023-05-19,83.139999,83.410004,82.160004,82.559998,77.365448,5054900
2023-05-22,82.750000,83.589996,82.230003,83.080002,77.852722,5847400
2023-05-23,82.900002,83.680000,82.120003,82.190002,77.018723,5888800
2023-05-24,81.930000,82.029999,80.430000,80.510002,75.444420,5649000
2023-05-25,80.989998,81.110001,79.940002,80.519997,75.453789,6282500
2023-05-26,80.709999,81.650002,80.320000,81.449997,76.325287,5791800
2023-05-30,82.050003,82.699997,81.570000,81.800003,76.653252,5191700
2023-05-31,81.870003,82.389999,81.330002,82.230003,77.056198,6593100
2023-06-01,82.089996,82.669998,81.360001,82.279999,77.103058,6137700
2023-06-02,83.220001,84.379997,82.930000,84.120003,78.827301,6739000
2023-06-05,84.120003,84.510002,83.419998,83.559998,78.302521,5701300
2023-06-06,84.099998,84.430000,83.379997,84.279999,78.977219,5344500
2023-06-07,84.279999,85.440002,83.750000,85.199997,80.216240,6594200
2023-06-08,84.830002,84.989998,83.849998,84.760002,79.801987,4701000
2023-06-09,84.879997,84.930000,83.910004,84.239998,79.312378,5801400
2023-06-12,84.680000,84.680000,83.550003,84.339996,79.406548,5775300
2023-06-13,84.400002,85.080002,84.040001,84.959999,79.990280,6487300
2023-06-14,85.320000,85.919998,84.660004,85.389999,80.395134,7965600
2023-06-15,85.010002,86.029999,84.550003,85.839996,80.818794,7261500
2023-06-16,86.160004,86.580002,85.660004,85.809998,80.790558,7814300
2023-06-20,85.440002,85.599998,84.360001,84.910004,79.943207,5985900
2023-06-21,84.459999,84.809998,83.830002,84.540001,79.594849,6214300
2023-06-22,84.660004,84.660004,82.849998,83.300003,78.427391,7309100
2023-06-23,83.019997,83.559998,82.220001,82.239998,77.429382,6717200
2023-06-26,82.300003,84.199997,82.180000,84.110001,79.190010,5030600
2023-06-27,84.419998,85.330002,83.870003,85.120003,80.140930,5045000
2023-06-28,85.160004,85.449997,84.519997,85.250000,80.263321,5234900
2023-06-29,84.970001,86.110001,84.620003,86.110001,81.073006,5753600
2023-06-30,86.940002,87.040001,85.459999,86.540001,81.477859,6301300
2023-07-03,86.440002,87.699997,86.080002,87.279999,82.174568,3903200
2023-07-05,87.120003,88.080002,86.389999,87.580002,82.457024,6291600
2023-07-06,86.440002,86.989998,85.269997,86.879997,81.797974,7128600
2023-07-07,86.480003,87.199997,86.230003,86.650002,81.581421,6739300
2023-07-10,86.430000,87.089996,86.180000,87.010002,81.920372,5419000
2023-07-11,87.300003,88.220001,87.019997,88.180000,83.021919,4294300
2023-07-12,89.230003,89.459999,88.580002,88.660004,83.473846,7678700
2023-07-13,88.680000,89.290001,88.139999,89.279999,84.057579,5869200
2023-07-14,89.199997,89.379997,88.540001,89.150002,83.935173,5566600
2023-07-17,88.839996,89.230003,88.410004,88.550003,83.370293,4058400
2023-07-18,88.849998,88.849998,87.269997,88.029999,82.880699,7295300
2023-07-19,88.699997,89.400002,88.470001,89.000000,83.793953,5853400
2023-07-20,88.650002,88.739998,87.599998,88.730003,83.539757,6771000
2023-07-21,88.949997,89.379997,88.709999,89.139999,83.925766,6570200
2023-07-24,89.250000,89.940002,89.099998,89.860001,84.603661,5716400
2023-07-25,89.750000,90.150002,89.190002,89.230003,84.010506,6629100
2023-07-26,89.160004,89.830002,89.110001,89.690002,84.443604,7138900
2023-07-27,90.050003,90.339996,87.629997,87.720001,82.588829,10635500
2023-07-28,88.860001,88.940002,87.370003,87.550003,82.428787,5812400
2023-07-31,87.720001,88.559998,87.519997,88.050003,82.899529,6546900
2023-08-01,87.830002,88.220001,87.470001,87.879997,82.739471,6867100
2023-08-02,87.339996,87.620003,86.870003,87.370003,82.259315,6499600
2023-08-03,86.540001,86.739998,85.239998,86.410004,81.355469,8494900
2023-08-04,86.089996,87.010002,85.480003,85.750000,80.734077,8059900
2023-08-07,85.860001,86.830002,85.860001,86.790001,81.713242,4650900
2023-08-08,86.029999,86.459999,85.449997,86.209999,81.167160,4185900
2023-08-09,85.980003,86.709999,85.660004,86.250000,81.204826,3850600
2023-08-10,86.620003,87.129997,85.690002,85.919998,80.894127,4186300
2023-08-11,85.519997,86.180000,85.339996,86.089996,81.054176,3340900
2023-08-14,85.870003,85.930000,85.239998,85.489998,80.489281,3785400
2023-08-15,84.839996,85.150002,84.379997,84.470001,79.528954,4457300
2023-08-16,84.570000,84.690002,83.500000,83.510002,78.625099,5295300
2023-08-17,83.709999,84.180000,82.870003,82.930000,78.079025,5909200
2023-08-18,82.379997,83.339996,82.120003,83.129997,78.267326,5194600
2023-08-21,83.000000,83.050003,81.750000,82.400002,77.580032,4746600
2023-08-22,82.769997,83.019997,82.410004,82.669998,77.834236,5256200
2023-08-23,83.230003,84.120003,83.080002,84.000000,79.086441,5131400
2023-08-24,84.230003,85.150002,83.629997,83.639999,78.747482,5419200
2023-08-25,83.860001,84.339996,83.410004,83.790001,78.888725,5789200
2023-08-28,84.239998,84.970001,84.160004,84.489998,79.547775,4479100
2023-08-29,84.559998,85.559998,84.209999,85.510002,80.508110,6630900
2023-08-30,85.489998,86.059998,85.440002,85.830002,80.809395,5658500
2023-08-31,85.849998,85.949997,85.089996,85.339996,80.348045,4463100
2023-09-01,85.720001,86.099998,85.120003,85.389999,80.395134,5769900
2023-09-05,85.110001,85.339996,84.330002,84.330002,79.397133,6565700
2023-09-06,84.320000,84.519997,83.529999,84.160004,79.237083,5332100
2023-09-07,84.080002,85.080002,83.930000,84.709999,79.754906,5260600
2023-09-08,84.940002,84.980003,84.139999,84.279999,79.350060,4260500
2023-09-11,84.389999,84.589996,83.919998,84.279999,79.350060,4085900
2023-09-12,84.230003,84.489998,83.739998,84.379997,79.444214,4518100
2023-09-13,84.320000,84.419998,83.250000,83.480003,78.596848,5446500
2023-09-14,84.230003,85.169998,84.089996,85.029999,80.056190,5846200
2023-09-15,84.570000,84.910004,84.320000,84.580002,79.632515,6497000
2023-09-18,84.610001,84.650002,83.739998,83.919998,79.011124,4982500
2023-09-19,83.860001,84.199997,83.300003,83.540001,78.653343,4389800
2023-09-20,84.120003,84.650002,83.629997,83.629997,78.738083,5643400
2023-09-21,83.139999,83.180000,80.680000,80.680000,75.960640,9010000
2023-09-22,80.760002,81.260002,80.129997,80.190002,75.499298,8696000
2023-09-25,79.820000,80.150002,79.529999,80.040001,75.358078,6067800
2023-09-26,78.589996,78.860001,77.470001,77.680000,73.967850,7726200
2023-09-27,78.110001,78.379997,76.750000,77.120003,73.434616,8713100
2023-09-28,77.459999,78.180000,77.269997,77.879997,74.158287,8431500
2023-09-29,79.230003,79.250000,77.709999,78.139999,74.405861,8764900
2023-10-02,77.889999,78.190002,76.209999,76.699997,73.034668,11887600
2023-10-03,76.290001,76.570000,75.010002,75.209999,71.615891,10290000
2023-10-04,75.760002,76.120003,74.699997,76.029999,72.396698,7980400
2023-10-05,76.139999,76.690002,75.669998,76.610001,72.948975,6656300
2023-10-06,75.949997,77.309998,75.209999,76.769997,73.101326,7606700
2023-10-09,76.379997,77.949997,76.330002,77.750000,74.034492,8146600
2023-10-10,77.680000,78.690002,77.300003,78.000000,74.272552,5994400
2023-10-11,78.690002,79.459999,78.500000,79.440002,75.643738,6364000
2023-10-12,79.410004,79.410004,77.849998,78.199997,74.462997,9653000
2023-10-13,78.730003,78.860001,77.750000,78.120003,74.386818,8625100
2023-10-16,78.750000,79.209999,77.809998,79.019997,75.243813,6540200
2023-10-17,78.260002,79.820000,78.260002,78.800003,75.034325,10660300
2023-10-18,78.260002,78.489998,77.029999,77.080002,73.396523,8722600
2023-10-19,76.470001,77.080002,75.110001,75.239998,71.644447,12199100
2023-10-20,75.370003,75.870003,74.720001,74.750000,71.177879,9323700
2023-10-23,74.180000,75.070000,73.839996,74.040001,70.501793,8808400
2023-10-24,74.300003,75.129997,74.110001,74.919998,71.339737,8164400
2023-10-25,74.199997,74.440002,73.169998,73.279999,69.778114,8236100
2023-10-26,73.620003,75.239998,73.599998,74.730003,71.158821,10955200
2023-10-27,75.070000,75.070000,73.349998,73.620003,70.101868,9656000
2023-10-30,74.199997,74.540001,72.879997,73.959999,70.425621,8309600
2023-10-31,74.599998,75.379997,73.940002,75.330002,71.730141,8676300
2023-11-01,75.349998,75.860001,74.940002,75.839996,72.215767,10792900
2023-11-02,76.849998,78.489998,76.650002,78.230003,74.491562,9187400
2023-11-03,79.540001,81.110001,79.489998,80.029999,76.205544,10154000
2023-11-06,80.029999,80.029999,78.500000,78.970001,75.196198,8434400
2023-11-07,78.830002,78.970001,78.139999,78.279999,74.539177,8560900
2023-11-08,78.620003,78.889999,78.309998,78.660004,74.901024,6482600
2023-11-09,78.940002,78.980003,77.260002,77.419998,73.720276,9070100
2023-11-10,78.019997,78.309998,77.260002,78.190002,74.453476,5418400
2023-11-13,77.620003,77.820000,77.059998,77.550003,73.844063,4812700
2023-11-14,80.040001,82.410004,79.559998,81.720001,77.814789,15751000
2023-11-15,81.559998,82.639999,81.419998,81.949997,78.033791,7927800
2023-11-16,82.199997,82.349998,81.629997,81.860001,77.948090,6620600
2023-11-17,82.550003,82.589996,81.440002,81.699997,77.795746,4579400
2023-11-20,81.599998,82.370003,81.019997,82.339996,78.405151,6169900
2023-11-21,82.000000,82.190002,81.669998,81.940002,78.024261,4730700
2023-11-22,82.480003,82.849998,81.889999,82.250000,78.319450,4303800
2023-11-24,82.070000,82.550003,81.680000,82.550003,78.605125,2314400
2023-11-27,82.599998,83.260002,82.190002,82.849998,78.890785,6466400
2023-11-28,82.610001,83.430000,82.180000,83.339996,79.357368,7386200
2023-11-29,83.949997,84.690002,83.849998,83.949997,79.938210,6359500
2023-11-30,83.870003,84.639999,83.599998,84.589996,80.547623,8109100
2023-12-01,84.529999,86.570000,84.279999,86.570000,82.433006,17020700
2023-12-04,86.019997,87.089996,85.959999,87.089996,82.928154,13459700
2023-12-05,86.660004,86.779999,86.110001,86.559998,82.423492,13199600
2023-12-06,86.930000,87.510002,86.169998,86.180000,82.061653,10876700
2023-12-07,86.239998,86.720001,85.879997,86.470001,82.337784,8795100
2023-12-08,86.110001,86.510002,85.410004,86.290001,82.166397,5477800
2023-12-11,85.989998,86.650002,85.820000,86.489998,82.356842,4347300
2023-12-12,86.449997,86.779999,86.000000,86.550003,82.413971,5163800
2023-12-13,86.599998,90.050003,86.379997,89.779999,85.489609,11198900
2023-12-14,91.220001,92.849998,91.220001,92.260002,87.851097,10613300
2023-12-15,92.150002,92.150002,90.360001,91.110001,86.756058,12226800
2023-12-18,91.500000,91.610001,90.769997,90.970001,86.622742,7094300
2023-12-19,91.309998,91.790001,91.129997,91.580002,87.203590,6754200
2023-12-20,90.779999,91.419998,89.570000,89.629997,86.067612,7895400
2023-12-21,90.410004,90.650002,89.449997,90.480003,86.883827,6895300
2023-12-22,90.769997,91.440002,90.320000,90.779999,87.171906,4737300
2023-12-26,90.839996,91.680000,90.660004,91.470001,87.834488,3094100
2023-12-27,91.639999,91.959999,91.160004,91.949997,88.295387,5522900
2023-12-28,91.739998,92.470001,91.680000,92.459999,88.785133,4143700
2023-12-29,91.919998,92.230003,91.320000,91.410004,87.776871,4854400
2024-01-02,91.000000,92.320000,90.709999,92.220001,88.554672,4613800
2024-01-03,91.389999,91.449997,89.830002,90.019997,86.442108,7145500
2024-01-04,90.070000,90.440002,89.470001,89.860001,86.288475,6303700
2024-01-05,89.160004,90.370003,88.680000,89.660004,86.096428,6890700
2024-01-08,89.500000,90.980003,89.379997,90.949997,87.335152,4941900
2024-01-09,90.150002,90.690002,89.639999,90.320000,86.730186,5348300
2024-01-10,90.519997,90.820000,90.089996,90.389999,86.797401,5212200
2024-01-11,90.089996,90.190002,89.099998,89.589996,86.029198,6250400
2024-01-12,90.540001,90.739998,89.690002,90.169998,86.586159,5250900
2024-01-16,89.699997,90.080002,89.209999,89.540001,85.981194,7090200
2024-01-17,88.349998,89.419998,86.989998,87.940002,84.444786,8928100
2024-01-18,87.989998,88.309998,86.779999,87.349998,83.878220,6415800
2024-01-19,87.550003,88.639999,86.919998,88.320000,84.809685,7749000
2024-01-22,88.570000,89.680000,88.389999,88.779999,85.251381,5674500
2024-01-23,89.080002,89.360001,87.900002,88.239998,84.732857,4400900
2024-01-24,89.190002,89.190002,86.919998,86.949997,83.494133,5461800
2024-01-25,88.139999,88.489998,87.610001,88.089996,84.588806,5037700
2024-01-26,88.180000,88.449997,87.570000,87.809998,84.319954,3705400
2024-01-29,87.849998,88.510002,87.519997,88.419998,84.905708,4002600
2024-01-30,87.930000,88.269997,87.360001,87.570000,84.089493,4935100
2024-01-31,87.949997,88.470001,86.540001,86.750000,83.302086,9875200
2024-02-01,86.870003,88.349998,86.230003,88.309998,84.800079,12125900
2024-02-02,87.370003,87.779999,85.779999,87.110001,83.647781,15816800
2024-02-05,86.089996,86.150002,85.150002,85.339996,81.948112,12253400
2024-02-06,85.480003,86.720001,85.220001,86.519997,83.081215,10685600
2024-02-07,86.889999,86.940002,85.949997,86.500000,83.062019,5407500
2024-02-08,86.220001,87.300003,86.220001,87.099998,83.638168,4580600
2024-02-09,87.019997,87.320000,86.209999,87.150002,83.686180,5128500
2024-02-12,87.360001,87.809998,86.930000,87.089996,83.628563,3816100
2024-02-13,85.250000,85.430000,84.239998,85.320000,81.928917,10341700
2024-02-14,85.790001,86.559998,85.410004,86.099998,82.677910,7169700
2024-02-15,86.800003,88.150002,86.800003,88.040001,84.540810,5352200
2024-02-16,86.940002,87.639999,86.449997,87.099998,83.638168,7266700
2024-02-20,86.790001,87.379997,86.269997,86.959999,83.503738,5858200
2024-02-21,87.349998,87.639999,86.889999,87.599998,84.118294,5101000
2024-02-22,87.800003,88.180000,87.500000,87.660004,84.175903,5262400
2024-02-23,87.930000,88.199997,87.470001,87.769997,84.281540,5583900
2024-02-26,87.480003,87.949997,86.610001,86.779999,83.330879,5589100
2024-02-27,87.279999,87.639999,86.639999,86.949997,83.494133,5385500
2024-02-28,86.400002,88.239998,86.300003,87.820000,84.329544,5674300
2024-02-29,88.489998,88.989998,88.129997,88.599998,85.078545,8300400
2024-03-01,88.570000,89.559998,87.459999,89.559998,86.000389,14064600
2024-03-04,89.300003,90.480003,88.680000,90.430000,86.835815,12760500
2024-03-05,90.000000,90.599998,88.919998,89.379997,85.827538,10980100
2024-03-06,89.900002,90.089996,89.260002,89.650002,86.086815,10676300
2024-03-07,90.180000,90.449997,89.339996,89.839996,86.269249,3898500
2024-03-08,90.250000,91.070000,90.150002,90.849998,87.239113,6119400
2024-03-11,90.540001,91.199997,90.019997,90.419998,86.826218,5528300
2024-03-12,90.239998,90.540001,89.430000,90.199997,86.614944,5505100
2024-03-13,90.070000,90.629997,89.449997,89.739998,86.173233,4356500
2024-03-14,89.379997,89.559998,87.620003,88.339996,84.828880,8196000
2024-03-15,87.639999,88.529999,87.529999,88.239998,84.732857,5869000
2024-03-18,88.389999,88.709999,88.059998,88.169998,84.665634,4758500
2024-03-19,88.169998,88.529999,87.650002,88.250000,84.742455,5295500
2024-03-20,87.550003,89.019997,87.330002,88.790001,85.261009,6651400
2024-03-21,88.839996,89.410004,88.470001,89.070000,85.855728,5545100
2024-03-22,88.989998,89.209999,87.830002,87.889999,84.718307,4604500
2024-03-25,88.059998,88.360001,87.489998,87.489998,84.332748,3989300
2024-03-26,87.639999,87.730003,87.019997,87.070000,83.927902,3713200
2024-03-27,87.889999,89.290001,87.809998,89.260002,86.038864,5766900
2024-03-28,89.650002,90.129997,89.540001,89.900002,86.655785,6174700
2024-04-01,90.040001,90.040001,88.230003,88.419998,85.229187,6770300
2024-04-02,87.720001,87.849998,87.040001,87.320000,84.168884,6075100
2024-04-03,87.239998,87.540001,86.769997,87.430000,84.274910,5085700
2024-04-04,88.180000,88.540001,86.540001,86.809998,83.677277,5767300
2024-04-05,86.730003,87.480003,86.320000,87.190002,84.043579,6698000
2024-04-08,87.540001,88.220001,87.410004,88.169998,84.988205,5115400
2024-04-09,88.620003,89.290001,88.330002,89.230003,86.009956,6223700
2024-04-10,86.930000,87.169998,85.110001,85.610001,82.520592,13392400
2024-04-11,86.220001,86.349998,85.010002,85.709999,82.616982,8081100
2024-04-12,85.400002,85.510002,84.529999,84.800003,81.739822,8962400
2024-04-15,85.410004,85.489998,82.889999,83.419998,80.409622,8786100
2024-04-16,83.019997,83.129997,81.970001,82.180000,79.214371,7518400
2024-04-17,81.980003,82.430000,81.589996,81.629997,78.684219,6989700
2024-04-18,81.910004,82.120003,81.250000,81.599998,78.655296,5545700
2024-04-19,81.930000,82.370003,81.650002,81.989998,79.031212,4579400
2024-04-22,82.260002,82.860001,81.750000,82.650002,79.667412,4251400
2024-04-23,82.800003,83.720001,82.650002,83.349998,80.342140,4777200
2024-04-24,83.099998,83.730003,82.540001,83.610001,80.592766,4856200
2024-04-25,82.760002,83.309998,82.239998,83.110001,80.110809,5678400
2024-04-26,83.269997,84.050003,83.059998,83.239998,80.236115,4978900
2024-04-29,83.529999,84.339996,83.529999,84.120003,81.084366,5499900
2024-04-30,83.519997,83.900002,82.570000,82.599998,79.619217,9296300
2024-05-01,82.519997,84.239998,82.379997,82.720001,79.734886,14147700
2024-05-02,83.540001,84.099998,82.620003,83.820000,80.795189,12627400
2024-05-03,85.470001,85.849998,84.349998,84.459999,81.412086,12365700
2024-05-06,85.190002,85.300003,84.300003,84.669998,81.614510,8851900
2024-05-07,85.160004,85.669998,85.029999,85.419998,82.337440,6117700
2024-05-08,84.949997,84.989998,84.459999,84.769997,81.710907,5385400
2024-05-09,85.480003,86.470001,85.389999,86.400002,83.282074,8093800
2024-05-10,86.680000,86.699997,85.949997,86.239998,83.127853,5146200
2024-05-13,86.580002,86.970001,86.050003,86.430000,83.310997,4207700
2024-05-14,87.070000,87.489998,86.639999,87.070000,83.927902,5882100
2024-05-15,88.489998,88.739998,88.099998,88.400002,85.209900,6438100
2024-05-16,88.570000,88.730003,88.150002,88.330002,85.142433,4169700
2024-05-17,88.260002,88.540001,87.970001,88.339996,85.152069,4138500
2024-05-20,88.190002,88.389999,87.690002,87.720001,84.554443,3240500
2024-05-21,87.610001,87.919998,87.410004,87.750000,84.583359,2763100
2024-05-22,87.459999,87.800003,86.739998,86.940002,83.802597,3796900
2024-05-23,86.970001,87.010002,85.029999,85.080002,82.009720,5336100
2024-05-24,85.629997,85.739998,85.000000,85.089996,82.019348,4392400
2024-05-28,85.750000,85.870003,84.500000,84.570000,81.518127,3709500
2024-05-29,83.769997,83.889999,83.389999,83.779999,80.756622,4983800
2024-05-30,84.330002,85.040001,84.239998,85.000000,81.932610,4901000
2024-05-31,85.730003,86.690002,85.139999,86.669998,83.542336,5354000
2024-06-03,86.830002,86.980003,85.940002,86.430000,83.310997,5413700
2024-06-04,86.029999,87.489998,86.029999,87.199997,84.053207,4294400
2024-06-05,87.089996,87.250000,86.519997,86.989998,83.850792,3256000
2024-06-06,86.790001,87.250000,86.279999,87.129997,83.985733,4098000
2024-06-07,86.029999,86.669998,85.769997,86.430000,83.310997,5987600
2024-06-10,86.260002,87.070000,85.589996,86.669998,83.542336,3305500
2024-06-11,85.800003,86.309998,85.559998,85.879997,83.305649,3129100
2024-06-12,88.029999,88.269997,86.500000,86.620003,84.023476,7425200
2024-06-13,86.919998,87.300003,86.330002,87.129997,84.518173,4051500
2024-06-14,86.809998,87.320000,86.330002,87.059998,84.450287,3743500
2024-06-17,86.540001,87.139999,86.160004,86.750000,84.149567,4547500
2024-06-18,86.910004,87.349998,86.769997,87.000000,84.392075,3567900
2024-06-20,86.800003,87.080002,86.519997,86.769997,84.168961,3613600
2024-06-21,86.919998,87.199997,86.410004,87.129997,84.518173,3341900
2024-06-24,87.190002,88.589996,86.949997,87.650002,85.022591,4135100
2024-06-25,87.580002,87.589996,86.150002,86.589996,83.994370,3915400
2024-06-26,86.139999,86.610001,85.879997,86.339996,83.751854,2950900
2024-06-27,86.639999,87.180000,86.250000,87.070000,84.459984,2865900
2024-06-28,87.519997,88.199997,87.099998,87.739998,85.109894,5015700
2024-07-01,87.480003,87.870003,86.379997,86.930000,84.324173,5124100
2024-07-02,87.180000,87.459999,86.820000,87.260002,84.644287,2963200
2024-07-03,87.589996,87.919998,87.209999,87.220001,84.605484,2833000
2024-07-05,87.419998,87.669998,86.919998,87.470001,84.847992,3871800
2024-07-08,87.529999,87.930000,87.370003,87.779999,85.148697,3107200
2024-07-09,87.550003,88.059998,86.900002,87.760002,85.129303,2348900
2024-07-10,88.209999,88.470001,87.550003,88.440002,85.788925,3444700
2024-07-11,89.849998,91.230003,89.699997,90.879997,88.155762,7488300
2024-07-12,91.480003,92.199997,91.230003,91.639999,88.892990,5344800
2024-07-15,91.790001,92.250000,91.419998,92.059998,89.300400,4012600
2024-07-16,92.660004,93.190002,92.160004,93.190002,90.396530,4809900
2024-07-17,93.089996,94.370003,93.089996,93.800003,90.988243,6270100
2024-07-18,93.239998,94.879997,92.800003,93.099998,90.309219,5090200
2024-07-19,93.209999,93.449997,92.459999,92.910004,90.124924,3812800
2024-07-22,93.089996,93.879997,92.489998,93.809998,90.997925,4144000
2024-07-23,93.580002,94.250000,93.199997,93.690002,90.881538,4054000
2024-07-24,93.540001,94.150002,92.160004,92.199997,89.436195,4693500
2024-07-25,92.860001,93.669998,91.699997,91.889999,89.135490,6443500
2024-07-26,92.320000,93.739998,92.260002,93.440002,90.639030,4575600
2024-07-29,93.720001,94.300003,92.730003,94.040001,91.221039,5905300
2024-07-30,94.339996,94.860001,94.019997,94.680000,91.841866,3982000
2024-07-31,94.430000,95.500000,94.120003,94.430000,91.599358,6431000
2024-08-01,95.199997,95.919998,94.570000,95.519997,92.656670,11377200
2024-08-02,95.199997,96.489998,94.690002,95.610001,92.743988,10929000
2024-08-05,93.919998,95.440002,92.680000,92.900002,90.115227,12392800
2024-08-06,92.809998,95.739998,92.489998,94.839996,91.997063,9250800
2024-08-07,95.150002,96.279999,93.980003,94.010002,91.191948,7478500
2024-08-08,94.220001,95.169998,93.800003,95.010002,92.161964,6434600
2024-08-09,95.400002,95.660004,94.430000,95.440002,92.579079,4156500
2024-08-12,95.150002,95.150002,94.139999,94.790001,91.948563,3658300
2024-08-13,95.459999,95.680000,94.940002,95.519997,92.656670,3203000
2024-08-14,95.750000,96.300003,95.309998,95.900002,93.025284,4231500
2024-08-15,95.970001,96.099998,95.290001,95.610001,92.743988,5084500
2024-08-16,95.540001,95.949997,95.199997,95.639999,92.773079,4700100
2024-08-19,95.690002,96.389999,95.620003,96.370003,93.481201,3101400
2024-08-20,96.540001,96.629997,95.910004,96.349998,93.461800,3944000
2024-08-21,96.300003,96.800003,95.889999,96.690002,93.791611,3571700
2024-08-22,96.750000,97.110001,96.489998,97.059998,94.150513,2741000
2024-08-23,97.440002,99.230003,97.349998,99.139999,96.168167,6437900
2024-08-26,99.529999,99.699997,98.849998,98.989998,96.022659,3571700
2024-08-27,98.250000,99.279999,98.199997,99.209999,96.236069,3713000
2024-08-28,99.209999,99.480003,98.309998,98.860001,95.896568,2873900
2024-08-29,98.750000,98.910004,98.080002,98.529999,95.576454,5013900
2024-08-30,99.010002,99.529999,98.250000,99.529999,96.546478,4101900
2024-09-03,98.800003,99.989998,98.800003,99.529999,96.546478,7191100
2024-09-04,99.800003,100.730003,99.250000,99.809998,96.818077,6448200
2024-09-05,100.489998,100.589996,99.279999,99.489998,96.507668,7729800
2024-09-06,99.610001,99.779999,98.620003,99.400002,96.420364,9306300
2024-09-09,99.349998,100.769997,99.309998,100.610001,97.594101,5657300
2024-09-10,100.919998,102.199997,100.690002,102.199997,99.136436,5856100
2024-09-11,101.180000,101.959999,100.010002,101.839996,98.787231,4270200
2024-09-12,102.029999,102.279999,101.120003,102.199997,99.136436,4537700
2024-09-13,102.790001,103.150002,102.550003,103.139999,100.048271,4797000
2024-09-16,103.599998,103.930000,103.150002,103.610001,100.504181,4680400
2024-09-17,103.699997,103.940002,102.489998,102.760002,99.679665,5279000
2024-09-18,102.930000,104.040001,102.419998,102.570000,99.495354,6219100
2024-09-19,103.470001,103.470001,101.900002,102.459999,99.388649,6329900
2024-09-20,102.070000,102.379997,101.720001,102.269997,99.204338,6514900
2024-09-23,102.769997,103.260002,102.610001,103.169998,100.077362,4126500
2024-09-24,102.660004,103.550003,102.339996,103.199997,100.106468,4173100
2024-09-25,102.690002,102.870003,101.639999,101.889999,99.523331,3969100
2024-09-26,101.989998,102.089996,100.660004,100.949997,98.605156,5236800
2024-09-27,101.760002,101.970001,101.000000,101.150002,98.800522,4384500
2024-09-30,100.889999,101.980003,100.650002,101.870003,99.503792,5498600
2024-10-01,102.160004,102.320000,100.800003,101.260002,98.907967,10335000
2024-10-02,100.389999,100.959999,100.160004,100.919998,98.575859,5577200
2024-10-03,100.519997,100.779999,99.629997,99.919998,97.599083,4147200
2024-10-04,99.410004,99.669998,98.489998,99.360001,97.052094,5790600
2024-10-07,98.870003,98.870003,98.050003,98.500000,96.212067,5101400
2024-10-08,98.930000,99.169998,98.389999,98.730003,96.436729,5238200
2024-10-09,98.540001,98.870003,98.190002,98.800003,96.505104,3079700
2024-10-10,98.349998,99.040001,97.739998,98.010002,95.733452,3391600
2024-10-11,98.540001,99.110001,98.339996,99.110001,96.807899,3757000
2024-10-14,98.750000,99.860001,98.559998,99.760002,97.442802,3193300
2024-10-15,100.139999,101.750000,100.139999,100.940002,98.595398,6918700
2024-10-16,101.180000,102.099998,100.889999,101.980003,99.611237,4237900
2024-10-17,101.510002,101.699997,100.870003,101.190002,98.839584,3736000
2024-10-18,101.489998,101.970001,101.050003,101.940002,99.572174,3713600
2024-10-21,101.379997,101.830002,99.779999,99.900002,97.579559,6073600
2024-10-22,99.660004,100.440002,99.440002,100.010002,97.686996,5405900
2024-10-23,99.830002,101.080002,99.669998,100.910004,98.566101,5452700
2024-10-24,101.050003,101.730003,100.970001,101.160004,98.810295,3491500
2024-10-25,101.760002,102.180000,100.150002,100.199997,97.872581,4394800
2024-10-28,100.989998,101.459999,100.290001,100.459999,98.126549,4458800
2024-10-29,100.180000,100.550003,99.260002,99.529999,97.218147,7021200
2024-10-30,99.589996,100.730003,99.529999,100.010002,97.686996,6237600
2024-10-31,99.220001,99.769997,98.239998,98.309998,96.026482,7701000
2024-11-01,98.930000,99.099998,97.160004,97.199997,94.942268,9487500
2024-11-04,97.680000,98.529999,97.550003,98.250000,95.967873,3926900
2024-11-05,97.720001,99.599998,97.470001,99.589996,97.276749,5125600
2024-11-06,99.309998,99.309998,96.059998,97.080002,94.825058,10360500
2024-11-07,97.629997,98.570000,97.339996,98.279999,95.997185,7768300
2024-11-08,98.739998,100.160004,98.580002,99.889999,97.569786,7286700
2024-11-11,99.660004,100.370003,99.180000,99.230003,96.925117,3711500
2024-11-12,98.919998,99.330002,97.889999,97.889999,95.616241,7729300
2024-11-13,99.010002,99.410004,98.430000,98.559998,96.270668,4801500
2024-11-14,98.540001,98.540001,97.559998,97.690002,95.420883,6714800
2024-11-15,97.260002,97.989998,96.959999,97.800003,95.528328,6786300
2024-11-18,97.389999,98.620003,97.180000,98.599998,96.309746,4726100
2024-11-19,98.300003,99.320000,97.889999,99.120003,96.817673,5340800
2024-11-20,98.529999,99.070000,98.129997,98.910004,96.612556,4329700
2024-11-21,99.050003,99.930000,98.629997,99.620003,97.306061,3826200
2024-11-22,99.980003,100.529999,99.930000,100.360001,98.028877,3402700
2024-11-25,100.940002,102.230003,100.940002,101.760002,99.396355,5112800
2024-11-26,101.690002,102.290001,101.199997,102.080002,99.708916,3068400
2024-11-27,102.750000,103.459999,102.639999,102.870003,100.480568,4141000
2024-11-29,102.910004,103.269997,102.230003,102.309998,99.933571,4566800
2024-12-02,101.849998,101.930000,100.570000,100.940002,98.595398,7207500
2024-12-03,100.940002,101.239998,100.239998,100.360001,98.028877,4252400
2024-12-04,100.330002,100.379997,99.510002,100.029999,97.706528,2553200
2024-12-05,99.620003,99.849998,99.190002,99.720001,97.403732,2955100
2024-12-06,100.019997,100.360001,99.190002,99.690002,97.374428,2913000
2024-12-09,99.820000,100.220001,99.589996,99.970001,97.647926,3739300
2024-12-10,99.930000,99.930000,98.099998,98.389999,96.104630,5809700
2024-12-11,98.449997,98.910004,97.900002,98.209999,95.928802,3654100
2024-12-12,98.019997,99.089996,97.959999,98.019997,95.743217,4411000
2024-12-13,97.790001,98.180000,97.540001,97.610001,95.342751,5145300
2024-12-16,97.750000,98.500000,97.269997,97.330002,95.069252,4478300
2024-12-17,96.199997,96.919998,95.760002,96.059998,94.604401,3856200
2024-12-18,95.839996,96.279999,92.150002,92.150002,90.753647,9655800
2024-12-19,92.400002,93.110001,90.680000,90.739998,89.365013,12763300
2024-12-20,91.000000,93.379997,91.000000,92.389999,90.990013,14194600
2024-12-23,92.209999,92.900002,91.739998,92.790001,91.383949,5846900
2024-12-24,92.540001,93.500000,92.430000,93.410004,91.994553,2207200
2024-12-26,93.070000,93.680000,92.660004,93.599998,92.181679,3958600
2024-12-27,93.099998,93.760002,92.459999,92.669998,91.265770,5279100
2024-12-30,92.459999,92.519997,91.379997,92.279999,90.881683,4020600
2024-12-31,93.080002,93.260002,92.209999,93.059998,91.649857,5447500
2025-01-02,93.199997,93.279999,91.949997,92.290001,90.891533,8909500
2025-01-03,92.419998,93.599998,92.169998,93.430000,92.014259,4325900
2025-01-06,93.589996,93.820000,92.139999,92.269997,90.871826,5845100
2025-01-07,92.839996,93.050003,91.239998,91.480003,90.093803,7161500
2025-01-08,91.430000,91.790001,90.580002,91.720001,90.330162,4024800
2025-01-10,90.209999,90.489998,89.459999,89.489998,88.133949,9167900
2025-01-13,89.349998,90.669998,89.190002,90.610001,89.236992,6069300
2025-01-14,90.910004,91.629997,90.709999,91.459999,90.074104,6052000
2025-01-15,93.910004,94.010002,91.820000,91.839996,90.448341,6016700
2025-01-16,92.099998,93.970001,91.820000,93.959999,92.536217,4935300
2025-01-17,94.239998,94.440002,93.830002,93.860001,92.437737,4301000
2025-01-21,94.360001,95.690002,94.300003,95.650002,94.200615,4421300
2025-01-22,95.489998,95.489998,93.870003,94.000000,92.575615,4114900
2025-01-23,94.279999,94.680000,93.239998,94.680000,93.245316,3626200
2025-01-24,94.419998,95.529999,94.290001,94.940002,93.501373,3929100
2025-01-27,94.809998,96.160004,94.809998,96.040001,94.584694,8961300
2025-01-28,95.730003,95.769997,94.690002,95.029999,93.590004,4576100
2025-01-29,95.080002,95.239998,93.339996,93.779999,92.358948,4515200
2025-01-30,95.139999,95.750000,94.180000,95.029999,93.590004,6424500
2025-01-31,94.830002,95.720001,94.510002,94.820000,93.383194,4533200
2025-02-03,93.830002,94.970001,93.089996,94.510002,93.077896,5620100
2025-02-04,93.919998,94.870003,93.669998,94.639999,93.205917,3277600
2025-02-05,95.660004,96.230003,94.739998,96.070000,94.614250,4314600
2025-02-06,96.529999,96.540001,95.629997,96.300003,94.840767,2684000
2025-02-07,96.529999,96.559998,95.449997,95.940002,94.486221,4633400
2025-02-10,95.980003,96.260002,95.220001,96.070000,94.614250,2733400
2025-02-11,95.650002,96.500000,95.470001,96.470001,95.008186,3313800
2025-02-12,94.500000,95.809998,94.379997,95.470001,94.023338,4453800
2025-02-13,95.400002,96.529999,95.059998,96.339996,94.880150,4864100
2025-02-14,96.620003,96.989998,95.919998,95.930000,94.476372,4054900
2025-02-18,95.849998,96.699997,95.669998,96.330002,94.870316,2489700
2025-02-19,96.029999,96.669998,95.779999,96.370003,94.909706,3298800
2025-02-20,96.349998,97.129997,95.919998,96.980003,95.510468,3493700
2025-02-21,96.949997,97.160004,95.629997,96.269997,94.811211,6317800
2025-02-24,96.379997,97.129997,95.839996,96.610001,95.146065,3948800
2025-02-25,96.970001,98.150002,96.879997,97.709999,96.229401,3863700
2025-02-26,97.989998,98.110001,96.980003,97.239998,95.766510,5702700
2025-02-27,97.209999,98.190002,97.080002,97.650002,96.170311,4903900
2025-02-28,98.110001,98.529999,97.330002,98.410004,96.918793,4077100
2025-03-03,98.470001,99.550003,98.360001,98.900002,97.401367,5133500
2025-03-04,99.010002,99.620003,97.680000,97.800003,96.318031,6905800
2025-03-05,96.959999,99.129997,96.879997,98.980003,97.480164,4505300
2025-03-06,98.040001,98.279999,96.169998,96.339996,94.880150,7146500
2025-03-07,96.580002,97.419998,95.839996,96.970001,95.500618,4387300
2025-03-10,96.980003,98.010002,95.580002,96.050003,94.594559,7317000
2025-03-11,96.360001,96.570000,94.370003,94.889999,93.452133,6252900
2025-03-12,95.059998,95.389999,94.199997,94.540001,93.107430,3970100
2025-03-13,94.459999,95.230003,92.610001,92.739998,91.334709,5084600
2025-03-14,93.510002,94.699997,93.070000,94.629997,93.196068,4021100
2025-03-17,94.500000,96.519997,94.500000,96.120003,94.663498,5466300
2025-03-18,95.809998,96.330002,95.029999,95.389999,94.296738,4690500
2025-03-19,95.480003,96.199997,94.699997,95.529999,94.435135,4370200
2025-03-20,95.589996,95.989998,95.029999,95.320000,94.227547,3850500
2025-03-21,95.050003,95.099998,93.860001,94.419998,93.337852,4489500
2025-03-24,94.949997,95.900002,94.559998,95.720001,94.622963,4019800
2025-03-25,95.570000,95.730003,94.080002,94.660004,93.575111,5616600
2025-03-26,95.019997,95.540001,94.709999,95.180000,94.089142,4724100
2025-03-27,95.209999,96.019997,94.620003,94.879997,93.792580,3618200
2025-03-28,95.260002,95.389999,94.180000,94.739998,93.654190,3834100
2025-03-31,94.790001,96.300003,94.790001,95.750000,94.652611,6051600
2025-04-01,95.910004,96.220001,94.610001,95.809998,94.711922,5926300
2025-04-02,95.639999,96.389999,95.139999,96.220001,95.117233,4359500
2025-04-03,95.239998,96.089996,93.169998,93.230003,92.161499,9122200
2025-04-04,92.410004,92.529999,89.019997,89.110001,88.088715,12928600
2025-04-07,87.519997,90.300003,84.870003,86.669998,85.676682,15195900
2025-04-08,88.959999,88.989998,83.589996,84.480003,83.511780,10084600
2025-04-09,83.190002,89.879997,81.529999,89.419998,88.395164,16319800
2025-04-10,88.580002,89.349998,85.220001,87.320000,86.319229,10549700
2025-04-11,87.089996,88.750000,85.870003,88.599998,87.584557,6713600
2025-04-14,89.500000,90.989998,89.099998,90.459999,89.423241,5611100
2025-04-15,90.800003,91.320000,90.250000,90.709999,89.670372,3457400
2025-04-16,91.059998,91.820000,90.000000,90.589996,89.551750,4521800
2025-04-17,90.739998,92.690002,90.739998,91.930000,90.876396,4316500
2025-04-21,91.150002,91.349998,88.949997,90.070000,89.037712,6216400
2025-04-22,91.250000,92.250000,90.889999,91.870003,90.817085,4494000
2025-04-23,92.900002,93.800003,91.459999,92.000000,90.945595,4844900
2025-04-24,92.110001,93.029999,91.589996,92.330002,91.271812,4960200
2025-04-25,92.389999,92.550003,91.540001,92.160004,91.103767,3889000
2025-04-28,92.120003,92.940002,91.870003,92.750000,91.686996,4228500
2025-04-29,92.629997,93.750000,92.480003,93.370003,92.299896,3690200
2025-04-30,92.800003,94.000000,92.059998,93.690002,92.616226,5940200
2025-05-01,94.059998,94.750000,93.300003,93.949997,92.873245,4079700
2025-05-02,94.970001,95.360001,94.610001,94.959999,93.871674,5053900
2025-05-05,94.720001,95.400002,94.330002,94.860001,93.772820,2706500
2025-05-06,94.360001,94.889999,93.709999,94.160004,93.080841,4355500
2025-05-07,94.489998,94.940002,93.989998,94.150002,93.070953,3820900
2025-05-08,94.629997,94.709999,93.470001,93.739998,92.665649,4592300
2025-05-09,93.949997,94.629997,93.629997,94.370003,93.288429,2418400
2025-05-12,95.519997,95.519997,94.160004,94.660004,93.575111,4658000
2025-05-13,94.680000,94.800003,93.160004,93.500000,92.428398,5842400
2025-05-14,93.169998,93.169998,92.230003,92.669998,91.607918,5890800
2025-05-15,93.029999,94.349998,92.919998,94.300003,93.219238,4542800
2025-05-16,94.620003,95.570000,94.169998,95.489998,94.395592,5230500
2025-05-19,94.610001,95.680000,94.540001,95.599998,94.504333,3847000
2025-05-20,95.019997,95.449997,94.830002,95.089996,94.000175,3631600
2025-05-21,94.470001,94.769997,92.430000,92.519997,91.459633,6449900
2025-05-22,92.660004,92.699997,91.400002,92.139999,91.083984,4599200
2025-05-23,92.010002,92.500000,91.620003,92.209999,91.153191,4421600
2025-05-27,93.019997,93.940002,92.650002,93.730003,92.655769,5008200
2025-05-28,93.830002,93.830002,93.029999,93.620003,92.547028,4905800
2025-05-29,93.720001,94.879997,93.510002,94.440002,93.357628,6237500
2025-05-30,94.080002,94.750000,93.580002,94.540001,93.456482,4972200
2025-06-02,93.940002,94.650002,92.930000,94.589996,93.505905,6435800
2025-06-03,94.250000,94.500000,93.559998,94.400002,93.318092,5601100
2025-06-04,94.510002,95.000000,93.889999,94.650002,93.565224,4015600
2025-06-05,94.860001,95.089996,94.110001,94.570000,93.486137,4965600
2025-06-06,95.120003,95.419998,94.470001,94.959999,93.871674,3817800
2025-06-09,94.830002,95.620003,94.339996,95.059998,93.970520,6155000
2025-06-10,95.349998,95.940002,95.139999,95.910004,94.810783,5631200
2025-06-11,96.110001,96.400002,95.029999,95.410004,94.316513,3757300
2025-06-12,95.279999,96.000000,95.209999,95.900002,94.800896,3829400
2025-06-13,95.269997,95.750000,94.419998,95.059998,93.970520,5740500
2025-06-16,95.019997,95.750000,94.279999,94.589996,93.995361,6211900
2025-06-17,94.559998,94.839996,93.889999,94.239998,93.647560,4366000
2025-06-18,94.419998,95.239998,94.010002,94.550003,93.955620,4267900
2025-06-20,94.889999,95.339996,94.360001,94.550003,93.955620,5587500
2025-06-23,94.639999,95.949997,94.550003,95.870003,95.267319,4798100
2025-06-24,95.980003,96.559998,95.480003,96.250000,95.644928,4600200
2025-06-25,95.730003,95.739998,93.970001,94.070000,93.478638,8770100
2025-06-26,94.290001,94.290001,92.870003,93.959999,93.369324,11713700
2025-06-27,94.080002,95.089996,93.760002,94.129997,93.538254,6663500
2025-06-30,94.230003,94.839996,93.120003,94.769997,94.174232,5805200
2025-07-01,94.629997,96.150002,94.470001,95.440002,94.840027,8372800
2025-07-02,95.269997,95.839996,94.879997,95.709999,95.108322,5912200
2025-07-03,95.720001,96.129997,95.389999,95.800003,95.197762,2864800
2025-07-07,95.260002,96.260002,94.500000,95.019997,94.422661,6150600
2025-07-08,94.669998,95.419998,94.489998,94.919998,94.323288,5756800
2025-07-09,95.059998,95.250000,94.589996,95.019997,94.422661,4992100
2025-07-10,95.059998,96.139999,94.760002,95.529999,94.929459,6391800
2025-07-11,95.029999,95.720001,94.529999,95.489998,94.889702,6391300
2025-07-14,95.529999,96.120003,95.309998,96.059998,95.456123,4931800
2025-07-15,96.199997,96.199997,94.529999,94.699997,94.104668,8148600
2025-07-16,95.540001,95.779999,94.739998,95.639999,95.038765,8075100
2025-07-17,95.760002,95.919998,95.080002,95.510002,94.909584,5827000
2025-07-18,95.680000,96.059998,95.349998,95.800003,95.197762,4955200
2025-07-21,96.260002,96.699997,95.870003,96.070000,95.466064,6799000
2025-07-22,96.379997,97.870003,96.320000,97.790001,97.175247,6597700
2025-07-23,98.019997,98.160004,97.599998,98.010002,97.393867,5583400
2025-07-24,97.949997,98.169998,97.620003,97.760002,97.145439,7756900
2025-07-25,97.900002,97.980003,96.739998,97.739998,97.125565,7058300
2025-07-28,97.720001,97.720001,96.050003,96.089996,95.485931,6455700
2025-07-29,96.779999,97.809998,96.129997,97.720001,97.105690,11391500
2025-07-30,97.519997,97.779999,95.720001,96.309998,95.704552,9450900
2025-07-31,95.669998,96.260002,94.760002,94.879997,94.283539,11401500
2025-08-01,96.029999,96.040001,94.120003,94.750000,94.154358,13441000
2025-08-04,95.089996,95.970001,94.919998,95.709999,95.108322,7438700
2025-08-05,95.779999,96.230003,95.389999,95.949997,95.346809,8608200
2025-08-06,96.120003,96.220001,95.260002,95.269997,94.671089,9069900
2025-08-07,95.720001,95.769997,95.029999,95.639999,95.038765,8007800
2025-08-08,95.639999,95.849998,94.639999,94.800003,94.204048,6343700
2025-08-11,94.500000,94.919998,94.110001,94.160004,93.568069,6155000
2025-08-12,94.459999,94.599998,93.639999,94.510002,93.915871,9559300
2025-08-13,94.730003,95.470001,94.320000,95.389999,94.790337,8513600
2025-08-14,94.739998,94.910004,94.080002,94.680000,94.084801,8038400
2025-08-15,94.809998,95.540001,94.639999,95.290001,94.690964,7366800
2025-08-18,95.309998,95.389999,94.360001,94.360001,93.766815,6146500
2025-08-19,94.860001,96.070000,94.779999,96.050003,95.446190,6570900
2025-08-20,96.360001,97.129997,96.089996,96.410004,95.803925,8772100
2025-08-21,95.820000,96.389999,95.639999,95.989998,95.386559,5654300
2025-08-22,96.699997,98.180000,96.449997,97.720001,97.105690,8159500
2025-08-25,97.599998,97.830002,97.029999,97.160004,96.549210,5940800
2025-08-26,97.180000,97.379997,96.620003,96.830002,96.221283,6018500
2025-08-27,97.120003,97.709999,97.019997,97.339996,96.728073,5745300
2025-08-28,97.430000,97.500000,96.570000,97.099998,96.489586,4935600
2025-08-29,97.220001,97.680000,97.080002,97.639999,97.026192,5888600
2025-09-02,96.870003,96.889999,95.650002,95.970001,95.366692,8576200
2025-09-03,95.790001,96.279999,95.639999,96.029999,95.426315,6985100
2025-09-04,96.430000,96.830002,95.809998,96.709999,96.102036,7435900
2025-09-05,97.379997,98.260002,97.129997,97.760002,97.145439,9763300
2025-09-08,96.599998,97.230003,96.430000,97.190002,96.579025,9730400
2025-09-09,97.029999,97.070000,96.620003,97.010002,96.400154,6814000
2025-09-10,97.099998,97.599998,96.730003,96.870003,96.261032,5687600
2025-09-11,97.059998,98.599998,97.019997,98.459999,97.841034,7086600
2025-09-12,98.320000,98.510002,97.879997,97.989998,97.373993,4856600
2025-09-15,98.269997,98.430000,97.550003,97.830002,97.214996,5732400
2025-09-16,97.220001,97.400002,96.480003,96.750000,96.750000,11477000
2025-09-17,97.050003,98.160004,96.519997,96.639999,96.639999,7424400
2025-09-18,96.639999,97.120003,96.400002,96.680000,96.680000,5939400
2025-09-19,96.750000,96.919998,96.080002,96.129997,96.129997,4777700
2025-09-22,95.949997,96.360001,95.540001,96.160004,96.160004,4375700
2025-09-23,96.290001,96.989998,96.160004,96.809998,96.809998,4379800
2025-09-24,96.699997,96.730003,95.820000,95.839996,95.839996,5317900
2025-09-25,95.919998,96.250000,95.510002,95.580002,95.580002,6528100
2025-09-26,95.940002,96.709999,95.730003,96.559998,96.559998,5956300
2025-09-29,96.709999,96.820000,96.199997,96.650002,96.650002,5733100
2025-09-30,96.809998,97.080002,96.330002,97.080002,97.080002,7019000
2025-10-01,97.010002,97.500000,96.809998,97.129997,97.129997,5928900
2025-10-02,96.739998,96.889999,96.050003,96.620003,96.620003,7053900
2025-10-03,96.820000,97.750000,96.790001,97.040001,97.040001,5154300
2025-10-06,97.139999,97.139999,96.000000,96.000000,96.000000,6187200
2025-10-07,96.199997,96.199997,95.339996,95.730003,95.730003,5417400
2025-10-08,95.129997,95.650002,95.059998,95.309998,95.309998,7233300
2025-10-09,95.570000,95.570000,94.570000,94.809998,94.809998,5294900
2025-10-10,95.080002,95.250000,93.629997,93.690002,93.690002,9854100
2025-10-13,93.820000,94.339996,93.570000,94.260002,94.260002,5854000
2025-10-14,94.199997,95.349998,94.059998,95.239998,95.239998,6576400
2025-10-15,95.610001,96.860001,95.449997,96.610001,96.610001,6950300
2025-10-16,96.820000,97.160004,96.139999,96.320000,96.320000,6237900
2025-10-17,96.330002,97.059998,95.959999,96.949997,96.949997,5658600
2025-10-20,97.470001,97.980003,97.190002,97.970001,97.970001,4121700
2025-10-21,97.849998,98.260002,97.489998,97.620003,97.620003,4104800
2025-10-22,97.989998,98.199997,97.519997,98.050003,98.050003,6127900
2025-10-23,98.190002,98.389999,97.110001,97.940002,97.940002,4067500
2025-10-24,98.570000,98.739998,98.169998,98.169998,98.169998,4488400
2025-10-27,98.309998,98.500000,97.809998,98.500000,98.500000,6274200
2025-10-28,98.150002,98.309998,96.400002,96.430000,96.430000,11003000
2025-10-29,95.529999,95.949997,93.690002,93.989998,93.989998,11430700
2025-10-30,93.959999,95.080002,93.760002,94.379997,94.379997,8772800
2025-10-31,93.959999,95.010002,93.629997,94.660004,94.660004,7858700
2025-11-03,93.709999,94.680000,93.320000,94.559998,94.559998,5586600
2025-11-04,94.820000,94.910004,94.309998,94.769997,94.769997,8916600
2025-11-05,95.000000,95.139999,94.239998,94.760002,94.760002,7453100
2025-11-06,94.690002,95.059998,94.260002,94.260002,94.260002,5895700
2025-11-07,94.629997,95.690002,94.400002,95.669998,95.669998,6566800
2025-11-10,95.510002,95.900002,94.940002,95.489998,95.489998,6180100
2025-11-11,96.010002,96.660004,95.879997,96.620003,96.620003,7027900
2025-11-12,96.040001,96.489998,95.800003,95.830002,95.830002,7590100
2025-11-13,95.419998,95.730003,94.540001,94.660004,94.660004,7856600
2025-11-14,95.019997,95.089996,94.379997,94.879997,94.879997,6154800
2025-11-17,95.239998,95.239998,93.989998,94.239998,94.239998,5884900
2025-11-18,94.239998,94.900002,93.980003,94.680000,94.680000,8615400
2025-11-19,94.650002,94.720001,93.629997,93.949997,93.949997,5497400
2025-11-20,94.529999,95.059998,93.599998,93.629997,93.629997,7590500
2025-11-21,94.110001,95.410004,93.800003,95.070000,95.070000,9471800
2025-11-24,95.139999,95.349998,94.519997,95.199997,95.199997,6191800
2025-11-25,95.510002,96.470001,95.449997,96.089996,96.089996,10669000
2025-11-26,95.839996,97.029999,95.809998,96.519997,96.519997,5241200
2025-11-28,96.410004,97.180000,96.410004,96.900002,96.900002,4506200
2025-12-01,95.970001,96.360001,95.730003,95.790001,95.790001,7781800
2025-12-02,96.000000,96.160004,95.139999,95.489998,95.489998,7746200
2025-12-03,95.480003,95.959999,95.300003,95.769997,95.769997,5558200
2025-12-04,95.599998,96.199997,95.419998,95.529999,95.529999,5834100
2025-12-05,95.400002,95.930000,95.269997,95.470001,95.470001,6028700
2025-12-08,95.440002,95.440002,94.610001,94.650002,94.650002,7613400
2025-12-09,94.959999,95.440002,94.110001,94.160004,94.160004,6332600
2025-12-10,94.550003,95.129997,94.320000,94.510002,94.510002,6049300
2025-12-11,94.760002,95.260002,94.570000,94.889999,94.889999,6968000
2025-12-12,95.339996,95.641197,94.519997,94.779999,94.779999,5977954