Date,Open,High,Low,Close,Adj Close,Volume
1986-03-13,0.088542,0.101563,0.088542,0.097222,0.059500,1031788800
1986-03-14,0.097222,0.102431,0.097222,0.100694,0.061625,308160000
1986-03-17,0.100694,0.103299,0.100694,0.102431,0.062688,133171200
1986-03-18,0.102431,0.103299,0.098958,0.099826,0.061093,67766400
1986-03-19,0.099826,0.100694,0.097222,0.098090,0.060031,47894400
1986-03-20,0.098090,0.098090,0.094618,0.095486,0.058437,58435200
1986-03-21,0.095486,0.097222,0.091146,0.092882,0.056844,59990400
1986-03-24,0.092882,0.092882,0.089410,0.090278,0.055250,65289600
1986-03-25,0.090278,0.092014,0.089410,0.092014,0.056312,32083200
1986-03-26,0.092014,0.095486,0.091146,0.094618,0.057906,22752000
1986-03-27,0.094618,0.096354,0.094618,0.096354,0.058969,16848000
1986-03-31,0.096354,0.096354,0.093750,0.095486,0.058437,12873600
1986-04-01,0.095486,0.095486,0.094618,0.094618,0.057906,11088000
1986-04-02,0.094618,0.097222,0.094618,0.095486,0.058437,27014400
1986-04-03,0.096354,0.098958,0.096354,0.096354,0.058969,23040000
1986-04-04,0.096354,0.097222,0.096354,0.096354,0.058969,26582400
1986-04-07,0.096354,0.097222,0.092882,0.094618,0.057906,16560000
1986-04-08,0.094618,0.097222,0.094618,0.095486,0.058437,10252800
1986-04-09,0.095486,0.098090,0.095486,0.097222,0.059500,12153600
1986-04-10,0.097222,0.098958,0.095486,0.098090,0.060031,13881600
1986-04-11,0.098958,0.101563,0.098958,0.099826,0.061093,17222400
1986-04-14,0.099826,0.101563,0.099826,0.100694,0.061625,12153600
1986-04-15,0.100694,0.100694,0.097222,0.100694,0.061625,9302400
1986-04-16,0.100694,0.105035,0.099826,0.104167,0.063750,31910400
1986-04-17,0.104167,0.105035,0.104167,0.105035,0.064281,22003200
1986-04-18,0.105035,0.105035,0.100694,0.101563,0.062156,21628800
1986-04-21,0.101563,0.102431,0.098958,0.101563,0.062156,22924800
1986-04-22,0.101563,0.101563,0.099826,0.099826,0.061093,15552000
1986-04-23,0.099826,0.100694,0.098958,0.100260,0.061359,15609600
1986-04-24,0.100260,0.111979,0.099826,0.110243,0.067469,62352000
1986-04-25,0.111111,0.121962,0.111111,0.117188,0.071719,85795200
1986-04-28,0.117188,0.118924,0.116319,0.118056,0.072250,28886400
1986-04-29,0.118056,0.118056,0.113715,0.114583,0.070125,30326400
1986-04-30,0.114583,0.115451,0.109375,0.111979,0.068531,30902400
1986-05-01,0.111979,0.111979,0.108507,0.110243,0.067469,54345600
1986-05-02,0.110243,0.111979,0.109375,0.110243,0.067469,20246400
1986-05-05,0.110243,0.110243,0.109375,0.109375,0.066937,3254400
1986-05-06,0.110243,0.111979,0.110243,0.110243,0.067469,9734400
1986-05-07,0.110243,0.111111,0.108507,0.110243,0.067469,5155200
1986-05-08,0.110243,0.111111,0.109375,0.111111,0.068000,3542400
1986-05-09,0.111111,0.111111,0.110243,0.110243,0.067469,6076800
1986-05-12,0.110243,0.113715,0.110243,0.111111,0.068000,10483200
1986-05-13,0.111111,0.112847,0.111111,0.111979,0.068531,3830400
1986-05-14,0.111979,0.111979,0.111111,0.111111,0.068000,9302400
1986-05-15,0.111111,0.112847,0.111111,0.111111,0.068000,3801600
1986-05-16,0.111111,0.114583,0.111111,0.111979,0.068531,11952000
1986-05-19,0.111979,0.111979,0.109375,0.110243,0.067469,11001600
1986-05-20,0.110243,0.110243,0.108507,0.109375,0.066937,61977600
1986-05-21,0.109375,0.110243,0.107639,0.107639,0.065875,8092800
1986-05-22,0.107639,0.108507,0.107639,0.107639,0.065875,4406400
1986-05-23,0.107639,0.109375,0.107639,0.107639,0.065875,4089600
1986-05-27,0.107639,0.111111,0.107639,0.111111,0.068000,13881600
1986-05-28,0.111111,0.114583,0.111111,0.114583,0.070125,15523200
1986-05-29,0.114583,0.118924,0.113715,0.117188,0.071719,45676800
1986-05-30,0.118056,0.123264,0.118056,0.121528,0.074375,27072000
1986-06-02,0.121528,0.121528,0.118056,0.118056,0.072250,19728000
1986-06-03,0.118056,0.118056,0.116319,0.118056,0.072250,5011200
1986-06-04,0.118056,0.118924,0.116319,0.117188,0.071719,4723200
1986-06-05,0.117188,0.118924,0.116319,0.118924,0.072781,13708800
1986-06-06,0.118924,0.118924,0.117188,0.118924,0.072781,3427200
1986-06-09,0.118924,0.118924,0.113715,0.113715,0.069593,12672000
1986-06-10,0.113715,0.113715,0.111979,0.113715,0.069593,3427200
1986-06-11,0.113715,0.113715,0.111979,0.113715,0.069593,2304000
1986-06-12,0.113715,0.113715,0.108507,0.109375,0.066937,13708800
1986-06-13,0.109375,0.110243,0.108507,0.109375,0.066937,7891200
1986-06-16,0.109375,0.110243,0.107639,0.108507,0.066406,9590400
1986-06-17,0.109375,0.111979,0.109375,0.110243,0.067469,13075200
1986-06-18,0.110243,0.110243,0.107639,0.109375,0.066937,4348800
1986-06-19,0.109375,0.110243,0.107639,0.108507,0.066406,8467200
1986-06-20,0.108507,0.109375,0.108507,0.108941,0.066672,3801600
1986-06-23,0.108941,0.110243,0.106771,0.110243,0.067469,46195200
1986-06-24,0.110243,0.111111,0.108507,0.109375,0.066937,14572800
1986-06-25,0.109375,0.110243,0.107639,0.107639,0.065875,15235200
1986-06-26,0.107639,0.108507,0.104167,0.104167,0.063750,19152000
1986-06-27,0.104167,0.105035,0.102431,0.103299,0.063219,10396800
1986-06-30,0.103299,0.109375,0.102431,0.106771,0.065344,62352000
1986-07-01,0.106771,0.106771,0.105903,0.106771,0.065344,47577600
1986-07-02,0.106771,0.106771,0.105903,0.106771,0.065344,52617600
1986-07-03,0.107639,0.109375,0.107639,0.108507,0.066406,14140800
1986-07-07,0.108507,0.108507,0.104167,0.104167,0.063750,14054400
1986-07-08,0.104167,0.104167,0.100694,0.101563,0.062156,14256000
1986-07-09,0.101563,0.101563,0.096354,0.097222,0.059500,46137600
1986-07-10,0.097222,0.098090,0.090278,0.094618,0.057906,46886400
1986-07-11,0.094618,0.098958,0.094618,0.097222,0.059500,17395200
1986-07-14,0.094618,0.098090,0.094618,0.095920,0.058703,28598400
1986-07-15,0.095920,0.098958,0.094618,0.097222,0.059500,13190400
1986-07-16,0.098090,0.100694,0.098090,0.100694,0.061625,9360000
1986-07-17,0.100694,0.102431,0.099826,0.102431,0.062688,6940800
1986-07-18,0.102431,0.104167,0.099826,0.103299,0.063219,12326400
1986-07-21,0.103299,0.105035,0.103299,0.103299,0.063219,3513600
1986-07-22,0.103299,0.106771,0.103299,0.106771,0.065344,10512000
1986-07-23,0.106771,0.108507,0.104167,0.104167,0.063750,20793600
1986-07-24,0.105903,0.109375,0.105903,0.107639,0.065875,14140800
1986-07-25,0.107639,0.109375,0.107639,0.108507,0.066406,20448000
1986-07-28,0.108507,0.108507,0.105903,0.105903,0.064813,11808000
1986-07-29,0.105903,0.106771,0.101563,0.103299,0.063219,14054400
1986-07-30,0.103299,0.103299,0.096354,0.099826,0.061093,26409600
1986-07-31,0.099826,0.100694,0.098958,0.098958,0.060562,15638400
1986-08-01,0.098958,0.099826,0.097222,0.098090,0.060031,12902400
1986-08-04,0.098090,0.098090,0.095486,0.098090,0.060031,12441600
1986-08-05,0.098090,0.098958,0.097222,0.097222,0.059500,2822400
1986-08-06,0.097222,0.098090,0.094618,0.096354,0.058969,18316800
1986-08-07,0.096354,0.097222,0.094618,0.095486,0.058437,3657600
1986-08-08,0.095486,0.098090,0.095486,0.096354,0.058969,4147200
1986-08-11,0.098090,0.100694,0.098090,0.099826,0.061093,7948800
1986-08-12,0.099826,0.102431,0.099826,0.102431,0.062688,9993600
1986-08-13,0.102431,0.103299,0.101563,0.103299,0.063219,6883200
1986-08-14,0.103299,0.106771,0.103299,0.105903,0.064813,20131200
1986-08-15,0.105903,0.106771,0.105035,0.106337,0.065078,6105600
1986-08-18,0.106337,0.106771,0.105035,0.105035,0.064281,12787200
1986-08-19,0.105035,0.105469,0.103299,0.105035,0.064281,20390400
1986-08-20,0.105035,0.105035,0.104167,0.104167,0.063750,20764800
1986-08-21,0.104167,0.105903,0.104167,0.104167,0.063750,49536000
1986-08-22,0.104167,0.105035,0.100694,0.102431,0.062688,5760000
1986-08-25,0.102431,0.102431,0.100694,0.102431,0.062688,2419200
1986-08-26,0.102431,0.102431,0.101563,0.101563,0.062156,10857600
1986-08-27,0.101563,0.102431,0.100694,0.101563,0.062156,9532800
1986-08-28,0.101563,0.102431,0.101563,0.101563,0.062156,3427200
1986-08-29,0.101563,0.102431,0.097222,0.098958,0.060562,25430400
1986-09-02,0.098958,0.098958,0.095052,0.096354,0.058969,5212800
1986-09-03,0.095486,0.095486,0.091146,0.093750,0.057375,18316800
1986-09-04,0.095486,0.101563,0.095486,0.101563,0.062156,39427200
1986-09-05,0.101563,0.105903,0.100694,0.105903,0.064813,26352000
1986-09-08,0.105903,0.106771,0.105035,0.105035,0.064281,9619200
1986-09-09,0.105035,0.109375,0.105035,0.106771,0.065344,37526400
1986-09-10,0.106771,0.107639,0.105035,0.105035,0.064281,10886400
1986-09-11,0.105035,0.105903,0.100694,0.100694,0.061625,35654400
1986-09-12,0.100694,0.101563,0.098090,0.098090,0.060031,24451200
1986-09-15,0.098090,0.099826,0.096354,0.099826,0.061093,22492800
1986-09-16,0.099826,0.100694,0.098090,0.099826,0.061093,5184000
1986-09-17,0.099826,0.104167,0.098958,0.102431,0.062688,8035200
1986-09-18,0.102431,0.105035,0.102431,0.103299,0.063219,5356800
1986-09-19,0.103299,0.104167,0.102431,0.103299,0.063219,2505600
1986-09-22,0.103299,0.103299,0.102431,0.102431,0.062688,4492800
1986-09-23,0.102431,0.105035,0.102431,0.104167,0.063750,5961600
1986-09-24,0.104167,0.104167,0.102431,0.102865,0.062953,4780800
1986-09-25,0.102865,0.103299,0.100694,0.100694,0.061625,5155200
1986-09-26,0.100694,0.101563,0.099826,0.100694,0.061625,2332800
1986-09-29,0.100694,0.100694,0.098090,0.098090,0.060031,6192000
1986-09-30,0.098090,0.099826,0.098090,0.098090,0.060031,5184000
1986-10-01,0.098090,0.099826,0.095486,0.097222,0.059500,32428800
1986-10-02,0.097222,0.098958,0.096354,0.097222,0.059500,22723200
1986-10-03,0.097222,0.098958,0.097222,0.098090,0.060031,14716800
1986-10-06,0.100694,0.107639,0.100694,0.105903,0.064813,85334400
1986-10-07,0.105903,0.110243,0.105903,0.108073,0.066141,59788800
1986-10-08,0.108073,0.112413,0.106771,0.111111,0.068000,119606400
1986-10-09,0.111111,0.117188,0.111111,0.114583,0.070125,92563200
1986-10-10,0.114583,0.122396,0.112847,0.119792,0.073313,76752000
1986-10-13,0.119792,0.119792,0.114583,0.114583,0.070125,27129600
1986-10-14,0.115451,0.117188,0.115451,0.116319,0.071187,12873600
1986-10-15,0.116319,0.122396,0.116319,0.121528,0.074375,63532800
1986-10-16,0.121528,0.122396,0.120660,0.121528,0.074375,21859200
1986-10-17,0.121528,0.125868,0.121528,0.125000,0.076500,124444800
1986-10-20,0.125000,0.127604,0.122396,0.125868,0.077031,43545600
1986-10-21,0.126736,0.131076,0.126736,0.131076,0.080218,112377600
1986-10-22,0.131076,0.132378,0.130208,0.131076,0.080218,54576000
1986-10-23,0.131076,0.131944,0.129774,0.131076,0.080218,70444800
1986-10-24,0.131076,0.131076,0.126736,0.130208,0.079687,101376000
1986-10-27,0.131076,0.134549,0.131076,0.134549,0.082344,125654400
1986-10-28,0.134549,0.139757,0.134549,0.137587,0.084203,142646400
1986-10-29,0.137587,0.138021,0.131944,0.133681,0.081813,53222400
1986-10-30,0.133681,0.138021,0.132813,0.136285,0.083406,44380800
1986-10-31,0.136285,0.138021,0.133681,0.134549,0.082344,63734400
1986-11-03,0.135417,0.138021,0.135417,0.137153,0.083938,42192000
1986-11-04,0.137153,0.142361,0.137153,0.142361,0.087125,54403200
1986-11-05,0.142361,0.151910,0.141493,0.151042,0.092438,45100800
1986-11-06,0.151042,0.157986,0.150174,0.154514,0.094562,72576000
1986-11-07,0.154514,0.155382,0.151042,0.153646,0.094031,44323200
1986-11-10,0.153646,0.153646,0.146701,0.147569,0.090312,28684800
1986-11-11,0.148438,0.150174,0.148438,0.148438,0.090844,11894400
1986-11-12,0.148438,0.151910,0.146701,0.148438,0.090844,34156800
1986-11-13,0.148438,0.149306,0.145833,0.146267,0.089515,30211200
1986-11-14,0.146267,0.147569,0.143229,0.147569,0.090312,18720000
1986-11-17,0.147569,0.150174,0.145833,0.148438,0.090844,24307200
1986-11-18,0.148438,0.149306,0.140625,0.140625,0.086062,59673600
1986-11-19,0.140625,0.146701,0.140625,0.145833,0.089250,48729600
1986-11-20,0.145833,0.157118,0.145833,0.157118,0.096156,98179200
1986-11-21,0.157986,0.164063,0.157986,0.162326,0.099343,91065600
1986-11-24,0.162326,0.176215,0.157118,0.175347,0.107312,173836800
1986-11-25,0.175347,0.177951,0.174479,0.177083,0.108375,95788800
1986-11-26,0.177083,0.177951,0.175347,0.175347,0.107312,38793600
1986-11-28,0.175347,0.176215,0.171007,0.172743,0.105719,41328000
1986-12-01,0.172743,0.173611,0.168403,0.169271,0.103594,40291200
1986-12-02,0.170139,0.173611,0.170139,0.170139,0.104125,28771200
1986-12-03,0.170139,0.171875,0.168403,0.168837,0.103328,35164800
1986-12-04,0.168837,0.172743,0.167535,0.171007,0.104656,42508800
1986-12-05,0.171007,0.171875,0.170139,0.170139,0.104125,107510400
1986-12-08,0.170139,0.171875,0.165799,0.168403,0.103063,22665600
1986-12-09,0.168403,0.169271,0.166667,0.167535,0.102531,16099200
1986-12-10,0.167535,0.169271,0.165799,0.168837,0.103328,27590400
1986-12-11,0.168837,0.171007,0.168403,0.170139,0.104125,11635200
1986-12-12,0.170139,0.170139,0.164063,0.164063,0.100406,25286400
1986-12-15,0.164063,0.164931,0.157118,0.159722,0.097750,50774400
1986-12-16,0.160590,0.164063,0.160590,0.161458,0.098812,77299200
1986-12-17,0.161458,0.164063,0.161458,0.163194,0.099875,23356800
1986-12-18,0.163194,0.164931,0.162326,0.164497,0.100672,12672000
1986-12-19,0.164931,0.170139,0.164931,0.168403,0.103063,56592000
1986-12-22,0.168403,0.171875,0.168403,0.170139,0.104125,18316800
1986-12-23,0.170139,0.171875,0.170139,0.171875,0.105187,23788800
1986-12-24,0.171875,0.171875,0.171007,0.171441,0.104922,7027200
1986-12-26,0.171441,0.172743,0.171007,0.171007,0.104656,3715200
1986-12-29,0.171007,0.172743,0.164063,0.164063,0.100406,41702400
1986-12-30,0.164063,0.166667,0.162326,0.165799,0.101469,25401600
1986-12-31,0.165799,0.170139,0.165799,0.167535,0.102531,23356800
1987-01-02,0.167535,0.169271,0.164931,0.165799,0.101469,12643200
1987-01-05,0.165799,0.177083,0.164931,0.175347,0.107312,48499200
1987-01-06,0.175347,0.178819,0.174479,0.177951,0.108906,40032000
1987-01-07,0.177951,0.187500,0.177951,0.187500,0.114750,60998400
1987-01-08,0.188368,0.195313,0.188368,0.193576,0.118468,61488000
1987-01-09,0.193576,0.202257,0.192708,0.201389,0.123250,63705600
1987-01-12,0.201389,0.216146,0.199653,0.214410,0.131219,128793600
1987-01-13,0.212674,0.212674,0.204861,0.208333,0.127500,76320000
1987-01-14,0.208333,0.209201,0.203993,0.208333,0.127500,69465600
1987-01-15,0.208333,0.224826,0.208333,0.219618,0.134406,117014400
1987-01-16,0.219618,0.219618,0.210069,0.214410,0.131219,65433600
1987-01-19,0.214410,0.222222,0.210069,0.222222,0.136000,88243200
1987-01-20,0.222222,0.230903,0.221354,0.225694,0.138125,95760000
1987-01-21,0.225694,0.241319,0.221354,0.235243,0.143969,108489600
1987-01-22,0.235243,0.259549,0.228299,0.258681,0.158313,116035200
1987-01-23,0.258681,0.269097,0.234375,0.234375,0.143437,317894400
1987-01-26,0.236111,0.241319,0.228299,0.238715,0.146093,116553600
1987-01-27,0.238715,0.251736,0.238715,0.248264,0.151937,114105600
1987-01-28,0.248264,0.252604,0.241319,0.249132,0.152469,76723200
1987-01-29,0.249132,0.251736,0.233507,0.238715,0.146093,79228800
1987-01-30,0.238715,0.254340,0.235243,0.253906,0.155390,104169600
1987-02-02,0.253906,0.258681,0.253472,0.253472,0.155125,46915200
1987-02-03,0.253472,0.256076,0.244792,0.249132,0.152469,59328000
1987-02-04,0.249132,0.250868,0.246528,0.250000,0.153000,31737600
1987-02-05,0.250000,0.251736,0.245660,0.248264,0.151937,42652800
1987-02-06,0.248264,0.249566,0.237847,0.239149,0.146359,45619200
1987-02-09,0.238715,0.238715,0.235677,0.236979,0.145031,136080000
1987-02-10,0.236979,0.237847,0.231771,0.237847,0.145562,44668800
1987-02-11,0.238715,0.249132,0.238715,0.249132,0.152469,60307200
1987-02-12,0.249132,0.267795,0.249132,0.266493,0.163094,185731200
1987-02-13,0.266493,0.269965,0.257813,0.263889,0.161500,81763200
1987-02-17,0.263889,0.266493,0.257813,0.265625,0.162562,70732800
1987-02-18,0.265625,0.269965,0.248264,0.249132,0.152469,128592000
1987-02-19,0.248264,0.248264,0.236111,0.238715,0.146093,317750400
1987-02-20,0.238715,0.238715,0.232639,0.236111,0.144500,87897600
1987-02-23,0.236111,0.254340,0.230903,0.250868,0.153531,125913600
1987-02-24,0.250868,0.263889,0.250868,0.263021,0.160969,120816000
1987-02-25,0.263021,0.267795,0.256944,0.258681,0.158313,65001600
1987-02-26,0.258681,0.276042,0.253472,0.268229,0.164156,145209600
1987-02-27,0.268229,0.269965,0.262153,0.266493,0.163094,37555200
1987-03-02,0.266493,0.266493,0.256944,0.258681,0.158313,79516800
1987-03-03,0.258681,0.261285,0.255208,0.258681,0.158313,81100800
1987-03-04,0.258681,0.277778,0.257813,0.276910,0.169469,98179200
1987-03-05,0.276910,0.296007,0.276910,0.289931,0.177438,128188800
1987-03-06,0.289931,0.291667,0.282118,0.289063,0.176906,63561600
1987-03-09,0.289063,0.289931,0.282118,0.283854,0.173718,38275200
1987-03-10,0.283854,0.296007,0.282986,0.292535,0.179031,74102400
1987-03-11,0.296875,0.298611,0.293403,0.296875,0.181687,43862400
1987-03-12,0.296875,0.300347,0.289931,0.298177,0.182484,71337600
1987-03-13,0.298177,0.300347,0.281250,0.287326,0.175843,105120000
1987-03-16,0.286458,0.286458,0.276910,0.285590,0.174781,88473600
1987-03-17,0.285590,0.296875,0.284722,0.295139,0.180625,54547200
1987-03-18,0.296875,0.313368,0.296875,0.310764,0.190187,119347200
1987-03-19,0.310764,0.316840,0.305556,0.316840,0.193906,62812800
1987-03-20,0.316840,0.316840,0.311632,0.313368,0.191781,38246400
1987-03-23,0.313368,0.317708,0.308160,0.311198,0.190453,67478400
1987-03-24,0.303819,0.315104,0.303819,0.313368,0.191781,69609600
1987-03-25,0.313368,0.315104,0.309896,0.312066,0.190984,33840000
1987-03-26,0.312066,0.312500,0.309028,0.309896,0.189656,33379200
1987-03-27,0.311632,0.325521,0.311632,0.318576,0.194968,120873600
1987-03-30,0.318576,0.335938,0.307292,0.335938,0.205594,186134400
1987-03-31,0.331597,0.343750,0.331597,0.335938,0.205594,125337600
1987-04-01,0.335938,0.342882,0.314236,0.315972,0.193375,259430400
1987-04-02,0.321181,0.336806,0.321181,0.329861,0.201875,159955200
1987-04-03,0.329861,0.348090,0.329861,0.346354,0.211968,155606400
1987-04-06,0.346354,0.347222,0.338542,0.344618,0.210906,98956800
1987-04-07,0.344618,0.344618,0.326389,0.326389,0.199750,73728000
1987-04-08,0.326389,0.339410,0.326389,0.335938,0.205594,106214400
1987-04-09,0.335938,0.335938,0.327257,0.329861,0.201875,71568000
1987-04-10,0.329861,0.332465,0.328993,0.332031,0.203203,43372800
1987-04-13,0.331597,0.331597,0.319444,0.321181,0.196563,50256000
1987-04-14,0.321181,0.331597,0.315972,0.326389,0.199750,87379200
1987-04-15,0.328993,0.336806,0.328993,0.333333,0.204000,95961600
1987-04-16,0.333333,0.348958,0.332465,0.342014,0.209312,188092800
1987-04-20,0.342014,0.345486,0.331597,0.332465,0.203468,100310400
1987-04-21,0.332465,0.340278,0.325521,0.337674,0.206656,113184000
1987-04-22,0.337674,0.342882,0.337674,0.342014,0.209312,74678400
1987-04-23,0.342014,0.345486,0.336806,0.342014,0.209312,48326400
1987-04-24,0.342014,0.345486,0.337674,0.343750,0.210375,54172800
1987-04-27,0.343750,0.346354,0.337674,0.343750,0.210375,53107200
1987-04-28,0.343750,0.369792,0.340278,0.368924,0.225781,111081600
1987-04-29,0.368924,0.378472,0.358507,0.358507,0.219406,85161600
1987-04-30,0.358507,0.368924,0.353299,0.361111,0.221000,88041600
1987-05-01,0.361111,0.365451,0.356771,0.364583,0.223125,37843200
1987-05-04,0.364583,0.374132,0.362847,0.371528,0.227375,34531200
1987-05-05,0.372396,0.401910,0.372396,0.401910,0.245969,110995200
1987-05-06,0.401910,0.405382,0.390625,0.392361,0.240125,153504000
1987-05-07,0.392361,0.411458,0.389757,0.410590,0.251281,289699200
1987-05-08,0.411458,0.445313,0.411458,0.439236,0.268812,150048000
1987-05-11,0.439236,0.439236,0.426649,0.427083,0.261374,127382400
1987-05-12,0.427083,0.431424,0.406250,0.412326,0.252343,148464000
1987-05-13,0.414931,0.424479,0.414931,0.422743,0.258718,73382400
1987-05-14,0.422743,0.434028,0.422743,0.426215,0.260843,59961600
1987-05-15,0.425347,0.425347,0.414063,0.414063,0.253406,84326400
1987-05-18,0.414063,0.414063,0.388889,0.400174,0.244906,172598400
1987-05-19,0.400174,0.400174,0.386285,0.386285,0.236406,78336000
1987-05-20,0.384549,0.384549,0.372396,0.380208,0.232687,228355200
1987-05-21,0.381076,0.391493,0.381076,0.387153,0.236937,93312000
1987-05-22,0.387153,0.388889,0.374132,0.375868,0.230031,64627200
1987-05-26,0.375868,0.381944,0.375000,0.380208,0.232687,46886400
1987-05-27,0.380208,0.388889,0.378472,0.380208,0.232687,48758400
1987-05-28,0.380208,0.404514,0.379340,0.403646,0.247031,108662400
1987-05-29,0.403646,0.410590,0.399306,0.400174,0.244906,80380800
1987-06-01,0.400174,0.400174,0.392361,0.392361,0.240125,30326400
1987-06-02,0.392361,0.398438,0.385417,0.390625,0.239062,51552000
1987-06-03,0.392361,0.398438,0.392361,0.393229,0.240656,21628800
1987-06-04,0.393229,0.393229,0.388021,0.390625,0.239062,20390400
1987-06-05,0.390625,0.392361,0.371528,0.379340,0.232156,59270400
1987-06-08,0.379340,0.381944,0.373264,0.381076,0.233218,111571200
1987-06-09,0.381076,0.381944,0.376736,0.378472,0.231625,25833600
1987-06-10,0.378472,0.380208,0.351563,0.359375,0.219937,176256000
1987-06-11,0.365451,0.367188,0.337674,0.338542,0.207187,268704000
1987-06-12,0.338542,0.352431,0.337674,0.341146,0.208781,196156800
1987-06-15,0.341146,0.346354,0.334201,0.341146,0.208781,125222400
1987-06-16,0.341146,0.352431,0.340278,0.348090,0.213031,73526400
1987-06-17,0.349826,0.361111,0.349826,0.360243,0.220468,71078400
1987-06-18,0.359375,0.364583,0.354167,0.364149,0.222859,56188800
1987-06-19,0.365451,0.368924,0.361111,0.362847,0.222062,40809600
1987-06-22,0.364583,0.364583,0.357639,0.360243,0.220468,87436800
1987-06-23,0.360243,0.360243,0.348958,0.356771,0.218344,100771200
1987-06-24,0.358507,0.368056,0.358507,0.363715,0.222593,82684800
1987-06-25,0.362847,0.364583,0.359375,0.362847,0.222062,44035200
1987-06-26,0.363715,0.365451,0.360243,0.363715,0.222593,21945600
1987-06-29,0.363715,0.363715,0.355903,0.361979,0.221531,25632000
1987-06-30,0.362847,0.363715,0.353299,0.354167,0.216750,38332800
1987-07-01,0.353299,0.358507,0.352431,0.355903,0.217812,21945600
1987-07-02,0.356771,0.356771,0.342882,0.347222,0.212500,56880000
1987-07-06,0.346354,0.350694,0.336806,0.338542,0.207187,65491200
1987-07-07,0.337674,0.337674,0.310764,0.313368,0.191781,197078400
1987-07-08,0.315972,0.328993,0.307292,0.323785,0.198156,193449600
1987-07-09,0.325521,0.340278,0.323785,0.332465,0.203468,92707200
1987-07-10,0.330729,0.338542,0.326389,0.336806,0.206125,75830400
1987-07-13,0.336806,0.345486,0.333333,0.344618,0.210906,48326400
1987-07-14,0.347222,0.365451,0.345486,0.364583,0.223125,152812800
1987-07-15,0.364583,0.367188,0.355035,0.355035,0.217281,96768000
1987-07-16,0.355903,0.357639,0.347222,0.354167,0.216750,72979200
1987-07-17,0.354167,0.361111,0.353299,0.355035,0.217281,51264000
1987-07-20,0.354167,0.354167,0.344618,0.345486,0.211437,42019200
1987-07-21,0.345486,0.350694,0.342014,0.344618,0.210906,36547200
1987-07-22,0.344618,0.348958,0.342014,0.347222,0.212500,53366400
1987-07-23,0.347222,0.347222,0.326389,0.339410,0.207719,148492800
1987-07-24,0.340278,0.345486,0.339410,0.342014,0.209312,57744000
1987-07-27,0.342014,0.346354,0.336806,0.346354,0.211968,41817600
1987-07-28,0.348090,0.353299,0.344618,0.345486,0.211437,38160000
1987-07-29,0.345486,0.346354,0.339410,0.344618,0.210906,27676800
1987-07-30,0.344618,0.344618,0.333333,0.336806,0.206125,55555200
1987-07-31,0.335069,0.335069,0.319444,0.326389,0.199750,186624000
1987-08-03,0.326389,0.328125,0.316840,0.318576,0.194968,116352000
1987-08-04,0.318576,0.325521,0.318576,0.325521,0.199219,135072000
1987-08-05,0.326389,0.342014,0.325521,0.337674,0.206656,211190400
1987-08-06,0.338542,0.352865,0.338542,0.350694,0.214624,152553600
1987-08-07,0.350694,0.362847,0.349826,0.359375,0.219937,171014400
1987-08-10,0.360243,0.361111,0.355903,0.359375,0.219937,56448000
1987-08-11,0.361111,0.362847,0.350694,0.352431,0.215687,68544000
1987-08-12,0.352431,0.353299,0.347222,0.347222,0.212500,42364800
1987-08-13,0.347222,0.362847,0.347222,0.357639,0.218875,80640000
1987-08-14,0.357639,0.360243,0.355903,0.359375,0.219937,50832000
1987-08-17,0.359375,0.361979,0.357639,0.361979,0.221531,33667200
1987-08-18,0.359375,0.361111,0.352431,0.355903,0.217812,46944000
1987-08-19,0.355903,0.356771,0.348958,0.355903,0.217812,48902400
1987-08-20,0.355903,0.367188,0.355903,0.365451,0.223656,82051200
1987-08-21,0.364583,0.375868,0.364583,0.371528,0.227375,68976000
1987-08-24,0.371528,0.389757,0.366319,0.388021,0.237468,97747200
1987-08-25,0.391493,0.405382,0.387153,0.398438,0.243844,185961600
1987-08-26,0.398438,0.409722,0.396701,0.401042,0.245437,114105600
1987-08-27,0.401042,0.403646,0.396701,0.401910,0.245969,72432000
1987-08-28,0.402778,0.421007,0.402778,0.417535,0.255531,114796800
1987-08-31,0.415799,0.417535,0.405382,0.412326,0.252343,84326400
1987-09-01,0.409722,0.412326,0.392361,0.394097,0.241187,93859200
1987-09-02,0.390625,0.400174,0.389757,0.399306,0.244375,78393600
1987-09-03,0.403646,0.408854,0.394965,0.400174,0.244906,70934400
1987-09-04,0.400174,0.401042,0.388021,0.388889,0.238000,48355200
1987-09-08,0.388021,0.388889,0.375868,0.387153,0.236937,96336000
1987-09-09,0.388889,0.395833,0.387153,0.391493,0.239593,60710400
1987-09-10,0.393229,0.401910,0.392361,0.397569,0.243312,58176000
1987-09-11,0.397569,0.404514,0.395833,0.403646,0.247031,41040000
1987-09-14,0.404514,0.416667,0.404514,0.414063,0.253406,94464000
1987-09-15,0.414931,0.414931,0.403646,0.409288,0.250484,39052800
1987-09-16,0.409722,0.416667,0.405382,0.405382,0.248094,57715200
1987-09-17,0.406250,0.407986,0.394965,0.402778,0.246500,69436800
1987-09-18,0.402778,0.402778,0.395833,0.399306,0.244375,31651200
1987-09-21,0.371528,0.397569,0.368056,0.371528,0.227375,85550400
1987-09-22,0.371528,0.401042,0.368056,0.397569,0.243312,82008000
1987-09-23,0.401042,0.419271,0.401042,0.418403,0.256062,107697600
1987-09-24,0.416667,0.439236,0.416667,0.425347,0.260312,118440000
1987-09-25,0.427083,0.451389,0.425347,0.430556,0.263500,82454400
1987-09-28,0.430556,0.453125,0.428819,0.444444,0.271999,95544000
1987-09-29,0.447917,0.453125,0.441840,0.446181,0.273062,57412800
1987-09-30,0.444444,0.462674,0.444444,0.460069,0.281562,85680000
1987-10-01,0.460069,0.477431,0.458333,0.475694,0.291124,127224000
1987-10-02,0.479167,0.505208,0.477431,0.503472,0.308124,131644800
1987-10-05,0.510417,0.548611,0.510417,0.548611,0.335750,184320000
1987-10-06,0.548611,0.550347,0.509549,0.512153,0.313437,203040000
1987-10-07,0.513889,0.522569,0.496528,0.506944,0.310249,125640000
1987-10-08,0.508681,0.515625,0.482639,0.500000,0.306000,96940800
1987-10-09,0.501736,0.522569,0.498264,0.498264,0.304937,93888000
1987-10-12,0.500000,0.506944,0.479167,0.496528,0.303875,117187200
1987-10-13,0.501736,0.513889,0.493056,0.508681,0.311312,96811200
1987-10-14,0.508681,0.519097,0.491319,0.494792,0.302812,114220800
1987-10-15,0.489583,0.505208,0.486111,0.489583,0.299624,128822400
1987-10-16,0.489583,0.517361,0.446181,0.449653,0.275187,210240000
1987-10-19,0.427083,0.440972,0.312500,0.314236,0.192312,146880000
1987-10-20,0.319444,0.361111,0.298611,0.333333,0.204000,324000000
1987-10-21,0.359375,0.420139,0.347222,0.393229,0.240656,262080000
1987-10-22,0.394097,0.402778,0.354167,0.369792,0.226312,223200000
1987-10-23,0.364583,0.368056,0.329861,0.335069,0.205062,112766400
1987-10-26,0.322917,0.333333,0.258681,0.272569,0.166812,148320000
1987-10-27,0.282986,0.298611,0.272569,0.286458,0.175312,234720000
1987-10-28,0.277778,0.295139,0.267361,0.286458,0.175312,149760000
1987-10-29,0.286458,0.338542,0.286458,0.331597,0.202937,167040000
1987-10-30,0.345486,0.362847,0.336806,0.345486,0.211437,168480000
1987-11-02,0.342014,0.354167,0.336806,0.348958,0.213562,84772800
1987-11-03,0.342014,0.347222,0.303819,0.333333,0.204000,116150400
1987-11-04,0.326389,0.352431,0.319444,0.338542,0.207187,95342400
1987-11-05,0.340278,0.355903,0.338542,0.350694,0.214624,81432000
1987-11-06,0.348958,0.350694,0.326389,0.329861,0.201875,75355200
1987-11-09,0.324653,0.329861,0.315972,0.326389,0.199750,86587200
1987-11-10,0.322917,0.336806,0.315972,0.326389,0.199750,91166400
1987-11-11,0.329861,0.342014,0.328125,0.340278,0.208250,54619200
1987-11-12,0.352431,0.361111,0.340278,0.347222,0.212500,99172800
1987-11-13,0.347222,0.348958,0.335069,0.335069,0.205062,58492800
1987-11-16,0.338542,0.345486,0.329861,0.331597,0.202937,59472000
1987-11-17,0.324653,0.329861,0.314236,0.324653,0.198687,69321600
1987-11-18,0.329861,0.333333,0.312500,0.333333,0.204000,89308800
1987-11-19,0.335069,0.336806,0.319444,0.321181,0.196563,75024000
1987-11-20,0.315972,0.331597,0.310764,0.329861,0.201875,82468800
1987-11-23,0.328125,0.338542,0.326389,0.331597,0.202937,44640000
1987-11-24,0.336806,0.340278,0.315972,0.329861,0.201875,72230400
1987-11-25,0.329861,0.331597,0.319444,0.319444,0.195500,32155200
1987-11-27,0.319444,0.321181,0.312500,0.314236,0.192312,18316800
1987-11-30,0.307292,0.312500,0.281250,0.310764,0.190187,164160000
1987-12-01,0.309028,0.317708,0.298611,0.303819,0.185937,73540800
1987-12-02,0.302083,0.310764,0.296875,0.305556,0.187000,68515200
1987-12-03,0.307292,0.310764,0.279514,0.280382,0.171594,127670400
1987-12-04,0.279514,0.294271,0.277778,0.291667,0.178500,121752000
1987-12-07,0.298611,0.303819,0.293403,0.300347,0.183812,66211200
1987-12-08,0.300347,0.329861,0.298611,0.329861,0.201875,112521600
1987-12-09,0.328125,0.335069,0.319444,0.321181,0.196563,83793600
1987-12-10,0.315972,0.343750,0.307292,0.329861,0.201875,165600000
1987-12-11,0.331597,0.336806,0.324653,0.333333,0.204000,72475200
1987-12-14,0.333333,0.354167,0.331597,0.352431,0.215687,95112000
1987-12-15,0.355903,0.360243,0.347222,0.355903,0.217812,112219200
1987-12-16,0.350694,0.380208,0.348958,0.376736,0.230562,105537600
1987-12-17,0.380208,0.380208,0.359375,0.361111,0.221000,94017600
1987-12-18,0.364583,0.373264,0.361111,0.361111,0.221000,52488000
1987-12-21,0.364583,0.371528,0.352431,0.357639,0.218875,51163200
1987-12-22,0.357639,0.368056,0.347222,0.364583,0.223125,41774400
1987-12-23,0.369792,0.373264,0.362847,0.369792,0.226312,60710400
1987-12-24,0.369792,0.373264,0.368056,0.369792,0.226312,12672000
1987-12-28,0.368056,0.369792,0.347222,0.355903,0.217812,50716800
1987-12-29,0.355903,0.381944,0.350694,0.378472,0.231625,79459200
1987-12-30,0.378472,0.388889,0.376736,0.387153,0.236937,70704000
1987-12-31,0.383681,0.387153,0.373264,0.376736,0.230562,61545600
1988-01-04,0.380208,0.392361,0.378472,0.388889,0.238000,110347200
1988-01-05,0.397569,0.402778,0.392361,0.395833,0.242250,155520000
1988-01-06,0.397569,0.414931,0.395833,0.406250,0.248625,121680000
1988-01-07,0.402778,0.421007,0.399306,0.420139,0.257125,90676800
1988-01-08,0.418403,0.428819,0.386285,0.388889,0.238000,145440000
1988-01-11,0.387153,0.402778,0.380208,0.401910,0.245969,143568000
1988-01-12,0.402778,0.406250,0.376736,0.394097,0.241187,168480000
1988-01-13,0.388889,0.406250,0.380208,0.394097,0.241187,96148800
1988-01-14,0.397569,0.402778,0.388889,0.390625,0.239062,40608000
1988-01-15,0.409722,0.411458,0.401042,0.401042,0.245437,92174400
1988-01-18,0.402778,0.402778,0.390625,0.397569,0.243312,30038400
1988-01-19,0.388889,0.404514,0.387153,0.397569,0.243312,47419200
1988-01-20,0.394097,0.397569,0.364583,0.375000,0.229500,208800000
1988-01-21,0.376736,0.390625,0.376736,0.381944,0.233750,125107200
1988-01-22,0.386285,0.389757,0.366319,0.374132,0.228969,75297600
1988-01-25,0.376736,0.390625,0.376736,0.387153,0.236937,75499200
1988-01-26,0.381944,0.388021,0.376736,0.378472,0.231625,43560000
1988-01-27,0.380208,0.390625,0.380208,0.387153,0.236937,100411200
1988-01-28,0.388889,0.394097,0.388889,0.392361,0.240125,29318400
1988-01-29,0.392361,0.395833,0.378472,0.387153,0.236937,66700800
1988-02-01,0.394097,0.395833,0.381944,0.383681,0.234812,48729600
1988-02-02,0.383681,0.388889,0.380208,0.387153,0.236937,60753600
1988-02-03,0.387153,0.387153,0.362847,0.366319,0.224187,75801600
1988-02-04,0.368056,0.369792,0.345486,0.354167,0.216750,114710400
1988-02-05,0.361111,0.371528,0.355903,0.357639,0.218875,94104000
1988-02-08,0.352431,0.364583,0.352431,0.359375,0.219937,72878400
1988-02-09,0.362847,0.368056,0.361111,0.366319,0.224187,49939200
1988-02-10,0.368056,0.375000,0.364583,0.373264,0.228437,77025600
1988-02-11,0.375000,0.380208,0.373264,0.380208,0.232687,69436800
1988-02-12,0.380208,0.390625,0.378472,0.383681,0.234812,80222400
1988-02-16,0.381944,0.401042,0.378472,0.399306,0.244375,67334400
1988-02-17,0.402778,0.407986,0.397569,0.399306,0.244375,101318400
1988-02-18,0.397569,0.409722,0.395833,0.402778,0.246500,84153600
1988-02-19,0.404514,0.407986,0.401042,0.407986,0.249687,53164800
1988-02-22,0.407986,0.409722,0.402778,0.407986,0.249687,52228800
1988-02-23,0.407986,0.416667,0.407986,0.413194,0.252874,91728000
1988-02-24,0.413194,0.421875,0.413194,0.415799,0.254469,79560000
1988-02-25,0.414931,0.420139,0.401910,0.403646,0.247031,61560000
1988-02-26,0.404514,0.407986,0.397569,0.404514,0.247562,29923200
1988-02-29,0.406250,0.413194,0.402778,0.412326,0.252343,39326400
1988-03-01,0.414931,0.416667,0.406250,0.409722,0.250750,43300800
1988-03-02,0.409722,0.421875,0.407986,0.413194,0.252874,67896000
1988-03-03,0.416667,0.427083,0.414931,0.423611,0.259250,83664000
1988-03-04,0.423611,0.425347,0.414931,0.421875,0.258187,68356800
1988-03-07,0.423611,0.435764,0.421875,0.434896,0.266156,78004800
1988-03-08,0.437500,0.449653,0.435764,0.443576,0.271468,96897600
1988-03-09,0.440972,0.447917,0.439236,0.444444,0.271999,81734400
1988-03-10,0.446181,0.451389,0.433160,0.435764,0.266687,97948800
1988-03-11,0.434028,0.437500,0.423611,0.434028,0.265625,84297600
1988-03-14,0.432292,0.442708,0.427083,0.441840,0.270406,46281600
1988-03-15,0.442708,0.442708,0.432292,0.434028,0.265625,43761600
1988-03-16,0.435764,0.449653,0.430556,0.449653,0.275187,54547200
1988-03-17,0.451389,0.454861,0.442708,0.443576,0.271468,125308800
1988-03-18,0.442708,0.444444,0.404514,0.404514,0.247562,169920000
1988-03-21,0.406250,0.407986,0.394097,0.407986,0.249687,198720000
1988-03-22,0.407986,0.421875,0.407986,0.418403,0.256062,115833600
1988-03-23,0.428819,0.433160,0.407986,0.409722,0.250750,151200000
1988-03-24,0.407986,0.407986,0.387153,0.392361,0.240125,159840000
1988-03-25,0.394097,0.400174,0.387153,0.389757,0.238531,47332800
1988-03-28,0.385417,0.395833,0.381944,0.394965,0.241718,67147200
1988-03-29,0.397569,0.404514,0.390625,0.392361,0.240125,80712000
1988-03-30,0.394097,0.395833,0.376736,0.380208,0.232687,100713600
1988-03-31,0.378472,0.392361,0.378472,0.392361,0.240125,50256000
1988-04-04,0.388889,0.392361,0.378472,0.383681,0.234812,47721600
1988-04-05,0.385417,0.388889,0.378472,0.388889,0.238000,41760000
1988-04-06,0.388889,0.404514,0.387153,0.403646,0.247031,75297600
1988-04-07,0.404514,0.407986,0.397569,0.397569,0.243312,74923200
1988-04-08,0.399306,0.406250,0.396701,0.402778,0.246500,57974400
1988-04-11,0.406250,0.406250,0.395833,0.399306,0.244375,40406400
1988-04-12,0.397569,0.401042,0.381944,0.387153,0.236937,52444800
1988-04-13,0.388889,0.395833,0.385417,0.395833,0.242250,42206400
1988-04-14,0.385417,0.392361,0.366319,0.368056,0.225250,110030400
1988-04-15,0.369792,0.381944,0.366319,0.376736,0.230562,114220800
1988-04-18,0.375000,0.383681,0.373264,0.380208,0.232687,48052800
1988-04-19,0.380208,0.395833,0.375000,0.376736,0.230562,75772800
1988-04-20,0.376736,0.381944,0.373264,0.378472,0.231625,65404800
1988-04-21,0.381944,0.385417,0.373264,0.377604,0.231093,63979200
1988-04-22,0.378472,0.387153,0.378472,0.383681,0.234812,33926400
1988-04-25,0.383681,0.387153,0.380208,0.382813,0.234281,23385600
1988-04-26,0.387153,0.392361,0.383681,0.387153,0.236937,46454400
1988-04-27,0.387153,0.388889,0.376736,0.385417,0.235875,47894400
1988-04-28,0.385417,0.387153,0.381944,0.384549,0.235344,28468800
1988-04-29,0.381944,0.381944,0.376736,0.378472,0.231625,64771200
1988-05-02,0.378472,0.383681,0.371528,0.381944,0.233750,49262400
1988-05-03,0.383681,0.395833,0.383681,0.392361,0.240125,62740800
1988-05-04,0.394097,0.401042,0.388889,0.396701,0.242781,75153600
1988-05-05,0.394097,0.397569,0.390625,0.395833,0.242250,24883200
1988-05-06,0.394097,0.402778,0.394097,0.397569,0.243312,43977600
1988-05-09,0.397569,0.404514,0.394097,0.397569,0.243312,34790400
1988-05-10,0.397569,0.400174,0.390625,0.395833,0.242250,46828800
1988-05-11,0.392361,0.392361,0.381944,0.387153,0.236937,59486400
1988-05-12,0.387153,0.392361,0.385417,0.388889,0.238000,26409600
1988-05-13,0.392361,0.395833,0.390625,0.394097,0.241187,17913600
1988-05-16,0.394097,0.408854,0.394097,0.404514,0.247562,59788800
1988-05-17,0.409722,0.411458,0.402778,0.402778,0.246500,70430400
1988-05-18,0.402778,0.405382,0.392361,0.394097,0.241187,81374400
1988-05-19,0.388889,0.397569,0.387153,0.395833,0.242250,57729600
1988-05-20,0.397569,0.401042,0.388889,0.390625,0.239062,42523200
1988-05-23,0.390625,0.392361,0.378472,0.381944,0.233750,50227200
1988-05-24,0.381944,0.394097,0.380208,0.394097,0.241187,55324800
1988-05-25,0.392361,0.395833,0.385417,0.387153,0.236937,53582400
1988-05-26,0.388889,0.395833,0.387153,0.389757,0.238531,43387200
1988-05-27,0.390625,0.390625,0.385417,0.385417,0.235875,33148800
1988-05-31,0.385417,0.404514,0.383681,0.402778,0.246500,44049600
1988-06-01,0.404514,0.416667,0.401042,0.411458,0.251812,95788800
1988-06-02,0.413194,0.416667,0.407986,0.409722,0.250750,63230400
1988-06-03,0.409722,0.414931,0.407986,0.413194,0.252874,34833600
1988-06-06,0.413194,0.423611,0.411458,0.421875,0.258187,81748800
1988-06-07,0.423611,0.430556,0.419271,0.423611,0.259250,82166400
1988-06-08,0.421875,0.434028,0.421875,0.430556,0.263500,66283200
1988-06-09,0.432292,0.436632,0.427951,0.428819,0.262437,69264000
1988-06-10,0.428819,0.435764,0.425347,0.432292,0.264562,45014400
1988-06-13,0.434028,0.437500,0.432292,0.433160,0.265094,31118400
1988-06-14,0.437500,0.440972,0.435764,0.437500,0.267750,60379200
1988-06-15,0.435764,0.444444,0.434028,0.444444,0.271999,51033600
1988-06-16,0.439236,0.442708,0.437500,0.440972,0.269875,73713600
1988-06-17,0.440972,0.446181,0.435764,0.437500,0.267750,42105600
1988-06-20,0.435764,0.437500,0.430556,0.435764,0.266687,28137600
1988-06-21,0.434028,0.444444,0.434028,0.444444,0.271999,39715200
1988-06-22,0.451389,0.468750,0.447049,0.465278,0.284750,127324800
1988-06-23,0.465278,0.467014,0.456597,0.458333,0.280499,41054400
1988-06-24,0.458333,0.460069,0.451389,0.453125,0.277312,28555200
1988-06-27,0.453125,0.453125,0.444444,0.444444,0.271999,23630400
1988-06-28,0.444444,0.458333,0.442708,0.456597,0.279437,32140800
1988-06-29,0.458333,0.461806,0.454861,0.456597,0.279437,49809600
1988-06-30,0.460069,0.465278,0.458333,0.465278,0.284750,31550400
1988-07-01,0.465278,0.472222,0.463542,0.472222,0.289000,42940800
1988-07-05,0.468750,0.484375,0.465278,0.483507,0.295906,48096000
1988-07-06,0.484375,0.489583,0.475694,0.477431,0.292187,89380800
1988-07-07,0.473958,0.479167,0.470486,0.477431,0.292187,68428800
1988-07-08,0.472222,0.477431,0.470486,0.475694,0.291124,40089600
1988-07-11,0.477431,0.477431,0.463542,0.463542,0.283687,65764800
1988-07-12,0.465278,0.467014,0.449653,0.455729,0.278906,90000000
1988-07-13,0.454861,0.463542,0.451389,0.463542,0.283687,57427200
1988-07-14,0.463542,0.465278,0.458333,0.465278,0.284750,34848000
1988-07-15,0.465278,0.467014,0.460069,0.465278,0.284750,31579200
1988-07-18,0.467014,0.470486,0.465278,0.468750,0.286875,20102400
1988-07-19,0.467014,0.468750,0.456597,0.458333,0.280499,36460800
1988-07-20,0.461806,0.461806,0.442708,0.444444,0.271999,111096000
1988-07-21,0.442708,0.444444,0.420139,0.423611,0.259250,128937600
1988-07-22,0.421875,0.434028,0.420139,0.428819,0.262437,68817600
1988-07-25,0.430556,0.434028,0.418403,0.420139,0.257125,52704000
1988-07-26,0.402778,0.409722,0.394097,0.402778,0.246500,228960000
1988-07-27,0.404514,0.409722,0.399306,0.400174,0.244906,68140800
1988-07-28,0.399306,0.406250,0.395833,0.404514,0.247562,57945600
1988-07-29,0.406250,0.416667,0.404514,0.413194,0.252874,59385600
1988-08-01,0.414931,0.416667,0.406250,0.406250,0.248625,51825600
1988-08-02,0.406250,0.407986,0.394097,0.399306,0.244375,65476800
1988-08-03,0.397569,0.399306,0.385417,0.390625,0.239062,91987200
1988-08-04,0.390625,0.392361,0.385417,0.385417,0.235875,53496000
1988-08-05,0.385417,0.385417,0.359375,0.371528,0.227375,201600000
1988-08-08,0.373264,0.373264,0.366319,0.369792,0.226312,148320000
1988-08-09,0.368056,0.369792,0.354167,0.359375,0.219937,138830400
1988-08-10,0.355903,0.359375,0.347222,0.350694,0.214624,113169600
1988-08-11,0.354167,0.361111,0.347222,0.359375,0.219937,123105600
1988-08-12,0.359375,0.362847,0.357639,0.361111,0.221000,58262400
1988-08-15,0.361111,0.362847,0.347222,0.352431,0.215687,41083200
1988-08-16,0.350694,0.366319,0.348958,0.364583,0.223125,90878400
1988-08-17,0.364583,0.374132,0.356771,0.364583,0.223125,59112000
1988-08-18,0.366319,0.369792,0.364583,0.366319,0.224187,32025600
1988-08-19,0.366319,0.368056,0.348958,0.350694,0.214624,67377600
1988-08-22,0.348958,0.350694,0.331597,0.333333,0.204000,110174400
1988-08-23,0.335069,0.345486,0.331597,0.342882,0.209844,88315200
1988-08-24,0.343750,0.358507,0.342014,0.357639,0.218875,102585600
1988-08-25,0.348958,0.357639,0.347222,0.352431,0.215687,72633600
1988-08-26,0.352431,0.359375,0.352431,0.356771,0.218344,24451200
1988-08-29,0.361111,0.364583,0.359375,0.361979,0.221531,35035200
1988-08-30,0.361111,0.362847,0.354167,0.355903,0.217812,20966400
1988-08-31,0.357639,0.359375,0.342014,0.347222,0.212500,71884800
1988-09-01,0.343750,0.345486,0.333333,0.339410,0.207719,82382400
1988-09-02,0.345486,0.359375,0.343750,0.357639,0.218875,115329600
1988-09-06,0.357639,0.364583,0.355903,0.361111,0.221000,67752000
1988-09-07,0.362847,0.366319,0.352431,0.359375,0.219937,72115200
1988-09-08,0.357639,0.369792,0.355903,0.361111,0.221000,69206400
1988-09-09,0.359375,0.380208,0.357639,0.375000,0.229500,111124800
1988-09-12,0.373264,0.381944,0.371528,0.373264,0.228437,43257600
1988-09-13,0.369792,0.376736,0.366319,0.375000,0.229500,40608000
1988-09-14,0.381076,0.383681,0.373264,0.375000,0.229500,79214400
1988-09-15,0.375000,0.376736,0.361111,0.362847,0.222062,72921600
1988-09-16,0.362847,0.364583,0.359375,0.361111,0.221000,48700800
1988-09-19,0.364583,0.364583,0.354167,0.359375,0.219937,44697600
1988-09-20,0.361111,0.369792,0.359375,0.369792,0.226312,53625600
1988-09-21,0.371528,0.375000,0.371528,0.373264,0.228437,16056000
1988-09-22,0.375000,0.381944,0.373264,0.378472,0.231625,59688000
1988-09-23,0.378472,0.378472,0.373264,0.373264,0.228437,35092800
1988-09-26,0.373264,0.375000,0.359375,0.363715,0.222593,50212800
1988-09-27,0.361111,0.362847,0.357639,0.361111,0.221000,35366400
1988-09-28,0.362847,0.368056,0.359375,0.368056,0.225250,25516800
1988-09-29,0.366319,0.371528,0.364583,0.368056,0.225250,56462400
1988-09-30,0.366319,0.368056,0.359375,0.362847,0.222062,37252800
1988-10-03,0.355903,0.359375,0.350694,0.356771,0.218344,41097600
1988-10-04,0.357639,0.361111,0.353299,0.355035,0.217281,29260800
1988-10-05,0.355903,0.355903,0.347222,0.348958,0.213562,67089600
1988-10-06,0.348958,0.352431,0.347222,0.347222,0.212500,33609600
1988-10-07,0.347222,0.348958,0.332465,0.345486,0.211437,208065600
1988-10-10,0.347222,0.347222,0.331597,0.342014,0.209312,106358400
1988-10-11,0.345486,0.350694,0.340278,0.345486,0.211437,65952000
1988-10-12,0.343750,0.359375,0.340278,0.351563,0.215156,137534400
1988-10-13,0.349826,0.362847,0.348958,0.357639,0.218875,82468800
1988-10-14,0.361111,0.362847,0.354167,0.355903,0.217812,56764800
1988-10-17,0.355903,0.364583,0.355903,0.361111,0.221000,25675200
1988-10-18,0.359375,0.366319,0.355903,0.364583,0.223125,37224000
1988-10-19,0.371528,0.373264,0.362847,0.369792,0.226312,80683200
1988-10-20,0.366319,0.375000,0.366319,0.371528,0.227375,73296000
1988-10-21,0.368056,0.371528,0.364583,0.368056,0.225250,24264000
1988-10-24,0.369792,0.369792,0.360243,0.361111,0.221000,28627200
1988-10-25,0.361111,0.362847,0.347222,0.350694,0.214624,74548800
1988-10-26,0.348958,0.350694,0.336806,0.345486,0.211437,157420800
1988-10-27,0.342014,0.343750,0.331597,0.343750,0.210375,114336000
1988-10-28,0.342014,0.345486,0.336806,0.343750,0.210375,46540800
1988-10-31,0.342014,0.342014,0.336806,0.340278,0.208250,41284800
1988-11-01,0.340278,0.345486,0.338542,0.338542,0.207187,53280000
1988-11-02,0.338542,0.338542,0.324653,0.328125,0.200812,221803200
1988-11-03,0.328125,0.331597,0.320313,0.328125,0.200812,118339200
1988-11-04,0.322917,0.331597,0.322917,0.322917,0.197625,106603200
1988-11-07,0.322917,0.326389,0.319444,0.324653,0.198687,55065600
1988-11-08,0.328125,0.340278,0.326389,0.337674,0.206656,56606400
1988-11-09,0.333333,0.347222,0.331597,0.345486,0.211437,124732800
1988-11-10,0.345486,0.350694,0.340278,0.340278,0.208250,78796800
1988-11-11,0.336806,0.340278,0.329861,0.330729,0.202406,54936000
1988-11-14,0.333333,0.338542,0.329861,0.336806,0.206125,34329600
1988-11-15,0.336806,0.336806,0.322917,0.326389,0.199750,93902400
1988-11-16,0.327257,0.328125,0.315972,0.321181,0.196563,199008000
1988-11-17,0.321181,0.324653,0.317708,0.319444,0.195500,65865600
1988-11-18,0.321181,0.324653,0.317708,0.323785,0.198156,34430400
1988-11-21,0.319444,0.321181,0.314236,0.319444,0.195500,47102400
1988-11-22,0.319444,0.322917,0.315972,0.319444,0.195500,30312000
1988-11-23,0.321181,0.326389,0.319444,0.325521,0.199219,56548800
1988-11-25,0.321181,0.322917,0.317708,0.322049,0.197094,11462400
1988-11-28,0.321181,0.329861,0.321181,0.326389,0.199750,58737600
1988-11-29,0.326389,0.329861,0.324653,0.329861,0.201875,21873600
1988-11-30,0.328125,0.331597,0.328125,0.328125,0.200812,35193600
1988-12-01,0.329861,0.343750,0.326389,0.340278,0.208250,82008000
1988-12-02,0.336806,0.348958,0.336806,0.345486,0.211437,91497600
1988-12-05,0.345486,0.350694,0.338542,0.343750,0.210375,70142400
1988-12-06,0.343750,0.345486,0.340278,0.345486,0.211437,44366400
1988-12-07,0.343750,0.347222,0.341146,0.342014,0.209312,30888000
1988-12-08,0.342014,0.343750,0.338542,0.340278,0.208250,40176000
1988-12-09,0.338542,0.342014,0.336806,0.340278,0.208250,22305600
1988-12-12,0.338542,0.340278,0.328993,0.328993,0.201344,38894400
1988-12-13,0.328125,0.331597,0.328125,0.331597,0.202937,39168000
1988-12-14,0.331597,0.338542,0.329861,0.335938,0.205594,28008000
1988-12-15,0.340278,0.342014,0.336806,0.340278,0.208250,23198400
1988-12-16,0.338542,0.348958,0.338542,0.345486,0.211437,51796800
1988-12-19,0.351563,0.357639,0.350694,0.352431,0.215687,83534400
1988-12-20,0.356771,0.364583,0.354167,0.355903,0.217812,92188800
1988-12-21,0.357639,0.364583,0.355903,0.362847,0.222062,46440000
1988-12-22,0.364583,0.368056,0.359375,0.361111,0.221000,74592000
1988-12-23,0.359375,0.361111,0.357639,0.361111,0.221000,17121600
1988-12-27,0.361111,0.364583,0.359375,0.359375,0.219937,30772800
1988-12-28,0.361111,0.362847,0.359375,0.362847,0.222062,21268800
1988-12-29,0.361111,0.371528,0.361111,0.369792,0.226312,38275200
1988-12-30,0.371528,0.376736,0.369792,0.369792,0.226312,63820800
1989-01-03,0.371528,0.373264,0.366319,0.372396,0.227906,51825600
1989-01-04,0.371528,0.381076,0.371528,0.376736,0.230562,53899200
1989-01-05,0.380208,0.380208,0.369792,0.370660,0.226844,47246400
1989-01-06,0.371528,0.373264,0.368056,0.368056,0.225250,59054400
1989-01-09,0.368056,0.369792,0.361979,0.364583,0.223125,46008000
1989-01-10,0.362847,0.364583,0.359375,0.361111,0.221000,54129600
1989-01-11,0.360243,0.364583,0.357639,0.364583,0.223125,48297600
1989-01-12,0.362847,0.373264,0.362847,0.364583,0.223125,54590400
1989-01-13,0.364583,0.369792,0.364583,0.368056,0.225250,35568000
1989-01-16,0.369792,0.375868,0.366319,0.368924,0.225781,27532800
1989-01-17,0.365451,0.367188,0.355903,0.357639,0.218875,41745600
1989-01-18,0.359375,0.359375,0.348958,0.357639,0.218875,63633600
1989-01-19,0.362847,0.373264,0.362847,0.371528,0.227375,84297600
1989-01-20,0.371528,0.377604,0.369792,0.375868,0.230031,61027200
1989-01-23,0.375000,0.375000,0.367188,0.368056,0.225250,52228800
1989-01-24,0.368056,0.371528,0.364583,0.366319,0.224187,56217600
1989-01-25,0.368056,0.369792,0.364583,0.368056,0.225250,49046400
1989-01-26,0.365451,0.378472,0.364583,0.376736,0.230562,87134400
1989-01-27,0.375868,0.392361,0.373264,0.384549,0.235344,166420800
1989-01-30,0.385417,0.407986,0.383681,0.406250,0.248625,110088000
1989-01-31,0.409722,0.418403,0.406250,0.414063,0.253406,125092800
1989-02-01,0.413194,0.414931,0.409722,0.411458,0.251812,131212800
1989-02-02,0.413194,0.437500,0.411458,0.422743,0.258718,180028800
1989-02-03,0.420139,0.434028,0.416667,0.423611,0.259250,91324800
1989-02-06,0.421875,0.423611,0.414931,0.420139,0.257125,87580800
1989-02-07,0.421007,0.434028,0.420139,0.431424,0.264031,127094400
1989-02-08,0.430556,0.444444,0.427083,0.434028,0.265625,133315200
1989-02-09,0.430556,0.449653,0.428819,0.442708,0.270937,199036800
1989-02-10,0.437500,0.440972,0.427951,0.429688,0.262969,129038400
1989-02-13,0.427083,0.430556,0.423611,0.425347,0.260312,94075200
1989-02-14,0.429688,0.432292,0.416667,0.418403,0.256062,62956800
1989-02-15,0.420139,0.432292,0.418403,0.432292,0.264562,81936000
1989-02-16,0.434028,0.440972,0.425347,0.435764,0.266687,61387200
1989-02-17,0.437500,0.439236,0.432292,0.434028,0.265625,29692800
1989-02-21,0.432292,0.435764,0.427083,0.428819,0.262437,33753600
1989-02-22,0.427083,0.428819,0.416667,0.416667,0.255000,95515200
1989-02-23,0.418403,0.421875,0.411458,0.419271,0.256594,75945600
1989-02-24,0.418403,0.421875,0.407986,0.407986,0.249687,76017600
1989-02-27,0.407986,0.418403,0.406250,0.414931,0.253937,68788800
1989-02-28,0.416667,0.418403,0.409722,0.413194,0.252874,43444800
1989-03-01,0.416667,0.418403,0.411458,0.411458,0.251812,59889600
1989-03-02,0.411458,0.423611,0.411458,0.421875,0.258187,92304000
1989-03-03,0.421875,0.430556,0.420139,0.428819,0.262437,68947200
1989-03-06,0.428819,0.432292,0.423611,0.430556,0.263500,56635200
1989-03-07,0.414931,0.416667,0.369792,0.371528,0.227375,788688000
1989-03-08,0.373264,0.378472,0.363715,0.364583,0.223125,253612800
1989-03-09,0.366319,0.366319,0.357639,0.359375,0.219937,123307200
1989-03-10,0.357639,0.364583,0.354167,0.359375,0.219937,66902400
1989-03-13,0.361111,0.366319,0.359375,0.366319,0.224187,60206400
1989-03-14,0.369792,0.369792,0.362847,0.366319,0.224187,63720000
1989-03-15,0.366319,0.366319,0.348958,0.348958,0.213562,104889600
1989-03-16,0.352431,0.357639,0.350694,0.355903,0.217812,102888000
1989-03-17,0.348958,0.350694,0.319444,0.322917,0.197625,245577600
1989-03-20,0.322049,0.322917,0.317708,0.322917,0.197625,238996800
1989-03-21,0.324653,0.347222,0.321181,0.346354,0.211968,224467200
1989-03-22,0.343750,0.345486,0.336806,0.340278,0.208250,167025600
1989-03-23,0.338542,0.348958,0.338542,0.348958,0.213562,87811200
1989-03-27,0.347222,0.351563,0.343750,0.345486,0.211437,75542400
1989-03-28,0.348958,0.350694,0.342014,0.345486,0.211437,70804800
1989-03-29,0.345486,0.345486,0.342014,0.343750,0.210375,30009600
1989-03-30,0.345486,0.347222,0.341146,0.346354,0.211968,46742400
1989-03-31,0.347222,0.348958,0.343750,0.346354,0.211968,29736000
1989-04-03,0.347222,0.352431,0.344618,0.348958,0.213562,35049600
1989-04-04,0.348958,0.348958,0.343750,0.347222,0.212500,25027200
1989-04-05,0.347222,0.350694,0.345486,0.349826,0.214093,19641600
1989-04-06,0.350694,0.357639,0.348958,0.355903,0.217812,51681600
1989-04-07,0.355903,0.359375,0.354167,0.355903,0.217812,29448000
1989-04-10,0.355903,0.362847,0.355903,0.356771,0.218344,28670400
1989-04-11,0.357639,0.361111,0.349826,0.356771,0.218344,28728000
1989-04-12,0.359375,0.359375,0.330729,0.334201,0.204531,71020800
1989-04-13,0.331597,0.349826,0.329861,0.338542,0.207187,92880000
1989-04-14,0.342014,0.355903,0.342014,0.352431,0.215687,62625600
1989-04-17,0.355903,0.363715,0.352431,0.357639,0.218875,51638400
1989-04-18,0.364583,0.369792,0.361111,0.369792,0.226312,69336000
1989-04-19,0.381944,0.387153,0.378472,0.381076,0.233218,168969600
1989-04-20,0.381944,0.392361,0.378472,0.388889,0.238000,138801600
1989-04-21,0.388889,0.388889,0.381944,0.383681,0.234812,58190400
1989-04-24,0.381944,0.385417,0.378472,0.382813,0.234281,29332800
1989-04-25,0.385417,0.387153,0.378472,0.380208,0.232687,24897600
1989-04-26,0.381944,0.381944,0.372396,0.375000,0.229500,44510400
1989-04-27,0.375000,0.381076,0.375000,0.380208,0.232687,34588800
1989-04-28,0.380208,0.390625,0.373264,0.388021,0.237468,69782400
1989-05-01,0.384549,0.388889,0.376736,0.379340,0.232156,33739200
1989-05-02,0.380208,0.381944,0.371528,0.375000,0.229500,34372800
1989-05-03,0.375000,0.380208,0.375000,0.375000,0.229500,28857600
1989-05-04,0.376736,0.376736,0.362847,0.364583,0.223125,37425600
1989-05-05,0.369792,0.369792,0.359375,0.361111,0.221000,35827200
1989-05-08,0.361111,0.362847,0.354167,0.357639,0.218875,49003200
1989-05-09,0.359375,0.371528,0.357639,0.368056,0.225250,54590400
1989-05-10,0.371528,0.380208,0.369792,0.375000,0.229500,58752000
1989-05-11,0.376736,0.376736,0.371528,0.375000,0.229500,34401600
1989-05-12,0.379340,0.381944,0.371528,0.376736,0.230562,71092800
1989-05-15,0.375868,0.381944,0.375000,0.380208,0.232687,74736000
1989-05-16,0.380208,0.392361,0.378472,0.390625,0.239062,83433600
1989-05-17,0.391493,0.402778,0.391493,0.398438,0.243844,89812800
1989-05-18,0.397569,0.407118,0.397569,0.404514,0.247562,52574400
1989-05-19,0.403646,0.413194,0.403646,0.404514,0.247562,62568000
1989-05-22,0.404514,0.413194,0.401042,0.411458,0.251812,74275200
1989-05-23,0.404514,0.409722,0.390625,0.393229,0.240656,97545600
1989-05-24,0.389757,0.399306,0.387153,0.399306,0.244375,69364800
1989-05-25,0.399306,0.406250,0.395833,0.399306,0.244375,33840000
1989-05-26,0.402778,0.409722,0.401042,0.408854,0.250218,37886400
1989-05-30,0.409722,0.414063,0.406250,0.409722,0.250750,63907200
1989-05-31,0.409722,0.423611,0.409722,0.420139,0.257125,80971200
1989-06-01,0.418403,0.421875,0.414931,0.416667,0.255000,62798400
1989-06-02,0.417535,0.418403,0.404514,0.404514,0.247562,54043200
1989-06-05,0.406250,0.406250,0.392361,0.394097,0.241187,61416000
1989-06-06,0.394097,0.407118,0.392361,0.406250,0.248625,53899200
1989-06-07,0.407986,0.416667,0.407986,0.414931,0.253937,44928000
1989-06-08,0.414931,0.418403,0.413194,0.414931,0.253937,29217600
1989-06-09,0.414931,0.417535,0.411458,0.414931,0.253937,36144000
1989-06-12,0.414931,0.418403,0.407118,0.409722,0.250750,51681600
1989-06-13,0.405382,0.406250,0.397569,0.397569,0.243312,40564800
1989-06-14,0.401042,0.402778,0.392361,0.401042,0.245437,47304000
1989-06-15,0.401042,0.401042,0.390625,0.394097,0.241187,52113600
1989-06-16,0.393229,0.395833,0.390625,0.394097,0.241187,47361600
1989-06-19,0.395833,0.395833,0.385417,0.392361,0.240125,27158400
1989-06-20,0.392361,0.394097,0.378472,0.378472,0.231625,45806400
1989-06-21,0.369792,0.388889,0.369792,0.381944,0.233750,80496000
1989-06-22,0.383681,0.385417,0.381944,0.385417,0.235875,36072000
1989-06-23,0.385417,0.388889,0.383681,0.384549,0.235344,33537600
1989-06-26,0.383681,0.385417,0.376736,0.380208,0.232687,30240000
1989-06-27,0.380208,0.383681,0.373264,0.374132,0.228969,35899200
1989-06-28,0.375000,0.375000,0.361111,0.366319,0.224187,57456000
1989-06-29,0.367188,0.367188,0.355903,0.361111,0.221000,77198400
1989-06-30,0.361111,0.371528,0.355903,0.368056,0.225250,67248000
1989-07-03,0.368924,0.376736,0.368924,0.375000,0.229500,14688000
1989-07-05,0.378472,0.385417,0.375000,0.383681,0.234812,26539200
1989-07-06,0.387153,0.388889,0.363715,0.366319,0.224187,94780800
1989-07-07,0.366319,0.376736,0.365451,0.371528,0.227375,41457600
1989-07-10,0.373264,0.381944,0.371528,0.381076,0.233218,27259200
1989-07-11,0.381076,0.385417,0.369792,0.371528,0.227375,43488000
1989-07-12,0.368056,0.371528,0.361111,0.369792,0.226312,52156800
1989-07-13,0.368924,0.373264,0.364583,0.368056,0.225250,33408000
1989-07-14,0.369792,0.371528,0.359375,0.366319,0.224187,42768000
1989-07-17,0.366319,0.371528,0.364583,0.369792,0.226312,31291200
1989-07-18,0.369792,0.376736,0.369792,0.371528,0.227375,42984000
1989-07-19,0.375000,0.378472,0.369792,0.375868,0.230031,29764800
1989-07-20,0.376736,0.383681,0.371528,0.371528,0.227375,44524800
1989-07-21,0.368056,0.392361,0.366319,0.383681,0.234812,99763200
1989-07-24,0.380208,0.387153,0.376736,0.383681,0.234812,38361600
1989-07-25,0.381944,0.395833,0.357639,0.361111,0.221000,326030400
1989-07-26,0.366319,0.369792,0.361111,0.366319,0.224187,123638400
1989-07-27,0.372396,0.375000,0.369792,0.373264,0.228437,45561600
1989-07-28,0.375000,0.378472,0.369792,0.376736,0.230562,29217600
1989-07-31,0.375000,0.381944,0.373264,0.380208,0.232687,33336000
1989-08-01,0.380208,0.383681,0.375000,0.376736,0.230562,62136000
1989-08-02,0.375000,0.380208,0.375000,0.376736,0.230562,28368000
1989-08-03,0.377604,0.383681,0.376736,0.381944,0.233750,27590400
1989-08-04,0.380208,0.399306,0.378472,0.395833,0.242250,178128000
1989-08-07,0.401042,0.402778,0.395833,0.401042,0.245437,93571200
1989-08-08,0.399306,0.411458,0.399306,0.409722,0.250750,110548800
1989-08-09,0.408854,0.416667,0.407986,0.407986,0.249687,113774400
1989-08-10,0.409722,0.409722,0.404514,0.406250,0.248625,48340800
1989-08-11,0.409722,0.413194,0.401042,0.401042,0.245437,61473600
1989-08-14,0.401042,0.401042,0.395833,0.395833,0.242250,68990400
1989-08-15,0.395833,0.402778,0.393229,0.399306,0.244375,17856000
1989-08-16,0.401042,0.402778,0.385417,0.388021,0.237468,46670400
1989-08-17,0.387153,0.394097,0.383681,0.392361,0.240125,39960000
1989-08-18,0.392361,0.401042,0.392361,0.399306,0.244375,24912000
1989-08-21,0.399306,0.401910,0.388889,0.389757,0.238531,32097600
1989-08-22,0.388889,0.407986,0.388889,0.405382,0.248094,64771200
1989-08-23,0.407118,0.414063,0.402778,0.411458,0.251812,46094400
1989-08-24,0.415799,0.420139,0.404514,0.409722,0.250750,92764800
1989-08-25,0.407986,0.411458,0.401042,0.408854,0.250218,85147200
1989-08-28,0.407986,0.413194,0.404514,0.410590,0.251281,28540800
1989-08-29,0.415799,0.416667,0.405382,0.406250,0.248625,54417600
1989-08-30,0.407986,0.414063,0.406250,0.411458,0.251812,40377600
1989-08-31,0.413194,0.414931,0.407986,0.407986,0.249687,14198400
1989-09-01,0.409722,0.418403,0.407986,0.415799,0.254469,44409600
1989-09-05,0.414931,0.423611,0.414063,0.416667,0.255000,93340800
1989-09-06,0.414931,0.416667,0.407986,0.411458,0.251812,42379200
1989-09-07,0.409722,0.411458,0.402778,0.404514,0.247562,41904000
1989-09-08,0.402778,0.413194,0.401042,0.409722,0.250750,39787200
1989-09-11,0.407986,0.413194,0.406250,0.412326,0.252343,27907200
1989-09-12,0.413194,0.423611,0.411458,0.418403,0.256062,67795200
1989-09-13,0.423611,0.440972,0.420139,0.432292,0.264562,181022400
1989-09-14,0.435764,0.447917,0.432292,0.442708,0.270937,78163200
1989-09-15,0.444444,0.447917,0.434028,0.435764,0.266687,89150400
1989-09-18,0.434028,0.440972,0.434028,0.440972,0.269875,39110400
1989-09-19,0.442708,0.444444,0.434028,0.434028,0.265625,49204800
1989-09-20,0.435764,0.451389,0.432292,0.451389,0.276250,72129600
1989-09-21,0.456597,0.463542,0.447917,0.454861,0.278375,89352000
1989-09-22,0.454861,0.458333,0.449653,0.458333,0.280499,43948800
1989-09-25,0.458333,0.472222,0.454861,0.465278,0.284750,69940800
1989-09-26,0.465278,0.468750,0.461806,0.467014,0.285812,39988800
1989-09-27,0.460069,0.467882,0.456597,0.462674,0.283156,69235200
1989-09-28,0.461806,0.472222,0.461806,0.472222,0.289000,41428800
1989-09-29,0.472222,0.482639,0.470486,0.475694,0.291124,64324800
1989-10-02,0.473958,0.486111,0.472222,0.483507,0.295906,50428800
1989-10-03,0.489583,0.489583,0.478299,0.479167,0.293250,68918400
1989-10-04,0.479167,0.526042,0.475694,0.524306,0.320875,260020800
1989-10-05,0.524306,0.571181,0.522569,0.550347,0.336812,284760000
1989-10-06,0.552951,0.559028,0.543403,0.553819,0.338937,87609600
1989-10-09,0.552083,0.569444,0.548611,0.567708,0.347437,58536000
1989-10-10,0.572917,0.576389,0.560764,0.564236,0.345312,68299200
1989-10-11,0.557292,0.559028,0.548611,0.555556,0.340000,106401600
1989-10-12,0.555556,0.559028,0.543403,0.545139,0.333625,58881600
1989-10-13,0.539931,0.541667,0.506944,0.510417,0.312375,102643200
1989-10-16,0.491319,0.529514,0.479167,0.526042,0.321937,253065600
1989-10-17,0.522569,0.565972,0.515625,0.546007,0.334156,177206400
1989-10-18,0.547743,0.560764,0.545139,0.559028,0.342125,134784000
1989-10-19,0.562500,0.597222,0.557292,0.585069,0.358062,179424000
1989-10-20,0.583333,0.593750,0.572917,0.592014,0.362312,93542400
1989-10-23,0.588542,0.595486,0.572917,0.577257,0.353281,60912000
1989-10-24,0.572917,0.572917,0.546875,0.561632,0.343718,157089600
1989-10-25,0.565972,0.574653,0.550347,0.553819,0.338937,71481600
1989-10-26,0.546875,0.557292,0.538194,0.539931,0.330437,135460800
1989-10-27,0.539931,0.541667,0.529514,0.534722,0.327250,97041600
1989-10-30,0.541667,0.553819,0.540799,0.552951,0.338405,45921600
1989-10-31,0.557292,0.569444,0.555556,0.567708,0.347437,56563200
1989-11-01,0.567708,0.576389,0.567708,0.570313,0.349031,74649600
1989-11-02,0.561632,0.561632,0.527778,0.529514,0.324062,226051200
1989-11-03,0.531250,0.546875,0.529514,0.543403,0.332562,98755200
1989-11-06,0.543403,0.553819,0.531250,0.536458,0.328312,88027200
1989-11-07,0.538194,0.572049,0.536458,0.562500,0.344249,131544000
1989-11-08,0.570313,0.586806,0.569444,0.578125,0.353812,106488000
1989-11-09,0.583333,0.586806,0.572917,0.581597,0.355937,111528000
1989-11-10,0.583333,0.590278,0.581597,0.586806,0.359125,59169600
1989-11-13,0.586806,0.612847,0.581597,0.611979,0.374531,178905600
1989-11-14,0.616319,0.619792,0.597222,0.600694,0.367624,95241600
1989-11-15,0.602431,0.619792,0.598958,0.614583,0.376124,94492800
1989-11-16,0.618056,0.619792,0.598958,0.607639,0.371875,68054400
1989-11-17,0.608507,0.612847,0.602431,0.603299,0.369218,31651200
1989-11-20,0.602431,0.602431,0.586806,0.600694,0.367624,56937600
1989-11-21,0.600694,0.614583,0.600694,0.611979,0.374531,67118400
1989-11-22,0.612847,0.614583,0.607639,0.612847,0.375062,38232000
1989-11-24,0.617188,0.618056,0.607639,0.608507,0.372406,17971200
1989-11-27,0.607639,0.609375,0.595486,0.602431,0.368687,37281600
1989-11-28,0.604167,0.612847,0.598958,0.604167,0.369750,56664000
1989-11-29,0.607639,0.611111,0.585069,0.593750,0.363375,85896000
1989-11-30,0.583333,0.605903,0.581597,0.604167,0.369750,111211200
1989-12-01,0.605035,0.609375,0.589410,0.590278,0.361250,52070400
1989-12-04,0.590278,0.605903,0.585938,0.598958,0.366562,40536000
1989-12-05,0.602431,0.605903,0.597222,0.602431,0.368687,44049600
1989-12-06,0.600694,0.604167,0.586806,0.592014,0.362312,57384000
1989-12-07,0.583333,0.598958,0.583333,0.593750,0.363375,40348800
1989-12-08,0.593750,0.597222,0.576389,0.588542,0.360187,107625600
1989-12-11,0.588542,0.588542,0.569444,0.576389,0.352750,103377600
1989-12-12,0.581597,0.581597,0.559028,0.572917,0.350625,93628800
1989-12-13,0.560764,0.572917,0.550347,0.555556,0.340000,95788800
1989-12-14,0.548611,0.553819,0.541667,0.541667,0.331500,61516800
1989-12-15,0.543403,0.545139,0.520833,0.534722,0.327250,107164800
1989-12-18,0.536458,0.548611,0.534722,0.543403,0.332562,78436800
1989-12-19,0.543403,0.559028,0.539931,0.558160,0.341593,70473600
1989-12-20,0.564236,0.576389,0.560764,0.574653,0.351687,111009600
1989-12-21,0.574653,0.579861,0.564236,0.579861,0.354875,55022400
1989-12-22,0.579861,0.598958,0.574653,0.595486,0.364437,54892800
1989-12-26,0.596354,0.599826,0.588542,0.593750,0.363375,23817600
1989-12-27,0.597222,0.604167,0.592014,0.598958,0.366562,62798400
1989-12-28,0.579861,0.595486,0.576389,0.592014,0.362312,123091200
1989-12-29,0.593750,0.612847,0.592014,0.604167,0.369750,77630400
1990-01-02,0.605903,0.616319,0.598090,0.616319,0.377187,53035200
1990-01-03,0.621528,0.626736,0.614583,0.619792,0.379312,113774400
1990-01-04,0.619792,0.638889,0.616319,0.638021,0.390468,125740800
1990-01-05,0.635417,0.638889,0.621528,0.622396,0.380906,69566400
1990-01-08,0.621528,0.631944,0.614583,0.631944,0.386749,58982400
1990-01-09,0.631944,0.638889,0.626736,0.630208,0.385687,70300800
1990-01-10,0.625000,0.633681,0.611979,0.612847,0.375062,103766400
1990-01-11,0.616319,0.621528,0.590278,0.600694,0.367624,95774400
1990-01-12,0.591146,0.605903,0.583333,0.598090,0.366031,148910400
1990-01-15,0.595486,0.604167,0.592014,0.598090,0.366031,62467200
1990-01-16,0.593750,0.619792,0.586806,0.616319,0.377187,80092800
1990-01-17,0.611111,0.628472,0.604167,0.607639,0.371875,97588800
1990-01-18,0.622396,0.659722,0.621528,0.659722,0.403749,292363200
1990-01-19,0.661458,0.666667,0.649306,0.653646,0.400031,99259200
1990-01-22,0.652778,0.652778,0.628472,0.630208,0.385687,167688000
1990-01-23,0.631944,0.633681,0.619792,0.623264,0.381437,139348800
1990-01-24,0.611111,0.630208,0.605035,0.630208,0.385687,180345600
1990-01-25,0.635417,0.642361,0.628472,0.630208,0.385687,112752000
1990-01-26,0.628472,0.633681,0.625000,0.630208,0.385687,68083200
1990-01-29,0.635417,0.640625,0.626736,0.635417,0.388875,55080000
1990-01-30,0.637153,0.642361,0.625000,0.633681,0.387812,73108800
1990-01-31,0.638889,0.642361,0.633681,0.642361,0.393125,112939200
1990-02-01,0.642361,0.654514,0.642361,0.651042,0.398437,89193600
1990-02-02,0.645833,0.663194,0.645833,0.651042,0.398437,71395200
1990-02-05,0.650174,0.654514,0.647569,0.654514,0.400562,59731200
1990-02-06,0.652778,0.654514,0.640625,0.652778,0.399500,81964800
1990-02-07,0.649306,0.657986,0.645833,0.647569,0.396312,134150400
1990-02-08,0.650174,0.659722,0.647569,0.654514,0.400562,95227200
1990-02-09,0.654514,0.657986,0.652778,0.656250,0.401625,62380800
1990-02-12,0.656250,0.663194,0.652778,0.657986,0.402687,56088000
1990-02-13,0.659722,0.661458,0.656250,0.657986,0.402687,58752000
1990-02-14,0.661458,0.661458,0.656250,0.659722,0.403749,35870400
1990-02-15,0.659722,0.680556,0.659722,0.673611,0.412250,89496000
1990-02-16,0.682292,0.685764,0.678819,0.680556,0.416500,70876800
1990-02-20,0.678819,0.697917,0.673611,0.696181,0.426062,132652800
1990-02-21,0.685764,0.694444,0.664931,0.667535,0.408531,103348800
1990-02-22,0.671875,0.682292,0.668403,0.669271,0.409593,60811200
1990-02-23,0.664931,0.678819,0.663194,0.677083,0.414374,56851200
1990-02-26,0.677083,0.694444,0.675347,0.689236,0.421812,69220800
1990-02-27,0.690972,0.690972,0.680556,0.680556,0.416500,62020800
1990-02-28,0.680556,0.692708,0.680556,0.685764,0.419687,39312000
1990-03-01,0.684028,0.706597,0.684028,0.694444,0.424999,76867200
1990-03-02,0.696181,0.724826,0.695313,0.720486,0.440937,100209600
1990-03-05,0.718750,0.734375,0.710069,0.730903,0.447312,75528000
1990-03-06,0.727431,0.729167,0.711806,0.725694,0.444124,68630400
1990-03-07,0.727431,0.732639,0.713542,0.713542,0.436687,47606400
1990-03-08,0.715278,0.744792,0.706597,0.737847,0.451562,88977600
1990-03-09,0.736111,0.750000,0.730903,0.739583,0.452624,75744000
1990-03-12,0.737847,0.755208,0.736111,0.751736,0.460062,68875200
1990-03-13,0.753472,0.756944,0.737847,0.737847,0.451562,85204800
1990-03-14,0.744792,0.755208,0.736111,0.749132,0.458468,130968000
1990-03-15,0.749132,0.776042,0.748264,0.770833,0.471749,81676800
1990-03-16,0.777778,0.800347,0.776042,0.791667,0.484500,118900800
1990-03-19,0.789931,0.812500,0.784722,0.809028,0.495125,81172800
1990-03-20,0.809028,0.810764,0.781250,0.784722,0.480249,92145600
1990-03-21,0.783854,0.802083,0.779514,0.786458,0.481312,69840000
1990-03-22,0.788194,0.789931,0.765625,0.772569,0.472812,92419200
1990-03-23,0.777778,0.786458,0.756944,0.765625,0.468562,53596800
1990-03-26,0.767361,0.781250,0.766493,0.774306,0.473875,55929600
1990-03-27,0.771701,0.784722,0.769097,0.781250,0.478125,52516800
1990-03-28,0.779514,0.779514,0.753472,0.770833,0.471749,99532800
1990-03-29,0.766493,0.782986,0.763889,0.767361,0.469624,64785600
1990-03-30,0.763889,0.770833,0.758681,0.769097,0.470687,36691200
1990-04-02,0.762153,0.780382,0.758681,0.774306,0.473875,74059200
1990-04-03,0.782986,0.807292,0.781250,0.805556,0.493000,84643200
1990-04-04,0.805556,0.824653,0.802083,0.812500,0.497249,79646400
1990-04-05,0.811632,0.813368,0.795139,0.795139,0.486625,66369600
1990-04-06,0.796875,0.800347,0.786458,0.793403,0.485562,72878400
1990-04-09,0.789931,0.800347,0.789931,0.795139,0.486625,31176000
1990-04-10,0.796007,0.819444,0.795139,0.819444,0.501499,45187200
1990-04-11,0.822917,0.840278,0.821181,0.840278,0.514249,70372800
1990-04-12,0.845486,0.847222,0.833333,0.838542,0.513187,48254400
1990-04-16,0.847222,0.857639,0.835069,0.843750,0.516374,39470400
1990-04-17,0.842014,0.875000,0.829861,0.861111,0.527000,66780000
1990-04-18,0.855903,0.857639,0.815972,0.842014,0.515312,97797600
1990-04-19,0.833333,0.850694,0.822917,0.826389,0.505750,58003200
1990-04-20,0.833333,0.840278,0.815972,0.822917,0.503625,44661600
1990-04-23,0.817708,0.826389,0.795139,0.819444,0.501499,64879200
1990-04-24,0.829861,0.829861,0.784722,0.805556,0.493000,47916000
1990-04-25,0.809028,0.815972,0.791667,0.805556,0.493000,53870400
1990-04-26,0.812500,0.815972,0.795139,0.796875,0.487687,46296000
1990-04-27,0.793403,0.795139,0.772569,0.781250,0.478125,57124800
1990-04-30,0.781250,0.805556,0.774306,0.805556,0.493000,51451200
1990-05-01,0.815972,0.815972,0.788194,0.793403,0.485562,52473600
1990-05-02,0.795139,0.812500,0.795139,0.809028,0.495125,33264000
1990-05-03,0.812500,0.829861,0.809028,0.819444,0.501499,45892800
1990-05-04,0.826389,0.857639,0.819444,0.857639,0.524875,47815200
1990-05-07,0.861111,0.916667,0.854167,0.888889,0.543999,97351200
1990-05-08,0.871528,0.881944,0.864583,0.871528,0.533374,50824800
1990-05-09,0.873264,0.878472,0.861111,0.871528,0.533374,35164800
1990-05-10,0.878472,0.902778,0.871528,0.895833,0.548249,48801600
1990-05-11,0.902778,0.916667,0.878472,0.909722,0.556749,49168800
1990-05-14,0.920139,0.923611,0.909722,0.913194,0.558874,47232000
1990-05-15,0.909722,0.913194,0.892361,0.899306,0.550374,54122400
1990-05-16,0.895833,0.899306,0.881944,0.899306,0.550374,38556000
1990-05-17,0.899306,0.906250,0.892361,0.899306,0.550374,41731200
1990-05-18,0.897569,0.961806,0.895833,0.947917,0.580125,101822400
1990-05-21,0.954861,1.003472,0.954861,0.975694,0.597124,159595200
1990-05-22,0.986111,1.003472,0.958333,0.993056,0.607749,142437600
1990-05-23,1.000000,1.055556,0.998264,1.053819,0.644936,141184800
1990-05-24,1.065972,1.093750,1.055556,1.062500,0.650249,146649600
1990-05-25,1.031250,1.059028,1.027778,1.031250,0.631124,104688000
1990-05-29,1.031250,1.048611,1.027778,1.045139,0.639624,61480800
1990-05-30,1.057292,1.062500,1.038194,1.048611,0.641749,65073600
1990-05-31,1.038194,1.048611,1.006944,1.013889,0.620499,69436800
1990-06-01,1.017361,1.045139,1.013889,1.043403,0.638562,69069600
1990-06-04,1.039931,1.072917,1.027778,1.062500,0.650249,59162400
1990-06-05,1.072917,1.076389,1.010417,1.019097,0.623686,80258400
1990-06-06,1.017361,1.034722,1.006944,1.013889,0.620499,86292000
1990-06-07,1.017361,1.024306,0.986111,1.000000,0.611999,90122400
1990-06-08,1.000000,1.024306,0.993056,1.020833,0.624749,63770400
1990-06-11,1.013889,1.048611,1.013889,1.039931,0.636437,58240800
1990-06-12,1.048611,1.055556,1.034722,1.053819,0.644936,46656000
1990-06-13,1.053819,1.079861,1.043403,1.062500,0.650249,80265600
1990-06-14,1.062500,1.065972,1.031250,1.048611,0.641749,58204800
1990-06-15,1.034722,1.069444,1.034722,1.055556,0.645999,51552000
1990-06-18,1.052083,1.059028,1.034722,1.039931,0.636437,52790400
1990-06-19,1.038194,1.048611,1.024306,1.041667,0.637500,41716800
1990-06-20,1.046875,1.079861,1.041667,1.078125,0.659812,39564000
1990-06-21,1.076389,1.079861,1.055556,1.069444,0.654499,34308000
1990-06-22,1.072917,1.079861,1.048611,1.052083,0.643874,34034400
1990-06-25,1.050347,1.062500,1.031250,1.034722,0.633249,68983200
1990-06-26,1.045139,1.050347,1.034722,1.038194,0.635374,50198400
1990-06-27,1.038194,1.062500,1.034722,1.059028,0.648124,35762400
1990-06-28,1.064236,1.072917,1.057292,1.062500,0.650249,30052800
1990-06-29,1.062500,1.062500,1.045139,1.055556,0.645999,34956000
1990-07-02,1.055556,1.055556,1.022569,1.024306,0.626875,35474400
1990-07-03,1.019097,1.020833,0.993056,1.000000,0.611999,79257600
1990-07-05,0.993056,1.006944,0.982639,1.003472,0.614124,61855200
1990-07-06,1.001736,1.027778,0.996528,1.017361,0.622624,41803200
1990-07-09,1.020833,1.038194,1.017361,1.031250,0.631124,37317600
1990-07-10,1.031250,1.041667,1.020833,1.024306,0.626875,29700000
1990-07-11,1.027778,1.052083,1.017361,1.048611,0.641749,28922400
1990-07-12,1.045139,1.079861,1.045139,1.076389,0.658749,89042400
1990-07-13,1.079861,1.118056,1.076389,1.088542,0.666187,93628800
1990-07-16,1.093750,1.121528,1.090278,1.100694,0.673624,48729600
1990-07-17,1.102431,1.104167,1.069444,1.079861,0.660874,54475200
1990-07-18,1.072917,1.079861,1.048611,1.055556,0.645999,41853600
1990-07-19,1.046875,1.065972,1.024306,1.065972,0.652374,63136800
1990-07-20,1.069444,1.086806,1.013889,1.017361,0.622624,87724800
1990-07-23,1.017361,1.027778,0.989583,1.000000,0.611999,74203200
1990-07-24,1.006944,1.006944,0.927083,0.965278,0.590750,137102400
1990-07-25,0.972222,0.996528,0.954861,0.993056,0.607749,60148800
1990-07-26,0.989583,1.027778,0.916667,0.954861,0.584374,303321600
1990-07-27,0.951389,0.972222,0.940972,0.958333,0.586499,51019200
1990-07-30,0.951389,0.958333,0.913194,0.944444,0.577999,87955200
1990-07-31,0.947917,0.953125,0.916667,0.923611,0.565249,42307200
1990-08-01,0.920139,0.934028,0.885417,0.927083,0.567374,111117600
1990-08-02,0.909722,0.927083,0.892361,0.916667,0.560999,91771200
1990-08-03,0.909722,0.913194,0.838542,0.878472,0.537624,117180000
1990-08-06,0.854167,0.861111,0.812500,0.840278,0.514249,113184000
1990-08-07,0.850694,0.864583,0.833333,0.850694,0.520624,91065600
1990-08-08,0.868056,0.888889,0.861111,0.881944,0.539749,86263200
1990-08-09,0.888889,0.913194,0.878472,0.904514,0.553562,77054400
1990-08-10,0.904514,0.913194,0.871528,0.895833,0.548249,73188000
1990-08-13,0.885417,0.909722,0.878472,0.902778,0.552500,53942400
1990-08-14,0.906250,0.914931,0.885417,0.892361,0.546124,33710400
1990-08-15,0.899306,0.913194,0.892361,0.892361,0.546124,51408000
1990-08-16,0.888889,0.895833,0.857639,0.857639,0.524875,53330400
1990-08-17,0.847222,0.857639,0.833333,0.836806,0.512125,95227200
1990-08-20,0.836806,0.840278,0.770833,0.770833,0.471749,113601600
1990-08-21,0.753472,0.760417,0.704861,0.753472,0.461125,165650400
1990-08-22,0.763889,0.770833,0.741319,0.746528,0.456875,79236000
1990-08-23,0.729167,0.746528,0.708333,0.718750,0.439875,107445600
1990-08-24,0.725694,0.802083,0.725694,0.795139,0.486625,95443200
1990-08-27,0.819444,0.850694,0.819444,0.843750,0.516374,110116800
1990-08-28,0.836806,0.878472,0.833333,0.873264,0.534437,79826400
1990-08-29,0.868056,0.885417,0.833333,0.840278,0.514249,77954400
1990-08-30,0.843750,0.866319,0.833333,0.833333,0.509999,65383200
1990-08-31,0.833333,0.861111,0.822917,0.854167,0.522749,40737600
1990-09-04,0.847222,0.868056,0.843750,0.864583,0.529124,47376000
1990-09-05,0.868056,0.875000,0.812500,0.819444,0.501499,54676800
1990-09-06,0.805556,0.812500,0.781250,0.798611,0.488749,115617600
1990-09-07,0.791667,0.819444,0.784722,0.802083,0.490874,53704800
1990-09-10,0.815972,0.833333,0.774306,0.774306,0.473875,74246400
1990-09-11,0.777778,0.784722,0.756944,0.770833,0.471749,78868800
1990-09-12,0.781250,0.802083,0.774306,0.796875,0.487687,75016800
1990-09-13,0.805556,0.812500,0.791667,0.798611,0.488749,49867200
1990-09-14,0.791667,0.836806,0.782986,0.829861,0.507874,67672800
1990-09-17,0.826389,0.857639,0.822917,0.843750,0.516374,70394400
1990-09-18,0.842014,0.866319,0.829861,0.857639,0.524875,60638400
1990-09-19,0.875000,0.878472,0.857639,0.861111,0.527000,52696800
1990-09-20,0.854167,0.861111,0.829861,0.829861,0.507874,52444800
1990-09-21,0.829861,0.843750,0.812500,0.840278,0.514249,79891200
1990-09-24,0.826389,0.833333,0.798611,0.812500,0.497249,81439200
1990-09-25,0.828125,0.840278,0.815972,0.838542,0.513187,53308800
1990-09-26,0.840278,0.843750,0.826389,0.836806,0.512125,39268800
1990-09-27,0.847222,0.854167,0.809028,0.822917,0.503625,65728800
1990-09-28,0.809028,0.881944,0.805556,0.875000,0.535500,97984800
1990-10-01,0.899306,0.937500,0.895833,0.932292,0.570562,131623200
1990-10-02,0.947917,0.951389,0.909722,0.914931,0.559937,83469600
1990-10-03,0.909722,0.935764,0.906250,0.913194,0.558874,57600000
1990-10-04,0.906250,0.913194,0.888889,0.890625,0.545062,69292800
1990-10-05,0.875000,0.913194,0.864583,0.899306,0.550374,82101600
1990-10-08,0.916667,0.923611,0.895833,0.916667,0.560999,38678400
1990-10-09,0.906250,0.916667,0.868056,0.875000,0.535500,66376800
1990-10-10,0.861111,0.864583,0.819444,0.826389,0.505750,115596000
1990-10-11,0.829861,0.836806,0.791667,0.805556,0.493000,83815200
1990-10-12,0.812500,0.815972,0.750000,0.791667,0.484500,109252800
1990-10-15,0.802083,0.805556,0.770833,0.784722,0.480249,130334400
1990-10-16,0.788194,0.800347,0.750000,0.758681,0.464312,300888000
1990-10-17,0.760417,0.788194,0.743056,0.784722,0.480249,135820800
1990-10-18,0.791667,0.854167,0.788194,0.848958,0.519562,123739200
1990-10-19,0.861111,0.878472,0.840278,0.861111,0.527000,170337600
1990-10-22,0.861111,0.899306,0.857639,0.888889,0.543999,80294400
1990-10-23,0.885417,0.913194,0.878472,0.892361,0.546124,71884800
1990-10-24,0.881944,0.909722,0.878472,0.907986,0.555687,54734400
1990-10-25,0.909722,0.920139,0.888889,0.899306,0.550374,51501600
1990-10-26,0.885417,0.895833,0.878472,0.880208,0.538687,59126400
1990-10-29,0.885417,0.892361,0.861111,0.868056,0.531250,67881600
1990-10-30,0.868056,0.892361,0.861111,0.887153,0.542937,52567200
1990-10-31,0.895833,0.906250,0.885417,0.885417,0.541874,61200000
1990-11-01,0.875000,0.892361,0.871528,0.881944,0.539749,49442400
1990-11-02,0.881944,0.913194,0.878472,0.902778,0.552500,74764800
1990-11-05,0.906250,0.916667,0.899306,0.911458,0.557811,50702400
1990-11-06,0.913194,0.923611,0.881944,0.892361,0.546124,59212800
1990-11-07,0.885417,0.899306,0.881944,0.885417,0.541874,63100800
1990-11-08,0.881944,0.899306,0.875000,0.881944,0.539749,43466400
1990-11-09,0.899306,0.909722,0.895833,0.899306,0.550374,43344000
1990-11-12,0.916667,0.961806,0.916667,0.956597,0.585437,87660000
1990-11-13,0.954861,0.965278,0.940972,0.953125,0.583312,67658400
1990-11-14,0.951389,0.972222,0.947917,0.965278,0.590750,59724000
1990-11-15,0.958333,0.961806,0.934028,0.942708,0.576936,63129600
1990-11-16,0.937500,0.954861,0.934028,0.944444,0.577999,67075200
1990-11-19,0.944444,0.968750,0.944444,0.965278,0.590750,45554400
1990-11-20,0.961806,0.979167,0.946181,0.947917,0.580125,68868000
1990-11-21,0.944444,0.958333,0.930556,0.954861,0.584374,60739200
1990-11-23,0.961806,0.975694,0.951389,0.954861,0.584374,22060800
1990-11-26,0.951389,0.979167,0.940972,0.975694,0.597124,47577600
1990-11-27,0.979167,1.003472,0.968750,0.998264,0.610937,63417600
1990-11-28,1.003472,1.010417,0.975694,0.977431,0.598187,77623200
1990-11-29,0.975694,0.989583,0.968750,0.989583,0.605624,65865600
1990-11-30,0.989583,1.031250,0.979167,1.003472,0.614124,72165600
1990-12-03,1.017361,1.034722,1.010417,1.026042,0.627937,68241600
1990-12-04,1.020833,1.045139,1.013889,1.034722,0.633249,54547200
1990-12-05,1.034722,1.052083,1.031250,1.045139,0.639624,68630400
1990-12-06,1.059028,1.065972,1.027778,1.038194,0.635374,108201600
1990-12-07,1.031250,1.045139,1.003472,1.031250,0.631124,81921600
1990-12-10,1.017361,1.046875,1.010417,1.027778,0.628999,55526400
1990-12-11,1.017361,1.034722,1.000000,1.001736,0.613062,61768800
1990-12-12,0.996528,1.010417,0.979167,1.006944,0.616249,71560800
1990-12-13,1.013889,1.020833,0.996528,1.010417,0.618374,50709600
1990-12-14,1.013889,1.031250,1.006944,1.022569,0.625812,48636000
1990-12-17,1.013889,1.031250,1.006944,1.027778,0.628999,27288000
1990-12-18,1.034722,1.052083,1.031250,1.045139,0.639624,51876000
1990-12-19,1.046875,1.052083,1.038194,1.039931,0.636437,34264800
1990-12-20,1.031250,1.055556,1.027778,1.048611,0.641749,46994400
1990-12-21,1.052083,1.055556,1.045139,1.052083,0.643874,33472800
1990-12-24,1.048611,1.048611,1.038194,1.045139,0.639624,13550400
1990-12-26,1.045139,1.052083,1.034722,1.041667,0.637500,16214400
1990-12-27,1.041667,1.045139,1.034722,1.038194,0.635374,22629600
1990-12-28,1.034722,1.045139,1.031250,1.041667,0.637500,20268000
1990-12-31,1.041667,1.045139,1.034722,1.045139,0.639624,23702400
1991-01-02,1.041667,1.045139,1.038194,1.038194,0.635374,38109600
1991-01-03,1.038194,1.055556,1.038194,1.045139,0.639624,52826400
1991-01-04,1.041667,1.062500,1.041667,1.053819,0.644936,58485600
1991-01-07,1.045139,1.079861,1.038194,1.039931,0.636437,87552000
1991-01-08,1.038194,1.045139,1.013889,1.020833,0.624749,76442400
1991-01-09,1.027778,1.052083,1.020833,1.027778,0.628999,115624800
1991-01-10,1.031250,1.093750,1.031250,1.086806,0.665125,123890400
1991-01-11,1.090278,1.097222,1.065972,1.083333,0.662999,62006400
1991-01-14,1.072917,1.076389,1.048611,1.065972,0.652374,58658400
1991-01-15,1.065972,1.104167,1.065972,1.088542,0.666187,83440800
1991-01-16,1.090278,1.151042,1.086806,1.142361,0.699124,139917600
1991-01-17,1.194444,1.197917,1.163194,1.166667,0.713999,163526400
1991-01-18,1.145833,1.187500,1.142361,1.184028,0.724624,103032000
1991-01-21,1.175347,1.250000,1.175347,1.243056,0.760750,154512000
1991-01-22,1.244792,1.263889,1.213542,1.234375,0.755436,113716800
1991-01-23,1.225694,1.253472,1.225694,1.236111,0.756499,77083200
1991-01-24,1.239583,1.262153,1.232639,1.256944,0.769249,86083200
1991-01-25,1.260417,1.263889,1.236111,1.243056,0.760750,86889600
1991-01-28,1.236111,1.305556,1.236111,1.281250,0.784124,130989600
1991-01-29,1.281250,1.310764,1.250000,1.284722,0.786249,146980800
1991-01-30,1.284722,1.340278,1.270833,1.336806,0.818124,148586400
1991-01-31,1.340278,1.381944,1.333333,1.362847,0.834061,111420000
1991-02-01,1.375000,1.402778,1.350694,1.385417,0.847874,117878400
1991-02-04,1.388889,1.399306,1.361111,1.376736,0.842561,88236000
1991-02-05,1.378472,1.416667,1.361111,1.406250,0.860624,88740000
1991-02-06,1.402778,1.479167,1.395833,1.468750,0.898874,106351200
1991-02-07,1.475694,1.513889,1.420139,1.430556,0.875500,133466400
1991-02-08,1.430556,1.454861,1.413194,1.444444,0.883999,74232000
1991-02-11,1.446181,1.451389,1.420139,1.447917,0.886124,152337600
1991-02-12,1.434028,1.454861,1.423611,1.434028,0.877624,96206400
1991-02-13,1.423611,1.467014,1.413194,1.465278,0.896749,95493600
1991-02-14,1.461806,1.465278,1.375000,1.399306,0.856375,133704000
1991-02-15,1.409722,1.447917,1.406250,1.434028,0.877624,115452000
1991-02-19,1.420139,1.437500,1.409722,1.423611,0.871249,66564000
1991-02-20,1.413194,1.444444,1.409722,1.427083,0.873374,52552800
1991-02-21,1.430556,1.437500,1.388889,1.388889,0.849999,68277600
1991-02-22,1.385417,1.451389,1.385417,1.420139,0.869124,105343200
1991-02-25,1.434028,1.444444,1.409722,1.430556,0.875500,88524000
1991-02-26,1.409722,1.423611,1.395833,1.413194,0.864874,55540800
1991-02-27,1.420139,1.468750,1.406250,1.461806,0.894624,87674400
1991-02-28,1.472222,1.475694,1.434028,1.440972,0.881874,55008000
1991-03-01,1.430556,1.475694,1.416667,1.468750,0.898874,77724000
1991-03-04,1.468750,1.493056,1.451389,1.486111,0.909499,47023200
1991-03-05,1.489583,1.562500,1.486111,1.548611,0.947749,76356000
1991-03-06,1.562500,1.569444,1.482639,1.489583,0.911624,101088000
1991-03-07,1.447917,1.493056,1.437500,1.444444,0.883999,165391200
1991-03-08,1.451389,1.472222,1.413194,1.423611,0.871249,134697600
1991-03-11,1.413194,1.423611,1.357639,1.378472,0.843624,160970400
1991-03-12,1.364583,1.373264,1.328125,1.329861,0.813874,152884800
1991-03-13,1.333333,1.404514,1.333333,1.395833,0.854249,110268000
1991-03-14,1.409722,1.409722,1.347222,1.361111,0.832999,100216800
1991-03-15,1.364583,1.371528,1.336806,1.342014,0.821312,76932000
1991-03-18,1.336806,1.385417,1.333333,1.378472,0.843624,66218400
1991-03-19,1.364583,1.402778,1.343750,1.375000,0.841499,92505600
1991-03-20,1.375000,1.402778,1.371528,1.375000,0.841499,83217600
1991-03-21,1.381944,1.399306,1.305556,1.315972,0.805374,119188800
1991-03-22,1.312500,1.326389,1.291667,1.302083,0.796874,95688000
1991-03-25,1.305556,1.371528,1.305556,1.364583,0.835124,59824800
1991-03-26,1.371528,1.461806,1.371528,1.460069,0.893561,89928000
1991-03-27,1.458333,1.517361,1.458333,1.496528,0.915874,91936800
1991-03-28,1.489583,1.503472,1.472222,1.473958,0.902061,30492000
1991-04-01,1.472222,1.496528,1.451389,1.482639,0.907374,59205600
1991-04-02,1.493056,1.562500,1.482639,1.559028,0.954124,96256800
1991-04-03,1.565972,1.621528,1.565972,1.579861,0.966874,91778400
1991-04-04,1.583333,1.621528,1.565972,1.579861,0.966874,73850400
1991-04-05,1.583333,1.586806,1.513889,1.527778,0.934999,108914400
1991-04-08,1.527778,1.572917,1.520833,1.546875,0.946687,46526400
1991-04-09,1.548611,1.572917,1.524306,1.531250,0.937124,60768000
1991-04-10,1.524306,1.531250,1.465278,1.493056,0.913749,74340000
1991-04-11,1.506944,1.548611,1.500000,1.541667,0.943500,47937600
1991-04-12,1.520833,1.527778,1.440972,1.489583,0.911624,176731200
1991-04-15,1.472222,1.586806,1.458333,1.579861,0.966874,88819200
1991-04-16,1.579861,1.590278,1.527778,1.559028,0.954124,81331200
1991-04-17,1.583333,1.631944,1.543403,1.548611,0.947749,128383200
1991-04-18,1.545139,1.555556,1.500000,1.527778,0.934999,88084800
1991-04-19,1.475694,1.520833,1.458333,1.489583,0.911624,96588000
1991-04-22,1.472222,1.475694,1.413194,1.418403,0.868062,139708800
1991-04-23,1.420139,1.430556,1.395833,1.411458,0.863811,103910400
1991-04-24,1.409722,1.454861,1.395833,1.430556,0.875500,82130400
1991-04-25,1.423611,1.440972,1.395833,1.399306,0.856375,65707200
1991-04-26,1.392361,1.420139,1.371528,1.399306,0.856375,88372800
1991-04-29,1.406250,1.409722,1.357639,1.357639,0.830874,71258400
1991-04-30,1.357639,1.378472,1.333333,1.375000,0.841499,115178400
1991-05-01,1.368056,1.399306,1.347222,1.399306,0.856375,111628800
1991-05-02,1.406250,1.423611,1.392361,1.395833,0.854249,66888000
1991-05-03,1.395833,1.406250,1.385417,1.406250,0.860624,23047200
1991-05-06,1.395833,1.434028,1.392361,1.427083,0.873374,44755200
1991-05-07,1.434028,1.440972,1.406250,1.406250,0.860624,50904000
1991-05-08,1.402778,1.434028,1.392361,1.430556,0.875500,57592800
1991-05-09,1.434028,1.472222,1.427083,1.468750,0.898874,76298400
1991-05-10,1.475694,1.486111,1.416667,1.427083,0.873374,52070400
1991-05-13,1.434028,1.440972,1.406250,1.432292,0.876562,68745600
1991-05-14,1.425347,1.434028,1.399306,1.406250,0.860624,58816800
1991-05-15,1.392361,1.395833,1.342014,1.361111,0.832999,111160800
1991-05-16,1.378472,1.388889,1.368056,1.380208,0.844686,70243200
1991-05-17,1.375000,1.381944,1.361111,1.378472,0.843624,44812800
1991-05-20,1.381944,1.388889,1.357639,1.376736,0.842561,65937600
1991-05-21,1.385417,1.434028,1.381944,1.416667,0.866999,83570400
1991-05-22,1.427083,1.482639,1.420139,1.482639,0.907374,88783200
1991-05-23,1.486111,1.524306,1.486111,1.520833,0.930748,67752000
1991-05-24,1.527778,1.562500,1.520833,1.527778,0.934999,67932000
1991-05-28,1.534722,1.552083,1.527778,1.538194,0.941374,43941600
1991-05-29,1.545139,1.555556,1.524306,1.531250,0.937124,64202400
1991-05-30,1.529514,1.552083,1.513889,1.531250,0.937124,61833600
1991-05-31,1.534722,1.541667,1.500000,1.524306,0.932874,81784800
1991-06-03,1.520833,1.559028,1.513889,1.555556,0.951999,46951200
1991-06-04,1.555556,1.576389,1.534722,1.569444,0.960499,35035200
1991-06-05,1.562500,1.586806,1.555556,1.555556,0.951999,41385600
1991-06-06,1.565972,1.569444,1.534722,1.543403,0.944562,32680800
1991-06-07,1.524306,1.531250,1.510417,1.531250,0.937124,51984000
1991-06-10,1.531250,1.541667,1.524306,1.534722,0.939249,29498400
1991-06-11,1.541667,1.569444,1.534722,1.536458,0.940311,41846400
1991-06-12,1.538194,1.559028,1.531250,1.543403,0.944562,51069600
1991-06-13,1.541667,1.559028,1.534722,1.541667,0.943500,38001600
1991-06-14,1.545139,1.579861,1.541667,1.576389,0.964749,46360800
1991-06-17,1.579861,1.593750,1.562500,1.576389,0.964749,29419200
1991-06-18,1.572917,1.576389,1.524306,1.548611,0.947749,46850400
1991-06-19,1.524306,1.524306,1.430556,1.435764,0.878687,157039200
1991-06-20,1.402778,1.413194,1.375000,1.399306,0.856375,187999200
1991-06-21,1.406250,1.430556,1.406250,1.420139,0.869124,67680000
1991-06-24,1.402778,1.409722,1.354167,1.362847,0.834061,79696800
1991-06-25,1.378472,1.392361,1.361111,1.371528,0.839374,97228800
1991-06-26,1.375000,1.409722,1.364583,1.399306,0.856375,96638400
1991-06-27,1.411458,1.421875,1.390625,1.416667,0.866999,56510400
1991-06-28,1.411458,1.432292,1.364583,1.419271,0.868593,61526400
1991-07-01,1.432292,1.492188,1.411458,1.486979,0.910030,72388800
1991-07-02,1.484375,1.505208,1.416667,1.419271,0.868593,43920000
1991-07-03,1.343750,1.354167,1.286458,1.333333,0.815999,191630400
1991-07-05,1.328125,1.328125,1.281250,1.286458,0.787311,78758400
1991-07-08,1.265625,1.401042,1.260417,1.395833,0.854249,109185600
1991-07-09,1.406250,1.432292,1.385417,1.414063,0.865406,76948800
1991-07-10,1.421875,1.432292,1.354167,1.359375,0.831936,67310400
1991-07-11,1.369792,1.390625,1.354167,1.380208,0.844686,51148800
1991-07-12,1.395833,1.427083,1.375000,1.416667,0.866999,35174400
1991-07-15,1.432292,1.463542,1.427083,1.455729,0.890905,36763200
1991-07-16,1.458333,1.458333,1.406250,1.406250,0.860624,42734400
1991-07-17,1.369792,1.411458,1.354167,1.411458,0.863811,40526400
1991-07-18,1.416667,1.442708,1.390625,1.395833,0.854249,25656000
1991-07-19,1.406250,1.416667,1.375000,1.411458,0.863811,24441600
1991-07-22,1.390625,1.432292,1.385417,1.406250,0.860624,35136000
1991-07-23,1.416667,1.421875,1.385417,1.385417,0.847874,35596800
1991-07-24,1.395833,1.401042,1.354167,1.364583,0.835124,54321600
1991-07-25,1.395833,1.416667,1.372396,1.375000,0.841499,90211200
1991-07-26,1.395833,1.494792,1.390625,1.479167,0.905249,149294400
1991-07-29,1.479167,1.484375,1.432292,1.463542,0.895687,136468800
1991-07-30,1.468750,1.520833,1.453125,1.515625,0.927561,78038400
1991-07-31,1.520833,1.541667,1.515625,1.531250,0.937124,111628800
1991-08-01,1.536458,1.541667,1.520833,1.526042,0.933937,53942400
1991-08-02,1.536458,1.557292,1.526042,1.526042,0.933937,81369600
1991-08-05,1.526042,1.526042,1.494792,1.505208,0.921186,28252800
1991-08-06,1.505208,1.562500,1.505208,1.552083,0.949873,53097600
1991-08-07,1.557292,1.593750,1.552083,1.583333,0.968999,69235200
1991-08-08,1.583333,1.651042,1.583333,1.645833,1.007249,91852800
1991-08-09,1.640625,1.708333,1.630208,1.682292,1.029561,114806400
1991-08-12,1.661458,1.744792,1.661458,1.729167,1.058249,56899200
1991-08-13,1.744792,1.744792,1.713542,1.718750,1.051873,94497600
1991-08-14,1.723958,1.739583,1.708333,1.718750,1.051873,67008000
1991-08-15,1.718750,1.734375,1.687500,1.697917,1.039124,45460800
1991-08-16,1.682292,1.716146,1.671875,1.703125,1.042312,52075200
1991-08-19,1.614583,1.692708,1.604167,1.671875,1.023186,85425600
1991-08-20,1.679688,1.705729,1.666667,1.677083,1.026374,57326400
1991-08-21,1.708333,1.760417,1.703125,1.750000,1.070999,73214400
1991-08-22,1.755208,1.776042,1.734375,1.750000,1.070999,43627200
1991-08-23,1.750000,1.802083,1.750000,1.776042,1.086936,43161600
1991-08-26,1.765625,1.776042,1.739583,1.776042,1.086936,44136000
1991-08-27,1.765625,1.770833,1.750000,1.765625,1.080561,34204800
1991-08-28,1.765625,1.807292,1.760417,1.783854,1.091717,41558400
1991-08-29,1.791667,1.802083,1.770833,1.786458,1.093311,27974400
1991-08-30,1.786458,1.796875,1.760417,1.776042,1.086936,22032000
1991-09-03,1.770833,1.770833,1.718750,1.731771,1.059843,33494400
1991-09-04,1.734375,1.739583,1.687500,1.721354,1.053467,38467200
1991-09-05,1.729167,1.729167,1.666667,1.677083,1.026374,58459200
1991-09-06,1.687500,1.713542,1.671875,1.682292,1.029561,50788800
1991-09-09,1.682292,1.697917,1.671875,1.682292,1.029561,31915200
1991-09-10,1.708333,1.718750,1.666667,1.666667,1.019999,65937600
1991-09-11,1.677083,1.713542,1.677083,1.708333,1.045498,64032000
1991-09-12,1.729167,1.786458,1.729167,1.783854,1.091717,53808000
1991-09-13,1.781250,1.786458,1.718750,1.729167,1.058249,51360000
1991-09-16,1.729167,1.739583,1.713542,1.729167,1.058249,21686400
1991-09-17,1.723958,1.765625,1.708333,1.760417,1.077374,23366400
1991-09-18,1.750000,1.781250,1.744792,1.765625,1.080561,26942400
1991-09-19,1.770833,1.817708,1.765625,1.796875,1.099686,51364800
1991-09-20,1.807292,1.812500,1.791667,1.802083,1.102873,30316800
1991-09-23,1.796875,1.802083,1.760417,1.768229,1.082155,49771200
1991-09-24,1.776042,1.838542,1.776042,1.833333,1.121998,47625600
1991-09-25,1.833333,1.841146,1.802083,1.828125,1.118811,25766400
1991-09-26,1.822917,1.875000,1.817708,1.859375,1.137936,48000000
1991-09-27,1.864583,1.864583,1.828125,1.838542,1.125186,33273600
1991-09-30,1.838542,1.864583,1.812500,1.854167,1.134749,27700800
1991-10-01,1.854167,1.859375,1.833333,1.851563,1.133155,19627200
1991-10-02,1.843750,1.885417,1.796875,1.812500,1.109249,67219200
1991-10-03,1.802083,1.838542,1.796875,1.822917,1.115624,34632000
1991-10-04,1.833333,1.854167,1.822917,1.835938,1.123593,26457600
1991-10-07,1.817708,1.851563,1.807292,1.843750,1.128374,27187200
1991-10-08,1.833333,1.864583,1.833333,1.859375,1.137936,37708800
1991-10-09,1.864583,1.901042,1.859375,1.864583,1.141123,60931200
1991-10-10,1.885417,1.885417,1.843750,1.869792,1.144311,42048000
1991-10-11,1.890625,1.895833,1.828125,1.867188,1.142718,69921600
1991-10-14,1.875000,1.921875,1.875000,1.921875,1.176186,50625600
1991-10-15,1.921875,1.921875,1.890625,1.903646,1.165030,57854400
1991-10-16,1.906250,1.906250,1.872396,1.890625,1.157061,100200000
1991-10-17,1.890625,1.890625,1.843750,1.859375,1.137936,95563200
1991-10-18,1.875000,1.901042,1.869792,1.875000,1.147499,37843200
1991-10-21,1.875000,1.906250,1.869792,1.895833,1.160248,28704000
1991-10-22,1.906250,1.932292,1.901042,1.903646,1.165030,32496000
1991-10-23,1.911458,1.916667,1.869792,1.880208,1.150686,36724800
1991-10-24,1.885417,1.885417,1.859375,1.880208,1.150686,26942400
1991-10-25,1.880208,1.890625,1.859375,1.864583,1.141123,28080000
1991-10-28,1.864583,1.880208,1.828125,1.880208,1.150686,37953600
1991-10-29,1.880208,1.890625,1.869792,1.890625,1.157061,36523200
1991-10-30,1.890625,1.973958,1.890625,1.968750,1.204874,65592000
1991-10-31,1.968750,1.984375,1.942708,1.955729,1.196905,41092800
1991-11-01,1.947917,1.953125,1.916667,1.929688,1.180967,34296000
1991-11-04,1.921875,1.927083,1.890625,1.895833,1.160248,28838400
1991-11-05,1.901042,1.968750,1.895833,1.953125,1.195311,51739200
1991-11-06,1.958333,1.989583,1.942708,1.984375,1.214436,38308800
1991-11-07,1.989583,1.994792,1.968750,1.973958,1.208061,20894400
1991-11-08,1.979167,2.015625,1.979167,1.984375,1.214436,36494400
1991-11-11,2.000000,2.041667,1.992188,2.031250,1.243124,40564800
1991-11-12,2.046875,2.098958,2.041667,2.080729,1.273405,80035200
1991-11-13,2.072917,2.119792,2.057292,2.104167,1.287749,57523200
1991-11-14,2.114583,2.114583,2.057292,2.067708,1.265436,44371200
1991-11-15,2.062500,2.093750,1.973958,1.979167,1.211248,71592000
1991-11-18,1.984375,2.036458,1.979167,2.026042,1.239936,72432000
1991-11-19,2.005208,2.028646,1.963542,2.005208,1.227186,71976000
1991-11-20,2.020833,2.031250,2.000000,2.010417,1.230374,36441600
1991-11-21,2.005208,2.026042,1.994792,2.026042,1.239936,35558400
1991-11-22,2.020833,2.031250,1.984375,2.000000,1.223998,38102400
1991-11-25,1.994792,2.020833,1.984375,1.992188,1.219218,33724800
1991-11-26,2.002604,2.005208,1.932292,1.968750,1.204874,58809600
1991-11-27,1.963542,1.989583,1.958333,1.984375,1.214436,15009600
1991-11-29,1.973958,2.036458,1.973958,2.026042,1.239936,20524800
1991-12-02,2.005208,2.114583,2.000000,2.109375,1.290936,55852800
1991-12-03,2.104167,2.140625,2.072917,2.111979,1.292530,64996800
1991-12-04,2.119792,2.145833,2.083333,2.125000,1.300499,36297600
1991-12-05,2.119792,2.130208,2.098958,2.119792,1.297312,24892800
1991-12-06,2.114583,2.192708,2.104167,2.171875,1.329186,51580800
1991-12-09,2.151042,2.161458,2.109375,2.125000,1.300499,57720000
1991-12-10,2.125000,2.125000,2.083333,2.119792,1.297312,46252800
1991-12-11,2.127604,2.140625,2.072917,2.098958,1.284561,39134400
1991-12-12,2.104167,2.151042,2.093750,2.125000,1.300499,36979200
1991-12-13,2.130208,2.140625,2.114583,2.125000,1.300499,26193600
1991-12-16,2.125000,2.130208,2.098958,2.127604,1.302092,27225600
1991-12-17,2.125000,2.156250,2.088542,2.122396,1.298905,27480000
1991-12-18,2.125000,2.151042,2.109375,2.143229,1.311654,33561600
1991-12-19,2.132813,2.151042,2.109375,2.140625,1.310061,38116800
1991-12-20,2.166667,2.187500,2.130208,2.151042,1.316436,35356800
1991-12-23,2.151042,2.223958,2.135417,2.223958,1.361061,46113600
1991-12-24,2.223958,2.239583,2.208333,2.213542,1.354686,23995200
1991-12-26,2.213542,2.255208,2.203125,2.247396,1.375405,24326400
1991-12-27,2.255208,2.322917,2.244792,2.299479,1.407279,36657600
1991-12-30,2.302083,2.317708,2.281250,2.307292,1.412061,35524800
1991-12-31,2.307292,2.333333,2.265625,2.317708,1.418436,40512000
1992-01-02,2.307292,2.390625,2.281250,2.375000,1.453498,74265600
1992-01-03,2.375000,2.380208,2.328125,2.354167,1.440749,38246400
1992-01-06,2.359375,2.453125,2.341146,2.427083,1.485372,63057600
1992-01-07,2.427083,2.505208,2.411458,2.500000,1.529998,64363200
1992-01-08,2.479167,2.619792,2.473958,2.588542,1.584186,90763200
1992-01-09,2.588542,2.687500,2.583333,2.651042,1.622435,88348800
1992-01-10,2.645833,2.661458,2.583333,2.609375,1.596935,64641600
1992-01-13,2.583333,2.684896,2.557292,2.648438,1.620842,52804800
1992-01-14,2.656250,2.677083,2.625000,2.671875,1.635185,44006400
1992-01-15,2.682292,2.776042,2.671875,2.739583,1.676622,65294400
1992-01-16,2.734375,2.750000,2.656250,2.661458,1.628809,58761600
1992-01-17,2.661458,2.697917,2.578125,2.635417,1.612874,85027200
1992-01-20,2.651042,2.651042,2.552083,2.552083,1.561873,58862400
1992-01-21,2.546875,2.562500,2.416667,2.486979,1.522030,120019200
1992-01-22,2.500000,2.614583,2.479167,2.614583,1.600123,56131200
1992-01-23,2.614583,2.695313,2.578125,2.604167,1.593749,75590400
1992-01-24,2.593750,2.614583,2.583333,2.596354,1.588967,37756800
1992-01-27,2.598958,2.614583,2.510417,2.513021,1.537968,46233600
1992-01-28,2.520833,2.536458,2.416667,2.515625,1.539560,95539200
1992-01-29,2.552083,2.619792,2.536458,2.593750,1.587373,97344000
1992-01-30,2.593750,2.598958,2.531250,2.572917,1.574623,41923200
1992-01-31,2.572917,2.578125,2.494792,2.505208,1.533185,49948800
1992-02-03,2.463542,2.614583,2.447917,2.604167,1.593749,80265600
1992-02-04,2.609375,2.625000,2.552083,2.593750,1.587373,58440000
1992-02-05,2.598958,2.677083,2.572917,2.651042,1.622435,71212800
1992-02-06,2.635417,2.687500,2.619792,2.630208,1.609685,62356800
1992-02-07,2.630208,2.656250,2.583333,2.619792,1.603311,36499200
1992-02-10,2.617188,2.625000,2.541667,2.593750,1.587373,41371200
1992-02-11,2.588542,2.598958,2.531250,2.552083,1.561873,41078400
1992-02-12,2.471354,2.640625,2.471354,2.619792,1.603311,83342400
1992-02-13,2.614583,2.635417,2.531250,2.552083,1.561873,97358400
1992-02-14,2.546875,2.552083,2.458333,2.468750,1.510872,82632000
1992-02-18,2.484375,2.546875,2.458333,2.463542,1.507687,73694400
1992-02-19,2.458333,2.458333,2.364583,2.398438,1.467842,145372800
1992-02-20,2.416667,2.484375,2.411458,2.447917,1.498123,74323200
1992-02-21,2.437500,2.468750,2.369792,2.385417,1.459873,91118400
1992-02-24,2.385417,2.427083,2.354167,2.393229,1.464654,59049600
1992-02-25,2.395833,2.427083,2.359375,2.411458,1.475811,57388800
1992-02-26,2.416667,2.541667,2.416667,2.541667,1.555498,100670400
1992-02-27,2.557292,2.609375,2.557292,2.601563,1.592155,79579200
1992-02-28,2.604167,2.635417,2.546875,2.572917,1.574623,58276800
1992-03-02,2.578125,2.619792,2.536458,2.562500,1.568248,34876800
1992-03-03,2.572917,2.609375,2.552083,2.567708,1.571435,27734400
1992-03-04,2.567708,2.588542,2.536458,2.552083,1.561873,33086400
1992-03-05,2.552083,2.567708,2.484375,2.526042,1.545936,55689600
1992-03-06,2.515625,2.541667,2.432292,2.463542,1.507687,61867200
1992-03-09,2.473958,2.510417,2.463542,2.479167,1.517248,30427200
1992-03-10,2.489583,2.557292,2.484375,2.536458,1.552310,45480000
1992-03-11,2.546875,2.567708,2.484375,2.505208,1.533185,39532800
1992-03-12,2.505208,2.531250,2.468750,2.523438,1.544343,50025600
1992-03-13,2.552083,2.562500,2.510417,2.520833,1.542748,36763200
1992-03-16,2.520833,2.588542,2.510417,2.588542,1.584186,55132800
1992-03-17,2.611979,2.682292,2.598958,2.666667,1.631998,94473600
1992-03-18,2.677083,2.687500,2.625000,2.632813,1.611280,69230400
1992-03-19,2.645833,2.713542,2.630208,2.656250,1.625623,111576000
1992-03-20,2.656250,2.687500,2.656250,2.677083,1.638373,35774400
1992-03-23,2.677083,2.692708,2.661458,2.677083,1.638373,37843200
1992-03-24,2.687500,2.705729,2.635417,2.656250,1.625623,70228800
1992-03-25,2.656250,2.692708,2.645833,2.677083,1.638373,36739200
1992-03-26,2.682292,2.687500,2.588542,2.604167,1.593749,60403200
1992-03-27,2.593750,2.604167,2.489583,2.526042,1.545936,89971200
1992-03-30,2.531250,2.541667,2.500000,2.500000,1.529998,40713600
1992-03-31,2.510417,2.541667,2.453125,2.468750,1.510872,86702400
1992-04-01,2.442708,2.515625,2.437500,2.510417,1.536373,74203200
1992-04-02,2.510417,2.531250,2.432292,2.437500,1.491748,56918400
1992-04-03,2.447917,2.484375,2.432292,2.447917,1.498123,59534400
1992-04-06,2.453125,2.533854,2.453125,2.526042,1.545936,40123200
1992-04-07,2.541667,2.552083,2.411458,2.416667,1.478999,72758400
1992-04-08,2.411458,2.447917,2.359375,2.442708,1.494935,105388800
1992-04-09,2.463542,2.505208,2.429688,2.500000,1.529998,70008000
1992-04-10,2.526042,2.541667,2.375000,2.416667,1.478999,126446400
1992-04-13,2.432292,2.460938,2.380208,2.447917,1.498123,45552000
1992-04-14,2.463542,2.505208,2.427083,2.437500,1.491748,72806400
1992-04-15,2.682292,2.692708,2.635417,2.684896,1.643155,223305600
1992-04-16,2.687500,2.687500,2.645833,2.658854,1.627218,66393600
1992-04-20,2.593750,2.604167,2.406250,2.460938,1.506092,226118400
1992-04-21,2.463542,2.468750,2.406250,2.419271,1.480592,99244800
1992-04-22,2.427083,2.468750,2.385417,2.450521,1.499717,61790400
1992-04-23,2.468750,2.479167,2.338542,2.411458,1.475811,115334400
1992-04-24,2.416667,2.432292,2.333333,2.338542,1.431186,90393600
1992-04-27,2.343750,2.427083,2.343750,2.359375,1.443936,99585600
1992-04-28,2.369792,2.385417,2.229167,2.270833,1.389748,199876800
1992-04-29,2.281250,2.322917,2.255208,2.320313,1.420030,137308800
1992-04-30,2.333333,2.348958,2.286458,2.296875,1.405685,95870400
1992-05-01,2.302083,2.375000,2.296875,2.369792,1.450311,62083200
1992-05-04,2.364583,2.416667,2.343750,2.375000,1.453498,73920000
1992-05-05,2.369792,2.447917,2.359375,2.427083,1.485372,59246400
1992-05-06,2.437500,2.442708,2.406250,2.416667,1.478999,50016000
1992-05-07,2.416667,2.427083,2.380208,2.395833,1.466248,40579200
1992-05-08,2.416667,2.437500,2.359375,2.385417,1.459873,59822400
1992-05-11,2.390625,2.401042,2.359375,2.375000,1.453498,41112000
1992-05-12,2.390625,2.401042,2.348958,2.380208,1.456685,49905600
1992-05-13,2.369792,2.380208,2.312500,2.348958,1.437561,64320000
1992-05-14,2.348958,2.354167,2.276042,2.307292,1.412061,72307200
1992-05-15,2.296875,2.322917,2.281250,2.291667,1.402498,40814400
1992-05-18,2.307292,2.364583,2.302083,2.348958,1.437561,37526400
1992-05-19,2.359375,2.385417,2.359375,2.385417,1.459873,51240000
1992-05-20,2.385417,2.437500,2.385417,2.432292,1.488561,58800000
1992-05-21,2.437500,2.437500,2.401042,2.429688,1.486967,48566400
1992-05-22,2.437500,2.437500,2.395833,2.411458,1.475811,36969600
1992-05-26,2.416667,2.437500,2.395833,2.406250,1.472623,38217600
1992-05-27,2.411458,2.421875,2.390625,2.395833,1.466248,31166400
1992-05-28,2.390625,2.489583,2.385417,2.479167,1.517248,62702400
1992-05-29,2.494792,2.546875,2.489583,2.520833,1.542748,89918400
1992-06-01,2.510417,2.588542,2.500000,2.588542,1.584186,68529600
1992-06-02,2.588542,2.593750,2.546875,2.559896,1.566654,42585600
1992-06-03,2.552083,2.588542,2.552083,2.562500,1.568248,28190400
1992-06-04,2.567708,2.572917,2.552083,2.554688,1.563467,41755200
1992-06-05,2.552083,2.562500,2.515625,2.520833,1.542748,40939200
1992-06-08,2.515625,2.520833,2.463542,2.463542,1.507687,40228800
1992-06-09,2.468750,2.479167,2.375000,2.395833,1.466248,84604800
1992-06-10,2.401042,2.406250,2.333333,2.343750,1.434373,65457600
1992-06-11,2.343750,2.401042,2.239583,2.250000,1.376998,130732800
1992-06-12,2.296875,2.354167,2.268229,2.343750,1.434373,138028800
1992-06-15,2.343750,2.437500,2.343750,2.367188,1.448718,54940800
1992-06-16,2.359375,2.390625,2.265625,2.273438,1.391342,57376000
1992-06-17,2.265625,2.289063,2.234375,2.261719,1.384171,70032000
1992-06-18,2.281250,2.335938,2.218750,2.257813,1.381780,53356800
1992-06-19,2.296875,2.320313,2.273438,2.296875,1.405685,43110400
1992-06-22,2.289063,2.328125,2.234375,2.320313,1.420030,54080000
1992-06-23,2.335938,2.367188,2.273438,2.296875,1.405685,57420800
1992-06-24,2.304688,2.304688,2.242188,2.257813,1.381780,34096000
1992-06-25,2.257813,2.257813,2.078125,2.187500,1.338748,165340800
1992-06-26,2.171875,2.179688,2.054688,2.085938,1.276592,140982400
1992-06-29,2.140625,2.273438,2.132813,2.257813,1.381780,90963200
1992-06-30,2.273438,2.281250,2.171875,2.187500,1.338748,74048000
1992-07-01,2.195313,2.273438,2.171875,2.253906,1.379390,45136000
1992-07-02,2.273438,2.281250,2.148438,2.183594,1.336358,80563200
1992-07-06,2.187500,2.195313,2.117188,2.171875,1.329186,36224000
1992-07-07,2.179688,2.179688,2.101563,2.125000,1.300499,54396800
1992-07-08,2.125000,2.156250,2.046875,2.144531,1.312451,93417600
1992-07-09,2.156250,2.210938,2.132813,2.156250,1.319623,61174400
1992-07-10,2.164063,2.187500,2.113281,2.171875,1.329186,28905600
1992-07-13,2.179688,2.226563,2.140625,2.187500,1.338748,35113600
1992-07-14,2.203125,2.234375,2.195313,2.222656,1.360264,41116800
1992-07-15,2.242188,2.289063,2.218750,2.234375,1.367436,80172800
1992-07-16,2.218750,2.257813,2.210938,2.257813,1.381780,42291200
1992-07-17,2.242188,2.250000,2.179688,2.195313,1.343530,59865600
1992-07-20,2.171875,2.195313,2.140625,2.164063,1.324405,48707200
1992-07-21,2.187500,2.273438,2.171875,2.242188,1.372217,45907200
1992-07-22,2.242188,2.242188,2.171875,2.187500,1.338748,59008000
1992-07-23,2.179688,2.257813,2.148438,2.218750,1.357874,68441600
1992-07-24,2.222656,2.304688,2.218750,2.273438,1.391342,76259200
1992-07-27,2.273438,2.296875,2.257813,2.281250,1.396124,30512000
1992-07-28,2.296875,2.328125,2.273438,2.312500,1.415248,45363200
1992-07-29,2.328125,2.335938,2.250000,2.312500,1.415248,145273600
1992-07-30,2.296875,2.328125,2.281250,2.285156,1.398513,32035200
1992-07-31,2.296875,2.296875,2.257813,2.273438,1.391342,35312000
1992-08-03,2.273438,2.320313,2.250000,2.304688,1.410468,31516800
1992-08-04,2.312500,2.328125,2.296875,2.308594,1.412858,31430400
1992-08-05,2.304688,2.304688,2.226563,2.250000,1.376998,60150400
1992-08-06,2.234375,2.250000,2.195313,2.234375,1.367436,3705600
1992-08-07,2.234375,2.304688,2.203125,2.210938,1.353092,55008000
1992-08-10,2.218750,2.265625,2.210938,2.214844,1.355483,42067200
1992-08-11,2.226563,2.246094,2.187500,2.230469,1.365046,33436800
1992-08-12,2.242188,2.265625,2.210938,2.218750,1.357874,30441600
1992-08-13,2.226563,2.242188,2.203125,2.214844,1.355483,28227200
1992-08-14,2.218750,2.242188,2.210938,2.218750,1.357874,33942400
1992-08-17,2.210938,2.218750,2.171875,2.171875,1.329186,63318400
1992-08-18,2.156250,2.210938,2.125000,2.171875,1.329186,66313600
1992-08-19,2.171875,2.203125,2.148438,2.164063,1.324405,27433600
1992-08-20,2.171875,2.210938,2.156250,2.199219,1.345920,36534400
1992-08-21,2.203125,2.214844,2.156250,2.179688,1.333968,52710400
1992-08-24,2.175781,2.187500,2.148438,2.156250,1.319623,42800000
1992-08-25,2.148438,2.210938,2.140625,2.199219,1.345920,37123200
1992-08-26,2.195313,2.257813,2.195313,2.238281,1.369826,50016000
1992-08-27,2.250000,2.312500,2.250000,2.300781,1.408076,88028800
1992-08-28,2.296875,2.328125,2.296875,2.324219,1.422420,49468800
1992-08-31,2.320313,2.343750,2.296875,2.328125,1.424811,25651200
1992-09-01,2.312500,2.332031,2.289063,2.328125,1.424811,30825600
1992-09-02,2.328125,2.367188,2.304688,2.355469,1.441545,61955200
1992-09-03,2.367188,2.414063,2.359375,2.394531,1.465451,85296000
1992-09-04,2.382813,2.390625,2.359375,2.375000,1.453498,28585600
1992-09-08,2.375000,2.402344,2.351563,2.398438,1.467842,49376000
1992-09-09,2.398438,2.449219,2.390625,2.441406,1.494138,60982400
1992-09-10,2.445313,2.468750,2.421875,2.468750,1.510872,53302400
1992-09-11,2.453125,2.476563,2.437500,2.460938,1.506092,30796800
1992-09-14,2.492188,2.562500,2.492188,2.554688,1.563467,95100800
1992-09-15,2.546875,2.554688,2.500000,2.539063,1.553905,44614400
1992-09-16,2.492188,2.554688,2.484375,2.511719,1.537170,35708800
1992-09-17,2.515625,2.546875,2.507813,2.535156,1.551513,23590400
1992-09-18,2.539063,2.546875,2.449219,2.496094,1.527608,71683200
1992-09-21,2.460938,2.484375,2.445313,2.472656,1.513263,31811200
1992-09-22,2.468750,2.472656,2.421875,2.429688,1.486967,30777600
1992-09-23,2.429688,2.492188,2.421875,2.472656,1.513263,37654400
1992-09-24,2.476563,2.515625,2.476563,2.507813,1.534780,36953600
1992-09-25,2.507813,2.511719,2.375000,2.460938,1.506092,41817600
1992-09-28,2.390625,2.445313,2.382813,2.406250,1.472623,52854400
1992-09-29,2.406250,2.468750,2.406250,2.460938,1.506092,39392000
1992-09-30,2.492188,2.515625,2.460938,2.515625,1.539560,59843200
1992-10-01,2.500000,2.531250,2.484375,2.488281,1.522826,47804800
1992-10-02,2.476563,2.492188,2.437500,2.460938,1.506092,36803200
1992-10-05,2.453125,2.554688,2.367188,2.554688,1.563467,71347200
1992-10-06,2.570313,2.609375,2.539063,2.578125,1.577811,74316800
1992-10-07,2.578125,2.632813,2.531250,2.535156,1.551513,58153600
1992-10-08,2.570313,2.640625,2.554688,2.605469,1.594544,59532800
1992-10-09,2.609375,2.609375,2.546875,2.574219,1.575420,40182400
1992-10-12,2.593750,2.625000,2.585938,2.621094,1.604108,34700800
1992-10-13,2.648438,2.667969,2.601563,2.632813,1.611280,86643200
1992-10-14,2.636719,2.656250,2.593750,2.609375,1.596935,47456000
1992-10-15,2.601563,2.648438,2.585938,2.640625,1.616061,35942400
1992-10-16,2.648438,2.671875,2.617188,2.667969,1.632795,47644800
1992-10-19,2.656250,2.757813,2.656250,2.746094,1.680608,83280000
1992-10-20,2.757813,2.804688,2.718750,2.746094,1.680608,84150400
1992-10-21,2.757813,2.812500,2.742188,2.812500,1.721248,60396800
1992-10-22,2.812500,2.820313,2.757813,2.804688,1.716467,49174400
1992-10-23,2.820313,2.820313,2.757813,2.769531,1.694951,46006400
1992-10-26,2.765625,2.820313,2.742188,2.812500,1.721248,40121600
1992-10-27,2.812500,2.820313,2.734375,2.750000,1.682998,49116800
1992-10-28,2.757813,2.773438,2.726563,2.765625,1.692560,36172800
1992-10-29,2.773438,2.812500,2.765625,2.812500,1.721248,32774400
1992-10-30,2.808594,2.812500,2.765625,2.773438,1.697342,24998400
1992-11-02,2.781250,2.812500,2.742188,2.800781,1.714076,31091200
1992-11-03,2.796875,2.804688,2.738281,2.757813,1.687779,35267200
1992-11-04,2.757813,2.804688,2.750000,2.765625,1.692560,23657600
1992-11-05,2.781250,2.882813,2.757813,2.871094,1.757107,90361600
1992-11-06,2.867188,2.914063,2.851563,2.898438,1.773842,61155200
1992-11-09,2.898438,2.898438,2.828125,2.871094,1.757107,54796800
1992-11-10,2.875000,2.914063,2.859375,2.902344,1.776233,38710400
1992-11-11,2.898438,2.968750,2.882813,2.929688,1.792968,60748800
1992-11-12,2.929688,2.945313,2.875000,2.921875,1.788184,46960000
1992-11-13,2.921875,2.929688,2.890625,2.914063,1.783404,25811200
1992-11-16,2.906250,2.921875,2.882813,2.898438,1.773842,19312000
1992-11-17,2.902344,2.937500,2.789063,2.812500,1.721248,56649600
1992-11-18,2.828125,2.890625,2.808594,2.875000,1.759499,33273600
1992-11-19,2.882813,2.968750,2.882813,2.937500,1.797748,46857600
1992-11-20,2.937500,2.968750,2.929688,2.968750,1.816872,41113600
1992-11-23,2.820313,2.867188,2.726563,2.765625,1.692560,309884800
1992-11-24,2.851563,2.898438,2.789063,2.859375,1.749935,145513600
1992-11-25,2.875000,2.890625,2.820313,2.847656,1.742764,53152000
1992-11-27,2.859375,2.890625,2.843750,2.867188,1.754717,17593600
1992-11-30,2.890625,2.914063,2.867188,2.910156,1.781014,35251200
1992-12-01,2.898438,2.921875,2.875000,2.910156,1.781014,33593600
1992-12-02,2.906250,2.921875,2.828125,2.835938,1.735591,49881600
1992-12-03,2.835938,2.890625,2.828125,2.863281,1.752326,26048000
1992-12-04,2.859375,2.890625,2.851563,2.867188,1.754717,23548800
1992-12-07,2.875000,2.921875,2.843750,2.917969,1.785795,46422400
1992-12-08,2.929688,2.937500,2.859375,2.890625,1.769061,26908800
1992-12-09,2.867188,2.914063,2.851563,2.875000,1.759499,26048000
1992-12-10,2.812500,2.867188,2.765625,2.781250,1.702123,89296000
1992-12-11,2.765625,2.781250,2.679688,2.699219,1.651920,112934400
1992-12-14,2.710938,2.757813,2.703125,2.722656,1.666264,51286400
1992-12-15,2.726563,2.742188,2.671875,2.699219,1.651920,45289600
1992-12-16,2.703125,2.757813,2.664063,2.718750,1.663873,73792000
1992-12-17,2.726563,2.820313,2.718750,2.812500,1.721248,51859200
1992-12-18,2.781250,2.820313,2.765625,2.812500,1.721248,74387200
1992-12-21,2.804688,2.875000,2.789063,2.828125,1.730811,64928000
1992-12-22,2.843750,2.859375,2.718750,2.742188,1.678217,56928000
1992-12-23,2.750000,2.757813,2.687500,2.726563,1.668654,59974400
1992-12-24,2.726563,2.726563,2.687500,2.726563,1.668654,32723200
1992-12-28,2.726563,2.742188,2.687500,2.734375,1.673435,45731200
1992-12-29,2.726563,2.734375,2.695313,2.703125,1.654310,60035200
1992-12-30,2.710938,2.718750,2.664063,2.683594,1.642358,50860800
1992-12-31,2.687500,2.695313,2.664063,2.667969,1.632795,30851200
1993-01-04,2.656250,2.679688,2.640625,2.660156,1.628014,72646400
1993-01-05,2.656250,2.710938,2.648438,2.703125,1.654310,71529600
1993-01-06,2.718750,2.789063,2.710938,2.781250,1.702123,87440000
1993-01-07,2.781250,2.808594,2.718750,2.726563,1.668654,58748800
1993-01-08,2.726563,2.757813,2.695313,2.722656,1.666264,43977600
1993-01-11,2.726563,2.789063,2.695313,2.785156,1.704514,58348800
1993-01-12,2.781250,2.851563,2.773438,2.804688,1.716467,85129600
1993-01-13,2.796875,2.882813,2.757813,2.851563,1.745154,83696000
1993-01-14,2.882813,2.937500,2.828125,2.851563,1.745154,121264000
1993-01-15,2.734375,2.843750,2.718750,2.804688,1.716467,181958400
1993-01-18,2.796875,2.804688,2.757813,2.789063,1.706905,50611200
1993-01-19,2.781250,2.789063,2.757813,2.761719,1.690169,52960000
1993-01-20,2.765625,2.781250,2.742188,2.761719,1.690169,47968000
1993-01-21,2.742188,2.812500,2.710938,2.796875,1.711686,73363200
1993-01-22,2.804688,2.820313,2.773438,2.792969,1.709295,49088000
1993-01-25,2.789063,2.820313,2.742188,2.765625,1.692560,49609600
1993-01-26,2.765625,2.812500,2.734375,2.750000,1.682998,42345600
1993-01-27,2.734375,2.742188,2.671875,2.695313,1.649530,64192000
1993-01-28,2.695313,2.722656,2.648438,2.718750,1.663873,77030400
1993-01-29,2.734375,2.750000,2.679688,2.703125,1.654310,39424000
1993-02-01,2.695313,2.750000,2.671875,2.734375,1.673435,42854400
1993-02-02,2.730469,2.796875,2.726563,2.781250,1.702123,70371200
1993-02-03,2.796875,2.820313,2.750000,2.761719,1.690169,71728000
1993-02-04,2.742188,2.742188,2.640625,2.656250,1.625623,124214400
1993-02-05,2.648438,2.796875,2.570313,2.781250,1.702123,177216000
1993-02-08,2.765625,2.781250,2.656250,2.679688,1.639967,92665600
1993-02-09,2.710938,2.726563,2.609375,2.621094,1.604108,64550400
1993-02-10,2.640625,2.695313,2.625000,2.671875,1.635185,39193600
1993-02-11,2.695313,2.703125,2.648438,2.664063,1.630404,31635200
1993-02-12,2.664063,2.664063,2.601563,2.613281,1.599326,34752000
1993-02-16,2.589844,2.617188,2.492188,2.503906,1.532388,91180800
1993-02-17,2.531250,2.539063,2.414063,2.507813,1.534780,121913600
1993-02-18,2.539063,2.585938,2.468750,2.550781,1.561075,138553600
1993-02-19,2.558594,2.562500,2.484375,2.492188,1.525217,97094400
1993-02-22,2.492188,2.531250,2.398438,2.398438,1.467842,76256000
1993-02-23,2.437500,2.515625,2.398438,2.484375,1.520436,105974400
1993-02-24,2.468750,2.625000,2.460938,2.621094,1.604108,77548800
1993-02-25,2.578125,2.656250,2.578125,2.636719,1.613671,60806400
1993-02-26,2.632813,2.656250,2.593750,2.605469,1.594544,29833600
1993-03-01,2.617188,2.617188,2.539063,2.546875,1.558686,26432000
1993-03-02,2.554688,2.648438,2.539063,2.644531,1.618451,38380800
1993-03-03,2.648438,2.671875,2.609375,2.648438,1.620842,42352000
1993-03-04,2.648438,2.648438,2.554688,2.617188,1.601717,56659200
1993-03-05,2.609375,2.656250,2.578125,2.585938,1.582592,35724800
1993-03-08,2.582031,2.640625,2.562500,2.613281,1.599326,48022400
1993-03-09,2.625000,2.656250,2.617188,2.632813,1.611280,41312000
1993-03-10,2.640625,2.679688,2.609375,2.656250,1.625623,26592000
1993-03-11,2.664063,2.742188,2.656250,2.703125,1.654310,57779200
1993-03-12,2.687500,2.789063,2.664063,2.781250,1.702123,73580800
1993-03-15,2.789063,2.789063,2.718750,2.738281,1.675825,35347200
1993-03-16,2.757813,2.773438,2.718750,2.742188,1.678217,36336000
1993-03-17,2.710938,2.734375,2.664063,2.667969,1.632795,39644800
1993-03-18,2.679688,2.710938,2.656250,2.664063,1.630404,34406400
1993-03-19,2.679688,2.679688,2.625000,2.632813,1.611280,45404800
1993-03-22,2.601563,2.625000,2.578125,2.605469,1.594544,34083200
1993-03-23,2.609375,2.656250,2.593750,2.597656,1.589763,34409600
1993-03-24,2.601563,2.710938,2.593750,2.695313,1.649530,50576000
1993-03-25,2.703125,2.757813,2.699219,2.730469,1.671044,43833600
1993-03-26,2.750000,2.757813,2.687500,2.707031,1.656701,28380800
1993-03-29,2.710938,2.765625,2.710938,2.718750,1.663873,48262400
1993-03-30,2.765625,2.851563,2.726563,2.843750,1.740373,140777600
1993-03-31,2.851563,2.945313,2.835938,2.890625,1.769061,179660800
1993-04-01,2.890625,2.960938,2.890625,2.906250,1.778623,100412800
1993-04-02,2.867188,2.875000,2.804688,2.804688,1.716467,73251200
1993-04-05,2.773438,2.882813,2.750000,2.859375,1.749935,61187200
1993-04-06,2.867188,2.906250,2.789063,2.804688,1.716467,55699200
1993-04-07,2.812500,2.828125,2.789063,2.820313,1.726030,39417600
1993-04-08,2.812500,2.820313,2.757813,2.781250,1.702123,40185600
1993-04-12,2.773438,2.851563,2.765625,2.816406,1.723639,48976000
1993-04-13,2.820313,2.882813,2.773438,2.777344,1.699733,53337600
1993-04-14,2.781250,2.820313,2.742188,2.781250,1.702123,38592000
1993-04-15,2.750000,2.808594,2.687500,2.722656,1.666264,109152000
1993-04-16,2.726563,2.742188,2.671875,2.718750,1.663873,49600000
1993-04-19,2.718750,2.726563,2.656250,2.718750,1.663873,45673600
1993-04-20,2.710938,2.734375,2.656250,2.710938,1.659093,46009600
1993-04-21,2.710938,2.710938,2.632813,2.652344,1.623233,92528000
1993-04-22,2.640625,2.656250,2.589844,2.601563,1.592155,79872000
1993-04-23,2.593750,2.601563,2.523438,2.542969,1.556295,89296000
1993-04-26,2.546875,2.578125,2.492188,2.511719,1.537170,65376000
1993-04-27,2.515625,2.585938,2.507813,2.578125,1.577811,58208000
1993-04-28,2.593750,2.687500,2.585938,2.687500,1.644748,55372800
1993-04-29,2.679688,2.679688,2.625000,2.671875,1.635185,49660800
1993-04-30,2.656250,2.710938,2.656250,2.671875,1.635185,46825600
1993-05-03,2.671875,2.718750,2.656250,2.691406,1.647139,38096000
1993-05-04,2.710938,2.765625,2.703125,2.750000,1.682998,49664000
1993-05-05,2.750000,2.812500,2.734375,2.789063,1.706905,51868800
1993-05-06,2.781250,2.804688,2.710938,2.726563,1.668654,47244800
1993-05-07,2.726563,2.742188,2.703125,2.718750,1.663873,31798400
1993-05-10,2.765625,2.812500,2.750000,2.785156,1.704514,69091200
1993-05-11,2.757813,2.773438,2.726563,2.742188,1.678217,38220800
1993-05-12,2.734375,2.750000,2.679688,2.695313,1.649530,48272000
1993-05-13,2.679688,2.687500,2.640625,2.679688,1.639967,43708800
1993-05-14,2.687500,2.710938,2.648438,2.671875,1.635185,49116800
1993-05-17,2.679688,2.707031,2.664063,2.703125,1.654310,27763200
1993-05-18,2.710938,2.773438,2.703125,2.765625,1.692560,84185600
1993-05-19,2.835938,2.906250,2.796875,2.890625,1.769061,181017600
1993-05-20,2.882813,2.976563,2.875000,2.941406,1.800139,150256000
1993-05-21,2.921875,2.945313,2.875000,2.890625,1.769061,75500800
1993-05-24,2.882813,2.937500,2.875000,2.878906,1.761888,64252800
1993-05-25,2.867188,2.875000,2.812500,2.851563,1.745154,36716800
1993-05-26,2.859375,2.976563,2.851563,2.976563,1.821655,87484800
1993-05-27,2.968750,2.984375,2.906250,2.941406,1.800139,95052800
1993-05-28,2.921875,2.929688,2.867188,2.894531,1.771451,35136000
1993-06-01,2.906250,3.062500,2.898438,3.007813,1.840779,173088000
1993-06-02,2.992188,3.046875,2.976563,2.992188,1.831217,70710400
1993-06-03,2.992188,3.000000,2.953125,2.957031,1.809701,23936000
1993-06-04,2.937500,2.953125,2.921875,2.937500,1.797748,32652800
1993-06-07,2.945313,2.992188,2.906250,2.914063,1.783404,52761600
1993-06-08,2.906250,2.914063,2.835938,2.882813,1.764280,48131200
1993-06-09,2.898438,2.906250,2.835938,2.843750,1.740373,62480000
1993-06-10,2.851563,2.890625,2.796875,2.847656,1.742764,56544000
1993-06-11,2.867188,2.890625,2.781250,2.792969,1.709295,67542400
1993-06-14,2.843750,2.882813,2.820313,2.882813,1.764280,40489600
1993-06-15,2.906250,2.906250,2.859375,2.890625,1.769061,42345600
1993-06-16,2.898438,2.914063,2.789063,2.851563,1.745154,66966400
1993-06-17,2.859375,2.867188,2.828125,2.839844,1.737983,28083200
1993-06-18,2.828125,2.851563,2.718750,2.734375,1.673435,75910400
1993-06-21,2.773438,2.789063,2.718750,2.769531,1.694951,68102400
1993-06-22,2.789063,2.804688,2.726563,2.750000,1.682998,41062400
1993-06-23,2.750000,2.789063,2.742188,2.769531,1.694951,33129600
1993-06-24,2.757813,2.796875,2.726563,2.765625,1.692560,35782400
1993-06-25,2.765625,2.789063,2.710938,2.765625,1.692560,45484800
1993-06-28,2.773438,2.820313,2.765625,2.820313,1.726030,52224000
1993-06-29,2.820313,2.867188,2.765625,2.781250,1.702123,42361600
1993-06-30,2.789063,2.820313,2.726563,2.750000,1.682998,56422400
1993-07-01,2.757813,2.765625,2.703125,2.722656,1.666264,57907200
1993-07-02,2.726563,2.734375,2.703125,2.726563,1.668654,25404800
1993-07-06,2.710938,2.742188,2.664063,2.687500,1.644748,47721600
1993-07-07,2.566406,2.632813,2.539063,2.605469,1.594544,182569600
1993-07-08,2.625000,2.671875,2.625000,2.652344,1.623233,70105600
1993-07-09,2.656250,2.656250,2.609375,2.644531,1.618451,50000000
1993-07-12,2.648438,2.648438,2.609375,2.617188,1.601717,26540800
1993-07-13,2.625000,2.625000,2.578125,2.585938,1.582592,36476800
1993-07-14,2.593750,2.671875,2.578125,2.632813,1.611280,43491200
1993-07-15,2.632813,2.632813,2.585938,2.609375,1.596935,34432000
1993-07-16,2.601563,2.601563,2.523438,2.535156,1.551513,86217600
1993-07-19,2.484375,2.507813,2.437500,2.460938,1.506092,122435200
1993-07-20,2.476563,2.515625,2.437500,2.515625,1.539560,74822400
1993-07-21,2.453125,2.468750,2.398438,2.468750,1.510872,178963200
1993-07-22,2.523438,2.554688,2.398438,2.425781,1.484576,147584000
1993-07-23,2.406250,2.445313,2.398438,2.425781,1.484576,92790400
1993-07-26,2.445313,2.476563,2.429688,2.445313,1.496530,65801600
1993-07-27,2.453125,2.460938,2.359375,2.359375,1.443936,112220800
1993-07-28,2.375000,2.484375,2.335938,2.445313,1.496530,113459200
1993-07-29,2.437500,2.523438,2.421875,2.468750,1.510872,96534400
1993-07-30,2.281250,2.320313,2.250000,2.312500,1.415248,287936000
1993-08-02,2.335938,2.367188,2.257813,2.273438,1.391342,148208000
1993-08-03,2.281250,2.289063,2.250000,2.281250,1.396124,85136000
1993-08-04,2.289063,2.304688,2.242188,2.281250,1.396124,94416000
1993-08-05,2.296875,2.343750,2.289063,2.335938,1.429592,67910400
1993-08-06,2.335938,2.371094,2.273438,2.289063,1.400905,71760000
1993-08-09,2.289063,2.312500,2.257813,2.281250,1.396124,70876800
1993-08-10,2.281250,2.289063,2.199219,2.218750,1.357874,192028800
1993-08-11,2.226563,2.281250,2.222656,2.261719,1.384171,95974400
1993-08-12,2.265625,2.328125,2.257813,2.312500,1.415248,77366400
1993-08-13,2.312500,2.367188,2.281250,2.351563,1.439155,61900800
1993-08-16,2.367188,2.445313,2.359375,2.429688,1.486967,78451200
1993-08-17,2.437500,2.453125,2.375000,2.414063,1.477405,54272000
1993-08-18,2.429688,2.476563,2.390625,2.414063,1.477405,66012800
1993-08-19,2.414063,2.433594,2.304688,2.320313,1.420030,114742400
1993-08-20,2.296875,2.398438,2.289063,2.382813,1.458279,73683200
1993-08-23,2.359375,2.445313,2.359375,2.406250,1.472623,59472000
1993-08-24,2.390625,2.406250,2.367188,2.371094,1.451108,39417600
1993-08-25,2.343750,2.375000,2.277344,2.320313,1.420030,68800000
1993-08-26,2.296875,2.304688,2.234375,2.253906,1.379390,136256000
1993-08-27,2.257813,2.265625,2.226563,2.246094,1.374608,67763200
1993-08-30,2.265625,2.289063,2.242188,2.269531,1.388952,54012800
1993-08-31,2.304688,2.359375,2.296875,2.347656,1.436763,93020800
1993-09-01,2.351563,2.414063,2.343750,2.398438,1.467842,86035200
1993-09-02,2.414063,2.453125,2.378906,2.394531,1.465451,55497600
1993-09-03,2.390625,2.398438,2.351563,2.367188,1.448718,26800000
1993-09-07,2.367188,2.382813,2.320313,2.335938,1.429592,38659200
1993-09-08,2.312500,2.335938,2.289063,2.328125,1.424811,54777600
1993-09-09,2.343750,2.390625,2.328125,2.382813,1.458279,29856000
1993-09-10,2.406250,2.445313,2.382813,2.437500,1.491748,56540800
1993-09-13,2.453125,2.453125,2.382813,2.386719,1.460670,33481600
1993-09-14,2.375000,2.382813,2.320313,2.351563,1.439155,57756800
1993-09-15,2.367188,2.398438,2.324219,2.390625,1.463061,60428800
1993-09-16,2.398438,2.414063,2.367188,2.375000,1.453498,25641600
1993-09-17,2.359375,2.390625,2.351563,2.375000,1.453498,25286400
1993-09-20,2.382813,2.429688,2.343750,2.363281,1.446326,34691200
1993-09-21,2.359375,2.417969,2.335938,2.375000,1.453498,57846400
1993-09-22,2.375000,2.437500,2.351563,2.414063,1.477405,72051200
1993-09-23,2.414063,2.476563,2.398438,2.460938,1.506092,72214400
1993-09-24,2.453125,2.523438,2.453125,2.500000,1.529998,91481600
1993-09-27,2.554688,2.578125,2.539063,2.570313,1.573030,73472000
1993-09-28,2.570313,2.632813,2.570313,2.625000,1.606498,84012800
1993-09-29,2.617188,2.625000,2.523438,2.593750,1.587373,87529600
1993-09-30,2.585938,2.601563,2.570313,2.578125,1.577811,38400000
1993-10-01,2.578125,2.601563,2.562500,2.562500,1.568248,46048000
1993-10-04,2.578125,2.625000,2.578125,2.582031,1.580201,40505600
1993-10-05,2.585938,2.648438,2.578125,2.601563,1.592155,86931200
1993-10-06,2.601563,2.671875,2.593750,2.652344,1.623233,77321600
1993-10-07,2.656250,2.679688,2.617188,2.628906,1.608889,41596800
1993-10-08,2.632813,2.648438,2.570313,2.640625,1.616061,38086400
1993-10-11,2.640625,2.648438,2.570313,2.625000,1.606498,36457600
1993-10-12,2.632813,2.664063,2.570313,2.632813,1.611280,79296000
1993-10-13,2.617188,2.632813,2.539063,2.601563,1.592155,62409600
1993-10-14,2.617188,2.625000,2.562500,2.566406,1.570638,63257600
1993-10-15,2.570313,2.593750,2.507813,2.523438,1.544343,126425600
1993-10-18,2.531250,2.601563,2.523438,2.593750,1.587373,67750400
1993-10-19,2.562500,2.625000,2.484375,2.507813,1.534780,91392000
1993-10-20,2.515625,2.554688,2.476563,2.531250,1.549123,81590400
1993-10-21,2.460938,2.500000,2.437500,2.484375,1.520436,127142400
1993-10-22,2.476563,2.523438,2.476563,2.511719,1.537170,47625600
1993-10-25,2.515625,2.539063,2.468750,2.515625,1.539560,48553600
1993-10-26,2.515625,2.523438,2.476563,2.484375,1.520436,66944000
1993-10-27,2.484375,2.515625,2.484375,2.496094,1.527608,45564800
1993-10-28,2.492188,2.515625,2.460938,2.468750,1.510872,56009600
1993-10-29,2.484375,2.507813,2.476563,2.503906,1.532388,39843200
1993-11-01,2.507813,2.546875,2.492188,2.527344,1.546733,30163200
1993-11-02,2.539063,2.546875,2.484375,2.507813,1.534780,42422400
1993-11-03,2.500000,2.515625,2.429688,2.453125,1.501311,56796800
1993-11-04,2.460938,2.468750,2.390625,2.390625,1.463061,63177600
1993-11-05,2.382813,2.468750,2.375000,2.460938,1.506092,56432000
1993-11-08,2.468750,2.484375,2.429688,2.453125,1.501311,28819200
1993-11-09,2.468750,2.500000,2.437500,2.445313,1.496530,36320000
1993-11-10,2.500000,2.550781,2.468750,2.542969,1.556295,57177600
1993-11-11,2.539063,2.578125,2.531250,2.550781,1.561075,31158400
1993-11-12,2.554688,2.578125,2.554688,2.558594,1.565858,34339200
1993-11-15,2.562500,2.562500,2.515625,2.515625,1.539560,29244800
1993-11-16,2.531250,2.585938,2.515625,2.570313,1.573030,47664000
1993-11-17,2.585938,2.593750,2.523438,2.523438,1.544343,72217600
1993-11-18,2.523438,2.546875,2.500000,2.507813,1.534780,48438400
1993-11-19,2.492188,2.507813,2.484375,2.503906,1.532388,38403200
1993-11-22,2.492188,2.492188,2.390625,2.406250,1.472623,80355200
1993-11-23,2.429688,2.453125,2.414063,2.417969,1.479797,98256000
1993-11-24,2.421875,2.492188,2.421875,2.460938,1.506092,32467200
1993-11-26,2.468750,2.476563,2.460938,2.468750,1.510872,6403200
1993-11-29,2.468750,2.500000,2.468750,2.484375,1.520436,32105600
1993-11-30,2.453125,2.515625,2.445313,2.500000,1.529998,44153600
1993-12-01,2.515625,2.570313,2.515625,2.546875,1.558686,58886400
1993-12-02,2.562500,2.593750,2.554688,2.589844,1.584983,51936000
1993-12-03,2.617188,2.703125,2.609375,2.679688,1.639967,114502400
1993-12-06,2.656250,2.671875,2.625000,2.652344,1.623233,59337600
1993-12-07,2.656250,2.687500,2.656250,2.671875,1.635185,32780800
1993-12-08,2.593750,2.617188,2.570313,2.609375,1.596935,105900800
1993-12-09,2.609375,2.609375,2.515625,2.535156,1.551513,61465600
1993-12-10,2.539063,2.570313,2.523438,2.558594,1.565858,19916800
1993-12-13,2.546875,2.562500,2.523438,2.542969,1.556295,20112000
1993-12-14,2.531250,2.546875,2.476563,2.500000,1.529998,47414400
1993-12-15,2.500000,2.531250,2.492188,2.492188,1.525217,35219200
1993-12-16,2.500000,2.531250,2.492188,2.500000,1.529998,29113600
1993-12-17,2.515625,2.515625,2.492188,2.515625,1.539560,26112000
1993-12-20,2.531250,2.562500,2.515625,2.562500,1.568248,35462400
1993-12-21,2.562500,2.578125,2.546875,2.578125,1.577811,31008000
1993-12-22,2.570313,2.578125,2.531250,2.535156,1.551513,24169600
1993-12-23,2.531250,2.570313,2.523438,2.527344,1.546733,31820800
1993-12-27,2.523438,2.539063,2.492188,2.515625,1.539560,24537600
1993-12-28,2.515625,2.593750,2.515625,2.585938,1.582592,27776000
1993-12-29,2.585938,2.609375,2.515625,2.546875,1.558686,48988800
1993-12-30,2.554688,2.570313,2.523438,2.539063,1.553905,25328000
1993-12-31,2.531250,2.546875,2.507813,2.519531,1.541951,22995200
1994-01-03,2.515625,2.523438,2.476563,2.503906,1.532388,36646400
1994-01-04,2.507813,2.523438,2.476563,2.515625,1.539560,45302400
1994-01-05,2.507813,2.578125,2.500000,2.570313,1.573030,53974400
1994-01-06,2.582031,2.648438,2.578125,2.644531,1.618451,82006400
1994-01-07,2.632813,2.679688,2.601563,2.664063,1.630404,70832000
1994-01-10,2.656250,2.703125,2.656250,2.679688,1.639967,74185600
1994-01-11,2.656250,2.687500,2.636719,2.664063,1.630404,35360000
1994-01-12,2.656250,2.679688,2.617188,2.671875,1.635185,39488000
1994-01-13,2.648438,2.671875,2.625000,2.667969,1.632795,40755200
1994-01-14,2.671875,2.687500,2.648438,2.675781,1.637576,45216000
1994-01-17,2.664063,2.687500,2.640625,2.648438,1.620842,30755200
1994-01-18,2.664063,2.671875,2.625000,2.644531,1.618451,43686400
1994-01-19,2.617188,2.632813,2.578125,2.601563,1.592155,76563200
1994-01-20,2.601563,2.699219,2.601563,2.695313,1.649530,145004800
1994-01-21,2.695313,2.718750,2.656250,2.695313,1.649530,99078400
1994-01-24,2.687500,2.718750,2.656250,2.664063,1.630404,38374400
1994-01-25,2.664063,2.667969,2.625000,2.660156,1.628014,70361600
1994-01-26,2.656250,2.656250,2.625000,2.632813,1.611280,50489600
1994-01-27,2.625000,2.648438,2.601563,2.632813,1.611280,51129600
1994-01-28,2.640625,2.671875,2.632813,2.652344,1.623233,41875200
1994-01-31,2.664063,2.683594,2.648438,2.660156,1.628014,62566400
1994-02-01,2.656250,2.679688,2.640625,2.660156,1.628014,44003200
1994-02-02,2.648438,2.671875,2.625000,2.625000,1.606498,40924800
1994-02-03,2.632813,2.640625,2.609375,2.640625,1.616061,31792000
1994-02-04,2.625000,2.640625,2.539063,2.539063,1.553905,78217600
1994-02-07,2.492188,2.539063,2.484375,2.523438,1.544343,118851200
1994-02-08,2.515625,2.515625,2.437500,2.460938,1.506092,149875200
1994-02-09,2.453125,2.507813,2.437500,2.488281,1.522826,98585600
1994-02-10,2.492188,2.523438,2.468750,2.480469,1.518045,66620800
1994-02-11,2.476563,2.484375,2.437500,2.460938,1.506092,53747200
1994-02-14,2.468750,2.484375,2.460938,2.472656,1.513263,55270400
1994-02-15,2.492188,2.507813,2.476563,2.492188,1.525217,28876800
1994-02-16,2.507813,2.507813,2.460938,2.460938,1.506092,43731200
1994-02-17,2.468750,2.484375,2.437500,2.457031,1.503701,85017600
1994-02-18,2.453125,2.523438,2.453125,2.500000,1.529998,79465600
1994-02-22,2.500000,2.507813,2.453125,2.484375,1.520436,63235200
1994-02-23,2.492188,2.562500,2.445313,2.531250,1.549123,139462400
1994-02-24,2.500000,2.523438,2.476563,2.496094,1.527608,82553600
1994-02-25,2.507813,2.539063,2.492188,2.531250,1.549123,52995200
1994-02-28,2.539063,2.593750,2.531250,2.578125,1.577811,55494400
1994-03-01,2.593750,2.601563,2.570313,2.601563,1.592155,48070400
1994-03-02,2.554688,2.593750,2.531250,2.585938,1.582592,68499200
1994-03-03,2.593750,2.601563,2.515625,2.531250,1.549123,31564800
1994-03-04,2.531250,2.546875,2.515625,2.531250,1.549123,25705600
1994-03-07,2.539063,2.570313,2.523438,2.539063,1.553905,30540800
1994-03-08,2.539063,2.539063,2.492188,2.531250,1.549123,24723200
1994-03-09,2.539063,2.554688,2.500000,2.527344,1.546733,37024000
1994-03-10,2.546875,2.570313,2.515625,2.527344,1.546733,46588800
1994-03-11,2.531250,2.570313,2.523438,2.554688,1.563467,34857600
1994-03-14,2.578125,2.632813,2.570313,2.621094,1.604108,69203200
1994-03-15,2.625000,2.664063,2.609375,2.652344,1.623233,62934400
1994-03-16,2.656250,2.664063,2.640625,2.648438,1.620842,41286400
1994-03-17,2.648438,2.664063,2.640625,2.640625,1.616061,30992000
1994-03-18,2.640625,2.656250,2.609375,2.648438,1.620842,36857600
1994-03-21,2.656250,2.667969,2.593750,2.601563,1.592155,65078400
1994-03-22,2.570313,2.679688,2.570313,2.648438,1.620842,89024000
1994-03-23,2.664063,2.734375,2.656250,2.695313,1.649530,116441600
1994-03-24,2.679688,2.726563,2.656250,2.726563,1.668654,60166400
1994-03-25,2.718750,2.789063,2.718750,2.734375,1.673435,102051200
1994-03-28,2.734375,2.750000,2.617188,2.699219,1.651920,118403200
1994-03-29,2.703125,2.703125,2.578125,2.578125,1.577811,78339200
1994-03-30,2.585938,2.656250,2.578125,2.613281,1.599326,86860800
1994-03-31,2.609375,2.679688,2.578125,2.648438,1.620842,72297600
1994-04-04,2.578125,2.679688,2.562500,2.640625,1.616061,73996800
1994-04-05,2.664063,2.742188,2.656250,2.742188,1.678217,101878400
1994-04-06,2.734375,2.789063,2.726563,2.781250,1.702123,80780800
1994-04-07,2.789063,2.816406,2.773438,2.804688,1.716467,76630400
1994-04-08,2.804688,2.812500,2.710938,2.718750,1.663873,118710400
1994-04-11,2.718750,2.726563,2.687500,2.718750,1.663873,40400000
1994-04-12,2.710938,2.710938,2.625000,2.648438,1.620842,84969600
1994-04-13,2.648438,2.671875,2.593750,2.652344,1.623233,69644800
1994-04-14,2.640625,2.664063,2.617188,2.628906,1.608889,53088000
1994-04-15,2.609375,2.664063,2.609375,2.652344,1.623233,35241600
1994-04-18,2.648438,2.679688,2.570313,2.593750,1.587373,78006400
1994-04-19,2.718750,2.796875,2.679688,2.753906,1.685389,291273600
1994-04-20,2.765625,2.800781,2.718750,2.796875,1.711686,104732800
1994-04-21,2.796875,2.867188,2.789063,2.859375,1.749935,141980800
1994-04-22,2.875000,2.898438,2.835938,2.867188,1.754717,66060800
1994-04-25,2.875000,2.945313,2.859375,2.929688,1.792968,142745600
1994-04-26,2.953125,2.976563,2.937500,2.966797,1.815678,113193600
1994-04-28,2.976563,2.976563,2.867188,2.878906,1.761888,141382400
1994-04-29,2.875000,2.921875,2.851563,2.890625,1.769061,56803200
1994-05-02,2.898438,2.986328,2.875000,2.984375,1.826436,79260800
1994-05-03,2.976563,2.984375,2.914063,2.921875,1.788184,41929600
1994-05-04,2.929688,2.976563,2.898438,2.972656,1.819264,68889600
1994-05-05,2.976563,3.007813,2.937500,2.949219,1.804920,56374400
1994-05-06,2.914063,2.945313,2.839844,2.890625,1.769061,96403200
1994-05-09,2.867188,2.925781,2.863281,2.882813,1.764280,47600000
1994-05-10,2.906250,2.953125,2.898438,2.937500,1.797748,65305600
1994-05-11,2.937500,2.945313,2.898438,2.921875,1.788184,57433600
1994-05-12,2.921875,2.978027,2.914063,2.953125,1.807310,58998400
1994-05-13,3.046875,3.046875,2.953125,3.015625,1.845560,179920000
1994-05-16,3.007813,3.023438,2.960938,2.968750,1.816872,56633600
1994-05-17,2.968750,2.976563,2.921875,2.957031,1.809701,122464000
1994-05-18,2.976563,3.046875,2.960938,3.033203,1.856317,96953600
1994-05-19,3.039063,3.093750,3.031250,3.074219,1.881420,89651200
1994-05-20,3.062500,3.101563,3.039063,3.054688,1.869467,78140800
1994-05-23,3.062500,3.187500,3.031250,3.160156,1.934012,74947200
1994-05-24,3.203125,3.242188,3.140625,3.195313,1.955529,85144000
1994-05-25,3.187500,3.296875,3.140625,3.281250,2.008124,86003200
1994-05-26,3.296875,3.296875,3.203125,3.250000,1.988997,64296000
1994-05-27,3.234375,3.296875,3.203125,3.273438,2.003341,47544000
1994-05-31,3.265625,3.360352,3.242188,3.359375,2.055935,76000000
1994-06-01,3.343750,3.343750,3.273438,3.312500,2.027249,100764800
1994-06-02,3.328125,3.335938,3.250000,3.265625,1.998560,60291200
1994-06-03,3.281250,3.343750,3.265625,3.304688,2.022467,86841600
1994-06-06,3.289063,3.414063,3.234375,3.406250,2.084623,764504000
1994-06-07,3.375000,3.390625,3.343750,3.351563,2.051155,166171200
1994-06-08,3.351563,3.351563,3.226563,3.250000,1.988997,203835200
1994-06-09,3.242188,3.285156,3.234375,3.265625,1.998560,79356800
1994-06-10,3.265625,3.312500,3.242188,3.285156,2.010514,53726400
1994-06-13,3.289063,3.335938,3.242188,3.304688,2.022467,56628800
1994-06-14,3.320313,3.382813,3.312500,3.347656,2.048764,59249600
1994-06-15,3.351563,3.414063,3.328125,3.390625,2.075061,58860800
1994-06-16,3.390625,3.390625,3.343750,3.347656,2.048764,48478400
1994-06-17,3.343750,3.351563,3.304688,3.312500,2.027249,47622400
1994-06-20,3.281250,3.343750,3.273438,3.343750,2.046372,45668800
1994-06-21,3.257813,3.335938,3.250000,3.289063,2.012903,86995200
1994-06-22,3.296875,3.312500,3.203125,3.218750,1.969873,82924800
1994-06-23,3.218750,3.265625,3.125000,3.132813,1.917279,85979200
1994-06-24,3.125000,3.148438,3.078125,3.093750,1.893373,81454400
1994-06-27,3.109375,3.257813,3.085938,3.242188,1.984217,76161600
1994-06-28,3.250000,3.296875,3.136719,3.207031,1.962702,99417600
1994-06-29,3.210938,3.242188,3.179688,3.210938,1.965091,53435200
1994-06-30,3.234375,3.257813,3.187500,3.226563,1.974654,40827200
1994-07-01,3.226563,3.234375,3.116211,3.140625,1.922060,66622400
1994-07-05,3.148438,3.187500,3.062500,3.070313,1.879030,40430400
1994-07-06,3.035156,3.062500,2.984375,3.019531,1.847951,89254400
1994-07-07,3.031250,3.156250,2.996094,3.148438,1.926842,89667200
1994-07-08,3.117188,3.179688,3.070313,3.093750,1.893373,48945600
1994-07-11,3.101563,3.101563,2.984375,3.023438,1.850343,85406400
1994-07-12,3.015625,3.015625,2.929688,3.000000,1.835997,83752000
1994-07-13,3.015625,3.093750,2.992188,3.093750,1.893373,82956800
1994-07-14,3.085938,3.101563,3.023438,3.046875,1.864686,81446400
1994-07-15,3.046875,3.085938,3.000000,3.039063,1.859904,45520000
1994-07-18,3.218750,3.234375,3.093750,3.156250,1.931623,150499200
1994-07-19,3.164063,3.164063,3.101563,3.132813,1.917279,70126400
1994-07-20,3.125000,3.125000,2.992188,3.023438,1.850343,112604800
1994-07-21,3.039063,3.054688,2.968750,2.984375,1.826436,85740800
1994-07-22,3.031250,3.171875,2.953125,3.160156,1.934012,152916800
1994-07-25,3.164063,3.226563,3.140625,3.199219,1.957920,51513600
1994-07-26,3.195313,3.203125,3.109375,3.148438,1.926842,54308800
1994-07-27,3.148438,3.148438,3.093750,3.093750,1.893373,29291200
1994-07-28,3.093750,3.140625,3.078125,3.093750,1.893373,39899200
1994-07-29,3.117188,3.226563,3.101563,3.218750,1.969873,67064000
1994-08-01,3.226563,3.351563,3.218750,3.335938,2.041592,83934400
1994-08-02,3.359375,3.414063,3.289063,3.300781,2.020076,95249600
1994-08-03,3.359375,3.375000,3.320313,3.335938,2.041592,58771200
1994-08-04,3.343750,3.351563,3.296875,3.296875,2.017684,40192000
1994-08-05,3.289063,3.304688,3.265625,3.281250,2.008124,31204800
1994-08-08,3.273438,3.312500,3.250000,3.312500,2.027249,34537600
1994-08-09,3.312500,3.367188,3.296875,3.343750,2.046372,40198400
1994-08-10,3.343750,3.398438,3.328125,3.382813,2.070279,48646400
1994-08-11,3.367188,3.500000,3.367188,3.453125,2.113309,81428800
1994-08-12,3.460938,3.476563,3.429688,3.453125,2.113309,38088000
1994-08-15,3.468750,3.468750,3.398438,3.402344,2.082232,36113600
1994-08-16,3.429688,3.445313,3.375000,3.429688,2.098967,56779200
1994-08-17,3.460938,3.515625,3.445313,3.492188,2.137216,79790400
1994-08-18,3.492188,3.523438,3.460938,3.468750,2.122872,61276800
1994-08-19,3.492188,3.500000,3.421875,3.429688,2.098967,74761600
1994-08-22,3.437500,3.437500,3.406250,3.414063,2.089404,62835200
1994-08-23,3.414063,3.523438,3.406250,3.468750,2.122872,58363200
1994-08-24,3.468750,3.500000,3.468750,3.484375,2.132436,35246400
1994-08-25,3.492188,3.546875,3.484375,3.511719,2.149169,55174400
1994-08-26,3.523438,3.609375,3.515625,3.554688,2.175467,60961600
1994-08-29,3.585938,3.632813,3.562500,3.566406,2.182638,56625600
1994-08-30,3.562500,3.656250,3.539063,3.648438,2.232841,39851200
1994-08-31,3.648438,3.703125,3.609375,3.632813,2.223279,60968000
1994-09-01,3.562500,3.562500,3.484375,3.507813,2.146779,115568000
1994-09-02,3.531250,3.531250,3.484375,3.500000,2.141998,46964800
1994-09-06,3.492188,3.515625,3.480469,3.500000,2.141998,28804800
1994-09-07,3.515625,3.613281,3.507813,3.554688,2.175467,43588800
1994-09-08,3.562500,3.625000,3.562500,3.621094,2.216107,28377600
1994-09-09,3.507813,3.617188,3.492188,3.554688,2.175467,60800000
1994-09-12,3.570313,3.570313,3.492188,3.507813,2.146779,36238400
1994-09-13,3.523438,3.617188,3.523438,3.597656,2.201763,41134400
1994-09-14,3.609375,3.632813,3.593750,3.601563,2.204153,29968000
1994-09-15,3.601563,3.640625,3.585938,3.640625,2.228060,40640000
1994-09-16,3.625000,3.632813,3.546875,3.554688,2.175467,52921600
1994-09-19,3.570313,3.578125,3.539063,3.554688,2.175467,48350400
1994-09-20,3.554688,3.570313,3.496094,3.500000,2.141998,40276800
1994-09-21,3.519531,3.585938,3.437500,3.578125,2.189809,82948800
1994-09-22,3.578125,3.593750,3.539063,3.562500,2.180248,44320000
1994-09-23,3.554688,3.593750,3.500000,3.500000,2.141998,48371200
1994-09-26,3.500000,3.500000,3.453125,3.472656,2.125263,29921600
1994-09-27,3.468750,3.531250,3.429688,3.531250,2.161122,50585600
1994-09-28,3.539063,3.593750,3.531250,3.562500,2.180248,33355200
1994-09-29,3.554688,3.578125,3.523438,3.531250,2.161122,27105600
1994-09-30,3.531250,3.593750,3.507813,3.507813,2.146779,34608000
1994-10-03,3.507813,3.523438,3.468750,3.492188,2.137216,28833600
1994-10-04,3.500000,3.507813,3.429688,3.437500,2.103747,42622400
1994-10-05,3.429688,3.492188,3.382813,3.468750,2.122872,50985600
1994-10-06,3.468750,3.492188,3.390625,3.406250,2.084623,40790400
1994-10-07,3.414063,3.429688,3.367188,3.398438,2.079842,51518400
1994-10-10,3.398438,3.460938,3.398438,3.421875,2.094185,39480000
1994-10-11,3.445313,3.539063,3.445313,3.488281,2.134825,55692800
1994-10-12,3.492188,3.531250,3.484375,3.515625,2.151560,27912000
1994-10-13,3.539063,3.609375,3.539063,3.578125,2.189809,63033600
1994-10-14,3.578125,3.585938,3.449219,3.496094,2.139607,99878400
1994-10-17,3.500000,3.515625,3.437500,3.445313,2.108530,31160000
1994-10-18,3.453125,3.546875,3.441406,3.539063,2.165904,52686400
1994-10-19,3.539063,3.625000,3.515625,3.601563,2.204153,59488000
1994-10-20,3.640625,3.742188,3.617188,3.726563,2.280653,136558400
1994-10-21,3.703125,3.726563,3.648438,3.710938,2.271092,67099200
1994-10-24,3.718750,3.718750,3.648438,3.679688,2.251966,57145600
1994-10-25,3.671875,3.734375,3.648438,3.730469,2.283044,44780800
1994-10-26,3.742188,3.820313,3.734375,3.812500,2.333248,97904000
1994-10-27,3.820313,3.851563,3.796875,3.851563,2.357155,41238400
1994-10-28,3.851563,3.898438,3.835938,3.882813,2.376279,58414400
1994-10-31,3.890625,3.984375,3.875000,3.937500,2.409748,59932800
1994-11-01,3.921875,3.929688,3.882813,3.921875,2.400184,39624000
1994-11-02,3.921875,4.007813,3.906250,3.937500,2.409748,61408000
1994-11-03,3.937500,3.953125,3.898438,3.914063,2.395404,63441600
1994-11-04,3.914063,3.945313,3.832031,3.843750,2.352372,46947200
1994-11-07,3.843750,3.875000,3.804688,3.867188,2.366717,47094400
1994-11-08,3.867188,3.992188,3.855469,3.976563,2.433654,43328000
1994-11-09,4.015625,4.039063,3.945313,3.984375,2.438435,60206400
1994-11-10,3.968750,4.023438,3.968750,3.980469,2.436044,24689600
1994-11-11,3.890625,3.917969,3.796875,3.890625,2.381061,132899200
1994-11-14,3.921875,4.031250,3.921875,4.031250,2.467123,48934400
1994-11-15,4.031250,4.070313,4.015625,4.035156,2.469512,52544000
1994-11-16,4.046875,4.054688,4.031250,4.039063,2.471904,30196800
1994-11-17,4.039063,4.046875,3.992188,4.015625,2.457560,33232000
1994-11-18,4.007813,4.046875,4.000000,4.007813,2.452779,25694400
1994-11-21,4.031250,4.046875,3.960938,3.968750,2.428873,35560000
1994-11-22,3.953125,3.992188,3.867188,3.875000,2.371497,56358400
1994-11-23,3.851563,3.878906,3.816406,3.843750,2.352372,87507200
1994-11-25,3.859375,3.898438,3.851563,3.890625,2.381061,12563200
1994-11-28,3.906250,3.968750,3.890625,3.960938,2.424092,43449600
1994-11-29,3.976563,4.023438,3.968750,4.007813,2.452779,37673600
1994-11-30,4.015625,4.015625,3.921875,3.929688,2.404967,40934400
1994-12-01,3.914063,3.962891,3.906250,3.910156,2.393012,43096000
1994-12-02,3.921875,3.953125,3.875000,3.953125,2.419309,37715200
1994-12-05,3.960938,4.015625,3.945313,3.957031,2.421700,38166400
1994-12-06,3.953125,4.007813,3.937500,3.960938,2.424092,38830400
1994-12-07,3.968750,3.992188,3.937500,3.937500,2.409748,36744000
1994-12-08,3.945313,3.984375,3.890625,3.906250,2.390623,41934400
1994-12-09,3.906250,3.953125,3.890625,3.945313,2.414528,79956800
1994-12-12,3.945313,3.968750,3.851563,3.945313,2.414528,65313600
1994-12-13,3.960938,3.968750,3.890625,3.921875,2.400184,30219200
1994-12-14,3.906250,3.976563,3.906250,3.953125,2.419309,33641600
1994-12-15,3.960938,4.007813,3.937500,3.968750,2.428873,28854400
1994-12-16,3.976563,4.015625,3.950195,3.960938,2.424092,54020800
1994-12-19,3.960938,3.976563,3.906250,3.914063,2.395404,31507200
1994-12-20,3.914063,3.921875,3.671875,3.742188,2.290217,253456000
1994-12-21,3.765625,3.851563,3.757813,3.843750,2.352372,69395200
1994-12-22,3.843750,3.875000,3.765625,3.789063,2.318904,57355200
1994-12-23,3.789063,3.835938,3.773438,3.804688,2.328467,19486400
1994-12-27,3.812500,3.851563,3.789063,3.796875,2.323686,20566400
1994-12-28,3.796875,3.812500,3.750000,3.812500,2.333248,34961600
1994-12-29,3.804688,3.867188,3.789063,3.863281,2.364326,23446400
1994-12-30,3.867188,3.867188,3.820313,3.820313,2.338029,20686400
1995-01-03,3.843750,3.843750,3.757813,3.761719,2.302170,39545600
1995-01-04,3.765625,3.796875,3.718750,3.789063,2.318904,51611200
1995-01-05,3.804688,3.812500,3.710938,3.726563,2.280653,39824000
1995-01-06,3.742188,3.828125,3.734375,3.789063,2.318904,46681600
1995-01-09,3.804688,3.812500,3.734375,3.765625,2.304559,46000000
1995-01-10,3.789063,3.843750,3.781250,3.812500,2.333248,42184000
1995-01-11,3.820313,3.859375,3.796875,3.835938,2.347591,31512000
1995-01-12,3.828125,3.882813,3.812500,3.828125,2.342810,26996800
1995-01-13,3.875000,3.937500,3.867188,3.921875,2.400184,41307200
1995-01-16,3.953125,4.031250,3.937500,4.007813,2.452779,74648000
1995-01-17,4.046875,4.070313,4.023438,4.039063,2.471904,73932800
1995-01-18,4.054688,4.078125,4.015625,4.066406,2.488637,50504000
1995-01-19,4.031250,4.062500,3.964844,3.968750,2.428873,67108800
1995-01-20,3.929688,3.968750,3.828125,3.851563,2.357155,82388800
1995-01-23,3.812500,3.937500,3.781250,3.925781,2.402574,53843200
1995-01-24,3.937500,3.945313,3.875000,3.875977,2.372095,36739200
1995-01-25,3.851563,3.890625,3.812500,3.859375,2.361933,52459200
1995-01-26,3.804688,3.812500,3.734375,3.742188,2.290217,80836800
1995-01-27,3.757813,3.765625,3.734375,3.742188,2.290217,58376000
1995-01-30,3.757813,3.757813,3.679688,3.687500,2.256747,55164800
1995-01-31,3.695313,3.734375,3.640625,3.710938,2.271092,59945600
1995-02-01,3.710938,3.796875,3.686523,3.695313,2.261529,66705600
1995-02-02,3.671875,3.710938,3.648438,3.687500,2.256747,46312000
1995-02-03,3.718750,3.781250,3.703125,3.757813,2.299779,60332800
1995-02-06,3.757813,3.820313,3.757813,3.804688,2.328467,48345600
1995-02-07,3.796875,3.820313,3.789063,3.812500,2.333248,33152000
1995-02-08,3.828125,3.875000,3.812500,3.867188,2.366717,49150400
1995-02-09,3.882813,3.906250,3.859375,3.867188,2.366717,42398400
1995-02-10,3.875000,3.914063,3.843750,3.875000,2.371497,49862400
1995-02-13,3.875000,3.921875,3.851563,3.875000,2.371497,38160000
1995-02-14,3.882813,3.890625,3.843750,3.867188,2.366717,31121600
1995-02-15,3.757813,3.835938,3.726563,3.796875,2.323686,147001600
1995-02-16,3.804688,3.820313,3.765625,3.804688,2.328467,56744000
1995-02-17,3.796875,3.804688,3.765625,3.773438,2.309341,37824000
1995-02-21,3.781250,3.796875,3.718750,3.734375,2.285435,55392000
1995-02-22,3.734375,3.875000,3.726563,3.843750,2.352372,60902400
1995-02-23,3.828125,3.882813,3.812500,3.851563,2.357155,59939200
1995-02-24,3.835938,3.867188,3.828125,3.828125,2.342810,34177600
1995-02-27,3.835938,3.875000,3.820313,3.859375,2.361933,28592000
1995-02-28,3.867188,3.953125,3.859375,3.937500,2.409748,52544000
1995-03-01,3.945313,4.000000,3.921875,3.953125,2.419309,52032000
1995-03-02,3.953125,3.984375,3.945313,3.984375,2.438435,26038400
1995-03-03,3.976563,3.992188,3.945313,3.976563,2.433654,31776000
1995-03-06,3.953125,4.023438,3.929688,4.019531,2.459950,45156800
1995-03-07,4.023438,4.125977,4.015625,4.083984,2.499396,91750400
1995-03-08,4.109375,4.289063,4.109375,4.281250,2.620122,140096000
1995-03-09,4.281250,4.296875,4.179688,4.242188,2.596216,58238400
1995-03-10,4.242188,4.296875,4.156250,4.285156,2.622513,44324800
1995-03-13,4.289063,4.355469,4.265625,4.312500,2.639246,34550400
1995-03-14,4.335938,4.500000,4.328125,4.484375,2.744434,78643200
1995-03-15,4.484375,4.492188,4.398438,4.406250,2.696622,57294400
1995-03-16,4.375000,4.406250,4.351563,4.382813,2.682278,47510400
1995-03-17,4.406250,4.484375,4.367188,4.371094,2.675108,59868800
1995-03-20,4.382813,4.468750,4.375000,4.445313,2.720529,37772800
1995-03-21,4.453125,4.468750,4.398438,4.402344,2.694232,74772800
1995-03-22,4.406250,4.437500,4.367188,4.433594,2.713356,52464000
1995-03-23,4.460938,4.578125,4.453125,4.546875,2.782684,105286400
1995-03-24,4.578125,4.632813,4.570313,4.617188,2.825716,65683200
1995-03-27,4.546875,4.617188,4.539063,4.562500,2.792247,61008000
1995-03-28,4.554688,4.625000,4.554688,4.601563,2.816154,47603200
1995-03-29,4.601563,4.625000,4.503906,4.515625,2.763559,65763200
1995-03-30,4.531250,4.546875,4.398438,4.507813,2.758780,75011200
1995-03-31,4.484375,4.507813,4.406250,4.445313,2.720529,63080000
1995-04-03,4.437500,4.460938,4.343750,4.375000,2.677496,65617600
1995-04-04,4.390625,4.468750,4.359375,4.367188,2.672716,66689600
1995-04-05,4.367188,4.414063,4.296875,4.414063,2.701403,65792000
1995-04-06,4.414063,4.429688,4.339844,4.375000,2.677496,35414400
1995-04-07,4.390625,4.421875,4.343750,4.351563,2.663154,43148800
1995-04-10,4.343750,4.453125,4.335938,4.433594,2.713356,43169600
1995-04-11,4.476563,4.508789,4.445313,4.507813,2.758780,43624000
1995-04-12,4.507813,4.578125,4.421875,4.476563,2.739654,40430400
1995-04-13,4.484375,4.531250,4.445313,4.531250,2.773122,32814400
1995-04-17,4.718750,4.882813,4.718750,4.835938,2.959593,187913600
1995-04-18,4.835938,4.843750,4.750000,4.796875,2.935683,75609600
1995-04-19,4.789063,4.812500,4.718750,4.757813,2.911777,59163200
1995-04-20,4.781250,4.804688,4.625000,4.703125,2.878309,83913600
1995-04-21,4.726563,4.742188,4.679688,4.687500,2.868746,53555200
1995-04-24,4.710938,4.860352,4.695313,4.859375,2.973934,68089600
1995-04-25,4.851563,5.007813,4.851563,5.000000,3.059996,69371200
1995-04-26,4.984375,5.015625,4.945313,4.976563,3.045653,44305600
1995-04-27,4.976563,5.031250,4.773438,4.914063,3.007403,128844800
1995-04-28,4.929688,5.132813,4.914063,5.109375,3.126934,92104000
1995-05-01,5.117188,5.234375,5.109375,5.132813,3.141277,65550400
1995-05-02,5.132813,5.140625,4.968750,4.972656,3.043262,78099200
1995-05-03,5.015625,5.062500,5.015625,5.054688,3.093466,61566400
1995-05-04,5.093750,5.203125,5.062500,5.093750,3.117371,66524800
1995-05-05,5.085938,5.101563,4.992188,5.000000,3.059996,43707200
1995-05-08,4.992188,5.023438,4.945313,4.992188,3.055217,43988800
1995-05-09,5.000000,5.023438,4.945313,4.988281,3.052824,36748800
1995-05-10,5.007813,5.023438,4.929688,4.953125,3.031308,38688000
1995-05-11,4.945313,5.093750,4.937500,5.085938,3.112590,38673600
1995-05-12,5.085938,5.140625,5.023438,5.046875,3.088685,36192000
1995-05-15,5.039063,5.125000,4.992188,5.082031,3.110200,35232000
1995-05-16,5.093750,5.313477,5.093750,5.304688,3.246465,86708800
1995-05-17,5.328125,5.429688,5.320313,5.375000,3.289496,66515200
1995-05-18,5.351563,5.421875,5.289063,5.289063,3.236903,58326400
1995-05-19,5.265625,5.343750,5.250000,5.335938,3.265591,45190400
1995-05-22,5.335938,5.468750,5.250000,5.453125,3.337307,91382400
1995-05-23,5.468750,5.531250,5.376953,5.531250,3.385121,55516800
1995-05-24,5.570313,5.593750,5.437500,5.468750,3.346869,68684800
1995-05-25,5.492188,5.585938,5.445313,5.578125,3.413810,43440000
1995-05-26,5.574219,5.578125,5.437500,5.468750,3.346869,52934400
1995-05-30,5.500000,5.523438,5.164063,5.187500,3.174746,99612800
1995-05-31,5.203125,5.296875,5.062500,5.292969,3.239294,119756800
1995-06-01,5.312500,5.351563,5.242188,5.257813,3.217778,61153600
1995-06-02,5.234375,5.257813,5.164063,5.195313,3.179527,55556800
1995-06-05,5.164063,5.335938,5.109375,5.296875,3.241684,55852800
1995-06-06,5.304688,5.375977,5.195313,5.195313,3.179527,49036800
1995-06-07,5.179688,5.296875,5.132813,5.250000,3.212996,64590400
1995-06-08,5.257813,5.289063,5.226563,5.257813,3.217778,29320000
1995-06-09,5.234375,5.367188,5.164063,5.304688,3.246465,81214400
1995-06-12,5.289063,5.296875,5.203125,5.234375,3.203434,45832000
1995-06-13,5.257813,5.296875,5.210938,5.242188,3.208216,37691200
1995-06-14,5.210938,5.257813,5.171875,5.238281,3.205824,43096000
1995-06-15,5.250000,5.312500,5.242188,5.304688,3.246465,43912000
1995-06-16,5.312500,5.468750,5.304688,5.437500,3.327746,92278400
1995-06-19,5.453125,5.618164,5.429688,5.613281,3.435323,78982400
1995-06-20,5.648438,5.710938,5.609375,5.710938,3.495090,56670400
1995-06-21,5.742188,5.773438,5.625000,5.656250,3.461622,57224000
1995-06-22,5.664063,5.750000,5.664063,5.742188,3.514215,46296000
1995-06-23,5.671875,5.761719,5.640625,5.695313,3.485529,46356800
1995-06-26,5.687500,5.695313,5.593750,5.609375,3.432934,41048000
1995-06-27,5.593750,5.656250,5.421875,5.429688,3.322967,66004800
1995-06-28,5.421875,5.562500,5.304688,5.492188,3.361216,107286400
1995-06-29,5.500000,5.609375,5.500000,5.585938,3.418589,57643200
1995-06-30,5.601563,5.687500,5.601563,5.648438,3.456839,53342400
1995-07-03,5.679688,5.695313,5.648438,5.683594,3.478357,16763200
1995-07-05,5.726563,5.750000,5.648438,5.667969,3.468792,48547200
1995-07-06,5.664063,5.812500,5.648438,5.796875,3.547683,47070400
1995-07-07,5.804688,5.976563,5.796875,5.976563,3.657652,66699200
1995-07-10,6.000000,6.234375,5.984375,6.179688,3.781965,111982400
1995-07-11,6.187500,6.195313,6.031250,6.031250,3.691121,78227200
1995-07-12,6.046875,6.250000,6.046875,6.242188,3.820214,94675200
1995-07-13,6.257813,6.343750,6.132813,6.257813,3.829776,84811200
1995-07-14,6.140625,6.476563,6.125000,6.476563,3.963652,89905600
1995-07-17,6.734375,6.828125,6.656250,6.812500,4.169247,155830400
1995-07-18,6.687500,6.695313,6.328125,6.367188,3.896713,289624000
1995-07-19,6.062500,6.171875,5.531250,5.906250,3.614620,305092800
1995-07-20,5.953125,6.085938,5.875000,6.007813,3.676777,177848000
1995-07-21,5.875000,6.000000,5.734375,5.750000,3.518998,169257600
1995-07-24,5.789063,5.859375,5.757813,5.851563,3.581153,94811200
1995-07-25,5.968750,6.101563,5.937500,6.023438,3.686339,109422400
1995-07-26,6.101563,6.132813,5.929688,6.000000,3.671994,77470400
1995-07-27,6.031250,6.101563,6.015625,6.031250,3.691121,52916800
1995-07-28,6.000000,6.000000,5.750000,5.789063,3.542902,158468800
1995-07-31,5.820313,5.843750,5.625000,5.656250,3.461622,101435200
1995-08-01,5.671875,5.680664,5.492188,5.593750,3.423372,166144000
1995-08-02,5.687500,5.789063,5.500000,5.562500,3.404246,129804800
1995-08-03,5.500000,5.710938,5.468750,5.695313,3.485529,113536000
1995-08-04,5.710938,5.867188,5.703125,5.867188,3.590716,77705600
1995-08-07,5.906250,5.968750,5.734375,5.851563,3.581153,64273600
1995-08-08,5.882813,5.929688,5.835938,5.843750,3.576368,43913600
1995-08-09,6.109375,6.132813,6.000000,6.031250,3.691121,144384000
1995-08-10,6.062500,6.070313,5.867188,5.882813,3.600279,71883200
1995-08-11,5.921875,6.039063,5.757813,6.031250,3.691121,97195200
1995-08-14,6.054688,6.203125,5.984375,6.171875,3.777182,88872000
1995-08-15,6.203125,6.210938,6.054688,6.148438,3.762840,63267200
1995-08-16,6.148438,6.179688,6.070313,6.171875,3.777182,38118400
1995-08-17,6.179688,6.296875,6.165039,6.195313,3.791528,74564800
1995-08-18,6.230469,6.234375,6.062500,6.070313,3.715026,77502400
1995-08-21,6.093750,6.140625,5.898438,5.906250,3.614620,110491200
1995-08-22,5.945313,6.210938,5.898438,6.207031,3.798698,94320000
1995-08-23,6.250000,6.281250,6.093750,6.117188,3.743715,111188800
1995-08-24,6.132813,6.132813,5.968750,6.007813,3.676777,95275200
1995-08-25,6.023438,6.046875,5.898438,5.898438,3.609839,73489600
1995-08-28,5.898438,5.898438,5.617188,5.628906,3.444885,112622400
1995-08-29,5.632813,5.742188,5.437500,5.742188,3.514215,163929600
1995-08-30,5.804688,5.859375,5.718750,5.828125,3.566808,79499200
1995-08-31,5.835938,5.875000,5.718750,5.781250,3.538121,38764800
1995-09-01,5.734375,5.750000,5.585938,5.609375,3.432934,80262400
1995-09-05,5.679688,5.945313,5.640625,5.937500,3.633744,92052800
1995-09-06,5.953125,6.031250,5.812500,5.843750,3.576368,100265600
1995-09-07,5.890625,6.039063,5.828125,5.914063,3.619403,93932800
1995-09-08,5.859375,5.976563,5.828125,5.968750,3.652872,64417600
1995-09-11,5.960938,6.117188,5.937500,6.101563,3.734151,77408000
1995-09-12,6.109375,6.109375,5.976563,6.015625,3.681558,71155200
1995-09-13,6.007813,6.062500,5.945313,6.007813,3.676777,61208000
1995-09-14,6.007813,6.031250,5.921875,5.929688,3.628965,54230400
1995-09-15,5.921875,5.960938,5.781250,5.839844,3.573979,88316800
1995-09-18,5.828125,5.835938,5.679688,5.750000,3.518998,76827200
1995-09-19,5.750000,5.906250,5.718750,5.832031,3.569197,58011200
1995-09-20,5.843750,5.914063,5.789063,5.820313,3.562028,44652800
1995-09-21,5.703125,5.816406,5.656250,5.664063,3.466402,83836800
1995-09-22,5.617188,5.671875,5.562500,5.609375,3.432934,99899200
1995-09-25,5.656250,5.664063,5.531250,5.639648,3.451460,57878400
1995-09-26,5.648438,5.742188,5.507813,5.515625,3.375558,76548800
1995-09-27,5.500000,5.546875,5.210938,5.539063,3.389903,140756800
1995-09-28,5.562500,5.718750,5.554688,5.718750,3.499871,105510400
1995-09-29,5.726563,5.796875,5.628906,5.656250,3.461622,95158400
1995-10-02,5.656250,5.679688,5.507813,5.515625,3.375558,67731200
1995-10-03,5.507813,5.578125,5.453125,5.554688,3.399465,80736000
1995-10-04,5.507813,5.507813,5.343750,5.382813,3.294277,73473600
1995-10-05,5.375000,5.468750,5.312500,5.468750,3.346869,101289600
1995-10-06,5.468750,5.562500,5.343750,5.367188,3.284715,76616000
1995-10-09,5.304688,5.359375,5.171875,5.195313,3.179527,108614400
1995-10-10,5.078125,5.257813,5.023438,5.234375,3.203434,157644800
1995-10-11,5.367188,5.460938,5.312500,5.414063,3.313403,107009600
1995-10-12,5.437500,5.507813,5.414063,5.476563,3.351652,78700800
1995-10-13,5.531250,5.546875,5.375000,5.390625,3.299059,68644800
1995-10-16,5.359375,5.460938,5.343750,5.421875,3.318185,61067200
1995-10-17,5.453125,5.718750,5.421875,5.695313,3.485529,123140800
1995-10-18,6.140625,6.164063,5.929688,5.976563,3.657652,294329600
1995-10-19,5.953125,6.062500,5.921875,6.046875,3.700684,95840000
1995-10-20,6.031250,6.054688,5.929688,5.968750,3.652872,79984000
1995-10-23,5.937500,6.070313,5.906250,6.023438,3.686339,93473600
1995-10-24,6.023438,6.132813,6.023438,6.093750,3.729372,68681600
1995-10-25,6.101563,6.109375,5.992188,5.992188,3.667216,60211200
1995-10-26,5.984375,6.132813,5.960938,6.125000,3.748496,82841600
1995-10-27,6.093750,6.258789,6.085938,6.250000,3.824996,130683200
1995-10-30,6.203125,6.460938,6.156250,6.421875,3.930181,125464000
1995-10-31,6.437500,6.460938,6.234375,6.250000,3.824996,91958400
1995-11-01,6.257813,6.312500,6.140625,6.148438,3.762840,72819200
1995-11-02,6.164063,6.273438,6.140625,6.250000,3.824996,63504000
1995-11-03,6.250000,6.257813,6.171875,6.218750,3.805871,40635200
1995-11-06,6.062500,6.179688,6.054688,6.085938,3.724591,87729600
1995-11-07,6.031250,6.085938,5.804688,5.812500,3.557247,115921600
1995-11-08,5.867188,5.968750,5.835938,5.953125,3.643308,71280000
1995-11-09,6.031250,6.188477,6.000000,6.187500,3.786747,99814400
1995-11-10,6.156250,6.187500,6.038086,6.054688,3.705464,60819200
1995-11-13,6.039063,6.078125,6.003906,6.019531,3.683949,59003200
1995-11-14,5.992188,6.000000,5.867188,5.875000,3.595496,75657600
1995-11-15,5.898438,5.914063,5.742188,5.875000,3.595496,108686400
1995-11-16,5.656250,5.740234,5.601563,5.617188,3.437716,195126400
1995-11-17,5.625000,5.664063,5.460938,5.460938,3.342089,143803200
1995-11-20,5.523438,5.585938,5.359375,5.375000,3.289496,115296000
1995-11-21,5.367188,5.546875,5.265625,5.500000,3.365996,130163200
1995-11-22,5.523438,5.593750,5.453125,5.460938,3.342089,65428800
1995-11-24,5.476563,5.515625,5.460938,5.500000,3.365996,15014400
1995-11-27,5.539063,5.593750,5.446289,5.453125,3.337307,79100800
1995-11-28,5.437500,5.718750,5.406250,5.718750,3.499871,86537600
1995-11-29,5.742188,5.781250,5.578125,5.609375,3.432934,91067200
1995-11-30,5.593750,5.609375,5.429688,5.445313,3.332527,93512000
1995-12-01,5.445313,5.492188,5.367188,5.390625,3.299059,96124800
1995-12-04,5.382813,5.601563,5.328125,5.492188,3.361216,130436800
1995-12-05,5.492188,5.507813,5.320313,5.375000,3.289496,104528000
1995-12-06,5.382813,5.687500,5.375000,5.664063,3.466402,145272000
1995-12-07,5.695313,5.750000,5.553711,5.656250,3.461622,132876800
1995-12-08,5.789063,5.914063,5.764648,5.906250,3.614620,147041600
1995-12-11,5.906250,5.921875,5.812500,5.820313,3.562028,61924800
1995-12-12,5.812500,5.820313,5.695313,5.710938,3.495090,44739200
1995-12-13,5.695313,5.757813,5.656250,5.734375,3.509433,39577600
1995-12-14,5.765625,5.843750,5.539063,5.546875,3.394684,92822400
1995-12-15,5.570313,5.609375,5.453125,5.523438,3.380339,115470400
1995-12-18,5.523438,5.562500,5.335938,5.437500,3.327746,99460800
1995-12-19,5.460938,5.688477,5.460938,5.679688,3.475966,84340800
1995-12-20,5.695313,5.710938,5.437500,5.445313,3.332527,84980800
1995-12-21,5.484375,5.625000,5.460938,5.625000,3.442496,60593600
1995-12-22,5.632813,5.679688,5.570313,5.656250,3.461622,36057600
1995-12-26,5.640625,5.703125,5.617188,5.640625,3.452059,34707200
1995-12-27,5.648438,5.664063,5.523438,5.554688,3.399465,40539200
1995-12-28,5.515625,5.531250,5.453125,5.460938,3.342089,49777600
1995-12-29,5.453125,5.546875,5.390625,5.484375,3.356434,52342400
1996-01-02,5.492188,5.609375,5.460938,5.609375,3.432934,57779200
1996-01-03,5.570313,5.632813,5.421875,5.429688,3.322967,62857600
1996-01-04,5.453125,5.468750,5.304688,5.460938,3.342089,102353600
1996-01-05,5.390625,5.476563,5.382813,5.398438,3.303841,62083200
1996-01-08,5.406250,5.476563,5.382813,5.390625,3.299059,11377600
1996-01-09,5.375000,5.375000,4.992188,5.011719,3.067170,177424000
1996-01-10,5.031250,5.203125,5.030273,5.148438,3.150841,181571200
1996-01-11,5.218750,5.429688,5.195313,5.414063,3.313403,116617600
1996-01-12,5.406250,5.429688,5.242188,5.359375,3.279934,80544000
1996-01-15,5.367188,5.367188,5.117188,5.156250,3.155622,84572800
1996-01-16,5.226563,5.405273,5.203125,5.398438,3.303841,122006400
1996-01-17,5.296875,5.468750,5.289063,5.304688,3.246465,143078400
1996-01-18,5.343750,5.554688,5.312500,5.476563,3.351652,121331200
1996-01-19,5.640625,5.828125,5.601563,5.742188,3.514215,227440000
1996-01-22,5.726563,5.796875,5.679688,5.750000,3.518998,82643200
1996-01-23,5.710938,5.734375,5.578125,5.593750,3.423372,66473600
1996-01-24,5.617188,5.781250,5.593750,5.703125,3.490308,92217600
1996-01-25,5.710938,5.726563,5.562500,5.585938,3.418589,59881600
1996-01-26,5.570313,5.679688,5.562500,5.656250,3.461622,50881600
1996-01-29,5.671875,5.703125,5.584961,5.648438,3.456839,39587200
1996-01-30,5.679688,5.710938,5.664063,5.675781,3.473575,45120000
1996-01-31,5.671875,5.789063,5.632813,5.781250,3.538121,68774400
1996-02-01,5.765625,5.890625,5.750000,5.882813,3.600279,78587200
1996-02-02,5.875000,5.882813,5.757813,5.812500,3.557247,44686400
1996-02-05,5.796875,6.078125,5.796875,6.070313,3.715026,126480000
1996-02-06,6.031250,6.093750,5.976563,6.031250,3.691121,98158400
1996-02-07,6.000000,6.070313,5.967773,6.054688,3.705464,65555200
1996-02-08,6.039063,6.218750,5.968750,6.179688,3.781965,103924800
1996-02-09,6.171875,6.265625,6.156250,6.257813,3.829776,122832000
1996-02-12,6.234375,6.320313,6.195313,6.218750,3.805871,87779200
1996-02-13,6.109375,6.265625,6.093750,6.226563,3.810654,114513600
1996-02-14,6.257813,6.257813,6.148438,6.171875,3.777182,80212800
1996-02-15,6.156250,6.195313,6.109375,6.156250,3.767621,52195200
1996-02-16,6.171875,6.203125,6.117188,6.117188,3.743715,62206400
1996-02-20,6.078125,6.156250,6.054688,6.109375,3.738934,64182400
1996-02-21,6.109375,6.257813,6.093750,6.242188,3.820214,80046400
1996-02-22,6.250000,6.414063,6.250000,6.406250,3.920621,106500800
1996-02-23,6.414063,6.476563,6.367188,6.468750,3.958871,102640000
1996-02-26,6.437500,6.453125,6.281250,6.289063,3.848902,63696000
1996-02-27,6.296875,6.300781,6.233398,6.257813,3.829776,60958400
1996-02-28,6.296875,6.375000,6.242188,6.257813,3.829776,60051200
1996-02-29,6.187500,6.257813,6.160156,6.167969,3.774793,61723200
1996-03-01,6.148438,6.164063,5.914063,5.968750,3.652872,157652800
1996-03-04,6.000000,6.085938,5.968750,6.015625,3.681558,72564800
1996-03-05,6.000000,6.141602,5.984375,6.132813,3.753278,57369600
1996-03-06,6.140625,6.179688,6.062500,6.062500,3.710245,44256000
1996-03-07,6.070313,6.101563,6.039063,6.082031,3.722198,44291200
1996-03-08,5.968750,6.093750,5.921875,5.945313,3.638528,108524800
1996-03-11,5.945313,6.039063,5.945313,6.031250,3.691121,74592000
1996-03-12,6.015625,6.039063,5.921875,5.984375,3.662433,76888000
1996-03-13,6.139648,6.312500,6.109375,6.304688,3.858467,156710400
1996-03-14,6.320313,6.367188,6.226563,6.226563,3.810654,60640000
1996-03-15,6.250000,6.445313,6.226563,6.398438,3.915839,121721600
1996-03-18,6.398438,6.617188,6.398438,6.578125,4.025806,119472000
1996-03-19,6.648438,6.691406,6.546875,6.679688,4.087965,92491200
1996-03-20,6.640625,6.664063,6.483398,6.539063,4.001901,92944000
1996-03-21,6.515625,6.523438,6.281250,6.296875,3.853683,66313600
1996-03-22,6.320313,6.339844,6.234375,6.320313,3.868026,48046400
1996-03-25,6.343750,6.398438,6.175781,6.242188,3.820214,63379200
1996-03-26,6.210938,6.429688,6.171875,6.421875,3.930181,79899200
1996-03-27,6.453125,6.500000,6.320313,6.406250,3.920621,52729600
1996-03-28,6.367188,6.468750,6.320313,6.390625,3.911057,54955200
1996-03-29,6.398438,6.507813,6.382813,6.445313,3.944527,53508800
1996-04-01,6.446289,6.468750,6.382813,6.421875,3.930181,31692800
1996-04-02,6.421875,6.562500,6.414063,6.539063,4.001901,54396800
1996-04-03,6.507813,6.570313,6.460938,6.531250,3.997121,46072000
1996-04-04,6.539063,6.554688,6.468750,6.523438,3.992339,28961600
1996-04-08,6.406250,6.492188,6.367188,6.484375,3.968433,73753600
1996-04-09,6.500000,6.500000,6.343750,6.351563,3.887153,66942400
1996-04-10,6.343750,6.437500,6.328125,6.351563,3.887153,51910400
1996-04-11,6.343750,6.398438,6.226563,6.320313,3.868026,62465600
1996-04-12,6.320313,6.351563,6.281250,6.320313,3.868026,33737600
1996-04-15,6.312500,6.476563,6.312500,6.469727,3.959468,50102400
1996-04-16,6.515625,6.593750,6.500000,6.578125,4.025806,80116800
1996-04-17,6.578125,6.625000,6.519531,6.621094,4.052106,62630400
1996-04-18,6.625000,6.828125,6.593750,6.812500,4.169247,133958400
1996-04-19,6.976563,7.007813,6.843750,6.859375,4.197934,169492800
1996-04-22,6.906250,7.085938,6.890625,7.046875,4.312683,92758400
1996-04-23,7.046875,7.078125,6.960938,7.039063,4.307902,57139200
1996-04-24,7.062500,7.070313,6.953125,6.968750,4.264872,69251200
1996-04-25,6.968750,7.109375,6.890625,7.046875,4.312683,63896000
1996-04-26,7.046875,7.117188,7.023438,7.093750,4.341369,54296000
1996-04-29,7.085938,7.093750,7.000000,7.039063,4.307902,34267200
1996-04-30,7.039063,7.078125,6.992188,7.078125,4.331808,28441600
1996-05-01,7.054688,7.203125,7.039063,7.195313,4.403526,65014400
1996-05-02,7.195313,7.203125,6.945313,6.976563,4.269652,87340800
1996-05-03,7.031250,7.156250,6.882813,6.929688,4.240963,75300800
1996-05-06,6.937500,7.023438,6.851563,6.984375,4.274432,75852800
1996-05-07,6.976563,7.093750,6.976563,7.070313,4.327027,47366400
1996-05-08,7.054688,7.148438,6.921875,7.140625,4.370057,77851200
1996-05-09,7.140625,7.195313,7.078125,7.093750,4.341369,47776000
1996-05-10,7.148438,7.196289,7.132813,7.179688,4.393964,43913600
1996-05-13,7.187500,7.429688,7.187500,7.414063,4.537401,95606400
1996-05-14,7.453125,7.500000,7.389648,7.437500,4.551745,76832000
1996-05-15,7.437500,7.484375,7.335938,7.351563,4.499150,56323200
1996-05-16,7.250000,7.335938,7.226563,7.320313,4.480026,67092800
1996-05-17,7.367188,7.375000,7.273438,7.312500,4.475245,35392000
1996-05-20,7.335938,7.367188,7.289063,7.296875,4.465683,38457600
1996-05-21,7.296875,7.304688,7.195313,7.195313,4.403526,42113600
1996-05-22,7.187500,7.328125,7.164063,7.304688,4.470464,45646400
1996-05-23,7.304688,7.445313,7.304688,7.406250,4.532620,51976000
1996-05-24,7.406250,7.437500,7.390625,7.406250,4.532620,26443200
1996-05-28,7.421875,7.446289,7.320313,7.328125,4.484807,43376000
1996-05-29,7.335938,7.390625,7.289063,7.320313,4.480026,33569600
1996-05-30,7.328125,7.390625,7.289063,7.390625,4.523058,33824000
1996-05-31,7.410156,7.460938,7.375000,7.421875,4.542183,40259200
1996-06-03,7.421875,7.468750,7.382813,7.398438,4.527839,31684800
1996-06-04,7.414063,7.429688,7.265625,7.367188,4.508713,65852800
1996-06-05,7.375000,7.578125,7.367188,7.554688,4.623465,50968000
1996-06-06,7.609375,7.687500,7.484375,7.488281,4.582821,88136000
1996-06-07,7.351563,7.578125,7.351563,7.578125,4.637807,70198400
1996-06-10,7.562500,7.578125,7.499023,7.539063,4.613902,45819200
1996-06-11,7.546875,7.703125,7.539063,7.632813,4.671277,65259200
1996-06-12,7.679688,7.835938,7.671875,7.812500,4.781246,88844800
1996-06-13,7.820313,7.867188,7.734375,7.789063,4.766900,62577600
1996-06-14,7.796875,7.812500,7.679688,7.687500,4.704744,55944000
1996-06-17,7.695313,7.812500,7.648438,7.789063,4.766900,57499200
1996-06-18,7.781250,7.781250,7.625000,7.648438,4.680840,74585600
1996-06-19,7.656250,7.695313,7.585938,7.609375,4.656933,73409600
1996-06-20,7.625000,7.655273,7.437500,7.609375,4.656933,102228800
1996-06-21,7.648438,7.757813,7.593750,7.742188,4.738213,56806400
1996-06-24,7.750000,7.820313,7.687500,7.757813,4.747776,48102400
1996-06-25,7.765625,7.765625,7.585938,7.625000,4.666495,41145600
1996-06-26,7.617188,7.625000,7.437500,7.531250,4.609119,71457600
1996-06-27,7.531250,7.562500,7.437500,7.496094,4.587604,77582400
1996-06-28,7.531250,7.562500,7.445313,7.507813,4.594776,52000000
1996-07-01,7.515625,7.656250,7.507813,7.644531,4.678447,47862400
1996-07-02,7.648438,7.664063,7.578125,7.601563,4.652150,38548800
1996-07-03,7.601563,7.679688,7.539063,7.570313,4.633027,44243200
1996-07-05,7.507813,7.507813,7.398438,7.398438,4.527839,35331200
1996-07-08,7.406250,7.546875,7.382813,7.519531,4.601949,64432000
1996-07-09,7.554688,7.585938,7.500000,7.500000,4.589995,35571200
1996-07-10,7.500000,7.500000,7.382813,7.468750,4.570870,77980800
1996-07-11,7.390625,7.398438,7.109375,7.156250,4.379618,140915200
1996-07-12,7.199219,7.199219,6.905273,7.023438,4.298338,139478400
1996-07-15,7.023438,7.109375,6.867188,6.914063,4.231400,111832000
1996-07-16,6.890625,7.226563,6.718750,7.210938,4.413090,182100800
1996-07-17,7.359375,7.382813,7.226563,7.320313,4.480026,126208000
1996-07-18,7.328125,7.500000,7.242188,7.492188,4.585214,98537600
1996-07-19,7.359375,7.601563,7.359375,7.561523,4.627647,99208000
1996-07-22,7.563477,7.593750,7.367188,7.484375,4.580434,144475200
1996-07-23,7.500000,7.500000,6.890625,7.007813,4.288776,257678400
1996-07-24,6.843750,7.234375,6.843750,7.171875,4.389184,192225600
1996-07-25,7.250000,7.421875,7.195313,7.406250,4.532620,100920000
1996-07-26,7.468750,7.468750,7.390625,7.445313,4.556526,59304000
1996-07-29,7.453125,7.492188,7.296875,7.304688,4.470464,56748800
1996-07-30,7.367188,7.421875,7.257813,7.414063,4.537401,66976000
1996-07-31,7.437500,7.476563,7.351563,7.367188,4.508713,56320000
1996-08-01,7.367188,7.554688,7.335938,7.539063,4.613902,96025600
1996-08-02,7.632813,7.742188,7.539063,7.710938,4.719089,109289600
1996-08-05,7.718750,7.734375,7.578125,7.609375,4.656933,55072000
1996-08-06,7.601563,7.757813,7.554688,7.750000,4.742994,67388800
1996-08-07,7.773438,7.820313,7.679688,7.796875,4.771682,76790400
1996-08-08,7.757813,7.867188,7.734375,7.828125,4.790808,54379200
1996-08-09,7.796875,7.843750,7.742188,7.781250,4.762121,44313600
1996-08-12,7.765625,7.882813,7.750000,7.828125,4.790808,66187200
1996-08-13,7.812500,7.867188,7.710938,7.718750,4.723867,72508800
1996-08-14,7.742188,7.820313,7.734375,7.804688,4.776463,52032000
1996-08-15,7.796875,7.859375,7.773438,7.820313,4.786026,35556800
1996-08-16,7.820313,7.828125,7.734375,7.765625,4.752557,47598400
1996-08-19,7.742188,7.757813,7.640625,7.718750,4.723867,43131200
1996-08-20,7.734375,7.757813,7.703125,7.710938,4.719089,25678400
1996-08-21,7.656250,7.718750,7.609375,7.718750,4.723867,49345600
1996-08-22,7.757813,7.820313,7.718750,7.812500,4.781246,50236800
1996-08-23,7.804688,7.812500,7.703125,7.703125,4.714308,44006400
1996-08-26,7.710938,7.734375,7.671875,7.679688,4.699963,31944000
1996-08-27,7.695313,7.796875,7.687500,7.796875,4.771682,28038400
1996-08-28,7.812500,7.859375,7.804688,7.851563,4.805150,32070400
1996-08-29,7.828125,7.828125,7.726563,7.757813,4.747776,34182400
1996-08-30,7.765625,7.765625,7.656250,7.656250,4.685619,28088000
1996-09-03,7.625000,7.710938,7.539063,7.710938,4.719089,48524800
1996-09-04,7.710938,7.726563,7.683594,7.710938,4.719089,27126400
1996-09-05,7.671875,7.671875,7.593750,7.593750,4.647372,40372800
1996-09-06,7.625000,7.671875,7.601563,7.656250,4.685619,41921600
1996-09-09,7.656250,7.812500,7.640625,7.804688,4.776463,41747200
1996-09-10,7.796875,7.820313,7.726563,7.773438,4.757339,38904000
1996-09-11,7.746094,7.843750,7.726563,7.820313,4.786026,36387200
1996-09-12,7.843750,8.093750,7.824219,8.039063,4.919900,95944000
1996-09-13,8.101563,8.210938,8.054688,8.187500,5.010744,80137600
1996-09-16,8.195313,8.320313,8.187500,8.218750,5.029868,62409600
1996-09-17,8.304688,8.414063,8.265625,8.367188,5.120713,75624000
1996-09-18,8.375000,8.617188,8.328125,8.531250,5.221118,86049600
1996-09-19,8.531250,8.640625,8.484375,8.609375,5.268931,75912000
1996-09-20,8.562500,8.664063,8.492188,8.632813,5.283276,104849600
1996-09-23,8.601563,8.632813,8.515625,8.609375,5.268931,46385600
1996-09-24,8.593750,8.648438,8.507813,8.554688,5.235465,72520000
1996-09-25,8.593750,8.617188,8.460938,8.476563,5.187651,44067200
1996-09-26,8.484375,8.507813,8.234375,8.250000,5.048994,92604800
1996-09-27,8.281250,8.453125,8.203125,8.398438,5.139840,98372800
1996-09-30,8.343750,8.429688,8.234375,8.242188,5.044215,89574400
1996-10-01,8.234375,8.367188,8.179688,8.257813,5.053777,69124800
1996-10-02,8.304688,8.484375,8.273438,8.421875,5.154181,68760000
1996-10-03,8.421875,8.445313,8.351563,8.375000,5.125493,58294400
1996-10-04,8.414063,8.539063,8.390625,8.523438,5.216338,45166400
1996-10-07,8.523438,8.632813,8.492188,8.593750,5.259369,42432000
1996-10-08,8.609375,8.609375,8.437500,8.460938,5.178088,48465600
1996-10-09,8.500000,8.507813,8.328125,8.406250,5.144620,64955200
1996-10-10,8.359375,8.507813,8.335938,8.359375,5.115930,51739200
1996-10-11,8.414063,8.578125,8.390625,8.570313,5.245027,36523200
1996-10-14,8.585938,8.632813,8.523438,8.539063,5.225902,36091200
1996-10-15,8.671875,8.695313,8.585938,8.679688,5.311963,61206400
1996-10-16,8.671875,8.683594,8.562500,8.625000,5.278493,36427200
1996-10-17,8.640625,8.687500,8.468750,8.468750,5.182869,49097600
1996-10-18,8.375000,8.437500,8.347656,8.421875,5.154181,69646400
1996-10-21,8.421875,8.500000,8.343750,8.375000,5.125493,71401600
1996-10-22,8.320313,8.335938,8.203125,8.281250,5.068117,113806400
1996-10-23,8.289063,8.421875,8.234375,8.406250,5.144620,67443200
1996-10-24,8.429688,8.585938,8.367188,8.539063,5.225902,81417600
1996-10-25,8.539063,8.617188,8.507813,8.527344,5.218729,53084800
1996-10-28,8.542969,8.601563,8.515625,8.539063,5.225902,51240000
1996-10-29,8.554688,8.585938,8.429688,8.460938,5.178088,66756800
1996-10-30,8.460938,8.562500,8.429688,8.515625,5.211557,60526400
1996-10-31,8.523438,8.585938,8.507813,8.578125,5.249807,37028800
1996-11-01,8.578125,8.671875,8.531250,8.585938,5.254588,56531200
1996-11-04,8.578125,8.648438,8.546875,8.625000,5.278493,36006400
1996-11-05,8.656250,8.843750,8.644531,8.843750,5.412369,86417600
1996-11-06,8.835938,9.031250,8.812500,9.031250,5.527119,71438400
1996-11-07,9.046875,9.132813,8.945313,8.968750,5.488868,76742400
1996-11-08,8.960938,8.968750,8.843750,8.968750,5.488868,67369600
1996-11-11,8.960938,9.046875,8.937500,8.976563,5.493651,38593600
1996-11-12,9.000000,9.117188,8.843750,8.859375,5.421930,81156800
1996-11-13,8.976563,9.109375,8.945313,9.062500,5.546243,90409600
1996-11-14,9.078125,9.351563,9.078125,9.351563,5.723153,114969600
1996-11-15,9.421875,9.429688,9.210938,9.312500,5.699243,104041600
1996-11-18,9.335938,9.484375,9.289063,9.398438,5.751837,98585600
1996-11-19,9.406250,9.742188,9.390625,9.742188,5.962210,104739200
1996-11-20,9.750000,9.875000,9.578125,9.578125,5.861805,123857600
1996-11-21,9.656250,9.664063,9.375000,9.398438,5.751837,130718400
1996-11-22,9.421875,9.531250,9.335938,9.406250,5.756619,94424000
1996-11-25,9.445313,9.601563,9.406250,9.593750,5.871367,75129600
1996-11-26,9.625000,9.710938,9.523438,9.609375,5.880931,108238400
1996-11-27,9.632813,9.734375,9.609375,9.718750,5.947867,44446400
1996-11-29,9.718750,9.820313,9.718750,9.804688,6.000463,17152000
1996-12-02,9.843750,9.859375,9.703125,9.859375,6.033933,64502400
1996-12-03,9.898438,9.968750,9.664063,9.667969,5.916784,77563200
1996-12-04,9.695313,9.703125,9.507813,9.578125,5.861805,102542400
1996-12-05,9.585938,9.710938,9.492188,9.562500,5.852243,74950400
1996-12-06,9.312500,9.656250,9.266602,9.554688,5.847460,110238400
1996-12-09,9.796875,10.234375,9.750000,10.218750,6.253868,94718400
1996-12-10,10.546875,10.570313,10.218750,10.234375,6.263432,125725600
1996-12-11,10.125000,10.453125,10.015625,10.421875,6.378177,113558400
1996-12-12,10.625000,10.656250,10.125000,10.125000,6.196493,78272800
1996-12-13,10.140625,10.250000,9.904297,10.000000,6.119992,74532000
1996-12-16,10.031250,10.093750,9.562500,9.593750,5.871367,64883200
1996-12-17,9.578125,10.015625,9.546875,9.984375,6.110432,68944800
1996-12-18,10.171875,10.343750,10.000000,10.328125,6.320805,61796800
1996-12-19,10.500000,10.640625,10.375000,10.609375,6.492930,94609600
1996-12-20,10.687500,10.703125,10.421875,10.453125,6.397306,90414400
1996-12-23,10.515625,10.593750,10.359375,10.468750,6.406868,36892800
1996-12-24,10.515625,10.640625,10.390625,10.609375,6.492930,16246400
1996-12-26,10.656250,10.765625,10.640625,10.687500,6.540741,27905600
1996-12-27,10.687500,10.718750,10.501953,10.531250,6.445118,19079200
1996-12-30,10.671875,10.703125,10.437500,10.437500,6.387741,27279200
1996-12-31,10.500000,10.531250,10.312500,10.328125,6.320805,34367200
1997-01-02,10.390625,10.390625,10.093750,10.203125,6.244303,54480800
1997-01-03,10.281250,10.593750,10.250000,10.578125,6.473804,44131200
1997-01-06,10.578125,10.656250,10.390625,10.546875,6.454683,55948000
1997-01-07,10.562500,10.640625,10.421875,10.625000,6.502491,36880800
1997-01-08,10.625000,10.654297,10.390625,10.421875,6.378177,50593600
1997-01-09,10.468750,10.468750,10.281250,10.296875,6.301681,47763200
1997-01-10,10.250000,10.546875,10.203125,10.531250,6.445118,66556800
1997-01-13,10.640625,10.687500,10.437500,10.468750,6.406868,50361600
1997-01-14,10.531250,10.828125,10.531250,10.671875,6.531181,63728000
1997-01-15,10.703125,10.781250,10.546875,10.578125,6.473804,53058400
1997-01-16,10.625000,10.890625,10.625000,10.750000,6.578993,58688000
1997-01-17,10.703125,10.968750,10.687500,10.890625,6.665054,65368800
1997-01-20,10.875000,11.609375,10.828125,11.343750,6.942364,146220800
1997-01-21,11.328125,11.882813,11.203125,11.875000,7.267489,114592000
1997-01-22,11.890625,12.312500,11.828125,12.171875,7.449181,129236800
1997-01-23,12.265625,12.468750,11.812500,11.843750,7.248370,105048000
1997-01-24,11.890625,12.218750,11.796875,11.992188,7.339212,89817600
1997-01-27,12.062500,12.173828,11.937500,12.015625,7.353553,53263200
1997-01-28,12.296875,12.343750,11.843750,11.953125,7.315304,64656800
1997-01-29,12.093750,12.171875,11.968750,12.156250,7.439614,48933600
1997-01-30,12.281250,12.656250,12.250000,12.640625,7.736051,79937600
1997-01-31,12.734375,12.906250,12.609375,12.750000,7.802990,86516000
1997-02-03,12.828125,12.923828,12.640625,12.796875,7.831677,60804800
1997-02-04,12.796875,12.906250,12.562500,12.890625,7.889053,56464000
1997-02-05,12.890625,12.937500,12.109375,12.296875,7.525679,110099200
1997-02-06,12.281250,12.296875,12.000000,12.140625,7.430052,102122400
1997-02-07,12.296875,12.562500,12.187500,12.546875,7.678680,62448000
1997-02-10,12.593750,12.687500,12.203125,12.218750,7.477868,66804800
1997-02-11,12.281250,12.328125,11.890625,12.312500,7.535242,88834400
1997-02-12,12.296875,12.500000,12.187500,12.484375,7.640428,72001600
1997-02-13,12.562500,12.640625,12.421875,12.500000,7.649993,58292000
1997-02-14,12.421875,12.562500,12.203125,12.234375,7.487430,57395200
1997-02-18,12.203125,12.234375,12.031250,12.171875,7.449181,52545600
1997-02-19,12.171875,12.265625,12.062500,12.187500,7.458743,56383200
1997-02-20,12.109375,12.187500,11.890625,11.906250,7.286617,75395200
1997-02-21,11.859375,11.921875,11.750000,11.875000,7.267489,61131200
1997-02-24,11.781250,12.531250,11.750000,12.515625,7.659552,68599200
1997-02-25,12.500000,12.626953,12.359375,12.437500,7.611743,63941600
1997-02-26,12.437500,12.546875,12.296875,12.531250,7.669113,48849600
1997-02-27,12.531250,12.531250,12.000000,12.015625,7.353553,56628800
1997-02-28,12.015625,12.296875,11.929688,12.187500,7.458743,78412000
1997-03-03,12.125000,12.515625,12.078125,12.437500,7.611743,53874400
1997-03-04,12.406250,12.515625,12.328125,12.390625,7.583056,63920800
1997-03-05,12.437500,12.625000,12.406250,12.609375,7.716932,46393600
1997-03-06,12.593750,12.609375,12.216797,12.218750,7.477868,57018400
1997-03-07,12.296875,12.437500,12.062500,12.093750,7.401368,46032000
1997-03-10,12.140625,12.515625,11.992188,12.500000,7.649993,45997600
1997-03-11,12.453125,12.570313,12.296875,12.296875,7.525679,47577600
1997-03-12,12.218750,12.437500,12.218750,12.343750,7.554365,43234400
1997-03-13,12.281250,12.515625,12.250000,12.453125,7.621307,45505600
1997-03-14,12.468750,12.531250,12.359375,12.375000,7.573493,61327200
1997-03-17,12.312500,12.593750,12.250000,12.562500,7.688240,83958400
1997-03-18,12.578125,12.601563,12.359375,12.453125,7.621307,59012000
1997-03-19,12.218750,12.281250,11.867188,12.093750,7.401368,111560000
1997-03-20,12.078125,12.218750,11.921875,12.000000,7.343989,81410400
1997-03-21,12.062500,12.140625,11.609375,11.750000,7.190992,85829600
1997-03-24,11.640625,11.687500,10.953125,11.265625,6.894555,186269600
1997-03-25,11.328125,11.421875,11.109375,11.289063,6.908900,89701600
1997-03-26,11.343750,11.828125,11.328125,11.781250,7.210117,81270400
1997-03-27,11.890625,12.015625,11.375000,11.718750,7.171869,93919200
1997-03-31,11.640625,11.812500,11.406250,11.460938,7.014086,93825600
1997-04-01,11.265625,11.718750,11.218750,11.656250,7.133616,86680800
1997-04-02,11.609375,11.703125,11.375000,11.500000,7.037995,63331200
1997-04-03,11.375000,11.921875,11.328125,11.890625,7.277055,92252800
1997-04-04,11.718750,12.093750,11.718750,11.773438,7.205338,94964000
1997-04-07,11.953125,12.203125,11.875000,11.984375,7.334430,76511200
1997-04-08,12.078125,12.281250,11.937500,12.281250,7.516118,53339200
1997-04-09,12.390625,12.406250,12.218750,12.250000,7.496993,73762400
1997-04-10,12.218750,12.218750,11.937500,12.093750,7.401368,67913600
1997-04-11,11.937500,12.156250,11.867188,11.875000,7.267489,60033600
1997-04-14,11.843750,12.171875,11.671875,12.171875,7.449181,59107200
1997-04-15,12.234375,12.375000,11.984375,12.140625,7.430052,84440000
1997-04-16,12.078125,12.312500,12.031250,12.281250,7.516118,42710400
1997-04-17,12.312500,12.500000,12.187500,12.265625,7.506554,71720800
1997-04-18,13.000000,13.453125,12.875000,13.453125,8.233304,231764000
1997-04-21,13.375000,13.984375,13.265625,13.453125,8.233304,155695200
1997-04-22,13.453125,13.851563,13.437500,13.828125,8.462800,82300000
1997-04-23,13.828125,14.468750,13.796875,14.390625,8.807053,102814400
1997-04-24,14.578125,14.734375,14.093750,14.265625,8.730552,118163200
1997-04-25,14.187500,14.421875,14.156250,14.203125,8.692303,58566400
1997-04-28,14.218750,14.382813,13.953125,14.359375,8.787927,67224000
1997-04-29,14.671875,14.890625,14.562500,14.875000,9.103490,73953600
1997-04-30,14.828125,15.328125,14.796875,15.187500,9.294744,90204000
1997-05-01,15.250000,15.406250,14.906250,15.125000,9.256490,72325600
1997-05-02,15.250000,15.437500,14.867188,15.093750,9.237364,96192000
1997-05-05,14.953125,15.093750,14.437500,15.023438,9.194331,111063200
1997-05-06,14.921875,14.968750,14.546875,14.664063,8.974398,74770400
1997-05-07,14.546875,14.875000,14.390625,14.437500,8.835741,70532800
1997-05-08,14.406250,14.765625,14.390625,14.546875,8.902678,53834400
1997-05-09,14.750000,14.812500,14.468750,14.593750,8.931365,58392000
1997-05-12,14.687500,14.812500,14.625000,14.765625,9.036555,42976000
1997-05-13,14.796875,14.906250,14.609375,14.718750,9.007863,49813600
1997-05-14,14.796875,14.828125,14.453125,14.484375,8.864428,60744800
1997-05-15,14.500000,14.734375,14.484375,14.640625,8.960051,41861600
1997-05-16,14.546875,14.625000,14.359375,14.429688,8.830959,59913600
1997-05-19,14.515625,14.640625,14.390625,14.390625,8.807053,45632000
1997-05-20,14.484375,14.906250,14.406250,14.890625,9.113051,64876800
1997-05-21,15.078125,15.367188,14.968750,15.046875,9.208679,76620000
1997-05-22,15.125000,15.203125,14.968750,15.078125,9.227803,33655200
1997-05-23,15.171875,15.375000,15.109375,15.359375,9.399926,28904800
1997-05-27,15.343750,15.921875,15.296875,15.828125,9.686801,69036000
1997-05-28,15.906250,15.906250,15.609375,15.734375,9.629428,52241600
1997-05-29,15.906250,16.132813,15.625000,15.734375,9.629428,51111200
1997-05-30,14.687500,15.703125,14.687500,15.500000,9.485989,83337600
1997-06-02,15.625000,15.687500,15.390625,15.546875,9.514677,38939200
1997-06-03,15.421875,15.437500,15.078125,15.093750,9.237364,41995200
1997-06-04,15.078125,15.281250,14.781250,14.898438,9.117832,54639200
1997-06-05,15.033203,15.187500,14.937500,15.070313,9.223021,35892000
1997-06-06,15.171875,15.539063,15.125000,15.507813,9.490768,35964000
1997-06-09,15.609375,15.765625,15.312500,15.640625,9.572050,48200000
1997-06-10,15.640625,15.882813,15.468750,15.601563,9.548148,53135200
1997-06-11,15.601563,15.921875,15.445313,15.875000,9.715490,49056800
1997-06-12,15.843750,16.015625,15.671875,15.875000,9.715490,44614400
1997-06-13,15.843750,16.257813,15.820313,16.203125,9.916303,50116000
1997-06-16,16.203125,16.421875,16.109375,16.421875,10.050174,40612800
1997-06-17,16.437500,16.867188,16.359375,16.773438,10.265336,53191200
1997-06-18,16.656250,16.687500,16.257813,16.273438,9.959332,55657600
1997-06-19,16.046875,16.343750,16.000000,16.164063,9.892398,65519200
1997-06-20,16.171875,16.421875,16.062500,16.234375,9.935429,64240000
1997-06-23,16.234375,16.437500,16.000000,16.007813,9.796769,35724800
1997-06-24,16.187500,16.515625,16.046875,16.507813,10.102766,39319200
1997-06-25,16.609375,16.656250,16.226563,16.304688,9.978460,49576000
1997-06-26,16.265625,16.351563,15.984375,16.031250,9.811114,37312000
1997-06-27,16.140625,16.250000,15.906250,15.937500,9.753740,38198400
1997-06-30,15.984375,16.093750,15.773438,15.796875,9.667677,38286400
1997-07-01,15.804688,15.859375,15.406250,15.617188,9.557706,59377600
1997-07-02,15.703125,16.062500,15.507813,16.046875,9.820671,53237600
1997-07-03,16.257813,16.257813,16.062500,16.195313,9.911519,28764000
1997-07-07,16.328125,16.468750,16.171875,16.187500,9.906736,39320000
1997-07-08,16.171875,16.414063,16.117188,16.406250,10.040612,36007200
1997-07-09,16.562500,16.578125,16.187500,16.343750,10.002364,48266400
1997-07-10,16.312500,16.406250,16.109375,16.234375,9.935429,43780800
1997-07-11,16.281250,16.382813,16.054688,16.218750,9.925861,38094400
1997-07-14,16.351563,17.000000,16.312500,16.992188,10.399207,57424000
1997-07-15,17.257813,17.406250,17.078125,17.308594,10.592850,75503200
1997-07-16,17.796875,18.687500,17.500000,18.554688,11.355453,111217600
1997-07-17,18.812500,18.843750,18.312500,18.687500,11.436735,131668000
1997-07-18,18.125000,18.421875,17.500000,17.562500,10.748234,158927200
1997-07-21,17.609375,17.625000,16.718750,16.992188,10.399207,127223200
1997-07-22,17.109375,18.101563,17.093750,18.015625,11.025544,101384000
1997-07-23,18.156250,18.359375,17.625000,17.679688,10.819959,95556000
1997-07-24,17.296875,17.546875,16.953125,17.250000,10.556986,141855200
1997-07-25,17.312500,17.781250,17.156250,17.312500,10.595235,90308800
1997-07-28,17.406250,17.421875,16.968750,17.125000,10.480490,56404000
1997-07-29,17.093750,17.507813,17.015625,17.492188,10.705205,79061600
1997-07-30,17.593750,17.750000,17.453125,17.640625,10.796048,78324000
1997-07-31,17.750000,17.765625,17.609375,17.671875,10.815174,42240800
1997-08-01,17.671875,17.726563,17.398438,17.578125,10.757801,58912800
1997-08-04,17.531250,17.750000,17.429688,17.695313,10.829519,46312800
1997-08-05,17.781250,18.046875,17.750000,17.914063,10.963394,59333600
1997-08-06,17.914063,18.078125,17.781250,17.929688,10.972956,43410400
1997-08-07,18.039063,18.046875,17.750000,17.992188,11.011203,43947200
1997-08-08,17.851563,17.890625,17.500000,17.500000,10.709985,66815200
1997-08-11,17.500000,17.531250,17.046875,17.281250,10.576111,72696000
1997-08-12,17.421875,17.468750,16.976563,17.000000,10.403991,60887200
1997-08-13,17.265625,17.281250,16.843750,17.007813,10.408772,66731200
1997-08-14,17.000000,17.093750,16.765625,17.031250,10.423114,45900800
1997-08-15,16.937500,17.000000,16.593750,16.609375,10.164926,51078400
1997-08-18,16.625000,16.734375,16.375000,16.734375,10.241426,69969600
1997-08-19,16.843750,17.375000,16.828125,17.351563,10.619142,91013600
1997-08-20,17.375000,17.585938,17.125000,17.570313,10.753018,51433600
1997-08-21,17.703125,17.796875,17.187500,17.234375,10.547429,64412000
1997-08-22,16.906250,17.187500,16.765625,17.156250,10.499614,72161600
1997-08-25,17.234375,17.375000,16.953125,17.062500,10.442237,38856800
1997-08-26,17.000000,17.109375,16.843750,16.875000,10.327491,34327200
1997-08-27,16.906250,16.914063,16.625000,16.820313,10.294025,49371200
1997-08-28,16.687500,16.718750,16.500000,16.507813,10.102766,43641600
1997-08-29,16.507813,16.734375,16.468750,16.523438,10.112335,37857600
1997-09-02,16.640625,17.187500,16.625000,17.148438,10.494831,50112800
1997-09-03,17.203125,17.359375,17.023438,17.070313,10.447020,42872800
1997-09-04,17.000000,17.312500,16.968750,17.273438,10.571336,44476000
1997-09-05,17.382813,17.460938,17.031250,17.164063,10.504395,48398400
1997-09-08,17.218750,17.476563,17.218750,17.414063,10.657394,42416000
1997-09-09,17.406250,17.531250,17.296875,17.437500,10.671740,39465600
1997-09-10,17.359375,17.390625,16.882813,16.890625,10.337048,53294400
1997-09-11,16.875000,17.171875,16.609375,17.101563,10.466144,61779200
1997-09-12,17.109375,17.296875,16.953125,17.242188,10.552204,48576000
1997-09-15,16.953125,17.156250,16.328125,16.335938,9.997583,129003200
1997-09-16,16.468750,17.125000,16.375000,17.046875,10.432674,102538400
1997-09-17,17.078125,17.093750,16.578125,16.648438,10.188834,61609600
1997-09-18,16.781250,16.890625,16.429688,16.531250,10.117114,61077600
1997-09-19,16.531250,16.906250,16.500000,16.898438,10.341833,77435200
1997-09-22,16.875000,16.984375,16.648438,16.664063,10.198395,43251200
1997-09-23,16.695313,16.937500,16.640625,16.937500,10.365738,39946400
1997-09-24,16.953125,17.007813,16.515625,16.554688,10.131460,60040000
1997-09-25,16.609375,16.765625,16.507813,16.593750,10.155359,39272000
1997-09-26,16.703125,16.718750,16.453125,16.671875,10.203175,36652000
1997-09-29,16.687500,16.843750,16.609375,16.812500,10.289241,27505600
1997-09-30,16.804688,16.968750,16.531250,16.539063,10.121893,43892800
1997-10-01,16.562500,16.812500,16.421875,16.734375,10.241426,61466400
1997-10-02,16.718750,16.828125,16.593750,16.648438,10.188834,28831200
1997-10-03,16.867188,17.031250,16.671875,16.867188,10.322704,60284800
1997-10-06,16.984375,17.031250,16.781250,16.890625,10.337048,41776800
1997-10-07,16.875000,17.210938,16.828125,17.070313,10.447020,54548800
1997-10-08,17.078125,17.382813,17.031250,17.375000,10.633486,71196800
1997-10-09,17.312500,17.453125,17.265625,17.367188,10.628707,34672800
1997-10-10,17.289063,17.343750,17.031250,17.062500,10.442237,24893600
1997-10-13,17.125000,17.234375,17.070313,17.093750,10.461367,19051200
1997-10-14,17.140625,17.171875,16.921875,17.085938,10.456578,33361600
1997-10-15,16.968750,17.000000,16.859375,16.968750,10.384862,45003200
1997-10-16,17.015625,17.078125,16.531250,16.738281,10.243814,47327200
1997-10-17,16.640625,16.828125,16.296875,16.531250,10.117114,87720000
1997-10-20,16.625000,16.906250,15.937500,16.578125,10.145804,154052800
1997-10-21,17.015625,17.404297,16.914063,17.312500,10.595235,115682400
1997-10-22,17.296875,17.312500,16.921875,16.960938,10.380080,55775200
1997-10-23,16.500000,17.156250,16.500000,16.953125,10.375302,66413600
1997-10-24,17.109375,17.156250,16.656250,16.921875,10.356174,70030400
1997-10-27,16.859375,17.031250,16.078125,16.109375,9.858925,96795200
1997-10-28,16.531250,16.875000,15.437500,16.671875,10.203175,160057600
1997-10-29,16.718750,16.882813,16.265625,16.359375,10.011930,85532800
1997-10-30,16.187500,16.421875,16.062500,16.078125,9.839800,72097600
1997-10-31,16.375000,16.437500,16.203125,16.250000,9.944991,46808800
1997-11-03,16.453125,16.781250,16.414063,16.765625,10.260550,67714400
1997-11-04,16.750000,16.867188,16.648438,16.781250,10.270111,49134400
1997-11-05,16.812500,16.828125,16.562500,16.695313,10.217521,42512800
1997-11-06,16.656250,16.687500,16.468750,16.507813,10.102766,40266400
1997-11-07,16.257813,16.500000,16.234375,16.445313,10.064518,63628800
1997-11-10,16.453125,16.562500,16.218750,16.273438,9.959332,36764800
1997-11-11,16.304688,16.429688,16.171875,16.328125,9.992799,37013600
1997-11-12,16.265625,16.375000,16.125000,16.148438,9.882833,45784000
1997-11-13,16.257813,16.453125,16.148438,16.445313,10.064518,60094400
1997-11-14,16.453125,16.734375,16.421875,16.664063,10.198395,46663200
1997-11-17,16.812500,16.976563,16.679688,16.859375,10.317926,60094400
1997-11-18,16.867188,16.937500,16.718750,16.750000,10.250986,36683200
1997-11-19,16.703125,16.890625,16.671875,16.882813,10.332272,31720800
1997-11-20,16.906250,17.140625,16.859375,17.109375,10.470928,53680800
1997-11-21,17.226563,17.250000,17.046875,17.234375,10.547429,68220800
1997-11-24,17.140625,17.265625,16.937500,16.937500,10.365738,39084000
1997-11-25,16.984375,17.406250,16.968750,17.375000,10.633486,56463200
1997-11-26,17.375000,17.734375,17.281250,17.695313,10.829519,63053600
1997-11-28,17.656250,17.781250,17.640625,17.687500,10.824738,17392800
1997-12-01,17.742188,18.000000,17.703125,17.976563,11.001640,49006400
1997-12-02,17.945313,18.109375,17.750000,17.781250,10.882114,50167200
1997-12-03,17.710938,18.132813,17.625000,18.085938,11.068580,57712000
1997-12-04,18.093750,18.234375,17.781250,17.820313,10.906019,62630400
1997-12-05,17.765625,18.093750,17.765625,17.890625,10.949053,48136000
1997-12-08,17.937500,18.328125,17.890625,18.265625,11.178548,49952800
1997-12-09,18.125000,18.171875,17.937500,18.039063,11.039894,51782400
1997-12-10,17.781250,17.906250,17.625000,17.781250,10.882114,66434400
1997-12-11,17.546875,17.625000,17.359375,17.382813,10.638267,70189600
1997-12-12,17.218750,17.312500,17.000000,17.093750,10.461367,54308000
1997-12-15,17.054688,17.125000,16.625000,17.015625,10.413550,84305600
1997-12-16,16.984375,17.546875,16.875000,17.382813,10.638267,65401600
1997-12-17,17.484375,17.546875,16.937500,16.953125,10.375302,51472000
1997-12-18,16.812500,16.843750,16.296875,16.359375,10.011930,98774400
1997-12-19,16.093750,16.273438,15.781250,16.085938,9.844580,138065600
1997-12-22,16.140625,16.250000,15.734375,15.875000,9.715490,59063200
1997-12-23,15.882813,16.031250,15.375000,15.414063,9.433397,67195200
1997-12-24,15.468750,15.484375,14.750000,14.867188,9.098706,88411200
1997-12-26,14.859375,15.093750,14.843750,15.093750,9.237364,32388800
1997-12-29,15.296875,15.843750,15.265625,15.789063,9.662894,67815200
1997-12-30,15.804688,16.375000,15.781250,16.281250,9.964117,77864800
1997-12-31,16.375000,16.437500,16.125000,16.156250,9.887614,46147200
1998-01-02,16.203125,16.437500,16.187500,16.390625,10.031052,39748000
1998-01-05,16.406250,16.703125,15.984375,16.296875,9.973675,80377600
1998-01-06,16.218750,16.625000,16.156250,16.390625,10.031052,67834400
1998-01-07,16.234375,16.398438,15.937500,16.195313,9.911519,61492800
1998-01-08,16.078125,16.515625,15.937500,16.312500,9.983237,77619200
1998-01-09,16.257813,16.437500,15.734375,15.875000,9.715490,87534400
1998-01-12,15.578125,16.250000,15.546875,16.187500,9.906736,78393600
1998-01-13,16.187500,16.531250,16.015625,16.515625,10.107552,66945600
1998-01-14,16.515625,16.562500,16.156250,16.390625,10.031052,54774400
1998-01-15,16.296875,16.625000,16.234375,16.539063,10.121893,50622400
1998-01-16,16.546875,16.921875,16.539063,16.906250,10.346610,72943200
1998-01-20,16.765625,17.250000,16.750000,17.226563,10.542645,64956000
1998-01-21,17.156250,17.304688,16.953125,17.125000,10.480490,85567200
1998-01-22,16.945313,17.484375,16.914063,17.328125,10.604801,159139200
1998-01-23,17.343750,17.429688,17.087891,17.281250,10.576111,63312000
1998-01-26,17.484375,17.734375,17.306641,17.718750,10.843861,74277600
1998-01-27,17.796875,18.234375,17.695313,18.148438,11.106831,97540800
1998-01-28,18.281250,18.687500,18.187500,18.625000,11.398485,79387200
1998-01-29,18.617188,18.765625,18.437500,18.531250,11.341107,73571200
1998-01-30,18.578125,18.750000,18.453125,18.648438,11.412828,50071200
1998-02-02,18.968750,19.390625,18.812500,19.359375,11.847920,98397600
1998-02-03,19.390625,19.515625,19.226563,19.484375,11.924419,61374400
1998-02-04,19.484375,19.750000,19.382813,19.601563,11.996137,61940800
1998-02-05,19.765625,19.843750,19.343750,19.429688,11.890958,67014400
1998-02-06,19.421875,19.781250,19.390625,19.765625,12.096551,50070400
1998-02-09,19.843750,19.859375,19.453125,19.648438,12.024831,54681600
1998-02-10,19.656250,19.937500,19.593750,19.906250,12.182611,48099200
1998-02-11,19.921875,20.007813,19.632813,19.867188,12.158703,76460000
1998-02-12,19.757813,19.867188,19.554688,19.843750,12.144361,76658400
1998-02-13,19.828125,19.843750,19.671875,19.687500,12.048733,42203200
1998-02-17,19.812500,19.812500,19.234375,19.296875,11.809675,85673600
1998-02-18,19.328125,19.500000,19.218750,19.328125,11.828797,76608800
1998-02-19,19.437500,19.507813,19.281250,19.359375,11.847920,73773600
1998-02-20,19.437500,19.468750,19.109375,19.390625,11.867050,86092000
1998-02-23,20.234375,20.421875,19.843750,20.406250,12.488605,120803600
1998-02-24,20.843750,21.234375,20.468750,20.531250,12.565107,118302000
1998-02-25,20.859375,21.250000,20.765625,21.234375,12.995425,94944400
1998-02-26,21.375000,21.421875,21.109375,21.375000,13.081482,61388000
1998-02-27,21.390625,21.500000,21.140625,21.187500,12.966736,47532400
1998-03-02,21.468750,21.468750,20.765625,20.828125,12.746793,50093600
1998-03-03,20.656250,21.140625,20.640625,21.125000,12.928486,50753600
1998-03-04,20.609375,20.953125,20.390625,20.578125,12.593797,71513600
1998-03-05,19.812500,20.359375,19.812500,20.015625,12.249552,92255600
1998-03-06,20.078125,20.687500,20.062500,20.687500,12.660737,51404800
1998-03-09,20.625000,20.625000,19.875000,19.898438,12.177835,52256000
1998-03-10,20.296875,20.375000,19.984375,20.375000,12.469485,47406400
1998-03-11,20.500000,20.500000,19.937500,20.171875,12.345178,39838800
1998-03-12,20.625000,20.656250,20.203125,20.468750,12.526864,47962000
1998-03-13,20.609375,20.750000,20.390625,20.593750,12.603362,32542400
1998-03-16,20.609375,20.687500,20.343750,20.500000,12.545984,27979600
1998-03-17,20.421875,20.421875,19.921875,20.093750,12.297359,53842400
1998-03-18,20.015625,20.453125,19.968750,20.437500,12.507735,33887600
1998-03-19,20.375000,20.578125,20.312500,20.500000,12.545984,30299200
1998-03-20,20.531250,20.750000,20.125000,20.453125,12.517301,56310000
1998-03-23,20.296875,21.156250,20.265625,20.968750,12.832864,55050000
1998-03-24,21.046875,21.265625,20.859375,21.234375,12.995425,32281600
1998-03-25,22.625000,22.734375,21.812500,22.203125,13.588295,124244800
1998-03-26,22.125000,22.390625,21.875000,22.062500,13.502233,45441200
1998-03-27,22.343750,22.343750,21.890625,21.953125,13.435298,38924000
1998-03-30,22.015625,22.156250,21.781250,21.984375,13.454421,27463200
1998-03-31,22.156250,22.437500,22.125000,22.375000,13.693486,38177200
1998-04-01,22.453125,22.656250,22.125000,22.593750,13.827354,36835600
1998-04-02,22.671875,22.984375,22.468750,22.828125,13.970795,41414800
1998-04-03,23.000000,23.265625,22.875000,23.250000,14.228988,40987600
1998-04-06,23.156250,23.156250,22.265625,22.484375,13.760422,74232000
1998-04-07,22.328125,22.656250,21.687500,21.812500,13.349229,62630800
1998-04-08,21.687500,22.250000,21.656250,22.234375,13.607420,36793200
1998-04-09,21.984375,22.406250,21.875000,22.250000,13.616983,33619200
1998-04-13,22.203125,22.250000,21.687500,22.156250,13.559610,33156400
1998-04-14,22.171875,22.390625,21.875000,22.109375,13.530922,28476800
1998-04-15,22.312500,22.843750,22.218750,22.843750,13.980360,40498400
1998-04-16,22.593750,23.015625,22.546875,22.921875,14.028172,39695600
1998-04-17,22.875000,23.062500,22.578125,23.031250,14.095109,37402800
1998-04-20,23.093750,23.750000,23.046875,23.656250,14.477611,45535200
1998-04-21,23.671875,23.750000,23.281250,23.718750,14.515859,51938400
1998-04-22,24.000000,24.781250,23.906250,24.718750,15.127860,80154000
1998-04-23,24.312500,24.343750,23.535156,23.625000,14.458481,64215200
1998-04-24,23.375000,23.687500,22.968750,23.031250,14.095109,51436000
1998-04-27,22.375000,22.632813,22.125000,22.578125,13.817799,58752000
1998-04-28,23.031250,23.062500,22.253906,22.468750,13.750862,56668000
1998-04-29,22.515625,22.875000,22.406250,22.625000,13.846488,50061600
1998-04-30,22.875000,22.906250,22.421875,22.531250,13.789110,54473600
1998-05-01,22.546875,22.625000,22.031250,22.406250,13.712612,35996000
1998-05-04,22.296875,22.468750,21.984375,22.015625,13.473550,37899600
1998-05-05,21.906250,22.390625,21.750000,21.937500,13.425735,50828000
1998-05-06,21.875000,21.875000,21.500000,21.593750,13.215363,48110800
1998-05-07,21.546875,21.562500,20.796875,20.843750,12.756353,78022000
1998-05-08,20.468750,21.531250,20.468750,21.437500,13.119737,96274800
1998-05-11,21.531250,21.546875,21.015625,21.062500,12.890236,51474400
1998-05-12,20.812500,21.437500,20.812500,21.421875,13.110173,64147200
1998-05-13,22.171875,22.187500,21.625000,21.734375,13.301424,80680400
1998-05-14,21.468750,22.750000,21.453125,22.234375,13.607420,94774400
1998-05-15,22.531250,22.546875,22.187500,22.359375,13.683928,48150800
1998-05-18,21.125000,21.625000,21.125000,21.515625,13.167544,80395600
1998-05-19,21.453125,21.734375,21.390625,21.625000,13.234483,52234400
1998-05-20,21.531250,21.718750,21.343750,21.437500,13.119737,35698800
1998-05-21,21.453125,21.843750,21.375000,21.593750,13.215363,36680000
1998-05-22,21.656250,21.687500,21.359375,21.390625,13.091047,36129200
1998-05-26,21.328125,21.546875,20.875000,20.906250,12.794613,44473600
1998-05-27,20.718750,21.531250,20.718750,21.500000,13.157986,58574400
1998-05-28,21.437500,21.593750,21.265625,21.578125,13.205799,30746800
1998-05-29,21.593750,21.625000,21.187500,21.203125,12.976297,34091200
1998-06-01,20.968750,21.152344,20.781250,20.937500,12.813736,42436800
1998-06-02,21.015625,21.484375,20.968750,21.375000,13.081482,38570800
1998-06-03,21.468750,21.609375,21.031250,21.078125,12.899798,36010800
1998-06-04,21.171875,21.531250,20.906250,21.515625,13.167544,33717600
1998-06-05,21.468750,21.625000,21.187500,21.562500,13.196238,34431600
1998-06-08,21.406250,21.578125,21.250000,21.421875,13.110173,18886400
1998-06-09,21.328125,21.890625,21.312500,21.765625,13.320544,35690400
1998-06-10,21.656250,22.093750,21.468750,21.500000,13.157986,33290400
1998-06-11,21.609375,21.781250,21.281250,21.328125,13.052800,41271200
1998-06-12,21.218750,21.531250,21.000000,21.437500,13.119737,41323600
1998-06-15,21.171875,21.828125,21.140625,21.484375,13.148425,42846000
1998-06-16,21.578125,22.484375,21.375000,22.468750,13.750862,61138400
1998-06-17,22.484375,23.093750,22.437500,22.765625,13.932552,76147600
1998-06-18,22.703125,22.937500,22.593750,22.796875,13.951676,39228400
1998-06-19,23.218750,23.687500,23.125000,23.671875,14.487171,91226800
1998-06-22,23.687500,23.984375,23.421875,23.953125,14.659286,48969600
1998-06-23,23.953125,25.218750,23.812500,25.187500,15.414733,124675200
1998-06-24,25.421875,26.281250,24.984375,26.234375,16.055416,105724800
1998-06-25,26.468750,26.718750,25.343750,25.390625,15.539045,88969600
1998-06-26,25.562500,26.156250,25.500000,26.109375,15.978919,55680400
1998-06-29,26.375000,26.921875,26.312500,26.859375,16.437920,65906000
1998-06-30,26.312500,27.140625,26.156250,27.093750,16.581348,77010000
1998-07-01,27.281250,27.531250,26.796875,27.343750,16.734362,53470400
1998-07-02,27.203125,27.281250,26.781250,26.812500,16.409235,27321200
1998-07-06,26.718750,27.015625,26.343750,26.953125,16.495296,35307600
1998-07-07,26.953125,27.140625,26.625000,26.984375,16.514429,32422800
1998-07-08,27.031250,27.531250,26.687500,27.468750,16.810856,41553600
1998-07-09,27.500000,28.000000,27.437500,27.750000,16.982979,43690000
1998-07-10,27.781250,28.312500,27.468750,28.296875,17.317667,45396800
1998-07-13,28.531250,29.562500,28.406250,29.390625,17.987049,69223200
1998-07-14,29.562500,29.687500,28.875000,29.125000,17.824480,56972400
1998-07-15,29.000000,29.500000,28.906250,29.343750,17.958353,48690000
1998-07-16,29.515625,29.718750,29.156250,29.343750,17.958353,65125200
1998-07-17,29.375000,29.906250,28.984375,29.484375,18.044416,83108400
1998-07-20,29.546875,29.875000,29.203125,29.250000,17.900978,45794800
1998-07-21,29.218750,29.750000,28.125000,28.203125,17.260286,74605200
1998-07-22,28.000000,29.312500,27.968750,29.187500,17.862730,71654400
1998-07-23,29.078125,29.375000,28.250000,28.250000,17.288979,51029600
1998-07-24,28.437500,28.906250,28.125000,28.453125,17.413290,60366400
1998-07-27,28.281250,29.187500,27.671875,29.187500,17.862730,58998000
1998-07-28,29.000000,29.218750,28.000000,28.062500,17.174229,78378400
1998-07-29,28.312500,28.562500,27.515625,27.671875,16.935165,59738000
1998-07-30,27.984375,28.406250,27.687500,28.359375,17.355913,72746400
1998-07-31,28.234375,28.378906,27.484375,27.484375,16.820419,53705200
1998-08-03,27.281250,27.718750,26.843750,27.109375,16.590908,73566400
1998-08-04,27.156250,27.406250,26.046875,26.125000,15.988482,91412000
1998-08-05,26.031250,26.562500,25.375000,26.078125,15.959791,120208800
1998-08-06,25.937500,26.734375,25.906250,26.718750,16.351856,68308000
1998-08-07,26.859375,26.875000,26.265625,26.468750,16.198853,54972400
1998-08-10,26.453125,26.578125,26.109375,26.109375,15.978919,46763200
1998-08-11,25.718750,26.093750,25.500000,25.859375,15.825920,60976400
1998-08-12,26.078125,26.296875,25.750000,26.265625,16.074547,53760000
1998-08-13,26.031250,26.500000,25.937500,25.984375,15.902414,51193200
1998-08-14,26.171875,26.265625,25.875000,26.062500,15.950230,29566400
1998-08-17,25.875000,26.843750,25.750000,26.828125,16.418798,54073200
1998-08-18,26.968750,27.953125,26.843750,27.812500,17.021229,70591200
1998-08-19,28.062500,28.187500,27.562500,27.640625,16.916039,55709600
1998-08-20,27.531250,28.187500,27.421875,28.140625,17.222044,49970400
1998-08-21,27.781250,27.968750,27.187500,27.656250,16.925600,59523600
1998-08-24,27.578125,28.000000,27.500000,27.593750,16.887354,26319200
1998-08-25,27.843750,28.421875,27.781250,28.203125,17.260286,58026800
1998-08-26,27.812500,28.437500,27.718750,28.140625,17.222044,44804400
1998-08-27,27.640625,28.187500,27.125000,27.312500,16.715233,74874000
1998-08-28,27.062500,27.406250,26.187500,26.312500,16.103226,72730000
1998-08-31,26.218750,26.625000,23.937500,23.984375,14.678422,132690400
1998-09-01,23.812500,25.437500,23.625000,25.312500,15.491241,140112400
1998-09-02,25.453125,26.062500,25.062500,25.140625,15.386043,63438400
1998-09-03,24.687500,25.187500,24.593750,24.812500,15.185235,67506800
1998-09-04,24.921875,25.062500,24.031250,24.156250,14.783612,50890400
1998-09-08,25.000000,25.515625,24.765625,25.492188,15.601207,60625600
1998-09-09,25.562500,26.109375,25.406250,25.562500,15.644226,65480800
1998-09-10,25.000000,25.281250,24.671875,25.187500,15.414733,60758000
1998-09-11,25.281250,26.156250,25.031250,26.062500,15.950230,58989200
1998-09-14,26.234375,26.765625,26.218750,26.500000,16.217989,45086800
1998-09-15,26.468750,27.109375,26.281250,27.078125,16.571793,49367600
1998-09-16,26.968750,27.125000,26.531250,27.046875,16.552668,42886800
1998-09-17,26.328125,26.625000,26.203125,26.234375,16.055416,45178400
1998-09-18,26.437500,26.562500,26.078125,26.343750,16.122355,47361600
1998-09-21,25.625000,27.015625,25.593750,26.968750,16.504858,45872000
1998-09-22,27.109375,27.468750,26.687500,27.296875,16.705671,43082000
1998-09-23,27.406250,28.468750,27.125000,28.406250,17.384605,65263600
1998-09-24,28.281250,28.656250,27.250000,27.531250,16.849100,63521600
1998-09-25,27.281250,28.281250,27.156250,28.265625,17.298544,47878400
1998-09-28,28.250000,28.593750,27.437500,27.828125,17.030798,41405200
1998-09-29,27.953125,28.500000,27.843750,28.218750,17.269857,48743200
1998-09-30,28.078125,28.390625,27.507813,27.515625,16.839546,38875600
1998-10-01,27.015625,27.375000,26.000000,26.015625,15.921543,65442400
1998-10-02,25.843750,26.296875,25.250000,26.031250,15.931105,65889600
1998-10-05,25.625000,25.718750,24.125000,25.296875,15.481668,114937600
1998-10-06,25.625000,25.906250,24.343750,24.406250,14.936604,76550000
1998-10-07,24.343750,24.937500,23.343750,23.531250,14.401115,90710400
1998-10-08,22.640625,22.968750,21.937500,22.796875,13.951676,144719200
1998-10-09,23.296875,24.250000,23.062500,24.218750,14.821856,72661600
1998-10-12,24.812500,25.250000,24.625000,24.937500,15.261726,51502800
1998-10-13,24.875000,24.937500,23.937500,24.109375,14.754930,47995600
1998-10-14,23.968750,25.343750,23.968750,25.046875,15.328669,62403200
1998-10-15,25.031250,26.406250,24.906250,26.359375,16.131929,66253600
1998-10-16,26.500000,26.625000,26.000000,26.265625,16.074547,68620000
1998-10-19,26.031250,26.046875,25.281250,25.734375,15.749424,60177600
1998-10-20,25.812500,25.843750,24.906250,25.062500,15.338225,94368400
1998-10-21,26.218750,26.718750,25.765625,26.609375,16.284916,125377200
1998-10-22,26.500000,27.531250,26.312500,27.500000,16.829973,81910800
1998-10-23,27.250000,27.500000,26.546875,26.593750,16.275358,59882000
1998-10-26,26.703125,27.000000,26.421875,26.765625,16.380545,59678400
1998-10-27,26.937500,26.968750,26.250000,26.359375,16.131929,65434800
1998-10-28,26.218750,26.656250,26.218750,26.421875,16.170174,56808400
1998-10-29,26.359375,26.875000,26.359375,26.656250,16.313604,52402800
1998-10-30,26.812500,27.046875,26.281250,26.468750,16.198853,59322800
1998-11-02,26.593750,26.718750,26.250000,26.453125,16.189295,48388400
1998-11-03,26.375000,26.640625,26.187500,26.296875,16.093666,36546800
1998-11-04,26.453125,26.828125,26.218750,26.375000,16.141474,67459600
1998-11-05,26.328125,26.906250,26.312500,26.593750,16.275358,76727200
1998-11-06,26.515625,27.437500,26.484375,27.328125,16.724800,74461200
1998-11-09,27.296875,27.843750,27.203125,27.671875,16.935165,68956800
1998-11-10,27.531250,28.359375,27.515625,28.015625,17.145538,72075600
1998-11-11,28.359375,28.687500,27.718750,27.765625,16.992548,63899200
1998-11-12,27.562500,27.781250,27.125000,27.187500,16.638731,38526800
1998-11-13,27.109375,27.625000,27.093750,27.500000,16.829973,28368800
1998-11-16,27.828125,27.937500,26.875000,27.203125,16.648298,42620400
1998-11-17,27.250000,28.093750,27.234375,27.968750,17.116856,58744000
1998-11-18,27.390625,27.765625,27.281250,27.437500,16.791735,41691200
1998-11-19,27.265625,28.125000,27.265625,27.937500,17.097727,45220800
1998-11-20,28.187500,28.437500,27.812500,28.406250,17.384605,48405200
1998-11-23,28.125000,30.046875,28.125000,29.796875,18.235662,110870400
1998-11-24,29.671875,31.265625,29.656250,30.421875,18.618166,101114800
1998-11-25,30.671875,31.093750,30.187500,31.062500,19.010227,41394000
1998-11-27,31.281250,32.031250,31.078125,32.015625,19.593538,26335600
1998-11-30,32.343750,32.566406,30.484375,30.500000,18.665981,70900000
1998-12-01,30.062500,32.437500,30.031250,32.375000,19.813473,86330800
1998-12-02,32.296875,32.437500,31.375000,31.687500,19.392735,65759600
1998-12-03,31.718750,32.234375,30.500000,30.531250,18.685104,51426800
1998-12-04,31.234375,31.843750,31.000000,31.843750,19.488348,44352000
1998-12-07,31.921875,33.437500,31.687500,33.390625,20.435041,89809200
1998-12-08,33.218750,33.562500,32.437500,32.796875,20.071661,77585200
1998-12-09,33.031250,33.453125,32.500000,33.406250,20.444605,44781600
1998-12-10,33.281250,33.656250,32.843750,32.890625,20.129036,57015600
1998-12-11,32.750000,33.671875,32.687500,33.500000,20.501972,51728800
1998-12-14,33.187500,33.437500,31.921875,31.984375,19.574421,64077600
1998-12-15,32.328125,33.000000,32.312500,32.968750,20.176859,51719600
1998-12-16,33.125000,33.781250,32.281250,33.437500,20.463720,60024000
1998-12-17,33.546875,33.718750,33.062500,33.593750,20.559357,46963600
1998-12-18,33.750000,34.562500,33.531250,34.453125,21.085291,59648000
1998-12-21,34.656250,35.546875,34.437500,35.109375,21.486916,48112000
1998-12-22,35.125000,35.125000,34.343750,34.609375,21.180908,41350000
1998-12-23,35.093750,35.953125,34.843750,35.890625,21.965034,34940000
1998-12-24,35.906250,36.000000,35.375000,35.437500,21.687721,13832400
1998-12-28,35.750000,35.906250,35.375000,35.593750,21.783348,23636400
1998-12-29,35.640625,35.640625,34.906250,35.125000,21.496468,29651600
1998-12-30,35.218750,35.839844,34.718750,34.750000,21.266972,34942800
1998-12-31,34.796875,35.000000,34.500000,34.671875,21.219166,23834400
1999-01-04,34.902344,36.312500,34.843750,35.250000,21.572973,69305200
1999-01-05,35.468750,37.000000,35.359375,36.625000,22.414476,64281600
1999-01-06,37.375000,37.875000,36.687500,37.812500,23.141226,69064800
1999-01-07,37.437500,37.656250,37.062500,37.625000,23.026476,51150400
1999-01-08,38.046875,38.125000,36.750000,37.468750,22.930838,50244800
1999-01-11,37.718750,37.734375,36.062500,36.875000,22.567474,46463200
1999-01-12,37.031250,37.031250,35.250000,35.546875,21.754656,57907200
1999-01-13,34.000000,36.937500,34.000000,35.953125,22.003281,75346000
1999-01-14,36.312500,36.390625,35.375000,35.437500,21.687721,59214000
1999-01-15,35.734375,37.500000,35.343750,37.437500,22.911728,59344000
1999-01-19,37.843750,39.593750,37.718750,38.906250,23.810591,102741600
1999-01-20,41.734375,41.937500,40.621094,40.656250,24.881605,125481200
1999-01-21,40.437500,40.828125,39.437500,39.578125,24.221794,80077200
1999-01-22,38.906250,40.058594,38.812500,39.062500,23.906216,82160000
1999-01-25,40.421875,40.828125,39.781250,40.468750,24.766848,103076400
1999-01-26,41.375000,42.937500,41.125000,42.890625,26.249035,120203200
1999-01-27,43.125000,43.609375,42.125000,42.156250,25.799597,98048000
1999-01-28,42.937500,43.515625,42.453125,43.500000,26.621967,78838400
1999-01-29,43.687500,43.781250,42.718750,43.750000,26.774956,79571600
1999-02-01,43.859375,43.984375,42.703125,43.234375,26.459415,81729200
1999-02-02,43.125000,43.140625,41.562500,41.906250,25.646593,91965600
1999-02-03,41.593750,42.468750,41.500000,41.703125,25.522278,73749200
1999-02-04,42.031250,42.093750,39.718750,39.765625,24.336525,89151600
1999-02-05,40.062500,40.406250,38.718750,40.000000,24.479967,127945200
1999-02-08,40.640625,41.390625,40.406250,41.312500,25.283218,109866800
1999-02-09,41.234375,41.687500,39.937500,40.015625,24.489527,77293600
1999-02-10,39.968750,41.093750,39.656250,40.156250,24.575603,73694000
1999-02-11,40.687500,40.968750,40.093750,40.687500,24.900719,60366000
1999-02-12,40.421875,40.921875,39.281250,39.437500,24.135731,62930400
1999-02-16,39.937500,39.968750,38.640625,39.062500,23.906216,73666800
1999-02-17,38.234375,38.531250,37.125000,37.500000,22.949968,101215600
1999-02-18,37.734375,37.843750,35.996094,36.437500,22.299721,117035200
1999-02-19,36.859375,37.312500,36.437500,36.937500,22.605726,73085600
1999-02-22,37.062500,37.250000,36.187500,37.203125,22.768286,92514400
1999-02-23,38.234375,38.906250,37.625000,38.859375,23.781916,95106800
1999-02-24,39.109375,39.843750,38.187500,38.218750,23.389841,67696800
1999-02-25,38.093750,38.437500,37.406250,38.375000,23.485466,70817200
1999-02-26,38.093750,38.125000,37.375000,37.531250,22.969091,59273200
1999-03-01,37.390625,38.140625,37.375000,37.937500,23.217733,58332000
1999-03-02,37.968750,38.531250,36.906250,37.140625,22.730038,58569600
1999-03-03,37.250000,37.671875,36.765625,37.406250,22.892611,76798400
1999-03-04,37.781250,38.375000,37.031250,38.062500,23.294216,61696400
1999-03-05,38.687500,38.843750,38.281250,38.734375,23.705410,47302800
1999-03-08,38.875000,39.808594,38.750000,39.750000,24.326971,46726000
1999-03-09,39.968750,41.187500,39.937500,40.453125,24.757282,90129600
1999-03-10,40.578125,40.625000,39.796875,40.343750,24.690355,53114800
1999-03-11,40.250000,41.140625,39.828125,40.359375,24.699919,62948400
1999-03-12,40.656250,40.687500,39.203125,40.046875,24.508665,73395200
1999-03-15,40.140625,41.500000,39.468750,41.468750,25.378849,60609600
1999-03-16,41.375000,42.500000,41.062500,42.265625,25.866539,68554000
1999-03-17,42.265625,42.359375,41.687500,41.781250,25.570087,44919600
1999-03-18,41.609375,43.140625,41.546875,43.109375,26.382908,56231200
1999-03-19,43.468750,43.531250,42.468750,42.796875,26.191650,91980400
1999-03-22,43.234375,43.734375,43.000000,43.203125,26.440285,55719200
1999-03-23,43.171875,43.531250,41.562500,41.640625,25.484039,69581200
1999-03-24,41.750000,42.953125,40.781250,42.812500,26.201221,82634400
1999-03-25,43.265625,45.015625,43.125000,44.984375,27.530407,109447600
1999-03-26,44.734375,45.093750,43.937500,44.531250,27.253082,94687600
1999-03-29,45.062500,46.312500,43.937500,46.187500,28.266710,79777000
1999-03-30,46.687500,46.750000,46.125000,46.500000,28.457975,67502400
1999-03-31,47.250000,47.312500,44.562500,44.812500,27.425224,58752600
1999-04-01,45.625000,46.437500,45.132813,46.343750,28.362345,41106000
1999-04-05,47.156250,47.507813,46.750000,47.468750,29.050837,39848600
1999-04-06,47.593750,47.812500,46.625000,47.031250,28.783091,39674800
1999-04-07,47.437500,47.500000,45.625000,46.656250,28.553579,46910200
1999-04-08,46.625000,47.312500,45.500000,47.281250,28.936085,38637000
1999-04-09,47.125000,47.500000,46.500000,47.125000,28.840467,31816800
1999-04-12,45.812500,46.812500,45.687500,46.500000,28.457975,37858800
1999-04-13,46.562500,46.562500,44.593750,45.062500,27.578220,46746800
1999-04-14,45.406250,45.562500,42.937500,42.937500,26.277718,52944000
1999-04-15,43.656250,44.937500,41.937500,44.437500,27.195717,72594600
1999-04-16,44.531250,44.562500,42.937500,43.312500,26.507219,44774000
1999-04-19,43.437500,44.062500,40.187500,40.500000,24.785971,75389000
1999-04-20,41.125000,42.000000,40.000000,41.562500,25.436216,108459400
1999-04-21,41.062500,41.250000,40.000000,41.000000,25.091969,92732800
1999-04-22,42.500000,42.625000,41.687500,42.468750,25.990850,55096400
1999-04-23,42.500000,43.500000,41.500000,43.000000,26.315971,56592000
1999-04-26,43.593750,44.468750,43.375000,44.000000,26.927971,48349800
1999-04-27,44.375000,44.375000,41.968750,42.000000,25.703972,58665800
1999-04-28,42.656250,43.250000,40.859375,41.062500,25.130215,55963400
1999-04-29,41.187500,41.843750,40.203125,41.031250,25.111099,60880600
1999-04-30,41.375000,41.875000,39.937500,40.656250,24.881605,58558600
1999-05-03,40.718750,40.750000,39.281250,39.937500,24.441729,67180000
1999-05-04,40.250000,40.906250,38.875000,39.031250,23.887100,66502200
1999-05-05,39.562500,39.937500,38.218750,39.562500,24.212219,67028200
1999-05-06,40.343750,40.562500,38.750000,38.968750,23.848839,74021000
1999-05-07,39.812500,40.187500,39.000000,39.531250,24.193102,48011600
1999-05-10,39.937500,40.250000,39.125000,39.843750,24.384348,46218000
1999-05-11,40.375000,40.507813,39.718750,39.937500,24.441729,42786200
1999-05-12,40.375000,40.500000,39.625000,40.250000,24.632957,60142600
1999-05-13,40.562500,40.875000,39.562500,39.562500,24.212219,51737200
1999-05-14,39.437500,39.968750,38.312500,38.437500,23.523724,84401000
1999-05-17,38.687500,39.781250,38.500000,39.562500,24.212219,66850200
1999-05-18,39.906250,40.125000,38.968750,39.343750,24.078346,63858400
1999-05-19,39.937500,39.937500,38.625000,39.656250,24.269606,46510800
1999-05-20,39.781250,40.000000,39.187500,39.218750,24.001850,42386200
1999-05-21,39.250000,39.500000,38.500000,38.781250,23.734100,56568800
1999-05-24,38.937500,38.937500,38.031250,38.625000,23.638483,38990000
1999-05-25,38.375000,39.625000,38.062500,38.125000,23.332462,50791600
1999-05-26,38.593750,39.250000,37.750000,39.250000,24.020979,52022800
1999-05-27,39.125000,39.718750,38.750000,39.187500,23.982721,56702200
1999-05-28,39.375000,40.437500,39.062500,40.343750,24.690355,41548000
1999-06-01,40.312500,40.375000,39.218750,39.250000,24.020979,36046400
1999-06-02,39.031250,39.312500,38.125000,39.218750,24.001850,42812600
1999-06-03,39.187500,39.468750,38.062500,38.187500,23.370722,32934400
1999-06-04,38.468750,39.843750,38.375000,39.781250,24.346100,35668200
1999-06-07,39.968750,40.531250,39.593750,40.125000,24.556473,32392200
1999-06-08,39.937500,41.062500,39.500000,39.687500,24.288723,41516400
1999-06-09,40.062500,41.312500,40.000000,41.156250,25.187593,53310800
1999-06-10,40.937500,41.156250,39.531250,39.937500,24.441729,35277400
1999-06-11,40.000000,40.250000,38.781250,39.062500,23.906216,34543000
1999-06-14,39.375000,39.843750,38.718750,38.781250,23.734100,28369800
1999-06-15,39.031250,39.437500,38.343750,38.843750,23.772352,36981000
1999-06-16,39.531250,40.812500,39.468750,40.500000,24.785971,48325200
1999-06-17,40.343750,41.500000,40.250000,41.437500,25.359722,44475200
1999-06-18,41.156250,42.500000,41.062500,42.500000,26.009966,69116200
1999-06-21,42.437500,44.500000,42.437500,44.468750,27.214840,56194400
1999-06-22,44.218750,44.218750,43.125000,43.250000,26.468966,38751000
1999-06-23,42.968750,43.687500,42.531250,43.000000,26.315971,33942000
1999-06-24,42.875000,43.125000,42.000000,42.312500,25.895218,33559000
1999-06-25,42.687500,43.218750,42.187500,42.468750,25.990850,24933000
1999-06-28,42.750000,43.406250,42.468750,43.375000,26.545477,31701000
1999-06-29,43.343750,44.031250,43.000000,44.000000,26.927971,38973200
1999-06-30,43.875000,45.125000,43.375000,45.093750,27.597334,57610200
1999-07-01,44.937500,45.750000,44.187500,45.593750,27.903353,47737800
1999-07-02,45.437500,46.062500,45.156250,46.000000,28.151981,32094800
1999-07-06,46.125000,46.468750,44.625000,44.781250,27.406099,45419400
1999-07-07,45.031250,46.156250,44.937500,46.156250,28.247585,33834600
1999-07-08,45.906250,46.500000,45.343750,46.281250,28.324097,37790400
1999-07-09,46.187500,46.656250,46.125000,46.625000,28.534464,33884200
1999-07-12,46.593750,47.375000,46.187500,47.093750,28.821354,43847800
1999-07-13,46.562500,47.031250,46.406250,46.812500,28.649221,30845000
1999-07-14,46.875000,47.500000,46.250000,47.468750,29.050837,37985200
1999-07-15,47.500000,47.625000,46.875000,47.187500,28.878712,40926200
1999-07-16,47.750000,49.937500,47.500000,49.718750,30.427847,115369800
1999-07-19,50.000000,50.375000,48.906250,49.187500,30.102716,81181600
1999-07-20,48.218750,48.375000,46.156250,46.656250,28.553579,92287400
1999-07-21,46.812500,47.656250,46.500000,47.343750,28.974342,54050800
1999-07-22,47.187500,47.250000,45.000000,45.531250,27.865105,60904200
1999-07-23,45.781250,45.875000,44.843750,45.125000,27.616468,68833200
1999-07-26,44.437500,44.906250,43.812500,43.812500,26.813211,50885000
1999-07-27,44.406250,44.875000,44.000000,44.406250,27.176590,65513000
1999-07-28,44.593750,45.250000,44.187500,45.000000,27.539965,62215200
1999-07-29,44.343750,44.406250,43.156250,43.468750,26.602848,57968200
1999-07-30,43.812500,44.312500,42.750000,42.906250,26.258596,51127400
1999-08-02,42.843750,43.468750,42.187500,42.406250,25.952595,48050600
1999-08-03,42.937500,43.031250,42.187500,42.375000,25.933472,55051200
1999-08-04,42.562500,43.593750,42.375000,42.468750,25.990850,75573400
1999-08-05,42.687500,43.187500,42.375000,42.875000,26.239473,76634000
1999-08-06,43.031250,43.218750,42.468750,42.562500,26.048218,67205800
1999-08-09,42.812500,42.906250,41.843750,41.906250,25.646593,39333600
1999-08-10,41.781250,42.031250,40.812500,41.468750,25.378849,62743000
1999-08-11,42.000000,42.343750,41.156250,42.093750,25.761347,66105200
1999-08-12,41.968750,42.093750,40.812500,40.875000,25.015471,61062000
1999-08-13,41.468750,42.812500,41.375000,42.343750,25.914351,65099800
1999-08-16,42.531250,42.945313,41.156250,42.156250,25.799597,57321800
1999-08-17,42.718750,42.750000,41.468750,42.281250,25.876091,51749000
1999-08-18,42.218750,43.093750,42.031250,42.500000,26.009966,58361200
1999-08-19,42.281250,42.562500,41.562500,41.906250,25.646593,71478200
1999-08-20,42.000000,42.390625,41.531250,41.687500,25.512707,46072800
1999-08-23,42.156250,43.312500,41.937500,43.218750,26.449844,60447000
1999-08-24,43.531250,46.750000,43.531250,46.093750,28.209330,120450000
1999-08-25,46.812500,48.000000,46.593750,47.656250,29.165600,81877600
1999-08-26,47.687500,48.187500,46.843750,47.312500,28.955221,61246000
1999-08-27,47.531250,47.562500,46.187500,46.625000,28.534464,41948400
1999-08-30,46.437500,46.718750,45.781250,46.125000,28.228470,33300800
1999-08-31,45.906250,46.562500,45.062500,46.281250,28.324097,46882800
1999-09-01,46.156250,46.718750,45.812500,46.187500,28.266710,36607200
1999-09-02,45.750000,46.281250,45.343750,45.906250,28.094599,33340800
1999-09-03,46.875000,48.218750,46.750000,47.937500,29.337721,52098000
1999-09-07,47.437500,48.343750,46.875000,47.125000,28.840467,47028000
1999-09-08,46.843750,47.343750,46.031250,46.125000,28.228470,42568200
1999-09-09,46.218750,47.070313,45.898438,47.031250,28.783091,38475200
1999-09-10,47.531250,47.656250,47.000000,47.500000,29.069956,34455000
1999-09-13,47.250000,47.406250,46.687500,46.937500,28.725727,27870800
1999-09-14,46.843750,47.781250,46.812500,47.531250,29.089085,40207800
1999-09-15,47.750000,47.875000,46.187500,46.312500,28.343216,48413800
1999-09-16,46.437500,47.031250,45.312500,47.000000,28.763969,45796000
1999-09-17,47.187500,48.250000,46.906250,48.218750,29.509861,79773400
1999-09-20,48.000000,48.937500,47.500000,48.781250,29.854094,48601800
1999-09-21,48.281250,48.281250,47.062500,47.312500,28.955221,47082800
1999-09-22,47.375000,48.312500,46.843750,48.031250,29.395086,48531600
1999-09-23,48.437500,48.437500,45.007813,45.593750,27.903353,71073600
1999-09-24,45.093750,45.687500,44.437500,45.468750,27.826855,70277000
1999-09-27,46.000000,46.468750,45.437500,45.718750,27.979845,34132200
1999-09-28,45.625000,46.343750,44.531250,46.062500,28.190218,46000600
1999-09-29,45.781250,46.062500,44.562500,44.750000,27.386972,37484400
1999-09-30,45.000000,45.843750,44.406250,45.281250,27.712091,47455400
1999-10-01,45.093750,45.312500,44.156250,44.992188,27.535192,44239000
1999-10-04,45.250000,46.312500,45.125000,46.281250,28.324097,29998000
1999-10-05,46.375000,46.937500,44.750000,45.906250,28.094599,43397000
1999-10-06,46.156250,47.000000,46.031250,46.843750,28.668331,35500200
1999-10-07,46.843750,47.531250,46.343750,46.875000,28.687477,46036400
1999-10-08,46.750000,47.593750,46.062500,47.468750,29.050837,35697000
1999-10-11,47.312500,47.500000,47.062500,47.156250,28.859594,19943800
1999-10-12,47.000000,47.156250,46.187500,46.281250,28.324097,27668600
1999-10-13,46.000000,46.562500,45.156250,45.531250,27.865105,38098400
1999-10-14,45.437500,46.117188,44.843750,45.343750,27.750332,42737800
1999-10-15,44.750000,44.906250,43.656250,44.031250,26.947100,73788000
1999-10-18,43.593750,44.000000,42.531250,43.937500,26.889723,75312800
1999-10-19,44.125000,44.625000,42.625000,43.156250,26.411598,69945600
1999-10-20,45.781250,46.187500,45.125000,46.125000,28.228470,88090600
1999-10-21,45.281250,46.562500,45.250000,46.531250,28.477104,60801200
1999-10-22,46.781250,46.937500,45.875000,46.343750,28.362345,43650600
1999-10-25,46.000000,46.781250,45.562500,46.218750,28.285852,30492200
1999-10-26,47.187500,47.625000,46.132813,46.187500,28.266710,52467600
1999-10-27,45.750000,45.812500,44.843750,45.437500,27.807724,54416600
1999-10-28,45.000000,45.437500,44.656250,44.937500,27.501724,70570400
1999-10-29,45.718750,47.000000,45.625000,46.281250,28.324097,79452600
1999-11-01,46.625000,47.093750,46.062500,46.187500,28.266710,53261200
1999-11-02,46.375000,47.250000,45.968750,46.281250,28.324097,46349000
1999-11-03,46.468750,46.750000,45.750000,46.000000,28.151981,44517000
1999-11-04,46.156250,46.375000,45.156250,45.875000,28.075464,54239400
1999-11-05,45.906250,46.437500,45.250000,45.781250,28.018093,70167400
1999-11-08,42.406250,45.375000,42.187500,44.968750,27.520844,243819200
1999-11-09,44.875000,44.937500,43.218750,44.437500,27.195717,109769800
1999-11-10,44.062500,44.562500,43.218750,43.562500,26.660217,69385400
1999-11-11,44.125000,45.218750,44.125000,44.812500,27.425224,69274600
1999-11-12,44.875000,45.000000,43.531250,44.593750,27.291355,49414200
1999-11-15,44.125000,44.250000,43.468750,43.500000,26.621967,47080400
1999-11-16,43.468750,43.875000,42.937500,43.656250,26.717598,59165200
1999-11-17,43.218750,43.531250,42.500000,42.500000,26.009966,66819000
1999-11-18,42.468750,42.906250,42.250000,42.468750,25.990850,64493200
1999-11-19,42.218750,43.281250,42.187500,43.000000,26.315971,58226000
1999-11-22,44.812500,45.187500,44.218750,44.906250,27.482588,90596600
1999-11-23,44.625000,45.687500,44.187500,44.812500,27.425224,70787400
1999-11-24,44.781250,46.125000,44.750000,45.843750,28.056345,53771000
1999-11-26,45.812500,46.687500,45.500000,45.562500,27.884228,28514200
1999-11-29,45.062500,46.031250,44.750000,45.093750,27.597334,51460200
1999-11-30,44.875000,46.437500,44.781250,45.523438,27.860317,64145600
1999-12-01,45.531250,46.968750,45.437500,46.593750,28.515352,48864200
1999-12-02,46.531250,47.625000,46.437500,47.406250,29.012596,55473800
1999-12-03,47.906250,48.562500,47.867188,48.062500,29.414211,64100600
1999-12-06,47.625000,48.593750,47.375000,47.718750,29.203842,49098200
1999-12-07,47.375000,47.437500,46.437500,46.500000,28.457975,56859200
1999-12-08,46.562500,47.156250,45.843750,45.875000,28.075464,40955800
1999-12-09,46.000000,46.656250,45.718750,46.375000,28.381462,46258200
1999-12-10,46.687500,47.062500,46.125000,46.937500,28.725727,36836000
1999-12-13,46.804688,48.468750,46.375000,48.312500,29.567225,52691600
1999-12-14,48.093750,50.562500,47.656250,49.343750,30.198341,144116200
1999-12-15,49.281250,54.375000,49.250000,54.218750,33.181816,155571600
1999-12-16,54.625000,57.500000,54.468750,56.843750,34.788342,128660200
1999-12-17,58.312500,58.562500,56.812500,57.625000,35.266449,105898800
1999-12-20,57.406250,57.500000,55.593750,56.375000,34.501465,39433800
1999-12-21,56.187500,58.312500,55.312500,57.937500,35.457710,57446000
1999-12-22,58.148438,59.000000,57.562500,58.781250,35.974098,38565200
1999-12-23,58.625000,59.625000,58.375000,58.718750,35.935833,31028400
1999-12-27,59.218750,59.625000,58.062500,59.562500,36.452206,32202200
1999-12-28,59.375000,59.406250,58.531250,58.750000,35.954967,24591000
1999-12-29,58.468750,59.187500,58.406250,58.968750,36.088833,17449200
1999-12-30,58.937500,59.968750,58.562500,58.812500,35.993202,22360000
1999-12-31,58.750000,58.875000,58.125000,58.375000,35.725460,12517600
2000-01-03,58.687500,59.312500,56.000000,58.281250,35.668087,53228400
2000-01-04,56.781250,58.562500,56.125000,56.312500,34.463211,54119000
2000-01-05,55.562500,58.187500,54.687500,56.906250,34.826580,64059600
2000-01-06,56.093750,56.937500,54.187500,55.000000,33.659946,54976600
2000-01-07,54.312500,56.125000,53.656250,55.718750,34.099842,62013600
2000-01-10,56.718750,56.843750,55.687500,56.125000,34.348457,44963600
2000-01-11,55.750000,57.125000,54.343750,54.687500,33.468723,46743600
2000-01-12,54.250000,54.437500,52.218750,52.906250,32.378590,66532400
2000-01-13,52.187500,54.312500,50.750000,53.906250,32.990593,83144000
2000-01-14,53.593750,56.968750,52.875000,56.125000,34.348457,73416400
2000-01-18,55.906250,58.250000,55.875000,57.656250,35.285587,81483600
2000-01-19,55.250000,55.750000,53.000000,53.500000,32.741955,97568200
2000-01-20,53.531250,54.843750,52.937500,53.000000,32.435978,56349800
2000-01-21,53.500000,53.625000,51.625000,51.875000,31.747465,68416200
2000-01-24,51.898438,52.843750,50.406250,50.625000,30.982481,63597600
2000-01-25,50.500000,51.937500,49.781250,51.406250,31.460594,59823200
2000-01-26,51.218750,51.750000,49.562500,49.687500,30.408697,49365000
2000-01-27,49.945313,50.593750,48.625000,49.375000,30.217459,63654800
2000-01-28,49.062500,50.125000,48.625000,49.125000,30.064470,58225400
2000-01-31,48.812500,49.093750,47.437500,48.937500,29.949718,73194200
2000-02-01,49.250000,51.625000,48.843750,51.468750,31.498848,70196600
2000-02-02,51.218750,51.968750,50.250000,50.406250,30.848591,49915600
2000-02-03,51.031250,52.093750,50.062500,51.812500,31.709209,49186000
2000-02-04,52.187500,54.000000,52.070313,53.281250,32.608082,55365400
2000-02-07,53.406250,53.437500,52.125000,53.312500,32.627209,40005800
2000-02-08,53.218750,55.000000,53.218750,54.968750,33.640839,56229000
2000-02-09,54.718750,54.718750,51.937500,52.000000,31.823957,55090000
2000-02-10,51.945313,53.281250,51.250000,53.000000,32.435978,54527800
2000-02-11,52.437500,52.437500,49.562500,49.968750,30.580830,115559000
2000-02-14,50.617188,50.875000,49.531250,49.812500,30.485229,81028600
2000-02-15,49.875000,50.000000,49.062500,49.281250,30.160109,71027600
2000-02-16,49.625000,50.093750,48.562500,48.812500,29.873207,65202600
2000-02-17,49.250000,49.843750,48.570313,49.812500,30.485229,80343400
2000-02-18,50.000000,50.031250,47.437500,47.531250,29.089085,79063000
2000-02-22,47.562500,48.562500,46.406250,46.906250,28.706575,66296200
2000-02-23,46.750000,47.875000,46.031250,47.125000,28.840467,75847200
2000-02-24,47.125000,47.937500,46.000000,47.375000,28.993481,69733200
2000-02-25,47.343750,47.351563,45.250000,45.656250,27.941589,65301400
2000-02-28,45.125000,46.062500,44.062500,45.781250,28.018093,76131800
2000-02-29,45.875000,45.875000,44.437500,44.687500,27.348713,58437400
2000-03-01,44.812500,47.046875,44.468750,45.406250,27.788599,106889800
2000-03-02,45.906250,47.687500,45.562500,46.687500,28.572714,106932600
2000-03-03,47.375000,49.437500,46.937500,48.062500,29.414211,101435200
2000-03-06,48.000000,48.687500,45.062500,45.312500,27.731215,93609400
2000-03-07,48.062500,48.750000,45.968750,46.437500,28.419718,135061000
2000-03-08,46.906250,48.093750,45.500000,47.781250,29.242096,94290000
2000-03-09,47.656250,50.000000,47.500000,50.000000,30.599972,88198800
2000-03-10,49.781250,51.250000,49.750000,50.500000,30.905975,85589000
2000-03-13,48.812500,50.125000,48.750000,49.000000,29.987970,61831800
2000-03-14,49.312500,49.625000,47.562500,47.562500,29.108221,73489200
2000-03-15,47.281250,48.312500,46.843750,47.687500,29.184719,53208000
2000-03-16,47.968750,48.343750,46.625000,47.687500,29.184719,77300800
2000-03-17,47.625000,49.750000,47.250000,49.687500,30.408697,81161600
2000-03-20,49.375000,49.875000,48.250000,48.687500,29.796724,47773000
2000-03-21,48.375000,51.562500,48.250000,51.375000,31.441444,81648800
2000-03-22,51.406250,52.812500,50.562500,51.625000,31.594461,93975800
2000-03-23,53.406250,56.437500,53.312500,55.937500,34.233711,148224000
2000-03-24,56.312500,57.500000,54.781250,55.843750,34.176346,112196800
2000-03-27,53.882813,54.125000,51.968750,52.031250,31.843086,111434000
2000-03-28,51.812500,53.718750,51.187500,52.156250,31.919582,81114400
2000-03-29,52.593750,54.468750,52.562500,53.593750,32.799328,64363800
2000-03-30,53.093750,54.312500,51.250000,51.687500,31.632710,64178400
2000-03-31,53.000000,54.125000,52.062500,53.125000,32.512451,64281400
2000-04-03,47.218750,48.250000,45.000000,45.437500,27.807724,260118200
2000-04-04,45.781250,46.000000,42.468750,44.281250,27.100086,181244400
2000-04-05,44.125000,44.250000,42.937500,43.187500,26.430725,82887600
2000-04-06,43.937500,44.000000,42.632813,43.000000,26.315971,66421400
2000-04-07,43.500000,44.687500,42.500000,44.531250,27.253082,82613600
2000-04-10,44.312500,44.312500,43.000000,43.031250,26.335089,60685400
2000-04-11,42.562500,43.031250,41.750000,41.937500,25.665728,71961800
2000-04-12,41.062500,41.125000,39.375000,39.687500,24.288723,153003800
2000-04-13,40.437500,41.125000,39.500000,39.625000,24.250462,94316200
2000-04-14,39.562500,39.750000,36.625000,37.062500,22.682215,151217800
2000-04-17,37.125000,38.000000,36.500000,37.937500,23.217733,119772200
2000-04-18,38.250000,40.968750,37.937500,40.281250,24.652098,91794600
2000-04-19,40.718750,40.750000,39.062500,39.343750,24.078346,53715400
2000-04-20,39.312500,39.937500,38.750000,39.468750,24.154846,52387400
2000-04-24,33.625000,34.000000,32.500000,33.312500,20.387224,313645800
2000-04-25,34.375000,34.750000,33.812500,34.687500,21.228729,159517400
2000-04-26,35.000000,35.562500,33.687500,34.000000,20.807981,107091200
2000-04-27,33.718750,34.968750,33.687500,34.906250,21.362593,77669800
2000-04-28,35.375000,35.500000,34.125000,34.875000,21.343479,78082600
2000-05-01,36.437500,37.000000,35.843750,36.718750,22.471851,107811000
2000-05-02,36.406250,36.750000,34.750000,34.937500,21.381725,97716200
2000-05-03,35.187500,35.406250,34.406250,35.281250,21.592096,55354800
2000-05-04,35.156250,35.625000,34.656250,35.218750,21.553850,43317200
2000-05-05,35.125000,35.906250,34.937500,35.562500,21.764229,36402200
2000-05-08,35.468750,35.687500,34.843750,34.906250,21.362593,36187600
2000-05-09,35.093750,35.218750,33.750000,33.906250,20.750605,60778400
2000-05-10,33.875000,33.937500,32.875000,33.093750,20.253353,67740000
2000-05-11,33.312500,34.062500,32.875000,33.937500,20.769724,58390800
2000-05-12,34.218750,34.875000,34.125000,34.406250,21.056589,37886000
2000-05-15,34.500000,34.718750,34.000000,34.687500,21.228729,33899600
2000-05-16,34.781250,35.312500,34.531250,34.750000,21.266972,48410600
2000-05-17,34.437500,34.562500,33.625000,33.843750,20.712347,53242000
2000-05-18,34.031250,34.031250,32.937500,33.093750,20.253353,53640400
2000-05-19,32.687500,32.968750,32.250000,32.531250,19.909103,66578000
2000-05-22,32.562500,32.625000,31.218750,32.093750,19.641342,69955000
2000-05-23,31.937500,32.781250,31.531250,31.593750,19.335354,57963200
2000-05-24,31.562500,33.281250,31.500000,32.781250,20.062103,85482400
2000-05-25,32.281250,32.375000,30.562500,30.750000,18.818975,94348800
2000-05-26,31.031250,31.312500,30.187500,30.718750,18.799852,55822000
2000-05-30,31.218750,32.062500,31.000000,31.687500,19.392735,68536400
2000-05-31,31.820313,31.851563,31.031250,31.281250,19.144100,54968200
2000-06-01,32.187500,33.000000,31.906250,32.281250,19.756096,94507200
2000-06-02,33.000000,33.375000,32.500000,33.156250,20.291609,80463200
2000-06-05,33.007813,34.187500,33.000000,33.437500,20.463720,64400000
2000-06-06,34.093750,34.937500,33.906250,34.812500,21.305231,99019000
2000-06-07,34.625000,35.375000,33.562500,35.250000,21.572973,76310600
2000-06-08,35.781250,36.062500,34.125000,34.406250,21.056589,94765600
2000-06-09,34.812500,34.843750,34.156250,34.406250,21.056589,35710200
2000-06-12,34.500000,34.500000,33.187500,33.437500,20.463720,49260600
2000-06-13,33.375000,34.000000,33.062500,33.937500,20.769724,44289200
2000-06-14,34.906250,35.500000,34.750000,35.250000,21.572973,79992400
2000-06-15,35.406250,36.343750,35.312500,36.187500,22.146729,65592600
2000-06-16,36.312500,36.562500,35.750000,36.281250,22.204098,68710600
2000-06-19,36.281250,36.906250,36.000000,36.843750,22.548347,46604800
2000-06-20,36.937500,37.625000,36.875000,37.468750,22.930838,62275000
2000-06-21,38.500000,41.093750,38.468750,40.343750,24.690355,160399600
2000-06-22,40.687500,41.000000,39.656250,39.937500,24.441729,87315200
2000-06-23,39.968750,40.031250,38.500000,38.843750,23.772352,49811600
2000-06-26,38.750000,40.062500,38.750000,39.750000,24.326971,48287000
2000-06-27,39.625000,40.062500,39.187500,39.406250,24.116598,31071200
2000-06-28,39.500000,40.031250,39.312500,39.468750,24.154846,37459200
2000-06-29,39.125000,39.468750,38.531250,38.593750,23.619350,38449000
2000-06-30,38.531250,40.000000,38.343750,40.000000,24.479967,52356400
2000-07-03,39.843750,40.031250,39.687500,40.000000,24.479967,15734800
2000-07-05,39.937500,39.937500,39.125000,39.250000,24.020979,34824400
2000-07-06,39.437500,40.843750,39.250000,40.468750,24.766848,47873200
2000-07-07,40.632813,41.437500,40.281250,41.000000,25.091969,54153200
2000-07-10,40.343750,40.656250,39.687500,39.718750,24.307842,52689800
2000-07-11,39.406250,40.250000,39.250000,39.562500,24.212219,37164800
2000-07-12,39.125000,40.500000,38.593750,40.156250,24.575603,58370200
2000-07-13,39.406250,40.000000,38.687500,39.968750,24.460846,80843200
2000-07-14,39.750000,39.875000,39.218750,39.468750,24.154846,51180600
2000-07-17,39.125000,39.781250,38.750000,39.093750,23.925352,53992800
2000-07-18,38.812500,39.750000,38.718750,39.250000,24.020979,70617200
2000-07-19,38.031250,38.750000,36.406250,36.562500,22.376211,139924600
2000-07-20,36.718750,37.625000,36.562500,37.406250,22.892611,54690600
2000-07-21,37.375000,37.500000,35.937500,36.156250,22.127609,56100600
2000-07-24,36.031250,36.062500,35.000000,35.281250,21.592096,56165600
2000-07-25,35.406250,35.500000,34.187500,34.500000,21.113972,64188600
2000-07-26,34.531250,34.750000,33.625000,33.906250,20.750605,85404600
2000-07-27,33.937500,35.062500,33.750000,34.687500,21.228729,74337600
2000-07-28,35.468750,35.906250,34.812500,34.843750,21.324356,75645600
2000-07-31,35.093750,35.562500,34.625000,34.906250,21.362593,70283800
2000-08-01,34.968750,35.031250,34.093750,34.343750,21.018347,47163600
2000-08-02,34.281250,35.218750,34.250000,34.687500,21.228729,48269200
2000-08-03,34.093750,35.187500,34.062500,35.125000,21.496468,54543400
2000-08-04,34.718750,34.937500,34.093750,34.562500,21.152222,38107400
2000-08-07,35.093750,35.562500,34.875000,35.000000,21.419970,52741800
2000-08-08,35.031250,37.343750,35.000000,37.062500,22.682215,138038800
2000-08-09,36.875000,37.437500,36.562500,37.125000,22.720478,63945600
2000-08-10,36.906250,37.031250,35.875000,36.312500,22.223227,48986000
2000-08-11,36.218750,36.343750,35.812500,36.218750,22.165838,35629600
2000-08-14,36.156250,36.687500,35.687500,36.093750,22.089350,53427000
2000-08-15,36.000000,36.500000,35.750000,35.812500,21.917225,40714200
2000-08-16,35.937500,36.125000,35.281250,35.500000,21.725983,44976200
2000-08-17,35.562500,36.000000,35.281250,35.781250,21.898106,36112800
2000-08-18,35.562500,35.718750,35.000000,35.500000,21.725983,54438800
2000-08-21,35.343750,35.406250,35.031250,35.312500,21.611219,34119600
2000-08-22,35.406250,36.218750,35.109375,35.625000,21.802483,54428200
2000-08-23,35.406250,35.562500,35.187500,35.375000,21.649475,36726800
2000-08-24,35.312500,35.593750,34.968750,35.562500,21.764229,42405400
2000-08-25,35.343750,35.843750,35.281250,35.312500,21.611219,52729400
2000-08-28,35.093750,36.062500,35.062500,35.656250,21.821592,56421600
2000-08-29,35.593750,36.375000,35.437500,35.468750,21.706852,59400200
2000-08-30,35.343750,35.468750,34.843750,35.000000,21.419970,53498800
2000-08-31,35.437500,36.000000,34.843750,34.906250,21.362593,72575400
2000-09-01,35.000000,35.312500,34.843750,35.093750,21.477354,37629800
2000-09-05,35.000000,35.343750,34.906250,35.062500,21.458227,50755200
2000-09-06,35.031250,35.343750,34.656250,34.718750,21.247847,62960800
2000-09-07,35.000000,36.031250,34.718750,35.031250,21.439098,111711200
2000-09-08,35.187500,35.437500,34.593750,34.656250,21.209602,56709600
2000-09-11,34.562500,34.843750,34.031250,34.406250,21.056589,48495200
2000-09-12,34.375000,34.656250,33.812500,34.062500,20.846228,46781200
2000-09-13,33.781250,34.375000,33.593750,34.125000,20.884474,40744800
2000-09-14,34.343750,34.375000,32.843750,32.906250,20.138599,78503000
2000-09-15,32.718750,32.812500,31.656250,32.093750,19.641342,99915200
2000-09-18,32.125000,32.312500,31.093750,31.500000,19.277981,69037800
2000-09-19,31.812500,32.875000,31.687500,32.500000,19.889982,79311200
2000-09-20,32.437500,32.500000,31.593750,32.125000,19.660477,67791400
2000-09-21,32.000000,32.562500,31.781250,32.093750,19.641342,48952200
2000-09-22,30.562500,31.750000,30.500000,31.625000,19.354471,84476600
2000-09-25,31.625000,31.750000,30.218750,30.625000,18.742477,53484200
2000-09-26,30.468750,32.937500,30.218750,31.343750,19.182352,155704800
2000-09-27,31.718750,31.781250,29.906250,30.312500,18.551228,106155600
2000-09-28,30.406250,30.937500,30.312500,30.656250,18.761600,52360400
2000-09-29,30.500000,30.656250,29.312500,30.156250,18.455606,74053600
2000-10-02,30.250000,30.406250,29.125000,29.562500,18.092232,58562400
2000-10-03,29.781250,29.906250,28.250000,28.281250,17.308107,85374000
2000-10-04,28.187500,28.281250,27.250000,27.718750,16.963852,136453400
2000-10-05,27.750000,28.625000,27.625000,27.687500,16.944735,81099400
2000-10-06,27.906250,28.375000,27.375000,27.781250,17.002106,61794000
2000-10-09,27.812500,27.875000,26.500000,27.093750,16.581348,58323600
2000-10-10,26.968750,27.781250,26.906250,27.281250,16.696098,62066200
2000-10-11,27.000000,28.468750,27.000000,27.875000,17.059486,101205800
2000-10-12,28.156250,28.437500,26.906250,27.187500,16.638731,90219600
2000-10-13,26.937500,27.437500,26.062500,26.875000,16.447479,104521200
2000-10-16,26.750000,26.906250,24.781250,25.187500,15.414733,119759000
2000-10-17,25.937500,26.218750,25.125000,25.218750,15.433865,81276600
2000-10-18,24.812500,26.625000,24.218750,25.875000,15.835485,110536400
2000-10-19,29.218750,31.093750,29.000000,30.937500,18.933731,256993200
2000-10-20,30.656250,33.062500,30.562500,32.593750,19.947350,160378600
2000-10-23,32.312500,33.125000,30.343750,31.062500,19.010227,185170400
2000-10-24,31.312500,31.468750,30.093750,30.750000,18.818975,94427400
2000-10-25,30.968750,31.718750,30.218750,30.625000,18.742477,167603800
2000-10-26,30.500000,32.531250,30.406250,32.218750,19.717850,114826600
2000-10-27,32.343750,34.593750,32.312500,33.843750,20.712347,124292400
2000-10-30,33.750000,35.062500,33.687500,34.531250,21.133102,110057600
2000-10-31,34.500000,34.750000,34.000000,34.437500,21.075724,104474000
2000-11-01,34.250000,35.031250,34.218750,34.812500,21.305231,81309400
2000-11-02,35.187500,35.421875,34.812500,35.156250,21.515602,77985200
2000-11-03,34.625000,34.812500,34.031250,34.125000,20.884474,68711000
2000-11-06,34.343750,35.062500,34.125000,34.750000,21.266972,74851400
2000-11-07,34.875000,35.937500,34.750000,35.250000,21.572973,104331200
2000-11-08,35.562500,36.187500,34.000000,34.718750,21.247847,206149400
2000-11-09,34.250000,35.656250,34.218750,35.437500,21.687721,91058600
2000-11-10,34.968750,35.156250,33.406250,33.687500,20.616724,93744400
2000-11-13,33.343750,34.062500,32.203125,33.218750,20.329851,83364800
2000-11-14,34.000000,34.906250,33.656250,34.406250,21.056589,84218600
2000-11-15,34.531250,35.437500,34.343750,35.031250,21.439098,60422200
2000-11-16,34.718750,35.750000,34.468750,34.468750,21.094858,92128600
2000-11-17,34.718750,35.000000,33.898438,34.531250,21.133102,106525600
2000-11-20,34.062500,34.250000,32.781250,33.593750,20.559357,80157200
2000-11-21,33.687500,34.625000,33.687500,33.875000,20.731476,59487600
2000-11-22,33.031250,34.750000,33.000000,34.125000,20.884474,76343200
2000-11-24,34.500000,35.218750,34.250000,34.968750,21.400858,34439200
2000-11-27,35.718750,36.125000,35.312500,35.343750,21.630348,85307600
2000-11-28,34.687500,34.875000,33.406250,33.500000,20.501972,127446200
2000-11-29,33.406250,33.562500,31.625000,32.531250,19.909103,98280400
2000-11-30,31.000000,31.031250,28.500000,28.687500,17.556736,197200800
2000-12-01,29.031250,30.312500,28.031250,28.312500,17.327230,109809800
2000-12-04,28.625000,29.500000,27.593750,28.218750,17.269857,80407200
2000-12-05,29.593750,30.250000,29.125000,29.937500,18.321735,101734400
2000-12-06,30.000000,30.031250,28.031250,28.343750,17.346357,90560800
2000-12-07,26.718750,27.000000,26.125000,26.562500,16.256226,145308400
2000-12-08,27.312500,27.937500,26.718750,27.218750,16.657850,120939800
2000-12-11,27.750000,29.375000,27.500000,29.031250,17.767113,95576200
2000-12-12,28.906250,30.000000,28.375000,29.187500,17.862730,63106000
2000-12-13,30.250000,30.250000,28.406250,28.625000,17.518471,98360400
2000-12-14,28.968750,29.367188,27.687500,27.750000,16.982979,71201400
2000-12-15,25.523438,26.000000,23.875000,24.593750,15.051358,116899800
2000-12-18,24.500000,25.000000,23.500000,23.906250,14.630608,107187400
2000-12-19,23.718750,24.000000,22.250000,22.406250,13.712612,120271800
2000-12-20,21.406250,22.000000,20.687500,20.750000,12.698985,149037800
2000-12-21,20.375000,22.562500,20.156250,21.718750,13.291866,163173000
2000-12-22,22.375000,23.562500,22.375000,23.218750,14.209859,109551800
2000-12-26,23.437500,24.281250,22.937500,23.437500,14.343739,66941600
2000-12-27,23.062500,23.406250,22.500000,23.218750,14.209859,69003800
2000-12-28,22.562500,23.125000,21.937500,22.281250,13.636115,77619200
2000-12-29,21.968750,22.906250,21.500000,21.687500,13.272738,99977600
2001-01-02,22.062500,22.500000,21.437500,21.687500,13.272738,82413200
2001-01-03,21.593750,24.437500,21.562500,23.968750,14.668860,135962200
2001-01-04,23.906250,25.250000,23.437500,24.218750,14.821856,112397000
2001-01-05,24.250000,24.937500,23.781250,24.562500,15.032235,93414600
2001-01-08,24.468750,24.875000,23.343750,24.468750,14.974859,79817600
2001-01-09,25.000000,26.312500,24.875000,25.906250,15.854605,114965400
2001-01-10,25.500000,26.906250,25.375000,26.437500,16.179733,90230200
2001-01-11,26.500000,27.875000,26.156250,27.500000,16.829973,101854800
2001-01-12,27.437500,27.500000,26.250000,26.750000,16.370977,73712000
2001-01-16,26.687500,26.750000,25.562500,26.281250,16.084112,68462400
2001-01-17,26.812500,27.437500,26.281250,26.468750,16.198853,72844200
2001-01-18,26.843750,28.093750,26.312500,27.750000,16.982979,109788800
2001-01-19,30.000000,30.718750,29.437500,30.500000,18.665981,209348800
2001-01-22,30.375000,30.500000,29.500000,30.062500,18.398226,76673000
2001-01-23,29.875000,30.468750,29.468750,30.281250,18.532104,70295200
2001-01-24,30.500000,31.718750,30.375000,31.468750,19.258856,110455000
2001-01-25,31.375000,32.000000,30.781250,30.906250,18.914606,85657400
2001-01-26,30.500000,32.156250,30.500000,32.000000,19.583969,93080000
2001-01-29,31.781250,32.312500,31.750000,32.250000,19.736980,84983800
2001-01-30,32.250000,32.375000,31.437500,31.687500,19.392735,57276800
2001-01-31,31.500000,31.875000,30.500000,30.531250,18.685104,81898800
2001-02-01,30.406250,31.312500,30.187500,31.187500,19.086729,71792800
2001-02-02,31.250000,31.687500,30.375000,30.406250,18.608597,71100000
2001-02-05,30.375000,31.031250,30.125000,30.968750,18.952850,51399200
2001-02-06,31.031250,31.906250,30.843750,31.281250,19.144100,96442000
2001-02-07,31.000000,32.531250,30.906250,32.343750,19.794357,126061800
2001-02-08,31.875000,32.250000,31.000000,31.125000,19.048485,88041200
2001-02-09,30.656250,30.781250,29.250000,29.562500,18.092232,100575200
2001-02-12,29.406250,29.718750,28.593750,29.375000,17.977484,71289400
2001-02-13,29.812500,30.531250,29.062500,29.093750,17.805357,76070600
2001-02-14,28.812500,29.500000,28.187500,29.187500,17.862730,61728400
2001-02-15,29.500000,30.093750,28.937500,29.406250,17.996601,65627800
2001-02-16,28.500000,29.125000,28.062500,28.656250,17.537601,66958400
2001-02-20,28.687500,29.125000,27.687500,27.937500,17.097727,60730800
2001-02-21,27.625000,29.031250,27.593750,28.125000,17.212479,63947200
2001-02-22,28.156250,28.406250,26.937500,27.593750,16.887354,100816400
2001-02-23,27.218750,28.750000,27.156250,28.375000,17.365477,92620600
2001-02-26,28.812500,29.968750,28.687500,29.781250,18.226103,87936800
2001-02-27,29.687500,30.593750,29.335938,29.687500,18.168734,99148600
2001-02-28,29.781250,30.039063,29.093750,29.500000,18.053978,84608400
2001-03-01,29.281250,29.750000,28.125000,29.679688,18.163946,81781600
2001-03-02,28.750000,29.062500,28.218750,28.343750,17.346357,79800800
2001-03-05,28.625000,29.312500,28.281250,28.718750,17.575853,49383600
2001-03-06,29.312500,30.000000,29.187500,29.718750,18.187849,66781800
2001-03-07,29.937500,30.562500,29.656250,30.343750,18.570356,59743600
2001-03-08,30.156250,30.296875,29.218750,29.625000,18.130482,54626000
2001-03-09,28.968750,29.093750,27.437500,28.343750,17.346357,103794400
2001-03-12,27.343750,27.500000,25.812500,25.968750,15.892861,114376000
2001-03-13,26.093750,27.375000,26.000000,27.093750,16.581348,91035600
2001-03-14,26.250000,27.625000,26.093750,27.000000,16.523981,90686200
2001-03-15,27.656250,28.039063,26.750000,26.843750,16.428349,71638400
2001-03-16,26.250000,27.562500,26.242188,27.281250,16.696098,112848800
2001-03-19,27.250000,27.750000,26.562500,27.156250,16.619608,61036400
2001-03-20,27.281250,28.062500,26.312500,26.343750,16.122355,91822800
2001-03-21,26.125000,26.625000,24.875000,25.031250,15.319104,124988600
2001-03-22,25.281250,27.031250,25.250000,27.000000,16.523981,126363200
2001-03-23,27.468750,28.500000,27.187500,28.281250,17.308107,99519600
2001-03-26,28.562500,28.750000,27.781250,28.031250,17.155104,63118600
2001-03-27,28.031250,29.281250,27.937500,29.125000,17.824480,95135600
2001-03-28,28.687500,28.968750,27.687500,27.781250,17.002106,78681600
2001-03-29,27.687500,28.593750,27.281250,27.687500,16.944735,86985000
2001-03-30,27.875000,28.093750,26.937500,27.343750,16.734362,91201600
2001-04-02,27.406250,28.468750,27.312500,27.906250,17.078606,75924000
2001-04-03,27.656250,27.656250,26.375000,26.687500,16.332731,94187600
2001-04-04,26.687500,27.500000,25.531250,25.968750,15.892861,104046600
2001-04-05,26.875000,28.687500,26.750000,28.375000,17.365477,113364000
2001-04-06,28.187500,28.593750,27.531250,28.093750,17.193350,92622000
2001-04-09,28.285000,28.709999,27.830000,28.575001,17.487881,56295600
2001-04-10,28.975000,30.045000,28.889999,29.840000,18.262060,109199400
2001-04-11,30.325001,30.750000,29.850000,30.020000,18.372219,109879600
2001-04-12,29.780001,31.155001,29.674999,31.090000,19.027060,87520000
2001-04-16,30.700001,30.790001,30.059999,30.395000,18.601723,65857400
2001-04-17,30.260000,31.055000,30.020000,30.740000,18.812864,85149200
2001-04-18,31.695000,33.154999,31.500000,32.715000,20.021561,156696400
2001-04-19,32.904999,34.500000,32.875000,34.020000,20.820217,159375600
2001-04-20,35.150002,35.549999,34.250000,34.500000,21.113972,192919600
2001-04-23,34.055000,34.235001,33.450001,34.125000,20.884474,92171200
2001-04-24,34.099998,34.965000,33.570000,33.775002,20.670273,89176600
2001-04-25,33.785000,34.895000,33.625000,34.845001,21.325115,76744000
2001-04-26,35.035000,35.500000,34.125000,34.564999,21.153757,118737600
2001-04-27,34.764999,34.840000,33.105000,33.560001,20.538700,121572400
2001-04-30,34.264999,34.529999,33.840000,33.875000,20.731476,74368200
2001-05-01,33.830002,35.150002,33.799999,35.084999,21.472000,83702800
2001-05-02,35.500000,35.575001,34.674999,34.880001,21.346533,92864400
2001-05-03,34.625000,35.090000,34.070000,34.264999,20.970160,66273400
2001-05-04,34.000000,35.525002,33.980000,35.375000,21.649475,119538400
2001-05-07,35.415001,36.075001,35.349998,35.689999,21.842251,109356200
2001-05-08,35.875000,36.049999,35.375000,36.029999,22.050333,75084000
2001-05-09,35.619999,35.650002,34.930000,35.200001,21.542379,76676600
2001-05-10,35.564999,35.619999,34.980000,35.000000,21.419970,64334600
2001-05-11,34.980000,35.000000,34.325001,34.700001,21.236372,51128800
2001-05-14,34.564999,34.599998,34.150002,34.360001,21.028297,44968000
2001-05-15,34.369999,34.650002,34.000000,34.134998,20.890596,61385600
2001-05-16,33.849998,34.939999,33.665001,34.580002,21.162943,91893800
2001-05-17,34.549999,35.070000,33.775002,34.084999,20.859999,106984800
2001-05-18,33.845001,34.599998,33.625000,34.044998,20.835516,90605400
2001-05-21,34.025002,34.994999,33.875000,34.395000,21.049717,103491600
2001-05-22,34.724998,35.174999,34.590000,35.154999,21.514835,83455600
2001-05-23,35.195000,35.799999,34.755001,34.849998,21.328171,93637400
2001-05-24,34.970001,35.889999,34.634998,35.860001,21.946301,80781600
2001-05-25,35.830002,35.950001,35.180000,35.455002,21.698437,52747600
2001-05-29,35.400002,35.875000,35.025002,35.169998,21.524014,71210800
2001-05-30,34.779999,35.290001,34.325001,34.595001,21.172113,86501800
2001-05-31,34.744999,35.189999,34.200001,34.590000,21.169054,70682600
2001-06-01,34.799999,35.349998,34.349998,35.169998,21.524014,57587600
2001-06-04,35.275002,35.509998,34.900002,35.389999,21.658661,43736600
2001-06-05,35.380001,36.540001,35.250000,36.299999,22.215576,89454200
2001-06-06,36.445000,36.740002,35.775002,36.180000,22.142136,80022800
2001-06-07,36.060001,36.865002,36.040001,36.840000,22.546045,66960000
2001-06-08,36.849998,36.875000,36.025002,36.595001,22.396118,51867000
2001-06-11,36.424999,36.424999,35.755001,36.060001,22.068689,47345600
2001-06-12,35.509998,36.205002,35.404999,36.040001,22.056461,66714600
2001-06-13,36.025002,36.150002,35.320000,35.345001,21.631117,55302400
2001-06-14,35.110001,35.275002,34.200001,34.450001,21.083374,71972400
2001-06-15,33.755001,34.150002,33.200001,34.009998,20.814096,108354400
2001-06-18,33.974998,33.980000,33.005001,33.439999,20.465256,56846800
2001-06-19,34.105000,34.424999,33.424999,33.660000,20.599897,63457400
2001-06-20,33.570000,34.794998,33.549999,34.705002,21.239433,64108400
2001-06-21,34.575001,35.275002,34.459999,34.919998,21.371010,69603800
2001-06-22,35.000000,35.305000,34.290001,34.415001,21.061962,51092000
2001-06-25,34.549999,34.904999,33.884998,34.424999,21.068073,49215600
2001-06-26,33.910000,35.105000,33.849998,35.070000,21.462816,63077000
2001-06-27,34.930000,35.764999,34.680000,35.570000,21.768810,69199800
2001-06-28,35.775002,38.075001,35.264999,36.369999,22.258413,128975600
2001-06-29,36.299999,36.705002,35.700001,36.500000,22.337978,94283800
2001-07-02,36.025002,36.575001,35.075001,35.299999,21.603569,72810200
2001-07-03,35.150002,35.400002,34.965000,35.235001,21.563793,28037400
2001-07-05,35.110001,35.360001,34.220001,34.255001,20.964027,49242600
2001-07-06,34.150002,34.200001,32.834999,33.029999,20.214334,67467800
2001-07-09,33.099998,33.455002,32.520000,32.845001,20.101122,66476600
2001-07-10,32.950001,33.125000,32.174999,32.240002,19.730862,66562600
2001-07-11,32.105000,33.375000,32.099998,33.250000,20.348986,73822600
2001-07-12,35.349998,36.025002,35.165001,35.799999,21.909580,128078000
2001-07-13,35.700001,36.000000,35.470001,35.669998,21.830013,58934600
2001-07-16,35.724998,36.080002,35.075001,35.590000,21.781059,55990800
2001-07-17,35.330002,36.005001,35.070000,35.910000,21.976891,63241000
2001-07-18,35.299999,35.750000,34.935001,35.285000,21.594393,57590800
2001-07-19,35.610001,36.500000,35.610001,36.285000,22.206390,76549400
2001-07-20,34.014999,34.700001,33.970001,34.590000,21.169054,124203600
2001-07-23,34.619999,34.619999,33.174999,33.544998,20.529516,79999400
2001-07-24,33.500000,33.994999,32.849998,33.160000,20.293894,67530200
2001-07-25,33.130001,33.759998,32.805000,33.740002,20.648851,74065400
2001-07-26,33.560001,33.660000,32.750000,33.294998,20.376524,77974000
2001-07-27,33.025002,33.125000,32.525002,32.735001,20.033796,65396000
2001-07-30,32.825001,33.439999,32.770000,32.900002,20.134777,42196400
2001-07-31,33.005001,33.695000,32.924999,33.095001,20.254116,59031600
2001-08-01,33.400002,33.404999,32.880001,33.235001,20.339790,55679000
2001-08-02,33.605000,33.770000,33.130001,33.724998,20.639683,54198400
2001-08-03,33.650002,33.680000,33.000000,33.445000,20.468319,43260400
2001-08-06,33.264999,33.560001,32.840000,33.064999,20.235758,27831600
2001-08-07,33.020000,33.525002,32.994999,33.174999,20.303070,31347800
2001-08-08,33.255001,33.619999,32.244999,32.430000,19.847132,54996400
2001-08-09,32.490002,32.775002,32.150002,32.505001,19.893028,45536200
2001-08-10,32.384998,32.930000,31.450001,32.759998,20.049095,51756400
2001-08-13,32.619999,32.994999,32.375000,32.915001,20.143963,32675400
2001-08-14,32.875000,33.044998,32.224998,32.345001,19.795116,36481200
2001-08-15,32.355000,32.525002,31.600000,31.600000,19.339184,39503000
2001-08-16,31.420000,32.355000,31.350000,32.310001,19.773701,43905600
2001-08-17,31.889999,32.064999,30.750000,30.940001,18.935257,52234200
2001-08-20,30.830000,31.375000,30.549999,31.350000,19.186180,48371200
2001-08-21,31.350000,31.600000,30.355000,30.389999,18.598650,47111800
2001-08-22,30.565001,30.575001,29.540001,30.330000,18.561939,78107200
2001-08-23,30.334999,30.764999,29.500000,29.559999,18.090700,51813200
2001-08-24,29.799999,31.139999,29.615000,31.025000,18.987278,63399000
2001-08-27,30.950001,31.680000,30.785000,31.155001,19.066843,44562800
2001-08-28,31.170000,31.475000,30.290001,30.370001,18.586418,47422800
2001-08-29,30.525000,30.650000,29.770000,30.125000,18.436476,48170000
2001-08-30,29.520000,29.830000,28.260000,28.469999,17.423616,97632000
2001-08-31,28.424999,29.030001,28.150000,28.525000,17.457277,57900800
2001-09-04,28.594999,29.540001,28.035000,28.049999,17.166578,67189200
2001-09-05,28.090000,29.195000,27.695000,28.870001,17.668421,89470600
2001-09-06,28.280001,29.195000,27.950001,28.010000,17.142101,112356800
2001-09-07,28.055000,28.680000,27.655001,27.700001,16.952381,89863800
2001-09-10,27.459999,28.975000,27.350000,28.790001,17.619469,84471800
2001-09-17,27.010000,27.549999,26.400000,26.455000,16.190441,127502000
2001-09-18,26.705000,27.500000,26.584999,27.160000,16.621906,83182600
2001-09-19,27.230000,27.350000,25.299999,26.934999,16.484200,126950200
2001-09-20,26.174999,26.305000,25.334999,25.379999,15.532539,117983200
2001-09-21,23.959999,25.299999,23.750000,24.855000,15.211246,184976600
2001-09-24,25.325001,26.225000,24.934999,26.004999,15.915042,85580200
2001-09-25,26.135000,26.500000,25.080000,25.650000,15.697786,84940600
2001-09-26,25.754999,25.900000,24.775000,25.135000,15.382612,58524400
2001-09-27,25.049999,25.340000,24.000000,24.980000,15.287736,81191200
2001-09-28,24.809999,25.795000,24.490000,25.584999,15.658009,116641200
2001-10-01,25.469999,26.250000,25.205000,25.895000,15.847713,69999600
2001-10-02,25.815001,26.775000,25.780001,26.525000,16.233280,80860800
2001-10-03,26.240000,28.465000,26.200001,28.115000,17.206356,97199200
2001-10-04,28.459999,29.200001,28.105000,28.219999,17.270620,101778000
2001-10-05,28.080000,29.000000,27.469999,28.860001,17.662302,80844400
2001-10-08,28.400000,29.325001,28.370001,29.020000,17.760214,60605800
2001-10-09,28.750000,28.785000,27.094999,27.280001,16.695347,99477600
2001-10-10,26.799999,27.875000,26.500000,27.754999,16.986042,86349200
2001-10-11,27.879999,28.420000,27.295000,28.160000,17.233904,83742600
2001-10-12,27.850000,28.320000,27.275000,28.190001,17.252258,63307000
2001-10-15,27.950001,29.250000,27.924999,29.030001,17.766336,68437000
2001-10-16,28.934999,29.455000,28.605000,29.225000,17.885685,66169000
2001-10-17,29.559999,29.650000,27.990000,28.014999,17.145157,73710600
2001-10-18,28.170000,28.790001,27.750000,28.375000,17.365477,78348000
2001-10-19,28.700001,29.004999,27.815001,28.950001,17.717382,91219600
2001-10-22,28.950001,30.090000,28.735001,30.080000,18.408943,72323600
2001-10-23,30.235001,30.719999,29.700001,30.215000,18.491562,80325000
2001-10-24,30.250000,30.809999,29.809999,30.660000,18.763899,79141400
2001-10-25,30.305000,31.299999,29.785000,31.280001,19.143339,75318200
2001-10-26,31.160000,31.815001,31.040001,31.100000,19.033175,64509400
2001-10-29,31.049999,31.100000,29.770000,29.820000,18.249825,55129400
2001-10-30,29.459999,29.770000,29.094999,29.440001,18.017260,57395600
2001-10-31,29.650000,30.365000,29.049999,29.075001,17.793882,64700000
2001-11-01,30.040001,31.125000,29.799999,30.920000,18.923016,109671200
2001-11-02,30.965000,31.510000,30.254999,30.700001,18.788385,83360000
2001-11-05,30.930000,32.014999,30.875000,31.635000,19.360600,66401600
2001-11-06,31.350000,32.470001,31.080000,32.389999,19.822660,68612000
2001-11-07,32.110001,32.525002,32.014999,32.125000,19.660477,58899000
2001-11-08,32.230000,33.029999,31.830000,32.209999,19.712500,74227800
2001-11-09,32.169998,32.825001,31.955000,32.605000,19.954241,48013600
2001-11-12,32.349998,33.220001,31.825001,32.895000,20.131721,57752800
2001-11-13,33.400002,33.974998,33.299999,33.950001,20.777378,60159600
2001-11-14,34.115002,34.169998,32.895000,32.974998,20.180676,88625600
2001-11-15,33.049999,33.525002,32.724998,33.060001,20.232698,77922000
2001-11-16,33.180000,33.305000,32.474998,32.875000,20.119471,59249000
2001-11-19,33.125000,33.485001,32.849998,33.270000,20.361221,56005000
2001-11-20,33.224998,33.900002,32.514999,32.700001,20.012375,65921800
2001-11-21,32.180000,32.299999,31.740000,32.025002,19.599281,50785200
2001-11-23,32.189999,32.404999,31.809999,32.355000,19.801231,15754600
2001-11-26,32.494999,32.855000,32.200001,32.570000,19.932816,41983600
2001-11-27,32.395000,32.535000,31.375000,31.870001,19.504419,90819000
2001-11-28,31.584999,32.060001,31.365000,31.400000,19.216776,54536600
2001-11-29,31.559999,32.450001,31.475000,32.419998,19.841013,54034400
2001-11-30,32.330002,32.540001,31.965000,32.105000,19.648241,48234200
2001-12-03,31.915001,32.615002,31.900000,32.384998,19.819595,47211800
2001-12-04,32.500000,33.040001,32.049999,33.000000,20.195974,51005800
2001-12-05,33.244999,34.084999,32.599998,34.049999,20.838579,74243000
2001-12-06,33.990002,34.500000,33.775002,34.325001,21.006880,56026200
2001-12-07,34.125000,34.419998,33.275002,33.915001,20.755949,42334800
2001-12-10,33.759998,34.224998,33.430000,33.529999,20.520336,38367400
2001-12-11,33.830002,34.064999,33.535000,33.660000,20.599897,54334000
2001-12-12,33.580002,33.990002,33.125000,33.974998,20.792679,47884200
2001-12-13,33.564999,34.119999,33.035000,33.134998,20.278595,53227800
2001-12-14,33.009998,33.974998,32.965000,33.720001,20.636614,43000600
2001-12-17,33.584999,34.555000,33.580002,34.490002,21.107859,57079800
2001-12-18,34.459999,34.700001,34.299999,34.634998,21.196594,47255200
2001-12-19,34.310001,34.945000,34.224998,34.744999,21.263918,56996200
2001-12-20,34.575001,34.625000,33.310001,33.380001,20.428535,78585000
2001-12-21,34.005001,34.009998,33.500000,33.770000,20.667219,84307600
2001-12-24,33.860001,34.014999,33.599998,33.634998,20.584600,11701600
2001-12-26,33.709999,34.535000,33.695000,33.840000,20.710052,29328000
2001-12-27,33.990002,34.355000,33.630001,33.924999,20.762066,32406600
2001-12-28,34.115002,34.424999,33.849998,33.935001,20.768194,28787200
2001-12-31,33.919998,34.240002,33.125000,33.125000,20.272469,43006200
2002-01-02,33.325001,33.555000,32.755001,33.520000,20.514212,48124000
2002-01-03,33.555000,34.625000,33.544998,34.615002,21.184353,67590800
2002-01-04,34.625000,34.955002,34.334999,34.450001,21.083374,52731400
2002-01-07,34.875000,35.009998,34.174999,34.279999,20.979334,58508800
2002-01-08,34.345001,34.930000,34.000000,34.689999,21.230265,47736400
2002-01-09,34.860001,35.310001,34.275002,34.355000,21.025236,76304000
2002-01-10,34.240002,34.900002,34.064999,34.639999,21.199650,50296600
2002-01-11,34.759998,35.160000,34.049999,34.305000,20.994635,72993200
2002-01-14,34.150002,34.520000,33.869999,34.235001,20.951796,50997800
2002-01-15,34.330002,34.810001,34.250000,34.775002,21.282274,60717400
2002-01-16,34.424999,34.919998,33.924999,33.935001,20.768194,61955400
2002-01-17,34.264999,35.000000,34.200001,34.930000,21.377142,78958000
2002-01-18,33.549999,33.924999,32.709999,33.049999,20.226570,107140400
2002-01-22,33.305000,33.314999,32.125000,32.230000,19.724741,76837200
2002-01-23,32.025002,32.355000,31.620001,31.870001,19.504419,80403000
2002-01-24,32.049999,32.590000,31.900000,32.299999,19.767578,83886000
2002-01-25,32.095001,32.424999,31.754999,31.900000,19.522774,48981200
2002-01-28,32.115002,32.200001,31.455000,31.910000,19.528896,41622000
2002-01-29,31.950001,32.250000,30.995001,31.160000,19.069897,58666000
2002-01-30,31.225000,31.450001,30.665001,31.424999,19.232082,66100000
2002-01-31,31.530001,31.905001,31.059999,31.855000,19.495245,69566200
2002-02-01,32.075001,32.250000,31.235001,31.330000,19.173935,63462200
2002-02-04,31.200001,31.344999,30.375000,30.559999,18.702698,70308400
2002-02-05,30.400000,31.115000,30.250000,30.575001,18.711876,66772600
2002-02-06,30.805000,30.945000,30.125000,30.200001,18.482376,66103000
2002-02-07,30.150000,30.805000,29.875000,29.900000,18.298780,63314000
2002-02-08,30.059999,30.330000,29.415001,30.325001,18.558886,61283000
2002-02-11,30.004999,30.620001,29.795000,30.565001,18.705755,50899600
2002-02-12,30.245001,30.424999,30.010000,30.070000,18.402821,44973800
2002-02-13,30.129999,30.940001,29.975000,30.910000,18.916897,54168600
2002-02-14,31.000000,31.495001,30.660000,30.840000,18.874058,57267000
2002-02-15,30.850000,31.030001,30.100000,30.115000,18.430365,50179800
2002-02-19,29.955000,30.070000,29.299999,29.465000,18.032558,52262600
2002-02-20,29.700001,30.180000,29.400000,29.950001,18.329382,50492000
2002-02-21,29.860001,30.135000,29.004999,29.025000,17.763279,59398400
2002-02-22,29.025000,29.375000,28.575001,28.995001,17.744919,71347800
2002-02-25,28.969999,29.945000,28.945000,29.540001,18.078461,51832200
2002-02-26,29.549999,30.000000,28.950001,29.275000,17.916283,63276200
2002-02-27,29.535000,30.075001,28.995001,29.195000,17.867315,65750000
2002-02-28,29.389999,29.850000,29.070000,29.170000,17.852018,68068000
2002-03-01,29.525000,30.709999,29.424999,30.684999,18.779205,62115600
2002-03-04,30.620001,31.750000,30.434999,31.650000,19.369778,74464200
2002-03-05,31.500000,31.940001,31.170000,31.540001,19.302462,55926400
2002-03-06,31.455000,31.850000,31.094999,31.815001,19.470758,49835400
2002-03-07,31.834999,31.940001,30.930000,31.360001,19.192305,58079200
2002-03-08,31.815001,32.349998,31.584999,31.975000,19.568678,57701800
2002-03-11,31.754999,32.500000,31.500000,32.169998,19.688025,43718200
2002-03-12,31.260000,31.400000,30.834999,31.270000,19.137215,66407200
2002-03-13,31.040001,31.510000,30.975000,31.049999,19.002584,44387400
2002-03-14,31.070000,31.120001,30.525000,30.610001,18.733295,51819600
2002-03-15,30.500000,31.254999,30.485001,31.245001,19.121922,69086800
2002-03-18,31.370001,31.495001,30.600000,31.070000,19.014818,52296800
2002-03-19,31.090000,31.500000,30.750000,31.115000,19.042366,36376400
2002-03-20,30.700001,31.010000,30.049999,30.049999,18.390577,55235200
2002-03-21,30.105000,30.795000,29.915001,30.680000,18.776138,46123400
2002-03-22,30.525000,30.570000,30.110001,30.225000,18.497681,41341400
2002-03-25,30.240000,30.389999,29.575001,29.615000,18.124353,47752400
2002-03-26,29.549999,30.459999,29.155001,29.540001,18.078461,69357200
2002-03-27,29.400000,29.940001,29.295000,29.719999,18.188618,47318400
2002-03-28,29.975000,30.325001,29.830000,30.155001,18.454836,43901200
2002-04-01,29.915001,30.200001,29.600000,30.190001,18.476261,47010000
2002-04-02,29.450001,29.545000,28.555000,28.639999,17.527662,76509400
2002-04-03,28.719999,28.805000,27.750000,28.165001,17.236969,76931400
2002-04-04,27.990000,28.485001,27.709999,28.225000,17.273682,61763800
2002-04-05,28.445000,28.650000,27.920000,27.934999,17.096203,50166000
2002-04-08,27.150000,28.655001,27.129999,28.610001,17.509300,73389600
2002-04-09,28.665001,28.715000,27.400000,27.434999,16.790197,63413000
2002-04-10,27.559999,28.555000,27.530001,28.150000,17.227779,75636400
2002-04-11,27.945000,28.225000,27.250000,27.395000,16.765717,58165800
2002-04-12,27.575001,28.129999,27.430000,27.965000,17.114553,52297600
2002-04-15,28.000000,28.375000,27.700001,27.844999,17.041122,47388800
2002-04-16,28.200001,29.049999,28.180000,28.905001,17.689838,51921600
2002-04-17,28.975000,29.139999,28.209999,28.315001,17.328762,55158600
2002-04-18,28.395000,28.655001,26.340000,28.184999,17.249201,74794800
2002-04-19,28.719999,28.990000,28.430000,28.600000,17.503174,104268600
2002-04-22,28.260000,28.350000,27.500000,27.795000,17.010523,51465200
2002-04-23,27.850000,27.910000,26.650000,26.995001,16.520924,68281400
2002-04-24,26.924999,27.215000,26.500000,26.510000,16.224110,61220400
2002-04-25,26.450001,27.225000,26.440001,26.865000,16.441357,57290400
2002-04-26,27.035000,27.225000,25.730000,25.750000,15.758983,62776600
2002-04-29,25.735001,26.455000,25.719999,26.120001,15.985419,70246000
2002-04-30,26.049999,26.650000,25.959999,26.129999,15.991537,77384000
2002-05-01,26.080000,26.594999,25.330000,26.375000,16.141474,76413000
2002-05-02,26.320000,27.035000,25.575001,25.605000,15.670241,79009200
2002-05-03,25.629999,25.840000,24.754999,24.780001,15.165339,71628000
2002-05-06,24.719999,25.270000,24.184999,24.309999,14.877705,66299400
2002-05-07,24.590000,25.145000,24.174999,24.735001,15.137802,88385400
2002-05-08,25.635000,27.485001,25.610001,27.485001,16.820803,101242000
2002-05-09,27.200001,27.500000,25.950001,26.059999,15.948694,83288200
2002-05-10,26.264999,26.334999,24.995001,25.025000,15.315279,64408800
2002-05-13,25.225000,26.455000,24.875000,26.344999,16.123121,64819000
2002-05-14,27.200001,27.549999,26.990000,27.440001,16.793268,64832400
2002-05-15,27.245001,28.219999,26.930000,27.375000,16.753483,70412000
2002-05-16,27.355000,28.014999,27.325001,27.870001,17.056429,53406400
2002-05-17,28.105000,28.200001,27.635000,28.014999,17.145157,54646200
2002-05-20,27.750000,27.775000,26.750000,27.004999,16.527040,52115800
2002-05-21,26.975000,27.299999,26.065001,26.094999,15.970119,63120000
2002-05-22,25.934999,26.860001,25.924999,26.844999,16.429127,54169400
2002-05-23,26.850000,27.420000,26.504999,27.410000,16.774895,51412800
2002-05-24,27.070000,27.260000,26.520000,26.629999,16.297539,35982000
2002-05-28,26.795000,26.844999,25.875000,26.160000,16.009901,49602000
2002-05-29,25.825001,26.360001,25.775000,26.025000,15.927287,45393200
2002-05-30,25.820000,26.680000,25.715000,26.320000,16.107813,63213000
2002-05-31,26.450001,26.709999,25.440001,25.455000,15.578445,66468000
2002-06-03,25.495001,25.820000,24.584999,24.709999,15.122503,88439000
2002-06-04,24.750000,25.615000,24.620001,24.990000,15.293858,88008400
2002-06-05,25.215000,25.875000,25.165001,25.830000,15.807941,66969400
2002-06-06,25.750000,26.070000,25.000000,25.950001,15.881383,78703400
2002-06-07,24.945000,26.299999,24.930000,25.990000,15.905858,97834400
2002-06-10,25.825001,26.650000,25.730000,26.410000,16.162905,71825400
2002-06-11,26.620001,27.090000,26.209999,26.285000,16.086399,74368200
2002-06-12,26.290001,27.889999,26.250000,27.770000,16.995216,136198600
2002-06-13,27.420000,27.740000,27.100000,27.110001,16.591305,79771600
2002-06-14,26.575001,27.775000,26.500000,27.625000,16.906473,109433600
2002-06-17,27.830000,28.219999,27.684999,27.840000,17.038063,94486600
2002-06-18,27.764999,28.145000,27.674999,27.995001,17.132915,77518400
2002-06-19,27.735001,27.969999,27.160000,27.180000,16.634146,81247000
2002-06-20,27.184999,27.549999,26.950001,27.049999,16.554581,86401200
2002-06-21,26.700001,27.275000,26.139999,26.139999,15.997659,116820000
2002-06-24,26.045000,27.320000,25.924999,27.080000,16.572945,104523200
2002-06-25,27.350000,27.500000,26.400000,26.475000,16.202681,84025200
2002-06-26,25.525000,27.195000,25.525000,27.065001,16.563755,112131400
2002-06-27,27.299999,27.469999,26.430000,27.459999,16.805498,95812400
2002-06-28,27.275000,27.895000,27.000000,27.350000,16.738178,89555600
2002-07-01,27.059999,27.195000,26.290001,26.330000,16.113941,66473800
2002-07-02,26.190001,26.459999,25.665001,25.719999,15.740622,82814200
2002-07-03,25.620001,26.260000,25.225000,25.920000,15.863021,80936600
2002-07-05,26.545000,27.450001,26.525000,27.424999,16.784086,35673600
2002-07-08,27.205000,27.465000,26.290001,26.459999,16.193499,63199400
2002-07-09,26.655001,27.365000,26.485001,26.605000,16.282238,85277200
2002-07-10,26.844999,27.100000,26.065001,26.120001,15.985419,90673400
2002-07-11,26.020000,26.535000,25.625000,26.455000,16.190441,129550600
2002-07-12,26.684999,26.865000,25.740000,25.930000,15.869147,95733800
2002-07-15,25.695000,25.930000,24.000000,25.900000,15.850781,136965600
2002-07-16,25.655001,26.400000,25.320000,25.625000,15.682486,97154600
2002-07-17,26.260000,26.650000,25.584999,26.000000,15.911979,98034800
2002-07-18,26.030001,26.370001,25.330000,25.555000,15.639643,91053600
2002-07-19,24.934999,25.445000,24.405001,24.780001,15.165339,112543400
2002-07-22,24.475000,24.995001,22.950001,23.754999,14.538041,180069800
2002-07-23,23.245001,23.400000,21.485001,21.504999,13.161047,168061600
2002-07-24,20.875000,23.180000,20.705000,23.115000,14.146362,202307800
2002-07-25,22.725000,22.855000,21.219999,21.415001,13.105968,163411400
2002-07-26,21.870001,22.705000,21.840000,22.674999,13.877085,123538000
2002-07-29,23.424999,24.150000,23.275000,24.125000,14.764483,112148600
2002-07-30,23.775000,24.415001,23.665001,24.049999,14.718581,122690600
2002-07-31,23.805000,24.000000,23.180000,23.990000,14.681856,93875600
2002-08-01,23.790001,24.045000,22.750000,22.875000,13.999482,92002800
2002-08-02,22.754999,22.924999,21.900000,22.205000,13.589443,85947600
2002-08-05,22.145000,22.584999,21.905001,21.995001,13.460926,78941600
2002-08-06,22.450001,23.625000,22.420000,22.834999,13.974999,88715800
2002-08-07,23.500000,23.650000,22.580000,23.545000,14.409528,86349400
2002-08-08,23.555000,24.500000,23.205000,24.455000,14.966449,88748000
2002-08-09,24.075001,24.575001,23.830000,24.059999,14.724708,69049400
2002-08-12,23.805000,24.375000,23.799999,24.235001,14.831801,56866600
2002-08-13,23.995001,24.850000,23.459999,23.530001,14.400339,100122800
2002-08-14,23.625000,24.865000,23.605000,24.855000,15.211246,96706000
2002-08-15,24.980000,25.370001,24.375000,24.885000,15.229605,98745600
2002-08-16,24.715000,25.115000,24.459999,25.000000,15.299986,69334000
2002-08-19,25.020000,26.025000,24.924999,26.000000,15.911979,79848200
2002-08-20,25.690001,25.850000,25.375000,25.520000,15.618219,70317600
2002-08-21,25.780001,26.190001,25.575001,26.139999,15.997659,81203400
2002-08-22,26.424999,26.725000,26.299999,26.615000,16.288361,72517600
2002-08-23,26.330000,26.424999,25.920000,26.110001,15.979305,57929200
2002-08-26,26.250000,26.325001,25.590000,26.049999,15.942584,55652400
2002-08-27,26.165001,26.225000,25.325001,25.420000,15.557027,65470200
2002-08-28,25.240000,25.330000,24.650000,24.690001,15.110255,68875000
2002-08-29,24.445000,25.500000,24.260000,25.290001,15.477463,94275600
2002-08-30,25.070000,25.240000,24.500000,24.540001,15.018464,58138400
2002-09-03,24.260000,24.260000,23.500000,23.510000,14.388110,74452600
2002-09-04,23.725000,24.299999,23.575001,24.105000,14.752241,80232000
2002-09-05,23.750000,23.760000,22.940001,22.955000,14.048442,90438800
2002-09-06,23.875000,24.135000,23.735001,23.910000,14.632907,69918400
2002-09-09,23.625000,24.475000,23.315001,24.350000,14.902182,81653200
2002-09-10,24.270000,24.910000,24.174999,24.895000,15.235715,83950000
2002-09-11,25.115000,25.549999,24.264999,24.290001,14.865464,77443200
2002-09-12,24.075001,24.150000,23.510000,23.575001,14.427880,63726800
2002-09-13,23.450001,24.129999,23.424999,23.955000,14.660444,59549200
2002-09-16,23.799999,24.065001,23.525000,23.889999,14.620663,50166200
2002-09-17,24.334999,24.450001,23.605000,23.645000,14.470726,73343400
2002-09-18,23.360001,24.120001,23.330000,23.875000,14.611486,83951800
2002-09-19,23.340000,23.910000,23.295000,23.600000,14.443181,77777600
2002-09-20,23.855000,24.000000,23.650000,23.730000,14.522739,130619200
2002-09-23,23.299999,23.355000,22.405001,22.615000,13.840364,89783800
2002-09-24,22.415001,23.240000,22.315001,22.820000,13.965824,104142200
2002-09-25,23.200001,23.480000,22.525000,23.254999,14.232042,107116600
2002-09-26,23.555000,23.750000,22.975000,23.100000,14.137179,100852200
2002-09-27,23.020000,23.549999,22.594999,22.625000,13.846488,81011600
2002-09-30,22.434999,22.520000,21.555000,21.870001,13.384420,115577000
2002-10-01,22.160000,23.125000,21.594999,23.115000,14.146362,110636600
2002-10-02,23.049999,23.405001,22.580000,22.805000,13.956646,103488600
2002-10-03,22.650000,23.295000,22.299999,22.400000,13.708780,105221400
2002-10-04,22.695000,22.785000,21.844999,21.885000,13.393603,107120400
2002-10-07,21.905001,22.530001,21.844999,22.025000,13.479284,89790000
2002-10-08,22.375000,22.990000,22.065001,22.495001,13.766928,115667600
2002-10-09,22.115000,22.725000,21.905001,21.995001,13.460926,123142600
2002-10-10,22.000000,23.309999,21.625000,23.190001,14.192263,118515000
2002-10-11,23.680000,24.450001,23.504999,24.434999,14.954199,108828800
2002-10-14,24.125000,24.665001,23.920000,24.645000,15.082726,76216200
2002-10-15,25.629999,26.184999,25.325001,26.145000,16.000732,133374200
2002-10-16,25.195000,25.629999,25.139999,25.205000,15.425445,95437400
2002-10-17,26.139999,26.250000,25.025000,25.385000,15.535595,182602400
2002-10-18,26.299999,26.600000,25.570000,26.575001,16.263887,152817200
2002-10-21,25.985001,26.495001,25.680000,26.254999,16.068041,112378600
2002-10-22,25.715000,25.965000,25.514999,25.834999,15.811004,87159000
2002-10-23,25.715000,26.629999,25.715000,26.600000,16.279177,110866600
2002-10-24,26.680000,26.684999,25.450001,25.615000,15.676367,95833400
2002-10-25,25.625000,26.400000,25.580000,26.340000,16.120066,75425800
2002-10-28,26.700001,26.750000,25.754999,25.975000,15.896676,79906600
2002-10-29,26.075001,26.245001,25.424999,26.035000,15.933409,90517200
2002-10-30,26.100000,26.695000,25.815001,26.555000,16.251642,94451200
2002-10-31,26.594999,27.035000,26.424999,26.735001,16.361803,105973800
2002-11-01,26.215000,26.620001,25.950001,26.500000,16.217989,105097800
2002-11-04,28.375000,28.625000,27.760000,28.049999,17.166578,139964200
2002-11-05,27.889999,28.400000,27.790001,28.340000,17.344061,76658200
2002-11-06,28.495001,28.549999,27.764999,28.514999,17.451155,115407000
2002-11-07,28.100000,28.309999,27.750000,28.004999,17.139040,73699600
2002-11-08,28.000000,28.275000,27.504999,27.549999,16.860584,64522200
2002-11-11,27.535000,27.549999,26.910000,26.930000,16.481148,58341200
2002-11-12,27.049999,27.715000,26.950001,27.254999,16.680044,81398600
2002-11-13,27.120001,27.965000,27.055000,27.680000,16.940142,107370200
2002-11-14,27.995001,28.500000,27.934999,28.495001,17.438915,78337000
2002-11-15,28.299999,28.459999,27.834999,28.344999,17.347116,77533600
2002-11-18,28.475000,28.514999,27.870001,27.924999,17.090080,58086400
2002-11-19,27.775000,27.900000,27.155001,27.430000,16.787134,76403400
2002-11-20,27.504999,28.450001,27.465000,28.309999,17.325693,76435400
2002-11-21,28.490000,29.000000,28.389999,28.920000,17.699022,82922200
2002-11-22,28.725000,29.150000,28.525000,29.110001,17.815296,70002000
2002-11-25,29.030001,29.320000,28.785000,29.115000,17.818365,61583000
2002-11-26,28.820000,29.125000,28.389999,28.450001,17.411390,68650400
2002-11-27,28.799999,29.305000,28.700001,29.040001,17.772459,55191800
2002-11-29,29.215000,29.315001,28.840000,28.840000,17.650055,28393000
2002-12-02,29.325001,29.480000,28.504999,28.844999,17.653120,63735000
2002-12-03,28.639999,28.674999,28.205000,28.355000,17.353231,58457400
2002-12-04,28.065001,28.719999,27.910000,28.270000,17.301224,83892000
2002-12-05,28.475000,28.545000,27.650000,27.670000,16.934025,68435800
2002-12-06,27.434999,27.870001,27.110001,27.735001,16.973803,71670200
2002-12-09,27.500000,27.610001,26.754999,26.764999,16.380163,63862800
2002-12-10,26.780001,27.240000,26.740000,27.004999,16.527040,63730200
2002-12-11,26.924999,27.504999,26.790001,27.330000,16.725941,69186200
2002-12-12,27.500000,27.530001,26.844999,27.084999,16.576002,55242000
2002-12-13,26.840000,26.875000,26.245001,26.250000,16.064989,65245400
2002-12-16,26.500000,27.275000,26.334999,27.240000,16.670858,60140400
2002-12-17,27.209999,27.495001,26.889999,27.180000,16.634146,49549800
2002-12-18,26.920000,27.200001,26.395000,26.764999,16.380163,62709400
2002-12-19,26.625000,27.375000,26.440001,26.555000,16.251642,82686600
2002-12-20,26.745001,26.860001,26.475000,26.520000,16.230225,98294600
2002-12-23,26.525000,27.139999,26.450001,27.000000,16.523981,48798400
2002-12-24,26.770000,27.115000,26.760000,26.910000,16.468895,18386000
2002-12-26,27.014999,27.344999,26.584999,26.695000,16.337324,37228000
2002-12-27,26.639999,27.000000,26.450001,26.485001,16.208797,40891600
2002-12-30,26.504999,26.620001,26.135000,26.375000,16.141474,48019600
2002-12-31,26.370001,26.495001,25.629999,25.850000,15.820185,58208800
2003-01-02,26.150000,26.875000,25.855000,26.860001,16.438303,67025200
2003-01-03,26.795000,26.900000,26.440001,26.895000,16.459730,55546800
2003-01-06,27.010000,27.615000,26.900000,27.385000,16.759602,59456200
2003-01-07,27.459999,28.004999,27.340000,27.900000,17.074780,80517400
2003-01-08,27.684999,27.775000,27.055000,27.120001,16.597425,64566000
2003-01-09,27.360001,27.959999,27.264999,27.905001,17.077843,61808000
2003-01-10,27.549999,28.150000,27.450001,27.959999,17.111498,67730200
2003-01-13,28.260000,28.375000,27.885000,28.195000,17.255314,60817800
2003-01-14,28.165001,28.500000,28.094999,28.485001,17.432810,54206400
2003-01-15,28.500000,28.660000,28.094999,28.135000,17.218603,59622600
2003-01-16,28.160000,28.325001,27.555000,27.674999,16.937080,81371000
2003-01-17,26.469999,26.500000,25.655001,25.730000,15.746743,155876000
2003-01-21,25.934999,26.075001,25.645000,25.665001,15.706958,86159200
2003-01-22,25.795000,26.200001,25.455000,25.500000,15.605981,86948000
2003-01-23,25.975000,26.270000,25.730000,26.139999,15.997659,71374800
2003-01-24,26.014999,26.025000,24.850000,24.924999,15.254087,103027000
2003-01-27,24.660000,25.299999,24.205000,24.584999,15.045992,114838600
2003-01-28,24.844999,24.850000,24.280001,24.410000,14.938902,86151200
2003-01-29,24.365000,25.020000,23.965000,24.955000,15.272449,106884000
2003-01-30,25.080000,25.084999,24.094999,24.120001,14.761414,87877400
2003-01-31,23.725000,24.174999,23.514999,23.730000,14.522739,106858400
2003-02-03,23.965000,24.549999,23.730000,24.280001,14.859344,80129800
2003-02-04,23.900000,23.969999,23.440001,23.660000,14.479908,81854800
2003-02-05,23.915001,24.264999,23.365000,23.480000,14.369754,101072000
2003-02-06,23.430000,23.809999,23.280001,23.709999,14.510506,83312000
2003-02-07,23.940001,23.975000,23.205000,23.290001,14.253469,75208000
2003-02-10,23.400000,23.760000,23.270000,23.690001,14.498266,74081400
2003-02-11,23.650000,23.834999,23.000000,23.219999,14.210616,84292000
2003-02-12,23.275000,23.549999,23.129999,23.219999,14.210616,71315200
2003-02-13,23.205000,23.559999,23.065001,23.495001,14.378919,73558200
2003-02-14,23.625000,24.250000,23.385000,24.150000,14.779789,90446400
2003-02-18,24.620001,24.990000,24.400000,24.959999,15.275498,57415500
2003-02-19,24.820000,24.879999,24.170000,24.530001,15.060609,46902700
2003-02-20,24.770000,24.870001,24.100000,24.139999,14.821160,50897200
2003-02-21,24.290001,24.799999,23.700001,24.629999,15.122013,56853200
2003-02-24,24.440001,24.500000,23.840000,24.070000,14.778189,62403700
2003-02-25,23.540001,24.270000,23.379999,24.190001,14.851866,68113000
2003-02-26,24.070000,24.469999,23.580000,23.610001,14.495765,57096000
2003-02-27,23.900000,24.209999,23.299999,23.580000,14.477339,75434300
2003-02-28,23.740000,24.070000,23.549999,23.700001,14.551023,56585400
2003-03-03,24.020000,24.120001,23.400000,23.540001,14.452780,50653500
2003-03-04,23.580000,23.660000,23.059999,23.070000,14.164215,56605700
2003-03-05,23.070000,23.549999,23.049999,23.440001,14.391391,55415900
2003-03-06,23.170000,23.500000,23.129999,23.270000,14.287017,54607600
2003-03-07,22.950001,23.790001,22.900000,23.559999,14.465056,66167600
2003-03-10,23.309999,23.459999,22.889999,22.950001,14.090552,48413600
2003-03-11,23.059999,23.260000,22.760000,22.799999,13.998448,53990700
2003-03-12,22.809999,23.440001,22.549999,23.389999,14.360691,72379500
2003-03-13,23.719999,24.740000,23.440001,24.670000,15.146568,80701300
2003-03-14,24.680000,24.959999,24.260000,24.860001,15.263225,75451400
2003-03-17,24.520000,25.950001,24.330000,25.930000,15.920164,100983800
2003-03-18,25.889999,26.040001,25.500000,26.040001,15.987696,78108800
2003-03-19,25.980000,26.430000,25.740000,26.320000,16.159611,73652100
2003-03-20,26.020000,26.520000,25.670000,26.250000,16.116644,71798500
2003-03-21,26.750000,26.799999,26.030001,26.570000,16.313103,85586800
2003-03-24,25.549999,25.930000,25.180000,25.290001,15.527225,61105200
2003-03-25,25.600000,25.750000,25.030001,25.490000,15.650022,63595100
2003-03-26,25.459999,25.620001,25.240000,25.250000,15.502670,51673600
2003-03-27,24.940001,25.260000,24.590000,25.040001,15.373741,60043300
2003-03-28,24.670000,25.100000,24.600000,24.670000,15.146568,39584600
2003-03-31,24.250000,24.709999,24.010000,24.209999,14.864143,71384000
2003-04-01,24.459999,24.700001,24.250000,24.350000,14.950103,49803200
2003-04-02,25.100000,26.000000,25.100000,25.719999,15.791237,68282500
2003-04-03,25.990000,26.090000,25.600000,25.730000,15.797373,57394300
2003-04-04,25.760000,25.799999,24.930000,25.090000,15.404433,55740600
2003-04-07,26.230000,26.430000,25.170000,25.170000,15.453555,65627100
2003-04-08,25.309999,25.830000,25.200001,25.580000,15.705276,54132100
2003-04-09,25.610001,25.670000,24.540001,24.570000,15.085173,76875800
2003-04-10,24.709999,24.790001,24.280001,24.590000,15.097462,51608900
2003-04-11,24.889999,25.180000,23.950001,24.200001,14.858006,71565500
2003-04-14,24.270000,24.879999,24.000000,24.760000,15.201833,51599600
2003-04-15,24.680000,24.790001,24.100000,24.600000,15.103598,63399000
2003-04-16,25.600000,25.740000,24.600000,24.920000,15.300060,86178700
2003-04-17,24.770000,25.540001,24.740000,25.500000,15.656160,58356600
2003-04-21,25.610001,25.610001,25.080000,25.209999,15.478120,41557800
2003-04-22,25.059999,25.799999,25.030001,25.760000,15.815795,58844000
2003-04-23,25.750000,25.990000,25.469999,25.719999,15.791237,55559300
2003-04-24,25.480000,25.719999,25.320000,25.490000,15.650022,51703600
2003-04-25,25.330000,25.639999,25.170000,25.219999,15.484250,53657400
2003-04-28,25.389999,25.940001,25.320000,25.740000,15.803511,56287600
2003-04-29,25.950001,26.250000,25.680000,25.799999,15.840355,65877300
2003-04-30,25.730000,25.879999,25.250000,25.570000,15.699142,55566800
2003-05-01,25.540001,25.950001,25.340000,25.719999,15.791237,42085800
2003-05-02,25.650000,26.290001,25.559999,26.100000,16.024544,52695400
2003-05-05,26.250000,26.389999,25.840000,25.860001,15.877192,50391500
2003-05-06,25.860001,26.500000,25.820000,26.370001,16.190310,54299500
2003-05-07,26.110001,26.350000,25.840000,25.990000,15.957003,49120000
2003-05-08,25.750000,26.139999,25.709999,25.740000,15.803511,46401400
2003-05-09,25.900000,26.500000,25.889999,26.360001,16.184172,58913600
2003-05-12,26.150000,26.469999,26.059999,26.200001,16.085945,53900800
2003-05-13,26.040001,26.200001,25.889999,25.990000,15.957003,44501900
2003-05-14,26.080000,26.180000,25.540001,25.620001,15.729830,45021000
2003-05-15,25.850000,26.010000,25.570000,25.790001,15.834213,45450200
2003-05-16,25.879999,26.049999,25.410000,25.570000,15.699142,60620900
2003-05-19,25.400000,25.540001,24.740000,24.760000,15.201833,55336300
2003-05-20,24.860001,25.000000,24.500000,24.629999,15.122013,52677600
2003-05-21,24.629999,24.709999,23.889999,24.030001,14.753632,108960900
2003-05-22,24.200001,24.270000,24.040001,24.160000,14.833448,93157100
2003-05-23,24.200001,24.540001,24.030001,24.219999,14.870276,76968000
2003-05-27,24.250000,24.889999,24.219999,24.790001,15.220250,68486800
2003-05-28,24.780001,24.870001,24.299999,24.410000,14.986938,91467000
2003-05-29,24.469999,24.670000,24.230000,24.400000,14.980796,75451300
2003-05-30,24.730000,24.910000,24.510000,24.610001,15.109736,85096700
2003-06-02,24.980000,25.030001,24.570000,24.639999,15.128152,66310800
2003-06-03,24.750000,24.920000,24.570000,24.879999,15.275500,61058200
2003-06-04,24.990000,25.219999,24.740000,24.870001,15.269367,83484600
2003-06-05,24.469999,24.520000,24.010000,24.090000,14.790469,115877900
2003-06-06,24.440001,24.559999,23.650000,23.670000,14.532603,119629400
2003-06-09,23.719999,23.980000,23.600000,23.750000,14.581724,73610000
2003-06-10,23.940001,24.750000,23.850000,24.680000,15.152705,80655300
2003-06-11,24.670000,24.959999,24.420000,24.879999,15.275500,75768600
2003-06-12,24.969999,25.139999,24.740000,24.990000,15.343036,66177700
2003-06-13,25.200001,25.250000,24.490000,24.650000,15.134287,55157500
2003-06-16,24.799999,25.420000,24.670000,25.389999,15.588629,69658600
2003-06-17,25.639999,26.139999,25.530001,25.959999,15.938581,122213900
2003-06-18,25.980000,26.430000,25.709999,26.070000,16.006128,89957700
2003-06-19,26.090000,26.389999,26.010000,26.070000,16.006128,63626900
2003-06-20,26.340000,26.379999,26.010000,26.330000,16.165752,86048900
2003-06-23,26.139999,26.240000,25.490000,25.780001,15.828072,52584500
2003-06-24,25.650000,26.040001,25.520000,25.700001,15.778955,51820300
2003-06-25,25.639999,25.990000,25.139999,25.260000,15.508811,60483500
2003-06-26,25.389999,26.510000,25.209999,25.750000,15.809649,51758100
2003-06-27,25.950001,26.340000,25.530001,25.629999,15.735974,76040300
2003-06-30,25.940001,26.120001,25.500000,25.639999,15.742120,48073100
2003-07-01,25.590000,26.200001,25.389999,26.150000,16.055239,60926000
2003-07-02,26.500000,26.930000,26.450001,26.879999,16.503433,94069300
2003-07-03,26.690001,26.950001,26.410000,26.500000,16.270132,39440900
2003-07-07,27.020000,27.549999,26.950001,27.420000,16.834980,88960800
2003-07-08,27.260000,27.799999,27.250000,27.700001,17.006889,61896800
2003-07-09,27.559999,27.700001,27.250000,27.469999,16.865677,62300700
2003-07-10,27.250000,27.420000,26.590000,26.910000,16.521854,55350800
2003-07-11,26.950001,27.450001,26.889999,27.309999,16.767445,50377300
2003-07-14,27.629999,27.809999,27.049999,27.400000,16.822697,60464400
2003-07-15,27.469999,27.530001,27.100000,27.270000,16.742882,53567600
2003-07-16,27.559999,27.620001,27.200001,27.520000,16.896370,49838900
2003-07-17,27.139999,27.270000,26.540001,26.690001,16.386784,72805000
2003-07-18,27.110001,27.230000,26.750000,26.889999,16.509573,63388400
2003-07-21,26.870001,26.910000,26.000000,26.040001,15.987696,48480800
2003-07-22,26.280001,26.559999,26.129999,26.379999,16.196457,51791000
2003-07-23,26.420000,26.650000,26.139999,26.450001,16.239424,49828200
2003-07-24,26.780001,26.920000,25.980000,26.000000,15.963144,53556600
2003-07-25,26.280001,26.950001,26.070000,26.889999,16.509573,54173000
2003-07-28,26.940001,27.000000,26.490000,26.610001,16.337669,52658300
2003-07-29,26.879999,26.900000,26.240000,26.469999,16.251709,62391100
2003-07-30,26.459999,26.570000,26.170000,26.230000,16.104361,41240300
2003-07-31,26.600000,26.990000,26.309999,26.410000,16.214874,64504800
2003-08-01,26.330000,26.510000,26.120001,26.170000,16.067520,42649700
2003-08-04,26.150000,26.410000,25.750000,26.180000,16.073664,51825600
2003-08-05,26.309999,26.540001,25.600000,25.660000,15.754398,58825800
2003-08-06,25.540001,26.190001,25.430000,25.650000,15.748260,56294900
2003-08-07,25.719999,25.809999,25.450001,25.709999,15.785101,44258500
2003-08-08,25.879999,25.980000,25.500000,25.580000,15.705276,33241400
2003-08-11,25.610001,25.990000,25.540001,25.610001,15.723703,36433900
2003-08-12,25.709999,25.770000,25.450001,25.730000,15.797373,38208400
2003-08-13,25.790001,25.889999,25.500000,25.600000,15.717565,39636900
2003-08-14,25.660000,25.709999,25.520000,25.629999,15.735974,37338300
2003-08-15,25.610001,25.660000,25.430000,25.540001,15.680727,27607900
2003-08-18,25.559999,25.830000,25.459999,25.700001,15.778955,45817400
2003-08-19,25.850000,26.650000,25.770000,26.620001,16.343807,72952900
2003-08-20,26.299999,26.530001,26.000000,26.450001,16.239424,56739300
2003-08-21,26.650000,26.730000,26.129999,26.240000,16.110493,63802700
2003-08-22,26.780001,26.950001,26.209999,26.219999,16.098221,65846300
2003-08-25,26.309999,26.540001,26.230000,26.500000,16.270132,36132900
2003-08-26,26.309999,26.670000,25.959999,26.570000,16.313103,47546000
2003-08-27,26.510000,26.580000,26.299999,26.420000,16.221016,30633900
2003-08-28,26.500000,26.580000,26.240000,26.510000,16.276272,46211200
2003-08-29,26.459999,26.549999,26.350000,26.520000,16.282410,34503000
2003-09-02,26.700001,27.299999,26.469999,27.260000,16.736746,74168900
2003-09-03,27.420000,28.400000,27.379999,28.299999,17.375261,109437800
2003-09-04,28.100000,28.469999,27.990000,28.430000,17.455084,59840800
2003-09-05,28.230000,28.750000,28.170000,28.379999,17.424391,64024500
2003-09-08,28.389999,28.920000,28.340000,28.840000,17.706814,46105300
2003-09-09,28.650000,28.709999,28.309999,28.370001,17.418243,44315200
2003-09-10,28.030001,28.180000,27.480000,27.549999,16.914797,54763500
2003-09-11,27.660000,28.110001,27.590000,27.840000,17.092846,37813300
2003-09-12,27.480000,28.400000,27.450001,28.340000,17.399828,55777200
2003-09-15,28.370001,28.610001,28.330000,28.360001,17.412111,41432300
2003-09-16,28.410000,28.950001,28.320000,28.900000,17.743652,52060600
2003-09-17,28.760000,28.950001,28.469999,28.500000,17.498066,47221600
2003-09-18,28.490000,29.510000,28.420000,29.500000,18.112028,67268100
2003-09-19,29.760000,29.969999,29.520000,29.959999,18.394449,92433800
2003-09-22,29.389999,30.000000,28.809999,29.070000,17.848024,65678700
2003-09-23,29.120001,29.709999,28.879999,29.600000,18.173424,57827800
2003-09-24,29.610001,29.700001,28.420000,28.459999,17.473505,66336500
2003-09-25,28.469999,28.959999,28.219999,28.240000,17.338436,56224500
2003-09-26,28.270000,28.780001,28.139999,28.190001,17.307730,49864700
2003-09-29,28.410000,28.910000,28.100000,28.830000,17.700674,47380300
2003-09-30,28.590000,28.610001,27.750000,27.799999,17.068289,63333700
2003-10-01,28.030001,28.629999,27.809999,28.520000,17.510347,58375900
2003-10-02,28.450001,28.750000,28.190001,28.500000,17.498066,38143600
2003-10-03,29.160000,29.459999,28.930000,29.080000,17.854160,57303000
2003-10-06,29.150000,29.299999,28.910000,29.190001,17.921700,34047600
2003-10-07,29.010000,29.370001,28.920000,29.139999,17.890997,52356800
2003-10-08,29.360001,29.360001,28.680000,28.820000,17.694542,46989100
2003-10-09,29.219999,29.350000,28.799999,28.940001,17.768206,62653300
2003-10-10,28.910000,29.200001,28.670000,28.910000,17.749788,37604700
2003-10-13,28.980000,29.100000,28.500000,28.780001,17.669981,39320300
2003-10-14,28.660000,28.770000,28.480000,28.680000,17.608576,34851300
2003-10-15,29.200001,29.260000,28.700001,29.070000,17.948158,57242100
2003-10-16,28.910000,29.309999,28.799999,29.230000,18.046946,42232500
2003-10-17,29.280001,29.290001,28.799999,28.930000,17.861715,49960000
2003-10-20,28.950001,29.370001,28.799999,29.350000,18.121025,38794500
2003-10-21,29.350000,29.430000,29.170000,29.350000,18.121025,44166800
2003-10-22,29.030001,29.209999,28.799999,28.889999,17.837023,48798500
2003-10-23,28.719999,29.080000,28.100000,28.910000,17.849361,67357900
2003-10-24,27.270000,27.400000,26.420000,26.610001,16.429319,210558300
2003-10-27,26.910000,27.100000,26.820000,26.910000,16.614540,65619100
2003-10-28,27.090000,27.219999,26.879999,27.200001,16.793592,71752600
2003-10-29,27.160000,27.250000,26.660000,26.740000,16.509583,73551500
2003-10-30,27.010000,27.040001,25.910000,26.120001,16.126791,98729400
2003-10-31,26.370001,26.440001,26.110001,26.139999,16.139143,69623700
2003-11-03,26.350000,26.750000,26.290001,26.680000,16.472536,57772300
2003-11-04,26.590000,26.620001,26.010000,26.070000,16.095921,84026100
2003-11-05,26.150000,26.320000,26.000000,26.100000,16.114433,61514400
2003-11-06,26.260000,26.299999,26.000000,26.230000,16.194702,68189800
2003-11-07,26.379999,26.490000,26.030001,26.100000,16.114433,57822100
2003-11-10,26.120001,26.230000,26.000000,26.000000,16.052704,54579100
2003-11-11,26.010000,26.080000,25.670000,25.799999,15.929214,64990700
2003-11-12,25.850000,26.139999,25.600000,25.980000,16.040356,75877300
2003-11-13,25.860001,25.930000,25.450001,25.690001,15.861306,78949500
2003-11-14,25.700001,26.020000,25.440001,25.500000,15.743999,83146400
2003-11-17,25.389999,25.440001,24.840000,25.150000,15.527907,103900200
2003-11-18,25.330000,25.840000,25.120001,25.150000,15.527907,106868300
2003-11-19,25.290001,25.540001,25.170000,25.350000,15.651384,78853300
2003-11-20,25.170000,25.629999,25.080000,25.100000,15.497031,106845700
2003-11-21,25.330000,25.379999,25.080000,25.110001,15.503208,70712900
2003-11-24,25.330000,25.809999,25.280001,25.730000,15.885993,99463800
2003-11-25,25.870001,25.950001,25.379999,25.400000,15.682251,85663800
2003-11-26,25.610001,25.629999,25.320000,25.450001,15.713118,69758400
2003-11-28,25.500000,25.750000,25.400000,25.709999,15.873652,33402600
2003-12-01,25.900000,26.209999,25.500000,25.840000,15.953916,101914600
2003-12-02,25.950001,26.090000,25.610001,25.660000,15.842782,85121700
2003-12-03,25.820000,26.070000,25.620001,25.670000,15.848955,93121600
2003-12-04,25.719999,26.230000,25.660000,26.200001,16.176191,87202400
2003-12-05,25.959999,26.480000,25.920000,25.980000,16.040356,96610900
2003-12-08,26.120001,26.340000,25.809999,26.240000,16.200871,90504000
2003-12-09,26.440001,26.610001,26.250000,26.379999,16.287315,103547100
2003-12-10,26.450001,26.629999,26.379999,26.590000,16.416973,82853700
2003-12-11,26.590000,26.770000,26.280001,26.610001,16.429319,79309000
2003-12-12,26.690001,26.809999,26.500000,26.650000,16.454023,69154100
2003-12-15,27.049999,27.100000,26.680000,26.740000,16.509583,88860600
2003-12-16,26.830000,27.160000,26.770000,27.059999,16.707159,73978000
2003-12-17,27.040001,27.080000,26.850000,27.040001,16.694813,53712300
2003-12-18,27.100000,27.450001,27.049999,27.400000,16.917082,61177800
2003-12-19,27.490000,27.549999,27.190001,27.360001,16.892382,76856400
2003-12-22,27.160000,27.430000,26.969999,27.180000,16.781242,43894800
2003-12-23,27.170000,27.340000,27.010000,27.150000,16.762730,39609000
2003-12-24,27.139999,27.160000,27.000000,27.040001,16.694813,19924200
2003-12-26,27.049999,27.250000,27.000000,27.209999,16.799767,12076900
2003-12-29,27.209999,27.530001,27.160000,27.459999,16.954121,40426700
2003-12-30,27.410000,27.549999,27.400000,27.520000,16.991163,34406600
2003-12-31,27.420000,27.549999,27.230000,27.370001,16.898554,42198900
2004-01-02,27.580000,27.770000,27.330000,27.450001,16.947947,44487700
2004-01-05,27.730000,28.180000,27.719999,28.139999,17.373962,67333700
2004-01-06,28.190001,28.280001,28.070000,28.240000,17.435703,46950800
2004-01-07,28.170000,28.309999,28.010000,28.209999,17.417177,54298200
2004-01-08,28.389999,28.480000,28.000000,28.160000,17.386311,58810800
2004-01-09,28.030001,28.059999,27.590000,27.660000,17.077600,67079900
2004-01-12,27.670000,27.730000,27.350000,27.570000,17.022036,55845200
2004-01-13,27.549999,27.639999,27.260000,27.430000,16.935598,51555900
2004-01-14,27.520000,27.730000,27.469999,27.700001,17.102303,43907000
2004-01-15,27.549999,27.719999,27.420000,27.540001,17.003519,58504100
2004-01-16,27.709999,27.879999,27.530001,27.809999,17.170214,63983400
2004-01-20,27.980000,28.200001,27.930000,28.100000,17.349272,63068500
2004-01-21,28.129999,28.299999,27.850000,28.299999,17.472746,53570600
2004-01-22,28.360001,28.440001,27.940001,28.010000,17.293694,78425200
2004-01-23,28.280001,28.760000,28.219999,28.480000,17.583879,127259100
2004-01-26,28.490000,28.830000,28.320000,28.799999,17.781446,58299600
2004-01-27,28.639999,28.719999,28.219999,28.250000,17.441881,63196200
2004-01-28,28.299999,28.440001,27.469999,27.709999,17.108475,71336000
2004-01-29,27.809999,27.950001,27.570000,27.910000,17.231960,63748400
2004-01-30,27.840000,27.900000,27.549999,27.650000,17.071436,40528700
2004-02-02,27.610001,27.799999,27.240000,27.400000,16.917082,62891800
2004-02-03,27.400000,27.549999,27.180000,27.290001,16.849163,47993800
2004-02-04,27.219999,27.430000,27.010000,27.010000,16.676285,60648000
2004-02-05,27.059999,27.170000,26.830000,26.959999,16.645416,55527500
2004-02-06,27.030001,27.190001,26.930000,27.080000,16.719501,47209600
2004-02-09,27.190001,27.230000,26.850000,26.900000,16.608372,48108500
2004-02-10,26.870001,27.150000,26.820000,27.020000,16.682461,37790600
2004-02-11,26.969999,27.230000,26.850000,27.150000,16.762730,51515300
2004-02-12,27.090000,27.150000,26.930000,26.950001,16.639235,44537000
2004-02-13,26.980000,27.059999,26.500000,26.590000,16.416973,67541100
2004-02-17,26.719999,27.100000,26.590000,26.990000,16.663937,43477000
2004-02-18,26.900000,27.110001,26.740000,26.770000,16.528107,50334700
2004-02-19,26.920000,26.980000,26.430000,26.459999,16.336708,61840600
2004-02-20,26.660000,26.799999,26.500000,26.570000,16.404627,57821900
2004-02-23,26.730000,26.760000,26.480000,26.610001,16.429319,50256800
2004-02-24,26.610001,26.950001,26.549999,26.879999,16.596025,55426500
2004-02-25,26.900000,26.990000,26.610001,26.700001,16.484892,64275700
2004-02-26,26.590000,26.650000,26.410000,26.500000,16.361401,66602700
2004-02-27,26.469999,26.620001,26.350000,26.530001,16.379927,58266500
2004-03-01,26.629999,26.719999,26.500000,26.700001,16.484892,51912300
2004-03-02,26.610001,26.690001,26.350000,26.389999,16.293489,66331000
2004-03-03,26.350000,26.549999,26.219999,26.370001,16.281151,54998700
2004-03-04,26.330000,26.420000,26.209999,26.370001,16.281151,44023200
2004-03-05,26.230000,26.600000,26.200001,26.350000,16.268791,59849800
2004-03-08,26.309999,26.350000,25.809999,25.830000,15.947741,69367800
2004-03-09,25.799999,25.969999,25.540001,25.719999,15.879819,81111700
2004-03-10,25.650000,25.799999,25.350000,25.370001,15.663734,75155800
2004-03-11,25.180000,25.780001,25.070000,25.090000,15.490858,90536300
2004-03-12,25.379999,25.510000,25.230000,25.379999,15.669913,64137100
2004-03-15,25.299999,25.430000,25.059999,25.160000,15.534078,68835300
2004-03-16,25.260000,25.370001,25.100000,25.180000,15.546423,65453800
2004-03-17,25.250000,25.459999,25.110001,25.129999,15.515549,56241400
2004-03-18,24.959999,25.030001,24.580000,24.889999,15.367373,123231000
2004-03-19,24.770000,24.940001,24.559999,24.629999,15.206842,86281600
2004-03-22,24.480000,24.840000,24.010000,24.500000,15.126584,127605200
2004-03-23,24.650000,24.660000,24.110001,24.150000,14.910488,91696300
2004-03-24,24.379999,24.580000,24.180000,24.410000,15.071020,97584700
2004-03-25,24.600000,25.240000,24.580000,25.190001,15.552598,85677900
2004-03-26,25.110001,25.510000,25.000000,25.030001,15.453813,61584900
2004-03-29,25.250000,25.400000,25.000000,25.309999,15.626680,51881600
2004-03-30,25.209999,25.330000,25.030001,25.200001,15.558771,59010400
2004-03-31,25.200001,25.200001,24.870001,24.930000,15.392072,70533200
2004-04-01,24.950001,25.110001,24.850000,25.080000,15.484685,69051900
2004-04-02,25.480000,25.900000,25.440001,25.850000,15.960089,98043800
2004-04-05,25.809999,25.980000,25.730000,25.950001,16.021828,53800300
2004-04-06,25.770000,25.900000,25.660000,25.799999,15.929214,48992000
2004-04-07,25.740000,25.780001,25.350000,25.590000,15.799564,63268900
2004-04-08,25.820000,25.850000,25.360001,25.480000,15.731640,45294600
2004-04-12,25.480000,25.740000,25.430000,25.610001,15.811904,38786800
2004-04-13,25.680000,25.770000,25.410000,25.450001,15.713118,56971500
2004-04-14,25.389999,25.680000,25.379999,25.510000,15.750160,61079600
2004-04-15,25.530001,25.730000,25.100000,25.219999,15.571115,73756900
2004-04-16,25.330000,25.400000,25.110001,25.160000,15.534078,51768600
2004-04-19,25.080000,25.600000,25.059999,25.530001,15.762520,44592100
2004-04-20,25.650000,25.879999,25.280001,25.330000,15.639033,59902600
2004-04-21,25.360001,25.490000,25.200001,25.450001,15.713118,49252000
2004-04-22,25.510000,25.990000,25.469999,25.950001,16.021828,99207700
2004-04-23,27.400000,27.719999,27.340000,27.540001,17.003519,258269000
2004-04-26,27.450001,27.549999,27.100000,27.240000,16.818285,89391000
2004-04-27,27.160000,27.370001,27.129999,27.219999,16.805939,80716800
2004-04-28,27.010000,27.049999,26.469999,26.559999,16.398455,72842200
2004-04-29,26.510000,26.940001,26.309999,26.480000,16.349056,77787300
2004-04-30,26.590000,26.750000,25.959999,26.129999,16.132963,66172200
2004-05-03,26.190001,26.520000,26.190001,26.350000,16.268791,65916200
2004-05-04,26.350000,26.540001,26.020000,26.330000,16.256447,55496400
2004-05-05,26.320000,26.600000,26.250000,26.299999,16.237919,51841700
2004-05-06,26.160000,26.340000,26.030001,26.120001,16.126791,62693900
2004-05-07,26.030001,26.379999,25.750000,25.780001,15.916867,68290200
2004-05-10,25.629999,26.049999,25.620001,25.930000,16.009480,64621400
2004-05-11,26.090000,26.110001,25.790001,25.940001,16.015654,57917200
2004-05-12,25.870001,26.000000,25.430000,25.940001,16.015654,64145600
2004-05-13,25.820000,26.190001,25.790001,26.100000,16.114433,63861500
2004-05-14,26.000000,26.170000,25.639999,25.860001,15.966263,43775300
2004-05-17,25.469999,25.790001,25.420000,25.540001,15.768694,55149600
2004-05-18,25.700001,25.969999,25.639999,25.830000,15.947741,58158600
2004-05-19,26.030001,26.270000,25.620001,25.620001,15.818082,60052800
2004-05-20,25.750000,25.870001,25.590000,25.730000,15.885993,52089900
2004-05-21,25.969999,26.200001,25.780001,25.889999,15.984787,57809300
2004-05-24,26.049999,26.170000,25.740000,25.760000,15.904521,56250500
2004-05-25,25.709999,26.190001,25.600000,26.100000,16.114433,66615000
2004-05-26,25.990000,26.150000,25.850000,26.139999,16.139143,50306900
2004-05-27,26.160000,26.190001,25.920000,26.190001,16.170004,49071900
2004-05-28,26.139999,26.350000,26.020000,26.230000,16.194702,37393000
2004-06-01,26.129999,26.270000,25.870001,26.110001,16.120619,48369500
2004-06-02,26.120001,26.280001,26.010000,26.129999,16.132963,54020000
2004-06-03,26.049999,26.129999,25.860001,25.889999,15.984787,45933100
2004-06-04,26.030001,26.240000,25.940001,25.950001,16.021828,48815300
2004-06-07,26.020000,26.430000,25.969999,26.430000,16.318186,65218600
2004-06-08,26.280001,26.650000,26.240000,26.600000,16.423155,58447700
2004-06-09,26.400000,26.650000,26.400000,26.469999,16.342884,50385500
2004-06-10,26.379999,26.790001,26.379999,26.770000,16.528107,48109200
2004-06-14,26.549999,26.900000,26.530001,26.900000,16.608372,67377500
2004-06-15,26.990000,27.600000,26.969999,27.410000,16.923244,114183400
2004-06-16,27.340000,27.500000,27.150000,27.320000,16.867689,67431100
2004-06-17,27.309999,27.920000,27.290001,27.770000,17.145510,105427500
2004-06-18,27.770000,28.500000,27.700001,28.350000,17.503616,134218700
2004-06-21,28.219999,28.660000,28.120001,28.350000,17.503616,116881700
2004-06-22,28.150000,28.350000,27.809999,28.290001,17.466574,98932000
2004-06-23,28.200001,28.379999,28.000000,28.299999,17.472746,58558400
2004-06-24,28.480000,28.650000,28.360001,28.389999,17.528318,65503800
2004-06-25,28.480000,28.629999,28.250000,28.570000,17.639454,71136500
2004-06-28,28.600000,28.750000,28.170000,28.280001,17.460398,77024100
2004-06-29,28.180000,28.580000,28.180000,28.500000,17.596231,55371700
2004-06-30,28.570000,28.799999,28.389999,28.559999,17.633274,83544400
2004-07-01,28.700001,28.840000,28.260000,28.629999,17.676489,78441400
2004-07-02,28.620001,28.680000,28.400000,28.570000,17.639454,36690100
2004-07-06,28.320000,28.330000,27.940001,28.020000,17.299873,69158900
2004-07-07,27.670000,28.320000,27.549999,28.100000,17.349272,66255700
2004-07-08,27.879999,28.150000,27.549999,27.639999,17.065252,59125100
2004-07-09,27.780001,28.000000,27.639999,27.860001,17.201084,50249300
2004-07-12,27.670000,28.000000,27.590000,27.889999,17.219610,45757300
2004-07-13,27.910000,27.950001,27.600000,27.600000,17.040567,43274100
2004-07-14,27.400000,28.360001,27.340000,28.129999,17.367794,87656300
2004-07-15,28.049999,28.200001,27.799999,27.870001,17.207258,46759700
2004-07-16,28.180000,28.200001,27.250000,27.480000,16.966473,66406300
2004-07-19,27.620001,28.260000,27.600000,27.950001,17.256657,60354500
2004-07-20,28.000000,28.480000,27.850000,28.320000,17.485086,89010700
2004-07-21,29.889999,29.889999,28.809999,28.860001,17.818499,201518000
2004-07-22,29.070000,29.299999,28.830000,29.000000,17.904930,124640700
2004-07-23,28.379999,28.400000,28.020000,28.030001,17.306047,97372700
2004-07-26,28.360001,28.709999,28.200001,28.660000,17.695021,72387600
2004-07-27,28.700001,28.760000,28.129999,28.440001,17.559187,72968400
2004-07-28,28.340000,28.790001,28.280001,28.580000,17.645632,62718800
2004-07-29,28.780001,28.799999,28.250000,28.480000,17.583879,60148400
2004-07-30,28.450001,28.809999,28.330000,28.490000,17.590052,59552900
2004-08-02,28.270000,28.549999,28.160000,28.520000,17.608578,52267000
2004-08-03,28.379999,28.420000,28.000000,28.070000,17.330740,53990900
2004-08-04,28.010000,28.200001,27.990000,28.059999,17.324566,46217900
2004-08-05,28.160000,28.209999,27.520000,27.530001,16.997339,55591700
2004-08-06,27.379999,27.860001,27.059999,27.139999,16.756548,75628000
2004-08-09,27.260000,27.280001,27.100000,27.180000,16.781242,51877500
2004-08-10,27.299999,27.750000,27.250000,27.719999,17.114651,57632700
2004-08-11,27.389999,27.510000,27.200001,27.410000,16.923244,53097300
2004-08-12,27.230000,27.309999,26.860001,26.879999,16.596025,50279700
2004-08-13,27.010000,27.250000,26.980000,27.020000,16.682461,43333200
2004-08-16,27.030001,27.200001,26.959999,27.090000,16.725681,54347200
2004-08-17,27.219999,27.379999,26.980000,27.049999,16.700981,56879700
2004-08-18,26.930000,27.500000,26.889999,27.459999,16.954121,58844000
2004-08-19,27.350000,27.450001,27.010000,27.120001,16.744196,46293000
2004-08-20,27.129999,27.370001,27.040001,27.200001,16.793592,46494800
2004-08-23,27.270000,27.330000,27.120001,27.240000,16.867901,39572200
2004-08-24,27.400000,27.459999,27.090000,27.240000,16.867901,40835300
2004-08-25,27.209999,27.670000,27.180000,27.549999,17.059856,53512700
2004-08-26,27.459999,27.600000,27.389999,27.440001,16.991747,35465500
2004-08-27,27.500000,27.650000,27.450001,27.459999,17.004139,33248700
2004-08-30,27.299999,27.389999,26.850000,27.299999,16.905064,36679600
2004-08-31,27.290001,27.320000,27.049999,27.299999,16.905064,52106700
2004-09-01,27.230000,27.520000,27.139999,27.389999,16.960791,48507500
2004-09-02,27.400000,27.680000,27.350000,27.620001,17.103207,42161700
2004-09-03,27.459999,27.620001,27.100000,27.110001,16.787403,46174400
2004-09-07,27.290001,27.379999,27.160000,27.360001,16.942213,44893400
2004-09-08,27.299999,27.469999,27.139999,27.260000,16.880289,53278100
2004-09-09,27.299999,27.469999,27.180000,27.280001,16.892672,56904700
2004-09-10,27.340000,27.510000,27.180000,27.490000,17.022711,52664500
2004-09-13,27.530001,27.570000,26.740000,27.250000,16.874104,48239200
2004-09-14,27.370001,27.510000,27.270000,27.440001,16.991747,55920000
2004-09-15,27.360001,27.400000,27.139999,27.190001,16.836941,52605700
2004-09-16,27.219999,27.350000,27.170000,27.260000,16.880289,35951500
2004-09-17,27.389999,27.530001,27.260000,27.510000,17.035089,65283000
2004-09-20,27.440001,27.650000,27.330000,27.510000,17.035089,51513600
2004-09-21,27.450001,27.530001,27.250000,27.260000,16.880289,73874400
2004-09-22,27.280001,27.740000,27.070000,27.120001,16.793592,68409000
2004-09-23,27.190001,27.389999,27.170000,27.350000,16.936008,52155800
2004-09-24,27.389999,27.459999,27.190001,27.290001,16.898861,49859800
2004-09-27,27.170000,27.320000,27.129999,27.190001,16.836941,47813600
2004-09-28,27.209999,27.360001,27.040001,27.270000,16.886482,62055100
2004-09-29,27.260000,27.690001,27.230000,27.580000,17.078442,61529300
2004-09-30,27.590000,27.790001,27.520000,27.650000,17.121786,71218000
2004-10-01,27.820000,28.320000,27.780001,28.250000,17.493332,66302800
2004-10-04,28.440001,28.459999,28.070000,28.120001,17.412823,62016200
2004-10-05,28.150000,28.450001,28.100000,28.379999,17.573822,58017700
2004-10-06,28.389999,28.549999,28.230000,28.530001,17.666712,56999600
2004-10-07,28.540001,28.590000,28.160000,28.170000,17.443783,38401500
2004-10-08,28.100000,28.330000,27.969999,27.990000,17.332327,49556600
2004-10-11,28.200001,28.219999,27.930000,28.059999,17.375679,44691000
2004-10-12,27.830000,28.160000,27.809999,28.030001,17.357100,56412900
2004-10-13,28.190001,28.270000,27.940001,28.030001,17.357100,49500700
2004-10-14,28.040001,28.160000,27.799999,27.799999,17.214668,41548700
2004-10-15,27.969999,28.240000,27.820000,27.990000,17.332327,49828500
2004-10-18,28.070000,28.450001,27.980000,28.410000,17.592400,50350700
2004-10-19,28.530001,28.590000,28.170000,28.180000,17.449982,57026500
2004-10-20,28.219999,28.750000,28.120001,28.700001,17.771980,69078100
2004-10-21,28.809999,28.889999,28.469999,28.559999,17.685291,94988500
2004-10-22,28.299999,28.340000,27.580000,27.740000,17.177515,101912800
2004-10-25,27.670000,27.770000,27.549999,27.629999,17.109406,61529500
2004-10-26,27.709999,27.900000,27.629999,27.900000,17.276596,76966600
2004-10-27,27.860001,28.350000,27.580000,28.150000,17.431406,72392600
2004-10-28,28.110001,28.540001,27.900000,28.010000,17.344704,63059600
2004-10-29,28.120001,28.150000,27.799999,27.969999,17.319937,80010100
2004-11-01,28.160000,28.280001,27.959999,28.080000,17.388058,72930900
2004-11-02,28.260000,28.469999,28.030001,28.240000,17.487143,89417100
2004-11-03,28.650000,28.650000,28.309999,28.469999,17.629566,79666700
2004-11-04,28.379999,29.000000,28.379999,29.000000,17.957748,87867700
2004-11-05,29.209999,29.360001,29.030001,29.309999,18.149712,95337700
2004-11-08,29.180000,29.480000,29.129999,29.280001,18.131140,112802100
2004-11-09,29.430000,29.889999,29.350000,29.770000,18.434563,100401000
2004-11-10,29.920000,30.000000,29.690001,29.730000,18.409796,84097700
2004-11-11,29.889999,30.080000,29.820000,29.980000,18.564594,87358900
2004-11-12,30.160000,30.200001,29.799999,29.969999,18.558403,162269000
2004-11-15,27.340000,27.500000,27.200001,27.389999,18.903488,104468000
2004-11-16,27.330000,27.340000,27.049999,27.120001,18.717142,64522600
2004-11-17,27.250000,27.350000,27.059999,27.170000,18.751654,58830700
2004-11-18,27.129999,27.170000,27.000000,27.070000,18.682636,63249900
2004-11-19,27.030001,27.070000,26.840000,26.860001,18.537704,85808600
2004-11-22,26.750000,26.820000,26.100000,26.650000,18.392776,92410800
2004-11-23,26.520000,26.700001,26.400000,26.530001,18.309956,70459700
2004-11-24,26.620001,26.730000,26.400000,26.639999,18.385862,60069200
2004-11-26,26.559999,26.820000,26.549999,26.600000,18.358269,24398700
2004-11-29,26.639999,26.950001,26.610001,26.770000,18.475590,67079900
2004-11-30,26.750000,27.010000,26.700001,26.809999,18.503202,75960400
2004-12-01,26.950001,27.280001,26.809999,27.250000,18.806873,99889000
2004-12-02,27.270000,27.400000,26.920000,27.090000,18.696451,96088300
2004-12-03,27.160000,27.440001,27.139999,27.230000,18.793064,76498400
2004-12-06,27.100000,27.440001,27.070000,27.330000,18.862080,55297400
2004-12-07,27.260000,27.379999,27.000000,27.070000,18.682636,111656000
2004-12-08,27.010000,27.360001,26.910000,27.360001,18.882786,95655000
2004-12-09,27.129999,27.360001,26.940001,27.230000,18.793064,83006000
2004-12-10,27.080000,27.180000,27.040001,27.080000,18.689543,70949200
2004-12-13,27.100000,27.280001,26.910000,27.250000,18.806873,93812500
2004-12-14,27.049999,27.330000,27.040001,27.230000,18.793064,127843200
2004-12-15,27.219999,27.400000,27.070000,27.110001,18.710243,106303900
2004-12-16,27.150000,27.280001,27.010000,27.160000,18.744757,88997500
2004-12-17,27.000000,27.320000,26.799999,26.959999,18.606720,126184400
2004-12-20,27.010000,27.150000,26.889999,26.950001,18.599812,85552800
2004-12-21,27.000000,27.170000,26.940001,27.070000,18.682636,94646100
2004-12-22,26.840000,27.150000,26.780001,26.969999,18.613621,63651900
2004-12-23,26.870001,27.150000,26.830000,27.010000,18.641233,65801900
2004-12-27,27.010000,27.100000,26.820000,26.850000,18.530798,55958500
2004-12-28,26.850000,27.030001,26.799999,26.950001,18.599812,55075900
2004-12-29,26.850000,27.000000,26.820000,26.900000,18.565310,47594900
2004-12-30,26.889999,26.940001,26.750000,26.760000,18.468685,48355400
2004-12-31,26.750000,26.900000,26.680000,26.719999,18.441074,54959500
2005-01-03,26.799999,26.950001,26.650000,26.740000,18.454876,65002900
2005-01-04,26.870001,27.100000,26.660000,26.840000,18.523895,109442100
2005-01-05,26.840000,27.100000,26.760000,26.780001,18.482487,72463500
2005-01-06,26.850000,27.059999,26.639999,26.750000,18.461779,76890500
2005-01-07,26.820000,26.889999,26.620001,26.670000,18.406578,68723300
2005-01-10,26.600000,26.860001,26.540001,26.799999,18.496286,70376600
2005-01-11,26.690001,26.820000,26.610001,26.730000,18.447983,64712000
2005-01-12,26.770000,26.850000,26.620001,26.780001,18.482487,72940600
2005-01-13,26.680000,26.799999,26.160000,26.270000,18.130512,89861600
2005-01-14,26.400000,26.450001,26.040001,26.120001,18.026979,92180800
2005-01-18,26.030001,26.350000,25.840000,26.320000,18.165018,69146400
2005-01-19,26.209999,26.260000,25.920000,25.980000,17.930361,58114100
2005-01-20,25.840000,26.100000,25.740000,25.860001,17.847548,58380100
2005-01-21,25.950001,26.129999,25.639999,25.650000,17.702612,76501000
2005-01-24,25.760000,26.000000,25.639999,25.670000,17.716412,69010900
2005-01-25,25.760000,26.190001,25.750000,26.020000,17.957972,67580700
2005-01-26,26.070000,26.170000,25.900000,26.010000,17.951065,64974500
2005-01-27,25.950001,26.160000,25.850000,26.110001,18.020082,93204100
2005-01-28,26.540001,26.650000,25.959999,26.180000,18.068396,110466500
2005-01-31,26.350000,26.520000,26.160000,26.280001,18.137417,71442100
2005-02-01,26.250000,26.430000,26.219999,26.389999,18.213327,57981700
2005-02-02,26.420000,26.500000,26.280001,26.459999,18.261635,79329500
2005-02-03,26.370001,26.400000,26.100000,26.180000,18.068396,62545400
2005-02-04,26.170000,26.370001,26.139999,26.320000,18.165018,61246500
2005-02-07,26.270000,26.299999,26.059999,26.160000,18.054590,57763400
2005-02-08,26.190001,26.340000,26.160000,26.240000,18.109804,61343700
2005-02-09,26.250000,26.309999,26.040001,26.070000,17.992472,77874800
2005-02-10,26.100000,26.129999,26.000000,26.059999,17.985571,71796400
2005-02-11,26.030001,26.120001,25.809999,25.969999,17.923449,83835900
2005-02-14,25.930000,26.120001,25.910000,26.010000,17.951065,58694000
2005-02-15,26.000000,26.080000,25.860001,25.930000,17.951073,76551600
2005-02-16,25.870001,25.930000,25.670000,25.790001,17.854149,57506600
2005-02-17,25.709999,25.860001,25.600000,25.650000,17.757227,67024800
2005-02-18,25.639999,25.650000,25.400000,25.480000,17.639528,77091100
2005-02-22,25.250000,25.490000,25.200001,25.230000,17.466463,96419200
2005-02-23,25.240000,25.350000,25.170000,25.200001,17.445694,83689400
2005-02-24,25.180000,25.440001,25.150000,25.370001,17.563391,85236300
2005-02-25,25.330000,25.379999,25.150000,25.250000,17.480305,62467700
2005-02-28,25.219999,25.370001,25.129999,25.160000,17.418007,82728000
2005-03-01,25.190001,25.410000,25.129999,25.280001,17.501080,56394800
2005-03-02,25.190001,25.480000,25.160000,25.260000,17.487226,67739000
2005-03-03,25.299999,25.309999,25.139999,25.170000,17.424931,52183600
2005-03-04,25.209999,25.299999,25.129999,25.170000,17.424931,63058200
2005-03-07,25.170000,25.790001,25.160000,25.469999,17.632610,80407400
2005-03-08,25.400000,25.620001,25.340000,25.400000,17.584152,52871800
2005-03-09,25.389999,25.570000,25.280001,25.309999,17.521845,62991800
2005-03-10,25.430000,25.480000,25.250000,25.430000,17.604919,59132900
2005-03-11,25.450001,25.480000,25.059999,25.090000,17.369551,60617900
2005-03-14,25.080000,25.150000,24.959999,25.110001,17.383394,65550500
2005-03-15,25.100000,25.240000,24.889999,24.910000,17.244932,71469400
2005-03-16,24.820000,24.969999,24.559999,24.629999,17.051085,74841400
2005-03-17,24.639999,24.680000,24.530001,24.540001,16.988785,60573200
2005-03-18,24.530001,24.910000,24.280001,24.309999,16.829559,135904000
2005-03-21,24.350000,24.360001,24.150000,24.200001,16.753408,71446200
2005-03-22,24.190001,24.270000,23.959999,23.990000,16.608025,102113300
2005-03-23,23.990000,24.389999,23.959999,24.180000,16.739561,79293300
2005-03-24,24.240000,24.469999,24.200001,24.280001,16.808790,78820900
2005-03-28,24.400000,24.469999,24.180000,24.200001,16.753408,49802000
2005-03-29,24.139999,24.240000,23.820000,23.920000,16.559570,74231700
2005-03-30,24.040001,24.190001,24.000000,24.160000,16.725719,59585700
2005-03-31,24.250000,24.309999,24.120001,24.170000,16.732637,62382300
2005-04-01,24.240000,24.350000,24.100000,24.120001,16.698023,64619600
2005-04-04,24.110001,24.260000,23.940001,24.230000,16.774176,62196400
2005-04-05,24.219999,24.500000,24.120001,24.469999,16.940325,73549600
2005-04-06,24.469999,24.940001,24.450001,24.670000,17.078789,78020200
2005-04-07,24.660000,25.129999,24.629999,25.100000,17.376465,77451500
2005-04-08,25.070000,25.250000,24.910000,24.940001,17.265699,47956300
2005-04-11,25.030001,25.110001,24.860001,24.969999,17.286472,47791800
2005-04-12,24.920000,25.350000,24.799999,25.320000,17.528769,67517800
2005-04-13,25.230000,25.450001,24.990000,25.040001,17.334940,60929300
2005-04-14,25.010000,25.139999,24.830000,24.840000,17.196470,66754400
2005-04-15,24.580000,24.900000,24.410000,24.459999,16.933397,100251600
2005-04-18,24.450001,24.840000,24.400000,24.650000,17.064938,75766400
2005-04-19,24.709999,24.799999,24.450001,24.629999,17.051085,65956200
2005-04-20,24.660000,24.700001,24.299999,24.320000,16.836483,91923500
2005-04-21,24.480000,25.389999,24.469999,25.280001,17.501080,93562300
2005-04-22,25.049999,25.250000,24.780001,24.980000,17.293396,80087500
2005-04-25,25.070000,25.280001,24.860001,24.990000,17.300314,75457900
2005-04-26,24.950001,25.250000,24.740000,24.760000,17.141088,60464300
2005-04-27,24.660000,25.150000,24.629999,24.990000,17.300314,47732800
2005-04-28,24.820000,24.920000,24.440001,24.450001,16.926476,83623100
2005-04-29,24.879999,25.299999,24.790001,25.299999,17.514927,98641200
2005-05-02,25.230000,25.360001,24.950001,25.230000,17.466463,54376700
2005-05-03,25.129999,25.400000,25.090000,25.360001,17.556461,67867800
2005-05-04,25.340000,25.400000,25.110001,25.209999,17.452625,86864200
2005-05-05,25.200001,25.330000,25.080000,25.230000,17.466463,59362300
2005-05-06,25.330000,25.480000,25.190001,25.219999,17.459538,64322600
2005-05-09,25.230000,25.330000,25.049999,25.110001,17.383394,61872400
2005-05-10,25.040001,25.080000,24.820000,24.900000,17.238008,62235100
2005-05-11,24.889999,24.969999,24.639999,24.910000,17.244932,59463300
2005-05-12,24.840000,25.110001,24.830000,25.000000,17.307241,74540700
2005-05-13,25.030001,25.379999,24.990000,25.299999,17.514927,77204300
2005-05-16,25.230000,25.500000,25.190001,25.490000,17.702436,50577300
2005-05-17,25.309999,25.500000,25.250000,25.459999,17.681597,39983200
2005-05-18,25.500000,25.840000,25.420000,25.700001,17.848274,71182400
2005-05-19,25.750000,26.049999,25.700001,25.920000,18.001066,52120800
2005-05-20,25.879999,25.920000,25.730000,25.740000,17.876051,64444500
2005-05-23,25.740000,26.070000,25.740000,25.850000,17.952446,75421100
2005-05-24,25.799999,25.879999,25.719999,25.750000,17.883001,61287700
2005-05-25,25.680000,25.770000,25.500000,25.709999,17.855223,35749000
2005-05-26,25.750000,26.000000,25.730000,25.900000,17.987165,50579200
2005-05-27,25.830000,26.090000,25.809999,26.070000,18.105228,54978000
2005-05-31,25.990000,26.030001,25.750000,25.799999,17.917721,46131100
2005-06-01,25.730000,26.000000,25.610001,25.809999,17.924665,54621000
2005-06-02,25.709999,25.860001,25.639999,25.790001,17.910780,27212500
2005-06-03,25.700001,25.809999,25.340000,25.430000,17.660776,79659500
2005-06-06,25.379999,25.500000,25.309999,25.370001,17.619102,40756900
2005-06-07,25.330000,25.830000,25.309999,25.510000,17.716318,54511400
2005-06-08,25.549999,25.620001,25.340000,25.400000,17.639933,45369700
2005-06-09,25.400000,25.610001,25.350000,25.510000,17.716318,52767900
2005-06-10,25.490000,25.520000,25.340000,25.430000,17.660776,39459800
2005-06-13,25.360001,25.490000,25.260000,25.309999,17.577419,49104100
2005-06-14,25.309999,25.440001,25.240000,25.360001,17.612150,44243300
2005-06-15,25.400000,25.410000,25.110001,25.260000,17.542700,50764800
2005-06-16,25.219999,25.230000,24.950001,25.040001,17.389921,65918800
2005-06-17,25.270000,25.290001,24.920000,25.040001,17.389921,90821300
2005-06-20,24.980000,25.280001,24.930000,25.110001,17.438534,50538900
2005-06-21,25.080000,25.190001,25.040001,25.150000,17.466318,81084000
2005-06-22,25.110001,25.260000,25.030001,25.070000,17.410753,60492700
2005-06-23,25.170000,25.620001,25.150000,25.309999,17.577419,105159800
2005-06-24,25.219999,25.400000,25.040001,25.040001,17.389921,57970700
2005-06-27,25.070000,25.250000,25.030001,25.049999,17.396862,61636200
2005-06-28,25.090000,25.200001,25.030001,25.070000,17.410753,53058100
2005-06-29,25.219999,25.320000,25.000000,25.090000,17.424652,55859900
2005-06-30,25.059999,25.139999,24.820000,24.840000,17.251015,82018200
2005-07-01,24.850000,24.990000,24.670000,24.709999,17.160742,69718400
2005-07-05,24.660000,25.190001,24.620001,24.980000,17.348248,61883500
2005-07-06,24.969999,25.080000,24.690001,24.700001,17.153790,64214600
2005-07-07,24.580000,24.709999,24.500000,24.650000,17.119062,80082900
2005-07-08,24.639999,25.120001,24.629999,25.090000,17.424652,56104000
2005-07-11,25.150000,25.379999,25.110001,25.290001,17.563540,61525400
2005-07-12,25.240000,25.620001,25.200001,25.610001,17.785761,63384800
2005-07-13,25.530001,25.750000,25.480000,25.660000,17.820496,44749200
2005-07-14,25.790001,26.100000,25.790001,25.969999,18.035784,69506800
2005-07-15,26.040001,26.100000,25.750000,25.790001,17.910780,56472800
2005-07-18,25.709999,25.790001,25.549999,25.549999,17.744106,39668000
2005-07-19,25.790001,26.250000,25.750000,26.160000,18.167740,113290100
2005-07-20,26.000000,26.230000,25.879999,26.190001,18.188568,71424800
2005-07-21,26.299999,26.480000,26.000000,26.440001,18.362196,112932100
2005-07-22,25.990000,26.340000,25.629999,25.680000,17.834387,97558900
2005-07-25,25.690001,25.900000,25.650000,25.690001,17.841331,45174600
2005-07-26,25.719999,25.740000,25.530001,25.540001,17.737152,51476400
2005-07-27,25.610001,25.799999,25.530001,25.719999,17.862162,57977300
2005-07-28,25.750000,25.850000,25.660000,25.750000,17.883001,44738700
2005-07-29,25.780001,26.000000,25.590000,25.610001,17.785761,59524400
2005-08-01,25.809999,26.049999,25.760000,25.920000,18.001066,61346800
2005-08-02,25.900000,26.900000,25.870001,26.809999,18.619152,137510100
2005-08-03,26.760000,27.430000,26.730000,27.250000,18.924738,139422400
2005-08-04,27.160000,27.500000,27.049999,27.320000,18.973360,91461400
2005-08-05,27.290001,27.940001,27.250000,27.760000,19.278913,82212400
2005-08-08,27.799999,27.840000,27.080000,27.129999,18.841383,77207200
2005-08-09,27.219999,27.510000,27.010000,27.350000,18.994175,64761800
2005-08-10,27.410000,27.500000,26.850000,26.950001,18.716381,62818800
2005-08-11,26.980000,27.299999,26.889999,27.270000,18.938623,48646800
2005-08-12,27.080000,27.139999,26.900000,27.049999,18.785837,52006500
2005-08-15,26.980000,27.299999,26.690001,27.129999,18.897282,45976600
2005-08-16,27.030001,27.139999,26.700001,26.740000,18.625626,46894600
2005-08-17,26.820000,27.150000,26.660000,26.950001,18.771894,52413100
2005-08-18,26.889999,27.080000,26.799999,26.820000,18.681353,40861900
2005-08-19,26.850000,26.910000,26.700001,26.719999,18.611700,36043500
2005-08-22,26.790001,27.170000,26.770000,26.910000,18.744036,41691700
2005-08-23,26.840000,27.070000,26.740000,26.870001,18.716175,48296700
2005-08-24,26.840000,27.160000,26.780001,26.809999,18.674385,63645000
2005-08-25,26.900000,27.090000,26.850000,27.030001,18.827623,39306300
2005-08-26,27.059999,27.080000,26.870001,26.969999,18.785835,36774600
2005-08-29,26.809999,27.230000,26.809999,27.150000,18.911211,52307700
2005-08-30,27.059999,27.230000,26.959999,27.180000,18.932100,55163200
2005-08-31,27.170000,27.440001,27.040001,27.379999,19.071407,65210200
2005-09-01,27.379999,27.389999,27.150000,27.200001,18.946045,75974500
2005-09-02,27.209999,27.270000,26.969999,27.020000,18.820658,52047500
2005-09-06,27.059999,27.290001,26.980000,27.000000,18.806730,46089000
2005-09-07,26.940001,27.110001,26.820000,26.850000,18.702240,44656100
2005-09-08,26.799999,26.879999,26.520000,26.610001,18.535072,52552300
2005-09-09,26.620001,26.820000,26.530001,26.580000,18.514183,41515800
2005-09-12,26.620001,26.750000,26.520000,26.610001,18.535072,40550500
2005-09-13,26.540001,26.760000,26.370001,26.480000,18.444530,63422900
2005-09-14,26.520000,26.639999,26.299999,26.309999,18.326117,54969600
2005-09-15,26.370001,26.430000,26.219999,26.270000,18.298256,60357200
2005-09-16,26.340000,26.400000,25.969999,26.070000,18.158943,187384300
2005-09-19,26.090000,26.270000,25.860001,26.000000,18.110184,61832300
2005-09-20,26.070000,26.219999,25.690001,25.840000,17.998741,61043400
2005-09-21,25.799999,25.900000,25.430000,25.490000,17.754948,68281800
2005-09-22,25.490000,25.600000,25.150000,25.340000,17.650457,71314900
2005-09-23,25.309999,25.540001,25.120001,25.270000,17.601704,66396800
2005-09-26,25.400000,25.490000,25.209999,25.270000,17.601704,56203700
2005-09-27,25.370001,25.450001,25.299999,25.340000,17.650457,48797900
2005-09-28,25.389999,25.870001,25.379999,25.670000,17.880322,71019400
2005-09-29,25.610001,26.000000,25.500000,25.940001,18.068390,66807100
2005-09-30,25.910000,25.950001,25.610001,25.730000,17.922117,57644500
2005-10-03,25.709999,25.730000,25.440001,25.500000,17.761908,55341300
2005-10-04,25.360001,25.389999,24.750000,24.980000,17.399712,151666300
2005-10-05,25.040001,25.049999,24.670000,24.670000,17.183777,73684700
2005-10-06,24.660000,24.950001,24.530001,24.730000,17.225567,81724600
2005-10-07,24.770000,24.840000,24.520000,24.590000,17.128054,50768700
2005-10-10,24.670000,24.680000,24.350000,24.459999,17.037506,48880900
2005-10-11,24.510000,24.549999,24.250000,24.410000,17.002676,76567300
2005-10-12,24.490000,24.700001,24.270000,24.299999,16.926060,71294400
2005-10-13,24.309999,24.730000,24.270000,24.590000,17.128054,70192000
2005-10-14,24.709999,24.730000,24.500000,24.670000,17.183777,53846700
2005-10-17,24.680000,24.690001,24.440001,24.530001,17.086262,46924400
2005-10-18,24.490000,24.830000,24.450001,24.570000,17.114122,69328200
2005-10-19,24.559999,25.090000,24.500000,25.090000,17.476326,66574500
2005-10-20,25.049999,25.129999,24.740000,24.790001,17.267357,58830600
2005-10-21,24.910000,25.000000,24.570000,24.780001,17.260399,69431200
2005-10-24,24.889999,25.100000,24.680000,25.100000,17.483292,51868000
2005-10-25,24.950001,25.129999,24.830000,25.030001,17.434534,41310500
2005-10-26,24.969999,25.330000,24.930000,25.110001,17.490265,58178100
2005-10-27,25.219999,25.270000,24.850000,24.850000,17.309153,61566100
2005-10-28,25.100000,25.600000,25.100000,25.530001,17.782812,106559300
2005-10-31,25.610001,25.799999,25.500000,25.700001,17.901217,75122100
2005-11-01,25.610001,26.100000,25.610001,25.959999,18.082325,71370400
2005-11-02,25.930000,26.500000,25.930000,26.459999,18.430592,75067100
2005-11-03,26.600000,26.639999,26.250000,26.440001,18.416660,73421600
2005-11-04,26.530001,26.709999,26.450001,26.660000,18.569899,57464000
2005-11-07,26.719999,27.080000,26.700001,27.010000,18.813700,77104800
2005-11-08,26.940001,27.180000,26.770000,27.049999,18.841562,60091700
2005-11-09,26.980000,27.150000,26.940001,26.959999,18.778877,59562100
2005-11-10,26.940001,27.150000,26.639999,27.090000,18.869423,73314800
2005-11-11,27.150000,27.389999,27.129999,27.280001,19.001762,51945600
2005-11-14,27.360001,27.440001,27.200001,27.370001,19.064459,67152200
2005-11-15,27.330000,27.540001,27.250000,27.500000,19.211151,65081000
2005-11-16,27.480000,27.879999,27.440001,27.740000,19.378813,86277000
2005-11-17,27.850000,28.000000,27.760000,27.969999,19.539488,91351000
2005-11-18,28.120001,28.250000,27.900000,28.070000,19.609343,75431200
2005-11-21,28.070000,28.240000,27.840000,28.160000,19.672218,65794400
2005-11-22,28.059999,28.080000,27.860001,27.910000,19.497572,104253300
2005-11-23,27.920000,28.090000,27.740000,27.920000,19.504562,70541300
2005-11-25,27.799999,27.940001,27.469999,27.760000,19.392796,44082500
2005-11-28,27.790001,27.850000,27.530001,27.750000,19.385803,57517200
2005-11-29,27.790001,27.790001,27.600000,27.680000,19.336903,62220400
2005-11-30,27.680000,27.770000,27.629999,27.680000,19.336903,55904700
2005-12-01,27.730000,28.100000,27.730000,27.889999,19.483599,61006100
2005-12-02,27.820000,28.100000,27.790001,28.010000,19.567432,42319600
2005-12-05,27.930000,28.020000,27.709999,27.850000,19.455660,47517300
2005-12-06,27.900000,27.920000,27.680000,27.690001,19.343893,65980000
2005-12-07,27.670000,27.750000,27.549999,27.750000,19.385803,55583200
2005-12-08,27.709999,27.809999,27.600000,27.690001,19.343893,63931600
2005-12-09,27.709999,27.830000,27.639999,27.709999,19.357855,48467000
2005-12-12,27.700001,27.750000,27.330000,27.450001,19.176233,63757200
2005-12-13,27.290001,27.430000,27.000000,27.129999,18.952675,104285500
2005-12-14,27.000000,27.240000,26.850000,27.090000,18.924738,65076200
2005-12-15,27.080000,27.110001,26.809999,26.920000,18.805981,79018100
2005-12-16,26.879999,27.080000,26.809999,26.900000,18.792002,88542500
2005-12-19,26.820000,26.870001,26.650000,26.830000,18.743097,68680100
2005-12-20,26.760000,26.879999,26.670000,26.860001,18.764057,62960600
2005-12-21,26.870001,26.910000,26.709999,26.730000,18.673239,75800900
2005-12-22,26.709999,26.780001,26.420000,26.590000,18.575436,91276900
2005-12-23,26.520000,26.670000,26.440001,26.639999,18.610359,30689200
2005-12-27,26.680000,26.850000,26.450001,26.459999,18.484627,37819000
2005-12-28,26.510000,26.660000,26.350000,26.389999,18.435726,35444400
2005-12-29,26.410000,26.500000,26.260000,26.270000,18.351892,34495500
2005-12-30,26.150000,26.309999,26.100000,26.150000,18.268057,49044600
2006-01-03,26.250000,27.000000,26.100000,26.840000,18.750084,79973000
2006-01-04,26.770000,27.080000,26.770000,26.969999,18.840902,57975600
2006-01-05,26.959999,27.129999,26.910000,26.990000,18.854879,48245500
2006-01-06,26.889999,27.000000,26.490000,26.910000,18.798990,100963000
2006-01-09,26.930000,27.070000,26.760000,26.860001,18.764057,55625000
2006-01-10,26.650000,27.020000,26.590000,27.000000,18.861858,64921900
2006-01-11,27.010000,27.389999,26.900000,27.290001,19.064457,70120700
2006-01-12,27.250000,27.260000,26.969999,27.139999,18.959663,45994800
2006-01-13,27.030001,27.250000,27.010000,27.190001,18.994593,41418000
2006-01-17,26.900000,27.190001,26.900000,26.990000,18.854879,58566600
2006-01-18,26.740000,26.980000,26.700001,26.830000,18.743097,52376200
2006-01-19,26.870001,27.240000,26.850000,27.020000,18.875826,60367600
2006-01-20,27.010000,27.010000,26.260000,26.410000,18.449692,79165900
2006-01-23,26.410000,26.530001,26.299999,26.350000,18.407774,47925600
2006-01-24,26.340000,26.450001,26.219999,26.280001,18.358873,63040700
2006-01-25,26.410000,26.570000,26.230000,26.400000,18.442698,59072100
2006-01-26,26.559999,26.719999,26.309999,26.500000,18.512562,69509300
2006-01-27,27.230000,27.950001,27.190001,27.790001,19.413742,134520700
2006-01-30,27.820000,28.180000,27.780001,28.000000,19.560452,103999200
2006-01-31,27.910000,28.379999,27.870001,28.150000,19.665230,94841300
2006-02-01,27.959999,28.070000,27.760000,28.040001,19.588383,68448800
2006-02-02,27.969999,27.990000,27.549999,27.680000,19.336903,55073400
2006-02-03,27.480000,27.700001,27.340000,27.540001,19.239101,75022700
2006-02-06,27.510000,27.540001,27.090000,27.170000,18.980614,60170500
2006-02-07,26.950001,27.150000,26.809999,26.940001,18.819952,72159500
2006-02-08,27.010000,27.080000,26.709999,26.910000,18.798990,51795200
2006-02-09,26.959999,27.030001,26.650000,26.660000,18.624338,52861700
2006-02-10,26.620001,26.889999,26.510000,26.690001,18.645292,52127000
2006-02-13,26.629999,26.700001,26.340000,26.389999,18.435726,46707000
2006-02-14,26.410000,26.680000,26.350000,26.650000,18.617353,58432900
2006-02-15,26.600000,26.930000,26.500000,26.879999,18.841663,62808900
2006-02-16,26.850000,26.900000,26.570000,26.809999,18.792591,48868500
2006-02-17,26.670000,26.809999,26.559999,26.700001,18.715485,41513200
2006-02-21,26.719999,26.719999,26.340000,26.540001,18.603333,50216100
2006-02-22,26.530001,26.860001,26.469999,26.719999,18.729506,43043100
2006-02-23,26.730000,26.889999,26.540001,26.660000,18.687450,47359100
2006-02-24,26.590000,26.740000,26.520000,26.629999,18.666420,44753800
2006-02-27,26.750000,27.260000,26.670000,27.049999,18.960817,51301500
2006-02-28,26.950001,27.299999,26.870001,26.870001,18.834650,65036100
2006-03-01,26.980000,27.200001,26.950001,27.139999,19.023909,53061200
2006-03-02,27.020000,27.100000,26.900000,26.969999,18.904745,41850300
2006-03-03,26.809999,27.160000,26.740000,26.930000,18.876703,45218800
2006-03-06,26.920000,27.150000,26.830000,26.910000,18.862692,53054100
2006-03-07,26.900000,27.100000,26.809999,27.059999,18.967833,51613900
2006-03-08,26.990000,27.500000,26.969999,27.250000,19.101019,57547400
2006-03-09,27.270000,27.420000,27.000000,27.000000,18.925776,45360700
2006-03-10,27.059999,27.219999,26.879999,27.170000,19.044933,41297200
2006-03-13,27.180000,27.290001,26.940001,27.110001,19.002880,40342600
2006-03-14,27.040001,27.379999,26.990000,27.230000,19.086988,39821800
2006-03-15,27.200001,27.450001,27.010000,27.360001,19.178120,57152000
2006-03-16,27.340000,27.480000,27.219999,27.270000,19.115034,73793700
2006-03-17,27.350000,27.660000,27.270000,27.500000,19.276249,120615000
2006-03-20,27.700001,27.990000,27.670000,27.889999,19.549620,67094100
2006-03-21,27.740000,28.219999,27.680000,27.740000,19.444481,73199600
2006-03-22,27.080000,27.500000,26.799999,27.150000,19.030916,145696100
2006-03-23,27.080000,27.100000,26.660000,26.850000,18.820631,73682900
2006-03-24,26.709999,27.209999,26.620001,27.010000,18.932785,69157600
2006-03-27,27.010000,27.299999,27.000000,27.010000,18.932785,59908600
2006-03-28,27.010000,27.209999,26.809999,26.900000,18.855680,58520500
2006-03-29,26.950001,27.200001,26.920000,27.020000,18.939785,53150300
2006-03-30,27.030001,27.389999,27.000000,27.230000,19.086988,54612000
2006-03-31,27.299999,27.540001,27.209999,27.209999,19.072979,62190500
2006-04-03,27.670000,27.730000,27.440001,27.559999,19.318310,57605300
2006-04-04,27.600000,27.799999,27.469999,27.639999,19.374378,45470000
2006-04-05,27.879999,27.940001,27.639999,27.740000,19.444481,41539300
2006-04-06,27.660000,27.719999,27.370001,27.559999,19.318310,51885500
2006-04-07,27.610001,27.719999,27.230000,27.250000,19.101019,47249400
2006-04-10,27.230000,27.440001,27.200001,27.290001,19.129057,39432000
2006-04-11,27.290001,27.320000,27.000000,27.129999,19.016899,42953400
2006-04-12,27.100000,27.200001,26.969999,27.200001,19.065966,32183000
2006-04-13,27.080000,27.200001,27.000000,27.070000,18.974840,28160000
2006-04-17,27.030001,27.049999,26.730000,26.840000,18.813622,35796200
2006-04-18,26.940001,27.500000,26.820000,27.219999,19.079988,56272700
2006-04-19,27.110001,27.190001,26.959999,27.030001,18.946806,45111100
2006-04-20,27.049999,27.190001,26.700001,27.030001,18.946806,45648300
2006-04-21,27.049999,27.389999,27.000000,27.150000,19.030916,58528000
2006-04-24,27.070000,27.250000,26.980000,27.110001,19.002880,42318400
2006-04-25,27.090000,27.209999,27.020000,27.110001,19.002880,49222500
2006-04-26,27.080000,27.230000,27.000000,27.100000,18.995871,39190000
2006-04-27,26.969999,27.629999,26.940001,27.250000,19.101019,96509600
2006-04-28,24.230000,24.500000,24.000000,24.150000,16.928049,591052200
2006-05-01,24.320000,25.000000,24.090000,24.290001,17.026186,174800900
2006-05-02,24.490000,25.000000,23.900000,24.010000,16.829924,190533500
2006-05-03,23.990000,24.020000,23.150000,23.170000,16.241110,211527100
2006-05-04,23.350000,23.670000,23.139999,23.440001,16.430378,171257400
2006-05-05,23.660000,23.950001,23.520000,23.799999,16.682722,131604300
2006-05-08,23.850000,25.000000,23.510000,23.730000,16.633654,80693500
2006-05-09,23.750000,24.000000,23.490000,23.620001,16.556545,75345900
2006-05-10,23.670000,23.790001,23.590000,23.770000,16.661692,76563300
2006-05-11,23.709999,23.790001,23.150000,23.219999,16.276165,92916700
2006-05-12,23.139999,23.370001,23.049999,23.170000,16.241110,83115900
2006-05-15,23.100000,23.230000,23.030001,23.150000,16.290371,67314800
2006-05-16,23.160000,24.000000,22.910000,23.010000,16.191860,82095100
2006-05-17,22.889999,23.080000,22.730000,22.730000,15.994834,98598300
2006-05-18,22.840000,23.139999,22.760000,22.830000,16.065201,95476400
2006-05-19,22.790001,22.900000,22.520000,22.559999,15.875195,100071200
2006-05-22,22.480000,23.020000,22.450001,22.879999,16.100382,87322300
2006-05-23,23.110001,23.379999,22.770000,22.790001,16.037050,79986300
2006-05-24,22.990000,23.540001,22.980000,23.500000,16.536669,107356700
2006-05-25,23.570000,23.920000,23.540001,23.740000,16.705547,83052700
2006-05-26,23.770000,23.879999,23.559999,23.719999,16.691471,46861600
2006-05-30,23.549999,23.760000,23.139999,23.150000,16.290371,52497500
2006-05-31,23.260000,23.350000,22.650000,22.650000,15.938537,120202000
2006-06-01,22.740000,22.840000,22.620001,22.820000,16.058155,80230800
2006-06-02,22.870001,22.990000,22.670000,22.760000,16.015938,73935600
2006-06-05,22.719999,22.730000,22.490000,22.500000,15.832981,63914100
2006-06-06,22.549999,22.559999,21.980000,22.129999,15.572618,126601300
2006-06-07,22.150000,22.389999,22.010000,22.040001,15.509285,73827500
2006-06-08,22.030001,22.209999,21.969999,22.110001,15.558538,104126900
2006-06-09,22.150000,22.190001,21.889999,21.920000,15.424832,52573800
2006-06-12,21.959999,22.100000,21.700001,21.709999,15.277062,74309700
2006-06-13,21.730000,22.030001,21.459999,21.510000,15.136333,113175300
2006-06-14,21.590000,21.940001,21.549999,21.879999,15.396688,86081500
2006-06-15,22.010000,22.129999,21.799999,22.070000,15.530396,121577300
2006-06-16,21.969999,22.280001,21.790001,22.100000,15.551502,147506500
2006-06-19,22.139999,22.600000,22.120001,22.549999,15.868159,129640900
2006-06-20,22.540001,22.760000,22.500000,22.559999,15.875195,90598500
2006-06-21,22.610001,23.150000,22.530001,23.080000,16.241116,91660300
2006-06-22,23.059999,23.170000,22.780001,22.879999,16.100382,76590600
2006-06-23,22.850000,22.870001,22.500000,22.500000,15.832981,60532600
2006-06-26,22.650000,22.889999,22.629999,22.820000,16.058155,53644100
2006-06-27,22.889999,23.160000,22.840000,22.860001,16.086311,84759100
2006-06-28,22.959999,23.250000,22.910000,23.160000,16.297413,71906500
2006-06-29,23.320000,23.629999,23.219999,23.469999,16.515551,121395500
2006-06-30,23.540001,23.650000,23.299999,23.299999,16.395927,73048800
2006-07-03,23.530001,23.719999,23.450001,23.700001,16.677408,25711400
2006-07-05,23.480000,23.520000,23.299999,23.350000,16.431116,53093500
2006-07-06,23.450001,23.610001,23.420000,23.480000,16.522593,44775200
2006-07-07,23.389999,23.549999,23.299999,23.299999,16.395927,63168800
2006-07-10,23.430000,23.660000,23.379999,23.500000,16.536669,50565100
2006-07-11,23.370001,23.370001,22.740000,23.100000,16.255186,88676300
2006-07-12,22.790001,22.879999,22.620001,22.639999,15.931489,77379300
2006-07-13,22.370001,22.610001,22.250000,22.260000,15.664097,73099500
2006-07-14,22.280001,22.549999,22.230000,22.290001,15.685205,67499400
2006-07-17,22.290001,22.610001,22.260000,22.480000,15.818908,37053500
2006-07-18,22.590000,22.760000,22.480000,22.740000,16.001865,65047300
2006-07-19,22.820000,23.459999,22.719999,23.400000,16.466301,82188200
2006-07-20,23.440001,23.450001,22.780001,22.850000,16.079277,76605200
2006-07-21,24.080000,24.150000,23.000000,23.870001,16.797028,175483800
2006-07-24,24.010000,24.110001,23.790001,24.000000,16.888514,59586700
2006-07-25,24.000000,24.290001,23.900000,24.219999,17.043320,60075800
2006-07-26,24.120001,24.530001,24.100000,24.370001,17.148874,54942100
2006-07-27,24.580000,24.600000,23.770000,23.870001,16.797028,85386800
2006-07-28,24.080000,24.280001,24.059999,24.250000,17.064432,51705800
2006-07-31,24.070000,24.420000,24.010000,24.059999,16.930737,40254400
2006-08-01,24.020000,24.200001,23.850000,23.990000,16.881470,49168700
2006-08-02,24.120001,24.400000,24.030001,24.299999,17.099619,46462000
2006-08-03,24.190001,24.480000,24.150000,24.209999,17.036283,43155300
2006-08-04,24.400000,24.490000,24.150000,24.290001,17.092583,45690400
2006-08-07,24.280001,24.480000,24.190001,24.219999,17.043320,36862400
2006-08-08,24.389999,24.520000,24.200001,24.340000,17.127769,58171300
2006-08-09,24.490000,24.639999,24.340000,24.440001,17.198135,44405700
2006-08-10,24.370001,24.600000,24.340000,24.459999,17.212206,31753400
2006-08-11,24.430000,24.450001,24.200001,24.430000,17.191099,30255500
2006-08-14,24.520000,24.600000,24.350000,24.530001,17.261469,47831900
2006-08-15,24.549999,24.650000,24.440001,24.620001,17.388596,48994500
2006-08-16,24.610001,24.730000,24.469999,24.700001,17.445095,52373600
2006-08-17,24.700001,24.750000,24.610001,24.700001,17.445095,45674800
2006-08-18,25.049999,25.799999,24.980000,25.790001,18.214941,128414800
2006-08-21,25.660000,26.129999,25.559999,26.120001,18.448015,88398300
2006-08-22,26.010000,26.250000,25.620001,25.620001,18.094877,89312400
2006-08-23,25.650000,25.950001,25.520000,25.670000,18.130186,44648500
2006-08-24,25.820000,25.860001,25.500000,25.740000,18.179630,35933300
2006-08-25,25.709999,26.000000,25.690001,25.850000,18.257320,33115900
2006-08-28,25.840000,26.000000,25.690001,25.950001,18.327950,34190900
2006-08-29,25.920000,25.980000,25.629999,25.840000,18.250265,42711200
2006-08-30,25.850000,25.889999,25.639999,25.799999,18.222010,30283100
2006-08-31,25.870001,25.980000,25.680000,25.700001,18.151381,26380500
2006-09-01,25.889999,25.969999,25.639999,25.840000,18.250265,31594600
2006-09-05,25.690001,25.959999,25.559999,25.610001,18.087812,44222400
2006-09-06,25.510000,25.719999,25.510000,25.610001,18.087812,50160400
2006-09-07,25.480000,25.700001,25.389999,25.430000,17.960686,51266900
2006-09-08,25.530001,25.790001,25.459999,25.600000,18.080751,36866800
2006-09-11,25.430000,25.950001,25.420000,25.910000,18.299694,55608200
2006-09-12,25.900000,25.980000,25.719999,25.930000,18.313829,52248800
2006-09-13,25.820000,26.100000,25.820000,25.980000,18.349134,37706700
2006-09-14,25.990000,26.500000,25.980000,26.330000,18.596333,74324500
2006-09-15,26.580000,26.940001,26.490000,26.850000,18.963602,126057700
2006-09-18,26.740000,27.040001,26.670000,26.790001,18.921221,49135000
2006-09-19,26.740000,26.940001,26.719999,26.860001,18.970667,43039100
2006-09-20,27.010000,27.230000,26.990000,27.180000,19.196669,71676400
2006-09-21,27.240000,27.250000,26.850000,26.900000,18.998909,58495100
2006-09-22,26.830000,26.850000,26.480000,26.660000,18.829416,47712500
2006-09-25,26.809999,27.190001,26.790001,26.950001,19.034225,67903900
2006-09-26,26.910000,27.320000,26.879999,27.200001,19.210802,54766500
2006-09-27,27.180000,27.469999,27.120001,27.440001,19.380314,66233900
2006-09-28,27.469999,27.520000,27.260000,27.400000,19.352049,44179700
2006-09-29,27.350000,27.420000,27.209999,27.350000,19.316740,34283500
2006-10-02,27.320000,27.490000,27.150000,27.360001,19.323801,52908100
2006-10-03,27.370001,27.480000,27.209999,27.370001,19.330864,39386200
2006-10-04,27.389999,27.959999,27.370001,27.940001,19.733442,82191200
2006-10-05,27.920000,28.110001,27.780001,27.920000,19.719315,81967200
2006-10-06,27.760000,28.000000,27.650000,27.870001,19.684006,36452200
2006-10-09,27.799999,27.930000,27.620001,27.719999,19.578068,33366300
2006-10-10,27.690001,27.750000,27.440001,27.690001,19.556883,34598500
2006-10-11,27.459999,27.670000,27.420000,27.540001,19.450933,37219600
2006-10-12,27.580000,28.290001,27.540001,28.219999,19.931204,120174900
2006-10-13,28.340000,28.690001,28.309999,28.370001,20.037149,129751900
2006-10-16,28.480000,28.600000,28.330000,28.450001,20.093636,49744800
2006-10-17,28.240000,28.510000,28.170000,28.440001,20.086588,40122600
2006-10-18,28.500000,28.700001,28.260000,28.520000,20.143085,40630800
2006-10-19,28.350000,28.450001,28.120001,28.290001,19.980640,44730800
2006-10-20,28.480000,28.490000,28.170000,28.430000,20.079523,48887800
2006-10-23,28.299999,28.690001,28.180000,28.450001,20.093636,48525000
2006-10-24,28.430000,28.430000,28.129999,28.280001,19.973579,61409600
2006-10-25,28.280001,28.459999,28.139999,28.309999,19.994764,40717100
2006-10-26,28.330000,28.410000,28.040001,28.350000,20.023018,69964200
2006-10-27,28.490000,28.790001,28.250000,28.340000,20.015955,89060100
2006-10-30,28.350000,28.840000,28.320000,28.530001,20.150152,47296800
2006-10-31,28.660000,28.850000,28.559999,28.709999,20.277283,61861700
2006-11-01,28.780001,28.990000,28.700001,28.809999,20.347906,75895900
2006-11-02,28.709999,28.860001,28.580000,28.770000,20.319654,58674400
2006-11-03,28.850000,28.930000,28.610001,28.730000,20.291410,41124500
2006-11-06,28.770000,29.049999,28.760000,28.840000,20.369104,60446200
2006-11-07,28.860001,29.070000,28.799999,28.950001,20.446779,56511200
2006-11-08,28.780001,29.230000,28.660000,28.980000,20.467978,77403300
2006-11-09,29.110001,29.400000,29.000000,29.260000,20.665735,89407500
2006-11-10,29.170000,29.290001,29.150000,29.240000,20.651606,37855100
2006-11-13,29.190001,29.459999,29.160000,29.350000,20.729294,47271800
2006-11-14,29.280001,29.420000,29.070000,29.230000,20.715122,63012500
2006-11-15,29.129999,29.360001,29.110001,29.120001,20.637167,63943200
2006-11-16,29.139999,29.639999,29.129999,29.469999,20.885208,64328500
2006-11-17,29.309999,29.540001,29.280001,29.400000,20.835602,49356700
2006-11-20,29.520000,30.000000,29.500000,29.889999,21.182867,85703800
2006-11-21,29.910000,30.000000,29.790001,29.920000,21.204121,66446600
2006-11-22,29.969999,30.000000,29.820000,29.920000,21.204121,43907200
2006-11-24,29.660000,29.840000,29.639999,29.760000,21.090734,20456700
2006-11-27,29.690001,29.740000,29.330000,29.480000,20.892300,72722100
2006-11-28,29.340000,29.420000,29.129999,29.389999,20.828520,52602300
2006-11-29,29.440001,29.780001,29.430000,29.570000,20.956076,58775100
2006-11-30,29.420000,29.570000,29.330000,29.360001,20.807249,53297400
2006-12-01,29.230000,29.299999,28.900000,29.120001,20.637167,72257000
2006-12-04,29.230000,29.520000,29.170000,29.330000,20.785994,55123400
2006-12-05,29.360001,29.400000,29.030001,29.129999,20.644253,45606000
2006-12-06,29.100000,29.129999,28.870001,28.990000,20.545044,48564100
2006-12-07,28.959999,29.070000,28.809999,28.850000,20.445820,46831100
2006-12-08,28.820000,29.400000,28.799999,29.400000,20.835602,108854900
2006-12-11,29.190001,29.750000,29.110001,29.540001,20.934824,107712000
2006-12-12,29.559999,29.629999,29.219999,29.430000,20.856863,68529400
2006-12-13,29.600000,29.600000,29.320000,29.549999,20.941904,46002500
2006-12-14,29.540001,30.080000,29.520000,30.070000,21.310423,85866500
2006-12-15,30.139999,30.230000,30.030001,30.190001,21.395470,102783700
2006-12-18,30.190001,30.260000,29.780001,29.889999,21.182867,56986800
2006-12-19,29.709999,30.170000,29.530001,29.990000,21.253736,53822100
2006-12-20,29.990000,30.240000,29.969999,30.090000,21.324606,31202100
2006-12-21,30.129999,30.139999,29.889999,29.980000,21.246645,32270500
2006-12-22,29.830000,29.860001,29.620001,29.639999,21.005684,37971700
2006-12-26,29.530001,30.000000,29.400000,29.990000,21.253736,37098300
2006-12-27,29.990000,30.129999,29.910000,30.020000,21.274990,31248400
2006-12-28,29.860001,30.030001,29.809999,29.980000,21.246645,26690600
2006-12-29,29.860001,30.150000,29.830000,29.860001,21.161602,41739800
2007-01-03,29.910000,30.250000,29.400000,29.860001,21.161602,76935100
2007-01-04,29.700001,29.969999,29.440001,29.809999,21.126169,45774500
2007-01-05,29.629999,29.750000,29.450001,29.639999,21.005684,44607200
2007-01-08,29.650000,30.100000,29.530001,29.930000,21.211210,50220200
2007-01-09,30.000000,30.180000,29.730000,29.959999,21.232473,44636600
2007-01-10,29.799999,29.889999,29.430000,29.660000,21.019854,55017400
2007-01-11,29.760000,30.750000,29.650000,30.700001,21.756905,99464300
2007-01-12,30.650000,31.389999,30.639999,31.209999,22.118340,103972500
2007-01-16,31.260000,31.450001,31.030001,31.160000,22.082912,62379600
2007-01-17,31.260000,31.440001,31.010000,31.100000,22.040388,58519600
2007-01-18,31.150000,31.370001,30.799999,31.000000,21.969521,56364300
2007-01-19,30.730000,31.110001,30.690001,31.110001,22.047480,75826900
2007-01-22,31.059999,31.120001,30.510000,30.719999,21.771074,56143900
2007-01-23,30.629999,30.959999,30.520000,30.740000,21.785254,49171200
2007-01-24,30.780001,31.299999,30.650000,31.090000,22.033289,58527800
2007-01-25,31.080000,31.480000,30.450001,30.450001,21.579729,97378700
2007-01-26,31.219999,31.230000,30.600000,30.600000,21.686029,96103700
2007-01-29,30.650000,30.780001,30.340000,30.530001,21.636425,57605900
2007-01-30,30.570000,30.639999,30.139999,30.480000,21.600994,61900400
2007-01-31,30.410000,31.100000,30.350000,30.860001,21.870302,73968400
2007-02-01,30.840000,30.940001,30.370001,30.559999,21.657682,55355800
2007-02-02,30.820000,30.840000,30.129999,30.190001,21.395470,60401700
2007-02-05,29.969999,30.020000,29.410000,29.610001,20.984426,99102100
2007-02-06,29.590000,29.750000,29.219999,29.510000,20.913561,79281100
2007-02-07,29.639999,29.700001,29.250000,29.370001,20.814337,65145500
2007-02-08,29.240000,29.799999,29.200001,29.260000,20.736387,48749000
2007-02-09,29.350000,29.400000,28.930000,28.980000,20.537952,69823100
2007-02-12,28.889999,29.090000,28.830000,28.940001,20.509592,52774400
2007-02-13,29.040001,29.200001,28.959999,29.010000,20.630505,50348100
2007-02-14,29.170000,29.690001,29.150000,29.400000,20.907841,55588600
2007-02-15,29.580000,29.650000,29.219999,29.459999,20.950521,63858100
2007-02-16,28.910000,28.940001,28.650000,28.740000,20.438480,109340300
2007-02-20,28.629999,28.860001,28.469999,28.830000,20.502489,53978200
2007-02-21,28.750000,29.389999,28.740000,29.350000,20.872292,68604900
2007-02-22,29.309999,29.540001,29.160000,29.389999,20.900734,57754400
2007-02-23,29.219999,29.280001,28.889999,28.900000,20.552275,63787100
2007-02-26,28.959999,29.090000,28.820000,29.070000,20.673170,63481900
2007-02-27,28.709999,28.969999,27.790001,27.870001,19.819784,87143300
2007-02-28,27.950001,28.250000,27.920000,28.170000,20.033125,86333300
2007-03-01,27.820000,28.330000,27.730000,28.090000,19.976246,80175700
2007-03-02,28.020000,28.160000,27.760000,27.760000,19.741566,63254700
2007-03-05,27.490000,27.910000,27.410000,27.549999,19.592207,56454300
2007-03-06,27.799999,27.940001,27.650000,27.830000,19.791342,49361800
2007-03-07,27.760000,27.900000,27.549999,27.610001,19.634880,52044700
2007-03-08,27.719999,27.850000,26.600000,27.320000,19.428656,72175200
2007-03-09,27.420000,27.480000,27.030001,27.290001,19.407322,80125000
2007-03-12,27.180000,27.480000,27.129999,27.440001,19.513985,36516400
2007-03-13,27.250000,27.400000,26.709999,26.719999,19.001957,75169500
2007-03-14,26.820000,27.400000,26.730000,27.400000,19.485537,75730300
2007-03-15,27.320000,27.469999,27.200001,27.280001,19.400209,51757100
2007-03-16,27.350000,27.480000,27.200001,27.330000,19.435760,65055300
2007-03-19,27.340000,27.830000,27.200001,27.830000,19.791342,49412000
2007-03-20,27.930000,28.160000,27.760000,27.840000,19.798454,47902400
2007-03-21,27.900000,28.520000,27.559999,28.520000,20.282036,72808200
2007-03-22,28.520000,28.549999,28.010000,28.270000,20.104244,47934900
2007-03-23,28.219999,28.270000,27.799999,28.020000,19.926464,50519800
2007-03-26,27.940001,28.219999,27.700001,28.219999,20.068689,47491500
2007-03-27,28.040001,28.160000,27.650000,27.719999,19.713112,58979800
2007-03-28,27.580000,28.000000,27.400000,27.639999,19.656214,46947000
2007-03-29,27.840000,27.850000,27.490000,27.750000,19.734451,42629900
2007-03-30,27.750000,27.950001,27.500000,27.870001,19.819784,47061000
2007-04-02,27.889999,27.930000,27.559999,27.740000,19.727331,41977600
2007-04-03,27.860001,28.059999,27.750000,27.870001,19.819784,39821300
2007-04-04,28.010000,28.780001,27.900000,28.500000,20.267815,63244200
2007-04-05,28.320000,28.650000,28.299999,28.549999,20.303370,30131200
2007-04-09,28.580000,28.719999,28.389999,28.570000,20.317598,31384600
2007-04-10,28.500000,28.639999,28.219999,28.400000,20.196692,38643100
2007-04-11,28.299999,28.570000,27.990000,28.110001,19.990465,44050200
2007-04-12,28.059999,28.620001,28.040001,28.540001,20.296257,43762100
2007-04-13,28.430000,28.700001,28.100000,28.610001,20.346035,36002900
2007-04-16,28.600000,28.750000,28.209999,28.730000,20.431377,30740100
2007-04-17,28.629999,28.889999,28.559999,28.850000,20.516705,33170200
2007-04-18,28.610001,28.670000,28.360001,28.600000,20.338924,41778400
2007-04-19,28.340000,28.889999,28.260000,28.690001,20.402920,43648800
2007-04-20,28.980000,29.100000,28.700001,29.020000,20.637608,60311500
2007-04-23,28.959999,28.990000,28.670000,28.780001,20.466934,41739100
2007-04-24,28.790001,28.959999,28.590000,28.790001,20.474037,34236700
2007-04-25,28.860001,29.000000,28.690001,28.990000,20.616282,39475000
2007-04-26,29.090000,29.350000,28.910000,29.100000,20.694504,68760300
2007-04-27,30.170000,30.740000,30.000000,30.120001,21.419878,128298800
2007-04-30,30.129999,30.370001,29.940001,29.940001,21.291870,67788800
2007-05-01,29.940001,30.420000,29.900000,30.400000,21.618999,73539300
2007-05-02,30.389999,30.690001,30.299999,30.610001,21.768343,80686700
2007-05-03,30.600000,31.000000,30.530001,30.969999,22.024353,82036800
2007-05-04,30.680000,30.700001,30.290001,30.559999,21.732786,104385900
2007-05-07,30.520000,30.760000,30.480000,30.709999,21.839453,59889100
2007-05-08,30.680000,30.940001,30.580000,30.750000,21.867905,60551700
2007-05-09,30.700001,30.930000,30.570000,30.780001,21.889231,51735000
2007-05-10,30.680000,30.930000,30.530001,30.580000,21.747000,55398600
2007-05-11,30.570000,30.980000,30.549999,30.889999,21.967459,43425300
2007-05-14,30.840000,30.990000,30.809999,30.969999,22.024353,70188500
2007-05-15,30.900000,31.090000,30.840000,30.900000,22.045757,75013900
2007-05-16,31.000000,31.090000,30.809999,31.070000,22.167048,45833600
2007-05-17,31.030001,31.139999,30.959999,30.980000,22.102827,41045600
2007-05-18,30.969999,30.990000,30.580000,30.830000,21.995815,58453000
2007-05-21,30.730000,31.160000,30.730000,31.049999,22.152777,41836400
2007-05-22,30.900000,30.930000,30.660000,30.690001,21.895939,39999500
2007-05-23,30.840000,30.840000,30.570000,30.580000,21.817448,46322500
2007-05-24,30.540001,30.799999,29.959999,30.170000,21.524942,64046400
2007-05-25,30.280001,30.660000,30.180000,30.480000,21.746099,47726500
2007-05-29,30.490000,30.830000,30.389999,30.790001,21.967278,42373100
2007-05-30,30.549999,31.129999,30.510000,31.110001,22.195583,57376800
2007-05-31,31.120001,31.160000,30.610001,30.690001,21.895939,85290500
2007-06-01,30.790001,30.900000,30.549999,30.590000,21.824593,39469400
2007-06-04,30.420000,30.760000,30.400000,30.719999,21.917328,41434500
2007-06-05,30.620001,30.629999,30.330000,30.580000,21.817448,44265000
2007-06-06,30.370001,30.530001,30.250000,30.290001,21.610550,38217500
2007-06-07,30.020000,30.290001,29.590000,29.620001,21.132538,71971400
2007-06-08,29.580000,30.059999,29.410000,30.049999,21.439312,61346200
2007-06-11,29.940001,30.250000,29.930000,30.020000,21.417913,48467400
2007-06-12,29.959999,30.240000,29.770000,29.850000,21.296633,56981800
2007-06-13,29.969999,30.410000,29.850000,30.389999,21.681898,64435600
2007-06-14,30.350000,30.709999,30.299999,30.520000,21.774645,59065700
2007-06-15,30.860001,30.879999,30.430000,30.490000,21.753239,100933000
2007-06-18,30.690001,30.719999,30.420000,30.510000,21.767513,45412600
2007-06-19,30.480000,30.660000,30.379999,30.459999,21.731838,46802600
2007-06-20,30.440001,30.510000,29.959999,30.010000,21.410774,46861600
2007-06-21,29.980000,30.299999,29.910000,30.219999,21.560610,56564800
2007-06-22,30.000000,30.100000,29.450001,29.490000,21.039793,86219900
2007-06-25,29.469999,29.770000,29.379999,29.490000,21.039793,53905800
2007-06-26,29.549999,29.799999,29.500000,29.520000,21.061188,48340300
2007-06-27,29.360001,29.950001,29.360001,29.870001,21.310896,53468600
2007-06-28,29.860001,29.969999,29.680000,29.830000,21.282358,46055200
2007-06-29,29.870001,29.930000,29.040001,29.469999,21.025513,71193900
2007-07-02,29.670000,29.799999,29.490000,29.740000,21.218151,47316000
2007-07-03,29.790001,30.219999,29.780001,30.020000,21.417913,35202600
2007-07-05,30.049999,30.219999,29.830000,29.990000,21.396515,47838500
2007-07-06,29.910000,30.040001,29.660000,29.969999,21.382242,57541000
2007-07-09,29.860001,29.950001,29.809999,29.870001,21.310896,33831400
2007-07-10,29.700001,29.990000,29.180000,29.330000,20.925634,66013500
2007-07-11,29.240000,29.650000,29.209999,29.490000,21.039793,48017000
2007-07-12,29.559999,30.110001,29.440001,30.070000,21.453590,54302400
2007-07-13,29.940001,30.020000,29.660000,29.820000,21.275232,42173000
2007-07-16,29.760000,30.240000,29.719999,30.030001,21.425049,48023200
2007-07-17,30.020000,30.879999,30.010000,30.780001,21.960144,77539600
2007-07-18,30.510000,30.969999,30.500000,30.920000,22.060020,64414400
2007-07-19,31.049999,31.840000,30.930000,31.510000,22.480968,121159300
2007-07-20,31.150000,31.200001,30.790001,31.160000,22.231255,98292600
2007-07-23,31.360001,31.520000,31.120001,31.190001,22.252655,48910600
2007-07-24,31.010000,31.480000,30.709999,30.799999,21.974409,59729300
2007-07-25,30.990000,31.299999,30.370001,30.709999,21.910198,54950100
2007-07-26,30.240000,30.530001,29.510000,29.980000,21.389378,87025300
2007-07-27,29.930000,30.000000,29.360001,29.389999,20.968441,69214600
2007-07-30,29.410000,29.490000,28.950001,29.400000,20.975573,67499600
2007-07-31,29.709999,29.719999,28.980000,28.990000,20.683067,66554000
2007-08-01,28.950001,29.549999,28.820000,29.299999,20.904222,80006300
2007-08-02,29.190001,29.790001,29.020000,29.520000,21.061188,47938300
2007-08-03,29.450001,29.780001,28.900000,28.959999,20.661657,61535500
2007-08-06,29.049999,29.540001,28.750000,29.540001,21.075464,59530500
2007-08-07,29.330000,29.790001,29.049999,29.549999,21.082592,49163000
2007-08-08,29.719999,30.010000,29.209999,30.000000,21.403648,52898600
2007-08-09,29.639999,30.100000,28.920000,29.299999,20.904222,72964500
2007-08-10,28.900000,29.049999,28.260000,28.709999,20.483295,76576200
2007-08-13,28.940001,28.990000,28.440001,28.629999,20.426212,55492300
2007-08-14,28.770000,28.889999,28.200001,28.270000,20.240067,42944100
2007-08-15,28.240000,28.990000,28.049999,28.100000,20.118353,48117700
2007-08-16,27.879999,28.350000,27.510000,27.809999,19.910723,81447400
2007-08-17,28.090000,28.250000,27.820000,28.250000,20.225746,76747700
2007-08-20,28.180000,28.490000,28.080000,28.260000,20.232903,49952000
2007-08-21,28.100000,28.320000,27.870001,28.070000,20.096878,50786200
2007-08-22,28.270000,28.320000,28.010000,28.219999,20.204269,44763500
2007-08-23,28.280001,28.330000,28.100000,28.299999,20.261543,33886600
2007-08-24,28.209999,28.840000,28.070000,28.809999,20.626682,45158900
2007-08-27,28.610001,28.770000,28.400000,28.490000,20.397566,32789500
2007-08-28,28.299999,28.490000,27.910000,27.930000,19.996647,43924400
2007-08-29,28.129999,28.610001,27.820000,28.590000,20.469170,45753700
2007-08-30,28.420000,28.930000,28.320000,28.450001,20.368938,33690700
2007-08-31,28.700001,28.920000,28.360001,28.730000,20.569408,42511900
2007-09-04,28.500000,29.100000,28.480000,28.809999,20.626682,45689600
2007-09-05,28.650000,28.730000,28.420000,28.480000,20.390413,47669800
2007-09-06,28.559999,29.010000,28.549999,28.910000,20.698277,45430800
2007-09-07,28.620001,28.830000,28.320000,28.440001,20.361784,52160900
2007-09-10,28.670000,28.750000,28.410000,28.480000,20.390413,37247600
2007-09-11,28.629999,28.950001,28.580000,28.930000,20.712597,34380800
2007-09-12,28.809999,29.170000,28.799999,28.930000,20.712597,42364700
2007-09-13,29.120001,29.260000,28.959999,29.160000,20.877262,35288600
2007-09-14,28.980000,29.110001,28.879999,29.040001,20.791346,33496600
2007-09-17,28.790001,28.879999,28.620001,28.730000,20.569408,39536500
2007-09-18,28.700001,28.969999,28.270000,28.930000,20.712597,77462400
2007-09-19,28.870001,28.910000,28.299999,28.670000,20.526447,94242200
2007-09-20,28.480000,28.580000,28.340000,28.420000,20.347460,67168900
2007-09-21,28.690001,28.809999,28.440001,28.650000,20.512129,135636100
2007-09-24,28.809999,29.610001,28.799999,29.080000,20.819992,104459800
2007-09-25,29.139999,29.559999,29.110001,29.559999,21.163649,75621000
2007-09-26,29.680000,29.850000,29.480000,29.500000,21.120686,60337000
2007-09-27,29.700001,29.719999,29.440001,29.490000,21.113535,43407100
2007-09-28,29.490000,29.690001,29.230000,29.459999,21.092047,45819100
2007-10-01,29.459999,29.790001,29.410000,29.770000,21.313997,43875100
2007-10-02,29.700001,29.850000,29.570000,29.700001,21.263885,33700900
2007-10-03,29.709999,29.850000,29.290001,29.450001,21.084894,37633900
2007-10-04,29.559999,29.770000,29.440001,29.709999,21.271036,37868000
2007-10-05,29.889999,29.990000,29.730000,29.840000,21.364111,45012300
2007-10-08,29.660000,29.850000,29.600000,29.840000,21.364111,30265400
2007-10-09,30.030001,30.389999,30.000000,30.100000,21.550268,63603100
2007-10-10,30.040001,30.370001,30.030001,30.230000,21.643339,32251500
2007-10-11,30.299999,30.629999,29.790001,29.910000,21.414230,50788400
2007-10-12,30.030001,30.400000,29.950001,30.170000,21.600391,31121100
2007-10-15,30.100000,30.330000,30.000000,30.040001,21.507303,47150500
2007-10-16,30.240000,30.580000,30.230000,30.320000,21.707767,56286200
2007-10-17,30.750000,31.230000,30.650000,31.080000,22.251898,86092400
2007-10-18,31.219999,31.230000,30.629999,31.160000,22.309177,49208600
2007-10-19,31.090000,31.090000,30.110001,30.170000,21.600391,75200200
2007-10-22,30.120001,30.700001,30.120001,30.510000,21.843809,58785100
2007-10-23,30.709999,31.120001,30.709999,30.900000,22.123028,49956200
2007-10-24,30.850000,31.299999,30.500000,31.250000,22.373611,77979200
2007-10-25,31.570000,32.220001,31.490000,31.990000,22.903425,169588700
2007-10-26,36.009998,36.029999,34.560001,35.029999,25.079927,288121200
2007-10-29,34.849998,35.290001,34.450001,34.570000,24.750580,114655600
2007-10-30,34.369999,35.590000,34.349998,35.570000,25.466539,107297300
2007-10-31,35.520000,37.000000,35.509998,36.810001,26.354326,185635800
2007-11-01,36.529999,37.490002,36.360001,37.060001,26.533312,152078800
2007-11-02,37.220001,37.500000,36.419998,37.060001,26.533312,96389800
2007-11-05,36.759998,37.099998,36.630001,36.730000,26.297041,75485400
2007-11-06,36.590000,36.660000,35.869999,36.410000,26.067944,100966700
2007-11-07,36.040001,36.160000,35.450001,35.520000,25.430740,74897800
2007-11-08,35.599998,35.900002,34.400002,34.740002,24.872303,133742400
2007-11-09,34.180000,34.540001,33.650002,33.730000,24.149178,125136900
2007-11-12,33.320000,33.709999,33.020000,33.380001,23.898605,84865200
2007-11-13,33.540001,34.669998,33.380001,34.459999,24.753401,104311500
2007-11-14,34.619999,34.750000,33.750000,33.930000,24.372681,84063100
2007-11-15,33.759998,34.099998,33.549999,33.759998,24.250572,64014100
2007-11-16,33.860001,34.259998,33.709999,34.090000,24.487625,71113800
2007-11-19,33.959999,34.240002,33.869999,33.959999,24.394239,63026200
2007-11-20,34.230000,34.970001,34.099998,34.580002,24.839602,100009400
2007-11-21,34.400002,34.730000,34.180000,34.230000,24.588182,89518700
2007-11-23,34.360001,34.439999,33.709999,34.110001,24.501995,33467200
2007-11-26,34.090000,34.369999,32.930000,32.970001,23.683107,80335000
2007-11-27,33.270000,33.599998,32.680000,33.060001,23.747747,84178400
2007-11-28,33.380001,33.889999,32.900002,33.700001,24.207483,88585000
2007-11-29,33.580002,33.930000,33.310001,33.590000,24.128452,53633600
2007-11-30,33.919998,34.119999,33.189999,33.599998,24.135637,71027800
2007-12-03,33.500000,33.639999,32.680000,32.919998,23.647177,61770600
2007-12-04,32.740002,33.240002,32.630001,32.770000,23.539434,54801500
2007-12-05,33.139999,34.520000,33.029999,34.150002,24.530716,84894700
2007-12-06,34.259998,34.610001,33.869999,34.549999,24.818052,49209700
2007-12-07,34.610001,34.700001,34.220001,34.529999,24.803686,40771000
2007-12-10,34.639999,34.950001,34.470001,34.759998,24.968897,36083500
2007-12-11,34.730000,34.990002,33.930000,34.099998,24.494814,55070700
2007-12-12,34.610001,35.090000,33.930000,34.470001,24.760576,63345400
2007-12-13,34.480000,35.450001,34.279999,35.220001,25.299328,73913200
2007-12-14,35.049999,35.840000,35.009998,35.310001,25.363977,71126200
2007-12-17,35.029999,35.130001,34.360001,34.389999,24.703123,58121200
2007-12-18,34.639999,35.000000,34.209999,34.740002,24.954521,52791800
2007-12-19,34.689999,35.139999,34.380001,34.790001,24.990454,58469100
2007-12-20,35.290001,35.790001,35.080002,35.520000,25.514822,59345000
2007-12-21,35.900002,36.060001,35.750000,36.060001,25.902716,83240500
2007-12-24,36.130001,36.720001,36.049999,36.580002,26.276249,29622600
2007-12-26,36.410000,36.639999,36.259998,36.610001,26.297794,30252400
2007-12-27,36.349998,36.549999,35.939999,35.970001,25.838064,33311100
2007-12-28,36.099998,36.230000,35.669998,36.119999,25.945816,33447200
2007-12-31,35.900002,35.990002,35.520000,35.599998,25.572290,35229700
2008-01-02,35.790001,35.959999,35.000000,35.220001,25.299328,63004200
2008-01-03,35.220001,35.650002,34.860001,35.369999,25.407076,49599600
2008-01-04,35.189999,35.200001,34.090000,34.380001,24.695940,72090800
2008-01-07,34.549999,34.799999,34.250000,34.610001,24.861147,80164300
2008-01-08,34.709999,34.709999,33.400002,33.450001,24.027893,79148300
2008-01-09,33.360001,34.540001,33.349998,34.439999,24.739037,74305500
2008-01-10,34.349998,34.500000,33.779999,34.330002,24.660025,72446000
2008-01-11,34.139999,34.240002,33.720001,33.910000,24.358330,55187900
2008-01-14,34.459999,34.570000,34.080002,34.389999,24.703123,52792200
2008-01-15,34.029999,34.380001,34.000000,34.000000,24.422979,61606200
2008-01-16,33.419998,33.650002,32.509998,33.230000,23.869869,120778500
2008-01-17,33.540001,33.799999,32.970001,33.110001,23.783663,94247800
2008-01-18,33.160000,34.000000,32.970001,33.009998,23.711830,117062000
2008-01-22,31.540001,32.529999,31.500000,31.959999,22.957598,108521400
2008-01-23,31.480000,32.049999,31.040001,31.930000,22.936047,137597400
2008-01-24,32.349998,33.360001,32.119999,33.250000,23.884239,155640400
2008-01-25,34.900002,35.000000,32.869999,32.939999,23.661554,196992300
2008-01-28,33.020000,33.099998,32.419998,32.720001,23.503517,81019000
2008-01-29,32.849998,32.889999,32.349998,32.599998,23.417315,68023000
2008-01-30,32.560001,32.799999,32.049999,32.200001,23.129988,106432600
2008-01-31,31.910000,32.740002,31.719999,32.599998,23.417315,103642200
2008-02-01,31.059999,33.250000,30.250000,30.450001,21.872925,291138900
2008-02-04,30.490000,30.719999,30.110001,30.190001,21.686163,119998600
2008-02-05,29.910000,29.940001,28.889999,29.070000,20.881641,137534100
2008-02-06,29.280001,29.350000,28.290001,28.520000,20.486568,138315600
2008-02-07,28.340000,28.780001,27.900000,28.120001,20.199240,164964900
2008-02-08,28.290001,29.080000,28.240000,28.559999,20.515299,124872000
2008-02-11,28.520000,28.610001,27.910000,28.209999,20.263887,156814100
2008-02-12,28.430000,28.620001,28.110001,28.340000,20.357273,84365900
2008-02-13,28.620001,29.049999,28.530001,28.959999,20.802622,88986200
2008-02-14,28.879999,29.040001,28.459999,28.500000,20.472197,69113500
2008-02-15,28.309999,28.639999,28.250000,28.420000,20.414730,68166100
2008-02-19,28.799999,28.840000,28.070000,28.170000,20.313778,68261200
2008-02-20,28.150000,28.260000,27.920000,28.219999,20.349834,93056200
2008-02-21,28.620001,28.959999,27.959999,28.100000,20.263296,98776500
2008-02-22,28.240000,28.389999,27.200001,27.680000,19.960432,125705400
2008-02-25,27.650000,28.240000,27.480000,27.840000,20.075813,109974300
2008-02-26,27.740000,28.860001,27.670000,28.379999,20.465206,108923500
2008-02-27,28.190001,28.680000,28.100000,28.260000,20.378679,75199500
2008-02-28,28.020000,28.270000,27.799999,27.930000,20.140713,83002900
2008-02-29,27.690001,27.830000,27.020000,27.200001,19.614296,117411400
2008-03-03,27.240000,27.389999,26.870001,26.990000,19.462864,76544300
2008-03-04,27.020000,27.629999,26.959999,27.590000,19.895527,86925600
2008-03-05,27.750000,28.410000,27.700001,28.120001,20.277718,106489800
2008-03-06,28.059999,28.170000,27.500000,27.570000,19.881107,91127700
2008-03-07,27.340000,28.070000,27.320000,27.870001,20.097445,77597600
2008-03-10,27.830000,28.260000,27.750000,28.049999,20.227242,72175100
2008-03-11,28.400000,29.340000,28.379999,29.280001,21.114212,98740700
2008-03-12,29.430000,29.490000,28.540001,28.629999,20.645491,75993800
2008-03-13,28.540001,28.990000,28.160000,28.620001,20.638283,84552200
2008-03-14,28.719999,29.010000,27.639999,27.959999,20.162340,105214900
2008-03-17,27.299999,28.730000,27.280001,28.299999,20.407528,84490100
2008-03-18,28.670000,29.480000,28.670000,29.420000,21.215164,83695300
2008-03-19,29.379999,29.590000,28.620001,28.620001,20.638283,61442100
2008-03-20,28.740000,29.219999,28.590000,29.180000,21.042103,60170200
2008-03-24,29.330000,29.400000,29.059999,29.170000,21.034891,48294700
2008-03-25,29.330000,29.370001,28.940001,29.139999,21.013260,49149000
2008-03-26,29.030001,29.070000,28.379999,28.559999,20.595011,45868100
2008-03-27,28.480000,28.490000,28.000000,28.049999,20.227242,47894400
2008-03-28,28.230000,28.430000,27.830000,27.910000,20.126286,49244000
2008-03-31,27.879999,28.590000,27.840000,28.379999,20.465206,46780600
2008-04-01,28.830000,29.540001,28.629999,29.500000,21.272852,65796200
2008-04-02,29.570000,29.580000,29.000000,29.160000,21.027678,49499400
2008-04-03,29.000000,29.320000,28.799999,29.000000,20.912304,38961400
2008-04-04,29.129999,29.260000,28.740000,29.160000,21.027678,43860800
2008-04-07,29.549999,29.590000,29.030001,29.160000,21.027678,44428600
2008-04-08,28.940001,29.000000,28.540001,28.750000,20.732023,44733500
2008-04-09,28.719999,29.040001,28.540001,28.889999,20.832968,45839300
2008-04-10,28.830000,29.400000,28.799999,29.110001,20.991629,65591600
2008-04-11,28.870001,29.010000,28.209999,28.280001,20.393101,54373700
2008-04-14,28.240000,28.309999,27.930000,28.059999,20.234451,43418100
2008-04-15,28.120001,28.480000,28.030001,28.250000,20.371464,34310000
2008-04-16,28.570000,29.049999,28.379999,28.950001,20.876244,54107400
2008-04-17,29.120001,29.340000,28.900000,29.219999,21.070936,48743300
2008-04-18,30.010000,30.100000,29.610001,30.000000,21.633419,73658900
2008-04-21,30.190001,30.600000,30.120001,30.420000,21.936279,54411700
2008-04-22,30.639999,30.700001,29.969999,30.250000,21.813696,67387500
2008-04-23,30.450001,31.459999,30.299999,31.450001,22.679024,98351500
2008-04-24,31.629999,32.099998,31.160000,31.799999,22.931412,115416700
2008-04-25,30.049999,30.389999,29.600000,29.830000,21.510822,145194900
2008-04-28,29.799999,29.840000,28.820000,28.990000,20.905088,97473000
2008-04-29,28.799999,28.900000,28.450001,28.639999,20.652699,84428900
2008-04-30,28.740000,29.209999,28.510000,28.520000,20.566164,74733600
2008-05-01,28.500000,29.490000,28.480000,29.400000,21.200741,71699400
2008-05-02,29.590000,29.620001,28.860001,29.240000,21.085373,66024200
2008-05-05,29.930000,30.230000,28.990000,29.080000,20.969984,119687700
2008-05-06,29.000000,29.860001,28.930000,29.700001,21.417084,93582000
2008-05-07,29.690001,30.139999,29.080000,29.209999,21.063732,88775000
2008-05-08,29.280001,29.389999,29.000000,29.270000,21.107006,69589900
2008-05-09,29.209999,29.549999,28.950001,29.389999,21.193535,51621200
2008-05-12,29.400000,30.059999,29.350000,29.990000,21.626207,64278800
2008-05-13,30.000000,30.129999,29.530001,29.780001,21.553822,70934700
2008-05-14,29.889999,30.260000,29.730000,29.930000,21.662394,66730400
2008-05-15,29.980000,30.530001,29.940001,30.450001,22.038757,53355800
2008-05-16,30.469999,30.480000,29.920000,29.990000,21.705812,81538200
2008-05-19,29.870001,29.889999,29.309999,29.459999,21.322222,59615000
2008-05-20,29.299999,29.309999,28.629999,28.760000,20.815588,75767600
2008-05-21,28.809999,29.049999,28.190001,28.250000,20.446459,60125100
2008-05-22,28.280001,28.700001,28.180000,28.469999,20.605679,52203100
2008-05-23,28.260000,28.330000,27.950001,28.049999,20.301702,48890700
2008-05-27,28.110001,28.500000,28.049999,28.440001,20.583973,47334500
2008-05-28,28.559999,28.570000,28.040001,28.180000,20.395800,52318500
2008-05-29,28.209999,28.680000,28.139999,28.309999,20.489885,47699200
2008-05-30,28.379999,28.700001,28.200001,28.320000,20.497116,63399200
2008-06-02,28.240000,28.360001,27.549999,27.799999,20.120756,77028400
2008-06-03,27.910000,28.309999,27.270000,27.309999,19.766123,86616700
2008-06-04,27.280001,27.639999,27.200001,27.540001,19.932592,79567400
2008-06-05,27.719999,28.299999,27.600000,28.299999,20.482647,76063400
2008-06-06,27.990000,28.170000,27.490000,27.490000,19.896391,78500800
2008-06-09,27.650000,27.910000,27.299999,27.709999,20.055628,66787100
2008-06-10,27.360001,28.290001,27.320000,27.889999,20.185905,77433900
2008-06-11,27.850000,27.940001,27.110001,27.120001,19.628611,59330800
2008-06-12,27.400000,28.549999,27.190001,28.240000,20.439232,113996300
2008-06-13,28.629999,29.570000,28.500000,29.070000,21.039951,131969100
2008-06-16,29.020000,29.110001,28.639999,28.930000,20.938623,74718900
2008-06-17,29.040001,29.120001,28.790001,28.799999,20.844528,44256700
2008-06-18,28.549999,28.860001,28.459999,28.459999,20.598455,49677800
2008-06-19,28.549999,29.190001,28.330000,28.930000,20.938623,62037800
2008-06-20,28.900000,28.920000,28.100000,28.230000,20.431984,97480400
2008-06-23,28.299999,28.410000,27.790001,27.969999,20.243801,57145300
2008-06-24,27.920000,28.010000,27.510000,27.730000,20.070103,65218300
2008-06-25,27.809999,28.670000,27.760000,28.350000,20.518835,64280200
2008-06-26,28.030001,28.200001,27.750000,27.750000,20.084576,67049100
2008-06-27,27.680000,27.910000,27.459999,27.629999,19.997726,73450200
2008-06-30,27.730000,27.980000,27.490000,27.510000,19.910870,57830500
2008-07-01,27.270000,27.379999,26.440001,26.870001,19.447666,100327800
2008-07-02,26.900000,27.000000,25.879999,25.879999,18.731131,84669000
2008-07-03,25.969999,26.100000,25.600000,25.980000,18.803509,37074500
2008-07-07,26.110001,26.389999,25.450001,26.030001,18.839701,71527600
2008-07-08,25.930000,26.200001,25.510000,25.850000,18.709421,65553200
2008-07-09,25.790001,25.850000,25.180000,25.230000,18.260683,54255800
2008-07-10,25.200001,25.670000,24.980000,25.450001,18.419909,57830600
2008-07-11,25.160000,25.639999,24.870001,25.250000,18.275156,69532600
2008-07-14,25.480000,25.809999,25.070000,25.150000,18.202780,51216200
2008-07-15,24.930000,26.639999,24.930000,26.150000,18.926546,92719300
2008-07-16,26.129999,27.290001,25.920000,27.260000,19.729931,82060400
2008-07-17,27.580000,27.910000,27.110001,27.520000,19.918104,96526100
2008-07-18,26.360001,26.469999,25.110001,25.860001,18.716654,150277000
2008-07-21,25.660000,26.170000,25.530001,25.639999,18.557428,77575600
2008-07-22,25.540001,25.940001,25.480000,25.799999,18.673229,88657200
2008-07-23,25.860001,26.840000,25.850000,26.430000,19.129202,79408800
2008-07-24,26.090000,26.170000,25.440001,25.440001,18.412680,81092600
2008-07-25,25.639999,26.219999,25.500000,26.160000,18.933788,58682300
2008-07-28,26.059999,26.110001,25.340000,25.500000,18.456093,59707800
2008-07-29,25.520000,26.190001,25.400000,26.110001,18.897602,66368200
2008-07-30,26.200001,26.490000,25.900000,26.230000,18.984447,51977700
2008-07-31,25.850000,26.280001,25.709999,25.719999,18.615316,60461000
2008-08-01,25.920000,25.950001,25.070000,25.440001,18.412680,82720200
2008-08-04,25.389999,25.549999,25.110001,25.280001,18.296869,60588300
2008-08-05,25.639999,26.280001,25.500000,26.209999,18.969976,84297600
2008-08-06,26.730000,27.160000,26.379999,27.020000,19.556221,95550000
2008-08-07,26.900000,27.750000,26.730000,27.389999,19.824020,82565800
2008-08-08,27.350000,28.230000,27.190001,28.129999,20.359615,80814100
2008-08-11,27.860001,28.400000,27.660000,27.900000,20.193140,68743800
2008-08-12,27.780001,28.360001,27.580000,28.120001,20.352371,62813000
2008-08-13,28.070000,28.500000,27.760000,27.910000,20.200380,51165200
2008-08-14,27.820000,28.280001,27.559999,27.910000,20.200380,49732300
2008-08-15,27.980000,28.150000,27.580000,27.809999,20.127993,47267400
2008-08-18,27.780001,28.049999,27.549999,27.690001,20.041153,38078200
2008-08-19,27.540001,27.750000,27.270000,27.320000,19.852213,40332900
2008-08-20,27.540001,27.580000,27.170000,27.290001,19.830418,41497200
2008-08-21,27.100000,27.230000,26.860001,27.180000,19.750486,43614200
2008-08-22,27.230000,27.879999,27.219999,27.840000,20.230076,47930400
2008-08-25,27.610001,27.840000,27.459999,27.660000,20.099285,51381300
2008-08-26,27.580000,27.719999,27.170000,27.270000,19.815886,44774400
2008-08-27,27.340000,27.790001,27.129999,27.559999,20.026615,33975300
2008-08-28,27.610001,28.010000,27.600000,27.940001,20.302750,48372600
2008-08-29,27.680000,27.780001,27.290001,27.290001,19.830418,50735500
2008-09-02,27.670000,27.760000,27.059999,27.100000,19.692352,66079200
2008-09-03,27.000000,27.180000,26.840000,26.900000,19.547028,57127700
2008-09-04,26.740000,26.889999,26.350000,26.350000,19.147364,66141900
2008-09-05,26.030001,26.219999,25.629999,25.650000,18.638702,82305200
2008-09-08,26.209999,26.330000,25.670000,26.120001,18.980234,62110800
2008-09-09,26.200001,26.600000,26.049999,26.100000,18.965700,85735700
2008-09-10,26.520000,26.860001,26.250000,26.440001,19.212763,75064900
2008-09-11,26.100000,27.459999,26.030001,27.340000,19.866749,72913300
2008-09-12,27.139999,27.740000,26.940001,27.620001,20.070217,75628500
2008-09-15,26.920000,27.490000,26.730000,26.820000,19.488890,82349400
2008-09-16,26.090000,26.490000,25.520000,25.990000,18.885769,111729700
2008-09-17,25.730000,25.870001,24.500000,24.570000,17.853920,106972100
2008-09-18,24.799999,25.350000,24.010000,25.260000,18.355312,132291300
2008-09-19,26.370001,26.400000,23.500000,25.160000,18.282648,134926100
2008-09-22,26.219999,26.320000,25.320000,25.400000,18.457043,105207700
2008-09-23,25.660000,26.170000,25.340000,25.440001,18.486116,92181300
2008-09-24,25.580000,26.090000,25.459999,25.719999,18.689564,80250300
2008-09-25,25.820000,26.879999,25.740000,26.610001,19.336298,96203500
2008-09-26,26.170000,27.559999,26.139999,27.400000,19.910349,100744300
2008-09-29,26.940001,27.660000,25.010000,25.010000,18.173639,134383100
2008-09-30,25.770000,26.690001,25.540001,26.690001,19.394434,107192700
2008-10-01,26.379999,26.990000,26.280001,26.480000,19.241829,88957000
2008-10-02,26.180000,26.530001,25.700001,26.250000,19.074694,93819800
2008-10-03,26.370001,27.469999,26.240000,26.320000,19.125563,114289400
2008-10-06,25.629999,25.990000,24.139999,24.910000,18.100977,146374600
2008-10-07,24.980000,25.209999,23.139999,23.230000,16.880201,145941200
2008-10-08,22.900000,24.299999,22.500000,23.010000,16.720333,171598600
2008-10-09,23.770000,23.910000,22.070000,22.299999,16.204409,131948700
2008-10-10,21.790001,22.350000,20.650000,21.500000,15.623090,228467500
2008-10-13,22.860001,25.500000,22.629999,25.500000,18.529705,144935400
2008-10-14,25.639999,25.730000,23.600000,24.100000,17.512388,165674900
2008-10-15,23.780001,24.250000,22.480000,22.660000,16.466009,113280200
2008-10-16,22.940001,24.190001,21.309999,24.190001,17.577789,161147800
2008-10-17,23.570000,25.110001,23.309999,23.930000,17.388857,133673100
2008-10-20,24.200001,24.750000,23.010000,24.719999,17.962919,93484300
2008-10-21,24.299999,25.010000,23.270000,23.360001,16.974665,100385600
2008-10-22,23.040001,23.059999,20.900000,21.530001,15.644884,150054800
2008-10-23,21.549999,22.590000,20.889999,22.320000,16.218941,154774100
2008-10-24,21.059999,22.860001,20.950001,21.959999,15.957349,153919700
2008-10-27,21.670000,21.959999,21.020000,21.180000,15.390562,117683900
2008-10-28,21.639999,23.209999,21.340000,23.100000,16.785738,134088800
2008-10-29,23.129999,23.969999,22.700001,23.000000,16.713070,111701800
2008-10-30,23.690001,23.879999,22.389999,22.629999,16.444208,95323000
2008-10-31,22.530001,22.910000,22.120001,22.330000,16.226210,93055200
2008-11-03,22.480000,22.910000,22.209999,22.620001,16.436939,61923500
2008-11-04,23.129999,23.660000,22.870001,23.530001,17.098196,72123000
2008-11-05,23.330000,23.340000,22.049999,22.080000,16.044546,81179700
2008-11-06,21.870001,22.080000,20.860001,20.879999,15.172559,95509700
2008-11-07,21.320000,21.540001,21.000000,21.500000,15.623090,71256300
2008-11-10,21.850000,21.969999,21.190001,21.299999,15.477748,67106800
2008-11-11,21.290001,21.299999,20.790001,21.200001,15.405093,78014500
2008-11-12,20.889999,21.000000,20.280001,20.299999,14.751101,90162300
2008-11-13,20.150000,21.250000,18.740000,21.250000,15.441424,148413700
2008-11-14,20.559999,21.340000,19.650000,20.059999,14.576701,96624500
2008-11-17,19.740000,20.240000,19.150000,19.320000,14.038987,97289000
2008-11-18,19.500000,19.660000,18.750000,19.620001,14.353563,108966500
2008-11-19,19.629999,19.950001,18.250000,18.290001,13.380557,103010500
2008-11-20,18.120001,18.840000,17.500000,17.530001,12.824566,139532800
2008-11-21,18.020000,19.700001,17.980000,19.680000,14.397445,157231900
2008-11-24,19.889999,20.940001,19.870001,20.690001,15.136347,125289900
2008-11-25,20.860001,20.930000,19.549999,19.990000,14.624243,92948100
2008-11-26,19.730000,20.680000,19.730000,20.490000,14.990026,79678300
2008-11-28,20.230000,20.309999,20.020000,20.219999,14.792502,28650800
2008-12-01,19.879999,19.950001,18.600000,18.610001,13.614659,79639900
2008-12-02,18.990000,19.309999,18.559999,19.150000,14.009714,79689800
2008-12-03,18.650000,19.900000,18.600000,19.870001,14.536448,80961500
2008-12-04,19.400000,19.920000,18.790001,19.110001,13.980453,78719200
2008-12-05,18.910000,19.980000,18.469999,19.870001,14.536448,91996200
2008-12-08,20.350000,21.250000,20.139999,21.010000,15.370457,107225000
2008-12-09,20.620001,21.250000,20.459999,20.600000,15.070497,80484900
2008-12-10,20.820000,20.959999,20.299999,20.610001,15.077819,61499000
2008-12-11,20.110001,20.120001,19.309999,19.450001,14.229186,83564300
2008-12-12,19.150000,19.850000,18.700001,19.360001,14.163344,78112600
2008-12-15,19.340000,19.440001,18.889999,19.040001,13.929243,59925900
2008-12-16,19.209999,20.180000,19.000000,20.110001,14.712026,97688700
2008-12-17,19.809999,20.049999,19.500000,19.660000,14.382817,78922700
2008-12-18,19.860001,20.020000,18.990000,19.299999,14.119452,80759200
2008-12-19,19.420000,19.799999,19.110001,19.120001,13.987767,113530400
2008-12-22,19.240000,19.290001,18.889999,19.180000,14.031663,58575400
2008-12-23,19.280001,19.570000,19.010000,19.280001,14.104818,47511400
2008-12-24,19.260000,19.450001,19.100000,19.170000,14.024348,16880400
2008-12-26,19.200001,19.330000,19.090000,19.129999,13.995083,23101000
2008-12-29,19.150000,19.209999,18.639999,18.959999,13.870714,58512800
2008-12-30,19.010000,19.490000,19.000000,19.340000,14.148713,43224100
2008-12-31,19.309999,19.680000,19.270000,19.440001,14.221870,46419000
2009-01-02,19.530001,20.400000,19.370001,20.330000,14.872970,50084000
2009-01-05,20.200001,20.670000,20.059999,20.520000,15.011975,61475200
2009-01-06,20.750000,21.000000,20.610001,20.760000,15.187551,58083400
2009-01-07,20.190001,20.290001,19.480000,19.510000,14.273082,72709900
2009-01-08,19.629999,20.190001,19.549999,20.120001,14.719351,70255400
2009-01-09,20.170000,20.299999,19.410000,19.520000,14.280398,49815300
2009-01-12,19.709999,19.790001,19.299999,19.469999,14.243823,52163500
2009-01-13,19.520000,19.990000,19.520000,19.820000,14.499865,65843500
2009-01-14,19.530001,19.680000,19.010000,19.090000,13.965816,80257500
2009-01-15,19.070000,19.299999,18.520000,19.240000,14.075561,96169800
2009-01-16,19.629999,19.910000,19.150000,19.709999,14.419395,79634100
2009-01-20,19.459999,19.620001,18.370001,18.480000,13.519556,89873000
2009-01-21,18.870001,19.450001,18.459999,19.379999,14.177979,68340900
2009-01-22,18.049999,18.180000,17.070000,17.110001,12.517294,222436600
2009-01-23,16.969999,17.490000,16.750000,17.200001,12.583135,117020600
2009-01-26,17.290001,17.809999,17.230000,17.629999,12.897713,92476500
2009-01-27,17.780001,17.969999,17.430000,17.660000,12.919666,61695000
2009-01-28,17.799999,18.309999,17.760000,18.040001,13.197660,64145500
2009-01-29,17.780001,17.959999,17.559999,17.590000,12.868458,49192800
2009-01-30,17.740000,17.790001,17.100000,17.100000,12.509983,62370900
2009-02-02,17.030001,18.129999,17.000000,17.830000,13.044035,88871700
2009-02-03,17.850000,18.610001,17.600000,18.500000,13.534190,86865100
2009-02-04,18.540001,19.000000,18.500000,18.629999,13.629296,75618000
2009-02-05,18.510000,19.139999,18.250000,19.040001,13.929243,75195200
2009-02-06,19.160000,19.930000,19.059999,19.660000,14.382817,86746000
2009-02-09,19.639999,19.770000,19.260000,19.440001,14.221870,52196400
2009-02-10,19.250000,19.799999,18.700001,18.799999,13.753663,83953200
2009-02-11,18.940001,19.490000,18.920000,19.209999,14.053614,58599000
2009-02-12,18.969999,19.320000,18.540001,19.260000,14.090191,75323200
2009-02-13,19.270000,19.469999,19.040001,19.090000,13.965816,47416000
2009-02-17,18.490000,18.500000,17.889999,18.090000,13.324981,75853300
2009-02-18,18.219999,18.450001,18.000000,18.120001,13.347081,54946900
2009-02-19,18.299999,18.379999,17.809999,17.910000,13.192395,49195600
2009-02-20,17.770000,18.190001,17.660000,18.000000,13.258687,69413800
2009-02-23,18.020000,18.150000,17.160000,17.209999,12.676777,70803400
2009-02-24,17.030001,17.350000,16.360001,17.170000,12.647316,122674500
2009-02-25,17.010000,17.240000,16.459999,16.959999,12.492630,105894600
2009-02-26,17.049999,17.080000,16.420000,16.420000,12.094873,83219500
2009-02-27,16.290001,16.520000,16.100000,16.150000,11.895990,93428000
2009-03-02,15.960000,16.250000,15.720000,15.790000,11.630816,80602100
2009-03-03,16.030001,16.240000,15.640000,15.880000,11.697107,80476600
2009-03-04,16.120001,16.400000,15.890000,16.120001,11.873894,69285100
2009-03-05,15.860000,15.880000,15.270000,15.270000,11.247786,89708500
2009-03-06,15.350000,15.620000,14.870000,15.280000,11.255152,92821400
2009-03-09,15.200000,15.740000,15.100000,15.150000,11.159398,66479100
2009-03-10,15.370000,16.620001,15.250000,16.480000,12.139065,95184200
2009-03-11,16.629999,17.200001,16.430000,17.110001,12.603122,84522200
2009-03-12,17.010000,17.040001,16.480000,17.010000,12.529459,93694100
2009-03-13,16.980000,17.049999,16.180000,16.650000,12.264287,82965800
2009-03-16,16.820000,16.959999,16.240000,16.250000,11.969650,67028900
2009-03-17,16.320000,16.900000,16.260000,16.900000,12.448434,62481000
2009-03-18,17.030001,17.219999,16.600000,16.959999,12.492630,70710700
2009-03-19,17.370001,17.450001,16.920000,17.139999,12.625219,58994600
2009-03-20,17.320000,17.650000,16.879999,17.059999,12.566290,81725500
2009-03-23,17.370001,18.590000,17.309999,18.330000,13.501765,71600000
2009-03-24,18.040001,18.209999,17.840000,17.930000,13.207129,50044100
2009-03-25,17.980000,18.309999,17.520000,17.879999,13.170300,73927100
2009-03-26,18.170000,18.879999,18.120001,18.830000,13.870062,63775100
2009-03-27,18.540001,18.620001,18.049999,18.129999,13.354448,47670400
2009-03-30,17.740000,17.760000,17.270000,17.480000,12.875658,49633000
2009-03-31,17.830000,18.790001,17.780001,18.370001,13.531229,92423300
2009-04-01,18.230000,19.360001,18.180000,19.309999,14.223628,96438900
2009-04-02,19.500000,19.889999,19.000000,19.290001,14.208899,99082300
2009-04-03,19.129999,19.150000,18.430000,18.750000,13.811138,81858400
2009-04-06,18.540001,18.760000,18.270000,18.760000,13.818501,47476100
2009-04-07,18.760000,19.139999,18.629999,18.760000,13.818501,65815200
2009-04-08,18.969999,19.620001,18.959999,19.190001,14.135233,56408900
2009-04-09,19.450001,19.700001,19.219999,19.670000,14.488800,55759600
2009-04-13,19.690001,19.850000,19.370001,19.590000,14.429870,44444700
2009-04-14,19.440001,19.549999,19.000000,19.350000,14.253096,63796300
2009-04-15,19.209999,19.250000,18.510000,18.830000,13.870062,72725500
2009-04-16,19.160000,19.780001,18.990000,19.760000,14.555095,67688700
2009-04-17,19.690001,19.690001,19.000000,19.200001,14.142602,61398500
2009-04-20,18.889999,18.950001,18.570000,18.610001,13.708014,62937200
2009-04-21,18.590000,19.080000,18.570000,18.969999,13.973187,60928300
2009-04-22,18.760000,19.190001,18.700001,18.780001,13.833235,59401000
2009-04-23,18.920000,18.940001,18.469999,18.920000,13.936358,86116300
2009-04-24,19.820000,21.200001,19.500000,20.910000,15.402179,168478500
2009-04-27,20.549999,20.820000,20.280001,20.400000,15.026517,68219600
2009-04-28,20.250000,20.270000,19.790001,19.930000,14.680317,76685200
2009-04-29,20.110001,20.889999,20.059999,20.250000,14.916027,79301600
2009-04-30,20.600000,21.100000,20.010000,20.260000,14.923394,87439900
2009-05-01,20.190001,20.350000,19.860001,20.240000,14.908661,63224500
2009-05-04,20.370001,20.400000,19.980000,20.190001,14.871824,54313400
2009-05-05,20.139999,20.240000,19.639999,19.790001,14.577194,66835500
2009-05-06,20.059999,20.070000,19.610001,19.790001,14.577194,59639100
2009-05-07,19.959999,19.990000,19.139999,19.320000,14.231001,68727200
2009-05-08,19.459999,19.639999,19.139999,19.420000,14.304655,67597600
2009-05-11,19.200001,19.730000,19.010000,19.320000,14.231001,63762600
2009-05-12,19.510000,20.059999,19.469999,19.889999,14.650848,71966800
2009-05-13,19.920000,20.000000,19.670000,19.750000,14.547729,49281700
2009-05-14,19.830000,20.230000,19.799999,20.059999,14.776075,54539500
2009-05-15,20.129999,20.500000,19.980000,20.219999,14.893932,61289900
2009-05-18,20.360001,20.600000,20.240000,20.600000,15.173830,46073800
2009-05-19,20.510000,20.740000,20.250000,20.309999,15.055224,51368300
2009-05-20,20.410000,20.690001,20.219999,20.379999,15.107121,47450700
2009-05-21,20.139999,20.230000,19.510000,19.820000,14.692005,58232800
2009-05-22,19.930000,20.170000,19.469999,19.750000,14.640117,37318700
2009-05-26,19.540001,20.450001,19.450001,20.340000,15.077472,44991700
2009-05-27,20.250000,20.600000,20.070000,20.129999,14.921805,42892900
2009-05-28,20.320000,20.629999,20.049999,20.450001,15.159014,45480800
2009-05-29,20.559999,20.940001,20.299999,20.889999,15.485170,46134900
2009-06-01,21.000000,21.500000,20.860001,21.400000,15.863214,57317100
2009-06-02,21.360001,21.980000,21.200001,21.400000,15.863214,48935700
2009-06-03,21.309999,21.760000,21.290001,21.730000,16.107834,56039600
2009-06-04,21.770000,21.900000,21.580000,21.830000,16.181955,42330000
2009-06-05,21.959999,22.309999,21.809999,22.139999,16.411760,59579200
2009-06-08,21.980000,22.320000,21.629999,22.049999,16.345037,49000600
2009-06-09,22.059999,22.320000,21.879999,22.080000,16.367283,50887700
2009-06-10,22.170000,22.620001,22.120001,22.549999,16.715683,61297200
2009-06-11,22.590000,23.260000,22.570000,22.830000,16.923233,65124600
2009-06-12,22.900000,23.379999,22.740000,23.330000,17.293869,50963500
2009-06-15,23.230000,23.540001,23.020000,23.420000,17.360584,69089600
2009-06-16,23.469999,24.110001,23.440001,23.450001,17.382820,105295600
2009-06-17,23.500000,23.820000,23.170000,23.680000,17.553312,86483100
2009-06-18,23.620001,23.690001,23.299999,23.500000,17.419882,58852200
2009-06-19,24.040001,24.340000,23.750000,24.070000,17.842413,115459000
2009-06-22,23.950001,23.950001,23.250000,23.280001,17.256809,71291600
2009-06-23,23.379999,23.660000,23.209999,23.340000,17.301281,56752700
2009-06-24,23.450001,23.750000,23.360001,23.469999,17.397654,54287700
2009-06-25,23.430000,23.920000,23.200001,23.790001,17.634859,57724300
2009-06-26,23.570000,23.690001,23.320000,23.350000,17.308701,65126400
2009-06-29,23.600000,24.030001,23.549999,23.860001,17.686745,62854900
2009-06-30,23.969999,24.240000,23.629999,23.770000,17.620033,66452400
2009-07-01,24.049999,24.299999,23.959999,24.040001,17.820177,54908400
2009-07-02,23.760000,24.040001,23.209999,23.370001,17.323521,65422200
2009-07-06,23.209999,23.280001,22.870001,23.200001,17.197502,49207700
2009-07-07,23.080000,23.139999,22.459999,22.530001,16.700859,52842500
2009-07-08,22.309999,22.690001,22.000000,22.559999,16.723101,73023400
2009-07-09,22.650000,22.809999,22.370001,22.440001,16.634136,46981200
2009-07-10,22.190001,22.540001,22.150000,22.389999,16.597078,43229200
2009-07-13,22.420000,23.290001,22.139999,23.230000,17.219748,67584000
2009-07-14,23.200001,23.219999,22.860001,23.110001,17.130795,45448700
2009-07-15,23.750000,24.120001,23.559999,24.120001,17.879480,67238700
2009-07-16,23.930000,24.440001,23.860001,24.440001,18.116684,64555100
2009-07-17,24.400000,24.450001,24.100000,24.290001,18.005493,52860100
2009-07-20,24.440001,24.530001,24.150000,24.530001,18.183399,47798000
2009-07-21,24.690001,24.830000,24.370001,24.830000,18.405785,52028400
2009-07-22,24.700001,24.900000,24.510000,24.799999,18.383543,66192500
2009-07-23,24.930000,25.719999,24.840000,25.559999,18.946905,106060500
2009-07-24,23.610001,23.889999,22.809999,23.450001,17.382820,215135700
2009-07-27,23.440001,23.450001,22.900000,23.110001,17.130795,80950000
2009-07-28,22.990000,23.549999,22.900000,23.469999,17.397654,70288400
2009-07-29,23.730000,23.910000,23.340000,23.799999,17.642273,73626900
2009-07-30,24.200001,24.430000,23.709999,23.809999,17.649679,67820000
2009-07-31,23.770000,24.070000,23.500000,23.520000,17.434717,54258200
2009-08-03,23.820000,23.860001,23.500000,23.830000,17.664511,46902900
2009-08-04,23.680000,23.790001,23.530001,23.770000,17.620033,49218300
2009-08-05,23.840000,24.250000,23.790001,23.809999,17.649679,53310300
2009-08-06,23.930000,23.980000,23.270000,23.459999,17.390240,59686000
2009-08-07,23.750000,23.820000,23.500000,23.559999,17.464365,46169700
2009-08-10,23.459999,23.549999,23.299999,23.420000,17.360584,35261900
2009-08-11,23.320000,23.400000,23.049999,23.129999,17.145622,33615800
2009-08-12,23.129999,23.900000,23.030001,23.530001,17.442127,61972300
2009-08-13,23.629999,23.850000,23.400000,23.620001,17.508844,38954500
2009-08-14,23.620001,23.799999,23.510000,23.690001,17.560736,46330200
2009-08-17,23.320000,23.600000,23.230000,23.250000,17.234575,42474400
2009-08-18,23.290001,23.650000,23.270000,23.580000,17.577478,38878900
2009-08-19,23.250000,23.719999,23.250000,23.650000,17.629648,41821300
2009-08-20,23.600000,23.870001,23.540001,23.670000,17.644560,39505900
2009-08-21,23.930000,24.420000,23.770000,24.410000,18.196190,69011400
2009-08-24,24.410000,24.730000,24.280001,24.639999,18.367638,54180900
2009-08-25,24.600000,24.820000,24.459999,24.639999,18.367638,43980300
2009-08-26,24.590000,24.750000,24.420000,24.549999,18.300541,41079000
2009-08-27,24.410000,24.780001,24.299999,24.690001,18.404911,45495600
2009-08-28,25.070000,25.490000,24.610001,24.680000,18.397457,55808000
2009-08-31,24.570000,24.850000,24.290001,24.650000,18.375095,49592800
2009-09-01,24.350000,24.740000,23.900000,24.000000,17.890556,62608500
2009-09-02,23.820000,24.139999,23.780001,23.860001,17.786194,40771300
2009-09-03,23.910000,24.139999,23.760000,24.110001,17.972561,34120000
2009-09-04,24.090000,24.799999,24.080000,24.620001,18.352720,44999700
2009-09-08,24.620001,24.840000,24.410000,24.820000,18.501818,53737100
2009-09-09,24.740000,24.950001,24.670000,24.780001,18.471996,49900300
2009-09-10,24.799999,25.049999,24.650000,25.000000,18.636000,46256000
2009-09-11,24.930000,25.170000,24.809999,24.860001,18.531639,54303500
2009-09-14,24.650000,25.090000,24.639999,25.000000,18.636000,42806800
2009-09-15,24.969999,25.270000,24.860001,25.200001,18.785084,44716600
2009-09-16,25.250000,25.350000,24.950001,25.200001,18.785084,50055800
2009-09-17,25.059999,25.379999,25.059999,25.299999,18.859629,42428800
2009-09-18,25.459999,25.480000,25.100000,25.260000,18.829807,68016500
2009-09-21,25.110001,25.370001,25.100000,25.299999,18.859629,28878700
2009-09-22,25.400000,25.820000,25.290001,25.770000,19.209984,61376700
2009-09-23,25.920000,26.250000,25.639999,25.709999,19.165262,60599900
2009-09-24,25.920000,26.110001,25.660000,25.940001,19.336716,56302900
2009-09-25,25.690001,25.820000,25.520000,25.549999,19.045990,50158900
2009-09-28,25.600000,26.160000,25.600000,25.830000,19.254711,44358000
2009-09-29,25.910000,25.959999,25.690001,25.750000,19.195080,39050300
2009-09-30,25.760000,25.990000,25.379999,25.719999,19.172703,63533400
2009-10-01,25.410000,25.469999,24.799999,24.879999,18.546545,75958100
2009-10-02,24.459999,25.090000,24.430000,24.959999,18.606176,51219700
2009-10-05,24.980000,25.059999,24.520000,24.639999,18.367638,60804900
2009-10-06,24.680000,25.209999,24.660000,25.110001,18.718004,48795300
2009-10-07,24.990000,25.180000,24.879999,25.100000,18.710543,38472700
2009-10-08,25.440001,25.900000,25.219999,25.670000,19.135448,60521300
2009-10-09,25.570000,25.790001,25.459999,25.549999,19.045990,39520000
2009-10-12,25.660000,25.889999,25.549999,25.719999,19.172703,29145800
2009-10-13,25.590000,25.940001,25.520000,25.809999,19.239801,37749000
2009-10-14,26.139999,26.200001,25.820000,25.959999,19.351612,45365500
2009-10-15,25.900000,26.709999,25.900000,26.709999,19.910690,65620100
2009-10-16,26.450001,26.629999,26.100000,26.500000,19.754162,56500900
2009-10-19,26.490000,26.580000,26.250000,26.360001,19.649796,48143200
2009-10-20,26.420000,26.510000,25.940001,26.370001,19.657251,54604700
2009-10-21,26.459999,26.750000,26.389999,26.580000,19.813795,61672700
2009-10-22,26.559999,26.719999,26.129999,26.590000,19.821245,61600000
2009-10-23,29.200001,29.350000,27.879999,28.020000,20.887230,281761000
2009-10-26,28.129999,29.020000,28.110001,28.680000,21.379215,124149700
2009-10-27,28.730000,28.879999,28.440001,28.590000,21.312128,69685800
2009-10-28,28.240000,28.770000,27.950001,28.020000,20.887230,73542400
2009-10-29,28.070000,28.410000,27.850000,28.219999,21.036314,65225500
2009-10-30,28.030001,28.400000,27.660000,27.730000,20.671043,73371800
2009-11-02,27.700001,28.049999,27.410000,27.879999,20.782867,62428900
2009-11-03,27.639999,27.740000,27.430000,27.530001,20.521957,50294800
2009-11-04,27.690001,28.389999,27.620001,28.059999,20.917040,63898400
2009-11-05,28.520000,28.740000,28.280001,28.469999,21.222658,52681700
2009-11-06,28.379999,28.629999,28.200001,28.520000,21.259947,38908500
2009-11-09,28.620001,29.000000,28.530001,28.990000,21.610308,57518000
2009-11-10,28.900000,29.280001,28.809999,29.010000,21.625214,65881100
2009-11-11,29.080000,29.299999,29.020000,29.120001,21.707209,49693400
2009-11-12,29.010000,29.490000,29.000000,29.360001,21.886114,55352400
2009-11-13,29.469999,29.790001,29.370001,29.629999,22.087379,53037600
2009-11-16,29.610001,29.799999,29.370001,29.540001,22.020292,54129500
2009-11-17,29.500000,30.000000,29.469999,30.000000,22.462048,75648900
2009-11-18,30.000000,30.139999,29.809999,30.110001,22.544411,59431200
2009-11-19,29.990000,30.000000,29.700001,29.780001,22.297323,51967700
2009-11-20,29.660000,29.770000,29.430000,29.620001,22.177523,42647100
2009-11-23,29.840000,30.010000,29.700001,29.940001,22.417124,41832700
2009-11-24,29.950001,29.990000,29.750000,29.910000,22.394659,37341400
2009-11-25,29.809999,29.860001,29.580000,29.790001,22.304808,32033500
2009-11-27,29.110001,29.389999,28.750000,29.219999,21.878033,29357900
2009-11-30,29.150000,29.450001,29.000000,29.410000,22.020287,44172000
2009-12-01,29.520000,30.049999,29.410000,30.010000,22.469536,49904200
2009-12-02,29.900000,29.990000,29.650000,29.780001,22.297323,36308600
2009-12-03,29.840000,30.200001,29.760000,29.830000,22.334768,43095200
2009-12-04,30.049999,30.370001,29.830000,29.980000,22.447069,58810700
2009-12-07,29.780001,30.080000,29.680000,29.790001,22.304808,38082700
2009-12-08,29.520000,29.740000,29.379999,29.570000,22.140085,37402200
2009-12-09,29.469999,29.809999,29.250000,29.709999,22.244909,44713300
2009-12-10,29.709999,29.959999,29.660000,29.870001,22.364716,45940200
2009-12-11,29.969999,30.000000,29.790001,29.850000,22.349731,43744200
2009-12-14,29.910000,30.160000,29.900000,30.110001,22.544411,34651200
2009-12-15,29.889999,30.209999,29.879999,30.020000,22.477024,49473200
2009-12-16,30.070000,30.410000,30.040001,30.100000,22.536921,55737800
2009-12-17,29.950001,29.959999,29.570000,29.600000,22.162554,43691200
2009-12-18,29.840000,30.450001,29.799999,30.360001,22.731598,94118000
2009-12-21,30.400000,30.840000,30.370001,30.520000,22.851389,40129100
2009-12-22,30.600000,30.930000,30.540001,30.820000,23.076010,36321000
2009-12-23,30.709999,30.950001,30.690001,30.920000,23.150881,28362700
2009-12-24,30.879999,31.000000,30.760000,31.000000,23.210783,11083900
2009-12-28,31.000000,31.180000,30.889999,31.170000,23.338066,25384000
2009-12-29,31.350000,31.500000,31.230000,31.389999,23.502787,29716200
2009-12-30,31.150000,31.290001,30.799999,30.959999,23.180836,42006200
2009-12-31,30.980000,30.990000,30.480000,30.480000,22.821444,31929700
2010-01-04,30.620001,31.100000,30.590000,30.950001,23.173349,38409100
2010-01-05,30.850000,31.100000,30.639999,30.959999,23.180836,49749600
2010-01-06,30.879999,31.080000,30.520000,30.770000,23.038570,58182400
2010-01-07,30.629999,30.700001,30.190001,30.450001,22.798977,50559700
2010-01-08,30.280001,30.879999,30.240000,30.660000,22.956213,51197400
2010-01-11,30.709999,30.760000,30.120001,30.270000,22.664207,68754700
2010-01-12,30.150000,30.400000,29.910000,30.070000,22.514454,65912100
2010-01-13,30.260000,30.520000,30.010000,30.350000,22.724098,51863500
2010-01-14,30.309999,31.100000,30.260000,30.959999,23.180836,63228100
2010-01-15,31.080000,31.240000,30.709999,30.860001,23.105961,79913200
2010-01-19,30.750000,31.240000,30.680000,31.100000,23.285650,46575700
2010-01-20,30.809999,30.940001,30.309999,30.590000,22.903801,54849500
2010-01-21,30.610001,30.719999,30.000000,30.010000,22.469536,73086700
2010-01-22,30.000000,30.200001,28.840000,28.959999,21.683361,102004600
2010-01-25,29.240000,29.660000,29.100000,29.320000,21.952908,63373000
2010-01-26,29.200001,29.850000,29.090000,29.500000,22.087675,66639900
2010-01-27,29.350000,29.820000,29.020000,29.670000,22.214962,63949500
2010-01-28,29.840000,29.870001,28.889999,29.160000,21.833113,117513700
2010-01-29,29.900000,29.920000,27.660000,28.180000,21.099348,193888500
2010-02-01,28.389999,28.480000,27.920000,28.410000,21.271555,85931100
2010-02-02,28.370001,28.500000,28.139999,28.459999,21.308998,54413700
2010-02-03,28.260000,28.790001,28.120001,28.629999,21.436275,61397900
2010-02-04,28.379999,28.500000,27.809999,27.840000,20.844778,77850000
2010-02-05,28.000000,28.280001,27.570000,28.020000,20.979559,80960100
2010-02-08,28.010000,28.080000,27.570000,27.719999,20.754930,52820600
2010-02-09,27.969999,28.340000,27.750000,28.010000,20.972071,59195800
2010-02-10,28.030001,28.240000,27.840000,27.990000,20.957088,48591300
2010-02-11,27.930000,28.400000,27.700001,28.120001,21.054424,65993700
2010-02-12,27.809999,28.059999,27.580000,27.930000,20.912170,81117200
2010-02-16,28.129999,28.370001,28.020000,28.350000,21.325895,51935600
2010-02-17,28.530001,28.650000,28.360001,28.590000,21.506422,45882900
2010-02-18,28.590000,29.030001,28.510000,28.969999,21.792276,42856500
2010-02-19,28.790001,28.920000,28.690001,28.770000,21.641836,44451800
2010-02-22,28.840000,28.940001,28.650000,28.730000,21.611740,36707100
2010-02-23,28.680000,28.830000,28.090000,28.330000,21.310846,52266200
2010-02-24,28.520000,28.790001,28.379999,28.629999,21.536524,43165900
2010-02-25,28.270000,28.650000,28.020000,28.600000,21.513958,48735300
2010-02-26,28.650000,28.850000,28.510000,28.670000,21.566608,40370600
2010-03-01,28.770000,29.049999,28.530001,29.020000,21.829893,43805400
2010-03-02,29.080000,29.299999,28.240000,28.459999,21.408644,93123900
2010-03-03,28.510000,28.610001,28.350000,28.459999,21.408644,48442100
2010-03-04,28.459999,28.650000,28.270000,28.629999,21.536524,42890600
2010-03-05,28.660000,28.680000,28.420000,28.590000,21.506422,56001800
2010-03-08,28.520000,28.930000,28.500000,28.629999,21.536524,39414500
2010-03-09,28.559999,29.110001,28.549999,28.799999,21.664406,50271600
2010-03-10,28.860001,29.110001,28.799999,28.969999,21.792276,44891400
2010-03-11,28.889999,29.190001,28.850000,29.180000,21.950251,35349700
2010-03-12,29.320000,29.379999,29.040001,29.270000,22.017956,31700200
2010-03-15,29.180000,29.370001,29.010000,29.290001,22.032999,37512000
2010-03-16,29.420000,29.490000,29.200001,29.370001,22.093172,36723500
2010-03-17,29.500000,29.870001,29.400000,29.629999,22.288754,50385700
2010-03-18,29.629999,29.719999,29.500000,29.610001,22.273716,43845200
2010-03-19,29.760000,29.900000,29.350000,29.590000,22.258667,81332100
2010-03-22,29.500000,29.700001,29.389999,29.600000,22.266190,37718200
2010-03-23,29.590000,29.900000,29.410000,29.879999,22.476816,42026600
2010-03-24,29.719999,29.850000,29.600000,29.650000,22.303799,33987700
2010-03-25,29.830000,30.570000,29.799999,30.010000,22.574608,73168700
2010-03-26,30.090000,30.200001,29.590000,29.660000,22.311323,55595500
2010-03-29,29.709999,29.820000,29.549999,29.590000,22.258667,33336000
2010-03-30,29.629999,29.860001,29.500000,29.770000,22.394072,34954800
2010-03-31,29.639999,29.719999,29.170000,29.290001,22.032999,63760000
2010-04-01,29.350000,29.540001,28.620001,29.160000,21.935205,74768100
2010-04-05,29.129999,29.430000,29.030001,29.270000,22.017956,34331200
2010-04-06,29.150000,29.580000,28.980000,29.320000,22.055563,47366800
2010-04-07,29.160000,29.559999,29.139999,29.350000,22.078129,58318800
2010-04-08,29.320000,29.980000,29.299999,29.920000,22.506905,63713800
2010-04-09,29.950001,30.410000,29.900000,30.340000,22.822845,54752500
2010-04-12,30.250000,30.490000,30.209999,30.320000,22.807798,37068800
2010-04-13,30.150000,30.500000,30.129999,30.450001,22.905596,41374600
2010-04-14,30.790001,31.000000,30.660000,30.820000,23.183922,68941200
2010-04-15,30.820000,30.950001,30.709999,30.870001,23.221529,52745400
2010-04-16,30.790001,30.980000,30.600000,30.670000,23.071081,88703100
2010-04-19,30.770000,31.250000,30.760000,31.040001,23.349413,64970300
2010-04-20,31.219999,31.440001,31.129999,31.360001,23.590118,52199500
2010-04-21,31.330000,31.500000,31.230000,31.330000,23.567554,55343100
2010-04-22,31.040001,31.530001,30.900000,31.389999,23.612694,84847600
2010-04-23,31.120001,31.580000,30.650000,30.959999,23.289230,126766600
2010-04-26,31.000000,31.280001,30.860001,31.110001,23.402067,63649300
2010-04-27,30.950001,31.250000,30.750000,30.850000,23.206488,68730900
2010-04-28,30.920000,31.000000,30.620001,30.910000,23.251623,64557900
2010-04-29,30.930000,31.430000,30.670000,31.000000,23.319324,52665200
2010-04-30,31.070000,31.080000,30.520000,30.540001,22.973301,63214800
2010-05-03,30.670000,31.059999,30.580000,30.860001,23.214010,43989500
2010-05-04,30.520000,30.549999,29.750000,30.129999,22.664873,82085600
2010-05-05,29.770000,30.090000,29.690001,29.850000,22.454247,66833800
2010-05-06,29.590000,29.879999,27.910000,28.980000,21.799799,128613000
2010-05-07,28.930000,28.950001,27.320000,28.209999,21.220581,173718100
2010-05-10,29.010000,29.480000,28.709999,28.940001,21.769716,86653300
2010-05-11,28.680000,29.650000,28.570000,28.879999,21.724573,63789400
2010-05-12,28.980000,29.580000,28.920000,29.440001,22.145826,47146800
2010-05-13,29.260000,29.730000,29.180000,29.240000,21.995378,45188800
2010-05-14,29.200001,29.209999,28.639999,28.930000,21.762188,63334000
2010-05-17,29.120001,29.230000,28.450001,28.940001,21.769716,46053300
2010-05-18,28.870001,29.000000,28.400000,28.600000,21.611034,52690600
2010-05-19,28.520000,28.690001,27.790001,28.240000,21.339006,61746700
2010-05-20,27.650000,27.840000,27.040001,27.110001,20.485144,87991100
2010-05-21,26.629999,27.110001,26.440001,26.840000,20.281115,117596300
2010-05-24,26.850000,26.860001,26.260000,26.270000,19.850410,73711700
2010-05-25,25.650000,26.330000,25.379999,26.070000,19.699291,98373600
2010-05-26,26.230000,26.610001,24.559999,25.010000,18.898315,176684100
2010-05-27,25.730000,26.360001,25.730000,26.000000,19.646397,136433600
2010-05-28,25.840000,26.120001,25.660000,25.799999,19.495258,67496900
2010-06-01,25.530001,26.309999,25.520000,25.889999,19.563272,76152400
2010-06-02,26.059999,26.480000,25.730000,26.459999,19.993986,65718800
2010-06-03,26.549999,26.930000,26.410000,26.860001,20.296238,67837000
2010-06-04,26.100000,26.570000,25.620001,25.790001,19.487715,89832200
2010-06-07,25.820000,25.830000,25.240000,25.290001,19.109898,80456200
2010-06-08,25.250000,25.260000,24.650000,25.110001,18.973883,87355000
2010-06-09,25.219999,25.520000,24.750000,24.790001,18.732080,87794000
2010-06-10,25.129999,25.150000,24.780001,25.000000,18.890760,78930900
2010-06-11,25.040001,25.719999,24.770000,25.660000,19.389477,68057700
2010-06-14,25.860001,25.959999,25.469999,25.500000,19.268578,50972400
2010-06-15,25.750000,26.650000,25.740000,26.580000,20.084665,81641500
2010-06-16,26.469999,26.580000,26.230000,26.320000,19.888186,48698000
2010-06-17,26.559999,26.670000,26.040001,26.370001,19.925982,47995500
2010-06-18,26.370001,26.530001,26.170000,26.440001,19.978868,52075600
2010-06-21,26.780001,26.889999,25.889999,25.950001,19.608614,54625300
2010-06-22,26.160000,26.450001,25.760000,25.770000,19.472597,55985400
2010-06-23,25.780001,25.780001,25.219999,25.309999,19.125013,61466200
2010-06-24,25.459999,25.719999,24.930000,25.000000,18.890760,85243400
2010-06-25,25.049999,25.110001,24.309999,24.530001,18.535618,156256700
2010-06-28,24.510000,24.610001,24.120001,24.309999,18.369383,73784800
2010-06-29,24.129999,24.200001,23.110001,23.309999,17.613754,119882100
2010-06-30,23.299999,23.680000,22.950001,23.010000,17.387058,81050500
2010-07-01,23.090000,23.320000,22.730000,23.160000,17.500402,92239400
2010-07-02,23.360001,23.480000,23.049999,23.270000,17.583521,62485100
2010-07-06,23.700001,24.090000,23.580000,23.820000,17.999113,73592000
2010-07-07,23.820000,24.320000,23.610001,24.299999,18.361826,79965300
2010-07-08,24.600000,24.620001,23.969999,24.410000,18.444942,50758100
2010-07-09,24.330000,24.410000,24.150000,24.270000,18.339151,53806100
2010-07-12,24.430000,24.889999,24.420000,24.830000,18.762312,49854200
2010-07-13,25.139999,25.299999,24.900000,25.129999,18.988989,61928700
2010-07-14,25.500000,25.610001,25.120001,25.440001,19.223244,72808100
2010-07-15,25.500000,25.590000,24.980000,25.510000,19.276134,56934700
2010-07-16,25.510000,25.639999,24.879999,24.889999,18.807642,65064800
2010-07-19,24.959999,25.299999,24.910000,25.230000,19.064564,38181800
2010-07-20,24.860001,25.480000,24.700001,25.480000,19.253466,45530700
2010-07-21,25.600000,25.650000,24.980000,25.120001,18.981441,73297300
2010-07-22,25.510000,25.990000,25.469999,25.840000,19.525482,73016400
2010-07-23,25.840000,26.020000,25.250000,25.809999,19.502823,108520100
2010-07-26,25.860001,26.200001,25.799999,26.100000,19.721956,67249900
2010-07-27,26.139999,26.240000,25.959999,26.160000,19.767288,60672100
2010-07-28,26.070000,26.190001,25.830000,25.950001,19.608614,69704800
2010-07-29,26.129999,26.410000,25.600000,26.030001,19.669065,69446200
2010-07-30,25.750000,25.840000,25.350000,25.809999,19.502823,83534800
2010-08-02,25.990000,26.379999,25.750000,26.330000,19.895756,55044600
2010-08-03,26.200001,26.350000,25.969999,26.160000,19.767288,56877700
2010-08-04,26.150000,26.240000,25.440001,25.730000,19.442375,78531900
2010-08-05,25.490000,25.580000,25.209999,25.370001,19.170347,64922100
2010-08-06,25.180000,25.559999,25.020000,25.549999,19.306356,55982100
2010-08-09,25.549999,25.730000,25.370001,25.610001,19.351700,57096500
2010-08-10,25.330000,25.340000,24.879999,25.070000,18.943659,87257700
2010-08-11,24.680000,24.900000,24.559999,24.860001,18.784971,76746900
2010-08-12,24.420000,24.680000,24.360001,24.490000,18.505392,70240500
2010-08-13,24.350000,24.670000,24.240000,24.400000,18.437389,45263500
2010-08-16,24.360001,24.610001,24.299999,24.500000,18.512947,40909700
2010-08-17,24.709999,24.959999,24.600000,24.709999,18.771235,52912600
2010-08-18,24.680000,24.950001,24.410000,24.820000,18.854788,46818900
2010-08-19,24.620001,24.740000,24.209999,24.440001,18.566124,54064600
2010-08-20,24.309999,24.400000,24.200001,24.230000,18.406595,49560100
2010-08-23,24.440001,24.639999,24.240000,24.280001,18.444582,51643000
2010-08-24,24.090000,24.350000,24.000000,24.040001,18.262262,66522500
2010-08-25,24.000000,24.219999,23.870001,24.100000,18.307840,47404800
2010-08-26,24.090000,24.190001,23.790001,23.820000,18.095129,49105300
2010-08-27,23.879999,24.020000,23.510000,23.930000,18.178707,60939400
2010-08-30,23.740000,23.820000,23.600000,23.639999,17.958397,45453100
2010-08-31,23.600000,23.730000,23.320000,23.469999,17.829252,66074600
2010-09-01,23.670000,23.950001,23.540001,23.900000,18.155907,65235900
2010-09-02,23.879999,23.950001,23.709999,23.940001,18.186300,48837100
2010-09-03,24.240000,24.450001,24.200001,24.290001,18.452177,64189100
2010-09-07,24.100000,24.299999,23.920000,23.959999,18.201485,51928700
2010-09-08,24.070000,24.200001,23.740000,23.930000,18.178707,65512400
2010-09-09,24.190001,24.209999,23.990000,24.010000,18.239471,46028900
2010-09-10,23.980000,24.030001,23.790001,23.850000,18.117924,58284300
2010-09-13,24.200001,25.290001,24.090000,25.110001,19.075102,114680400
2010-09-14,25.040001,25.350000,24.889999,25.030001,19.014315,87160400
2010-09-15,25.100000,25.219999,24.920000,25.120001,19.082697,56201900
2010-09-16,25.059999,25.370001,25.049999,25.330000,19.242218,44548300
2010-09-17,25.400000,25.530001,25.080000,25.219999,19.158657,70341600
2010-09-20,25.280001,25.520000,25.110001,25.430000,19.318188,49838700
2010-09-21,25.420000,25.420000,25.080000,25.150000,19.105480,52675700
2010-09-22,24.889999,24.969999,24.360001,24.610001,18.695265,94299400
2010-09-23,24.510000,24.590000,24.360001,24.430000,18.558527,46201800
2010-09-24,24.639999,24.799999,24.580000,24.780001,18.824406,51948800
2010-09-27,24.850000,24.990000,24.590000,24.730000,18.786421,43603300
2010-09-28,24.799999,24.900000,24.350000,24.680000,18.748440,56041200
2010-09-29,24.629999,24.660000,24.400000,24.500000,18.611700,44318900
2010-09-30,24.610001,24.830000,24.360001,24.490000,18.604105,61262700
2010-10-01,24.770000,24.820000,24.299999,24.379999,18.520536,62672300
2010-10-04,23.959999,23.990000,23.780001,23.910000,18.163506,98143400
2010-10-05,24.059999,24.450001,23.910000,24.350000,18.497755,78152900
2010-10-06,24.320000,24.540001,24.129999,24.430000,18.558527,50489700
2010-10-07,24.620001,24.750000,24.280001,24.530001,18.634499,50096100
2010-10-08,24.620001,24.650000,24.370001,24.570000,18.664879,41327800
2010-10-11,24.740000,24.740000,24.500000,24.590000,18.680071,27587800
2010-10-12,24.650000,24.930000,24.430000,24.830000,18.862398,50141500
2010-10-13,25.020000,25.540001,24.889999,25.340000,19.249821,75336500
2010-10-14,25.290001,25.340000,25.000000,25.230000,19.166262,51949100
2010-10-15,25.360001,25.549999,25.230000,25.540001,19.401745,68954800
2010-10-18,25.590000,25.950001,25.450001,25.820000,19.614452,48330500
2010-10-19,25.270000,25.370001,24.950001,25.100000,19.067507,66150900
2010-10-20,25.260000,25.400000,25.100000,25.309999,19.227034,56283600
2010-10-21,25.400000,25.540001,25.049999,25.420000,19.310596,50032400
2010-10-22,25.520000,25.540001,25.270000,25.379999,19.280199,25837900
2010-10-25,25.240000,25.350000,25.170000,25.190001,19.135866,50912400
2010-10-26,25.120001,25.969999,25.059999,25.900000,19.675220,69304200
2010-10-27,25.790001,26.110001,25.620001,26.049999,19.789175,64805500
2010-10-28,26.209999,26.379999,25.920000,26.280001,19.963900,80730300
2010-10-29,27.150000,27.200001,26.480000,26.670000,20.260172,114193200
2010-11-01,26.879999,27.219999,26.700001,26.950001,20.472872,61912100
2010-11-02,27.059999,27.420000,27.020000,27.389999,20.807123,54402100
2010-11-03,27.459999,27.490000,26.959999,27.030001,20.533644,110255300
2010-11-04,27.410000,27.430000,27.010000,27.139999,20.617208,93599300
2010-11-05,27.170000,27.190001,26.530001,26.850000,20.396910,110953700
2010-11-08,26.680000,28.870001,26.580000,26.809999,20.366520,71670800
2010-11-09,26.809999,27.110001,26.709999,26.950001,20.472872,58538600
2010-11-10,27.010000,27.080000,26.809999,26.940001,20.465273,52277300
2010-11-11,26.680000,26.719999,26.280001,26.680000,20.267769,62073100
2010-11-12,26.469999,26.520000,26.100000,26.270000,19.956301,64962200
2010-11-15,26.330000,26.500000,26.170000,26.200001,19.903124,51794600
2010-11-16,26.040001,26.040001,25.650000,25.809999,19.727327,65339200
2010-11-17,25.900000,25.910000,25.549999,25.570000,19.543894,58299700
2010-11-18,25.709999,26.080000,25.610001,25.840000,19.750261,59514000
2010-11-19,25.799999,25.830000,25.600000,25.690001,19.635611,52423200
2010-11-22,25.650000,25.740000,25.440001,25.730000,19.666187,53350500
2010-11-23,25.570000,25.600000,25.090000,25.120001,19.199942,69742500
2010-11-24,25.200001,25.459999,25.160000,25.370001,19.391024,56825900
2010-11-26,25.209999,25.410000,25.170000,25.250000,19.299307,21356500
2010-11-29,25.190001,25.420000,24.930000,25.309999,19.345169,56603600
2010-11-30,25.049999,25.469999,25.000000,25.260000,19.306953,75282100
2010-12-01,25.570000,26.250000,25.559999,26.040001,19.903122,74123500
2010-12-02,26.240000,26.980000,26.200001,26.889999,20.552799,91759200
2010-12-03,26.809999,27.059999,26.780001,27.020000,20.652161,52622000
2010-12-06,26.930000,26.980000,26.760000,26.840000,20.514585,36264200
2010-12-07,27.080000,27.129999,26.850000,26.870001,20.537527,57860500
2010-12-08,26.830000,27.240000,26.799999,27.230000,20.812677,41666800
2010-12-09,27.280001,27.340000,27.010000,27.080000,20.698032,47148300
2010-12-10,27.190001,27.400000,27.110001,27.340000,20.896759,37625800
2010-12-13,27.270000,27.450001,27.170000,27.250000,20.827963,47943900
2010-12-14,27.309999,27.750000,27.260000,27.620001,21.110765,64070500
2010-12-15,27.530001,27.990000,27.530001,27.850000,21.286558,69634200
2010-12-16,27.760000,27.990000,27.660000,27.990000,21.393568,57680200
2010-12-17,27.920000,28.090000,27.750000,27.900000,21.324778,87456500
2010-12-20,27.950001,27.990000,27.680000,27.809999,21.255989,52811000
2010-12-21,27.850000,28.139999,27.760000,28.070000,21.454714,38153000
2010-12-22,28.010000,28.400000,27.980000,28.190001,21.546436,42252300
2010-12-23,27.969999,28.320000,27.959999,28.299999,21.630503,24902500
2010-12-27,28.120001,28.200001,27.879999,28.070000,21.454714,21652800
2010-12-28,27.969999,28.170000,27.959999,28.010000,21.408857,23042200
2010-12-29,27.940001,28.120001,27.879999,27.969999,21.378275,19502500
2010-12-30,27.920000,28.000000,27.780001,27.850000,21.286558,20786100
2010-12-31,27.799999,27.920000,27.629999,27.910000,21.332426,24752000
2011-01-03,28.049999,28.180000,27.920000,27.980000,21.385925,53443800
2011-01-04,27.940001,28.170000,27.850000,28.090000,21.470001,54405600
2011-01-05,27.900000,28.010000,27.770000,28.000000,21.401211,58998700
2011-01-06,28.040001,28.850000,27.860001,28.820000,22.027954,88026300
2011-01-07,28.639999,28.740000,28.250000,28.600000,21.859812,73762000
2011-01-10,28.260000,28.400000,28.040001,28.219999,21.569363,57573600
2011-01-11,28.200001,28.250000,28.049999,28.110001,21.485287,50298900
2011-01-12,28.120001,28.590000,28.070000,28.549999,21.821598,52631100
2011-01-13,28.330000,28.389999,28.010000,28.190001,21.546436,67077600
2011-01-14,28.080000,28.379999,27.910000,28.299999,21.630503,62688400
2011-01-18,28.160000,28.740000,28.139999,28.660000,21.905668,53322700
2011-01-19,28.459999,28.680000,28.270000,28.469999,21.760439,50005900
2011-01-20,28.500000,28.549999,28.129999,28.350000,21.668732,58613600
2011-01-21,28.400000,28.430000,28.020000,28.020000,21.416494,58080300
2011-01-24,28.020000,28.559999,27.990000,28.379999,21.691654,52047800
2011-01-25,28.139999,28.450001,28.120001,28.450001,21.745161,42436600
2011-01-26,28.510000,28.990000,28.500000,28.780001,21.997391,74628800
2011-01-27,28.750000,29.459999,28.490000,28.870001,22.066185,146938600
2011-01-28,28.900000,28.930000,27.450001,27.750000,21.210125,141249400
2011-01-31,27.770000,27.900000,27.420000,27.730000,21.194836,65029000
2011-02-01,27.799999,28.059999,27.610001,27.990000,21.393568,62810700
2011-02-02,27.930000,28.110001,27.879999,27.940001,21.355345,45824000
2011-02-03,27.969999,27.969999,27.540001,27.650000,21.133694,60340100
2011-02-04,27.700001,27.840000,27.510000,27.770000,21.225416,40412200
2011-02-07,27.799999,28.340000,27.790001,28.200001,21.554071,68980900
2011-02-08,28.100000,28.340000,28.049999,28.280001,21.615219,34904200
2011-02-09,28.190001,28.260000,27.910000,27.969999,21.378275,52905100
2011-02-10,27.930000,27.940001,27.290001,27.500000,21.019054,76672400
2011-02-11,27.760000,27.809999,27.070000,27.250000,20.827963,83939700
2011-02-14,27.209999,27.270000,26.950001,27.230000,20.812677,56766200
2011-02-15,27.040001,27.330000,26.950001,26.959999,20.728102,44116500
2011-02-16,27.049999,27.070000,26.600000,27.020000,20.774235,70817900
2011-02-17,26.969999,27.370001,26.910000,27.209999,20.920321,57207300
2011-02-18,27.129999,27.209999,26.990000,27.059999,20.804985,68667800
2011-02-22,26.780001,27.100000,26.520000,26.590000,20.443636,60889000
2011-02-23,26.530001,26.860001,26.430000,26.590000,20.443636,60234100
2011-02-24,26.639999,27.059999,26.500000,26.770000,20.582020,64494200
2011-02-25,26.910000,26.950001,26.500000,26.549999,20.412874,53006300
2011-02-28,26.690001,26.860001,26.510000,26.580000,20.435947,51379900
2011-03-01,26.600000,26.780001,26.150000,26.160000,20.113033,60055000
2011-03-02,26.110001,26.370001,26.040001,26.080000,20.051527,48658200
2011-03-03,26.260000,26.400000,26.180000,26.200001,20.143778,68271500
2011-03-04,26.219999,26.240000,25.799999,25.950001,19.951569,70437200
2011-03-07,26.129999,26.270000,25.549999,25.719999,19.774733,64980400
2011-03-08,25.770000,26.020000,25.650000,25.910000,19.920818,50549800
2011-03-09,25.809999,25.980000,25.660000,25.889999,19.905436,39789100
2011-03-10,25.620001,25.709999,25.350000,25.410000,19.536390,66549500
2011-03-11,25.410000,25.850000,25.360001,25.680000,19.743986,49905800
2011-03-14,25.490000,25.760000,25.350000,25.690001,19.751673,54473400
2011-03-15,25.080000,25.469999,25.000000,25.389999,19.521009,76067300
2011-03-16,25.219999,25.280001,24.680000,24.790001,19.059713,100725400
2011-03-17,25.059999,25.219999,24.750000,24.780001,19.052019,62497000
2011-03-18,25.059999,25.180000,24.799999,24.799999,19.067398,85486700
2011-03-21,25.180000,25.580000,25.150000,25.330000,19.474890,46878100
2011-03-22,25.299999,25.459999,25.230000,25.299999,19.451820,30895600
2011-03-23,25.230000,25.610001,25.180000,25.540001,19.636347,43969000
2011-03-24,25.600000,25.870001,25.500000,25.809999,19.843937,38696700
2011-03-25,25.930000,25.950001,25.590000,25.620001,19.697851,57029800
2011-03-28,25.660000,25.719999,25.379999,25.410000,19.536390,48973200
2011-03-29,25.340000,25.520000,25.299999,25.490000,19.597900,40763500
2011-03-30,25.600000,25.719999,25.500000,25.610001,19.690159,41999300
2011-03-31,25.600000,25.680000,25.340000,25.389999,19.521009,63233700
2011-04-01,25.530001,25.530001,25.309999,25.480000,19.590212,63114200
2011-04-04,25.450001,25.660000,25.410000,25.549999,19.644035,35433700
2011-04-05,25.820000,26.180000,25.740000,25.780001,19.820868,73651100
2011-04-06,25.980000,26.309999,25.860001,26.150000,20.105341,65581400
2011-04-07,26.190001,26.260000,25.969999,26.200001,20.143778,46134700
2011-04-08,26.170000,26.280001,25.959999,26.070000,20.043829,39887600
2011-04-11,26.190001,26.250000,25.799999,25.980000,19.974640,34286300
2011-04-12,25.830000,25.850000,25.549999,25.639999,19.713223,36920400
2011-04-13,25.650000,25.870001,25.559999,25.629999,19.705538,38144700
2011-04-14,25.420000,25.440001,25.090000,25.420000,19.544077,55239900
2011-04-15,25.459999,25.559999,25.180000,25.370001,19.505642,65080400
2011-04-18,25.100000,25.280001,24.719999,25.080000,19.282677,58045100
2011-04-19,25.000000,25.170000,24.870001,25.150000,19.336494,38892400
2011-04-20,25.540001,26.000000,25.510000,25.760000,19.805489,61608600
2011-04-21,25.790001,25.889999,25.360001,25.520000,19.620970,46892300
2011-04-25,25.559999,25.620001,25.340000,25.610001,19.690159,33525100
2011-04-26,25.740000,26.440001,25.670000,26.190001,20.136095,69200000
2011-04-27,26.299999,26.389999,26.129999,26.379999,20.282169,52689000
2011-04-28,26.459999,26.870001,26.400000,26.709999,20.535889,80200000
2011-04-29,26.549999,26.639999,25.360001,25.920000,19.928507,319317900
2011-05-02,25.940001,26.000000,25.480000,25.660000,19.728603,89825600
2011-05-03,25.600000,25.850000,25.490000,25.809999,19.843937,71892900
2011-05-04,25.850000,26.250000,25.790001,26.059999,20.036144,73292300
2011-05-05,26.049999,26.080000,25.680000,25.790001,19.828556,55600000
2011-05-06,26.070000,26.219999,25.750000,25.870001,19.890062,55993000
2011-05-09,25.799999,25.959999,25.670000,25.830000,19.859306,38696400
2011-05-10,25.379999,25.850000,25.250000,25.670000,19.736292,120798700
2011-05-11,25.650000,25.660000,25.209999,25.360001,19.497948,78600000
2011-05-12,25.350000,25.389999,25.100000,25.320000,19.467199,77400000
2011-05-13,25.280001,25.320000,24.950001,25.030001,19.244240,66812300
2011-05-16,24.959999,25.070000,24.500000,24.570000,18.890560,91350900
2011-05-17,24.400000,24.700001,24.270000,24.520000,18.975691,82882100
2011-05-18,24.530001,24.740000,24.250000,24.690001,19.107250,53931100
2011-05-19,24.850000,24.879999,24.500000,24.719999,19.130470,37783600
2011-05-20,24.719999,24.870001,24.440001,24.490000,18.952473,45451500
2011-05-23,24.209999,24.250000,24.030001,24.170000,18.704824,52692500
2011-05-24,24.200001,24.290001,24.040001,24.150000,18.689352,47691800
2011-05-25,24.170000,24.309999,24.160000,24.190001,18.720303,34904200
2011-05-26,24.350000,25.030001,24.320000,24.670000,19.091768,78016600
2011-05-27,24.680000,24.900000,24.650000,24.760000,19.161421,50251000
2011-05-31,24.959999,25.059999,24.700001,25.010000,19.354900,60196300
2011-06-01,24.990000,25.100000,24.370001,24.430000,18.906044,74033500
2011-06-02,24.490000,24.650000,24.180000,24.219999,18.743525,51487800
2011-06-03,24.049999,24.139999,23.840000,23.910000,18.503614,60697700
2011-06-06,23.889999,24.250000,23.770000,24.010000,18.581007,54778700
2011-06-07,24.090000,24.170000,23.900000,24.059999,18.619703,41112600
2011-06-08,23.900000,24.020000,23.860001,23.940001,18.526833,42205000
2011-06-09,24.010000,24.040001,23.820000,23.959999,18.542311,42878700
2011-06-10,24.020000,24.020000,23.690001,23.709999,18.348841,49327200
2011-06-13,23.790001,24.190001,23.700001,24.040001,18.604227,47572500
2011-06-14,24.299999,24.450001,24.190001,24.219999,18.743525,42894500
2011-06-15,24.000000,24.010000,23.670000,23.740000,18.372057,49410200
2011-06-16,23.750000,24.100000,23.650000,24.000000,18.573265,57184100
2011-06-17,24.219999,24.299999,23.980000,24.260000,18.774487,83320400
2011-06-20,24.170000,24.660000,24.160000,24.469999,18.936996,54338400
2011-06-21,24.520000,24.860001,24.400000,24.760000,19.161421,49708700
2011-06-22,24.600000,24.809999,24.590000,24.650000,19.076292,44287300
2011-06-23,24.440001,24.650000,24.200001,24.629999,19.060825,59470400
2011-06-24,24.510000,24.540001,24.190001,24.299999,18.805435,101387200
2011-06-27,24.230000,25.459999,24.230000,25.200001,19.501930,92044200
2011-06-28,25.299999,25.920000,25.160000,25.799999,19.966267,81032100
2011-06-29,25.709999,25.709999,25.360001,25.620001,19.826963,66051000
2011-06-30,25.740000,26.000000,25.660000,26.000000,20.121037,52535400
2011-07-01,25.930000,26.170000,25.840000,26.020000,20.136524,52906200
2011-07-05,26.100000,26.150000,25.900000,26.030001,20.144258,37805300
2011-07-06,25.969999,26.370001,25.959999,26.330000,20.376417,48744200
2011-07-07,26.490000,26.879999,26.360001,26.770000,20.716927,51946500
2011-07-08,26.540001,26.980000,26.510000,26.920000,20.833017,58320700
2011-07-11,26.620001,26.799999,26.490000,26.629999,20.608589,43999800
2011-07-12,26.549999,26.790001,26.340000,26.540001,20.538942,47319300
2011-07-13,26.600000,26.959999,26.510000,26.629999,20.608589,40861800
2011-07-14,26.620001,27.010000,26.360001,26.469999,20.484770,46382300
2011-07-15,26.469999,26.930000,26.469999,26.780001,20.724672,49132400
2011-07-18,26.629999,26.900000,26.260000,26.590000,20.577635,44501900
2011-07-19,26.809999,27.639999,26.780001,27.540001,21.312822,86730600
2011-07-20,27.280001,27.350000,26.980000,27.059999,20.941355,49795400
2011-07-21,27.040001,27.309999,26.650000,27.100000,20.972313,81737400
2011-07-22,26.860001,27.549999,26.680000,27.530001,21.305080,76380600
2011-07-25,27.260000,28.090000,27.190001,27.910000,21.599165,108482400
2011-07-26,27.820000,28.150000,27.780001,28.080000,21.730722,74636500
2011-07-27,27.879999,27.990000,27.200001,27.330000,21.150311,71488700
2011-07-28,27.290001,28.070000,27.209999,27.719999,21.452124,83761400
2011-07-29,27.520000,27.709999,27.260000,27.400000,21.204489,104394800
2011-08-01,27.510000,27.690001,26.750000,27.270000,21.103880,61838400
2011-08-02,26.980000,27.450001,26.760000,26.799999,20.740152,63883100
2011-08-03,26.830000,27.000000,26.480000,26.920000,20.833017,64581200
2011-08-04,26.530001,26.870001,25.930000,25.940001,20.074606,92949500
2011-08-05,25.969999,26.100000,25.230000,25.680000,19.873398,112071700
2011-08-08,25.020000,25.600000,24.389999,24.480000,18.944729,134257200
2011-08-09,24.709999,25.620001,24.030001,25.580000,19.796007,126268900
2011-08-10,24.950001,25.090000,24.100000,24.200001,18.728050,127819900
2011-08-11,24.500000,25.379999,24.400000,25.190001,19.494202,90690100
2011-08-12,25.129999,25.340000,24.650000,25.100000,19.424543,64787100
2011-08-15,25.240000,25.580000,25.150000,25.510000,19.741837,56529400
2011-08-16,25.219999,25.590000,25.049999,25.350000,19.741835,54251500
2011-08-17,25.250000,25.700001,24.930000,25.250000,19.663954,50923700
2011-08-18,24.570000,25.090000,24.030001,24.670000,19.212273,105714200
2011-08-19,24.410000,24.620001,23.910000,24.049999,18.729437,77397900
2011-08-22,24.420000,24.490000,23.790001,23.980000,18.674925,54721000
2011-08-23,24.030001,24.750000,24.030001,24.719999,19.251211,59670600
2011-08-24,24.650000,24.930000,24.420000,24.900000,19.391382,45329700
2011-08-25,25.080000,25.160000,24.500000,24.570000,19.134398,48192000
2011-08-26,24.510000,25.340000,24.420000,25.250000,19.663954,71957000
2011-08-29,25.530001,25.860001,25.370001,25.840000,20.123434,38863200
2011-08-30,25.730000,26.430000,25.700001,26.230000,20.427151,57341400
2011-08-31,26.290001,26.709999,26.260000,26.600000,20.715302,59300800
2011-09-01,26.459999,26.860001,26.209999,26.209999,20.411579,60510800
2011-09-02,25.780001,26.000000,25.660000,25.799999,20.092287,43894400
2011-09-06,25.200001,25.590000,25.110001,25.510000,19.866436,54929300
2011-09-07,25.690001,26.000000,25.570000,26.000000,20.248035,41961000
2011-09-08,26.000000,26.660000,25.950001,26.219999,20.419369,65811900
2011-09-09,26.000000,26.180000,25.500000,25.740000,20.045553,64529200
2011-09-12,25.440001,25.930000,25.270000,25.889999,20.162376,55046100
2011-09-13,25.920000,26.190001,25.809999,26.040001,20.279188,48792300
2011-09-14,26.170000,26.799999,25.889999,26.500000,20.637426,66739200
2011-09-15,26.730000,27.030001,26.309999,26.990000,21.019022,67808300
2011-09-16,27.049999,27.270000,26.830000,27.120001,21.120264,89681500
2011-09-19,26.799999,27.309999,26.600000,27.209999,21.190348,52324900
2011-09-20,27.309999,27.500000,26.930000,26.980000,21.011234,49211900
2011-09-21,27.049999,27.059999,25.969999,25.990000,20.240253,72750700
2011-09-22,25.299999,25.650000,24.600000,25.059999,19.515997,96278300
2011-09-23,24.900000,25.150000,24.690001,25.059999,19.515997,64768100
2011-09-26,25.190001,25.520000,24.730000,25.440001,19.811926,51057600
2011-09-27,25.660000,25.920000,25.450001,25.670000,19.991045,55620700
2011-09-28,25.930000,26.370001,25.510000,25.580000,19.920958,60736200
2011-09-29,25.980000,26.170000,25.090000,25.450001,19.819714,63407300
2011-09-30,25.200001,25.500000,24.879999,24.889999,19.383600,54060500
2011-10-03,24.719999,25.340000,24.520000,24.530001,19.103243,64592500
2011-10-04,24.299999,25.389999,24.260000,25.340000,19.734045,83485400
2011-10-05,25.420000,26.160000,25.160000,25.889999,20.162376,94061300
2011-10-06,25.900000,26.400000,25.700001,26.340000,20.512819,55111400
2011-10-07,26.340000,26.510000,26.200001,26.250000,20.442728,52741600
2011-10-10,26.580000,26.969999,26.469999,26.940001,20.980085,41815300
2011-10-11,26.860001,27.070000,26.719999,27.000000,21.026808,38826200
2011-10-12,27.180000,27.309999,26.900000,26.959999,20.995653,52489800
2011-10-13,26.760000,27.200001,26.620001,27.180000,21.166994,43823500
2011-10-14,27.309999,27.500000,27.020000,27.270000,21.237078,50947700
2011-10-17,27.110001,27.420000,26.850000,26.980000,21.011234,39453300
2011-10-18,26.940001,27.400000,26.799999,27.309999,21.268225,52487900
2011-10-19,27.370001,27.469999,27.010000,27.129999,21.128046,42880000
2011-10-20,27.260000,27.340000,26.400000,27.040001,21.057959,76300200
2011-10-21,27.150000,27.190001,26.799999,27.160000,21.151409,76620600
2011-10-24,27.059999,27.400000,27.040001,27.190001,21.174774,56897800
2011-10-25,27.080000,27.230000,26.719999,26.809999,20.878843,53554600
2011-10-26,27.030001,27.059999,26.100000,26.590000,20.707512,63029900
2011-10-27,27.129999,27.400000,26.650000,27.250000,21.221504,74512400
2011-10-28,27.139999,27.190001,26.790001,26.980000,21.011234,57712100
2011-10-31,26.760000,27.000000,26.620001,26.629999,20.738659,46799000
2011-11-01,26.190001,26.320000,25.860001,25.990000,20.240253,61182600
2011-11-02,26.100000,26.200001,25.700001,26.010000,20.255829,53533100
2011-11-03,26.240000,26.590000,25.980000,26.530001,20.660786,65836100
2011-11-04,26.379999,26.400000,26.000000,26.250000,20.442728,36549200
2011-11-07,26.209999,26.820000,26.129999,26.799999,20.871061,42589700
2011-11-08,27.010000,27.200001,26.690001,27.160000,21.151409,47822500
2011-11-09,26.590000,26.750000,26.059999,26.200001,20.403793,62950900
2011-11-10,26.469999,26.500000,26.120001,26.280001,20.466093,32514400
2011-11-11,26.580000,27.080000,26.570000,26.910000,20.956717,37903000
2011-11-14,26.879999,27.000000,26.650000,26.760000,20.839907,34199200
2011-11-15,26.559999,26.940001,26.400000,26.740000,20.981133,43874200
2011-11-16,26.469999,26.510000,26.040001,26.070000,20.455429,53262800
2011-11-17,26.010000,26.040001,25.440001,25.540001,20.039576,70977500
2011-11-18,25.480000,25.500000,25.150000,25.299999,19.851267,47626200
2011-11-21,25.240000,25.250000,24.900000,25.000000,19.615873,61882500
2011-11-22,24.889999,24.959999,24.650000,24.790001,19.451099,49204500
2011-11-23,24.610001,24.790001,24.469999,24.469999,19.200016,49099700
2011-11-25,24.379999,24.670000,24.299999,24.299999,19.066631,26164600
2011-11-28,24.940001,24.969999,24.690001,24.870001,19.513876,46766700
2011-11-29,24.820000,25.040001,24.750000,24.840000,19.490335,40917100
2011-11-30,25.370001,25.590000,25.139999,25.580000,20.070959,81350900
2011-12-01,25.559999,25.629999,25.200001,25.280001,19.835569,48545400
2011-12-02,25.590000,25.620001,25.160000,25.219999,19.788500,52293800
2011-12-05,25.780001,25.799999,25.500000,25.700001,20.165117,56818400
2011-12-06,25.809999,25.870001,25.610001,25.660000,20.133730,46175300
2011-12-07,25.670000,25.760000,25.340000,25.600000,20.086657,62667000
2011-12-08,25.480000,25.719999,25.370001,25.400000,19.929720,60522200
2011-12-09,25.520000,25.870001,25.500000,25.700001,20.165117,53788500
2011-12-12,25.410000,25.570000,25.290001,25.510000,20.016039,38945900
2011-12-13,25.750000,26.100000,25.650000,25.760000,20.212200,54581100
2011-12-14,25.719999,25.860001,25.570000,25.590000,20.078802,47926400
2011-12-15,25.719999,25.879999,25.540001,25.559999,20.055267,46213900
2011-12-16,25.670000,26.170000,25.629999,26.000000,20.400507,101408100
2011-12-19,26.020000,26.120001,25.459999,25.530001,20.031725,52258300
2011-12-20,25.860001,26.100000,25.809999,26.030001,20.424044,60767600
2011-12-21,26.010000,26.190001,25.440001,25.760000,20.212200,64132500
2011-12-22,25.820000,25.860001,25.480000,25.809999,20.251423,35794100
2011-12-23,25.910000,26.040001,25.730000,26.030001,20.424044,23205800
2011-12-27,25.959999,26.139999,25.930000,26.040001,20.431900,21287200
2011-12-28,26.110001,26.150000,25.760000,25.820000,20.259268,29822500
2011-12-29,25.950001,26.049999,25.860001,26.020000,20.416201,22616900
2011-12-30,26.000000,26.120001,25.910000,25.959999,20.369122,27395700
2012-01-03,26.549999,26.959999,26.389999,26.770000,21.004677,64731500
2012-01-04,26.820000,27.469999,26.780001,27.400000,21.498995,80516100
2012-01-05,27.379999,27.730000,27.290001,27.680000,21.718693,56081400
2012-01-06,27.530001,28.190001,27.530001,28.110001,22.056091,99455500
2012-01-09,28.049999,28.100000,27.719999,27.740000,21.765776,59706800
2012-01-10,27.930000,28.150000,27.750000,27.840000,21.844240,60014400
2012-01-11,27.430000,27.980000,27.370001,27.719999,21.750078,65582400
2012-01-12,27.870001,28.020000,27.650000,28.000000,21.969782,49370800
2012-01-13,27.930000,28.250000,27.790001,28.250000,22.165937,60196100
2012-01-17,28.400000,28.650000,28.170000,28.260000,22.173784,72395300
2012-01-18,28.309999,28.400000,27.969999,28.230000,22.150240,64860600
2012-01-19,28.160000,28.440001,28.030001,28.120001,22.063931,74053500
2012-01-20,28.820000,29.740000,28.750000,29.709999,23.311504,165902900
2012-01-23,29.549999,29.950001,29.350000,29.730000,23.327198,76078100
2012-01-24,29.469999,29.570000,29.180000,29.340000,23.021187,51703300
2012-01-25,29.070000,29.650000,29.070000,29.559999,23.193810,59231700
2012-01-26,29.610001,29.700001,29.400000,29.500000,23.146725,49102800
2012-01-27,29.450001,29.530001,29.170000,29.230000,22.934875,44187700
2012-01-30,28.969999,29.620001,28.830000,29.610001,23.233042,51114800
2012-01-31,29.660000,29.700001,29.230000,29.530001,23.170267,50572400
2012-02-01,29.790001,30.049999,29.760000,29.889999,23.452742,67409900
2012-02-02,29.900000,30.170000,29.709999,29.950001,23.499815,52223300
2012-02-03,30.139999,30.400000,30.090000,30.240000,23.727362,41838500
2012-02-06,30.040001,30.219999,29.969999,30.200001,23.695972,28039700
2012-02-07,30.150000,30.490000,30.049999,30.350000,23.813667,39242400
2012-02-08,30.260000,30.670000,30.219999,30.660000,24.056906,49659100
2012-02-09,30.680000,30.799999,30.480000,30.770000,24.143223,50481600
2012-02-10,30.639999,30.799999,30.360001,30.500000,23.931362,44605300
2012-02-13,30.629999,30.770000,30.430000,30.580000,23.994141,33319800
2012-02-14,30.330000,30.459999,29.850000,30.250000,23.891462,59644000
2012-02-15,30.330000,30.389999,30.030001,30.049999,23.733498,43311300
2012-02-16,30.309999,31.549999,30.299999,31.290001,24.712854,94705100
2012-02-17,31.200001,31.320000,30.950001,31.250000,24.681261,70036500
2012-02-21,31.180000,31.610001,31.150000,31.440001,24.831320,50829900
2012-02-22,31.450001,31.680000,31.180000,31.270000,24.697054,49253200
2012-02-23,31.200001,31.590000,31.000000,31.370001,24.776043,35034700
2012-02-24,31.480000,31.500000,31.240000,31.480000,24.862919,35575400
2012-02-27,31.240000,31.500000,31.100000,31.350000,24.760244,34568400
2012-02-28,31.410000,31.930000,31.379999,31.870001,25.170940,45230600
2012-02-29,31.889999,32.000000,31.610001,31.740000,25.068266,59323600
2012-03-01,31.930000,32.389999,31.850000,32.290001,25.502647,77344100
2012-03-02,32.310001,32.439999,32.000000,32.080002,25.336792,47314200
2012-03-05,32.009998,32.049999,31.620001,31.799999,25.115656,45240000
2012-03-06,31.540001,31.980000,31.490000,31.559999,24.926100,51932900
2012-03-07,31.670000,31.920000,31.530001,31.840000,25.147243,34340400
2012-03-08,32.040001,32.209999,31.900000,32.009998,25.281509,36747400
2012-03-09,32.099998,32.160000,31.920000,31.990000,25.265718,34628400
2012-03-12,31.969999,32.200001,31.820000,32.040001,25.305199,34073600
2012-03-13,32.240002,32.689999,32.150002,32.669998,25.802776,48951700
2012-03-14,32.529999,32.880001,32.490002,32.770000,25.881765,41986900
2012-03-15,32.790001,32.939999,32.580002,32.849998,25.944942,49068300
2012-03-16,32.910000,32.950001,32.500000,32.599998,25.747490,65626400
2012-03-19,32.540001,32.610001,32.150002,32.200001,25.431572,44789200
2012-03-20,32.099998,32.150002,31.740000,31.990000,25.265718,41566800
2012-03-21,31.959999,32.150002,31.820000,31.910000,25.202534,37928600
2012-03-22,31.809999,32.090000,31.790001,32.000000,25.273609,31749500
2012-03-23,32.099998,32.110001,31.719999,32.009998,25.281509,35912200
2012-03-26,32.189999,32.610001,32.150002,32.590000,25.739594,36758300
2012-03-27,32.650002,32.700001,32.400002,32.520000,25.684307,36274900
2012-03-28,32.520000,32.700001,32.040001,32.189999,25.423674,41344800
2012-03-29,32.060001,32.189999,31.809999,32.119999,25.368387,37038500
2012-03-30,32.400002,32.410000,32.040001,32.259998,25.478956,31749400
2012-04-02,32.220001,32.459999,31.950001,32.290001,25.502647,35853600
2012-04-03,32.160000,32.189999,31.660000,31.940001,25.226223,42752100
2012-04-04,31.660000,31.690001,31.049999,31.209999,24.649673,49455900
2012-04-05,31.150000,31.629999,31.049999,31.520000,24.894508,50368600
2012-04-09,31.219999,31.400000,30.969999,31.100000,24.562798,31056400
2012-04-10,31.059999,31.190001,30.299999,30.469999,24.065216,54131300
2012-04-11,30.430000,30.530001,30.230000,30.350000,23.970440,43014000
2012-04-12,30.480000,31.040001,30.420000,30.980000,24.468018,38304000
2012-04-13,30.889999,31.160000,30.719999,30.809999,24.333752,39749200
2012-04-16,30.990000,31.190001,30.770000,31.080000,24.546997,38124800
2012-04-17,31.270000,31.610001,31.200001,31.440001,24.831320,34361500
2012-04-18,31.280001,31.309999,31.040001,31.139999,24.594383,40552900
2012-04-19,31.129999,31.680000,30.940001,31.010000,24.491714,54781200
2012-04-20,32.150002,32.889999,32.049999,32.419998,25.605330,106045000
2012-04-23,32.310001,32.500000,32.029999,32.119999,25.368387,61398200
2012-04-24,32.209999,32.520000,31.830000,31.920000,25.210426,40871100
2012-04-25,31.920000,32.320000,31.870001,32.200001,25.431572,62495500
2012-04-26,32.119999,32.230000,31.920000,32.110001,25.360491,40308100
2012-04-27,32.119999,32.220001,31.879999,31.980000,25.257818,41419100
2012-04-30,31.980000,32.110001,31.920000,32.020000,25.289410,35697200
2012-05-01,32.049999,32.340000,31.950001,32.009998,25.281509,43832300
2012-05-02,31.850000,31.930000,31.639999,31.799999,25.115656,37385300
2012-05-03,31.879999,31.900000,31.610001,31.760000,25.084059,31501300
2012-05-04,31.450001,31.570000,30.920000,30.980000,24.468018,57927200
2012-05-07,30.700001,30.860001,30.570000,30.650000,24.207378,48641400
2012-05-08,30.480000,30.780001,30.170000,30.500000,24.088907,46328300
2012-05-09,30.190001,30.830000,30.100000,30.760000,24.294258,50309300
2012-05-10,30.860001,31.020000,30.450001,30.740000,24.278461,43839200
2012-05-11,30.690001,31.540001,30.690001,31.160000,24.610186,43459300
2012-05-14,30.820000,31.040001,30.639999,30.680000,24.231073,40528900
2012-05-15,30.639999,30.799999,30.150000,30.209999,24.016436,61822800
2012-05-16,30.309999,30.320000,29.740000,29.900000,23.769983,60083700
2012-05-17,29.990000,30.209999,29.709999,29.719999,23.626890,48484000
2012-05-18,29.790001,29.809999,29.170000,29.270000,23.269148,56205300
2012-05-21,29.100000,29.790001,29.059999,29.750000,23.650736,38787900
2012-05-22,29.690001,29.879999,29.500000,29.760000,23.658691,39504900
2012-05-23,29.350000,29.400000,28.639999,29.110001,23.141949,65171000
2012-05-24,29.160000,29.299999,28.760000,29.070000,23.110151,52575000
2012-05-25,29.200001,29.360001,29.010000,29.059999,23.102198,29507200
2012-05-29,29.379999,29.719999,29.219999,29.559999,23.499699,37758800
2012-05-30,29.350000,29.480000,29.120001,29.340000,23.324797,41585500
2012-05-31,29.299999,29.420000,28.940001,29.190001,23.205547,39134000
2012-06-01,28.760000,28.959999,28.440001,28.450001,22.617258,56634300
2012-06-04,28.620001,28.780001,28.320000,28.549999,22.696762,47926300
2012-06-05,28.510000,28.750000,28.389999,28.510000,22.664970,45715400
2012-06-06,28.879999,29.370001,28.809999,29.350000,23.332743,46860500
2012-06-07,29.639999,29.700001,29.170000,29.230000,23.237349,37792800
2012-06-08,29.209999,29.680000,29.049999,29.650000,23.571241,42551100
2012-06-11,29.730000,29.809999,28.820000,28.900000,22.975002,46361900
2012-06-12,29.100000,29.299999,28.840000,29.290001,23.285051,35337900
2012-06-13,29.219999,29.440001,29.049999,29.129999,23.157845,32984600
2012-06-14,29.330000,29.459999,28.879999,29.340000,23.324797,39458900
2012-06-15,29.590000,30.080000,29.490000,30.020000,23.865385,62314400
2012-06-18,29.990000,30.030001,29.709999,29.840000,23.722290,58679900
2012-06-19,30.190001,31.110001,30.049999,30.700001,24.405970,75725800
2012-06-20,30.930000,31.049999,30.639999,30.930000,24.588821,36257100
2012-06-21,30.959999,31.139999,30.059999,30.139999,23.960781,48456600
2012-06-22,30.299999,30.730000,30.030001,30.700001,24.405970,45098100
2012-06-25,30.299999,30.320000,29.620001,29.870001,23.746138,42217200
2012-06-26,30.000000,30.270000,29.940001,30.020000,23.865385,38421300
2012-06-27,30.190001,30.500000,30.030001,30.170000,23.984627,33781700
2012-06-28,29.980000,30.049999,29.420000,29.910000,23.777937,45328400
2012-06-29,30.450001,30.690001,30.139999,30.590000,24.318527,55227200
2012-07-02,30.620001,30.620001,30.209999,30.559999,24.294678,30589100
2012-07-03,30.230000,30.760000,30.170000,30.760000,24.453672,20938100
2012-07-05,30.590000,30.780001,30.379999,30.700001,24.405970,28801900
2012-07-06,30.610001,30.700001,29.950001,30.190001,24.000540,38294800
2012-07-09,30.120001,30.230000,29.780001,30.000000,23.849478,30680800
2012-07-10,30.080000,30.219999,29.510000,29.740000,23.642790,37534100
2012-07-11,29.709999,29.740000,29.110001,29.299999,23.292994,39184900
2012-07-12,29.150000,29.180000,28.540001,28.629999,22.760359,63523600
2012-07-13,28.760000,29.480000,28.719999,29.389999,23.364542,39085000
2012-07-16,29.480000,29.530001,29.040001,29.440001,23.404293,27900600
2012-07-17,29.639999,29.860001,29.200001,29.660000,23.579189,33771300
2012-07-18,29.600000,30.450001,29.459999,30.450001,24.207228,41090400
2012-07-19,30.510000,30.799999,30.379999,30.670000,24.382124,46663200
2012-07-20,31.000000,31.049999,30.049999,30.120001,23.944887,64021700
2012-07-23,29.570000,29.580000,29.010000,29.280001,23.277100,55151900
2012-07-24,29.240000,29.360001,28.900000,29.150000,23.173746,47723300
2012-07-25,29.240000,29.330000,28.780001,28.830000,22.919352,45579500
2012-07-26,29.230000,29.500000,29.090000,29.160000,23.181696,45301400
2012-07-27,29.480000,29.850000,29.180000,29.760000,23.658691,44242600
2012-07-30,29.750000,29.820000,29.459999,29.639999,23.563297,28905000
2012-07-31,29.480000,29.709999,29.330000,29.469999,23.428141,37620900
2012-08-01,29.590000,29.650000,29.209999,29.410000,23.380445,31721800
2012-08-02,29.209999,29.530001,28.969999,29.190001,23.205547,39520500
2012-08-03,29.530001,29.940001,29.480000,29.750000,23.650736,35859400
2012-08-06,30.000000,30.110001,29.809999,29.950001,23.809738,27471800
2012-08-07,30.070000,30.350000,29.870001,30.260000,24.056179,28002900
2012-08-08,30.209999,30.469999,30.110001,30.330000,24.111832,26257600
2012-08-09,30.389999,30.650000,30.299999,30.500000,24.246977,24920800
2012-08-10,30.500000,30.620001,30.250000,30.420000,24.183374,27810300
2012-08-13,30.350000,30.459999,30.160000,30.389999,24.159527,23049100
2012-08-14,30.299999,30.389999,30.010000,30.129999,24.111515,34551400
2012-08-15,30.110001,30.280001,30.020000,30.200001,24.167530,24351000
2012-08-16,30.360001,30.940001,30.260000,30.780001,24.631680,35787200
2012-08-17,30.920000,30.920000,30.590000,30.900000,24.727705,32589900
2012-08-20,30.820000,30.850000,30.580000,30.740000,24.599669,23737700
2012-08-21,30.760000,30.959999,30.610001,30.799999,24.647684,28822700
2012-08-22,30.590000,30.760000,30.469999,30.540001,24.439619,33437400
2012-08-23,30.389999,30.400000,30.080000,30.260000,24.215542,28355600
2012-08-24,30.250000,30.629999,30.180000,30.559999,24.455624,22943300
2012-08-27,30.930000,30.959999,30.590000,30.690001,24.559652,34691100
2012-08-28,30.700001,30.799999,30.520000,30.629999,24.511635,23947900
2012-08-29,30.650000,30.750000,30.440001,30.650000,24.527645,23346800
2012-08-30,30.530001,30.610001,30.219999,30.320000,24.263561,23982100
2012-08-31,30.600000,30.959999,30.379999,30.820000,24.663685,36590100
2012-09-04,30.450001,30.660000,30.150000,30.389999,24.319578,48556700
2012-09-05,30.219999,30.530001,30.209999,30.389999,24.319578,33650000
2012-09-06,30.500000,31.360001,30.459999,31.350000,25.087818,48371700
2012-09-07,31.040001,31.070000,30.730000,30.950001,24.767714,42649100
2012-09-10,30.830000,30.900000,30.510000,30.719999,24.583662,40524000
2012-09-11,30.690001,30.910000,30.610001,30.790001,24.639675,25191800
2012-09-12,30.940001,31.180000,30.730000,30.780001,24.631680,32775800
2012-09-13,30.889999,31.180000,30.400000,30.940001,24.759720,45047300
2012-09-14,31.010000,31.250000,30.809999,31.209999,24.975780,51422800
2012-09-17,31.190001,31.260000,31.040001,31.209999,24.975780,36488500
2012-09-18,31.100000,31.209999,31.030001,31.180000,24.951769,34542700
2012-09-19,31.090000,31.190001,31.040001,31.049999,24.847742,48871900
2012-09-20,30.950001,31.480000,30.910000,31.450001,25.167847,45543000
2012-09-21,31.430000,31.610001,31.090000,31.190001,24.959774,102348900
2012-09-24,31.000000,31.070000,30.639999,30.780001,24.631680,46825900
2012-09-25,30.950001,31.000000,30.360001,30.389999,24.319578,54266400
2012-09-26,30.280001,30.600000,30.040001,30.170000,24.143520,54672000
2012-09-27,30.170000,30.400000,29.889999,30.160000,24.135525,47129900
2012-09-28,30.180000,30.260000,29.740000,29.760000,23.815422,54229300
2012-10-01,29.809999,29.980000,29.420000,29.490000,23.599350,54042700
2012-10-02,29.680000,29.889999,29.500000,29.660000,23.735390,43338900
2012-10-03,29.750000,29.990000,29.670000,29.860001,23.895449,46655900
2012-10-04,29.969999,30.030001,29.570000,30.030001,24.031487,43634900
2012-10-05,30.230000,30.250000,29.740000,29.850000,23.887444,41133900
2012-10-08,29.639999,29.920000,29.549999,29.780001,23.831425,29752000
2012-10-09,29.680000,29.740000,29.180000,29.280001,23.431305,45121100
2012-10-10,29.150000,29.309999,28.950001,28.980000,23.191225,47227100
2012-10-11,29.219999,29.250000,28.870001,28.950001,23.167227,41488500
2012-10-12,28.969999,29.320000,28.799999,29.200001,23.367285,46464700
2012-10-15,29.370001,29.719999,29.250000,29.510000,23.615355,42440200
2012-10-16,29.450001,29.740000,29.320000,29.490000,23.599350,47739400
2012-10-17,29.299999,29.639999,29.090000,29.590000,23.679375,44206100
2012-10-18,29.650000,29.730000,29.260000,29.500000,23.607353,59238500
2012-10-19,29.049999,29.080000,28.500000,28.639999,22.919144,90470800
2012-10-22,28.730000,28.830000,27.830000,28.000000,22.406984,83374000
2012-10-23,27.770000,28.200001,27.760000,28.049999,22.446993,64414800
2012-10-24,28.160000,28.200001,27.870001,27.900000,22.326965,53320400
2012-10-25,28.190001,28.200001,27.860001,27.879999,22.310951,54084300
2012-10-26,27.860001,28.340000,27.840000,28.209999,22.575031,57790000
2012-10-31,28.549999,28.879999,28.500000,28.540001,22.839113,69464100
2012-11-01,28.840000,29.559999,28.820000,29.520000,23.623365,72047900
2012-11-02,29.590000,29.770000,29.330000,29.500000,23.607353,57131600
2012-11-05,29.620001,29.740000,29.330000,29.629999,23.711386,38070800
2012-11-06,29.820000,30.200001,29.610001,29.860001,23.895449,43401500
2012-11-07,29.530001,29.830000,29.049999,29.080000,23.271250,57871800
2012-11-08,29.120001,29.370001,28.799999,28.809999,23.055183,49841800
2012-11-09,28.879999,29.190001,28.809999,28.830000,23.071192,43291200
2012-11-12,28.940001,29.010000,28.209999,28.219999,22.583038,61112300
2012-11-13,27.020000,27.299999,26.750000,27.090000,21.856897,131689200
2012-11-14,27.240000,27.290001,26.799999,26.840000,21.655186,76086100
2012-11-15,26.879999,26.969999,26.629999,26.660000,21.509956,50955600
2012-11-16,26.670000,26.700001,26.340000,26.520000,21.397005,64083300
2012-11-19,26.799999,26.799999,26.469999,26.730000,21.566435,57179300
2012-11-20,26.760000,26.799999,26.459999,26.709999,21.550304,47070400
2012-11-21,26.709999,27.170000,26.670000,26.950001,21.743942,66360300
2012-11-23,27.230000,27.770000,27.200001,27.700001,22.349054,57845700
2012-11-26,27.540001,27.580000,27.170000,27.389999,22.098934,85198700
2012-11-27,27.360001,27.379999,27.040001,27.080000,21.848827,45018600
2012-11-28,27.010000,27.389999,26.770000,27.360001,22.074738,53018400
2012-11-29,27.110001,27.360001,26.860001,26.950001,21.743942,69551400
2012-11-30,27.049999,27.129999,26.490000,26.620001,21.477686,83690200
2012-12-03,26.780001,26.820000,26.400000,26.430000,21.324387,53173800
2012-12-04,26.500000,26.629999,26.340000,26.370001,21.275976,49777500
2012-12-05,26.379999,26.930000,26.260000,26.670000,21.518030,68283800
2012-12-06,26.809999,26.980000,26.610001,26.730000,21.566435,39182300
2012-12-07,26.820000,26.820000,26.370001,26.459999,21.348589,46162100
2012-12-10,26.559999,26.969999,26.520000,26.940001,21.735863,47031100
2012-12-11,27.049999,27.490000,27.049999,27.320000,22.042463,52282800
2012-12-12,27.530001,27.620001,27.080000,27.240000,21.977921,43966300
2012-12-13,27.320000,27.520000,26.950001,27.110001,21.873030,45080100
2012-12-14,27.110001,27.129999,26.700001,26.809999,21.630976,42077500
2012-12-17,26.790001,27.219999,26.680000,27.100000,21.864965,42046100
2012-12-18,27.250000,27.629999,27.139999,27.559999,22.236099,50486900
2012-12-19,27.690001,27.730000,27.250000,27.309999,22.034395,53519900
2012-12-20,27.360001,27.680000,27.150000,27.680000,22.332924,52607300
2012-12-21,27.450001,27.490000,27.000000,27.450001,22.147352,98776500
2012-12-24,27.200001,27.250000,27.000000,27.059999,21.832687,20842400
2012-12-26,27.030001,27.200001,26.700001,26.860001,21.671320,31631100
2012-12-27,26.889999,27.090000,26.570000,26.959999,21.752007,39394000
2012-12-28,26.709999,26.900000,26.549999,26.549999,21.421204,28239900
2012-12-31,26.590000,26.770000,26.370001,26.709999,21.550304,42749500
2013-01-02,27.250000,27.730000,27.150000,27.620001,22.284508,52899300
2013-01-03,27.629999,27.650000,27.160000,27.250000,21.985983,48294400
2013-01-04,27.270000,27.340000,26.730000,26.740000,21.574509,52521100
2013-01-07,26.770000,26.879999,26.639999,26.690001,21.534172,37110400
2013-01-08,26.750000,26.790001,26.459999,26.549999,21.421204,44703100
2013-01-09,26.719999,26.750000,26.559999,26.700001,21.542233,49047900
2013-01-10,26.650000,26.980000,26.290001,26.459999,21.348589,71431300
2013-01-11,26.490000,26.930000,26.280001,26.830000,21.647121,55512100
2013-01-14,26.900000,27.080000,26.760000,26.889999,21.695530,48324400
2013-01-15,26.830000,27.290001,26.830000,27.209999,21.953712,48244500
2013-01-16,27.150000,27.230000,27.010000,27.040001,21.816547,41077400
2013-01-17,27.190001,27.469999,27.059999,27.250000,21.985983,51685900
2013-01-18,27.100000,27.290001,27.040001,27.250000,21.985983,52167700
2013-01-22,27.299999,27.450001,27.000000,27.150000,21.905300,58650600
2013-01-23,27.200001,27.639999,27.200001,27.610001,22.276442,50387700
2013-01-24,27.700001,28.070000,27.469999,27.629999,22.292576,101739300
2013-01-25,27.580000,28.230000,27.389999,27.879999,22.494289,81847700
2013-01-28,28.010000,28.230000,27.760000,27.910000,22.518494,56056500
2013-01-29,27.820000,28.129999,27.600000,28.010000,22.599180,49242600
2013-01-30,28.010000,28.190001,27.760000,27.850000,22.470078,43580500
2013-01-31,27.790001,27.969999,27.400000,27.450001,22.147352,50530000
2013-02-01,27.670000,28.049999,27.549999,27.930000,22.534630,55565900
2013-02-04,27.870001,28.020000,27.420000,27.440001,22.139284,50540000
2013-02-05,27.620001,27.660000,27.360001,27.500000,22.187693,35410400
2013-02-06,27.379999,27.540001,27.250000,27.340000,22.058599,41889600
2013-02-07,27.350000,27.389999,27.100000,27.280001,22.010193,38028300
2013-02-08,27.350000,27.709999,27.309999,27.549999,22.228043,33318500
2013-02-11,27.650000,27.920000,27.500000,27.860001,22.478142,32247700
2013-02-12,27.879999,28.000000,27.750000,27.879999,22.494289,35990900
2013-02-13,27.930000,28.110001,27.879999,28.030001,22.615311,41715600
2013-02-14,27.920000,28.059999,27.870001,28.040001,22.623373,32663200
2013-02-15,28.040001,28.160000,27.879999,28.010000,22.599180,49650900
2013-02-19,27.879999,28.090000,27.799999,28.049999,22.818815,38781400
2013-02-20,28.129999,28.200001,27.830000,27.870001,22.672388,44110200
2013-02-21,27.740000,27.740000,27.230000,27.490000,22.363258,49078500
2013-02-22,27.680000,27.760000,27.480000,27.760000,22.582905,31425900
2013-02-25,27.969999,28.049999,27.370001,27.370001,22.265631,48011800
2013-02-26,27.379999,27.600000,27.340000,27.370001,22.265631,49923300
2013-02-27,27.420000,28.000000,27.330000,27.809999,22.623579,36394700
2013-02-28,27.879999,27.969999,27.740000,27.799999,22.615438,35840200
2013-03-01,27.719999,27.980000,27.520000,27.950001,22.737471,34849700
2013-03-04,27.850000,28.150000,27.700001,28.150000,22.900166,38157500
2013-03-05,28.290001,28.540001,28.160000,28.350000,23.062874,41432200
2013-03-06,28.209999,28.230000,27.780001,28.090000,22.851364,51448500
2013-03-07,28.110001,28.280001,28.010000,28.139999,22.892035,29196700
2013-03-08,28.250000,28.330000,27.959999,28.000000,22.778139,37667800
2013-03-11,27.940001,27.969999,27.670000,27.870001,22.672388,36627500
2013-03-12,27.840000,27.950001,27.639999,27.910000,22.704927,39255200
2013-03-13,27.870001,28.020000,27.750000,27.920000,22.713068,29093400
2013-03-14,28.000000,28.160000,27.930000,28.139999,22.892035,55914800
2013-03-15,28.030001,28.160000,27.980000,28.040001,22.810684,92710300
2013-03-18,27.879999,28.280001,27.809999,28.100000,22.859497,44809400
2013-03-19,28.120001,28.219999,28.030001,28.180000,22.924574,51901600
2013-03-20,28.340000,28.490000,28.180000,28.320000,23.038464,35447800
2013-03-21,28.110001,28.360001,28.049999,28.110001,22.867630,34233200
2013-03-22,28.190001,28.340000,28.100000,28.250000,22.981522,28720900
2013-03-25,28.299999,28.350000,27.959999,28.160000,22.908302,44154000
2013-03-26,28.240000,28.340000,28.110001,28.160000,22.908302,27824300
2013-03-27,28.139999,28.450001,28.080000,28.370001,23.079138,36047400
2013-03-28,28.320000,28.660000,28.260000,28.610001,23.274380,55453800
2013-04-01,28.639999,28.660000,28.360001,28.610001,23.274380,29201100
2013-04-02,28.590000,28.850000,28.520000,28.799999,23.428949,28456500
2013-04-03,28.750000,28.950001,28.540001,28.559999,23.233706,35062800
2013-04-04,28.389999,28.610001,28.270000,28.600000,23.266249,45263200
2013-04-05,28.219999,28.780001,28.110001,28.700001,23.347597,50927300
2013-04-08,28.730000,28.730000,28.469999,28.590000,23.258110,34759500
2013-04-09,28.730000,29.820000,28.680000,29.610001,24.087891,77733800
2013-04-10,29.570000,30.320000,29.520000,30.280001,24.632933,71116700
2013-04-11,29.100000,29.200001,28.730000,28.940001,23.542833,130923200
2013-04-12,28.850000,29.020000,28.660000,28.790001,23.420813,62886300
2013-04-15,28.650000,28.980000,28.510000,28.690001,23.339466,56332900
2013-04-16,28.900000,29.139999,28.700001,28.969999,23.567240,52797300
2013-04-17,28.850000,29.040001,28.600000,28.830000,23.453356,52840700
2013-04-18,28.950001,28.980000,28.500000,28.790001,23.420813,56906600
2013-04-19,29.620001,30.240000,29.610001,29.770000,24.218046,99790700
2013-04-22,30.299999,31.180000,30.270000,30.830000,25.080364,137904000
2013-04-23,30.700001,30.900000,30.379999,30.600000,24.893259,59126900
2013-04-24,30.620001,31.920000,30.600000,31.760000,25.836929,90946600
2013-04-25,31.709999,32.840000,31.540001,31.940001,25.983349,110700200
2013-04-26,31.900000,31.980000,31.450001,31.790001,25.861328,47799300
2013-04-29,31.799999,32.680000,31.770000,32.610001,26.528397,59116400
2013-04-30,32.560001,33.110001,32.279999,33.099998,26.927019,75165200
2013-05-01,32.930000,33.080002,32.599998,32.720001,26.617884,54330900
2013-05-02,32.630001,33.169998,32.389999,33.160000,26.975826,46059500
2013-05-03,33.230000,33.520000,33.080002,33.490002,27.244287,46784600
2013-05-06,33.419998,33.910000,33.250000,33.750000,27.455793,40978300
2013-05-07,33.650002,33.790001,33.240002,33.310001,27.097862,43078300
2013-05-08,33.070000,33.240002,32.650002,32.990002,26.837532,51595700
2013-05-09,32.849998,33.000000,32.590000,32.660000,26.569078,46417800
2013-05-10,32.669998,32.720001,32.320000,32.689999,26.593483,36394900
2013-05-13,32.610001,33.070000,32.549999,33.029999,26.870073,36027600
2013-05-14,32.860001,33.529999,32.799999,33.529999,27.468098,56870100
2013-05-15,33.450001,33.900002,33.430000,33.849998,27.730249,46303900
2013-05-16,33.639999,34.150002,33.549999,34.080002,27.918671,59382900
2013-05-17,34.130001,34.869999,34.099998,34.869999,28.565828,60666700
2013-05-20,34.730000,35.099998,34.680000,35.080002,28.737867,54020800
2013-05-21,35.099998,35.270000,34.720001,34.849998,28.549448,48702400
2013-05-22,34.790001,34.840000,34.360001,34.610001,28.352842,66047500
2013-05-23,34.230000,34.549999,33.900002,34.150002,27.976017,51102700
2013-05-24,33.919998,34.279999,33.900002,34.270000,28.074316,33174400
2013-05-28,34.419998,35.180000,34.410000,35.020000,28.688726,48212100
2013-05-29,34.740002,35.020000,34.570000,34.880001,28.574030,38412200
2013-05-30,34.849998,35.250000,34.810001,35.029999,28.696911,51131000
2013-05-31,34.820000,35.279999,34.790001,34.900002,28.590412,56165700
2013-06-03,34.919998,35.630001,34.830002,35.590000,29.155670,51252600
2013-06-04,35.619999,35.740002,34.770000,34.990002,28.664146,65529500
2013-06-05,34.599998,34.889999,34.430000,34.779999,28.492111,46025100
2013-06-06,34.840000,35.110001,34.490002,34.959999,28.639559,37618500
2013-06-07,35.250000,35.779999,35.060001,35.669998,29.221203,40757300
2013-06-10,35.509998,35.650002,35.139999,35.470001,29.057364,35994500
2013-06-11,35.049999,35.180000,34.680000,34.840000,28.541260,39435900
2013-06-12,35.139999,35.270000,34.849998,35.000000,28.672338,37372700
2013-06-13,34.990002,35.020000,34.590000,34.720001,28.442961,45654900
2013-06-14,34.549999,34.689999,34.250000,34.400002,28.180805,53192600
2013-06-17,34.689999,35.160000,34.630001,35.000000,28.672338,49670100
2013-06-18,34.970001,35.169998,34.900002,34.980000,28.655958,28616500
2013-06-19,34.959999,35.090000,34.590000,34.590000,28.336468,30816200
2013-06-20,34.259998,34.330002,33.369999,33.490002,27.435331,54493700
2013-06-21,33.660000,33.730000,33.049999,33.270000,27.255102,85338500
2013-06-24,32.939999,34.200001,32.570000,33.720001,27.623753,56109000
2013-06-25,34.080002,34.380001,33.459999,33.669998,27.582785,44073400
2013-06-26,34.119999,34.480000,33.889999,34.349998,28.139854,48665900
2013-06-27,34.520000,34.779999,34.500000,34.619999,28.361048,28993100
2013-06-28,34.380001,34.790001,34.340000,34.540001,28.295500,65545500
2013-07-01,34.750000,34.990002,34.330002,34.360001,28.148041,31055400
2013-07-02,34.410000,34.439999,33.630001,33.939999,27.803980,37630000
2013-07-03,33.660000,34.369999,33.599998,34.009998,27.861315,15994400
2013-07-05,34.090000,34.240002,33.580002,34.209999,28.025150,26085900
2013-07-08,34.349998,34.590000,33.980000,34.330002,28.123472,32396900
2013-07-09,34.580002,34.599998,34.139999,34.349998,28.139854,25318500
2013-07-10,34.340000,34.810001,34.320000,34.700001,28.426580,29658800
2013-07-11,35.000000,35.770000,34.900002,35.689999,29.237576,53638300
2013-07-12,35.580002,35.730000,35.279999,35.669998,29.221203,35501200
2013-07-15,35.660000,36.220001,35.580002,36.169998,29.630814,34142600
2013-07-16,36.009998,36.430000,35.959999,36.270000,29.712730,36378500
2013-07-17,36.340000,36.389999,35.490002,35.740002,29.278553,37285100
2013-07-18,35.720001,35.889999,35.220001,35.439999,29.032784,49547100
2013-07-19,32.400002,32.669998,31.020000,31.400000,25.723181,248428500
2013-07-22,31.700001,32.009998,31.600000,32.009998,26.222900,79040700
2013-07-23,31.910000,32.040001,31.709999,31.820000,26.067249,65810400
2013-07-24,32.040001,32.189999,31.889999,31.959999,26.181944,52803100
2013-07-25,31.620001,31.650000,31.250000,31.389999,25.714991,63213000
2013-07-26,31.260000,31.620001,31.209999,31.620001,25.903410,38633600
2013-07-29,31.469999,31.600000,31.400000,31.540001,25.837860,28870700
2013-07-30,31.780001,32.119999,31.549999,31.850000,26.091825,45799500
2013-07-31,31.969999,32.049999,31.709999,31.840000,26.083639,43898400
2013-08-01,32.060001,32.090000,31.600000,31.670000,25.944368,42557900
2013-08-02,31.690001,31.900000,31.570000,31.889999,26.124592,29199900
2013-08-05,31.900000,32.000000,31.639999,31.700001,25.968941,30984000
2013-08-06,31.549999,31.670000,31.379999,31.580000,25.870636,36331500
2013-08-07,31.540001,32.099998,31.250000,32.060001,26.263859,38078600
2013-08-08,32.240002,33.070000,32.049999,32.889999,26.943802,59034400
2013-08-09,32.770000,32.900002,32.470001,32.700001,26.788157,26800700
2013-08-12,32.459999,32.970001,32.459999,32.869999,26.927420,25493700
2013-08-13,32.509998,32.549999,32.209999,32.230000,26.589180,39464100
2013-08-14,32.139999,33.360001,31.700001,32.349998,26.688168,48519600
2013-08-15,32.000000,32.180000,30.840000,31.790001,26.226189,33338000
2013-08-16,31.790001,31.990000,31.660000,31.799999,26.234440,32866300
2013-08-19,31.760000,31.969999,31.379999,31.389999,25.896189,27902500
2013-08-20,31.440001,31.900000,31.370001,31.620001,26.085936,22979600
2013-08-21,31.610001,32.009998,31.540001,31.610001,26.077690,37409100
2013-08-22,32.189999,32.490002,32.099998,32.389999,26.721169,31169900
2013-08-23,35.169998,35.200001,34.000000,34.750000,28.668146,225493800
2013-08-26,34.400002,34.669998,34.029999,34.150002,28.173140,72786800
2013-08-27,33.520000,34.099998,33.150002,33.259998,27.438910,58522300
2013-08-28,33.389999,33.599998,33.000000,33.020000,27.240910,44257400
2013-08-29,32.930000,33.599998,32.799999,33.549999,27.678154,45284700
2013-08-30,33.369999,33.480000,33.090000,33.400002,27.554417,42790200
2013-09-03,31.750000,32.070000,31.290001,31.879999,26.300425,154507000
2013-09-04,31.389999,31.469999,31.110001,31.200001,25.739449,142320600
2013-09-05,31.100000,31.440001,30.950001,31.230000,25.764202,71644900
2013-09-06,31.309999,31.389999,31.129999,31.150000,25.698193,75434900
2013-09-09,31.219999,31.790001,31.200001,31.660000,26.118933,49628500
2013-09-10,31.900000,32.400002,31.790001,32.389999,26.721169,56881200
2013-09-11,32.570000,32.930000,32.529999,32.740002,27.009922,39087500
2013-09-12,32.720001,32.779999,32.590000,32.689999,26.968672,32860200
2013-09-13,32.770000,33.070000,32.509998,33.029999,27.249168,40899000
2013-09-16,33.380001,33.500000,32.730000,32.799999,27.059422,52839700
2013-09-17,33.419998,33.470001,32.900002,32.930000,27.166666,84716500
2013-09-18,32.990002,33.400002,32.830002,33.320000,27.488401,64099900
2013-09-19,33.480000,33.680000,33.320000,33.639999,27.752399,42026600
2013-09-20,33.410000,33.480000,32.689999,32.790001,27.051161,102904900
2013-09-23,32.540001,32.970001,32.500000,32.740002,27.009922,39826100
2013-09-24,32.869999,32.869999,32.150002,32.450001,26.770676,40685000
2013-09-25,32.490002,32.799999,32.400002,32.509998,26.820173,28907500
2013-09-26,32.639999,33.000000,32.590000,32.770000,27.034666,28504000
2013-09-27,32.880001,33.750000,32.869999,33.270000,27.447159,55348000
2013-09-30,33.000000,33.310001,32.700001,33.279999,27.455404,39839500
2013-10-01,33.349998,33.610001,33.299999,33.580002,27.702906,36718700
2013-10-02,33.360001,34.029999,33.290001,33.919998,27.983387,46946800
2013-10-03,33.880001,34.000000,33.419998,33.860001,27.933903,38703800
2013-10-04,33.689999,33.990002,33.619999,33.880001,27.950405,33008100
2013-10-07,33.599998,33.709999,33.200001,33.299999,27.471907,35069300
2013-10-08,33.310001,33.330002,32.799999,33.009998,27.232660,41017600
2013-10-09,33.070000,33.349998,32.959999,33.070000,27.282169,35878600
2013-10-10,33.310001,33.889999,33.259998,33.759998,27.851400,42875100
2013-10-11,33.680000,34.139999,33.680000,34.130001,28.156645,30033300
2013-10-14,33.900002,34.500000,33.779999,34.450001,28.420643,27757900
2013-10-15,34.669998,34.990002,34.470001,34.490002,28.453636,47097800
2013-10-16,34.599998,34.900002,34.560001,34.639999,28.577393,35111600
2013-10-17,34.450001,34.990002,34.369999,34.919998,28.808372,31359200
2013-10-18,34.820000,34.990002,34.330002,34.959999,28.841373,41811700
2013-10-21,34.980000,35.200001,34.910000,34.990002,28.866127,27433500
2013-10-22,35.020000,35.099998,34.520000,34.580002,28.527884,40438500
2013-10-23,34.349998,34.490002,33.669998,33.759998,27.851400,58600500
2013-10-24,33.820000,34.099998,33.570000,33.720001,27.818403,53209700
2013-10-25,35.880001,36.290001,35.470001,35.730000,29.476608,113494000
2013-10-28,35.610001,35.730000,35.270000,35.570000,29.344620,38383600
2013-10-29,35.630001,35.720001,35.259998,35.520000,29.303371,31702200
2013-10-30,35.529999,35.790001,35.430000,35.540001,29.319868,36997700
2013-10-31,35.660000,35.689999,35.340000,35.410000,29.212620,41682300
2013-11-01,35.669998,35.689999,35.389999,35.529999,29.311619,40264600
2013-11-04,35.590000,35.980000,35.549999,35.939999,29.649853,28060700
2013-11-05,35.790001,36.709999,35.770000,36.639999,30.227350,51681900
2013-11-06,37.240002,38.220001,37.060001,38.180000,31.497824,88948800
2013-11-07,37.959999,38.009998,37.430000,37.500000,30.936836,60437400
2013-11-08,37.669998,37.779999,37.340000,37.779999,31.167826,36737800
2013-11-11,37.689999,37.779999,37.349998,37.590000,31.011084,26872500
2013-11-12,37.380001,37.599998,37.200001,37.360001,30.821329,31651600
2013-11-13,36.980000,38.160000,36.900002,38.160000,31.481335,44957600
2013-11-14,37.869999,38.130001,37.720001,38.020000,31.365810,46183700
2013-11-15,37.950001,38.020000,37.720001,37.840000,31.217329,50601300
2013-11-18,37.349998,37.580002,37.070000,37.200001,30.689344,53277500
2013-11-19,36.849998,37.230000,36.669998,36.740002,30.539722,44275000
2013-11-20,36.919998,37.410000,36.860001,37.080002,30.822342,32229900
2013-11-21,37.270000,37.529999,37.259998,37.400002,31.088331,23064700
2013-11-22,37.529999,37.680000,37.330002,37.570000,31.229641,27982000
2013-11-25,37.930000,37.950001,37.570000,37.639999,31.287827,30646800
2013-11-26,37.570000,37.650002,37.349998,37.349998,31.046778,34465300
2013-11-27,37.570000,37.759998,37.490002,37.599998,31.254576,26002100
2013-11-29,37.820000,38.290001,37.820000,38.130001,31.695141,22090400
2013-12-02,38.090000,38.779999,38.060001,38.450001,31.961130,42950400
2013-12-03,38.139999,38.490002,38.080002,38.310001,31.844749,52109800
2013-12-04,38.209999,38.980000,38.119999,38.939999,32.368443,51983600
2013-12-05,38.849998,38.880001,37.180000,38.000000,31.587091,116305000
2013-12-06,38.419998,38.549999,37.990002,38.360001,31.886333,36457300
2013-12-09,38.560001,38.869999,38.369999,38.709999,32.177258,30286000
2013-12-10,38.610001,38.900002,38.020000,38.110001,31.678520,37828600
2013-12-11,38.060001,38.299999,37.389999,37.610001,31.262890,39853400
2013-12-12,37.639999,37.639999,37.180000,37.220001,30.938709,36012800
2013-12-13,37.419998,37.450001,36.619999,36.689999,30.498159,40066100
2013-12-16,36.730000,37.000000,36.540001,36.889999,30.664402,31734200
2013-12-17,36.939999,37.110001,36.330002,36.520000,30.356840,45687700
2013-12-18,36.360001,36.599998,35.529999,36.580002,30.406719,63192100
2013-12-19,36.509998,36.549999,36.080002,36.250000,30.132401,34160100
2013-12-20,36.200001,36.930000,36.189999,36.799999,30.589602,62649100
2013-12-23,36.810001,36.889999,36.549999,36.619999,30.439959,25128700
2013-12-24,36.720001,37.169998,36.639999,37.080002,30.822342,14243000
2013-12-26,37.200001,37.490002,37.169998,37.439999,31.121588,17612800
2013-12-27,37.580002,37.619999,37.169998,37.290001,30.996895,14563000
2013-12-30,37.220001,37.380001,36.900002,37.290001,30.996895,16290500
2013-12-31,37.400002,37.580002,37.220001,37.410000,31.096634,17503500
2014-01-02,37.349998,37.400002,37.099998,37.160000,30.888836,30632200
2014-01-03,37.200001,37.220001,36.599998,36.910000,30.681021,31134800
2014-01-06,36.849998,36.889999,36.110001,36.130001,30.032661,43603700
2014-01-07,36.330002,36.490002,36.209999,36.410000,30.265406,35802800
2014-01-08,36.000000,36.139999,35.580002,35.759998,29.725101,59971700
2014-01-09,35.880001,35.910000,35.400002,35.529999,29.533915,36516300
2014-01-10,35.900002,36.150002,35.750000,36.040001,29.957851,40548800
2014-01-13,35.990002,36.020000,34.830002,34.980000,29.076740,45901900
2014-01-14,34.730000,35.880001,34.630001,35.779999,29.741720,41623300
2014-01-15,35.900002,36.790001,35.849998,36.759998,30.556343,44812600
2014-01-16,36.689999,37.000000,36.310001,36.889999,30.664402,38018700
2014-01-17,36.830002,36.830002,36.150002,36.380001,30.240475,46267500
2014-01-21,36.820000,36.820000,36.060001,36.169998,30.065905,31567300
2014-01-22,36.259998,36.320000,35.750000,35.930000,29.866409,21904300
2014-01-23,36.090000,36.130001,35.520000,36.060001,29.974474,43954000
2014-01-24,37.450001,37.549999,36.529999,36.810001,30.597906,76395500
2014-01-27,36.869999,36.889999,35.980000,36.029999,29.949530,44420800
2014-01-28,36.119999,36.389999,35.750000,36.270000,30.149038,36205500
2014-01-29,35.980000,36.880001,35.900002,36.660000,30.473228,52745900
2014-01-30,36.790001,36.880001,36.230000,36.860001,30.639460,35036300
2014-01-31,36.950001,37.889999,36.560001,37.840000,31.454088,93162300
2014-02-03,37.740002,37.990002,36.430000,36.480000,30.323595,64063100
2014-02-04,36.970001,37.189999,36.250000,36.349998,30.215525,54697900
2014-02-05,36.290001,36.470001,35.799999,35.820000,29.774975,55814400
2014-02-06,35.799999,36.250000,35.689999,36.180000,30.074224,35351800
2014-02-07,36.320000,36.590000,36.009998,36.560001,30.390093,33260500
2014-02-10,36.630001,36.799999,36.290001,36.799999,30.589602,26767000
2014-02-11,36.880001,37.259998,36.860001,37.169998,30.897144,32141400
2014-02-12,37.349998,37.599998,37.299999,37.470001,31.146521,27051800
2014-02-13,37.330002,37.860001,37.330002,37.610001,31.262890,37635500
2014-02-14,37.389999,37.779999,37.330002,37.619999,31.271204,31407500
2014-02-18,37.630001,37.779999,37.410000,37.419998,31.338198,32834000
2014-02-19,37.220001,37.750000,37.209999,37.509998,31.413586,29750400
2014-02-20,37.570000,37.869999,37.400002,37.750000,31.614571,27526100
2014-02-21,37.939999,38.349998,37.860001,37.980000,31.807190,38021300
2014-02-24,37.689999,37.980000,37.540001,37.689999,31.564320,32085100
2014-02-25,37.610001,37.849998,37.349998,37.540001,31.438711,30736500
2014-02-26,37.580002,37.740002,37.189999,37.470001,31.380083,41041800
2014-02-27,37.450001,37.889999,37.230000,37.860001,31.706692,33903400
2014-02-28,37.980000,38.459999,37.820000,38.310001,32.083542,41215000
2014-03-03,37.919998,38.130001,37.490002,37.779999,31.639685,29717500
2014-03-04,38.200001,38.480000,38.070000,38.410000,32.167301,26802400
2014-03-05,38.250000,38.270000,37.930000,38.110001,31.916069,20520100
2014-03-06,38.139999,38.240002,37.889999,38.150002,31.949562,23582200
2014-03-07,38.279999,38.360001,37.689999,37.900002,31.740196,26591600
2014-03-10,37.990002,38.009998,37.720001,37.820000,31.673193,19006600
2014-03-11,37.869999,38.230000,37.720001,38.020000,31.840675,25216400
2014-03-12,37.799999,38.430000,37.790001,38.270000,32.050053,30494100
2014-03-13,38.419998,38.450001,37.639999,37.889999,31.731823,32169700
2014-03-14,37.650002,38.139999,37.509998,37.700001,31.572687,27195600
2014-03-17,37.900002,38.410000,37.790001,38.049999,31.865818,20479600
2014-03-18,38.259998,39.900002,38.220001,39.549999,33.122017,64063900
2014-03-19,39.470001,39.549999,38.910000,39.270000,32.887531,35597200
2014-03-20,39.250000,40.650002,39.240002,40.330002,33.775257,59269800
2014-03-21,40.720001,40.939999,40.009998,40.160000,33.632874,80721800
2014-03-24,40.340000,40.639999,39.860001,40.500000,33.917622,46098400
2014-03-25,40.660000,40.990002,39.959999,40.340000,33.783623,43193100
2014-03-26,40.480000,40.709999,39.599998,39.790001,33.323017,41977500
2014-03-27,39.740002,39.970001,39.340000,39.360001,32.962891,35369200
2014-03-28,39.790001,40.639999,39.680000,40.299999,33.750126,43472700
2014-03-31,40.430000,41.500000,40.400002,40.990002,34.327984,46886300
2014-04-01,41.150002,41.590000,41.070000,41.419998,34.688080,32605000
2014-04-02,41.439999,41.660000,41.169998,41.349998,34.629467,28666700
2014-04-03,41.290001,41.290001,40.709999,41.009998,34.344715,30139600
2014-04-04,41.250000,41.389999,39.639999,39.869999,33.390011,51409600
2014-04-07,39.959999,40.270000,39.740002,39.799999,33.331394,37559600
2014-04-08,39.750000,39.930000,39.200001,39.820000,33.348145,35918600
2014-04-09,39.930000,40.549999,39.880001,40.470001,33.892483,27398700
2014-04-10,40.439999,40.689999,39.090000,39.360001,32.962891,45960800
2014-04-11,39.000000,39.790001,39.000000,39.209999,32.837288,34330200
2014-04-14,39.110001,39.410000,38.900002,39.180000,32.812160,32006600
2014-04-15,39.340000,39.959999,39.049999,39.750000,33.289528,33968700
2014-04-16,40.060001,40.419998,39.910000,40.400002,33.833881,30615800
2014-04-17,40.009998,40.200001,39.509998,40.009998,33.507248,36688400
2014-04-21,40.130001,40.150002,39.790001,39.939999,33.448627,22221200
2014-04-22,39.959999,40.139999,39.830002,39.990002,33.490520,27056700
2014-04-23,39.990002,39.990002,39.470001,39.689999,33.239258,24602800
2014-04-24,39.740002,39.970001,39.299999,39.860001,33.381634,42381600
2014-04-25,40.290001,40.680000,39.750000,39.910000,33.423512,56876800
2014-04-28,40.139999,41.290001,40.090000,40.869999,34.227497,50610200
2014-04-29,41.099998,41.189999,40.389999,40.509998,33.925991,29636200
2014-04-30,40.400002,40.500000,40.169998,40.400002,33.833881,35458700
2014-05-01,40.240002,40.360001,39.950001,40.000000,33.498890,28787400
2014-05-02,40.310001,40.340000,39.660000,39.689999,33.239258,43416600
2014-05-05,39.520000,39.639999,39.299999,39.430000,33.021526,22460900
2014-05-06,39.290001,39.349998,38.950001,39.060001,32.711658,27112400
2014-05-07,39.220001,39.509998,38.509998,39.419998,33.013145,41744500
2014-05-08,39.340000,39.900002,38.970001,39.639999,33.197399,32120400
2014-05-09,39.540001,39.849998,39.369999,39.540001,33.113655,29647600
2014-05-12,39.740002,40.020000,39.650002,39.970001,33.473747,22782600
2014-05-13,39.919998,40.500000,39.849998,40.419998,34.089436,27004800
2014-05-14,40.299999,40.450001,40.049999,40.240002,33.937618,18818700
2014-05-15,40.090000,40.400002,39.509998,39.599998,33.397850,37793200
2014-05-16,39.669998,39.840000,39.270000,39.830002,33.591839,29867100
2014-05-19,39.610001,39.820000,39.459999,39.750000,33.524368,24537400
2014-05-20,39.680000,39.939999,39.459999,39.680000,33.465313,21320900
2014-05-21,39.799999,40.349998,39.740002,40.349998,34.030388,22398700
2014-05-22,40.290001,40.349998,39.849998,40.099998,33.819553,20201800
2014-05-23,40.369999,40.369999,40.000000,40.119999,33.836411,18020000
2014-05-27,40.259998,40.259998,39.810001,40.189999,33.895439,26160600
2014-05-28,40.139999,40.189999,39.820000,40.009998,33.743637,25711500
2014-05-29,40.150002,40.349998,39.910000,40.340000,34.021965,19888200
2014-05-30,40.450001,40.970001,40.250000,40.939999,34.527988,34567600
2014-06-02,40.950001,41.090000,40.680000,40.790001,34.401482,18504300
2014-06-03,40.599998,40.680000,40.250000,40.290001,33.979786,18068900
2014-06-04,40.209999,40.369999,39.860001,40.320000,34.005085,23209000
2014-06-05,40.590000,41.250000,40.400002,41.209999,34.755695,31865200
2014-06-06,41.480000,41.660000,41.240002,41.480000,34.983406,24060500
2014-06-09,41.389999,41.480000,41.020000,41.270000,34.806305,15019200
2014-06-10,41.029999,41.160000,40.860001,41.110001,34.671356,15117700
2014-06-11,40.930000,41.070000,40.770000,40.860001,34.460518,18040000
2014-06-12,40.810001,40.880001,40.290001,40.580002,34.224365,29818900
2014-06-13,41.099998,41.570000,40.860001,41.230000,34.772575,26310000
2014-06-16,41.040001,41.610001,41.040001,41.500000,35.000271,24205300
2014-06-17,41.290001,41.910000,40.340000,41.680000,35.152084,22518600
2014-06-18,41.610001,41.740002,41.180000,41.650002,35.126789,27097000
2014-06-19,41.570000,41.770000,41.330002,41.509998,35.008701,19828200
2014-06-20,41.450001,41.830002,41.380001,41.680000,35.152084,47764900
2014-06-23,41.730000,42.000000,41.689999,41.990002,35.413540,18743900
2014-06-24,41.830002,41.939999,41.560001,41.750000,35.211102,26509100
2014-06-25,41.700001,42.049999,41.459999,42.029999,35.447266,20049100
2014-06-26,41.930000,41.939999,41.430000,41.720001,35.185810,23604400
2014-06-27,41.610001,42.290001,41.509998,42.250000,35.632813,74640000
2014-06-30,42.169998,42.209999,41.700001,41.700001,35.168949,30793100
2014-07-01,41.860001,42.150002,41.689999,41.869999,35.312325,26917000
2014-07-02,41.730000,41.900002,41.529999,41.900002,35.337643,20208100
2014-07-03,41.910000,41.990002,41.560001,41.799999,35.253288,15969300
2014-07-07,41.750000,42.119999,41.709999,41.990002,35.413540,21952400
2014-07-08,41.869999,42.000000,41.610001,41.779999,35.236408,31218200
2014-07-09,41.980000,41.990002,41.529999,41.669998,35.143650,18445900
2014-07-10,41.369999,42.000000,41.049999,41.689999,35.160507,21854700
2014-07-11,41.700001,42.090000,41.480000,42.090000,35.497875,24083000
2014-07-14,42.220001,42.450001,42.040001,42.139999,35.540035,21881100
2014-07-15,42.330002,42.470001,42.029999,42.450001,35.801498,28748700
2014-07-16,42.509998,44.310001,42.480000,44.080002,37.176189,63318000
2014-07-17,45.450001,45.709999,44.250000,44.529999,37.555721,82180300
2014-07-18,44.650002,44.840000,44.250000,44.689999,37.690651,43407500
2014-07-21,44.560001,45.160000,44.220001,44.840000,37.817169,37604400
2014-07-22,45.000000,45.150002,44.590000,44.830002,37.808735,43095800
2014-07-23,45.450001,45.450001,44.619999,44.869999,37.842468,52362900
2014-07-24,44.930000,45.000000,44.320000,44.400002,37.446079,30725300
2014-07-25,44.299999,44.660000,44.299999,44.500000,37.530415,26737700
2014-07-28,44.360001,44.509998,43.930000,43.970001,37.083427,29684200
2014-07-29,43.910000,44.090000,43.639999,43.889999,37.015945,27763100
2014-07-30,44.070000,44.099998,43.290001,43.580002,36.754505,31921400
2014-07-31,43.380001,43.689999,43.080002,43.160000,36.400291,31537500
2014-08-01,43.209999,43.250000,42.599998,42.860001,36.147274,31170300
2014-08-04,42.970001,43.470001,42.810001,43.369999,36.577393,34277400
2014-08-05,43.310001,43.459999,42.830002,43.080002,36.332809,26266400
2014-08-06,42.740002,43.169998,42.209999,42.740002,36.046074,24634000
2014-08-07,42.840000,43.450001,42.650002,43.230000,36.459328,30314900
2014-08-08,43.230000,43.320000,42.910000,43.200001,36.434029,28942700
2014-08-11,43.259998,43.450001,43.020000,43.200001,36.434029,20351600
2014-08-12,43.040001,43.590000,43.000000,43.520000,36.703907,21431100
2014-08-13,43.680000,44.180000,43.520000,44.080002,37.176189,22889500
2014-08-14,44.080002,44.419998,44.009998,44.270000,37.336449,19313200
2014-08-15,44.580002,44.900002,44.400002,44.790001,37.774994,41611300
2014-08-18,44.939999,45.110001,44.680000,45.110001,38.044888,26891100
2014-08-19,44.970001,45.340000,44.830002,45.330002,38.469219,28139500
2014-08-20,45.340000,45.400002,44.900002,44.950001,38.146709,24770500
2014-08-21,44.840000,45.250000,44.830002,45.220001,38.375858,22285500
2014-08-22,45.349998,45.470001,45.070000,45.150002,38.316437,18294500
2014-08-25,45.400002,45.439999,45.040001,45.169998,38.333416,16910000
2014-08-26,45.310001,45.400002,44.939999,45.009998,38.197632,14873100
2014-08-27,44.900002,45.000000,44.759998,44.869999,38.078835,21287900
2014-08-28,44.750000,44.980000,44.610001,44.880001,38.087299,17657600
2014-08-29,45.090000,45.439999,44.860001,45.430000,38.554073,21607600
2014-09-02,45.430000,45.459999,44.849998,45.090000,38.265518,22976800
2014-09-03,44.529999,45.110001,44.529999,44.959999,38.155193,33684500
2014-09-04,44.740002,45.270000,44.720001,45.259998,38.409790,26475500
2014-09-05,45.110001,45.930000,45.110001,45.910000,38.961414,36939400
2014-09-08,46.020000,46.799999,45.990002,46.470001,39.436649,45736700
2014-09-09,46.470001,46.970001,46.419998,46.759998,39.682766,40302400
2014-09-10,46.820000,46.939999,46.279999,46.840000,39.750656,27302400
2014-09-11,46.740002,47.000000,46.470001,47.000000,39.886456,29216400
2014-09-12,46.910000,47.020000,46.599998,46.700001,39.631847,38244700
2014-09-15,46.540001,46.709999,46.099998,46.240002,39.241478,37667600
2014-09-16,46.389999,46.849998,46.290001,46.759998,39.682766,27910600
2014-09-17,46.259998,46.689999,46.230000,46.520000,39.479088,38311900
2014-09-18,46.590000,46.830002,46.459999,46.680000,39.614864,35556600
2014-09-19,46.810001,47.570000,46.599998,47.520000,40.327747,202522400
2014-09-22,47.299999,47.380001,46.980000,47.060001,39.937370,38686100
2014-09-23,46.849998,46.980000,46.470001,46.560001,39.513046,33430300
2014-09-24,46.630001,47.110001,46.340000,47.080002,39.954338,26582700
2014-09-25,46.880001,47.090000,46.029999,46.040001,39.071743,33077400
2014-09-26,45.930000,46.619999,45.759998,46.410000,39.385738,27078800
2014-09-29,45.980000,46.560001,45.759998,46.439999,39.411198,26091000
2014-09-30,46.369999,46.480000,46.009998,46.360001,39.343315,33033100
2014-10-01,46.270000,46.529999,45.849998,45.900002,38.952930,38088400
2014-10-02,45.830002,46.099998,45.639999,45.759998,38.834126,25119400
2014-10-03,45.980000,46.299999,45.610001,46.090000,39.114182,32453200
2014-10-06,46.119999,46.299999,45.919998,46.090000,39.114182,20604000
2014-10-07,45.860001,45.930000,45.419998,45.529999,38.638943,25723700
2014-10-08,45.480000,46.889999,45.340000,46.779999,39.699730,33031000
2014-10-09,46.500000,46.799999,45.740002,45.849998,38.910496,34422800
2014-10-10,45.599998,46.119999,43.950001,44.029999,37.365955,51978100
2014-10-13,43.820000,44.560001,43.490002,43.650002,37.043472,37100200
2014-10-14,43.869999,44.380001,43.560001,43.730000,37.111359,38115700
2014-10-15,43.000000,43.389999,42.099998,43.220001,36.678566,60218700
2014-10-16,42.529999,43.080002,42.220001,42.740002,36.271217,49040400
2014-10-17,43.200001,43.939999,42.790001,43.630001,37.026501,40683300
2014-10-20,43.060001,44.139999,42.810001,44.080002,37.408398,34527900
2014-10-21,44.360001,44.980000,44.189999,44.880001,38.087299,36433800
2014-10-22,45.000000,45.070000,44.230000,44.380001,37.662983,33570900
2014-10-23,44.619999,45.450001,44.529999,45.020000,38.206120,45451900
2014-10-24,46.830002,46.900002,45.180000,46.130001,39.148125,61076700
2014-10-27,45.709999,46.099998,45.709999,45.910000,38.961414,30371300
2014-10-28,45.860001,46.500000,45.770000,46.490002,39.453636,29049800
2014-10-29,46.439999,46.700001,46.340000,46.619999,39.563961,30276100
2014-10-30,46.320000,46.320000,45.770000,46.049999,39.080223,30073900
2014-10-31,46.939999,46.970001,46.480000,46.950001,39.844006,35849700
2014-11-03,46.889999,47.459999,46.730000,47.439999,40.259838,23130400
2014-11-04,47.299999,47.730000,47.250000,47.570000,40.370178,21530800
2014-11-05,47.799999,47.900002,47.259998,47.860001,40.616283,22449600
2014-11-06,47.860001,48.860001,47.790001,48.700001,41.329128,33037800
2014-11-07,48.919998,48.919998,48.290001,48.680000,41.312164,28000600
2014-11-10,48.650002,49.150002,48.549999,48.889999,41.490391,36370100
2014-11-11,48.849998,48.950001,48.650002,48.869999,41.473412,23445200
2014-11-12,48.560001,48.919998,48.520000,48.779999,41.397041,22722100
2014-11-13,48.810001,49.650002,48.709999,49.610001,42.101421,26210400
2014-11-14,49.740002,50.049999,49.389999,49.580002,42.075962,29081700
2014-11-17,49.410000,49.709999,49.139999,49.459999,41.974102,30318600
2014-11-18,49.130001,49.330002,48.700001,48.740002,41.623985,23995500
2014-11-19,48.660000,48.750000,47.930000,48.220001,41.179897,26177500
2014-11-20,48.000000,48.700001,47.869999,48.700001,41.589817,21510600
2014-11-21,49.020000,49.049999,47.570000,47.980000,40.974941,42884800
2014-11-24,47.990002,48.000000,47.389999,47.590000,40.641876,35434200
2014-11-25,47.660000,47.970001,47.450001,47.470001,40.539398,28008000
2014-11-26,47.490002,47.990002,47.279999,47.750000,40.778519,27163600
2014-11-28,47.950001,48.200001,47.610001,47.810001,40.829746,21534400
2014-12-01,47.880001,48.779999,47.709999,48.619999,41.521492,31191600
2014-12-02,48.840000,49.049999,48.200001,48.459999,41.384853,25773500
2014-12-03,48.439999,48.500000,47.810001,48.080002,41.060329,23534800
2014-12-04,48.389999,49.060001,48.200001,48.840000,41.709373,30320400
2014-12-05,48.820000,48.970001,48.380001,48.419998,41.350689,27313400
2014-12-08,48.259998,48.349998,47.450001,47.700001,40.735817,26663100
2014-12-09,47.110001,47.919998,47.049999,47.590000,40.641876,24330500
2014-12-10,47.580002,47.660000,46.700001,46.900002,40.052616,30431800
2014-12-11,47.080002,47.740002,46.680000,47.169998,40.283195,29060400
2014-12-12,46.779999,47.730000,46.669998,46.950001,40.095306,34248400
2014-12-15,47.200001,47.669998,46.549999,46.669998,39.856197,29247800
2014-12-16,45.900002,46.340000,45.130001,45.160000,38.566654,47801400
2014-12-17,45.049999,45.950001,44.900002,45.740002,39.061977,34970900
2014-12-18,46.580002,47.520000,46.340000,47.520000,40.582108,40105600
2014-12-19,47.630001,48.099998,47.169998,47.660000,40.701645,64551200
2014-12-22,47.779999,48.119999,47.709999,47.980000,40.974941,26566000
2014-12-23,48.369999,48.799999,48.130001,48.450001,41.376320,23648100
2014-12-24,48.639999,48.639999,48.080002,48.139999,41.111572,11437800
2014-12-26,48.410000,48.410000,47.820000,47.880001,40.889534,13197800
2014-12-29,47.700001,47.779999,47.259998,47.450001,40.522320,14439500
2014-12-30,47.439999,47.619999,46.840000,47.020000,40.155098,16384700
2014-12-31,46.730000,47.439999,46.450001,46.450001,39.668312,21552500
2015-01-02,46.660000,47.419998,46.540001,46.759998,39.933056,27913900
2015-01-05,46.369999,46.730000,46.250000,46.330002,39.565838,39673900
2015-01-06,46.380001,46.750000,45.540001,45.650002,38.985111,36447900
2015-01-07,45.980000,46.459999,45.490002,46.230000,39.480431,29114100
2015-01-08,46.750000,47.750000,46.720001,47.590000,40.641876,29645200
2015-01-09,47.610001,47.820000,46.900002,47.189999,40.300270,23944200
2015-01-12,47.419998,47.540001,46.360001,46.599998,39.796413,23651900
2015-01-13,46.970001,47.910000,46.060001,46.360001,39.591461,35270600
2015-01-14,45.959999,46.240002,45.619999,45.959999,39.249847,29719600
2015-01-15,46.220001,46.380001,45.410000,45.480000,38.839939,32750800
2015-01-16,45.310001,46.279999,45.169998,46.240002,39.488983,35695300
2015-01-20,46.299999,46.650002,45.570000,46.389999,39.617073,36161900
2015-01-21,45.939999,46.139999,45.480000,45.919998,39.215702,39081100
2015-01-22,46.380001,47.139999,46.080002,47.130001,40.249027,35898000
2015-01-23,47.360001,47.389999,46.799999,47.180000,40.291729,26211600
2015-01-26,47.000000,47.130001,46.240002,47.009998,40.146568,42525500
2015-01-27,42.950001,43.200001,42.110001,42.660000,36.431660,169164000
2015-01-28,42.740002,42.790001,41.160000,41.189999,35.176273,84507100
2015-01-29,40.930000,42.119999,40.790001,42.009998,35.876545,63585300
2015-01-30,41.549999,41.580002,40.349998,40.400002,34.501621,78004900
2015-02-02,40.590000,41.369999,40.230000,41.279999,35.253136,50352500
2015-02-03,41.630001,41.930000,41.049999,41.599998,35.526424,52082400
2015-02-04,41.939999,42.209999,41.360001,41.840000,35.731373,41614800
2015-02-05,42.220001,42.639999,41.860001,42.450001,36.252312,36548200
2015-02-06,42.680000,42.790001,42.150002,42.410000,36.218159,34616600
2015-02-09,42.240002,42.740002,42.209999,42.360001,36.175457,31381100
2015-02-10,42.740002,42.770000,42.180000,42.599998,36.380402,29670700
2015-02-11,42.650002,42.650002,42.209999,42.380001,36.192532,38262500
2015-02-12,42.660000,43.090000,42.509998,43.090000,36.798870,33268800
2015-02-13,43.380001,43.869999,43.150002,43.869999,37.464996,40264900
2015-02-17,43.970001,44.000000,43.189999,43.580002,37.482208,33695700
2015-02-18,43.630001,43.700001,43.389999,43.529999,37.439190,27111700
2015-02-19,43.180000,43.529999,43.049999,43.500000,37.413391,27603400
2015-02-20,43.509998,43.880001,43.290001,43.860001,37.723003,29721100
2015-02-23,43.700001,44.189999,43.650002,44.150002,37.972439,32518800
2015-02-24,44.150002,44.299999,43.919998,44.090000,37.920834,25271700
2015-02-25,43.950001,44.090000,43.799999,43.990002,37.834835,29759800
2015-02-26,43.990002,44.230000,43.889999,44.060001,37.895039,28957300
2015-02-27,44.130001,44.200001,43.660000,43.849998,37.714417,33807700
2015-03-02,43.669998,44.189999,43.549999,43.880001,37.740219,31924000
2015-03-03,43.560001,43.830002,43.090000,43.279999,37.224167,31748600
2015-03-04,43.009998,43.209999,42.880001,43.060001,37.034958,25748700
2015-03-05,43.070000,43.240002,42.820000,43.110001,37.077972,23193500
2015-03-06,43.000000,43.110001,42.150002,42.360001,36.432899,36248800
2015-03-09,42.189999,43.130001,42.189999,42.849998,36.854340,32108000
2015-03-10,42.349998,42.709999,42.029999,42.029999,36.149071,39159700
2015-03-11,42.310001,42.369999,41.840000,41.980000,36.106068,32215300
2015-03-12,41.330002,41.650002,40.860001,41.020000,35.280392,59992500
2015-03-13,40.700001,41.470001,40.610001,41.380001,35.590031,58007700
2015-03-16,41.470001,41.639999,41.279999,41.560001,35.744839,35273500
2015-03-17,41.369999,41.830002,41.150002,41.700001,35.865246,31673400
2015-03-18,41.430000,42.830002,41.330002,42.500000,36.553307,44194800
2015-03-19,42.259998,42.590000,42.220001,42.290001,36.372696,33879100
2015-03-20,42.560001,42.980000,42.490002,42.880001,36.880161,71904500
2015-03-23,42.880001,43.130001,42.779999,42.860001,36.862938,26246100
2015-03-24,42.779999,43.169998,42.750000,42.900002,36.897343,25513300
2015-03-25,42.919998,42.930000,41.439999,41.459999,35.658833,43469900
2015-03-26,41.220001,41.610001,40.919998,41.209999,35.443813,37495600
2015-03-27,41.119999,41.430000,40.830002,40.970001,35.237385,34401400
2015-03-30,41.099998,41.540001,40.910000,40.959999,35.228790,35049700
2015-03-31,40.779999,41.029999,40.540001,40.660000,34.970779,34887200
2015-04-01,40.599998,40.759998,40.310001,40.720001,35.022377,36865300
2015-04-02,40.660000,40.740002,40.119999,40.290001,34.652554,37487500
2015-04-06,40.340000,41.779999,40.180000,41.549999,35.736248,39223700
2015-04-07,41.610001,41.910000,41.310001,41.529999,35.719032,28809400
2015-04-08,41.459999,41.689999,41.040001,41.419998,35.624435,24753400
2015-04-09,41.250000,41.619999,41.250000,41.480000,35.676033,25723900
2015-04-10,41.630001,41.950001,41.410000,41.720001,35.882454,28022000
2015-04-13,41.400002,42.060001,41.389999,41.759998,35.916851,30276700
2015-04-14,41.799999,42.029999,41.389999,41.650002,35.822250,24244400
2015-04-15,41.759998,42.459999,41.680000,42.259998,36.346893,27343600
2015-04-16,41.950001,42.340000,41.820000,42.160000,36.260872,22509700
2015-04-17,41.669998,41.740002,41.160000,41.619999,35.796448,42387600
2015-04-20,41.730000,43.169998,41.680000,42.910000,36.905933,46057700
2015-04-21,43.000000,43.150002,42.529999,42.639999,36.673729,26013800
2015-04-22,42.669998,43.130001,42.549999,42.990002,36.974743,25064300
2015-04-23,42.889999,43.610001,42.799999,43.340000,37.275772,46309500
2015-04-24,45.660000,48.139999,45.650002,47.869999,41.171928,130933700
2015-04-27,47.230000,48.130001,47.220001,48.029999,41.309532,59248200
2015-04-28,47.779999,49.209999,47.700001,49.160000,42.281429,60730800
2015-04-29,48.720001,49.310001,48.500000,49.060001,42.195423,47804600
2015-04-30,48.700001,49.540001,48.599998,48.639999,41.834202,64725500
2015-05-01,48.580002,48.880001,48.400002,48.660000,41.851395,38937300
2015-05-04,48.369999,48.869999,48.180000,48.240002,41.490166,34039500
2015-05-05,47.820000,48.160000,47.310001,47.599998,40.939713,50369200
2015-05-06,47.570000,47.770000,46.020000,46.279999,39.804394,52433000
2015-05-07,46.270000,47.090000,46.160000,46.700001,40.165623,32971700
2015-05-08,47.549999,47.980000,47.520000,47.750000,41.068729,35364900
2015-05-11,47.549999,47.910000,47.369999,47.369999,40.741890,24609400
2015-05-12,46.849998,47.680000,46.419998,47.349998,40.724697,29928300
2015-05-13,48.189999,48.320000,47.570000,47.630001,40.965508,34184600
2015-05-14,48.029999,48.820000,48.029999,48.720001,41.902977,32980900
2015-05-15,48.869999,48.910000,48.049999,48.299999,41.541759,28642700
2015-05-18,47.980000,48.220001,47.610001,48.009998,41.292339,24136500
2015-05-19,47.560001,47.810001,47.180000,47.580002,41.188457,28574800
2015-05-20,47.389999,47.930000,47.270000,47.580002,41.188457,25047900
2015-05-21,47.279999,47.599998,47.009998,47.419998,41.049953,22410700
2015-05-22,47.299999,47.349998,46.820000,46.900002,40.599804,25720600
2015-05-26,46.830002,46.880001,46.189999,46.590000,40.331467,29581900
2015-05-27,46.820000,47.770000,46.619999,47.610001,41.214436,27335600
2015-05-28,47.500000,48.020000,47.389999,47.450001,41.075924,19283700
2015-05-29,47.430000,47.570000,46.590000,46.860001,40.565178,36519600
2015-06-01,47.060001,47.770000,46.619999,47.230000,40.885487,28837300
2015-06-02,46.930000,47.349998,46.619999,46.919998,40.617115,21498300
2015-06-03,47.369999,47.740002,46.820000,46.849998,40.556522,28002200
2015-06-04,46.790001,47.160000,46.200001,46.360001,40.132347,27745500
2015-06-05,46.310001,46.520000,45.840000,46.139999,39.941891,25438100
2015-06-08,46.299999,46.430000,45.669998,45.730000,39.586971,22121600
2015-06-09,45.759998,45.939999,45.459999,45.650002,39.517712,24406100
2015-06-10,45.790001,46.830002,45.689999,46.610001,40.348774,28417400
2015-06-11,46.660000,46.919998,46.130001,46.439999,40.201591,27347800
2015-06-12,46.220001,46.470001,45.900002,45.970001,39.794735,23931000
2015-06-15,45.450001,45.650002,45.020000,45.480000,39.370571,33254500
2015-06-16,45.349998,46.240002,45.299999,45.830002,39.673538,27070300
2015-06-17,45.730000,46.070000,45.360001,45.970001,39.794735,28704100
2015-06-18,46.220001,46.799999,46.169998,46.720001,40.443985,32658300
2015-06-19,46.790001,46.830002,45.990002,46.099998,39.907276,63837000
2015-06-22,46.330002,46.720001,46.160000,46.230000,40.019810,20318100
2015-06-23,46.130001,46.279999,45.619999,45.910000,39.742790,25896500
2015-06-24,45.669998,46.250000,45.549999,45.639999,39.509071,34890900
2015-06-25,46.029999,46.060001,45.500000,45.650002,39.517712,20616000
2015-06-26,45.650002,46.279999,45.029999,45.259998,39.180115,49835300
2015-06-29,45.040001,45.230000,44.360001,44.369999,38.409672,34081700
2015-06-30,44.709999,44.720001,43.939999,44.150002,38.219219,35945400
2015-07-01,44.459999,45.230000,44.099998,44.450001,38.478916,28343900
2015-07-02,44.480000,44.750000,44.060001,44.400002,38.435631,21752000
2015-07-06,43.959999,44.480000,43.950001,44.389999,38.426983,23034000
2015-07-07,44.340000,44.490002,43.320000,44.299999,38.349064,36435800
2015-07-08,44.439999,44.900002,44.029999,44.240002,38.297131,39785900
2015-07-09,44.750000,45.220001,44.500000,44.520000,38.539536,32424700
2015-07-10,45.009998,45.139999,44.570000,44.610001,38.617424,25465800
2015-07-13,44.980000,45.619999,44.950001,45.540001,39.422501,28178300
2015-07-14,45.450001,45.959999,45.310001,45.619999,39.491760,22880300
2015-07-15,45.680000,45.889999,45.430000,45.759998,39.612930,26629600
2015-07-16,46.009998,46.689999,45.970001,46.660000,40.392063,26271700
2015-07-17,46.549999,46.779999,46.259998,46.619999,40.357418,29467100
2015-07-20,46.650002,47.130001,46.439999,46.919998,40.617115,30631900
2015-07-21,46.779999,47.330002,46.480000,47.279999,40.928761,42781900
2015-07-22,45.439999,46.930000,45.200001,45.540001,39.422501,59152400
2015-07-23,45.270000,46.230000,45.099998,46.110001,39.915932,33934000
2015-07-24,45.910000,46.320000,45.799999,45.939999,39.768761,32333200
2015-07-27,45.939999,46.009998,45.250000,45.349998,39.258018,39701400
2015-07-28,45.580002,45.639999,44.790001,45.340000,39.249363,34328900
2015-07-29,45.400002,46.779999,45.259998,46.290001,40.071739,40945900
2015-07-30,46.259998,47.400002,45.930000,46.880001,40.582500,39777900
2015-07-31,47.290001,47.369999,46.500000,46.700001,40.426662,31201500
2015-08-03,46.980000,47.000000,46.450001,46.810001,40.521896,24125900
2015-08-04,46.750000,47.709999,46.680000,47.540001,41.153824,33403900
2015-08-05,47.980000,48.410000,47.540001,47.580002,41.188457,26959700
2015-08-06,47.709999,47.770000,46.330002,46.619999,40.357418,27368000
2015-08-07,46.389999,46.779999,46.259998,46.740002,40.461300,19163000
2015-08-10,46.950001,47.490002,46.840000,47.330002,40.972038,23079900
2015-08-11,46.820000,46.939999,45.900002,46.410000,40.175632,29237400
2015-08-12,46.189999,46.900002,45.709999,46.740002,40.461300,30181400
2015-08-13,47.060001,47.099998,46.490002,46.730000,40.452648,22627200
2015-08-14,46.529999,47.099998,46.520000,47.000000,40.686371,21473400
2015-08-17,46.810001,47.450001,46.570000,47.320000,40.963387,21099700
2015-08-18,46.840000,47.430000,46.700001,47.270000,41.189941,23574100
2015-08-19,46.779999,47.080002,46.299999,46.610001,40.614841,31485500
2015-08-20,46.070000,46.470001,45.660000,45.660000,39.787048,36238200
2015-08-21,45.299999,45.480000,43.070000,43.070000,37.530163,70053100
2015-08-24,40.450001,42.689999,39.720001,41.680000,36.318962,88753700
2015-08-25,42.570000,43.240002,40.389999,40.470001,35.264603,70616600
2015-08-26,42.009998,42.840000,41.060001,42.709999,37.216476,63408000
2015-08-27,43.230000,43.950001,42.930000,43.900002,38.253407,50943200
2015-08-28,43.400002,44.150002,43.389999,43.930000,38.279545,28246700
2015-08-31,43.560001,43.930000,43.099998,43.520000,37.922283,34441700
2015-09-01,42.169998,42.590000,41.660000,41.820000,36.440945,49688900
2015-09-02,42.360001,43.380001,41.880001,43.360001,37.782864,37671500
2015-09-03,43.410000,43.980000,43.279999,43.500000,37.904858,28285200
2015-09-04,42.810001,43.040001,42.200001,42.610001,37.129337,37138800
2015-09-08,43.299999,44.000000,43.200001,43.889999,38.244682,32469800
2015-09-09,44.209999,44.400002,42.910000,43.070000,37.530163,33469500
2015-09-10,43.119999,43.790001,42.750000,43.290001,37.721874,31366600
2015-09-11,43.139999,43.590000,42.939999,43.480000,37.887428,27132500
2015-09-14,43.430000,43.439999,42.860001,43.040001,37.504021,23656000
2015-09-15,43.189999,44.290001,43.080002,43.980000,38.323116,28882200
2015-09-16,43.970001,44.380001,43.840000,44.299999,38.601948,23372200
2015-09-17,44.290001,45.000000,44.080002,44.250000,38.558395,32768200
2015-09-18,43.500000,43.990002,43.330002,43.480000,37.887428,63143700
2015-09-21,43.619999,44.470001,43.599998,44.110001,38.436394,26177200
2015-09-22,43.380001,44.049999,43.310001,43.900002,38.253407,28085900
2015-09-23,43.930000,44.169998,43.509998,43.869999,38.227272,17145200
2015-09-24,43.450001,44.130001,43.270000,43.910000,38.262119,27905600
2015-09-25,44.480000,44.730000,43.759998,43.939999,38.288258,29384600
2015-09-28,43.830002,44.090000,43.209999,43.290001,37.721874,27613800
2015-09-29,43.369999,43.570000,43.049999,43.439999,37.852581,32763600
2015-09-30,43.880001,44.299999,43.660000,44.259998,38.567108,34958900
2015-10-01,44.750000,44.750000,43.750000,44.610001,38.872086,28657900
2015-10-02,44.270000,45.570000,43.919998,45.570000,39.708611,41839000
2015-10-05,45.750000,46.889999,45.700001,46.630001,40.632259,34369300
2015-10-06,46.330002,47.180000,46.220001,46.750000,40.736820,27017200
2015-10-07,47.099998,47.349998,45.950001,46.799999,40.780392,27711500
2015-10-08,46.560001,47.520000,46.500000,47.450001,41.346790,33772700
2015-10-09,47.450001,47.540001,46.919998,47.110001,41.050533,28600600
2015-10-12,46.980000,47.070000,46.500000,47.000000,40.954681,19769100
2015-10-13,46.560001,47.130001,46.560001,46.889999,40.858829,19987800
2015-10-14,46.650002,47.099998,46.529999,46.680000,40.675823,24697800
2015-10-15,47.009998,47.029999,46.529999,47.009998,40.963387,27189400
2015-10-16,47.020000,47.540001,46.900002,47.509998,41.399071,26450300
2015-10-19,47.419998,47.880001,47.020000,47.619999,41.494930,29387600
2015-10-20,47.439999,47.810001,47.020000,47.770000,41.625626,30802200
2015-10-21,47.919998,47.990002,47.110001,47.200001,41.128948,25144300
2015-10-22,47.529999,48.950001,47.090000,48.029999,41.852177,56637100
2015-10-23,52.299999,54.070000,52.250000,52.869999,46.069645,135227100
2015-10-26,52.529999,54.320000,52.500000,54.250000,47.272144,64633300
2015-10-27,53.990002,54.369999,53.580002,53.689999,46.784164,50999900
2015-10-28,53.540001,53.980000,52.860001,53.980000,47.036877,47000800
2015-10-29,53.540001,53.830002,53.220001,53.360001,46.496628,30202100
2015-10-30,53.320000,53.990002,52.619999,52.639999,45.869244,46619800
2015-11-02,52.849998,53.360001,52.619999,53.240002,46.392052,30285000
2015-11-03,52.930000,54.389999,52.900002,54.150002,47.185020,36596900
2015-11-04,54.180000,54.880001,54.060001,54.400002,47.402866,37087800
2015-11-05,54.490002,54.700001,54.000000,54.380001,47.385418,31468500
2015-11-06,54.090000,54.980000,53.959999,54.919998,47.855972,32851200
2015-11-09,54.549999,54.869999,53.560001,54.160000,47.193737,32513100
2015-11-10,54.070000,54.130001,53.270000,53.509998,46.627319,55283700
2015-11-11,53.700001,54.200001,53.459999,53.650002,46.749310,36516300
2015-11-12,53.480000,53.980000,53.189999,53.320000,46.461765,35361100
2015-11-13,53.070000,53.290001,52.529999,52.840000,46.043499,36848200
2015-11-16,53.080002,53.889999,52.849998,53.770000,46.853886,32165200
2015-11-17,53.169998,53.529999,52.849998,52.970001,46.467903,31551300
2015-11-18,53.000000,53.980000,52.980000,53.849998,47.239876,29710000
2015-11-19,53.990002,54.660000,53.779999,53.939999,47.318829,28149200
2015-11-20,54.250000,54.299999,53.270000,54.189999,47.538143,37147600
2015-11-23,54.250000,54.459999,53.750000,54.189999,47.538143,28235900
2015-11-24,53.919998,54.439999,53.580002,54.250000,47.590778,24600000
2015-11-25,54.090000,54.230000,53.689999,53.689999,47.099506,21005100
2015-11-27,53.799999,54.080002,53.790001,53.930000,47.310066,9009100
2015-11-30,54.540001,54.959999,54.000000,54.349998,47.678516,56241400
2015-12-01,54.410000,55.230000,54.299999,55.220001,48.441711,39952800
2015-12-02,55.320000,55.959999,55.060001,55.209999,48.432934,47274900
2015-12-03,55.490002,55.770000,53.930000,54.200001,47.546917,38627800
2015-12-04,54.119999,56.230000,54.099998,55.910000,49.047016,43963700
2015-12-07,55.790001,55.970001,55.290001,55.810001,48.959290,30709800
2015-12-08,55.470001,56.099998,54.990002,55.790001,48.941742,32878000
2015-12-09,55.369999,55.869999,54.509998,54.980000,48.231174,36373200
2015-12-10,55.389999,55.660000,55.009998,55.270000,48.485584,31775800
2015-12-11,54.709999,55.099998,54.009998,54.060001,47.424091,39549500
2015-12-14,54.330002,55.209999,53.680000,55.139999,48.371532,46768900
2015-12-15,55.660000,55.900002,55.090000,55.200001,48.424168,39843000
2015-12-16,55.540001,56.250000,54.759998,56.130001,49.240013,37503300
2015-12-17,56.360001,56.790001,55.529999,55.700001,48.862793,41280900
2015-12-18,55.770000,56.000000,54.029999,54.130001,47.485519,84684200
2015-12-21,54.880001,55.349998,54.230000,54.830002,48.099583,37246300
2015-12-22,54.990002,55.480000,54.500000,55.349998,48.555756,28322200
2015-12-23,55.700001,55.880001,55.439999,55.820000,48.968060,27279800
2015-12-24,55.860001,55.959999,55.430000,55.669998,48.836472,9558500
2015-12-28,55.349998,55.950001,54.980000,55.950001,49.082104,22458300
2015-12-29,56.290001,56.849998,56.060001,56.549999,49.608459,27731400
2015-12-30,56.470001,56.779999,56.290001,56.310001,49.397907,21704500
2015-12-31,56.040001,56.189999,55.419998,55.480000,48.669804,27334100
2016-01-04,54.320000,54.799999,53.389999,54.799999,48.073265,53778000
2016-01-05,54.930000,55.389999,54.540001,55.049999,48.292572,34079700
2016-01-06,54.320000,54.400002,53.639999,54.049999,47.415325,39518900
2016-01-07,52.700001,53.490002,52.070000,52.169998,45.766098,56564900
2016-01-08,52.369999,53.279999,52.150002,52.330002,45.906464,48754000
2016-01-11,52.509998,52.849998,51.459999,52.299999,45.880142,36943800
2016-01-12,52.759998,53.099998,52.060001,52.779999,46.301216,36095500
2016-01-13,53.799999,54.070000,51.299999,51.639999,45.301147,66883600
2016-01-14,52.000000,53.419998,51.570000,53.110001,46.590706,52381900
2016-01-15,51.310001,51.970001,50.340000,50.990002,44.730942,71820700
2016-01-19,51.480000,51.680000,50.060001,50.560001,44.353729,43564500
2016-01-20,49.980000,51.380001,49.099998,50.790001,44.555496,63273000
2016-01-21,51.000000,51.580002,50.299999,50.480000,44.283546,40191200
2016-01-22,51.410000,52.330002,51.259998,52.290001,45.871380,37555800
2016-01-25,51.939999,52.650002,51.650002,51.790001,45.432743,34707700
2016-01-26,51.790001,52.439999,51.549999,52.169998,45.766098,28900800
2016-01-27,52.009998,52.200001,51.020000,51.220001,44.932716,36775200
2016-01-28,51.860001,52.209999,51.250000,52.060001,45.669609,62513800
2016-01-29,54.730000,55.090000,54.000000,55.090000,48.327682,83611700
2016-02-01,54.880001,55.090000,54.500000,54.709999,47.994308,44208500
2016-02-02,54.169998,54.259998,52.650002,53.000000,46.494213,56313800
2016-02-03,53.250000,53.389999,51.259998,52.160000,45.757332,57559800
2016-02-04,52.099998,52.810001,51.369999,52.000000,45.616970,46987100
2016-02-05,51.939999,52.000000,49.560001,50.160000,44.002831,62009000
2016-02-08,49.549999,49.570000,48.189999,49.410000,43.344887,59290500
2016-02-09,49.020000,50.240002,48.669998,49.279999,43.230843,46740500
2016-02-10,49.889999,50.389999,49.520000,49.709999,43.608063,38237000
2016-02-11,48.680000,50.110001,48.509998,49.689999,43.590519,48878600
2016-02-12,50.250000,50.680000,49.750000,50.500000,44.301094,34243300
2016-02-16,50.900002,51.090000,50.130001,51.090000,45.140469,37291200
2016-02-17,51.490002,52.770000,51.450001,52.419998,46.315582,40789000
2016-02-18,52.330002,52.950001,52.099998,52.189999,46.112354,27176000
2016-02-19,51.970001,52.279999,51.529999,51.820000,45.785458,33559100
2016-02-22,52.279999,53.000000,52.279999,52.650002,46.518810,25008300
2016-02-23,52.340000,52.369999,50.980000,51.180000,45.219975,28895300
2016-02-24,50.689999,51.500000,50.200001,51.360001,45.379025,33014500
2016-02-25,51.730000,52.099998,50.610001,52.099998,46.032848,26939500
2016-02-26,52.599998,52.680000,51.099998,51.299999,45.326027,35975900
2016-02-29,51.349998,51.650002,50.660000,50.880001,44.954922,31654000
2016-03-01,50.970001,52.590000,50.919998,52.580002,46.456955,33024500
2016-03-02,52.410000,52.959999,52.160000,52.950001,46.783867,29289900
2016-03-03,52.970001,52.970001,51.779999,52.349998,46.253727,24427800
2016-03-04,52.400002,52.450001,51.709999,52.029999,45.970997,33034200
2016-03-07,51.560001,51.799999,50.580002,51.029999,45.087448,38407800
2016-03-08,50.799999,52.130001,50.599998,51.650002,45.635258,33835100
2016-03-09,51.889999,52.849998,51.860001,52.840000,46.686665,28251600
2016-03-10,52.930000,52.939999,51.160000,52.049999,45.988667,38387800
2016-03-11,53.000000,53.070000,52.380001,53.070000,46.889881,32275700
2016-03-14,52.709999,53.590000,52.630001,53.169998,46.978249,24083600
2016-03-15,52.750000,53.590000,52.740002,53.590000,47.349346,21104800
2016-03-16,53.450001,54.599998,53.400002,54.349998,48.020836,31691700
2016-03-17,54.209999,55.000000,54.000000,54.660000,48.294743,28223900
2016-03-18,54.919998,54.970001,53.450001,53.490002,47.260994,67625500
2016-03-21,53.250000,53.930000,52.930000,53.860001,47.587891,23925700
2016-03-22,53.610001,54.250000,53.459999,54.070000,47.773430,23124100
2016-03-23,54.110001,54.240002,53.740002,53.970001,47.685097,20129000
2016-03-24,53.840000,54.330002,53.730000,54.209999,47.897141,19950000
2016-03-28,54.209999,54.290001,53.330002,53.540001,47.305161,17025100
2016-03-29,53.660000,54.860001,53.450001,54.709999,48.338909,23924300
2016-03-30,54.930000,55.639999,54.900002,55.049999,48.639317,23008300
2016-03-31,54.950001,55.590000,54.860001,55.230000,48.798344,26360500
2016-04-01,55.049999,55.610001,54.570000,55.570000,49.098755,24399200
2016-04-04,55.430000,55.660000,55.000000,55.430000,48.975056,18928800
2016-04-05,55.189999,55.299999,54.459999,54.560001,48.206371,19272300
2016-04-06,54.360001,55.200001,54.209999,55.119999,48.701160,21188700
2016-04-07,54.869999,54.910000,54.230000,54.459999,48.118019,19225100
2016-04-08,54.669998,55.279999,54.320000,54.419998,48.082680,22167200
2016-04-11,54.490002,55.150002,54.299999,54.310001,47.985493,21414200
2016-04-12,54.369999,54.779999,53.759998,54.650002,48.285892,24944300
2016-04-13,55.119999,55.439999,54.889999,55.349998,48.904381,20818000
2016-04-14,55.220001,55.580002,55.070000,55.360001,48.913216,20877100
2016-04-15,55.299999,55.919998,55.110001,55.650002,49.169460,28793800
2016-04-18,55.490002,56.590000,55.209999,56.459999,49.885124,23786000
2016-04-19,56.630001,56.770000,55.680000,56.389999,49.823273,29596800
2016-04-20,56.290001,56.500000,55.490002,55.590000,49.116436,36195700
2016-04-21,55.799999,56.230000,55.419998,55.779999,49.284306,38909100
2016-04-22,51.910000,52.430000,50.770000,51.779999,45.750107,126834100
2016-04-25,51.779999,52.130001,51.630001,52.110001,46.041695,33226900
2016-04-26,52.259998,52.349998,51.090000,51.439999,45.449699,33532600
2016-04-27,51.480000,51.500000,50.549999,50.939999,45.007931,43369300
2016-04-28,50.619999,50.770000,49.560001,49.900002,44.089039,43134800
2016-04-29,49.349998,50.250000,49.349998,49.869999,44.062542,48411700
2016-05-02,50.000000,50.750000,49.779999,50.610001,44.716362,33114500
2016-05-03,50.340000,50.410000,49.599998,49.779999,43.983009,26460200
2016-05-04,49.840000,50.060001,49.459999,49.869999,44.062542,24257600
2016-05-05,49.869999,50.299999,49.730000,49.939999,44.124382,25390700
2016-05-06,49.919998,50.389999,49.660000,50.389999,44.521984,24787300
2016-05-09,50.490002,50.590000,50.000000,50.070000,44.239239,17951600
2016-05-10,50.330002,51.099998,50.189999,51.020000,45.078613,22891000
2016-05-11,51.130001,51.779999,51.000000,51.049999,45.105114,24039100
2016-05-12,51.200001,51.810001,50.919998,51.509998,45.511555,24102800
2016-05-13,51.439999,51.900002,51.040001,51.080002,45.131622,22592300
2016-05-16,50.799999,51.959999,50.750000,51.830002,45.794296,20032000
2016-05-17,51.720001,51.730000,50.360001,50.509998,44.940140,27803500
2016-05-18,50.480000,51.139999,50.299999,50.810001,45.207077,24907500
2016-05-19,50.470001,50.619999,49.820000,50.320000,44.771095,23842400
2016-05-20,50.480000,51.220001,50.400002,50.619999,45.038025,23905800
2016-05-23,50.599998,50.680000,49.980000,50.029999,44.513084,26118700
2016-05-24,50.700001,51.709999,50.400002,51.590000,45.901054,34757900
2016-05-25,51.919998,52.490002,51.790001,52.119999,46.372608,24040200
2016-05-26,51.930000,51.980000,51.360001,51.889999,46.167976,24335200
2016-05-27,51.919998,52.320000,51.770000,52.320000,46.550552,17721400
2016-05-31,52.259998,53.000000,52.080002,53.000000,47.155579,37653100
2016-06-01,52.439999,52.950001,52.439999,52.849998,47.022110,25324800
2016-06-02,52.639999,52.740002,51.840000,52.480000,46.692898,22840800
2016-06-03,52.380001,52.419998,51.599998,51.790001,46.079002,23368300
2016-06-06,51.990002,52.349998,51.889999,52.130001,46.381512,18243300
2016-06-07,52.240002,52.730000,52.099998,52.099998,46.354813,20866800
2016-06-08,52.020000,52.439999,51.869999,52.040001,46.301430,21149400
2016-06-09,52.000000,52.000000,51.490002,51.619999,45.927753,20305700
2016-06-10,51.049999,52.049999,51.040001,51.480000,45.803188,25833200
2016-06-13,49.580002,50.720001,49.060001,50.139999,44.610954,83217800
2016-06-14,49.900002,50.099998,49.570000,49.830002,44.335140,42577100
2016-06-15,49.779999,50.119999,49.689999,49.689999,44.210575,33757600
2016-06-16,49.520000,50.470001,49.509998,50.389999,44.833385,31188600
2016-06-17,50.410000,50.430000,49.820000,50.130001,44.602058,45710500
2016-06-20,50.639999,50.830002,50.029999,50.070000,44.548668,35607900
2016-06-21,50.200001,51.430000,50.160000,51.189999,45.545174,34097800
2016-06-22,51.080002,51.459999,50.950001,50.990002,45.367218,28816800
2016-06-23,51.279999,52.060001,51.150002,51.910000,46.185772,29028800
2016-06-24,49.810001,50.939999,49.520000,49.830002,44.335140,133503000
2016-06-27,49.099998,49.150002,48.040001,48.430000,43.089527,50216300
2016-06-28,48.919998,49.470001,48.669998,49.439999,43.988140,38140700
2016-06-29,49.910000,50.720001,49.799999,50.540001,44.966850,31304000
2016-06-30,50.720001,51.299999,50.500000,51.169998,45.527363,28527800
2016-07-01,51.130001,51.720001,51.070000,51.160000,45.518478,21400400
2016-07-05,50.830002,51.279999,50.740002,51.169998,45.527363,24806400
2016-07-06,50.779999,51.540001,50.389999,51.380001,45.714207,28167500
2016-07-07,51.419998,51.610001,51.070000,51.380001,45.714207,19585200
2016-07-08,51.730000,52.360001,51.549999,52.299999,46.532761,28391000
2016-07-11,52.500000,52.830002,52.470001,52.590000,46.790783,22269200
2016-07-12,52.939999,53.400002,52.790001,53.209999,47.342419,27317600
2016-07-13,53.560001,53.860001,53.180000,53.509998,47.609329,25356800
2016-07-14,53.840000,53.990002,53.580002,53.740002,47.813976,24545500
2016-07-15,53.950001,54.000000,53.209999,53.700001,47.778381,32024400
2016-07-18,53.700001,54.340000,53.549999,53.959999,48.009697,31433900
2016-07-19,53.709999,53.900002,52.930000,53.090000,47.235653,53336500
2016-07-20,56.150002,56.840000,55.529999,55.910000,49.744671,89893300
2016-07-21,55.980000,56.230000,55.759998,55.799999,49.646801,32776700
2016-07-22,56.080002,56.630001,55.779999,56.570000,50.331894,32157200
2016-07-25,56.470001,56.740002,56.259998,56.730000,50.474258,25610600
2016-07-26,56.520000,57.290001,56.509998,56.759998,50.500950,28079000
2016-07-27,56.610001,56.799999,56.110001,56.189999,49.993805,32327500
2016-07-28,56.000000,56.369999,55.720001,56.209999,50.011600,37550400
2016-07-29,56.259998,56.759998,56.049999,56.680000,50.429775,30558700
2016-08-01,56.599998,56.750000,56.139999,56.580002,50.340816,26003400
2016-08-02,56.849998,56.900002,56.310001,56.580002,50.340816,35122000
2016-08-03,56.680000,57.110001,56.490002,56.970001,50.687794,22075600
2016-08-04,56.799999,57.520000,56.669998,57.389999,51.061478,26587700
2016-08-05,57.650002,58.209999,57.450001,57.959999,51.568623,29335200
2016-08-08,58.060001,58.090000,57.779999,58.060001,51.657600,19473500
2016-08-09,58.169998,58.500000,58.020000,58.200001,51.782166,16920700
2016-08-10,58.160000,58.320000,57.820000,58.020000,51.622009,15756900
2016-08-11,58.029999,58.450001,58.029999,58.299999,51.871140,18162300
2016-08-12,58.029999,58.189999,57.619999,57.939999,51.550827,21655200
2016-08-15,58.009998,58.500000,57.959999,58.119999,51.710991,19283900
2016-08-16,57.610001,57.619999,57.270000,57.439999,51.424496,20523500
2016-08-17,57.540001,57.680000,57.230000,57.560001,51.531929,18856400
2016-08-18,57.419998,57.700001,57.270000,57.599998,51.567753,14214300
2016-08-19,57.430000,57.730000,57.200001,57.619999,51.585640,17271000
2016-08-22,57.599998,57.750000,57.259998,57.669998,51.630398,15221900
2016-08-23,57.900002,58.180000,57.849998,57.889999,51.827358,18732400
2016-08-24,57.799999,58.040001,57.720001,57.950001,51.881081,18151500
2016-08-25,57.880001,58.290001,57.779999,58.169998,52.078049,18552600
2016-08-26,58.279999,58.700001,57.689999,58.029999,51.952702,20971200
2016-08-29,58.180000,58.599998,58.099998,58.099998,52.015362,16417200
2016-08-30,57.980000,58.189999,57.610001,57.889999,51.827358,16930200
2016-08-31,57.650002,57.799999,57.299999,57.459999,51.442390,20860300
2016-09-01,57.009998,57.820000,57.009998,57.590000,51.558788,26075400
2016-09-02,57.669998,58.189999,57.419998,57.669998,51.630398,18900500
2016-09-06,57.779999,57.799999,57.209999,57.610001,51.576687,16278400
2016-09-07,57.470001,57.840000,57.410000,57.660000,51.621445,17493400
2016-09-08,57.630001,57.790001,57.180000,57.430000,51.415527,20146100
2016-09-09,56.790001,57.520000,56.209999,56.209999,50.323311,35113900
2016-09-12,56.000000,57.209999,55.610001,57.049999,51.075336,29303000
2016-09-13,56.500000,56.650002,56.049999,56.529999,50.609779,30130200
2016-09-14,56.389999,56.630001,56.029999,56.259998,50.368069,24062500
2016-09-15,56.150002,57.349998,55.980000,57.189999,51.200684,26847000
2016-09-16,57.630001,57.630001,56.750000,57.250000,51.254391,44607000
2016-09-19,57.270000,57.750000,56.849998,56.930000,50.967903,20937100
2016-09-20,57.349998,57.349998,56.750000,56.810001,50.860474,17384000
2016-09-21,57.509998,57.849998,57.080002,57.759998,51.710991,33707300
2016-09-22,57.919998,58.000000,57.630001,57.820000,51.764698,19822200
2016-09-23,57.869999,57.910000,57.380001,57.430000,51.415527,19955300
2016-09-26,57.080002,57.139999,56.830002,56.900002,50.941051,21688700
2016-09-27,56.930000,58.060001,56.680000,57.950001,51.881081,28065100
2016-09-28,57.880001,58.060001,57.669998,58.029999,51.952702,20536400
2016-09-29,57.810001,58.169998,57.209999,57.400002,51.388676,25463500
2016-09-30,57.570000,57.770000,57.340000,57.599998,51.567753,29910800
2016-10-03,57.410000,57.549999,57.060001,57.419998,51.406586,19189500
2016-10-04,57.270000,57.599998,56.970001,57.240002,51.245434,20085900
2016-10-05,57.290001,57.959999,57.259998,57.639999,51.603542,16726400
2016-10-06,57.740002,57.860001,57.279999,57.740002,51.693066,16212600
2016-10-07,57.849998,57.980000,57.419998,57.799999,51.746784,20089000
2016-10-10,57.910000,58.389999,57.869999,58.040001,51.961655,18196500
2016-10-11,57.889999,58.020000,56.889999,57.189999,51.200684,26497400
2016-10-12,57.110001,57.270000,56.400002,57.110001,51.129047,22177500
2016-10-13,56.700001,57.299999,56.320000,56.919998,50.958950,25313700
2016-10-14,57.119999,57.740002,57.119999,57.419998,51.406586,27402500
2016-10-17,57.360001,57.459999,56.869999,57.220001,51.227535,23830000
2016-10-18,57.529999,57.950001,57.410000,57.660000,51.621445,19149500
2016-10-19,57.470001,57.840000,57.400002,57.529999,51.505062,22878400
2016-10-20,57.500000,57.520000,56.660000,57.250000,51.254391,49455600
2016-10-21,60.279999,60.450001,59.490002,59.660000,53.411995,80032200
2016-10-24,59.939999,61.000000,59.930000,61.000000,54.611664,54067000
2016-10-25,60.849998,61.369999,60.799999,60.990002,54.602711,35137200
2016-10-26,60.810001,61.200001,60.470001,60.630001,54.280418,29911600
2016-10-27,60.610001,60.830002,60.090000,60.099998,53.805916,28479900
2016-10-28,60.009998,60.520000,59.580002,59.869999,53.600002,33574700
2016-10-31,60.160000,60.419998,59.919998,59.919998,53.644779,26434700
2016-11-01,59.970001,60.020000,59.250000,59.799999,53.537331,24533000
2016-11-02,59.820000,59.930000,59.299999,59.430000,53.206081,22147000
2016-11-03,59.529999,59.639999,59.110001,59.209999,53.009129,21600400
2016-11-04,58.650002,59.279999,58.520000,58.709999,52.561478,28697000
2016-11-07,59.779999,60.520000,59.779999,60.419998,54.092403,31664800
2016-11-08,60.549999,60.779999,60.150002,60.470001,54.137169,22935400
2016-11-09,60.000000,60.590000,59.200001,60.169998,53.868584,49632500
2016-11-10,60.480000,60.490002,57.630001,58.700001,52.552544,57822400
2016-11-11,58.230000,59.119999,58.009998,59.020000,52.839005,38767800
2016-11-14,59.020000,59.080002,57.279999,58.119999,52.033279,41328400
2016-11-15,58.330002,59.490002,58.320000,58.869999,53.060776,35904100
2016-11-16,58.939999,59.660000,58.810001,59.650002,53.763821,27332500
2016-11-17,60.410000,60.950001,59.970001,60.639999,54.656136,32132700
2016-11-18,60.779999,61.139999,60.299999,60.349998,54.394737,27686300
2016-11-21,60.500000,60.970001,60.419998,60.860001,54.854412,19652600
2016-11-22,60.980000,61.259998,60.810001,61.119999,55.088753,23206700
2016-11-23,61.009998,61.099998,60.250000,60.400002,54.439800,21848900
2016-11-25,60.299999,60.529999,60.130001,60.529999,54.556980,8409600
2016-11-28,60.340000,61.020000,60.209999,60.610001,54.629078,20732600
2016-11-29,60.650002,61.410000,60.520000,61.090000,55.061718,22366700
2016-11-30,60.860001,61.180000,60.220001,60.259998,54.313622,34655400
2016-12-01,60.110001,60.150002,58.939999,59.200001,53.358223,34542100
2016-12-02,59.080002,59.470001,58.799999,59.250000,53.403286,25515700
2016-12-05,59.700001,60.590000,59.560001,60.220001,54.277565,23552700
2016-12-06,60.430000,60.459999,59.799999,59.950001,54.034218,19907000
2016-12-07,60.009998,61.380001,59.799999,61.369999,55.314091,30809000
2016-12-08,61.299999,61.580002,60.840000,61.009998,54.989613,21220800
2016-12-09,61.180000,61.990002,61.130001,61.970001,55.854881,27349400
2016-12-12,61.820000,62.299999,61.720001,62.169998,56.035149,20198100
2016-12-13,62.500000,63.419998,62.240002,62.980000,56.765209,35718900
2016-12-14,63.000000,63.450001,62.529999,62.680000,56.494827,30352700
2016-12-15,62.700001,63.150002,62.299999,62.580002,56.404682,27669900
2016-12-16,62.950001,62.950001,62.119999,62.299999,56.152321,42453100
2016-12-19,62.560001,63.770000,62.419998,63.619999,57.342068,34338200
2016-12-20,63.689999,63.799999,63.029999,63.540001,57.269951,26028400
2016-12-21,63.430000,63.700001,63.119999,63.540001,57.269951,17096300
2016-12-22,63.840000,64.099998,63.410000,63.549999,57.278957,22176600
2016-12-23,63.450001,63.540001,62.799999,63.240002,56.999554,12403800
2016-12-27,63.209999,64.070000,63.209999,63.279999,57.035606,11763200
2016-12-28,63.400002,63.400002,62.830002,62.990002,56.774227,14653300
2016-12-29,62.860001,63.200001,62.730000,62.900002,56.693115,10250600
2016-12-30,62.959999,62.990002,62.029999,62.139999,56.008099,25579900
2017-01-03,62.790001,62.840000,62.130001,62.580002,56.404682,20694100
2017-01-04,62.480000,62.750000,62.119999,62.299999,56.152321,21340000
2017-01-05,62.189999,62.660000,62.029999,62.299999,56.152321,24876000
2017-01-06,62.299999,63.150002,62.040001,62.840000,56.639030,19922900
2017-01-09,62.759998,63.080002,62.540001,62.639999,56.458755,20382700
2017-01-10,62.730000,63.070000,62.279999,62.619999,56.440739,18593000
2017-01-11,62.610001,63.230000,62.430000,63.189999,56.954483,21517300
2017-01-12,63.060001,63.400002,61.950001,62.610001,56.431740,20968200
2017-01-13,62.619999,62.869999,62.349998,62.700001,56.512840,19422300
2017-01-17,62.680000,62.700001,62.029999,62.529999,56.359615,20664000
2017-01-18,62.669998,62.700001,62.119999,62.500000,56.332573,19670100
2017-01-19,62.240002,62.980000,62.200001,62.299999,56.152321,18451700
2017-01-20,62.669998,62.820000,62.369999,62.740002,56.548904,30213500
2017-01-23,62.700001,63.119999,62.570000,62.959999,56.747192,23097600
2017-01-24,63.200001,63.740002,62.939999,63.520000,57.251923,24672900
2017-01-25,63.950001,64.099998,63.450001,63.680000,57.396145,23672700
2017-01-26,64.120003,64.540001,63.549999,64.269997,57.927917,43554600
2017-01-27,65.389999,65.910004,64.889999,65.779999,59.288910,44818000
2017-01-30,65.690002,65.790001,64.800003,65.129997,58.703056,31651400
2017-01-31,64.860001,65.150002,64.260002,64.650002,58.270416,25270500
2017-02-01,64.360001,64.620003,63.470001,63.580002,57.305996,39671500
2017-02-02,63.250000,63.410000,62.750000,63.169998,56.936459,45827000
2017-02-03,63.500000,63.700001,63.070000,63.680000,57.396145,30301800
2017-02-06,63.500000,63.650002,63.139999,63.639999,57.360088,19796400
2017-02-07,63.740002,63.779999,63.230000,63.430000,57.170807,20277200
2017-02-08,63.570000,63.810001,63.220001,63.340000,57.089691,18096400
2017-02-09,63.520000,64.440002,63.320000,64.059998,57.738632,22644400
2017-02-10,64.250000,64.300003,63.980000,64.000000,57.684559,18170700
2017-02-13,64.239998,64.860001,64.129997,64.720001,58.333508,22920100
2017-02-14,64.410004,64.720001,64.019997,64.570000,58.551128,23108400
2017-02-15,64.500000,64.570000,64.160004,64.529999,58.514858,17005200
2017-02-16,64.739998,65.239998,64.440002,64.519997,58.505795,20546300
2017-02-17,64.470001,64.690002,64.300003,64.620003,58.596474,21248800
2017-02-21,64.610001,64.949997,64.449997,64.489998,58.478600,20655900
2017-02-22,64.330002,64.389999,64.050003,64.360001,58.360706,19292700
2017-02-23,64.419998,64.730003,64.190002,64.620003,58.596474,20273100
2017-02-24,64.529999,64.800003,64.139999,64.620003,58.596474,21796800
2017-02-27,64.540001,64.540001,64.050003,64.230003,58.242832,15871500
2017-02-28,64.080002,64.199997,63.759998,63.980000,58.016132,23239800
2017-03-01,64.129997,64.989998,64.019997,64.940002,58.886654,26937500
2017-03-02,64.690002,64.750000,63.880001,64.010002,58.043354,24539600
2017-03-03,63.990002,64.279999,63.619999,64.250000,58.260979,18135900
2017-03-06,63.970001,64.559998,63.810001,64.269997,58.279099,18750300
2017-03-07,64.190002,64.779999,64.190002,64.400002,58.396988,18521000
2017-03-08,64.260002,65.080002,64.250000,64.989998,58.931984,21510900
2017-03-09,65.190002,65.199997,64.480003,64.730003,58.696232,19846800
2017-03-10,65.110001,65.260002,64.750000,64.930000,58.877590,19538200
2017-03-13,65.010002,65.190002,64.570000,64.709999,58.678074,20100000
2017-03-14,64.529999,64.550003,64.150002,64.410004,58.406055,14280200
2017-03-15,64.550003,64.919998,64.250000,64.750000,58.714367,24833800
2017-03-16,64.750000,64.760002,64.300003,64.639999,58.614620,20674300
2017-03-17,64.910004,65.239998,64.680000,64.870003,58.823174,49219700
2017-03-20,64.910004,65.180000,64.720001,64.930000,58.877590,14598100
2017-03-21,65.190002,65.500000,64.129997,64.209999,58.224693,26640500
2017-03-22,64.120003,65.139999,64.120003,65.029999,58.968273,20680000
2017-03-23,64.940002,65.239998,64.769997,64.870003,58.823174,19269200
2017-03-24,65.360001,65.449997,64.760002,64.980003,58.922932,22617100
2017-03-27,64.629997,65.220001,64.349998,65.099998,59.031734,18614700
2017-03-28,64.959999,65.470001,64.650002,65.290001,59.204021,20080400
2017-03-29,65.120003,65.500000,64.949997,65.470001,59.367245,13618400
2017-03-30,65.419998,65.980003,65.360001,65.709999,59.584877,15122800
2017-03-31,65.650002,66.190002,65.449997,65.860001,59.720894,21040300
2017-04-03,65.809998,65.940002,65.190002,65.550003,59.439789,20400900
2017-04-04,65.389999,65.809998,65.279999,65.730003,59.603016,12997400
2017-04-05,66.300003,66.349998,65.440002,65.559998,59.448845,21448600
2017-04-06,65.599998,66.059998,65.480003,65.730003,59.603016,18103500
2017-04-07,65.849998,65.959999,65.440002,65.680000,59.557674,14108500
2017-04-10,65.610001,65.820000,65.360001,65.529999,59.421646,17952700
2017-04-11,65.599998,65.610001,64.849998,65.480003,59.376316,18791500
2017-04-12,65.419998,65.510002,65.110001,65.230003,59.149620,17108500
2017-04-13,65.290001,65.860001,64.949997,64.949997,58.895718,17896500
2017-04-17,65.040001,65.489998,65.010002,65.480003,59.376316,16689300
2017-04-18,65.330002,65.709999,65.160004,65.389999,59.294701,15155600
2017-04-19,65.650002,65.750000,64.889999,65.040001,58.977322,26992800
2017-04-20,65.459999,65.750000,65.139999,65.500000,59.394455,22299500
2017-04-21,65.669998,66.699997,65.449997,66.400002,60.210571,32522600
2017-04-24,67.480003,67.660004,67.099998,67.529999,61.235226,29770000
2017-04-25,67.900002,68.040001,67.599998,67.919998,61.588863,30242700
2017-04-26,68.080002,68.309998,67.620003,67.830002,61.507256,26190800
2017-04-27,68.150002,68.379997,67.580002,68.269997,61.906250,34971000
2017-04-28,68.910004,69.139999,67.690002,68.459999,62.078560,39548800
2017-05-01,68.680000,69.550003,68.500000,69.410004,62.939987,31954400
2017-05-02,69.709999,69.709999,69.129997,69.300003,62.840237,23906100
2017-05-03,69.379997,69.379997,68.709999,69.080002,62.640739,28928000
2017-05-04,69.029999,69.080002,68.639999,68.809998,62.395912,21749400
2017-05-05,68.900002,69.029999,68.489998,69.000000,62.568222,19128800
2017-05-08,68.970001,69.050003,68.419998,68.940002,62.513790,18566100
2017-05-09,68.860001,69.279999,68.680000,69.040001,62.604469,22858400
2017-05-10,68.989998,69.559998,68.919998,69.309998,62.849281,17977800
2017-05-11,68.360001,68.730003,68.120003,68.459999,62.078560,28789400
2017-05-12,68.610001,68.610001,68.040001,68.379997,62.005985,18714100
2017-05-15,68.139999,68.480003,67.570000,68.430000,62.051331,31530300
2017-05-16,68.230003,69.440002,68.160004,69.410004,63.300755,34956000
2017-05-17,68.889999,69.099998,67.430000,67.480003,61.540607,30548800
2017-05-18,67.400002,68.129997,67.139999,67.709999,61.750370,25201300
2017-05-19,67.500000,68.099998,67.430000,67.690002,61.732147,26961100
2017-05-22,67.889999,68.500000,67.500000,68.449997,62.425259,16237600
2017-05-23,68.720001,68.750000,68.379997,68.680000,62.635017,15425800
2017-05-24,68.870003,68.879997,68.449997,68.769997,62.717079,14593900
2017-05-25,68.970001,69.879997,68.910004,69.620003,63.492271,21854100
2017-05-26,69.800003,70.220001,69.519997,69.959999,63.802330,19827900
2017-05-30,69.790001,70.410004,69.769997,70.410004,64.212715,17072800
2017-05-31,70.529999,70.739998,69.809998,69.839996,63.692905,30436400
2017-06-01,70.239998,70.610001,69.449997,70.099998,63.930035,21603600
2017-06-02,70.440002,71.860001,70.239998,71.760002,65.443932,34770300
2017-06-05,71.970001,72.889999,71.809998,72.279999,65.918144,33316800
2017-06-06,72.300003,72.620003,72.269997,72.519997,66.137024,31511100
2017-06-07,72.639999,72.769997,71.949997,72.389999,66.018456,22301800
2017-06-08,72.510002,72.519997,71.500000,71.949997,65.617180,24588300
2017-06-09,72.040001,72.080002,68.589996,70.320000,64.130661,49187400
2017-06-12,69.250000,69.940002,68.129997,69.779999,63.638184,47761700
2017-06-13,70.019997,70.820000,69.959999,70.650002,64.431625,25258600
2017-06-14,70.910004,71.099998,69.430000,70.269997,64.085052,25510700
2017-06-15,69.269997,70.209999,68.800003,69.900002,63.747631,26068700
2017-06-16,69.730003,70.029999,69.220001,70.000000,63.838806,48345100
2017-06-19,70.500000,70.940002,70.349998,70.870003,64.632248,23798300
2017-06-20,70.820000,70.870003,69.870003,69.910004,63.756744,21512200
2017-06-21,70.209999,70.620003,69.940002,70.269997,64.085052,19891100
2017-06-22,70.540001,70.589996,69.709999,70.260002,64.075935,22965700
2017-06-23,70.089996,71.250000,69.919998,71.209999,64.942322,27617300
2017-06-26,71.400002,71.709999,70.440002,70.529999,64.322166,19607000
2017-06-27,70.110001,70.180000,69.180000,69.209999,63.118362,25215100
2017-06-28,69.209999,69.839996,68.790001,69.800003,63.656425,25806200
2017-06-29,69.379997,69.489998,68.089996,68.489998,62.461704,28918700
2017-06-30,68.779999,69.379997,68.739998,68.930000,62.862991,24161100
2017-07-03,69.330002,69.599998,68.019997,68.169998,62.169880,16165500
2017-07-05,68.260002,69.440002,68.220001,69.080002,62.999798,21176300
2017-07-06,68.269997,68.779999,68.120003,68.570000,62.534668,21117600
2017-07-07,68.699997,69.839996,68.699997,69.459999,63.346363,16878300
2017-07-10,69.459999,70.250000,69.199997,69.980003,63.820587,15014500
2017-07-11,70.000000,70.680000,69.750000,69.989998,63.829716,17460000
2017-07-12,70.690002,71.279999,70.550003,71.150002,64.887604,17750900
2017-07-13,71.500000,72.040001,71.309998,71.769997,65.453018,20269800
2017-07-14,72.239998,73.269997,71.959999,72.779999,66.374138,25868100
2017-07-17,72.800003,73.449997,72.720001,73.349998,66.893951,21803900
2017-07-18,73.089996,73.389999,72.660004,73.300003,66.848358,26435300
2017-07-19,73.500000,74.040001,73.449997,73.860001,67.359077,22416200
2017-07-20,74.180000,74.300003,73.279999,74.220001,67.687378,42361000
2017-07-21,73.449997,74.290001,73.169998,73.790001,67.295242,46717100
2017-07-24,73.529999,73.750000,73.129997,73.599998,67.121941,21394800
2017-07-25,73.800003,74.309998,73.500000,74.190002,67.660019,22018700
2017-07-26,74.339996,74.379997,73.809998,74.050003,67.532333,16252200
2017-07-27,73.760002,74.419998,72.320000,73.160004,66.720680,36844200
2017-07-28,72.669998,73.309998,72.540001,73.040001,66.611252,18306700
2017-07-31,73.300003,73.440002,72.410004,72.699997,66.301163,23600100
2017-08-01,73.099998,73.419998,72.489998,72.580002,66.191727,22132300
2017-08-02,72.550003,72.559998,71.440002,72.260002,65.899910,26499200
2017-08-03,72.190002,72.440002,71.849998,72.150002,65.799591,18214400
2017-08-04,72.400002,73.040001,72.239998,72.680000,66.282928,22579000
2017-08-07,72.800003,72.900002,72.260002,72.400002,66.027588,18705700
2017-08-08,72.089996,73.129997,71.750000,72.790001,66.383263,22044600
2017-08-09,72.250000,72.510002,72.050003,72.470001,66.091438,22213400
2017-08-10,71.900002,72.190002,71.349998,71.410004,65.124733,24734500
2017-08-11,71.610001,72.699997,71.279999,72.500000,66.118774,21443700
2017-08-14,73.059998,73.720001,72.949997,73.589996,67.112854,20096600
2017-08-15,73.589996,73.589996,73.040001,73.220001,67.131180,19181400
2017-08-16,73.339996,74.099998,73.169998,73.650002,67.525406,18150400
2017-08-17,73.580002,73.870003,72.400002,72.400002,66.379387,22977500
2017-08-18,72.269997,72.839996,71.930000,72.489998,66.461861,18761500
2017-08-21,72.470001,72.480003,71.699997,72.150002,66.150131,17734800
2017-08-22,72.349998,73.239998,72.349998,73.160004,67.076172,14343700
2017-08-23,72.959999,73.150002,72.529999,72.720001,66.672737,13766500
2017-08-24,72.739998,72.860001,72.070000,72.690002,66.645287,17098300
2017-08-25,72.860001,73.349998,72.480003,72.820000,66.764442,12794300
2017-08-28,73.059998,73.089996,72.550003,72.830002,66.773621,14569700
2017-08-29,72.250000,73.160004,72.050003,73.050003,66.975304,11478400
2017-08-30,73.010002,74.209999,72.830002,74.010002,67.855492,16897800
2017-08-31,74.029999,74.959999,73.800003,74.769997,68.552269,27652800
2017-09-01,74.709999,74.739998,73.639999,73.940002,67.791298,21736200
2017-09-05,73.339996,73.889999,72.980003,73.610001,67.488724,21556000
2017-09-06,73.739998,74.040001,73.349998,73.400002,67.296204,16535800
2017-09-07,73.680000,74.599998,73.599998,74.339996,68.158020,17471200
2017-09-08,74.330002,74.440002,73.839996,73.980003,67.827988,14703800
2017-09-11,74.309998,74.940002,74.309998,74.760002,68.543137,17910400
2017-09-12,74.760002,75.239998,74.370003,74.680000,68.469757,14394900
2017-09-13,74.930000,75.230003,74.550003,75.209999,68.955673,13380800
2017-09-14,75.000000,75.489998,74.519997,74.769997,68.552269,15733900
2017-09-15,74.830002,75.389999,74.070000,75.309998,69.047363,38578400
2017-09-18,75.230003,75.970001,75.040001,75.160004,68.909866,23307000
2017-09-19,75.209999,75.709999,75.010002,75.440002,69.166573,16093300
2017-09-20,75.349998,75.550003,74.309998,74.940002,68.708145,21587900
2017-09-21,75.110001,75.239998,74.110001,74.209999,68.038864,19186100
2017-09-22,73.989998,74.510002,73.849998,74.410004,68.222206,14111400
2017-09-25,74.089996,74.250000,72.919998,73.260002,67.167847,24149200
2017-09-26,73.669998,73.809998,72.989998,73.260002,67.167847,18019600
2017-09-27,73.550003,74.169998,73.169998,73.849998,67.708801,19565100
2017-09-28,73.540001,73.970001,73.309998,73.870003,67.727104,10883800
2017-09-29,73.940002,74.540001,73.879997,74.489998,68.295578,17079100
2017-10-02,74.709999,75.010002,74.300003,74.610001,68.405586,15304800
2017-10-03,74.669998,74.879997,74.190002,74.260002,68.084694,12190400
2017-10-04,74.089996,74.720001,73.709999,74.690002,68.478928,13317700
2017-10-05,75.220001,76.120003,74.959999,75.970001,69.652481,21195300
2017-10-06,75.669998,76.029999,75.540001,76.000000,69.680016,13959800
2017-10-09,75.970001,76.550003,75.860001,76.290001,69.945900,11386500
2017-10-10,76.330002,76.629997,76.139999,76.290001,69.945900,13944500
2017-10-11,76.360001,76.459999,75.949997,76.419998,70.065063,15388900
2017-10-12,76.489998,77.290001,76.370003,77.120003,70.706863,16876500
2017-10-13,77.589996,77.870003,77.290001,77.489998,71.046089,15335700
2017-10-16,77.419998,77.809998,77.349998,77.650002,71.192802,12380100
2017-10-17,77.470001,77.620003,77.250000,77.589996,71.137741,16824000
2017-10-18,77.669998,77.849998,77.370003,77.610001,71.156113,13300700
2017-10-19,77.570000,77.930000,77.349998,77.910004,71.431183,15092800
2017-10-20,78.320000,78.970001,78.220001,78.809998,72.256310,22866400
2017-10-23,78.989998,79.339996,78.760002,78.830002,72.274666,20627200
2017-10-24,78.900002,79.199997,78.459999,78.860001,72.302170,17517200
2017-10-25,78.580002,79.099998,78.010002,78.629997,72.091293,20410800
2017-10-26,79.199997,79.419998,78.750000,78.760002,72.210487,32120700
2017-10-27,84.370003,86.199997,83.610001,83.809998,76.840546,71066700
2017-10-30,83.699997,84.330002,83.110001,83.889999,76.913887,31756700
2017-10-31,84.360001,84.360001,83.110001,83.180000,76.262932,27086600
2017-11-01,83.680000,83.760002,82.879997,83.180000,76.262932,22307400
2017-11-02,83.349998,84.459999,83.120003,84.050003,77.060585,23992900
2017-11-03,84.080002,84.540001,83.400002,84.139999,77.143097,17633500
2017-11-06,84.199997,84.699997,84.080002,84.470001,77.445656,19860900
2017-11-07,84.769997,84.900002,83.930000,84.269997,77.262276,17939700
2017-11-08,84.139999,84.610001,83.830002,84.559998,77.528152,18034200
2017-11-09,84.110001,84.269997,82.900002,84.089996,77.097252,21178400
2017-11-10,83.790001,84.099998,83.230003,83.870003,76.895523,19397800
2017-11-13,83.660004,83.940002,83.459999,83.930000,76.950554,14196900
2017-11-14,83.500000,84.099998,82.980003,84.050003,77.060585,18801300
2017-11-15,83.470001,83.690002,82.690002,82.980003,76.461639,19383100
2017-11-16,83.099998,83.419998,82.940002,83.199997,76.664352,20962800
2017-11-17,83.120003,83.120003,82.239998,82.400002,75.927193,22079000
2017-11-20,82.400002,82.589996,82.250000,82.529999,76.046967,16315000
2017-11-21,82.739998,83.839996,82.739998,83.720001,77.143501,21237500
2017-11-22,83.830002,83.900002,83.040001,83.110001,76.581451,20553100
2017-11-24,83.010002,83.430000,82.779999,83.260002,76.719650,7425600
2017-11-27,83.309998,83.980003,83.300003,83.870003,77.281731,18265200
2017-11-28,84.070000,85.059998,84.019997,84.879997,78.212372,21926000
2017-11-29,84.709999,84.919998,83.180000,83.339996,76.793350,27381100
2017-11-30,83.510002,84.519997,83.339996,84.169998,77.558151,33054600
2017-12-01,83.599998,84.809998,83.220001,84.260002,77.641098,29532100
2017-12-04,84.419998,84.430000,80.699997,81.080002,74.710892,39094900
2017-12-05,81.339996,82.680000,80.980003,81.589996,75.180840,26152300
2017-12-06,81.550003,83.139999,81.430000,82.779999,76.277344,26162100
2017-12-07,82.540001,82.800003,82.000000,82.489998,76.010139,23184500
2017-12-08,83.629997,84.580002,83.330002,84.160004,77.548927,24489100
2017-12-11,84.290001,85.370003,84.120003,85.230003,78.534882,22857900
2017-12-12,85.309998,86.050003,85.080002,85.580002,78.857414,23924100
2017-12-13,85.739998,86.000000,85.169998,85.349998,78.645447,22062700
2017-12-14,85.430000,85.870003,84.529999,84.690002,78.037315,19306000
2017-12-15,85.260002,87.089996,84.879997,86.849998,80.027641,53936700
2017-12-18,87.120003,87.500000,86.230003,86.379997,79.594543,22283800
2017-12-19,86.349998,86.349998,85.269997,85.830002,79.087746,23524800
2017-12-20,86.199997,86.300003,84.709999,85.519997,78.802094,23674900
2017-12-21,86.050003,86.099998,85.400002,85.500000,78.783691,17990700
2017-12-22,85.400002,85.629997,84.919998,85.510002,78.792900,14145800
2017-12-26,85.309998,85.529999,85.029999,85.400002,78.691551,9891200
2017-12-27,85.650002,85.980003,85.220001,85.709999,78.977196,14678000
2017-12-28,85.900002,85.930000,85.550003,85.720001,78.986382,10594300
2017-12-29,85.629997,86.050003,85.500000,85.540001,78.820541,18717400
2018-01-02,86.129997,86.309998,85.500000,85.949997,79.198326,22483800
2018-01-03,86.059998,86.510002,85.970001,86.349998,79.566910,26061400
2018-01-04,86.589996,87.660004,86.570000,87.110001,80.267197,21912000
2018-01-05,87.660004,88.410004,87.430000,88.190002,81.262375,23407100
2018-01-08,88.199997,88.580002,87.599998,88.279999,81.345306,22113000
2018-01-09,88.650002,88.730003,87.860001,88.220001,81.290024,19484300
2018-01-10,87.860001,88.190002,87.410004,87.820000,80.921410,18652200
2018-01-11,88.129997,88.129997,87.239998,88.080002,81.161018,17808900
2018-01-12,88.669998,89.779999,88.449997,89.599998,82.561592,24271500
2018-01-16,90.099998,90.790001,88.010002,88.349998,81.409805,36599700
2018-01-17,89.080002,90.279999,88.750000,90.139999,83.059196,25621200
2018-01-18,89.800003,90.669998,89.660004,90.099998,83.022324,24159700
2018-01-19,90.139999,90.610001,89.660004,90.000000,82.930191,36875000
2018-01-22,90.000000,91.620003,89.739998,91.610001,84.413712,23601600
2018-01-23,91.900002,92.300003,91.540001,91.900002,84.680946,23412800
2018-01-24,92.550003,93.430000,91.580002,91.820000,84.607224,33277500
2018-01-25,92.470001,93.239998,91.930000,92.330002,85.077156,26383200
2018-01-26,93.120003,94.059998,92.580002,94.059998,86.671272,29172200
2018-01-29,95.139999,95.449997,93.720001,93.919998,86.542244,31569900
2018-01-30,93.300003,93.660004,92.099998,92.739998,85.454941,38635100
2018-01-31,93.750000,95.400002,93.510002,95.010002,87.546623,48756300
2018-02-01,94.790001,96.070000,93.580002,94.260002,86.855553,47227900
2018-02-02,93.639999,93.970001,91.500000,91.779999,84.570366,47867800
2018-02-05,90.559998,93.239998,88.000000,88.000000,81.087311,51031500
2018-02-06,86.889999,91.480003,85.250000,91.330002,84.155731,67998600
2018-02-07,90.489998,91.769997,89.199997,89.610001,82.570824,41107600
2018-02-08,89.709999,89.879997,84.760002,85.010002,78.332176,55628700
2018-02-09,86.300003,88.930000,83.830002,88.180000,81.253166,63499100
2018-02-12,88.739998,89.779999,87.930000,89.129997,82.128532,35720300
2018-02-13,88.930000,90.000000,87.800003,89.830002,82.773567,26407700
2018-02-14,88.510002,90.989998,88.410004,90.809998,84.069641,34960900
2018-02-15,91.209999,92.720001,90.620003,92.660004,85.782318,27823900
2018-02-16,92.449997,93.500000,91.800003,92.000000,85.171295,30596900
2018-02-20,91.480003,93.059998,91.010002,92.720001,85.837868,30911700
2018-02-21,92.980003,93.360001,91.489998,91.489998,84.699165,26922500
2018-02-22,92.050003,92.730003,91.360001,91.730003,84.921364,24392800
2018-02-23,93.599998,94.070000,92.360001,94.059998,87.078415,26329200
2018-02-26,94.400002,95.449997,94.250000,95.419998,88.337456,30199800
2018-02-27,95.739998,95.839996,94.199997,94.199997,87.208000,25869100
2018-02-28,94.839996,95.709999,93.629997,93.769997,86.809914,31167300
2018-03-01,93.989998,94.570000,91.839996,92.849998,85.958206,37135600
2018-03-02,91.580002,93.150002,90.860001,93.050003,86.143364,32830400
2018-03-05,92.339996,94.269997,92.260002,93.639999,86.689575,23901600
2018-03-06,94.339996,94.489998,92.940002,93.320000,86.393341,22175800
2018-03-07,93.160004,93.940002,92.430000,93.860001,86.893242,26716100
2018-03-08,94.269997,95.099998,93.769997,94.430000,87.420929,25887800
2018-03-09,95.290001,96.540001,95.000000,96.540001,89.374352,36937300
2018-03-12,96.500000,97.209999,96.040001,96.769997,89.587257,26073700
2018-03-13,97.000000,97.239998,93.970001,94.410004,87.402435,35387800
2018-03-14,95.120003,95.410004,93.500000,93.849998,86.883987,32132000
2018-03-15,93.529999,94.580002,92.830002,94.180000,87.189491,27611000
2018-03-16,94.680000,95.379997,93.919998,94.599998,87.578323,49081300
2018-03-19,93.739998,93.900002,92.110001,92.889999,85.995255,33344100
2018-03-20,93.050003,93.769997,93.000000,93.129997,86.217422,23075200
2018-03-21,92.930000,94.050003,92.209999,92.480003,85.615677,24457100
2018-03-22,91.269997,91.750000,89.660004,89.790001,83.125336,38604700
2018-03-23,89.500000,90.459999,87.080002,87.180000,80.709061,44068900
2018-03-26,90.610001,94.000000,90.400002,93.779999,86.819183,56396800
2018-03-27,94.940002,95.139999,88.510002,89.470001,82.829079,56569000
2018-03-28,89.820000,91.230003,88.870003,89.389999,82.755043,52501100
2018-03-29,90.180000,92.290001,88.400002,91.269997,84.495476,45867500
2018-04-02,90.470001,90.879997,87.510002,88.519997,81.949608,48515400
2018-04-03,89.580002,90.050003,87.889999,89.709999,83.051285,37213800
2018-04-04,87.849998,92.760002,87.730003,92.330002,85.476807,35560000
2018-04-05,92.440002,93.070000,91.400002,92.379997,85.523094,29771900
2018-04-06,91.489998,92.459999,89.480003,90.230003,83.532677,38026000
2018-04-09,91.040001,93.169998,90.620003,90.769997,84.032578,31533900
2018-04-10,92.389999,93.279999,91.639999,92.879997,85.985962,26812000
2018-04-11,92.010002,93.290001,91.480003,91.860001,85.041695,24872100
2018-04-12,92.430000,94.160004,92.430000,93.580002,86.634041,26758900
2018-04-13,94.050003,94.180000,92.440002,93.080002,86.171150,23346100
2018-04-16,94.070000,94.660004,93.419998,94.169998,87.180214,20288100
2018-04-17,95.000000,96.540001,94.879997,96.070000,88.939209,26771000
2018-04-18,96.220001,96.720001,95.519997,96.440002,89.281738,21043300
2018-04-19,96.440002,97.070000,95.339996,96.110001,88.976242,23552500
2018-04-20,95.910004,96.110001,94.050003,95.000000,87.948624,31154400
2018-04-23,95.739998,96.290001,94.629997,95.349998,88.272644,22331800
2018-04-24,96.239998,96.470001,92.410004,93.120003,86.208160,34524800
2018-04-25,93.300003,93.300003,90.279999,92.309998,85.458282,33729300
2018-04-26,93.550003,95.150002,93.099998,94.260002,87.263557,42529000
2018-04-27,97.599998,97.900002,93.910004,95.820000,88.707756,48272800
2018-04-30,96.330002,96.400002,93.150002,93.519997,86.578476,41523600
2018-05-01,93.209999,95.290001,92.790001,95.000000,87.948624,31408900
2018-05-02,94.989998,95.169998,93.190002,93.510002,86.569237,27471000
2018-05-03,92.959999,94.930000,92.449997,94.070000,87.087654,31142500
2018-05-04,93.320000,95.370003,92.919998,95.160004,88.096756,22531300
2018-05-07,95.169998,96.709999,95.099998,96.220001,89.078072,24242000
2018-05-08,95.849998,96.160004,95.059998,95.809998,88.698509,23484600
2018-05-09,96.010002,96.970001,95.050003,96.940002,89.744637,27327400
2018-05-10,97.459999,97.949997,97.050003,97.910004,90.642662,22388100
2018-05-11,97.800003,97.870003,97.040001,97.699997,90.448219,16778300
2018-05-14,97.919998,98.690002,97.309998,98.029999,90.753723,19454100
2018-05-15,97.239998,97.849998,96.339996,97.320000,90.096436,24594000
2018-05-16,97.360001,97.400002,96.620003,97.150002,90.328880,17384700
2018-05-17,96.760002,97.540001,95.830002,96.180000,89.426971,17246700
2018-05-18,96.010002,96.930000,96.010002,96.360001,89.594345,17865800
2018-05-21,97.000000,98.010002,96.800003,97.599998,90.747261,19422500
2018-05-22,97.680000,98.169998,97.199997,97.500000,90.654305,15441200
2018-05-23,96.709999,98.730003,96.320000,98.660004,91.732841,21251200
2018-05-24,98.730003,98.940002,96.809998,98.309998,91.407433,26649300
2018-05-25,98.300003,98.980003,97.860001,98.360001,91.453926,18363900
2018-05-29,97.839996,98.879997,97.230003,98.010002,91.128494,28671000
2018-05-30,98.309998,99.250000,97.910004,98.949997,92.002495,22158500
2018-05-31,99.290001,99.989998,98.610001,98.839996,91.900208,34140900
2018-06-01,99.279999,100.860001,99.169998,100.790001,93.713310,28655600
2018-06-04,101.260002,101.860001,100.849998,101.669998,94.531494,27281600
2018-06-05,102.000000,102.330002,101.529999,102.190002,95.014999,23514400
2018-06-06,102.480003,102.599998,101.900002,102.489998,95.293938,21122900
2018-06-07,102.650002,102.690002,100.379997,100.879997,93.796982,28232200
2018-06-08,101.089996,101.949997,100.540001,101.629997,94.494308,22165100
2018-06-11,101.010002,101.589996,100.669998,101.050003,93.955055,23490900
2018-06-12,101.099998,101.449997,100.750000,101.309998,94.196808,18325200
2018-06-13,101.720001,102.010002,100.559998,100.849998,93.769081,29492900
2018-06-14,101.650002,102.029999,101.000000,101.419998,94.299088,25691800
2018-06-15,101.510002,101.529999,100.070000,100.129997,93.099640,65738600
2018-06-18,100.010002,101.110001,99.419998,100.860001,93.778381,23586000
2018-06-19,99.650002,101.000000,99.500000,100.860001,93.778381,28653100
2018-06-20,101.370003,102.519997,101.120003,101.870003,94.717468,26180800
2018-06-21,102.080002,102.459999,100.879997,101.139999,94.038727,23198200
2018-06-22,100.410004,100.769997,99.629997,100.410004,93.359978,38923100
2018-06-25,100.000000,100.110001,97.300003,98.389999,91.481819,35433300
2018-06-26,98.820000,100.080002,98.750000,99.080002,92.123367,26897200
2018-06-27,99.580002,100.019997,97.400002,97.540001,90.691483,31298400
2018-06-28,97.379997,99.110001,97.260002,98.629997,91.704956,26650700
2018-06-29,98.930000,99.910004,98.330002,98.610001,91.686348,28053200
2018-07-02,98.099998,100.059998,98.000000,100.010002,92.988075,19564500
2018-07-03,100.480003,100.629997,98.940002,99.050003,92.095482,14670300
2018-07-05,99.500000,99.919998,99.029999,99.760002,92.755608,18977400
2018-07-06,99.889999,101.430000,99.669998,101.160004,94.057343,19234600
2018-07-09,101.650002,102.250000,101.250000,101.849998,94.698875,18212000
2018-07-10,102.000000,102.510002,101.860001,102.120003,94.949928,19293100
2018-07-11,101.150002,102.339996,101.099998,101.980003,94.819748,19644600
2018-07-12,102.769997,104.410004,102.730003,104.190002,96.874588,24335900
2018-07-13,104.370003,105.599998,104.089996,105.430000,98.027512,24635200
2018-07-16,105.400002,105.820000,104.519997,104.910004,97.544014,21786900
2018-07-17,104.610001,106.500000,104.320000,105.949997,98.511002,25901700
2018-07-18,105.940002,106.050003,104.720001,105.120003,97.739281,29493900
2018-07-19,104.930000,105.309998,103.889999,104.400002,97.069817,40171600
2018-07-20,108.080002,108.199997,106.080002,106.269997,98.808533,56004000
2018-07-23,106.300003,108.139999,106.129997,107.970001,100.389191,29707000
2018-07-24,108.570000,108.820000,107.260002,107.660004,100.100937,26316600
2018-07-25,107.959999,111.150002,107.599998,110.830002,103.048363,30702100
2018-07-26,110.739998,111.000000,109.500000,109.620003,101.923325,31372100
2018-07-27,110.180000,110.180000,106.139999,107.680000,100.119553,37005300
2018-07-30,107.190002,107.529999,104.760002,105.370003,97.971733,34668300
2018-07-31,106.489998,106.720001,105.379997,106.080002,98.631889,27655200
2018-08-01,106.029999,106.449997,105.419998,106.279999,98.817833,23628700
2018-08-02,105.400002,108.089996,104.839996,107.570000,100.017242,26104300
2018-08-03,107.800003,108.050003,106.820000,108.040001,100.454254,18659600
2018-08-06,108.120003,108.419998,107.559998,108.129997,100.537956,20265900
2018-08-07,108.559998,109.099998,108.169998,108.879997,101.235283,16080200
2018-08-08,109.330002,109.750000,108.760002,109.489998,101.802444,15487500
2018-08-09,109.709999,110.160004,109.599998,109.669998,101.969818,13677200
2018-08-10,109.419998,109.690002,108.379997,109.000000,101.346878,18183700
2018-08-13,109.239998,109.580002,108.099998,108.209999,100.612312,18472500
2018-08-14,108.559998,109.750000,108.040001,109.559998,101.867516,16788300
2018-08-15,108.489998,108.989998,106.820000,107.660004,100.486160,29982800
2018-08-16,108.300003,108.860001,107.300003,107.639999,100.467491,21384300
2018-08-17,107.360001,107.900002,106.690002,107.580002,100.411484,18061500
2018-08-20,107.510002,107.900002,106.480003,106.870003,99.748802,17914200
2018-08-21,106.919998,107.349998,105.849998,105.980003,98.918121,22881900
2018-08-22,105.849998,107.339996,105.779999,107.059998,99.926155,18000600
2018-08-23,107.150002,108.180000,106.870003,107.559998,100.392807,18167700
2018-08-24,107.669998,108.559998,107.559998,108.400002,101.176849,17234000
2018-08-27,109.269997,109.639999,108.510002,109.599998,102.296883,19662300
2018-08-28,109.940002,110.500000,109.790001,110.260002,102.912933,19151500
2018-08-29,110.449997,112.029999,110.269997,112.019997,104.555634,20818000
2018-08-30,111.669998,112.610001,111.440002,111.949997,104.490288,22798700
2018-08-31,111.690002,112.779999,111.519997,112.330002,104.844971,23222700
2018-09-04,110.849998,111.959999,110.220001,111.709999,104.266281,22634600
2018-09-05,111.010002,111.419998,108.099998,108.489998,101.260857,32872400
2018-09-06,108.250000,108.989998,107.510002,108.739998,101.494194,23477600
2018-09-07,108.230003,108.720001,107.230003,108.209999,100.999496,22498600
2018-09-10,108.839996,109.639999,108.360001,109.379997,102.091537,20727900
2018-09-11,108.900002,111.589996,108.889999,111.239998,103.827629,24301800
2018-09-12,111.430000,111.849998,110.510002,111.709999,104.266281,18891100
2018-09-13,112.120003,113.730003,112.120003,112.910004,105.386330,26055600
2018-09-14,113.360001,113.730003,112.440002,113.370003,105.815666,19122300
2018-09-17,113.690002,113.699997,111.860001,112.139999,104.667641,20736500
2018-09-18,112.190002,113.699997,111.720001,113.209999,105.666313,22170900
2018-09-19,113.050003,113.320000,111.040001,111.699997,104.256966,21728400
2018-09-20,112.279999,113.800003,111.930000,113.570000,106.002342,23714500
2018-09-21,114.000000,115.290001,113.510002,114.260002,106.646370,71229700
2018-09-24,113.029999,114.900002,112.220001,114.669998,107.029068,27334500
2018-09-25,114.800003,115.099998,113.750000,114.449997,106.823730,22668000
2018-09-26,114.470001,115.059998,113.739998,113.980003,106.385017,19352000
2018-09-27,114.779999,114.910004,114.199997,114.410004,106.786377,19091300
2018-09-28,114.190002,114.570000,113.680000,114.370003,106.749054,21647800
2018-10-01,114.750000,115.680000,114.730003,115.610001,107.906425,18883100
2018-10-02,115.300003,115.839996,114.440002,115.150002,107.477081,20787200
2018-10-03,115.419998,116.180000,114.930000,115.169998,107.495735,16648000
2018-10-04,114.610001,114.760002,111.629997,112.790001,105.274323,34821700
2018-10-05,112.629997,113.169998,110.639999,112.129997,104.658287,29068900
2018-10-08,111.660004,112.029999,109.339996,110.849998,103.463585,29640600
2018-10-09,111.139999,113.080002,110.800003,112.260002,104.779655,26198600
2018-10-10,111.239998,111.500000,105.790001,106.160004,99.086121,61376300
2018-10-11,105.349998,108.930000,104.199997,105.910004,98.852783,63904300
2018-10-12,109.010002,111.239998,107.120003,109.570000,102.268875,47742100
2018-10-15,108.910004,109.480003,106.949997,107.599998,100.430161,32068100
2018-10-16,109.540001,111.410004,108.949997,111.000000,103.603607,31610200
2018-10-17,111.680000,111.809998,109.550003,110.709999,103.332916,26548200
2018-10-18,110.099998,110.529999,107.830002,108.500000,101.270172,32506200
2018-10-19,108.930000,110.860001,108.209999,108.660004,101.419510,32785500
2018-10-22,109.320000,110.540001,108.239998,109.629997,102.324875,26545600
2018-10-23,107.769997,108.970001,105.110001,108.099998,100.896851,43770400
2018-10-24,108.410004,108.489998,101.589996,102.320000,95.501999,63897800
2018-10-25,106.550003,109.269997,106.150002,108.300003,101.083511,61646800
2018-10-26,105.690002,108.750000,104.760002,106.959999,99.832809,55523100
2018-10-29,108.110001,108.699997,101.629997,103.849998,96.930054,55162000
2018-10-30,103.660004,104.379997,100.110001,103.730003,96.818016,65350900
2018-10-31,105.440002,108.139999,105.389999,106.809998,99.692818,51062400
2018-11-01,107.050003,107.320000,105.529999,105.919998,98.862099,33384200
2018-11-02,106.480003,107.320000,104.980003,106.160004,99.086121,37680200
2018-11-05,106.370003,107.739998,105.900002,107.510002,100.346153,27922100
2018-11-06,107.379997,108.839996,106.279999,107.720001,100.542168,24340200
2018-11-07,109.440002,112.239998,109.400002,111.959999,104.499641,37901700
2018-11-08,111.800003,112.209999,110.910004,111.750000,104.303635,25644100
2018-11-09,110.849998,111.449997,108.760002,109.570000,102.268875,32039200
2018-11-12,109.419998,109.959999,106.099998,106.870003,99.748802,33621800
2018-11-13,107.550003,108.739998,106.639999,106.940002,99.814117,35374600
2018-11-14,108.099998,108.260002,104.470001,104.970001,98.398682,39495100
2018-11-15,104.989998,107.800003,103.910004,107.279999,100.564056,38505200
2018-11-16,107.080002,108.879997,106.800003,108.290001,101.510826,33502100
2018-11-19,108.269997,108.559998,103.550003,104.620003,98.070587,44773900
2018-11-20,101.800003,102.970001,99.349998,101.709999,95.342766,64052500
2018-11-21,103.599998,104.430000,102.239998,103.110001,96.655121,28130600
2018-11-23,102.169998,103.809998,102.000000,103.070000,96.617607,13823100
2018-11-26,104.790001,106.629997,104.580002,106.470001,99.804771,32336200
2018-11-27,106.269997,107.330002,105.360001,107.139999,100.432816,29124500
2018-11-28,107.889999,111.330002,107.860001,111.120003,104.163673,46788500
2018-11-29,110.330002,111.120003,109.029999,110.190002,103.291893,28123200
2018-11-30,110.699997,110.970001,109.360001,110.889999,103.948074,33665600
2018-12-03,113.000000,113.419998,110.730003,112.089996,105.072922,34732800
2018-12-04,111.940002,112.639999,108.209999,108.519997,101.726440,45197000
2018-12-06,105.820000,109.239998,105.000000,109.190002,102.354507,49107400
2018-12-07,108.379997,109.449997,104.300003,104.820000,98.258049,45044900
2018-12-10,104.800003,107.980003,103.889999,107.589996,100.854637,40801500
2018-12-11,109.800003,110.949997,107.440002,108.589996,101.792030,42381900
2018-12-12,110.889999,111.269997,109.040001,109.080002,102.251373,36183000
2018-12-13,109.580002,110.870003,108.629997,109.449997,102.598190,31333400
2018-12-14,108.250000,109.260002,105.500000,106.029999,99.392319,47043100
2018-12-17,105.410004,105.800003,101.709999,102.889999,96.448891,56957300
2018-12-18,103.750000,104.510002,102.519997,103.970001,97.461273,49319200
2018-12-19,103.650002,106.879997,101.349998,103.690002,97.198799,68198200
2018-12-20,103.050003,104.309998,98.779999,101.510002,95.155266,70334200
2018-12-21,101.629997,103.000000,97.459999,98.230003,92.080627,111242100
2018-12-24,97.680000,97.970001,93.980003,94.129997,88.237259,43935200
2018-12-26,95.139999,100.690002,93.959999,100.559998,94.264755,51634800
2018-12-27,99.300003,101.190002,96.400002,101.180000,94.845932,49498500
2018-12-28,102.089996,102.410004,99.519997,100.389999,94.105370,38196300
2018-12-31,101.290001,102.400002,100.440002,101.570000,95.211510,33173800
2019-01-02,99.550003,101.750000,98.940002,101.120003,94.789703,35329300
2019-01-03,100.099998,100.190002,97.199997,97.400002,91.302582,42579100
2019-01-04,99.720001,102.510002,98.930000,101.930000,95.548973,44060600
2019-01-07,101.639999,103.269997,100.980003,102.059998,95.670822,35656100
2019-01-08,103.040001,103.970001,101.709999,102.800003,96.364532,31514400
2019-01-09,103.860001,104.879997,103.239998,104.269997,97.742470,32280800
2019-01-10,103.220001,103.750000,102.379997,103.599998,97.114441,30067600
2019-01-11,103.190002,103.440002,101.639999,102.800003,96.364532,28314200
2019-01-14,101.900002,102.870003,101.260002,102.050003,95.661476,28437100
2019-01-15,102.510002,105.050003,101.879997,105.010002,98.436157,31587600
2019-01-16,105.260002,106.260002,104.959999,105.379997,98.782990,29853900
2019-01-17,105.000000,106.629997,104.760002,106.120003,99.476669,28393000
2019-01-18,107.459999,107.900002,105.910004,107.709999,100.967117,37427600
2019-01-22,106.750000,107.099998,104.860001,105.680000,99.064209,32371300
2019-01-23,106.120003,107.040001,105.339996,106.709999,100.029732,25874300
2019-01-24,106.860001,107.000000,105.339996,106.199997,99.551674,23164800
2019-01-25,107.239998,107.879997,106.199997,107.169998,100.460945,31225600
2019-01-28,106.260002,106.480003,104.660004,105.080002,98.501778,29476700
2019-01-29,104.879997,104.970001,102.169998,102.940002,96.495735,31490500
2019-01-30,104.620003,106.379997,104.330002,106.379997,99.720360,49471900
2019-01-31,103.800003,105.220001,103.180000,104.430000,97.892471,55636400
2019-02-01,103.779999,104.099998,102.349998,102.779999,96.345757,35535700
2019-02-04,102.870003,105.800003,102.769997,105.739998,99.120468,31315100
2019-02-05,106.059998,107.269997,105.959999,107.220001,100.507820,27325400
2019-02-06,107.000000,107.000000,105.529999,106.029999,99.392319,20609800
2019-02-07,105.190002,105.589996,104.290001,105.269997,98.679871,29760700
2019-02-08,104.389999,105.779999,104.260002,105.669998,99.054825,21461100
2019-02-11,106.199997,106.580002,104.970001,105.250000,98.661133,18914100
2019-02-12,106.139999,107.139999,105.480003,106.889999,100.198463,25056600
2019-02-13,107.500000,107.779999,106.709999,106.809998,100.123474,18394900
2019-02-14,106.309998,107.290001,105.660004,106.900002,100.207832,21784700
2019-02-15,107.910004,108.300003,107.360001,108.220001,101.445221,26606900
2019-02-19,107.790001,108.660004,107.779999,108.169998,101.398354,18038500
2019-02-20,107.860001,107.940002,106.290001,107.150002,100.871155,21607700
2019-02-21,106.900002,109.480003,106.870003,109.410004,102.998726,29063200
2019-02-22,110.050003,111.199997,109.820000,110.970001,104.467308,27763200
2019-02-25,111.760002,112.180000,111.260002,111.589996,105.050964,23750600
2019-02-26,111.260002,113.239998,111.169998,112.360001,105.775864,21536700
2019-02-27,111.690002,112.360001,110.879997,112.169998,105.596962,21487100
2019-02-28,112.040001,112.879997,111.730003,112.029999,105.465202,29083900
2019-03-01,112.889999,113.019997,111.669998,112.529999,105.935898,23501200
2019-03-04,113.019997,113.250000,110.800003,112.260002,105.681709,26608000
2019-03-05,112.250000,112.389999,111.230003,111.699997,105.154518,19538300
2019-03-06,111.870003,112.660004,111.430000,111.750000,105.201599,17687000
2019-03-07,111.400002,111.550003,109.870003,110.389999,103.921295,25339000
2019-03-08,109.160004,110.709999,108.800003,110.510002,104.034271,22818400
2019-03-11,110.989998,112.949997,110.980003,112.830002,106.218330,26491600
2019-03-12,112.820000,113.989998,112.650002,113.620003,106.962021,26132700
2019-03-13,114.129997,115.000000,113.779999,114.500000,107.790451,35513800
2019-03-14,114.540001,115.199997,114.330002,114.589996,107.875191,30763400
2019-03-15,115.339996,117.250000,114.589996,115.910004,109.117836,54681100
2019-03-18,116.169998,117.610001,116.050003,117.570000,110.680557,31207600
2019-03-19,118.089996,118.440002,116.989998,117.650002,110.755859,37588700
2019-03-20,117.389999,118.750000,116.709999,117.519997,110.633492,28113300
2019-03-21,117.139999,120.820000,117.089996,120.220001,113.175278,29854400
2019-03-22,119.500000,119.589996,117.040001,117.050003,110.191032,33624500
2019-03-25,116.559998,118.010002,116.320000,117.660004,110.765305,27067100
2019-03-26,118.620003,118.709999,116.849998,117.910004,111.000610,26097700
2019-03-27,117.879997,118.209999,115.519997,116.769997,109.927422,22733400
2019-03-28,117.440002,117.580002,116.129997,116.930000,110.078056,18334800
2019-03-29,118.070000,118.320000,116.959999,117.940002,111.028877,25399800
2019-04-01,118.949997,119.110001,118.099998,119.019997,112.045570,22789100
2019-04-02,119.059998,119.480003,118.519997,119.190002,112.205627,18142300
2019-04-03,119.860001,120.430000,119.150002,119.970001,112.939911,22860700
2019-04-04,120.099998,120.230003,118.379997,119.360001,112.365654,20112800
2019-04-05,119.389999,120.230003,119.370003,119.889999,112.864632,15826200
2019-04-08,119.809998,120.019997,118.639999,119.930000,112.902275,15116200
2019-04-09,118.629997,119.540001,118.580002,119.279999,112.290359,17612000
2019-04-10,119.760002,120.349998,119.540001,120.190002,113.147026,16477200
2019-04-11,120.540001,120.849998,119.919998,120.330002,113.278809,14209100
2019-04-12,120.639999,120.980003,120.370003,120.949997,113.862495,19745100
2019-04-15,120.940002,121.580002,120.570000,121.050003,113.956642,15792600
2019-04-16,121.639999,121.650002,120.099998,120.769997,113.693039,14071800
2019-04-17,121.239998,121.849998,120.540001,121.769997,114.634422,19300900
2019-04-18,122.190002,123.519997,121.300003,123.370003,116.140678,27991000
2019-04-22,122.620003,124.000000,122.570000,123.760002,116.507805,15648700
2019-04-23,124.099998,125.580002,123.830002,125.440002,118.089378,24025500
2019-04-24,125.790001,125.849998,124.519997,125.010002,117.684601,31257000
2019-04-25,130.059998,131.369995,128.830002,129.149994,121.581963,38033900
2019-04-26,129.699997,130.520004,129.020004,129.889999,122.278618,23654900
2019-04-29,129.899994,130.179993,129.350006,129.770004,122.165649,16324200
2019-04-30,129.809998,130.699997,129.389999,130.600006,122.947014,24166500
2019-05-01,130.529999,130.649994,127.699997,127.879997,120.386391,26821700
2019-05-02,127.980003,128.000000,125.519997,126.209999,118.814270,27350200
2019-05-03,127.360001,129.429993,127.250000,128.899994,121.346626,24911100
2019-05-06,126.389999,128.559998,126.110001,128.149994,120.640564,24239800
2019-05-07,126.459999,127.180000,124.220001,125.519997,118.164680,36017700
2019-05-08,125.440002,126.370003,124.750000,125.510002,118.155289,28419000
2019-05-09,124.290001,125.790001,123.570000,125.500000,118.145874,27235800
2019-05-10,124.910004,127.930000,123.820000,127.129997,119.680351,30915100
2019-05-13,124.110001,125.550003,123.040001,123.349998,116.121857,33944900
2019-05-14,123.870003,125.879997,123.699997,124.730003,117.420982,25266300
2019-05-15,124.260002,126.709999,123.699997,126.019997,119.074547,24722700
2019-05-16,126.750000,129.380005,126.459999,128.929993,121.824150,30112200
2019-05-17,128.309998,130.460007,127.919998,128.070007,121.011559,25770500
2019-05-20,126.519997,127.589996,125.760002,126.220001,119.263504,23706900
2019-05-21,127.430000,127.529999,126.580002,126.900002,119.906044,15293300
2019-05-22,126.620003,128.240005,126.519997,127.669998,120.633606,15396500
2019-05-23,126.199997,126.290001,124.739998,126.180000,119.225708,23603800
2019-05-24,126.910004,127.419998,125.970001,126.239998,119.282417,14123400
2019-05-28,126.980003,128.000000,126.050003,126.160004,119.206825,23128400
2019-05-29,125.379997,125.389999,124.040001,124.940002,118.054077,22763100
2019-05-30,125.260002,125.760002,124.779999,125.730003,118.800529,16829600
2019-05-31,124.230003,124.620003,123.320000,123.680000,116.863510,26646800
2019-06-03,123.849998,124.370003,119.010002,119.839996,113.235146,37983600
2019-06-04,121.279999,123.279999,120.650002,123.160004,116.372169,29382600
2019-06-05,124.949997,125.870003,124.209999,125.830002,118.894997,24926100
2019-06-06,126.440002,127.970001,125.599998,127.820000,120.775330,21459000
2019-06-07,129.190002,132.250000,128.259995,131.399994,124.158035,33885600
2019-06-10,132.399994,134.080002,132.000000,132.600006,125.291893,26477100
2019-06-11,133.880005,134.240005,131.279999,132.100006,124.819466,23913700
2019-06-12,131.399994,131.970001,130.710007,131.490005,124.243050,17092500
2019-06-13,131.979996,133.000000,131.559998,132.320007,125.027313,17200800
2019-06-14,132.259995,133.789993,131.639999,132.449997,125.150169,17821700
2019-06-17,132.630005,133.729996,132.529999,132.850006,125.528145,14517800
2019-06-18,134.190002,135.240005,133.570007,135.160004,127.710846,25934500
2019-06-19,135.000000,135.929993,133.809998,135.690002,128.211563,23744400
2019-06-20,137.449997,137.660004,135.720001,136.949997,129.402176,33042600
2019-06-21,136.580002,137.729996,136.460007,136.970001,129.421021,36727900
2019-06-24,137.000000,138.399994,137.000000,137.779999,130.186401,20628800
2019-06-25,137.250000,137.589996,132.729996,133.429993,126.076149,33327400
2019-06-26,134.350006,135.740005,133.600006,133.929993,126.548584,23657700
2019-06-27,134.139999,134.710007,133.509995,134.149994,126.756416,16557500
2019-06-28,134.570007,134.600006,133.160004,133.960007,126.576912,30043000
2019-07-01,136.630005,136.699997,134.970001,135.679993,128.202179,22613500
2019-07-02,136.119995,136.589996,135.339996,136.580002,129.052536,15237800
2019-07-03,136.800003,137.740005,136.289993,137.460007,129.884033,13629300
2019-07-05,135.940002,137.330002,135.720001,137.059998,129.506058,18141100
2019-07-08,136.399994,137.100006,135.369995,136.960007,129.411591,16779700
2019-07-09,136.000000,136.970001,135.800003,136.460007,128.939117,19953100
2019-07-10,137.130005,138.580002,137.020004,137.850006,130.252533,24204400
2019-07-11,138.199997,139.220001,137.869995,138.399994,130.772202,22327900
2019-07-12,138.850006,139.130005,138.009995,138.899994,131.244690,18936800
2019-07-15,139.440002,139.539993,138.460007,138.899994,131.244690,16651500
2019-07-16,138.960007,139.050003,136.520004,137.080002,129.524994,22726100
2019-07-17,137.699997,137.929993,136.220001,136.270004,128.759598,20211000
2019-07-18,135.550003,136.619995,134.669998,136.419998,128.901352,30381800
2019-07-19,140.220001,140.669998,136.449997,136.619995,129.090347,48992400
2019-07-22,137.410004,139.190002,137.330002,138.429993,130.800552,25074900
2019-07-23,139.759995,139.990005,138.029999,139.289993,131.613159,18034600
2019-07-24,138.899994,140.740005,138.850006,140.720001,132.964325,20738300
2019-07-25,140.429993,140.610001,139.320007,140.190002,132.463593,18356900
2019-07-26,140.369995,141.679993,140.300003,141.339996,133.550186,19037600
2019-07-29,141.500000,141.509995,139.369995,141.029999,133.257294,16605900
2019-07-30,140.139999,141.220001,139.800003,140.350006,132.614761,16846500
2019-07-31,140.330002,140.490005,135.080002,136.270004,128.759598,38598800
2019-08-01,137.000000,140.940002,136.929993,138.059998,130.450958,40557500
2019-08-02,138.089996,138.320007,135.259995,136.899994,129.354904,30791600
2019-08-05,133.300003,133.929993,130.779999,132.210007,124.923401,42749600
2019-08-06,133.800003,135.679993,133.210007,134.690002,127.266716,32696700
2019-08-07,133.789993,135.649994,131.830002,135.279999,127.824181,33414500
2019-08-08,136.600006,138.990005,135.929993,138.889999,131.235199,27496500
2019-08-09,138.610001,139.380005,136.460007,137.710007,130.120270,23466700
2019-08-12,137.070007,137.860001,135.240005,135.789993,128.306061,20484300
2019-08-13,136.050003,138.800003,135.000000,138.600006,130.961182,25154600
2019-08-14,136.360001,136.919998,133.669998,133.979996,127.017365,32527300
2019-08-15,134.389999,134.580002,132.250000,133.679993,126.732971,28074400
2019-08-16,134.880005,136.460007,134.720001,136.130005,129.055649,24449100
2019-08-19,137.850006,138.550003,136.889999,138.410004,131.217209,24355700
2019-08-20,138.210007,138.710007,137.240005,137.259995,130.126968,21170800
2019-08-21,138.550003,139.490005,138.000000,138.789993,131.577408,14970300
2019-08-22,138.660004,139.199997,136.289993,137.779999,130.619919,18697000
2019-08-23,137.190002,138.350006,132.800003,133.389999,126.458046,38508600
2019-08-26,134.990005,135.559998,133.899994,135.449997,128.410995,20312600
2019-08-27,136.389999,136.720001,134.660004,135.740005,128.685913,23102100
2019-08-28,134.880005,135.759995,133.550003,135.559998,128.515259,17393300
2019-08-29,137.250000,138.440002,136.910004,138.119995,130.942261,20168700
2019-08-30,139.149994,139.179993,136.270004,137.860001,130.695724,23940100
2019-09-03,136.610001,137.199997,135.699997,136.039993,128.970322,18869300
2019-09-04,137.300003,137.690002,136.479996,137.630005,130.477707,17995900
2019-09-05,139.110001,140.380005,138.759995,140.050003,132.771942,26101800
2019-09-06,140.029999,140.179993,138.199997,139.100006,131.871323,20824500
2019-09-09,139.589996,139.750000,136.460007,137.520004,130.373413,25773900
2019-09-10,136.800003,136.889999,134.509995,136.080002,129.008301,28903400
2019-09-11,135.910004,136.270004,135.089996,136.119995,129.046204,24726100
2019-09-12,137.850006,138.419998,136.869995,137.520004,130.373413,27010000
2019-09-13,137.779999,138.059998,136.570007,137.320007,130.183868,23363100
2019-09-16,135.830002,136.699997,135.660004,136.330002,129.245285,16731400
2019-09-17,136.960007,137.520004,136.429993,137.389999,130.250183,17814200
2019-09-18,137.360001,138.669998,136.529999,138.520004,131.321411,23982100
2019-09-19,140.300003,142.369995,140.070007,141.070007,133.738922,35772100
2019-09-20,141.009995,141.649994,138.250000,139.440002,132.193665,39167300
2019-09-23,139.229996,139.630005,138.440002,139.139999,131.909225,17139300
2019-09-24,140.360001,140.690002,136.880005,137.380005,130.240707,29773200
2019-09-25,137.500000,139.960007,136.029999,139.360001,132.117813,21382000
2019-09-26,139.440002,140.179993,138.440002,139.539993,132.288483,17456600
2019-09-27,140.149994,140.360001,136.649994,137.729996,130.572510,22477700
2019-09-30,138.050003,139.220001,137.779999,139.029999,131.804977,17280900
2019-10-01,139.660004,140.250000,137.000000,137.070007,129.946854,21466600
2019-10-02,136.250000,136.369995,133.580002,134.649994,127.652565,30521700
2019-10-03,134.949997,136.750000,133.220001,136.279999,129.197891,24132900
2019-10-04,136.750000,138.250000,136.419998,138.119995,130.942261,22897700
2019-10-07,137.139999,138.179993,137.020004,137.119995,129.994247,15303700
2019-10-08,137.080002,137.759995,135.619995,135.669998,128.619553,25550500
2019-10-09,137.460007,138.699997,136.970001,138.240005,131.056030,19749900
2019-10-10,138.490005,139.669998,138.250000,139.100006,131.871323,17654600
2019-10-11,140.119995,141.029999,139.500000,139.679993,132.421158,25446000
2019-10-14,139.690002,140.289993,139.520004,139.550003,132.297928,13304300
2019-10-15,140.059998,141.789993,139.809998,141.570007,134.212982,19695700
2019-10-16,140.789993,140.990005,139.529999,140.410004,133.113205,20751600
2019-10-17,140.949997,141.419998,139.020004,139.690002,132.430679,21460600
2019-10-18,139.759995,140.000000,136.559998,137.410004,130.269150,32273500
2019-10-21,138.449997,138.500000,137.009995,138.429993,131.236130,20078200
2019-10-22,138.970001,140.009995,136.259995,136.369995,129.283188,27431000
2019-10-23,136.880005,137.449997,135.610001,137.240005,130.107971,29844600
2019-10-24,139.389999,140.419998,138.669998,139.940002,132.667679,37029300
2019-10-25,139.339996,141.139999,139.199997,140.729996,133.416595,25959700
2019-10-28,144.399994,145.669998,143.509995,144.190002,136.696808,35280100
2019-10-29,144.080002,144.500000,142.649994,142.830002,135.407471,20589500
2019-10-30,143.520004,145.000000,142.789993,144.610001,137.094955,18496600
2019-10-31,144.899994,144.929993,142.990005,143.369995,135.919464,24605100
2019-11-01,144.259995,144.419998,142.970001,143.720001,136.251205,33128400
2019-11-04,144.830002,145.000000,144.160004,144.550003,137.038055,16912000
2019-11-05,144.970001,145.020004,143.910004,144.460007,136.952759,18250200
2019-11-06,144.369995,144.520004,143.199997,144.059998,136.573563,16575800
2019-11-07,143.839996,144.880005,143.770004,144.259995,136.763168,17786700
2019-11-08,143.979996,145.990005,143.759995,145.960007,138.374863,16732700
2019-11-11,145.339996,146.419998,144.729996,146.110001,138.517014,14362600
2019-11-12,146.279999,147.570007,146.059998,147.070007,139.427109,18641600
2019-11-13,146.740005,147.460007,146.279999,147.309998,139.654709,16919200
2019-11-14,147.020004,148.410004,147.000000,148.059998,140.365677,19729800
2019-11-15,148.929993,149.990005,148.270004,149.970001,142.176468,23485700
2019-11-18,150.070007,150.550003,148.979996,150.339996,142.527206,21534000
2019-11-19,150.880005,151.330002,150.199997,150.389999,142.574631,23935700
2019-11-20,150.309998,150.839996,148.460007,149.619995,142.327271,25696800
2019-11-21,149.399994,149.800003,148.500000,149.479996,142.194107,18576100
2019-11-22,150.070007,150.300003,148.820007,149.589996,142.298737,15901800
2019-11-25,150.000000,151.350006,149.919998,151.229996,143.858795,22420900
2019-11-26,151.360001,152.419998,151.320007,152.029999,144.619843,24620100
2019-11-27,152.330002,152.500000,151.520004,152.320007,144.895706,15184400
2019-11-29,152.100006,152.300003,151.279999,151.380005,144.001511,11977300
2019-12-02,151.809998,151.830002,148.320007,149.550003,142.260666,27418400
2019-12-03,147.490005,149.429993,146.649994,149.309998,142.032394,24066000
2019-12-04,150.139999,150.179993,149.199997,149.850006,142.546112,17574700
2019-12-05,150.050003,150.320007,149.479996,149.929993,142.622162,17869100
2019-12-06,150.990005,151.869995,150.270004,151.750000,144.353470,16403500
2019-12-09,151.070007,152.210007,150.910004,151.360001,143.982498,16687400
2019-12-10,151.289993,151.889999,150.759995,151.130005,143.763702,16476100
2019-12-11,151.539993,151.869995,150.330002,151.699997,144.305908,18856600
2019-12-12,151.649994,153.440002,151.020004,153.240005,145.770859,24612100
2019-12-13,153.000000,154.889999,152.830002,154.529999,146.997940,23845400
2019-12-16,155.110001,155.899994,154.820007,155.529999,147.949188,24144200
2019-12-17,155.449997,155.710007,154.449997,154.690002,147.150162,25425600
2019-12-18,154.300003,155.479996,154.179993,154.369995,146.845749,24129200
2019-12-19,154.000000,155.770004,153.750000,155.710007,148.120499,24958900
2019-12-20,157.350006,158.490005,156.289993,157.410004,149.737579,53477500
2019-12-23,158.119995,158.119995,157.270004,157.410004,149.737579,17718200
2019-12-24,157.479996,157.710007,157.119995,157.380005,149.709045,8989200
2019-12-26,157.559998,158.729996,157.399994,158.669998,150.936157,14520600
2019-12-27,159.449997,159.550003,158.220001,158.960007,151.212082,18412800
2019-12-30,158.990005,159.020004,156.729996,157.589996,149.908783,16348400
2019-12-31,156.770004,157.770004,156.449997,157.699997,150.013458,18369400
2020-01-02,158.779999,160.729996,158.330002,160.619995,152.791107,22622100
2020-01-03,158.320007,159.949997,158.059998,158.619995,150.888611,21116200
2020-01-06,157.080002,159.100006,156.509995,159.029999,151.278641,20813700
2020-01-07,159.320007,159.669998,157.320007,157.580002,149.899323,21634100
2020-01-08,158.929993,160.800003,157.949997,160.089996,152.286972,27746500
2020-01-09,161.839996,162.220001,161.029999,162.089996,154.189468,21385000
2020-01-10,162.820007,163.220001,161.179993,161.339996,153.475983,20725900
2020-01-13,161.759995,163.309998,161.259995,163.279999,155.321487,21626500
2020-01-14,163.389999,163.600006,161.720001,162.130005,154.227509,23477400
2020-01-15,162.619995,163.940002,162.570007,163.179993,155.226303,21417900
2020-01-16,164.350006,166.240005,164.029999,166.169998,158.070633,23865400
2020-01-17,167.419998,167.470001,165.429993,167.100006,158.955246,34371700
2020-01-21,166.679993,168.190002,166.429993,166.500000,158.384506,29517200
2020-01-22,167.399994,167.490005,165.679993,165.699997,157.623505,24138800
2020-01-23,166.190002,166.800003,165.270004,166.720001,158.593826,19680800
2020-01-24,167.509995,167.529999,164.449997,165.039993,156.995636,24918100
2020-01-27,161.149994,163.380005,160.199997,162.279999,154.370193,32078100
2020-01-28,163.779999,165.759995,163.070007,165.460007,157.395203,24899900
2020-01-29,167.839996,168.750000,165.690002,168.039993,159.849472,34754500
2020-01-30,174.050003,174.050003,170.789993,172.779999,164.358414,51597500
2020-01-31,172.210007,172.399994,169.580002,170.229996,161.932724,36142700
2020-02-03,170.429993,174.500000,170.399994,174.380005,165.880447,30107000
2020-02-04,177.139999,180.639999,176.309998,180.119995,171.340683,36433300
2020-02-05,184.029999,184.199997,178.410004,179.899994,171.131424,39186300
2020-02-06,180.970001,183.820007,180.059998,183.630005,174.679581,27751400
2020-02-07,182.850006,185.630005,182.479996,183.889999,174.926926,33529100
2020-02-10,183.580002,188.839996,183.250000,188.699997,179.502441,35844300
2020-02-11,190.649994,190.699997,183.500000,184.440002,175.450104,53159900
2020-02-12,185.580002,185.850006,181.850006,184.710007,175.706909,47062900
2020-02-13,183.080002,186.229996,182.869995,183.710007,174.755692,35295800
2020-02-14,183.250000,185.410004,182.649994,185.350006,176.315765,23149500
2020-02-18,185.610001,187.699997,185.500000,187.229996,178.104111,27792200
2020-02-19,188.059998,188.179993,186.470001,187.279999,178.638275,29997500
2020-02-20,186.949997,187.250000,181.100006,184.419998,175.910233,36862400
2020-02-21,183.169998,183.500000,177.250000,178.589996,170.349213,48572600
2020-02-24,167.770004,174.550003,163.229996,170.889999,163.004593,68311100
2020-02-25,174.199997,174.839996,167.649994,168.070007,160.314728,68073300
2020-02-26,169.710007,173.259995,168.210007,170.169998,162.317764,56206100
2020-02-27,163.320007,167.029999,157.979996,158.179993,150.881058,93174900
2020-02-28,152.410004,163.710007,152.000000,162.009995,154.534348,97012700
2020-03-02,165.309998,172.919998,162.309998,172.789993,164.816910,71030800
2020-03-03,173.800003,175.000000,162.259995,164.509995,156.918930,71677000
2020-03-04,168.490005,170.699997,165.619995,170.550003,162.680267,49814400
2020-03-05,166.050003,170.869995,165.690002,166.270004,158.597717,47817300
2020-03-06,162.610001,163.110001,156.000000,161.570007,154.114609,72821100
2020-03-09,151.000000,157.750000,150.000000,150.619995,143.669907,70419300
2020-03-10,158.160004,161.029999,152.580002,160.919998,153.494598,65354400
2020-03-11,157.130005,157.699997,151.149994,153.630005,146.541016,56371600
2020-03-12,145.300003,153.470001,138.580002,139.059998,132.643280,93226400
2020-03-13,147.500000,161.910004,140.729996,158.830002,151.501038,92727400
2020-03-16,140.000000,149.350006,135.000000,135.419998,129.171280,87905900
2020-03-17,140.000000,147.500000,135.000000,146.570007,139.806778,81059800
2020-03-18,138.000000,146.000000,135.020004,140.399994,133.921494,81593200
2020-03-19,142.770004,150.149994,139.000000,142.710007,136.124893,85922700
2020-03-20,146.000000,147.100006,135.860001,137.350006,131.012207,84866200
2020-03-23,137.009995,140.570007,132.520004,135.979996,129.705414,78975200
2020-03-24,143.750000,149.600006,141.270004,148.339996,141.495071,82516700
2020-03-25,148.910004,154.330002,144.440002,146.919998,140.140640,75638200
2020-03-26,148.399994,156.660004,148.369995,156.110001,148.906570,64568100
2020-03-27,151.750000,154.889999,149.199997,149.699997,142.792328,57042300
2020-03-30,152.440002,160.600006,150.009995,160.229996,152.836441,63420300
2020-03-31,159.399994,164.779999,156.559998,157.710007,150.432755,77927200
2020-04-01,153.000000,157.750000,150.820007,152.110001,145.091095,57969900
2020-04-02,151.860001,155.479996,150.360001,155.259995,148.095810,49630700
2020-04-03,155.100006,157.380005,152.190002,153.830002,146.731781,41243300
2020-04-06,160.320007,166.500000,157.580002,165.270004,157.643875,67111700
2020-04-07,169.589996,170.000000,163.259995,163.490005,155.946045,62769000
2020-04-08,165.669998,166.669998,163.500000,165.130005,157.510330,48318200
2020-04-09,166.360001,167.369995,163.330002,165.139999,157.519897,51385100
2020-04-13,164.350006,165.570007,162.300003,165.509995,157.872818,41905300
2020-04-14,169.000000,173.750000,168.000000,173.699997,165.684921,52874300
2020-04-15,171.199997,173.570007,169.240005,171.880005,163.948883,40940800
2020-04-16,174.300003,177.279999,172.899994,177.039993,168.870773,50479600
2020-04-17,179.500000,180.000000,175.869995,178.600006,170.358780,52765600
2020-04-20,176.630005,178.750000,174.990005,175.059998,166.982132,36669600
2020-04-21,173.500000,173.669998,166.110001,167.820007,160.076218,56203700
2020-04-22,171.389999,174.000000,170.820007,173.520004,165.513184,34620200
2020-04-23,174.110001,175.059998,170.910004,171.419998,163.510147,32790800
2020-04-24,172.059998,174.559998,170.710007,174.550003,166.495712,34277600
2020-04-27,176.589996,176.899994,173.300003,174.050003,166.018768,33194400
2020-04-28,175.589996,175.669998,169.389999,169.809998,161.974396,34392700
2020-04-29,173.220001,177.679993,171.880005,177.429993,169.242767,51286600
2020-04-30,180.000000,180.399994,176.229996,179.210007,170.940643,53875900
2020-05-01,175.800003,178.639999,174.009995,174.570007,166.514755,39370500
2020-05-04,174.490005,179.000000,173.800003,178.839996,170.587708,30372900
2020-05-05,180.619995,183.649994,179.899994,180.759995,172.419159,36839200
2020-05-06,182.080002,184.199997,181.630005,182.539993,174.116989,32139300
2020-05-07,184.169998,184.550003,182.580002,183.600006,175.128082,28316000
2020-05-08,184.979996,185.000000,183.360001,184.679993,176.158218,30877800
2020-05-11,183.149994,187.509995,182.850006,186.740005,178.123199,30892700
2020-05-12,186.800003,187.039993,182.300003,182.509995,174.088379,32038200
2020-05-13,182.550003,184.050003,176.539993,179.750000,171.455704,44711500
2020-05-14,177.539993,180.690002,175.679993,180.529999,172.199753,41873900
2020-05-15,179.059998,187.059998,177.000000,183.160004,174.708374,46610400
2020-05-18,185.750000,186.199997,183.960007,184.910004,176.377609,35264500
2020-05-19,185.029999,186.600006,183.490005,183.630005,175.156693,26799100
2020-05-20,184.809998,185.850006,183.940002,185.660004,177.586258,31261300
2020-05-21,185.399994,186.669998,183.289993,183.429993,175.453217,29119500
2020-05-22,183.190002,184.460007,182.539993,183.509995,175.529785,20826900
2020-05-26,186.339996,186.500000,181.100006,181.570007,173.674103,36073600
2020-05-27,180.199997,181.990005,176.600006,181.809998,173.903702,39517100
2020-05-28,180.740005,184.149994,180.380005,181.399994,173.511444,33810200
2020-05-29,182.729996,184.270004,180.410004,183.250000,175.281052,42130400
2020-06-01,182.539993,183.000000,181.460007,182.830002,174.879303,22622400
2020-06-02,184.250000,185.000000,181.350006,184.910004,176.868835,30794600
2020-06-03,184.820007,185.940002,183.580002,185.360001,177.299271,27311000
2020-06-04,184.300003,185.839996,182.300003,182.919998,174.965408,28761800
2020-06-05,182.619995,187.729996,182.009995,187.199997,179.059219,39893600
2020-06-08,185.940002,188.550003,184.440002,188.360001,180.168823,33211600
2020-06-09,188.000000,190.699997,187.259995,189.800003,181.546204,29783900
2020-06-10,191.130005,198.520004,191.009995,196.839996,188.280060,43872300
2020-06-11,193.130005,195.759995,186.070007,186.270004,178.169754,52854700
2020-06-12,190.539993,191.720001,185.179993,187.740005,179.575806,43373600
2020-06-15,184.580002,190.820007,184.009995,188.940002,180.723572,32770200
2020-06-16,192.889999,195.580002,191.460007,193.570007,185.152237,42556700
2020-06-17,195.029999,196.320007,193.690002,194.240005,185.793121,25687800
2020-06-18,194.000000,196.490005,194.000000,196.320007,187.782700,23061600
2020-06-19,198.589996,199.289993,194.369995,195.149994,186.663528,44441100
2020-06-22,195.789993,200.759995,195.229996,200.570007,191.847870,32818900
2020-06-23,202.089996,203.949997,201.429993,201.910004,193.129608,30917400
2020-06-24,201.600006,203.250000,196.559998,197.839996,189.236542,36740600
2020-06-25,197.800003,200.610001,195.470001,200.339996,191.627869,27803900
2020-06-26,199.729996,199.889999,194.880005,196.330002,187.792252,54675800
2020-06-29,195.779999,198.529999,193.550003,198.440002,189.810471,26701600
2020-06-30,197.880005,204.399994,197.740005,203.509995,194.659973,34310300
2020-07-01,203.139999,206.350006,201.770004,204.699997,195.798279,32061200
2020-07-02,205.679993,208.020004,205.000000,206.259995,197.290405,29315800
2020-07-06,208.830002,211.130005,208.089996,210.699997,201.537323,31897600
2020-07-07,210.449997,214.669998,207.990005,208.250000,199.193878,33600700
2020-07-08,210.070007,213.259995,208.690002,212.830002,203.574707,33600000
2020-07-09,216.330002,216.380005,211.470001,214.320007,204.999939,33121700
2020-07-10,213.619995,214.080002,211.080002,213.669998,204.378189,26177600
2020-07-13,214.479996,215.800003,206.500000,207.070007,198.065201,38135600
2020-07-14,206.130005,208.850006,202.029999,208.350006,199.289520,37591800
2020-07-15,209.559998,211.330002,205.029999,208.039993,198.993027,32179400
2020-07-16,205.399994,205.699997,202.309998,203.919998,195.052139,29940700
2020-07-17,204.470001,205.039993,201.389999,202.880005,194.057404,31635300
2020-07-20,205.000000,212.300003,203.009995,211.600006,202.398193,36884800
2020-07-21,213.660004,213.940002,208.029999,208.750000,199.672134,37990400
2020-07-22,209.199997,212.300003,208.389999,211.750000,202.541687,49605700
2020-07-23,207.190002,210.919998,202.149994,202.539993,193.732162,67457000
2020-07-24,200.419998,202.860001,197.509995,201.300003,192.546097,39827000
2020-07-27,201.470001,203.970001,200.860001,203.850006,194.985245,30160900
2020-07-28,203.610001,204.699997,201.740005,202.020004,193.234833,23251400
2020-07-29,202.500000,204.649994,202.009995,204.059998,195.186096,19632600
2020-07-30,201.000000,204.460007,199.570007,203.899994,195.033051,25079600
2020-07-31,204.399994,205.100006,199.009995,205.009995,196.094772,51044000
2020-08-03,211.520004,217.639999,210.440002,216.539993,207.123398,78983000
2020-08-04,214.169998,214.770004,210.309998,213.289993,204.014679,49280100
2020-08-05,214.899994,215.000000,211.570007,212.940002,203.679932,28806400
2020-08-06,212.339996,216.369995,211.550003,216.350006,206.941650,32656800
2020-08-07,214.850006,215.699997,210.929993,212.479996,203.239899,27820400
2020-08-10,211.669998,211.880005,206.350006,208.250000,199.193878,36716500
2020-08-11,207.160004,207.649994,203.139999,203.380005,194.535675,36446500
2020-08-12,205.289993,210.279999,204.750000,209.190002,200.092987,28013100
2020-08-13,209.440002,211.350006,208.149994,208.699997,199.624283,22588900
2020-08-14,208.759995,209.589996,207.509995,208.899994,199.815613,17958900
2020-08-17,209.600006,211.190002,208.919998,210.279999,201.135605,20184800
2020-08-18,210.529999,212.360001,209.210007,211.490005,202.292984,21336200
2020-08-19,211.490005,212.100006,209.250000,209.699997,201.065659,27627600
2020-08-20,209.539993,215.000000,208.910004,214.580002,205.744736,26981500
2020-08-21,213.860001,216.250000,212.850006,213.020004,204.249023,36249300
2020-08-24,214.789993,215.520004,212.429993,213.690002,204.891388,25460100
2020-08-25,213.100006,216.610001,213.100006,216.470001,207.556915,23043700
2020-08-26,217.880005,222.089996,217.360001,221.149994,212.044250,39600800
2020-08-27,222.889999,231.149994,219.399994,226.580002,217.250656,57602200
2020-08-28,228.179993,230.639999,226.580002,228.910004,219.484711,26292900
2020-08-31,227.000000,228.699997,224.309998,225.529999,216.243866,28774200
2020-09-01,225.509995,227.449997,224.429993,227.270004,217.912231,25725500
2020-09-02,227.970001,232.860001,227.350006,231.649994,222.111877,34080800
2020-09-03,229.270004,229.309998,214.960007,217.300003,208.352783,58400300
2020-09-04,215.100006,218.360001,205.190002,214.250000,205.428329,59664100
2020-09-08,206.500000,210.029999,202.199997,202.660004,194.315521,52924300
2020-09-09,207.600006,214.839996,206.699997,211.289993,202.590210,45679000
2020-09-10,213.399994,214.740005,204.110001,205.369995,196.913925,35461500
2020-09-11,207.199997,208.630005,201.240005,204.029999,195.629135,33620100
2020-09-14,204.240005,209.199997,204.029999,205.410004,196.952332,30375800
2020-09-15,208.419998,209.779999,206.929993,208.779999,200.183563,21823900
2020-09-16,210.619995,210.649994,204.639999,205.050003,196.607178,26328100
2020-09-17,200.050003,204.330002,199.960007,202.910004,194.555267,34011300
2020-09-18,202.800003,203.649994,196.250000,200.389999,192.139038,55225300
2020-09-21,197.190002,202.710007,196.380005,202.539993,194.200455,39839700
2020-09-22,205.059998,208.100006,202.080002,207.419998,198.879532,33517100
2020-09-23,207.899994,208.100006,200.029999,200.589996,192.330765,30803800
2020-09-24,199.850006,205.570007,199.199997,203.190002,194.823700,31202500
2020-09-25,203.550003,209.039993,202.539993,207.820007,199.263077,29437300
2020-09-28,210.880005,212.570007,208.059998,209.440002,200.816376,32004900
2020-09-29,209.350006,210.070007,206.809998,207.259995,198.726120,24221900
2020-09-30,207.729996,211.979996,206.539993,210.330002,201.669769,33829100
2020-10-01,213.490005,213.990005,211.320007,212.460007,203.712067,27158400
2020-10-02,208.000000,210.990005,205.539993,206.190002,197.700256,33154800
2020-10-05,207.220001,210.410004,206.979996,210.380005,201.717697,21331600
2020-10-06,208.820007,210.179993,204.820007,205.910004,197.431747,28554300
2020-10-07,207.059998,210.110001,206.720001,209.830002,201.190369,25681100
2020-10-08,210.509995,211.190002,208.320007,210.580002,201.909454,19925800
2020-10-09,211.229996,215.860001,211.229996,215.809998,206.924133,26458000
2020-10-12,218.789993,223.860001,216.809998,221.399994,212.283951,40461400
2020-10-13,222.720001,225.210007,220.429993,222.860001,213.683838,28950800
2020-10-14,223.000000,224.220001,219.130005,220.860001,211.766190,23421700
2020-10-15,217.100006,220.360001,216.009995,219.660004,210.615616,22733100
2020-10-16,220.149994,222.289993,219.320007,219.660004,210.615616,26057900
2020-10-19,220.419998,222.300003,213.720001,214.220001,205.399582,27625800
2020-10-20,215.800003,217.369995,213.089996,214.649994,205.811844,22753500
2020-10-21,213.119995,216.919998,213.119995,214.800003,205.955704,22724900
2020-10-22,213.929993,216.059998,211.699997,214.889999,206.042007,22351500
2020-10-23,215.029999,216.279999,213.160004,216.229996,207.326813,18879600
2020-10-26,213.850006,216.339996,208.100006,210.080002,201.430054,37111600
2020-10-27,211.589996,214.669998,210.330002,213.250000,204.469498,36700300
2020-10-28,207.669998,208.839996,202.100006,202.679993,194.334686,51195600
2020-10-29,204.070007,207.360001,203.369995,204.720001,196.290710,31432600
2020-10-30,203.500000,204.289993,199.619995,202.470001,194.133377,36953700
2020-11-02,204.289993,205.279999,200.119995,202.330002,193.999161,30842200
2020-11-03,203.889999,208.119995,203.119995,206.429993,197.930359,27512000
2020-11-04,214.020004,218.320007,212.419998,216.389999,207.480240,42311800
2020-11-05,222.039993,224.119995,221.149994,223.289993,214.096100,36080100
2020-11-06,222.259995,224.360001,218.029999,223.720001,214.508438,25231900
2020-11-09,224.440002,228.119995,217.880005,218.389999,209.397888,44395000
2020-11-10,214.500000,216.500000,209.720001,211.009995,202.321747,44045100
2020-11-11,212.389999,218.039993,212.199997,216.550003,207.633652,29440800
2020-11-12,217.210007,219.110001,214.460007,215.440002,206.569336,21593900
2020-11-13,216.360001,217.419998,214.160004,216.509995,207.595276,18621100
2020-11-16,214.869995,217.740005,214.520004,217.229996,208.285614,24953300
2020-11-17,216.100006,217.679993,214.080002,214.460007,205.629700,24154100
2020-11-18,213.649994,215.169998,210.929993,211.080002,202.918762,28372800
2020-11-19,211.380005,213.029999,209.929993,212.419998,204.206894,24792700
2020-11-20,212.199997,213.289993,210.000000,210.389999,202.255402,22843100
2020-11-23,210.949997,212.289993,208.160004,210.110001,201.986237,25683500
2020-11-24,209.589996,214.250000,208.860001,213.860001,205.591248,33979700
2020-11-25,215.110001,215.289993,212.460007,213.869995,205.600861,21012900
2020-11-27,214.850006,216.270004,214.039993,215.229996,206.908264,14512200
2020-11-30,214.100006,214.759995,210.839996,214.070007,205.793137,33064800
2020-12-01,214.509995,217.320007,213.350006,216.210007,207.850372,30904500
2020-12-02,214.880005,215.470001,212.800003,215.369995,207.042862,23724500
2020-12-03,214.610001,216.380005,213.649994,214.240005,205.956558,25120900
2020-12-04,214.220001,215.380005,213.179993,214.360001,206.071915,24666000
2020-12-07,214.369995,215.539993,212.990005,214.289993,206.004623,24620000
2020-12-08,213.970001,216.949997,212.889999,216.009995,207.658112,23284100
2020-12-09,215.160004,215.229996,211.210007,211.800003,203.610916,32440600
2020-12-10,211.770004,213.080002,210.360001,210.520004,202.380371,26733300
2020-12-11,210.050003,213.320007,209.110001,213.259995,205.014450,30979400
2020-12-14,213.100006,216.210007,212.880005,214.199997,205.918106,28798400
2020-12-15,215.169998,215.419998,212.240005,214.130005,205.850815,27000600
2020-12-16,214.750000,220.110001,214.720001,219.279999,210.801651,35023300
2020-12-17,219.869995,220.889999,217.919998,219.419998,210.936295,32515800
2020-12-18,218.589996,219.690002,216.020004,218.589996,210.138336,63354900
2020-12-21,217.550003,224.000000,217.279999,222.589996,213.983704,37181900
2020-12-22,222.690002,225.630005,221.850006,223.940002,215.281494,22612200
2020-12-23,223.110001,223.559998,220.800003,221.020004,212.474396,18699600
2020-12-24,221.419998,223.610001,221.199997,222.750000,214.137497,10550600
2020-12-28,224.449997,226.029999,223.020004,224.960007,216.262085,17933500
2020-12-29,226.309998,227.179993,223.580002,224.149994,215.483383,17403200
2020-12-30,225.229996,225.630005,221.470001,221.679993,213.108887,20272300
2020-12-31,221.699997,223.000000,219.679993,222.419998,213.820297,20942100
2021-01-04,222.529999,223.000000,214.809998,217.690002,209.273178,37130100
2021-01-05,217.259995,218.520004,215.699997,217.899994,209.475021,23823000
2021-01-06,212.169998,216.490005,211.940002,212.250000,204.043488,35930700
2021-01-07,214.039993,219.339996,213.710007,218.289993,209.849945,27694500
2021-01-08,218.679993,220.580002,217.029999,219.619995,211.128525,22956200
2021-01-11,218.470001,218.910004,216.729996,217.490005,209.080887,23031300
2021-01-12,216.500000,217.100006,213.320007,214.929993,206.619858,23249300
2021-01-13,214.020004,216.759995,213.929993,216.339996,207.975342,20087100
2021-01-14,215.910004,217.460007,212.740005,213.020004,204.783768,29480800
2021-01-15,213.520004,214.509995,212.029999,212.649994,204.428024,31746500
2021-01-19,213.750000,216.979996,212.630005,216.440002,208.071503,30480900
2021-01-20,217.699997,225.789993,217.289993,224.339996,215.666016,37777300
2021-01-21,224.699997,226.300003,222.419998,224.970001,216.271698,30709400
2021-01-22,227.080002,230.070007,225.800003,225.949997,217.213791,30172700
2021-01-25,229.119995,229.779999,224.220001,229.529999,220.655350,33152100
2021-01-26,231.860001,234.179993,230.080002,232.330002,223.347122,49169600
2021-01-27,238.000000,240.440002,230.139999,232.899994,223.895081,69870600
2021-01-28,235.610001,242.639999,235.089996,238.929993,229.691910,49111200
2021-01-29,235.990005,238.020004,231.350006,231.960007,222.991425,42503100
2021-02-01,235.059998,242.500000,232.429993,239.649994,230.384079,33314200
2021-02-02,241.300003,242.309998,238.690002,239.509995,230.249481,25916300
2021-02-03,239.570007,245.089996,239.259995,243.000000,233.604568,27158100
2021-02-04,242.660004,243.240005,240.369995,242.009995,232.652832,25296100
2021-02-05,242.229996,243.279999,240.419998,242.199997,232.835464,18054800
2021-02-08,243.149994,243.679993,240.809998,242.470001,233.095078,22211900
2021-02-09,241.869995,244.759995,241.380005,243.770004,234.344833,23565000
2021-02-10,245.000000,245.919998,240.889999,242.820007,233.431519,22186700
2021-02-11,244.779999,245.149994,242.149994,244.490005,235.036957,15751100
2021-02-12,243.929993,245.300003,242.729996,244.990005,235.517624,16561100
2021-02-16,245.029999,246.130005,242.919998,243.699997,234.277512,26728500
2021-02-17,241.320007,244.309998,240.940002,244.199997,235.298889,21653500
2021-02-18,241.800003,243.929993,240.860001,243.789993,234.903778,16925600
2021-02-19,243.750000,243.860001,240.179993,240.970001,232.186600,25262600
2021-02-22,237.419998,237.929993,232.399994,234.509995,225.962067,36446900
2021-02-23,230.330002,234.830002,228.729996,233.270004,224.767273,30228700
2021-02-24,230.009995,235.199997,229.000000,234.550003,226.000595,26339700
2021-02-25,232.080002,234.589996,227.880005,228.990005,220.643265,39542200
2021-02-26,231.529999,235.369995,229.539993,232.380005,223.909698,37819200
2021-03-01,235.899994,237.470001,233.149994,236.940002,228.303513,25324000
2021-03-02,237.009995,237.300003,233.449997,233.869995,225.345398,22812500
2021-03-03,232.160004,233.580002,227.259995,227.559998,219.265381,34029500
2021-03-04,226.740005,232.490005,224.259995,226.729996,218.465622,44727800
2021-03-05,229.520004,233.270004,226.460007,231.600006,223.158142,41872800
2021-03-08,231.369995,233.369995,227.130005,227.389999,219.101608,35267400
2021-03-09,232.880005,235.380005,231.669998,233.779999,225.258667,33080500
2021-03-10,237.000000,237.000000,232.039993,232.419998,223.948196,29746800
2021-03-11,234.960007,239.169998,234.309998,237.130005,228.486588,29907600
2021-03-12,234.009995,235.820007,233.229996,235.750000,227.156891,22653700
2021-03-15,234.960007,235.190002,231.809998,234.809998,226.251114,26034900
2021-03-16,236.279999,240.059998,235.940002,237.710007,229.045425,28092200
2021-03-17,236.149994,238.550003,233.229996,237.039993,228.399811,29562100
2021-03-18,232.559998,234.190002,230.330002,230.720001,222.310226,34833000
2021-03-19,231.020004,232.470001,229.350006,230.350006,221.953674,46430700
2021-03-22,230.270004,236.899994,230.139999,235.990005,227.388123,30127000
2021-03-23,237.490005,241.050003,237.070007,237.580002,228.920166,31638400
2021-03-24,237.850006,238.000000,235.320007,235.460007,226.877472,25620100
2021-03-25,235.300003,236.940002,231.570007,232.339996,223.871155,34061900
2021-03-26,231.550003,236.710007,231.550003,236.479996,227.860260,25479900
2021-03-29,236.589996,236.800003,231.880005,235.240005,226.665466,25227500
2021-03-30,233.529999,233.850006,231.100006,231.850006,223.399002,24792000
2021-03-31,232.910004,239.100006,232.389999,235.770004,227.176147,43623500
2021-04-01,238.470001,242.839996,238.050003,242.350006,233.516266,30338000
2021-04-05,242.759995,249.960007,242.699997,249.070007,239.991348,36910600
2021-04-06,247.610001,249.399994,246.880005,247.860001,238.825455,22931900
2021-04-07,247.809998,250.929993,247.190002,249.899994,240.791092,22719800
2021-04-08,252.770004,254.139999,252.000000,253.250000,244.018951,23625200
2021-04-09,252.869995,255.990005,252.440002,255.850006,246.524200,24326800
2021-04-12,254.710007,257.670013,254.619995,255.910004,246.582031,27148700
2021-04-13,257.260010,259.190002,256.829987,258.489990,249.067978,23837500
2021-04-14,257.480011,258.829987,255.160004,255.589996,246.273697,23070900
2021-04-15,257.929993,259.929993,257.730011,259.500000,250.041199,25627500
2021-04-16,259.470001,261.000000,257.600006,260.739990,251.235962,24878600
2021-04-19,260.190002,261.480011,257.820007,258.739990,249.308823,23209300
2021-04-20,257.820007,260.200012,256.839996,258.260010,248.846405,19722900
2021-04-21,258.940002,260.679993,257.250000,260.579987,251.081818,24030400
2021-04-22,260.209991,261.779999,255.639999,257.170013,247.796097,25606200
2021-04-23,257.880005,261.510010,257.269989,261.149994,251.631042,21462600
2021-04-26,261.660004,262.440002,260.170013,261.549988,252.016434,19763300
2021-04-27,261.579987,263.190002,260.119995,261.970001,252.421173,31014200
2021-04-28,256.079987,256.540009,252.949997,254.559998,245.281250,46903100
2021-04-29,255.460007,256.100006,249.000000,252.509995,243.305984,40589000
2021-04-30,249.740005,253.080002,249.600006,252.179993,242.987976,30945100
2021-05-03,253.399994,254.350006,251.119995,251.860001,242.679657,19626600
2021-05-04,250.970001,251.210007,245.759995,247.789993,238.758026,32756100
2021-05-05,249.059998,249.500000,245.820007,246.470001,237.486115,21901300
2021-05-06,246.449997,249.860001,244.690002,249.729996,240.627289,26491100
2021-05-07,252.149994,254.300003,251.169998,252.460007,243.257751,27032900
2021-05-10,250.869995,251.729996,247.119995,247.179993,238.170242,29299900
2021-05-11,244.550003,246.600006,242.570007,246.229996,237.254837,33641600
2021-05-12,242.169998,244.380005,238.070007,239.000000,230.288406,36684400
2021-05-13,241.800003,245.600006,241.419998,243.029999,234.171494,29624300
2021-05-14,245.580002,249.179993,245.490005,248.149994,239.104874,23901100
2021-05-17,246.550003,246.589996,243.520004,245.179993,236.243134,24970200
2021-05-18,246.270004,246.410004,242.899994,243.080002,234.219681,20168000
2021-05-19,239.309998,243.229996,238.600006,243.119995,234.799149,25739800
2021-05-20,243.960007,247.949997,243.860001,246.479996,238.044144,21800700
2021-05-21,247.570007,248.330002,244.740005,245.169998,236.778992,21863100
2021-05-24,247.789993,251.160004,247.509995,250.779999,242.196991,21411500
2021-05-25,251.770004,252.750000,250.820007,251.720001,243.104828,17704300
2021-05-26,251.429993,252.940002,250.750000,251.490005,242.882721,17771600
2021-05-27,251.169998,251.479996,249.250000,249.309998,240.777252,24426200
2021-05-28,251.000000,252.080002,249.559998,249.679993,241.134628,18270200
2021-06-01,251.229996,251.289993,246.960007,247.399994,238.932678,23213300
2021-06-02,248.130005,249.270004,245.839996,247.300003,238.836090,19406700
2021-06-03,245.220001,246.339996,243.000000,245.710007,237.300537,25307700
2021-06-04,247.759995,251.649994,247.509995,250.789993,242.206635,25281100
2021-06-07,249.979996,254.089996,249.809998,253.809998,245.123276,23079200
2021-06-08,255.160004,256.010010,252.509995,252.570007,243.925705,22455000
2021-06-09,253.809998,255.529999,253.210007,253.589996,244.910782,17937600
2021-06-10,254.289993,257.459991,253.669998,257.239990,248.435928,24563600
2021-06-11,257.989990,258.489990,256.609985,257.890015,249.063644,18999700
2021-06-14,257.899994,259.950012,256.799988,259.890015,250.995255,19150500
2021-06-15,259.769989,259.989990,257.679993,258.359985,249.517548,18038900
2021-06-16,259.399994,260.579987,254.419998,257.380005,248.571106,27220000
2021-06-17,256.070007,261.750000,256.010010,260.899994,251.970596,27565500
2021-06-18,259.630005,262.299988,258.750000,259.429993,250.550934,37202200
2021-06-21,259.820007,263.519989,257.920013,262.630005,253.641403,26696100
2021-06-22,262.720001,265.790009,262.399994,265.510010,256.422943,24694100
2021-06-23,265.989990,266.829987,264.429993,265.269989,256.191071,19518700
2021-06-24,266.160004,267.850006,265.470001,266.690002,257.562439,21446900
2021-06-25,266.230011,267.250000,264.760010,265.019989,255.949570,25611100
2021-06-28,266.190002,268.899994,265.910004,268.720001,259.523010,19590000
2021-06-29,268.869995,271.649994,267.980011,271.399994,262.111237,19937800
2021-06-30,270.690002,271.359985,269.600006,270.899994,261.628326,21656500
2021-07-01,269.609985,271.839996,269.600006,271.600006,262.304413,16725300
2021-07-02,272.820007,278.000000,272.500000,277.649994,268.147369,26458000
2021-07-06,278.029999,279.369995,274.299988,277.660004,268.156952,31565600
2021-07-07,279.399994,280.690002,277.149994,279.929993,270.349274,23260000
2021-07-08,276.899994,278.730011,274.869995,277.420013,267.925232,24618600
2021-07-09,275.720001,278.049988,275.320007,277.940002,268.427399,23916700
2021-07-12,279.160004,279.769989,276.579987,277.320007,267.828644,18931700
2021-07-13,277.519989,282.850006,277.390015,280.980011,271.363312,26120100
2021-07-14,282.350006,283.660004,280.549988,282.510010,272.840942,23113700
2021-07-15,282.000000,282.510010,279.829987,281.029999,271.411621,22604200
2021-07-16,282.070007,284.100006,279.459991,280.750000,271.141205,26186800
2021-07-19,278.929993,280.369995,274.450012,277.010010,267.529266,32935600
2021-07-20,278.029999,280.970001,276.260010,279.320007,269.760254,26259700
2021-07-21,278.899994,281.519989,277.290009,281.399994,271.769012,24364300
2021-07-22,283.839996,286.420013,283.420013,286.140015,276.346771,23384100
2021-07-23,287.369995,289.989990,286.500000,289.670013,279.755920,22768100
2021-07-26,289.000000,289.690002,286.640015,289.049988,279.157166,23176100
2021-07-27,289.429993,289.579987,282.950012,286.540009,276.733032,33604100
2021-07-28,288.989990,290.149994,283.829987,286.220001,276.424042,33566900
2021-07-29,286.239990,288.619995,286.079987,286.500000,276.694489,18168300
2021-07-30,285.170013,286.660004,283.910004,284.910004,275.158844,20944800
2021-08-02,286.359985,286.769989,283.739990,284.820007,275.071930,16267400
2021-08-03,285.420013,287.230011,284.000000,287.119995,277.293182,17879000
2021-08-04,286.220001,287.589996,284.649994,286.510010,276.704132,16191300
2021-08-05,286.880005,289.630005,286.100006,289.519989,279.611145,13900200
2021-08-06,288.510010,289.500000,287.619995,289.459991,279.553131,16589300
2021-08-09,289.750000,291.549988,287.809998,288.329987,278.461823,16117600
2021-08-10,288.799988,289.250000,285.200012,286.440002,276.636536,18616600
2021-08-11,287.209991,288.660004,285.859985,286.950012,277.129028,13955900
2021-08-12,286.630005,289.970001,286.339996,289.809998,279.891113,14561300
2021-08-13,289.480011,292.899994,289.299988,292.850006,282.827118,18249000
2021-08-16,293.190002,294.820007,290.019989,294.600006,284.517181,22507600
2021-08-17,292.390015,293.429993,291.079987,293.079987,283.049194,20075300
2021-08-18,292.040009,294.820007,290.269989,290.730011,281.317230,21813000
2021-08-19,288.690002,297.470001,288.640015,296.769989,287.161682,29850500
2021-08-20,299.720001,305.839996,298.059998,304.359985,294.505859,40817600
2021-08-23,303.250000,305.399994,301.850006,304.649994,294.786530,22830200
2021-08-24,305.019989,305.649994,302.000000,302.619995,292.822235,18175800
2021-08-25,304.299988,304.589996,300.420013,302.010010,292.232025,20006100
2021-08-26,300.989990,302.429993,298.950012,299.089996,289.406555,17666100
2021-08-27,298.989990,300.869995,296.829987,299.720001,290.016113,22605700
2021-08-30,301.119995,304.220001,301.059998,303.589996,293.760773,16348100
2021-08-31,304.420013,304.500000,301.500000,301.880005,292.106293,26285300
2021-09-01,302.869995,305.190002,301.489990,301.829987,292.057831,18983800
2021-09-02,302.200012,303.359985,300.179993,301.149994,291.399841,16285600
2021-09-03,300.989990,302.600006,300.260010,301.140015,291.390167,14747900
2021-09-07,301.010010,301.089996,298.200012,300.179993,290.461243,17180400
2021-09-08,299.779999,300.609985,297.470001,300.209991,290.490234,15046800
2021-09-09,300.820007,302.140015,297.000000,297.250000,287.626129,19927000
2021-09-10,298.420013,299.920013,295.380005,295.709991,286.136017,19633400
2021-09-13,297.549988,298.540009,294.079987,296.989990,287.374512,23652900
2021-09-14,299.559998,301.390015,298.100006,299.790009,290.083923,21853400
2021-09-15,303.260010,305.320007,301.820007,304.820007,294.951019,28356300
2021-09-16,303.760010,305.309998,300.760010,305.220001,295.338013,19550800
2021-09-17,304.170013,304.500000,299.529999,299.869995,290.161285,41372500
2021-09-20,296.329987,298.720001,289.519989,294.299988,284.771576,38278700
2021-09-21,295.690002,297.540009,294.070007,294.799988,285.255402,22364100
2021-09-22,296.730011,300.220001,294.510010,298.579987,288.913025,26626300
2021-09-23,298.850006,300.899994,297.529999,299.559998,289.861298,18604600
2021-09-24,298.230011,299.799988,296.929993,299.350006,289.658081,14999000
2021-09-27,296.140015,296.470001,292.940002,294.170013,284.645874,23571700
2021-09-28,289.799988,290.779999,282.750000,283.519989,274.340637,43186200
2021-09-29,285.100006,286.769989,283.010010,284.000000,274.805084,26353700
2021-09-30,285.709991,287.829987,281.619995,281.920013,272.792511,32343600
2021-10-01,282.119995,289.980011,281.290009,289.100006,279.739960,30086300
2021-10-04,287.399994,287.750000,280.250000,283.109985,273.943970,31350700
2021-10-05,284.049988,290.399994,284.049988,288.760010,279.411011,24993000
2021-10-06,285.779999,293.630005,285.510010,293.109985,283.620148,28002600
2021-10-07,295.179993,296.640015,293.920013,294.850006,285.303802,20430500
2021-10-08,296.220001,296.640015,293.760010,294.850006,285.303802,17685700
2021-10-11,292.920013,297.970001,292.750000,294.230011,284.703918,19298600
2021-10-12,295.339996,295.440002,292.350006,292.880005,283.397552,17974100
2021-10-13,294.910004,297.279999,293.489990,296.309998,286.716553,23416300
2021-10-14,299.209991,303.269989,297.829987,302.750000,292.948059,27262900
2021-10-15,302.339996,304.450012,300.519989,304.209991,294.360748,25384800
2021-10-18,303.570007,308.209991,302.690002,307.290009,297.341064,22729300
2021-10-19,308.350006,309.299988,307.220001,308.230011,298.250610,17682100
2021-10-20,309.209991,309.700012,306.109985,307.410004,297.457214,16537100
2021-10-21,307.170013,311.019989,306.359985,310.760010,300.698700,16918100
2021-10-22,310.399994,311.089996,307.799988,309.160004,299.150482,17449300
2021-10-25,309.359985,309.399994,306.459991,308.130005,298.153870,17554500
2021-10-26,311.000000,312.399994,308.600006,310.109985,300.069702,28107300
2021-10-27,316.000000,326.100006,316.000000,323.170013,312.706940,52588700
2021-10-28,324.329987,324.869995,321.359985,324.350006,313.848694,26297900
2021-10-29,324.130005,332.000000,323.899994,331.619995,320.883301,34766000
2021-11-01,331.359985,331.489990,326.369995,329.369995,318.706177,27073200
2021-11-02,330.309998,333.450012,330.000000,333.130005,322.344482,26487100
2021-11-03,333.899994,334.899994,330.649994,334.000000,323.186310,21500100
2021-11-04,332.890015,336.540009,329.510010,336.440002,325.547302,23992200
2021-11-05,338.510010,338.790009,334.420013,336.059998,325.179626,22570100
2021-11-08,337.299988,337.649994,334.440002,336.989990,326.079468,20897000
2021-11-09,337.109985,338.720001,334.529999,335.950012,325.073120,21307400
2021-11-10,334.570007,334.630005,329.920013,330.799988,320.089874,25500900
2021-11-11,331.250000,333.769989,330.510010,332.429993,321.667084,16849800
2021-11-12,333.920013,337.230011,333.790009,336.720001,325.818176,23831000
2021-11-15,337.540009,337.880005,334.029999,336.070007,325.189270,16723000
2021-11-16,335.679993,340.670013,335.510010,339.510010,328.517883,20886800
2021-11-17,338.940002,342.190002,338.000000,339.119995,328.740845,19053400
2021-11-18,338.179993,342.450012,337.119995,341.269989,330.825043,22463500
2021-11-19,342.640015,345.100006,342.200012,343.109985,332.608704,21963400
2021-11-22,344.619995,349.670013,339.549988,339.829987,329.429047,31031100
2021-11-23,337.049988,339.450012,333.559998,337.679993,327.344940,30427600
2021-11-24,336.279999,338.160004,333.910004,337.910004,327.567902,21661300
2021-11-26,334.350006,337.929993,328.119995,329.679993,319.589722,24217200
2021-11-29,334.940002,339.029999,334.739990,336.630005,326.327087,28563500
2021-11-30,335.320007,337.779999,328.989990,330.589996,320.471924,42885600
2021-12-01,335.130005,339.279999,329.390015,330.079987,319.977509,33337600
2021-12-02,330.299988,333.489990,327.799988,329.489990,319.405518,30766000
2021-12-03,331.989990,332.700012,318.029999,323.010010,313.123901,41779300
2021-12-06,323.950012,327.450012,319.230011,326.190002,316.206543,30032600
2021-12-07,331.640015,335.799988,330.100006,334.920013,324.669373,31021900
2021-12-08,335.309998,335.500000,330.799988,334.970001,324.717896,24761000
2021-12-09,334.410004,336.489990,332.119995,333.100006,322.905060,22214200
2021-12-10,334.980011,343.000000,334.790009,342.540009,332.056213,38095700
2021-12-13,340.679993,343.790009,339.079987,339.399994,329.012268,28899400
2021-12-14,333.220001,334.640015,324.109985,328.339996,318.290802,44438700
2021-12-15,328.609985,335.190002,324.500000,334.649994,324.407593,35381100
2021-12-16,335.709991,336.760010,323.019989,324.899994,314.956085,35034800
2021-12-17,320.880005,324.920013,317.250000,323.799988,313.889709,47750300
2021-12-20,320.049988,322.799988,317.570007,319.910004,310.118744,28326500
2021-12-21,323.290009,327.730011,319.799988,327.290009,317.272980,24740600
2021-12-22,328.299988,333.609985,325.750000,333.200012,323.002045,24831500
2021-12-23,332.750000,336.390015,332.730011,334.690002,324.446411,19617800
2021-12-27,335.459991,342.480011,335.429993,342.450012,331.968933,19947000
2021-12-28,343.149994,343.809998,340.320007,341.250000,330.805695,15661500
2021-12-29,341.299988,344.299988,339.679993,341.950012,331.484253,15042000
2021-12-30,341.910004,343.130005,338.820007,339.320007,328.934753,15994500
2021-12-31,338.510010,339.359985,335.850006,336.320007,326.026550,18000800
2022-01-03,335.350006,338.000000,329.779999,334.750000,324.504608,28865100
2022-01-04,334.829987,335.200012,326.119995,329.010010,318.940338,32674300
2022-01-05,325.859985,326.070007,315.980011,316.380005,306.696869,40054300
2022-01-06,313.149994,318.700012,311.489990,313.880005,304.273376,39646100
2022-01-07,314.149994,316.500000,310.089996,314.040009,304.428467,32720000
2022-01-10,309.489990,314.720001,304.690002,314.269989,304.651367,44289500
2022-01-11,313.380005,316.609985,309.890015,314.980011,305.339752,29386800
2022-01-12,319.670013,323.410004,317.079987,318.269989,308.528992,34372200
2022-01-13,320.470001,320.880005,304.000000,304.799988,295.471222,45366000
2022-01-14,304.250000,310.820007,303.750000,310.200012,300.705933,39846400
2022-01-18,304.070007,309.799988,301.739990,302.649994,293.386993,42333200
2022-01-19,306.290009,313.910004,302.700012,303.329987,294.046265,45933900
2022-01-20,309.070007,311.649994,301.140015,301.600006,292.369232,35380700
2022-01-21,302.690002,304.109985,295.609985,296.029999,286.969666,57984400
2022-01-24,292.200012,297.109985,276.049988,296.369995,287.299255,85731500
2022-01-25,291.519989,294.989990,285.170013,288.489990,279.660339,72848600
2022-01-26,307.989990,308.500000,293.029999,296.709991,287.628845,90428900
2022-01-27,302.660004,307.299988,297.929993,299.839996,290.663116,53481300
2022-01-28,300.230011,308.480011,294.450012,308.260010,298.825317,49743700
2022-01-31,308.950012,312.380005,306.369995,310.980011,301.462128,46444500
2022-02-01,310.410004,310.630005,305.130005,308.760010,299.310089,40950400
2022-02-02,309.630005,315.119995,308.880005,313.459991,303.866211,36636000
2022-02-03,309.489990,311.230011,299.959991,301.250000,292.029938,43730000
2022-02-04,300.209991,308.799988,299.970001,305.940002,296.576355,35096500
2022-02-07,306.170013,307.839996,299.899994,300.950012,291.739075,28533300
2022-02-08,301.250000,305.559998,299.950012,304.559998,295.238556,32421200
2022-02-09,309.869995,311.929993,307.390015,311.209991,301.685059,31284700
2022-02-10,304.040009,309.119995,300.700012,302.380005,293.125397,45386200
2022-02-11,303.190002,304.290009,294.220001,295.040009,286.010010,39175600
2022-02-14,293.769989,296.760010,291.350006,295.000000,285.971161,36359500
2022-02-15,300.010010,300.799988,297.019989,300.470001,291.273804,27058300
2022-02-16,298.369995,300.869995,293.679993,299.500000,290.933777,29982100
2022-02-17,296.359985,296.799988,290.000000,290.730011,282.414642,32461600
2022-02-18,293.049988,293.859985,286.309998,287.929993,279.694702,34264000
2022-02-22,285.000000,291.540009,284.500000,287.720001,279.490753,41736100
2022-02-23,290.179993,291.700012,280.100006,280.269989,272.253784,37811200
2022-02-24,272.510010,295.160004,271.519989,294.589996,286.164246,56989700
2022-02-25,295.140015,297.630005,291.649994,297.309998,288.806427,32546700
2022-02-28,294.309998,299.140015,293.000000,298.790009,290.244141,34627500
2022-03-01,296.399994,299.970001,292.149994,294.950012,286.513916,31217800
2022-03-02,295.359985,301.470001,293.700012,300.190002,291.604095,31873000
2022-03-03,302.890015,303.130005,294.049988,295.920013,287.456238,27314500
2022-03-04,294.290009,295.660004,287.170013,289.859985,281.569458,32356500
2022-03-07,288.529999,289.690002,278.529999,278.910004,270.932678,43157200
2022-03-08,277.799988,283.959991,270.000000,275.850006,267.960236,48159500
2022-03-09,283.440002,289.600006,280.779999,288.500000,280.248383,35204500
2022-03-10,283.019989,286.600006,280.579987,285.589996,277.421600,30628000
2022-03-11,287.959991,289.510010,279.429993,280.070007,272.059540,27209300
2022-03-14,280.339996,285.399994,275.820007,276.440002,268.533325,30660700
2022-03-15,280.350006,287.820007,278.730011,287.149994,278.937042,34245100
2022-03-16,289.109985,294.570007,283.200012,294.390015,285.969940,37826300
2022-03-17,293.290009,295.609985,289.369995,295.220001,286.776184,30816600
2022-03-18,295.369995,301.000000,292.730011,300.429993,291.837189,43390600
2022-03-21,298.890015,300.140015,294.899994,299.160004,290.603516,28351200
2022-03-22,299.799988,305.000000,298.769989,304.059998,295.363373,27599700
2022-03-23,300.510010,303.230011,297.720001,299.489990,290.924103,25715400
2022-03-24,299.140015,304.200012,298.320007,304.100006,295.402191,24484500
2022-03-25,305.230011,305.500000,299.290009,303.679993,294.994232,22566500
2022-03-28,304.329987,310.799988,304.329987,310.700012,301.813446,29578200
2022-03-29,313.910004,315.820007,309.049988,315.410004,306.388733,30393400
2022-03-30,313.760010,315.950012,311.579987,313.859985,304.883087,28163600
2022-03-31,313.899994,315.140015,307.890015,308.309998,299.491821,33422100
2022-04-01,309.369995,310.130005,305.540009,309.420013,300.570099,27110500
2022-04-04,310.089996,315.109985,309.709991,314.970001,305.961334,24289600
2022-04-05,313.269989,314.869995,309.869995,310.880005,301.988342,23156700
2022-04-06,305.190002,307.000000,296.709991,299.500000,290.933777,40110400
2022-04-07,296.660004,303.649994,296.350006,301.369995,292.750305,31411200
2022-04-08,300.440002,301.119995,296.279999,296.970001,288.476135,24361900
2022-04-11,291.790009,292.609985,285.000000,285.260010,277.101105,34569300
2022-04-12,289.239990,290.739990,280.489990,282.059998,273.992554,30966700
2022-04-13,282.730011,288.579987,281.299988,287.619995,279.393555,21907200
2022-04-14,288.089996,288.309998,279.320007,279.829987,271.826324,28221600
2022-04-18,278.910004,282.459991,278.339996,280.519989,272.496643,20778000
2022-04-19,279.380005,286.170013,278.410004,285.299988,277.139923,22297700
2022-04-20,289.399994,289.700012,285.369995,286.359985,278.169617,22906700
2022-04-21,288.579987,293.299988,280.059998,280.809998,272.778381,29454600
2022-04-22,281.679993,283.200012,273.380005,274.029999,266.192261,29405800
2022-04-25,273.290009,281.109985,270.769989,280.720001,272.690918,35678900
2022-04-26,277.500000,278.359985,270.000000,270.220001,262.491241,46518400
2022-04-27,282.100006,290.970001,279.160004,283.220001,275.119446,63477700
2022-04-28,285.190002,290.980011,281.459991,289.630005,281.346100,33646600
2022-04-29,288.609985,289.880005,276.500000,277.519989,269.582458,37073900
2022-05-02,277.709991,284.940002,276.220001,284.470001,276.333679,35151100
2022-05-03,283.959991,284.130005,280.149994,281.779999,273.720612,25978600
2022-05-04,282.589996,290.880005,276.730011,289.980011,281.686127,33599300
2022-05-05,285.540009,286.350006,274.339996,277.350006,269.417328,43260400
2022-05-06,274.809998,279.250000,271.269989,274.730011,266.872223,37780300
2022-05-09,270.059998,272.359985,263.320007,264.579987,257.012573,47726000
2022-05-10,271.690002,273.750000,265.070007,269.500000,261.791840,39336400
2022-05-11,265.679993,271.359985,259.299988,260.549988,253.097870,48975900
2022-05-12,257.690002,259.880005,250.020004,255.350006,248.046570,51033800
2022-05-13,257.350006,263.040009,255.350006,261.119995,253.651550,34925100
2022-05-16,259.959991,265.820007,255.779999,261.500000,254.020660,32550900
2022-05-17,266.109985,268.329987,262.459991,266.820007,259.188507,28828800
2022-05-18,263.000000,263.600006,252.770004,254.080002,247.387756,31356000
2022-05-19,253.899994,257.670013,251.880005,253.139999,246.472488,32692300
2022-05-20,257.239990,258.540009,246.440002,252.559998,245.907761,39199300
2022-05-23,255.490005,261.500000,253.429993,260.649994,253.784714,33175400
2022-05-24,257.890015,261.329987,253.500000,259.619995,252.781799,29043900
2022-05-25,258.140015,264.579987,257.130005,262.519989,255.605423,28547900
2022-05-26,262.269989,267.109985,261.429993,265.899994,258.896423,25002100
2022-05-27,268.480011,273.339996,267.559998,273.239990,266.043091,26910800
2022-05-31,272.529999,274.769989,268.929993,271.869995,264.709106,37827700
2022-06-01,275.200012,277.690002,270.040009,272.420013,265.244690,25292200
2022-06-02,264.450012,274.649994,261.600006,274.579987,267.347748,44008200
2022-06-03,270.309998,273.450012,268.410004,270.019989,262.907959,28059000
2022-06-06,272.059998,274.179993,267.220001,268.750000,261.671356,22400300
2022-06-07,266.640015,273.130005,265.940002,272.500000,265.322510,22860700
2022-06-08,271.709991,273.000000,269.609985,270.410004,263.287567,17372300
2022-06-09,267.779999,272.709991,264.630005,264.790009,257.815643,26439700
2022-06-10,260.579987,260.579987,252.529999,252.990005,246.326447,31422800
2022-06-13,245.110001,249.020004,241.529999,242.259995,235.879013,46135800
2022-06-14,243.860001,245.740005,241.509995,244.490005,238.050323,28651500
2022-06-15,248.309998,255.300003,246.419998,251.759995,245.128815,33111700
2022-06-16,245.979996,247.419998,243.020004,244.970001,238.517685,33169200
2022-06-17,244.699997,250.500000,244.029999,247.649994,241.127075,43084800
2022-06-21,250.259995,254.750000,249.509995,253.740005,247.056671,29928300
2022-06-22,251.889999,257.170013,250.369995,253.130005,246.462753,25939900
2022-06-23,255.570007,259.369995,253.630005,258.859985,252.041824,25861400
2022-06-24,261.809998,267.980011,261.720001,267.700012,260.649017,33923200
2022-06-27,268.209991,268.299988,263.279999,264.890015,257.912994,24615100
2022-06-28,263.980011,266.910004,256.320007,256.480011,249.724503,27295500
2022-06-29,257.589996,261.970001,255.759995,260.260010,253.404953,20069800
2022-06-30,257.049988,259.529999,252.899994,256.829987,250.065292,31730900
2022-07-01,256.390015,259.769989,254.610001,259.579987,252.742859,22837700
2022-07-05,256.160004,262.980011,254.740005,262.850006,255.926788,22941000
2022-07-06,263.750000,267.989990,262.399994,266.209991,259.198151,23824400
2022-07-07,265.119995,269.059998,265.019989,268.399994,261.330536,20859900
2022-07-08,264.790009,268.100006,263.290009,267.660004,260.610046,19658800
2022-07-11,265.649994,266.529999,262.179993,264.510010,257.543030,19455200
2022-07-12,265.880005,265.940002,252.039993,253.669998,246.988556,35868500
2022-07-13,250.190002,253.550003,248.110001,252.720001,246.063538,29497400
2022-07-14,250.570007,255.139999,245.940002,254.080002,247.387756,25102800
2022-07-15,255.720001,260.369995,254.770004,256.720001,249.958221,29774100
2022-07-18,259.750000,260.839996,253.300003,254.250000,247.553268,20975000
2022-07-19,257.579987,259.720001,253.679993,259.529999,252.694168,25012600
2022-07-20,259.899994,264.869995,258.910004,262.269989,255.362000,22788300
2022-07-21,259.790009,264.890015,257.029999,264.839996,257.864288,22404700
2022-07-22,265.239990,265.329987,259.070007,260.359985,253.502319,21881300
2022-07-25,261.000000,261.500000,256.809998,258.829987,252.012619,21056000
2022-07-26,259.859985,259.880005,249.570007,251.899994,245.265137,39348000
2022-07-27,261.160004,270.049988,258.850006,268.739990,261.661560,45994000
2022-07-28,269.750000,277.839996,267.869995,276.410004,269.129578,33459300
2022-07-29,277.700012,282.000000,276.630005,280.739990,273.345490,32152800
2022-08-01,277.820007,281.279999,275.839996,278.010010,270.687500,21539600
2022-08-02,276.000000,277.890015,272.380005,274.820007,267.581482,22754200
2022-08-03,276.760010,283.500000,276.609985,282.470001,275.029938,23518900
2022-08-04,281.799988,283.799988,280.170013,283.649994,276.178864,18098700
2022-08-05,279.149994,283.649994,278.679993,282.910004,275.458374,16774600
2022-08-08,284.049988,285.920013,279.320007,280.320007,272.936615,18739200
2022-08-09,279.640015,283.079987,277.609985,282.299988,274.864410,23405200
2022-08-10,288.170013,289.809998,286.940002,289.160004,281.543793,24687800
2022-08-11,290.850006,291.209991,286.510010,287.019989,279.460083,20065900
2022-08-12,288.480011,291.910004,286.940002,291.910004,284.221283,22619700
2022-08-15,291.000000,294.179993,290.109985,293.470001,285.740204,18085700
2022-08-16,291.989990,294.040009,290.420013,292.709991,285.000275,18102900
2022-08-17,289.739990,293.350006,289.470001,291.320007,284.248962,18253400
2022-08-18,290.190002,291.910004,289.079987,290.170013,283.126862,17186200
2022-08-19,288.899994,289.250000,285.559998,286.149994,279.204468,20570000
2022-08-22,282.079987,282.459991,277.220001,277.750000,271.008331,25061100
2022-08-23,276.440002,278.859985,275.399994,276.440002,269.730103,17527400
2022-08-24,275.410004,277.230011,275.109985,275.790009,269.095947,18137000
2022-08-25,277.329987,279.019989,274.519989,278.850006,272.081573,16583400
2022-08-26,279.079987,280.339996,267.980011,268.089996,261.582764,27549300
2022-08-29,265.850006,267.399994,263.850006,265.230011,258.792175,20338500
2022-08-30,266.670013,267.049988,260.660004,262.970001,256.587067,22767100
2022-08-31,265.390015,267.109985,261.329987,261.470001,255.123520,24791800
2022-09-01,258.869995,260.890015,255.410004,260.399994,254.079453,23263400
2022-09-02,261.700012,264.739990,254.470001,256.059998,249.844788,22855400
2022-09-06,256.200012,257.829987,251.940002,253.250000,247.102966,21328200
2022-09-07,254.699997,258.829987,253.220001,258.089996,251.825500,24126700
2022-09-08,257.510010,260.429993,254.789993,258.519989,252.245071,20319900
2022-09-09,260.500000,265.230011,260.290009,264.459991,258.040863,22084700
2022-09-12,265.779999,267.450012,265.160004,266.649994,260.177704,18747700
2022-09-13,258.839996,260.399994,251.589996,251.990005,245.873581,33353300
2022-09-14,253.529999,254.229996,249.860001,252.220001,246.097992,23913000
2022-09-15,249.770004,251.399994,244.020004,245.380005,239.424026,31530900
2022-09-16,244.259995,245.300003,242.059998,244.740005,238.799545,39791800
2022-09-19,242.470001,245.139999,240.850006,244.520004,238.584915,26826900
2022-09-20,242.070007,243.509995,239.639999,242.449997,236.565125,26660300
2022-09-21,244.270004,247.660004,238.899994,238.949997,233.150085,28625600
2022-09-22,237.869995,243.860001,237.570007,240.979996,235.130798,31061200
2022-09-23,239.539993,241.130005,235.199997,237.919998,232.145096,34176000
2022-09-26,237.050003,241.449997,236.899994,237.449997,231.686478,27694200
2022-09-27,239.979996,241.800003,234.500000,236.410004,230.671753,27018700
2022-09-28,236.809998,242.330002,234.729996,241.070007,235.218643,29029700
2022-09-29,238.889999,239.949997,234.410004,237.500000,231.735275,27484200
2022-09-30,238.289993,240.539993,232.729996,232.899994,227.246902,35694800
2022-10-03,235.410004,241.610001,234.660004,240.740005,234.896637,28880400
2022-10-04,245.089996,250.360001,244.979996,248.880005,242.839035,34888400
2022-10-05,245.990005,250.580002,244.100006,249.199997,243.151306,20347100
2022-10-06,247.929993,250.339996,246.080002,246.789993,240.799789,20239900
2022-10-07,240.899994,241.320007,233.169998,234.240005,228.554428,37769600
2022-10-10,233.050003,234.559998,226.729996,229.250000,223.685547,29743600
2022-10-11,227.619995,229.059998,224.110001,225.410004,219.938736,30474000
2022-10-12,225.399994,227.860001,223.960007,225.750000,220.270508,21903900
2022-10-13,219.850006,236.100006,219.130005,234.240005,228.554428,42551800
2022-10-14,235.539993,237.240005,228.339996,228.559998,223.012299,30198600
2022-10-17,235.820007,238.960007,235.139999,237.529999,231.764557,28142300
2022-10-18,243.240005,243.929993,235.369995,238.500000,232.710999,26329600
2022-10-19,237.039993,239.610001,234.289993,236.479996,230.740021,19985700
2022-10-20,235.770004,241.309998,234.869995,236.149994,230.418060,21811000
2022-10-21,234.740005,243.000000,234.500000,242.119995,236.243149,26299700
2022-10-24,243.759995,247.839996,241.300003,247.250000,241.248642,24911200
2022-10-25,247.259995,251.039993,245.830002,250.660004,244.575851,34775500
2022-10-26,231.169998,238.300003,230.059998,231.320007,225.705307,82543200
2022-10-27,231.039993,233.690002,225.779999,226.750000,221.246216,40424600
2022-10-28,226.240005,236.600006,226.050003,235.869995,230.144821,40647700
2022-10-31,233.759995,234.919998,231.149994,232.130005,226.495651,28357300
2022-11-01,234.600006,235.740005,227.330002,228.169998,222.631760,30592300
2022-11-02,229.460007,231.300003,220.039993,220.100006,214.757645,38407000
2022-11-03,220.089996,220.410004,213.979996,214.250000,209.049606,36633900
2022-11-04,217.550003,221.589996,213.429993,221.389999,216.016296,36789100
2022-11-07,221.990005,228.410004,221.279999,227.869995,222.339005,33498000
2022-11-08,228.699997,231.649994,225.839996,228.869995,223.314758,28192500
2022-11-09,227.369995,228.630005,224.330002,224.509995,219.060608,27852900
2022-11-10,235.429993,243.330002,235.000000,242.979996,237.082245,46268000
2022-11-11,242.990005,247.990005,241.929993,247.110001,241.112045,34620200
2022-11-14,241.990005,243.910004,239.210007,241.550003,235.686996,31123300
2022-11-15,245.660004,247.000000,240.029999,241.970001,236.096786,31390100
2022-11-16,242.789993,243.800003,240.419998,241.729996,236.527313,24093300
2022-11-17,237.779999,243.250000,237.630005,241.679993,236.478394,23123500
2022-11-18,243.509995,243.740005,239.029999,241.220001,236.028290,27613500
2022-11-21,241.429993,244.669998,241.190002,242.050003,236.840424,26394700
2022-11-22,243.589996,245.309998,240.710007,245.029999,239.756271,19665700
2022-11-23,245.110001,248.279999,244.270004,247.580002,242.251389,19508500
2022-11-25,247.309998,248.699997,246.729996,247.490005,242.163361,9200800
2022-11-28,246.080002,246.649994,240.800003,241.759995,236.556656,24778200
2022-11-29,241.399994,242.789993,238.210007,240.330002,235.157440,17956300
2022-11-30,240.570007,255.330002,239.860001,255.139999,249.648712,47594200
2022-12-01,253.869995,256.119995,250.919998,254.690002,249.208374,26041500
2022-12-02,249.820007,256.059998,249.690002,255.020004,249.531281,21528500
2022-12-05,252.009995,253.820007,248.059998,250.199997,244.815002,23435300
2022-12-06,250.820007,251.860001,243.779999,245.119995,239.844330,22463700
2022-12-07,244.830002,246.160004,242.210007,244.369995,239.110489,20481500
2022-12-08,244.839996,248.740005,243.059998,247.399994,242.075256,22611800
2022-12-09,244.699997,248.309998,244.160004,245.419998,240.137894,20609700
2022-12-12,247.449997,252.539993,247.169998,252.509995,247.075287,30665100
2022-12-13,261.690002,263.920013,253.070007,256.920013,251.390396,42196900
2022-12-14,257.130005,262.589996,254.309998,257.220001,251.683914,35410900
2022-12-15,253.720001,254.199997,247.339996,249.009995,243.650589,35560400
2022-12-16,248.550003,249.839996,243.509995,244.690002,239.423584,86102000
2022-12-19,244.860001,245.210007,238.710007,240.449997,235.274841,29696400
2022-12-20,239.399994,242.910004,238.419998,241.800003,236.595795,25150800
2022-12-21,241.690002,245.619995,240.110001,244.429993,239.169174,23690600
2022-12-22,241.259995,241.990005,233.869995,238.190002,233.063492,28651700
2022-12-23,236.110001,238.869995,233.940002,238.729996,233.591873,21207000
2022-12-27,238.699997,238.929993,235.830002,236.960007,231.859955,16688600
2022-12-28,236.889999,239.720001,234.169998,234.529999,229.482254,17457100
2022-12-29,235.649994,241.919998,235.649994,241.009995,235.822800,19770700
2022-12-30,238.210007,239.960007,236.660004,239.820007,234.658432,21938500
2023-01-03,243.080002,245.750000,237.399994,239.580002,234.423584,25740000
2023-01-04,232.279999,232.869995,225.960007,229.100006,224.169159,50623400
2023-01-05,227.199997,227.550003,221.759995,222.309998,217.525269,39585600
2023-01-06,223.000000,225.759995,219.350006,224.929993,220.088867,43613600
2023-01-09,226.449997,231.240005,226.410004,227.119995,222.231750,27369800
2023-01-10,227.759995,231.309998,227.330002,228.850006,223.924545,27033900
2023-01-11,231.289993,235.949997,231.110001,235.770004,230.695557,28669300
2023-01-12,235.259995,239.899994,233.559998,238.509995,233.376587,27269500
2023-01-13,237.000000,239.369995,234.919998,239.229996,234.081116,21333300
2023-01-17,237.970001,240.910004,237.089996,240.350006,235.177017,29831300
2023-01-18,241.570007,242.380005,235.520004,235.809998,230.734726,30028700
2023-01-19,233.779999,235.520004,230.679993,231.929993,226.938248,28623000
2023-01-20,234.860001,240.740005,234.509995,240.220001,235.049805,35389800
2023-01-23,241.100006,245.169998,239.649994,242.580002,237.359024,31934000
2023-01-24,242.500000,243.949997,240.440002,242.039993,236.830627,40234400
2023-01-25,234.479996,243.300003,230.899994,240.610001,235.431427,66526600
2023-01-26,243.649994,248.309998,242.000000,248.000000,242.662354,33454500
2023-01-27,248.990005,249.830002,246.830002,248.160004,242.818893,26498900
2023-01-30,244.509995,245.600006,242.199997,242.710007,237.486206,25867400
2023-01-31,243.449997,247.949997,242.949997,247.809998,242.476456,26541100
2023-02-01,248.000000,255.179993,245.470001,252.750000,247.310120,31259900
2023-02-02,258.820007,264.690002,257.250000,264.600006,258.905029,39940400
2023-02-03,259.540009,264.200012,257.100006,258.350006,252.789597,29077300
2023-02-06,257.440002,258.299988,254.779999,256.769989,251.243591,22518000
2023-02-07,260.529999,268.769989,260.079987,267.559998,261.801392,50841400
2023-02-08,273.200012,276.760010,266.209991,266.730011,260.989227,54686000
2023-02-09,273.799988,273.980011,262.799988,263.619995,257.946136,42375100
2023-02-10,261.529999,264.089996,260.660004,263.100006,257.437347,25818500
2023-02-13,267.640015,274.600006,267.149994,271.320007,265.480469,44630900
2023-02-14,272.670013,274.970001,269.279999,272.170013,266.312225,37047900
2023-02-15,268.320007,270.730011,266.179993,269.320007,264.183563,28922400
2023-02-16,264.019989,266.739990,261.899994,262.149994,257.150269,29603600
2023-02-17,259.390015,260.089996,256.000000,258.059998,253.138290,30000100
2023-02-21,254.479996,255.490005,251.589996,252.669998,247.851089,28397400
2023-02-22,254.089996,254.339996,250.339996,251.509995,246.713211,22491100
2023-02-23,255.559998,256.839996,250.479996,254.770004,249.911041,29219100
2023-02-24,249.960007,251.000000,248.100006,249.220001,244.466888,24990900
2023-02-27,252.460007,252.820007,249.389999,250.160004,245.388931,21190000
2023-02-28,249.070007,251.490005,248.729996,249.419998,244.663055,22491000
2023-03-01,250.759995,250.929993,245.789993,246.270004,241.573151,27565300
2023-03-02,246.550003,251.399994,245.610001,251.110001,246.320831,24808200
2023-03-03,252.190002,255.619995,251.389999,255.289993,250.421097,30760100
2023-03-06,256.429993,260.119995,255.979996,256.869995,251.970993,24109800
2023-03-07,256.299988,257.690002,253.389999,254.149994,249.302872,21473200
2023-03-08,254.039993,254.539993,250.809998,253.699997,248.861465,17340200
2023-03-09,255.820007,259.559998,251.580002,252.320007,247.507782,26653400
2023-03-10,251.080002,252.789993,247.600006,248.589996,243.848877,28333900
2023-03-13,247.399994,257.910004,245.729996,253.919998,249.077255,33339700
2023-03-14,256.750000,261.070007,255.860001,260.790009,255.816193,33620300
2023-03-15,259.980011,266.480011,259.209991,265.440002,260.377594,46028000
2023-03-16,265.209991,276.559998,263.279999,276.200012,270.932343,54768800
2023-03-17,278.260010,283.329987,276.320007,279.429993,274.100708,69527400
2023-03-20,276.980011,277.480011,269.850006,272.230011,267.038086,43466600
2023-03-21,274.880005,275.000000,269.519989,273.779999,268.558472,34558700
2023-03-22,273.399994,281.040009,272.179993,272.290009,267.096954,34873300
2023-03-23,277.940002,281.059998,275.200012,277.660004,272.364532,36610900
2023-03-24,277.239990,280.630005,275.279999,280.570007,275.218994,28172000
2023-03-27,280.500000,281.459991,275.519989,276.380005,271.108887,26840200
2023-03-28,275.790009,276.140015,272.049988,275.230011,269.980804,21878600
2023-03-29,278.959991,281.140015,278.410004,280.510010,275.160126,25087000
2023-03-30,284.230011,284.459991,281.480011,284.049988,278.632629,25053400
2023-03-31,283.730011,289.269989,283.000000,288.299988,282.801575,32766000
2023-04-03,286.519989,288.269989,283.950012,287.230011,281.751953,24883300
2023-04-04,287.230011,290.450012,285.670013,287.179993,281.702911,25824300
2023-04-05,285.850006,287.149994,282.920013,284.339996,278.917053,22064800
2023-04-06,283.209991,292.079987,282.029999,291.600006,286.038574,29770300
2023-04-10,289.209991,289.600006,284.709991,289.390015,283.870758,23103000
2023-04-11,285.750000,285.980011,281.640015,282.829987,277.435852,27276600
2023-04-12,284.790009,287.010010,281.959991,283.489990,278.083252,27403400
2023-04-13,283.589996,289.899994,283.170013,289.839996,284.312164,24222700
2023-04-14,287.000000,288.480011,283.690002,286.140015,280.682770,20987900
2023-04-17,289.929993,291.600006,286.160004,288.799988,283.292023,23836200
2023-04-18,291.570007,291.760010,287.010010,288.369995,282.870209,20161800
2023-04-19,285.989990,289.049988,284.540009,288.450012,282.948761,17150300
2023-04-20,285.250000,289.029999,285.079987,286.109985,280.653290,23244400
2023-04-21,285.010010,286.269989,283.059998,285.760010,280.309998,21676400
2023-04-24,282.089996,284.950012,278.720001,281.769989,276.396118,26611000
2023-04-25,279.510010,281.600006,275.369995,275.420013,270.167236,45772200
2023-04-26,296.700012,299.570007,292.730011,295.369995,289.736694,64599200
2023-04-27,295.970001,305.200012,295.250000,304.829987,299.016327,46462600
2023-04-28,304.010010,308.929993,303.309998,307.260010,301.399994,36469600
2023-05-01,306.970001,308.600006,305.149994,305.559998,299.732361,21294100
2023-05-02,307.760010,309.179993,303.910004,305.410004,299.585236,26404400
2023-05-03,306.619995,308.609985,304.089996,304.399994,298.594543,22360800
2023-05-04,306.239990,307.760010,303.399994,305.410004,299.585236,22519900
2023-05-05,305.720001,311.970001,304.269989,310.649994,304.725220,28197100
2023-05-08,310.130005,310.200012,306.089996,308.649994,302.763428,21318600
2023-05-09,308.000000,310.040009,306.309998,307.000000,301.144958,21340800
2023-05-10,308.619995,313.000000,307.670013,312.309998,306.353638,30078000
2023-05-11,310.100006,311.119995,306.260010,310.109985,304.195557,31680200
2023-05-12,310.549988,310.649994,306.600006,308.970001,303.077301,19774700
2023-05-15,309.100006,309.899994,307.589996,309.459991,303.558014,16336500
2023-05-16,309.829987,313.709991,309.829987,311.739990,305.794464,26730300
2023-05-17,312.290009,314.429993,310.739990,314.000000,308.684723,24315000
2023-05-18,314.529999,319.040009,313.720001,318.519989,313.128235,27276000
2023-05-19,316.739990,318.750000,316.369995,318.339996,312.951263,27546700
2023-05-22,318.600006,322.589996,318.010010,321.179993,315.743195,24115700
2023-05-23,320.029999,322.720001,315.250000,315.260010,309.923462,30797200
2023-05-24,314.730011,316.500000,312.609985,313.850006,308.537292,23384900
2023-05-25,323.239990,326.899994,320.000000,325.920013,320.402985,43301700
2023-05-26,324.019989,333.399994,323.880005,332.890015,327.254974,36630600
2023-05-30,335.230011,335.739990,330.519989,331.209991,325.603424,29503100
2023-05-31,332.290009,335.940002,327.329987,328.390015,322.831146,45950600
2023-06-01,325.929993,333.529999,324.720001,332.579987,326.950256,26773900
2023-06-02,334.250000,337.500000,332.549988,335.399994,329.722504,25873800
2023-06-05,335.220001,338.559998,334.660004,335.940002,330.253357,21307100
2023-06-06,335.329987,335.369995,332.170013,333.679993,328.031616,20396200
2023-06-07,331.649994,334.489990,322.500000,323.380005,317.905975,40717100
2023-06-08,323.940002,326.640015,323.350006,325.260010,319.754120,23277700
2023-06-09,324.989990,329.989990,324.410004,326.790009,321.258179,22529000
2023-06-12,328.579987,332.100006,325.160004,331.850006,326.232544,24260300
2023-06-13,334.470001,336.980011,330.390015,334.290009,328.631287,22951300
2023-06-14,334.339996,339.040009,332.809998,337.339996,331.629669,26003800
2023-06-15,337.480011,349.839996,337.200012,348.100006,342.207520,38899100
2023-06-16,351.320007,351.470001,341.950012,342.329987,336.535156,46552000
2023-06-20,339.309998,342.079987,335.859985,338.049988,332.327637,26375400
2023-06-21,336.369995,337.730011,332.070007,333.559998,327.913635,25117800
2023-06-22,334.119995,340.119995,333.339996,339.709991,333.959503,23556800
2023-06-23,334.359985,337.959991,333.450012,335.019989,329.348907,23146900
2023-06-26,333.720001,336.109985,328.489990,328.600006,323.037567,21520600
2023-06-27,331.859985,336.149994,329.299988,334.570007,328.906586,24354100
2023-06-28,334.660004,337.980011,333.809998,335.850006,330.164856,20259500
2023-06-29,334.709991,336.109985,332.619995,335.049988,329.378387,16997000
2023-06-30,337.750000,342.730011,337.200012,340.540009,334.775482,26832800
2023-07-03,339.190002,340.899994,336.570007,337.989990,332.268616,12508700
2023-07-05,335.089996,341.649994,334.730011,338.149994,332.425903,18172400
2023-07-06,337.299988,342.989990,335.500000,341.269989,335.493103,28161200
2023-07-07,339.320007,341.790009,337.000000,337.220001,331.511658,21214800
2023-07-10,334.600006,335.230011,327.589996,331.829987,326.212952,32791400
2023-07-11,331.059998,332.859985,327.000000,332.470001,326.842041,26698200
2023-07-12,336.600006,341.649994,335.670013,337.200012,331.492035,29995300
2023-07-13,339.559998,343.739990,339.019989,342.660004,336.859558,20567200
2023-07-14,347.589996,351.429993,344.309998,345.239990,339.395905,28352700
2023-07-17,345.679993,346.989990,342.200012,345.730011,339.877625,20363900
2023-07-18,345.829987,366.779999,342.170013,359.489990,353.404755,64738600
2023-07-19,361.750000,362.459991,352.440002,355.079987,349.069336,39732900
2023-07-20,353.570007,357.970001,345.369995,346.869995,340.998352,33778400
2023-07-21,349.149994,350.299988,339.829987,343.769989,337.950806,69405400
2023-07-24,345.850006,346.920013,342.309998,345.109985,339.268097,26678100
2023-07-25,347.109985,351.890015,345.070007,350.980011,345.038818,41637700
2023-07-26,341.440002,344.670013,333.109985,337.769989,332.052368,58383700
2023-07-27,340.480011,341.329987,329.049988,330.720001,325.121704,39635300
2023-07-28,333.670013,340.010010,333.170013,338.369995,332.642212,28484900
2023-07-31,336.920013,337.700012,333.359985,335.920013,330.233704,25446000
2023-08-01,335.190002,338.540009,333.700012,336.339996,330.646545,18311900
2023-08-02,333.630005,333.630005,326.359985,327.500000,321.956207,27761300
2023-08-03,326.000000,329.880005,325.950012,326.660004,321.130402,18253700
2023-08-04,331.880005,335.140015,327.239990,327.779999,322.231476,23741500
2023-08-07,328.369995,331.109985,327.519989,330.109985,324.522034,17741500
2023-08-08,326.959991,328.750000,323.000000,326.049988,320.530792,22327600
2023-08-09,326.470001,327.109985,321.049988,322.230011,316.775452,22373300
2023-08-10,326.019989,328.260010,321.179993,322.929993,317.463623,20113700
2023-08-11,320.260010,322.410004,319.209991,321.010010,315.576050,24355500
2023-08-14,321.390015,324.059998,320.079987,324.040009,318.554810,18836100
2023-08-15,323.000000,325.089996,320.899994,321.859985,316.411652,16966300
2023-08-16,320.799988,324.420013,319.799988,320.399994,315.643250,20698900
2023-08-17,320.540009,321.869995,316.209991,316.880005,312.175537,21257200
2023-08-18,314.489990,318.380005,311.549988,316.480011,311.781494,24755000
2023-08-21,317.929993,322.769989,317.040009,321.880005,317.101318,24040000
2023-08-22,325.500000,326.079987,321.459991,322.459991,317.672668,16084600
2023-08-23,323.820007,329.200012,323.459991,327.000000,322.145325,21166400
2023-08-24,332.850006,332.980011,319.959991,319.970001,315.219666,23281400
2023-08-25,321.470001,325.359985,318.799988,322.980011,318.184998,21684100
2023-08-28,325.660004,326.149994,321.720001,323.700012,318.894287,14808500
2023-08-29,321.880005,328.980011,321.880005,328.410004,323.534363,19284600
2023-08-30,328.670013,329.809998,326.450012,328.790009,323.908752,15222100
2023-08-31,329.200012,330.910004,326.779999,327.760010,322.893982,26411000
2023-09-01,331.309998,331.989990,326.779999,328.660004,323.780609,14942000
2023-09-05,329.000000,334.850006,328.660004,333.549988,328.598053,18553900
2023-09-06,333.380005,334.459991,330.179993,332.880005,327.938049,17535800
2023-09-07,331.290009,333.079987,329.029999,329.910004,325.012115,18381000
2023-09-08,330.089996,336.160004,329.459991,334.269989,329.307343,19530100
2023-09-11,337.239990,338.420013,335.429993,337.940002,332.922852,16583300
2023-09-12,335.820007,336.790009,331.480011,331.769989,326.844421,17565500
2023-09-13,331.309998,336.850006,331.170013,336.059998,331.070801,16544400
2023-09-14,339.149994,340.859985,336.570007,338.700012,333.671600,20267000
2023-09-15,336.920013,337.399994,329.649994,330.220001,325.317535,37679800
2023-09-18,327.799988,330.399994,326.359985,329.059998,324.174683,16834200
2023-09-19,326.170013,329.390015,324.510010,328.649994,323.770813,16505900
2023-09-20,329.510010,329.589996,320.510010,320.769989,316.007782,21436500
2023-09-21,319.260010,325.350006,315.000000,319.529999,314.786163,35560400
2023-09-22,321.320007,321.450012,316.149994,317.010010,312.303619,21447900
2023-09-25,316.589996,317.670013,315.000000,317.540009,312.825775,17836000
2023-09-26,315.130005,315.880005,310.019989,312.140015,307.505890,26297600
2023-09-27,312.299988,314.299988,309.690002,312.790009,308.146240,19410100
2023-09-28,310.989990,315.480011,309.450012,313.640015,308.983643,19683600
2023-09-29,317.750000,319.470001,314.980011,315.750000,311.062317,24147300
2023-10-02,316.279999,321.890015,315.179993,321.799988,317.022522,20570000
2023-10-03,320.829987,321.390015,311.209991,313.390015,308.737366,21033500
2023-10-04,314.029999,320.040009,314.000000,318.959991,314.224670,20720100
2023-10-05,319.089996,319.980011,314.899994,319.359985,314.618713,16965600
2023-10-06,316.549988,329.190002,316.299988,327.260010,322.401459,25673600
2023-10-09,324.750000,330.299988,323.179993,329.820007,324.923431,19891200
2023-10-10,330.959991,331.100006,327.670013,328.390015,323.514679,20557100
2023-10-11,331.209991,332.820007,329.140015,332.420013,327.484833,20063200
2023-10-12,330.570007,333.630005,328.720001,331.160004,326.243561,19313100
2023-10-13,332.380005,333.829987,326.359985,327.730011,322.864471,21072400
2023-10-16,331.049988,336.140015,330.600006,332.640015,327.701538,22158000
2023-10-17,329.589996,333.459991,327.410004,332.059998,327.130157,18338500
2023-10-18,332.489990,335.589996,328.299988,330.109985,325.209137,23153600
2023-10-19,332.149994,336.880005,330.910004,331.320007,326.401154,25052100
2023-10-20,331.720001,331.920013,325.450012,326.670013,321.820160,25027700
2023-10-23,325.470001,332.730011,324.390015,329.320007,324.430817,24374700
2023-10-24,331.299988,331.839996,327.600006,330.529999,325.622894,31153600
2023-10-25,345.019989,346.200012,337.619995,340.670013,335.612366,55053800
2023-10-26,340.540009,341.630005,326.940002,327.890015,323.022095,37828500
2023-10-27,330.429993,336.720001,328.399994,329.809998,324.913605,29856500
2023-10-30,333.410004,339.450012,331.829987,337.309998,332.302216,22828100
2023-10-31,338.850006,339.000000,334.690002,338.109985,333.090332,20265300
2023-11-01,339.790009,347.420013,339.649994,346.070007,340.932190,28158800
2023-11-02,347.239990,348.829987,344.769989,348.320007,343.148743,24348100
2023-11-03,349.630005,354.390015,347.329987,352.799988,347.562225,23637700
2023-11-06,353.450012,357.540009,353.350006,356.529999,351.236877,23828300
2023-11-07,359.399994,362.459991,357.630005,360.529999,355.177521,25833900
2023-11-08,361.679993,363.869995,360.549988,363.200012,357.807892,26767800
2023-11-09,362.299988,364.790009,360.359985,360.690002,355.335083,24847300
2023-11-10,361.489990,370.100006,361.070007,369.670013,364.181824,28042100
2023-11-13,368.220001,368.470001,365.899994,366.679993,361.236176,19986500
2023-11-14,371.010010,371.950012,367.350006,370.269989,364.772888,27683900
2023-11-15,371.279999,373.130005,367.109985,369.670013,364.920990,26860100
2023-11-16,370.959991,376.350006,370.179993,376.170013,371.337524,27182300
2023-11-17,373.609985,374.369995,367.000000,369.850006,365.098633,40157000
2023-11-20,371.220001,378.869995,371.000000,377.440002,372.591156,52465100
2023-11-21,375.670013,376.220001,371.119995,373.070007,368.277283,28423100
2023-11-22,378.000000,379.790009,374.970001,377.850006,372.995911,23345300
2023-11-24,377.329987,377.970001,375.140015,377.429993,372.581268,10176600
2023-11-27,376.779999,380.640015,376.200012,378.609985,373.746094,22179200
2023-11-28,378.350006,383.000000,378.160004,382.700012,377.783569,20453100
2023-11-29,383.760010,384.299988,377.440002,378.850006,373.983032,28963400
2023-11-30,378.489990,380.089996,375.470001,378.910004,374.042267,30554400
2023-12-01,376.760010,378.160004,371.309998,374.510010,369.698822,33040500
2023-12-04,369.100006,369.519989,362.899994,369.140015,364.397766,32063300
2023-12-05,366.450012,373.079987,365.619995,372.519989,367.734344,23065000
2023-12-06,373.540009,374.179993,368.029999,368.799988,364.062134,21182100
2023-12-07,368.230011,371.450012,366.320007,370.950012,366.184570,23118900
2023-12-08,369.200012,374.459991,368.230011,374.230011,369.422394,20154400
2023-12-11,368.480011,371.600006,366.100006,371.299988,366.530029,27708800
2023-12-12,370.850006,374.420013,370.459991,374.380005,369.570435,24838300
2023-12-13,376.019989,377.640015,370.769989,374.369995,369.560577,30955500
2023-12-14,373.309998,373.760010,364.130005,365.929993,361.229004,43277500
2023-12-15,366.850006,372.399994,366.279999,370.730011,365.967377,78502300
2023-12-18,369.450012,373.000000,368.679993,372.649994,367.862701,21802900
2023-12-19,371.489990,373.260010,369.839996,373.260010,368.464844,20603700
2023-12-20,375.000000,376.029999,370.529999,370.619995,365.858734,26316700
2023-12-21,372.559998,374.410004,370.040009,373.540009,368.741241,17708000
2023-12-22,373.679993,375.179993,372.709991,374.579987,369.767883,17107500
2023-12-26,375.000000,376.940002,373.500000,374.660004,369.846863,12673100
2023-12-27,373.690002,375.059998,372.809998,374.070007,369.264435,14905400
2023-12-28,375.369995,376.459991,374.160004,375.279999,370.458923,14327000
2023-12-29,376.000000,377.160004,373.480011,376.040009,371.209106,18730800
2024-01-02,373.859985,375.899994,366.769989,370.869995,366.105530,25258600
2024-01-03,369.010010,373.260010,368.510010,370.600006,365.839020,23083500
2024-01-04,370.670013,373.100006,367.170013,367.940002,363.213196,20901500
2024-01-05,368.970001,372.059998,366.500000,367.750000,363.025665,21004600
2024-01-08,369.299988,375.200012,369.010010,374.690002,369.876495,23134000
2024-01-09,372.010010,375.989990,371.190002,375.790009,370.962341,20830000
2024-01-10,376.369995,384.170013,376.320007,382.769989,377.852692,25514200
2024-01-11,386.000000,390.679993,380.380005,384.630005,379.688782,27850800
2024-01-12,385.489990,388.679993,384.649994,388.470001,383.479492,21661200
2024-01-16,393.660004,394.029999,387.619995,390.269989,385.256348,27202300
2024-01-17,387.980011,390.109985,384.809998,389.470001,384.466614,22234100
2024-01-18,391.720001,393.989990,390.119995,393.869995,388.810059,23392100
2024-01-19,395.760010,398.670013,393.500000,398.670013,393.548401,29331100
2024-01-22,400.019989,400.619995,393.589996,396.510010,391.416199,27016900
2024-01-23,395.750000,399.380005,393.929993,398.899994,393.775452,20525900
2024-01-24,401.540009,405.630005,400.450012,402.559998,397.388458,24867000
2024-01-25,404.320007,407.010010,402.529999,404.869995,399.668793,21021200
2024-01-26,404.369995,406.170013,402.429993,403.929993,398.740814,17803300
2024-01-29,406.059998,409.980011,404.329987,409.720001,404.456451,24510200
2024-01-30,412.260010,413.049988,406.450012,408.589996,403.340973,33477600
2024-01-31,406.959991,415.320007,397.209991,397.579987,392.472443,47871100
2024-02-01,401.829987,408.000000,401.799988,403.779999,398.592773,30657700
2024-02-02,403.809998,412.649994,403.559998,411.220001,405.937225,28256700
2024-02-05,409.899994,411.160004,403.989990,405.649994,400.438751,25352300
2024-02-06,405.880005,407.970001,402.910004,405.489990,400.280792,18382600
2024-02-07,407.440002,414.299988,407.399994,414.049988,408.730835,22340500
2024-02-08,414.049988,415.559998,412.529999,414.109985,408.790070,21225300
2024-02-09,415.250000,420.820007,415.089996,420.549988,415.147339,22032800
2024-02-12,420.559998,420.739990,414.750000,415.260010,409.925293,21202900
2024-02-13,404.940002,410.070007,403.390015,406.320007,401.100128,27824900
2024-02-14,408.070007,409.839996,404.570007,409.489990,404.976929,20401200
2024-02-15,408.140015,409.130005,404.290009,406.559998,402.079193,21825500
2024-02-16,407.959991,408.290009,403.440002,404.059998,399.606750,22296500
2024-02-20,403.239990,404.489990,398.010010,402.790009,398.350800,24307900
2024-02-21,400.170013,402.290009,397.220001,402.179993,397.747467,18518900
2024-02-22,410.190002,412.829987,408.570007,411.649994,407.113159,27009900
2024-02-23,415.670013,415.859985,408.970001,410.339996,405.817535,16295900
2024-02-26,411.459991,412.160004,407.359985,407.540009,403.048401,16193500
2024-02-27,407.989990,408.320007,403.850006,407.480011,402.989105,14835800
2024-02-28,408.179993,409.299988,405.320007,407.720001,403.226471,13183100
2024-02-29,408.640015,414.200012,405.920013,413.640015,409.081207,31947300
2024-03-01,411.269989,415.869995,410.880005,415.500000,410.920685,17823400
2024-03-04,413.440002,417.350006,412.320007,414.920013,410.347076,17596000
2024-03-05,413.959991,414.250000,400.640015,402.649994,398.212311,26919200
2024-03-06,402.970001,405.160004,398.390015,402.089996,397.658478,22344100
2024-03-07,406.119995,409.779999,402.239990,409.140015,404.630768,18718500
2024-03-08,407.959991,410.420013,404.329987,406.220001,401.742981,18002200
2024-03-11,403.760010,405.679993,401.260010,404.519989,400.061707,16120800
2024-03-12,407.619995,415.570007,406.790009,415.279999,410.703156,22457000
2024-03-13,418.100006,418.179993,411.450012,415.100006,410.525146,17115900
2024-03-14,420.239990,427.820007,417.989990,425.220001,420.533600,34157300
2024-03-15,419.290009,422.600006,412.790009,416.420013,411.830536,45079900
2024-03-18,414.250000,420.730011,413.779999,417.320007,412.720642,20106000
2024-03-19,417.829987,421.670013,415.549988,421.410004,416.765564,19837900
2024-03-20,422.000000,425.959991,420.660004,425.230011,420.543457,17860100
2024-03-21,429.829987,430.820007,427.160004,429.369995,424.637848,21296200
2024-03-22,429.700012,429.859985,426.070007,428.739990,424.014771,17648500
2024-03-25,425.239990,427.410004,421.609985,422.859985,418.199585,18060500
2024-03-26,425.609985,425.989990,421.350006,421.649994,417.002869,16725600
2024-03-27,424.440002,424.450012,419.010010,421.429993,416.785309,16705000
2024-03-28,420.959991,421.869995,419.119995,420.720001,416.083160,21871200
2024-04-01,423.950012,427.890015,422.220001,424.570007,419.890747,16316000
2024-04-02,420.109985,422.380005,417.839996,421.440002,416.795288,17912000
2024-04-03,419.730011,423.260010,419.089996,420.450012,415.816162,16502300
2024-04-04,424.989990,428.670013,417.570007,417.880005,413.274475,19370900
2024-04-05,420.010010,426.510010,418.320007,425.519989,420.830231,16554800
2024-04-08,425.170013,427.279999,423.299988,424.589996,419.910522,14272400
2024-04-09,426.440002,427.739990,421.619995,426.279999,421.581909,12496900
2024-04-10,422.190002,424.029999,419.700012,423.260010,418.595154,16216600
2024-04-11,425.820007,429.369995,422.359985,427.929993,423.213715,17966400
2024-04-12,424.049988,425.179993,419.769989,421.899994,417.250153,19253800
2024-04-15,426.600006,426.820007,413.429993,413.640015,409.081207,20273500
2024-04-16,414.570007,418.399994,413.730011,414.579987,410.010803,16765600
2024-04-17,417.250000,418.880005,410.329987,411.839996,407.301025,15855500
2024-04-18,410.630005,411.890015,403.950012,404.269989,399.814453,21029900
2024-04-19,404.029999,405.480011,397.769989,399.119995,394.721222,30565800
2024-04-22,400.079987,402.850006,395.750000,400.959991,396.540985,20286900
2024-04-23,404.239990,408.200012,403.059998,407.570007,403.078094,15734500
2024-04-24,409.559998,412.470001,406.779999,409.059998,404.551666,15065300
2024-04-25,394.029999,399.890015,388.029999,399.040009,394.642120,40586500
2024-04-26,412.170013,413.000000,405.760010,406.320007,401.841858,29694700
2024-04-29,405.250000,406.320007,399.190002,402.250000,397.816742,19582100
2024-04-30,401.489990,402.160004,389.170013,389.329987,385.039093,28781400
2024-05-01,392.609985,401.720001,390.309998,394.940002,390.587311,23562500
2024-05-02,397.660004,399.929993,394.649994,397.839996,393.455322,17709400
2024-05-03,402.279999,407.149994,401.859985,406.660004,402.178101,17446700
2024-05-06,408.760010,413.929993,406.369995,413.540009,408.982269,16996600
2024-05-07,414.660004,414.670013,409.089996,409.339996,404.828583,20018200
2024-05-08,408.170013,412.230011,406.709991,410.540009,406.015381,11792300
2024-05-09,410.570007,412.720001,409.100006,412.320007,407.775726,14689700
2024-05-10,412.940002,415.380005,411.799988,414.739990,410.169067,13402300
2024-05-13,418.010010,418.350006,410.820007,413.720001,409.160309,15440200
2024-05-14,412.019989,417.489990,411.549988,416.559998,411.969025,15109300
2024-05-15,417.899994,423.809998,417.269989,423.079987,419.171844,22239500
2024-05-16,421.799988,425.420013,420.350006,420.989990,417.101166,17530100
2024-05-17,422.540009,422.920013,418.029999,420.209991,416.328369,15352200
2024-05-20,420.209991,426.769989,419.989990,425.339996,421.411011,16272100
2024-05-21,426.829987,432.970001,424.850006,429.040009,425.076782,21453300
2024-05-22,430.089996,432.410004,427.130005,430.519989,426.543152,18073700
2024-05-23,432.970001,433.600006,425.420013,427.000000,423.055634,17211700
2024-05-24,427.190002,431.059998,424.410004,430.160004,426.186432,11855300
2024-05-28,429.630005,430.820007,426.600006,430.320007,426.345032,15718000
2024-05-29,425.690002,430.940002,425.690002,429.170013,425.205627,15517100
2024-05-30,424.299988,424.299988,414.239990,414.670013,410.839569,28394500
2024-05-31,416.750000,416.750000,404.510010,415.130005,411.295319,47995300
2024-06-03,415.529999,416.429993,408.920013,413.519989,409.700165,17484700
2024-06-04,412.429993,416.440002,409.679993,416.070007,412.226624,14348900
2024-06-05,417.809998,424.079987,416.299988,424.010010,420.093262,16988000
2024-06-06,424.010010,425.309998,420.579987,424.519989,420.598541,14861300
2024-06-07,426.200012,426.279999,423.000000,423.850006,419.934784,13621700
2024-06-10,424.700012,428.079987,423.890015,427.869995,423.917633,13982900
2024-06-11,425.480011,432.820007,425.250000,432.679993,428.683197,14551100
2024-06-12,435.320007,443.399994,433.250000,441.059998,436.985748,22366200
2024-06-13,440.850006,443.390015,439.369995,441.579987,437.501007,15960600
2024-06-14,438.279999,443.140015,436.720001,442.570007,438.481842,13582000
2024-06-17,442.589996,450.940002,440.720001,448.369995,444.228271,20790000
2024-06-18,449.709991,450.140015,444.890015,446.339996,442.217010,17112500
2024-06-20,446.299988,446.529999,441.269989,445.700012,441.582916,19877400
2024-06-21,447.380005,450.579987,446.510010,449.779999,445.625244,34187100
2024-06-24,449.799988,452.750000,446.410004,447.670013,443.534729,15913700
2024-06-25,448.250000,451.420013,446.750000,450.950012,446.784424,16413400
2024-06-26,449.000000,453.600006,448.190002,452.160004,447.983246,16507000
2024-06-27,452.179993,456.170013,451.769989,452.850006,448.666870,14806300
2024-06-28,453.070007,455.380005,446.410004,446.950012,442.821350,28362300
2024-07-01,448.660004,457.369995,445.660004,456.730011,452.511017,17662800
2024-07-02,453.200012,459.589996,453.109985,459.279999,455.037476,13979800
2024-07-03,458.190002,461.019989,457.880005,460.769989,456.513672,9932800
2024-07-05,459.609985,468.350006,458.970001,467.559998,463.240936,16000300
2024-07-08,466.549988,467.700012,464.459991,466.239990,461.933167,12962300
2024-07-09,467.000000,467.329987,458.000000,459.540009,455.295044,17207200
2024-07-10,461.220001,466.459991,458.859985,466.250000,461.943085,18196100
2024-07-11,462.980011,464.779999,451.549988,454.700012,450.499786,23111200
2024-07-12,454.329987,456.359985,450.649994,453.549988,449.360382,16324300
2024-07-15,453.299988,457.260010,451.429993,453.959991,449.766632,14429400
2024-07-16,454.220001,454.299988,446.660004,449.519989,445.367645,17175700
2024-07-17,442.589996,444.850006,439.179993,443.519989,439.423035,21778000
2024-07-18,444.339996,444.649994,434.399994,440.369995,436.302124,20794800
2024-07-19,433.100006,441.140015,432.000000,437.109985,433.072266,20940400
2024-07-22,441.790009,444.600006,438.910004,442.940002,438.848419,15808800
2024-07-23,443.899994,448.390015,443.100006,444.850006,440.740784,13107100
2024-07-24,440.450012,441.480011,427.589996,428.899994,424.938141,26805800
2024-07-25,428.799988,429.799988,417.510010,418.399994,414.535034,29943800
2024-07-26,418.200012,428.920013,417.269989,425.269989,421.341614,23583800
2024-07-29,431.579987,432.149994,424.700012,426.730011,422.788147,15125800
2024-07-30,427.720001,429.049988,417.359985,422.920013,419.013336,32687600
2024-07-31,420.500000,421.779999,412.209991,418.350006,414.485565,42891400
2024-08-01,420.790009,427.459991,413.089996,417.109985,413.256958,30296400
2024-08-02,412.489990,415.000000,404.339996,408.489990,404.716644,29437900
2024-08-05,389.170013,401.040009,385.579987,395.149994,391.499878,40709200
2024-08-06,400.000000,405.670013,398.500000,399.609985,395.918671,24946500
2024-08-07,408.640015,410.079987,397.470001,398.429993,394.749573,20650900
2024-08-08,402.440002,405.859985,399.940002,402.690002,398.970215,20203000
2024-08-09,404.029999,408.049988,402.260010,406.019989,402.269440,19276700
2024-08-12,407.059998,408.760010,404.239990,406.809998,403.052124,16762900
2024-08-13,409.589996,414.950012,409.570007,414.010010,410.185669,19414300
2024-08-14,414.799988,417.720001,412.450012,416.859985,413.009338,18267000
2024-08-15,419.799988,421.109985,417.660004,421.029999,417.892639,20752100
2024-08-16,420.600006,421.339996,417.299988,418.470001,415.351746,22775600
2024-08-19,418.959991,421.750000,416.459991,421.529999,418.388916,15234000
2024-08-20,421.700012,425.859985,421.640015,424.799988,421.634552,16387600
2024-08-21,424.079987,426.399994,421.720001,424.140015,420.979492,16067300
2024-08-22,424.359985,426.790009,414.609985,415.549988,412.453491,19361900
2024-08-23,416.980011,419.260010,412.089996,416.790009,413.684235,18493800
2024-08-26,416.369995,417.279999,411.339996,413.489990,410.408844,13152800
2024-08-27,412.859985,414.359985,410.250000,413.839996,410.756226,13492900
2024-08-28,414.880005,415.000000,407.309998,410.600006,407.540405,14882700
2024-08-29,414.940002,422.049988,410.600006,413.119995,410.041595,17045200
2024-08-30,415.600006,417.489990,412.130005,417.140015,414.031647,24308300
2024-09-03,417.910004,419.880005,407.029999,409.440002,406.389038,20313600
2024-09-04,405.910004,411.239990,404.369995,408.899994,405.853058,15135800
2024-09-05,407.619995,413.100006,406.130005,408.390015,405.346832,14195500
2024-09-06,409.059998,410.649994,400.799988,401.700012,398.706696,19609500
2024-09-09,407.239990,408.649994,402.149994,405.720001,402.696747,15295100
2024-09-10,408.200012,416.329987,407.700012,414.200012,411.113586,19594300
2024-09-11,415.500000,423.989990,409.579987,423.040009,419.887695,19266900
2024-09-12,423.309998,427.369995,419.750000,427.000000,423.818176,17395700
2024-09-13,425.829987,431.829987,425.459991,430.589996,427.381409,15874600
2024-09-16,430.600006,433.529999,428.220001,431.339996,428.125854,13834700
2024-09-17,440.230011,441.850006,432.269989,435.149994,431.907440,18874200
2024-09-18,435.000000,436.029999,430.410004,430.809998,427.599762,18898000
2024-09-19,441.230011,441.500000,436.899994,438.690002,435.421051,21706600
2024-09-20,437.220001,439.239990,434.220001,435.269989,432.026520,55167100
2024-09-23,434.279999,436.459991,430.390015,433.510010,430.279663,15128900
2024-09-24,433.000000,433.350006,426.100006,429.170013,425.972015,17015800
2024-09-25,429.829987,433.119995,428.570007,432.109985,428.890045,13396400
2024-09-26,435.089996,435.299988,429.130005,431.309998,428.096039,14492000
2024-09-27,431.519989,431.850006,427.470001,428.019989,424.830566,14896100
2024-09-30,428.209991,430.420013,425.369995,430.299988,427.093567,16807300
2024-10-01,428.450012,428.480011,418.809998,420.690002,417.555206,19092900
2024-10-02,422.579987,422.820007,416.709991,417.130005,414.021729,16582300
2024-10-03,417.630005,419.549988,414.290009,416.540009,413.436127,13686400
2024-10-04,418.239990,419.750000,414.970001,416.059998,412.959686,19169700
2024-10-07,416.000000,417.109985,409.000000,409.540009,406.488281,20919800
2024-10-08,410.899994,415.660004,408.170013,414.709991,411.619751,19229300
2024-10-09,415.859985,420.380005,414.299988,417.459991,414.349274,14974300
2024-10-10,415.230011,417.350006,413.149994,415.839996,412.741302,13848400
2024-10-11,416.140015,417.130005,413.250000,416.320007,413.217743,14144900
2024-10-14,417.769989,424.040009,417.519989,419.140015,416.016754,16653100
2024-10-15,422.179993,422.480011,415.260010,418.739990,415.619720,18900200
2024-10-16,415.170013,416.359985,410.480011,416.119995,413.019226,15508900
2024-10-17,422.359985,422.500000,415.589996,416.720001,413.614777,14820000
2024-10-18,417.140015,419.649994,416.260010,418.160004,415.044067,17145300
2024-10-21,416.119995,418.959991,413.750000,418.779999,415.659424,14206100
2024-10-22,418.489990,430.579987,418.040009,427.510010,424.324371,25482200
2024-10-23,430.859985,431.079987,422.529999,424.600006,421.436066,19654400
2024-10-24,425.329987,425.980011,422.399994,424.730011,421.565125,13581600
2024-10-25,426.760010,432.519989,426.570007,428.149994,424.959625,16899100
2024-10-28,431.660004,431.940002,426.299988,426.589996,423.411224,14882400
2024-10-29,428.000000,433.170013,425.799988,431.950012,428.731323,17644100
2024-10-30,437.440002,438.500000,432.100006,432.529999,429.306976,29749100
2024-10-31,415.359985,416.160004,406.299988,406.350006,403.322021,53971000
2024-11-01,409.010010,415.500000,407.500000,410.369995,407.312103,24230400
2024-11-04,409.799988,410.420013,405.570007,408.459991,405.416321,19672300
2024-11-05,408.369995,414.899994,408.079987,411.459991,408.393982,17626000
2024-11-06,412.420013,420.450012,410.519989,420.179993,417.048981,26681800
2024-11-07,421.279999,426.850006,419.880005,425.429993,422.259857,19901800
2024-11-08,425.320007,426.500000,421.779999,422.540009,419.391418,16891400
2024-11-11,422.519989,424.809998,416.000000,418.010010,414.895203,24503300
2024-11-12,418.250000,424.440002,417.200012,423.029999,419.877747,19401200
2024-11-13,421.640015,429.329987,418.209991,425.200012,422.031616,21502200
2024-11-14,425.000000,428.170013,420.000000,426.890015,423.709015,30246900
2024-11-15,419.820007,422.799988,413.640015,415.000000,411.907593,28247600
2024-11-18,414.869995,418.399994,412.100006,415.760010,412.661957,24727000
2024-11-19,413.109985,417.940002,411.549988,417.790009,414.676819,18133500
2024-11-20,416.869995,417.290009,410.579987,415.489990,412.393921,19191700
2024-11-21,419.500000,419.779999,410.290009,412.869995,410.613708,20780200
2024-11-22,411.369995,417.399994,411.059998,417.000000,414.721130,24814600
2024-11-25,418.380005,421.079987,414.850006,418.790009,416.501373,27691100
2024-11-26,419.589996,429.040009,418.850006,427.989990,425.651093,23458900
2024-11-27,425.109985,427.230011,422.019989,422.989990,420.678436,18332400
2024-11-29,420.089996,424.880005,417.799988,423.459991,421.145844,16271900
2024-12-02,421.570007,433.000000,421.309998,430.980011,428.624786,20207200
2024-12-03,429.839996,432.470001,427.739990,431.200012,428.843567,18302000
2024-12-04,433.029999,439.670013,432.630005,437.420013,435.029572,26009400
2024-12-05,437.920013,444.660004,436.170013,442.619995,440.201141,21697800
2024-12-06,442.299988,446.100006,441.769989,443.570007,441.145966,18821000
2024-12-09,442.600006,448.329987,440.500000,446.019989,443.582550,19144400
2024-12-10,444.390015,449.619995,441.600006,443.329987,440.907257,18469500
2024-12-11,444.049988,450.350006,444.049988,448.989990,446.536346,19200200
2024-12-12,449.109985,456.160004,449.109985,449.559998,447.103210,20834800
2024-12-13,448.440002,451.429993,445.579987,447.269989,444.825714,20177800
2024-12-16,447.269989,452.179993,445.279999,451.589996,449.122101,23598800
2024-12-17,451.010010,455.290009,449.570007,454.459991,451.976410,22733500
2024-12-18,451.320007,452.649994,437.019989,437.390015,434.999756,24444500
2024-12-19,441.619995,443.179993,436.320007,437.029999,434.641693,22963700
2024-12-20,433.109985,443.739990,428.630005,436.600006,434.214081,64263700
2024-12-23,436.739990,437.649994,432.829987,435.250000,432.871429,19152500
2024-12-24,434.649994,439.600006,434.190002,439.329987,436.929108,7164500
2024-12-26,439.079987,440.940002,436.630005,438.109985,435.715790,8194200
2024-12-27,434.600006,435.220001,426.350006,430.529999,428.177216,18117700
2024-12-30,426.059998,427.549988,421.899994,424.829987,422.508362,13158700
2024-12-31,426.100006,426.730011,420.660004,421.500000,419.196564,13246500
2025-01-02,425.529999,426.070007,414.850006,418.579987,416.292511,16896500
2025-01-03,421.079987,424.029999,419.540009,423.350006,421.036438,16662900
2025-01-06,428.000000,434.320007,425.480011,427.850006,425.511871,20573600
2025-01-07,429.000000,430.649994,420.799988,422.369995,420.061798,18139100
2025-01-08,423.459991,426.970001,421.540009,424.559998,422.239807,15054600
2025-01-10,424.630005,424.709991,415.019989,418.950012,416.660492,20201100
2025-01-13,415.239990,418.500000,412.290009,417.190002,414.910126,17604800
2025-01-14,417.809998,419.739990,410.720001,415.670013,413.398438,16935900
2025-01-15,419.130005,428.149994,418.269989,426.309998,423.980255,19637800
2025-01-16,428.700012,429.489990,424.390015,424.579987,422.259705,15300000
2025-01-17,434.089996,434.480011,428.170013,429.029999,426.685394,26197500
2025-01-21,430.200012,430.899994,425.600006,428.500000,426.158325,26085700
2025-01-22,437.559998,447.269989,436.000000,446.200012,443.761597,27803800
2025-01-23,442.000000,446.750000,441.500000,446.709991,444.268768,18389300
2025-01-24,445.160004,446.649994,441.399994,444.059998,441.633301,15549500
2025-01-27,424.010010,435.200012,423.500000,434.559998,432.185181,35647800
2025-01-28,434.600006,448.380005,431.380005,447.200012,444.756134,23491700
2025-01-29,446.690002,446.880005,440.399994,442.329987,439.912689,23581400
2025-01-30,418.769989,422.859985,413.160004,414.989990,412.722137,54586300
2025-01-31,418.980011,420.690002,414.910004,415.059998,412.791748,34161900
2025-02-03,411.600006,415.410004,408.660004,410.920013,408.674438,25679100
2025-02-04,412.690002,413.920013,409.739990,412.369995,410.116455,20532100
2025-02-05,412.350006,413.829987,410.399994,413.290009,411.031433,16316700
2025-02-06,414.000000,418.200012,414.000000,415.820007,413.547577,16309800
2025-02-07,416.480011,418.649994,408.100006,409.750000,407.510773,22886800
2025-02-10,413.709991,415.459991,410.920013,412.220001,409.967285,20817900
2025-02-11,409.640015,412.489990,409.299988,411.440002,409.191559,18140600
2025-02-12,407.209991,410.750000,404.369995,409.040009,406.804626,19121700
2025-02-13,407.000000,411.000000,406.359985,410.540009,408.296448,23891700
2025-02-14,407.790009,408.910004,405.880005,408.429993,406.197968,22758500
2025-02-18,408.000000,410.600006,406.500000,409.640015,407.401367,21423100
2025-02-19,407.880005,415.489990,407.649994,414.769989,412.503326,24114200
2025-02-20,415.290009,419.309998,412.540009,416.130005,414.685760,23508700
2025-02-21,417.339996,418.049988,407.890015,408.209991,406.793213,27524800
2025-02-24,408.510010,409.369995,399.320007,404.000000,402.597839,26443700
2025-02-25,401.100006,401.920013,396.700012,397.899994,396.518982,29387400
2025-02-26,398.010010,403.600006,394.250000,399.730011,398.342651,19619000
2025-02-27,401.269989,405.739990,392.170013,392.529999,391.167664,21127400
2025-02-28,392.660004,397.630005,386.570007,396.989990,395.612152,32845700
2025-03-03,398.820007,398.820007,386.160004,388.489990,387.141663,23007700
2025-03-04,383.399994,392.579987,381.000000,388.609985,387.261230,29342900
2025-03-05,389.339996,401.670013,388.809998,401.019989,399.628174,23433100
2025-03-06,394.279999,402.149994,392.679993,396.890015,395.512543,23304600
2025-03-07,392.320007,394.799988,385.540009,393.309998,391.944946,22034100
2025-03-10,385.839996,386.399994,377.220001,380.160004,378.840607,32840100
2025-03-11,379.000000,386.000000,376.910004,380.450012,379.129578,30380200
2025-03-12,382.950012,385.220001,378.950012,383.269989,381.939789,24253600
2025-03-13,383.160004,385.320007,377.450012,378.769989,377.455383,20473000
2025-03-14,379.779999,390.230011,379.510010,388.559998,387.211426,19952800
2025-03-17,386.700012,392.709991,385.570007,388.700012,387.350952,22474300
2025-03-18,387.070007,387.369995,381.100006,383.519989,382.188904,19486900
2025-03-19,385.529999,389.679993,384.000000,387.820007,386.474030,19185500
2025-03-20,385.739990,391.790009,383.279999,386.839996,385.497375,18470500
2025-03-21,383.220001,391.739990,382.799988,391.260010,389.902069,39675900
2025-03-24,395.399994,395.399994,389.809998,393.079987,391.715729,21004500
2025-03-25,393.920013,396.359985,392.640015,395.160004,393.788544,15775000
2025-03-26,395.000000,395.309998,388.570007,389.970001,388.616547,16108400
2025-03-27,390.130005,392.239990,387.399994,390.579987,389.224396,13766800
2025-03-28,388.079987,389.130005,376.929993,378.799988,377.485291,21632000
2025-03-31,372.540009,377.070007,367.239990,375.390015,374.087158,35184700
2025-04-01,374.649994,382.850006,373.230011,382.190002,380.863556,19689500
2025-04-02,377.970001,385.079987,376.619995,382.140015,380.813721,16092600
2025-04-03,374.790009,377.480011,369.350006,373.109985,371.815033,30198000
2025-04-04,364.130005,374.589996,359.480011,359.839996,358.591125,49209900
2025-04-07,350.880005,371.000000,344.790009,357.859985,356.617981,50425000
2025-04-08,368.260010,373.649994,350.250000,354.559998,353.329437,35868900
2025-04-09,353.540009,393.230011,353.100006,390.489990,389.134705,50199700
2025-04-10,382.059998,383.899994,367.799988,381.350006,380.026459,38024400
2025-04-11,380.640015,390.049988,378.890015,388.450012,387.101837,23839200
2025-04-14,393.220001,394.649994,384.209991,387.809998,386.464020,19251200
2025-04-15,388.510010,391.890015,384.160004,385.730011,384.391266,17199900
2025-04-16,380.670013,381.609985,368.000000,371.609985,370.320251,21967800
2025-04-17,373.750000,374.320007,366.890015,367.779999,366.503540,21120200
2025-04-21,362.820007,364.480011,355.670013,359.119995,357.873596,20807300
2025-04-22,363.380005,367.769989,359.859985,366.820007,365.546906,19485000
2025-04-23,376.059998,380.390015,373.019989,374.390015,373.090607,20545500
2025-04-24,375.700012,388.450012,375.190002,387.299988,385.955780,22232300
2025-04-25,387.000000,392.160004,384.600006,391.850006,390.490021,18973200
2025-04-28,391.959991,392.739990,386.640015,391.160004,389.802399,16579400
2025-04-29,391.299988,395.100006,390.380005,394.040009,392.672424,14974000
2025-04-30,390.299988,396.660004,384.440002,395.260010,393.888184,36461100
2025-05-01,431.109985,436.989990,424.899994,425.399994,423.923553,58938100
2025-05-02,431.739990,439.440002,429.989990,435.279999,433.769287,30757400
2025-05-05,432.869995,439.500000,432.109985,436.170013,434.656189,20136100
2025-05-06,432.200012,437.730011,431.170013,433.309998,431.806122,15104200
2025-05-07,433.839996,438.119995,431.109985,433.350006,431.845978,23295300
2025-05-08,437.929993,443.670013,435.660004,438.170013,436.649261,23491300
2025-05-09,440.000000,440.739990,435.880005,438.730011,437.207336,15324200
2025-05-12,445.940002,449.369995,439.779999,449.260010,447.700745,22821900
2025-05-13,447.779999,450.670013,445.359985,449.140015,447.581207,23618800
2025-05-14,448.140015,453.899994,448.140015,452.940002,451.367981,19902800
2025-05-15,450.769989,456.190002,450.429993,453.130005,452.386322,21992300
2025-05-16,452.049988,454.359985,448.730011,454.269989,453.524445,23849800
2025-05-19,450.880005,459.589996,450.799988,458.869995,458.116882,21336500
2025-05-20,455.589996,458.339996,454.320007,458.170013,457.418060,15441800
2025-05-21,454.570007,457.779999,451.809998,452.570007,451.827240,19216900
2025-05-22,454.950012,460.250000,453.899994,454.859985,454.113464,18025600
2025-05-23,449.980011,453.690002,448.910004,450.179993,449.441162,16883500
2025-05-27,456.480011,460.950012,456.119995,460.690002,459.933899,20974300
2025-05-28,461.220001,462.519989,456.929993,457.359985,456.609375,17086300
2025-05-29,461.549988,461.720001,455.309998,458.679993,457.927216,13974800
2025-05-30,459.720001,461.679993,455.540009,460.359985,459.604431,34770500
2025-06-02,457.140015,462.109985,456.890015,461.970001,461.211823,16626500
2025-06-03,461.470001,464.140015,460.859985,462.970001,462.210175,15743800
2025-06-04,464.000000,465.690002,463.019989,463.869995,463.108673,14162700
2025-06-05,464.959991,469.649994,464.029999,467.679993,466.912415,20131700
2025-06-06,470.089996,473.339996,468.779999,470.380005,469.608002,15285600
2025-06-09,469.700012,473.429993,468.619995,472.750000,471.974121,16469900
2025-06-10,471.190002,472.799988,466.959991,470.920013,470.147125,15375900
2025-06-11,470.019989,475.470001,469.660004,472.619995,471.844330,16399200
2025-06-12,475.019989,480.420013,473.519989,478.869995,478.084076,18950600
2025-06-13,476.410004,479.179993,472.760010,474.959991,474.180481,16814500
2025-06-16,475.209991,480.690002,475.000000,479.140015,478.353638,15626100
2025-06-17,475.399994,478.739990,474.079987,478.040009,477.255432,15414100
2025-06-18,478.000000,481.000000,474.459991,480.239990,479.451813,17526500
2025-06-20,482.230011,483.459991,476.869995,477.399994,476.616486,37576200
2025-06-23,478.209991,487.750000,472.510010,486.000000,485.202362,24864000
2025-06-24,488.950012,491.850006,486.799988,490.109985,489.305603,22305600
2025-06-25,492.040009,494.559998,489.390015,492.269989,491.462067,17495100
2025-06-26,492.980011,498.040009,492.809998,497.450012,496.633575,21578900
2025-06-27,497.549988,499.299988,493.029999,495.940002,495.126068,34539200
2025-06-30,497.040009,500.760010,495.329987,497.410004,496.593658,28369000
2025-07-01,496.470001,498.049988,490.980011,492.049988,491.242432,19945400
2025-07-02,489.989990,493.500000,488.700012,491.089996,490.284027,16319600
2025-07-03,493.809998,500.130005,493.440002,498.839996,498.021301,13984800
2025-07-07,497.380005,498.750000,495.230011,497.720001,496.903137,13981600
2025-07-08,497.239990,498.200012,494.109985,496.619995,495.804932,11846600
2025-07-09,500.299988,506.779999,499.739990,503.510010,502.683655,18659500
2025-07-10,503.049988,504.440002,497.750000,501.480011,500.656982,16492100
2025-07-11,498.470001,505.029999,497.799988,503.320007,502.493958,16459500
2025-07-14,501.519989,503.970001,501.029999,503.019989,502.194427,12058800
2025-07-15,503.019989,508.299988,502.790009,505.820007,504.989838,14927200
2025-07-16,505.179993,506.720001,501.890015,505.619995,504.790161,15154400
2025-07-17,505.679993,513.369995,505.619995,511.700012,510.860199,17503100
2025-07-18,514.479980,514.640015,507.429993,510.049988,509.212891,21209700
2025-07-21,506.709991,512.090027,505.549988,510.059998,509.222870,14066800
2025-07-22,510.970001,511.200012,505.269989,505.269989,504.440735,13868600
2025-07-23,506.750000,506.790009,500.700012,505.869995,505.039764,16396600
2025-07-24,508.769989,513.669983,507.299988,510.880005,510.041534,16107000
2025-07-25,512.469971,518.289978,510.359985,513.710022,512.866943,19125700
2025-07-28,514.080017,515.000000,510.119995,512.500000,511.658875,14308000
2025-07-29,515.530029,517.619995,511.559998,512.570007,511.728760,16469200
2025-07-30,515.169983,515.950012,509.440002,513.239990,512.397644,26380400
2025-07-31,555.229980,555.450012,531.900024,533.500000,532.624390,51617300
2025-08-01,535.000000,535.799988,520.859985,524.109985,523.249817,28977600
2025-08-04,528.270020,538.250000,528.130005,535.640015,534.760925,25349000
2025-08-05,537.179993,537.299988,527.239990,527.750000,526.883850,19171600
2025-08-06,530.900024,531.700012,524.030029,524.940002,524.078491,21355700
2025-08-07,526.799988,528.090027,517.549988,520.840027,519.985229,16079100
2025-08-08,522.599976,524.659973,519.409973,522.039978,521.183228,15531000
2025-08-11,522.299988,527.590027,519.719971,521.770020,520.913696,20194400
2025-08-12,523.750000,530.979980,522.700012,529.239990,528.371399,18667000
2025-08-13,532.109985,532.700012,519.369995,520.580017,519.725647,19619200
2025-08-14,522.559998,525.950012,520.140015,522.479980,521.622498,20269100
2025-08-15,522.770020,526.099976,519.080017,520.169983,519.316284,25213300
2025-08-18,521.590027,522.820007,514.020020,517.099976,516.251282,23760600
2025-08-19,515.000000,515.159973,508.549988,509.769989,508.933350,21481000
2025-08-20,509.869995,511.000000,504.440002,505.720001,504.890015,27723000
2025-08-21,503.690002,507.630005,502.720001,504.239990,504.239990,18443300
2025-08-22,504.250000,510.730011,502.410004,507.230011,507.230011,24324200
2025-08-25,506.630005,508.190002,504.119995,504.260010,504.260010,21638600
2025-08-26,504.359985,504.980011,498.510010,502.040009,502.040009,30835700
2025-08-27,502.000000,507.290009,499.899994,506.739990,506.739990,17277900
2025-08-28,507.089996,511.089996,505.500000,509.640015,509.640015,18015600
2025-08-29,508.660004,509.600006,504.489990,506.690002,506.690002,20961600
2025-09-02,500.470001,506.000000,496.809998,505.119995,505.119995,18128000
2025-09-03,503.790009,507.790009,502.320007,505.350006,505.350006,16345100
2025-09-04,504.299988,508.149994,503.149994,507.970001,507.970001,15509500
2025-09-05,509.070007,511.970001,492.369995,495.000000,495.000000,31994800
2025-09-08,498.109985,501.200012,495.029999,498.200012,498.200012,16771000
2025-09-09,501.429993,502.250000,497.700012,498.410004,498.410004,14410500
2025-09-10,502.980011,503.230011,496.720001,500.369995,500.369995,21611800
2025-09-11,502.250000,503.170013,497.880005,501.010010,501.010010,18881600
2025-09-12,506.649994,512.549988,503.850006,509.899994,509.899994,23624900
2025-09-15,508.790009,515.469971,507.000000,515.359985,515.359985,17143800
2025-09-16,516.880005,517.229980,508.600006,509.040009,509.040009,19711900
2025-09-17,510.619995,511.290009,505.929993,510.019989,510.019989,15816600
2025-09-18,511.489990,513.070007,507.660004,508.450012,508.450012,18913700
2025-09-19,510.559998,519.299988,510.309998,517.929993,517.929993,52474100
2025-09-22,515.590027,517.739990,512.539978,514.450012,514.450012,20009300
2025-09-23,513.799988,514.590027,507.309998,509.230011,509.230011,19799600
2025-09-24,510.380005,512.479980,506.920013,510.149994,510.149994,13533700
2025-09-25,508.299988,510.010010,505.040009,507.029999,507.029999,15786500
2025-09-26,510.059998,513.940002,506.619995,511.459991,511.459991,16213100
2025-09-29,511.500000,516.849976,508.880005,514.599976,514.599976,17617800
2025-09-30,513.239990,518.159973,509.660004,517.950012,517.950012,19728200
2025-10-01,514.799988,520.510010,511.690002,519.710022,519.710022,22632300
2025-10-02,517.640015,521.599976,510.679993,515.739990,515.739990,21222900
2025-10-03,517.099976,520.489990,515.000000,517.349976,517.349976,15112300
2025-10-06,518.609985,531.030029,518.200012,528.570007,528.570007,21388600
2025-10-07,528.289978,529.799988,521.440002,523.979980,523.979980,14615200
2025-10-08,523.280029,526.950012,523.090027,524.849976,524.849976,13363400
2025-10-09,522.340027,524.330017,517.400024,522.400024,522.400024,18343600
2025-10-10,519.640015,523.580017,509.630005,510.959991,510.959991,24133800
2025-10-13,516.409973,516.409973,511.679993,514.049988,514.049988,14284200
2025-10-14,510.230011,515.280029,506.000000,513.570007,513.570007,14684300
2025-10-15,514.960022,517.190002,510.000000,513.429993,513.429993,14694700
2025-10-16,512.580017,516.849976,508.130005,511.609985,511.609985,15559600
2025-10-17,509.040009,515.479980,507.309998,513.580017,513.580017,19867800
2025-10-20,514.609985,518.700012,513.429993,516.789978,516.789978,14665600
2025-10-21,517.500000,518.690002,513.039978,517.659973,517.659973,15586200
2025-10-22,521.150024,525.229980,517.710022,520.539978,520.539978,18962700
2025-10-23,522.460022,523.950012,518.609985,520.559998,520.559998,14023500
2025-10-24,522.789978,525.349976,520.710022,523.609985,523.609985,15532400
2025-10-27,531.780029,534.580017,529.010010,531.520020,531.520020,18688800
2025-10-28,550.289978,553.719971,542.179993,543.239990,543.239990,13701416