,SAM CE,SPX
2017-02-27,0.0022770385058539,0.0010179830148679958
2017-02-28,-0.0065598336745279,-0.002578376200021104
2017-03-01,0.0123941676715666,0.013673854505382499
2017-03-02,-0.0042785840597812,-0.005859880477359969
2017-03-03,-0.0005941531509267,0.0005038771408369946
2017-03-06,-0.0038281497053728,-0.003277240599114939
2017-03-07,-0.0022348579196093,-0.002913373760945248
2017-03-08,8.01333964512985e-05,-0.0022842155406883613
2017-03-09,-0.001028498292218,0.0007998954777432843
2017-03-10,0.0065786706209283,0.003268670420600417
2017-03-13,0.0028727192266411,0.0003666327927462909
2017-03-14,-0.003783927842331,-0.003379027372577559
2017-03-15,0.0100214615295595,0.008374752968933086
2017-03-16,-0.0012268964753992,-0.0016267102889130358
2017-03-17,9.97970149880789e-05,-0.0013143148736342036
2017-03-20,-0.0042607554942919,-0.0020098934090192477
2017-03-21,-0.0123485048032281,-0.012407972866659844
2017-03-22,0.0009906716779237,0.0018898861623204422
2017-03-23,6.72871036044853e-06,-0.0010602695616058755
2017-03-24,-0.0001733565796251,-0.0008439960753447995
2017-03-27,-0.0018874841299818,-0.0010195872065427158
2017-03-28,0.0033944098292639,0.007251474152977444
2017-03-29,-0.0010615336248989,0.0010853249749627203
2017-03-30,0.0021564352157335,0.002935110029268939
2017-03-31,-0.0019188182868733,-0.0022550475355151978
2017-04-03,-0.0040551806838743,-0.0016421256211577306
2017-04-04,-0.0026319127569572,0.000559522456275996
2017-04-05,-0.0038368642703093,-0.0030548612250135276
2017-04-06,0.0035550464398914,0.0019295093795217433
2017-04-07,-0.0006915498571045,-0.0008271301291931099
2017-04-10,0.0005097967863034,0.0006876864639022706
2017-04-11,0.0033589645933709,-0.0014338793828936325
2017-04-12,-0.0044549559238618,-0.0037599507562140477
2017-04-13,-0.006285296353535,-0.006814694452883074
2017-04-17,0.0079666137942704,0.00861334911528977
2017-04-18,-0.003059251632409,-0.0029033801350211164
2017-04-19,0.0006783502325515,-0.0017163505528009493
2017-04-20,0.0071735242881405,0.007557263410900905
2017-04-21,-0.0050963438458002,-0.0030350731513657525
2017-04-24,0.0094270192017542,0.010840068991465168
2017-04-25,0.0050460028333456,0.006090687444722187
2017-04-26,0.0001195795933122,-0.00048570337896503
2017-04-27,0.0023965145158362,0.000552920072501184
2017-04-28,-0.007544853778762,-0.0019131473359665918
2017-05-01,-0.0031484930048369,0.0017322905313656989
2017-05-02,0.0015073539307732,0.0011890500505600254
2017-05-03,-0.0007894861293266,-0.0012713605051778432
2017-05-04,0.0011420769070615,0.0005821027616192964
2017-05-05,0.0052988982955368,0.004088695184901736
2017-05-08,-0.0015783850457747,3.744607718947357e-05
2017-05-09,0.000748703036955,-0.0010252486558836038
2017-05-10,0.0022309150633435,0.001130601391864161
2017-05-11,-0.0027564573564632,-0.0021628093718817354
2017-05-12,-0.0037648040221566,-0.0014784413421209397
2017-05-15,0.0044398903107947,0.0047765136426025645
2017-05-16,-0.0030184253802502,-0.0006868968136181097
2017-05-17,-0.0159923958296141,-0.0181782145892192
2017-05-18,0.0016443660337988,0.003686818535649561
2017-05-19,0.0077701661163782,0.006767499617984285
2017-05-22,0.0049806088521195,0.005160131544382551
2017-05-23,-0.00090805728083,0.0018378718487075396
2017-05-24,0.0060783046687307,0.002489126672622799
2017-05-25,0.0051151819516945,0.004441948051392863
2017-05-26,0.0006027332309299,0.00031054999601765054
2017-05-30,-0.0012205324540992,-0.0012046244828196606
2017-05-31,0.0024732596765009,-0.00045996868531250623
2017-06-01,0.0099822756870715,0.007571112707942307
2017-06-02,0.003290416575284,0.003707730994808367
2017-06-05,-0.0021842562468715,-0.0012176648957179514
2017-06-06,-0.0047568979709543,-0.0027790401574869783
2017-06-07,0.002495650709839,0.0015682574527444704
2017-06-08,0.0010737205586537,0.00026720452936990213
2017-06-09,0.000484666679674,-0.0008299890161560519
2017-06-12,0.0034432111416222,-0.0009787631973520172
2017-06-13,0.0022687708280506,0.004511505144390471
2017-06-14,0.0002556319133502,-0.000995830885900939
2017-06-15,-0.0013974704733223,-0.0022395981716745172
2017-06-16,-0.0069248101815553,0.00028363920108120944
2017-06-19,0.0073538788503342,0.008347228826019126
2017-06-20,-0.0069709346536145,-0.0066966375083225005
2017-06-21,-7.80760268752623e-05,-0.0005826444414320786
2017-06-22,0.000228557660322,-0.00045578189908535016
2017-06-23,0.0030792735435243,0.0015609155884164228
2017-06-26,0.0020174048263439,0.0003158015767239508
2017-06-27,-0.0074762018693151,-0.008072824663108435
2017-06-28,0.0064496183879618,0.00880806612873708
2017-06-29,-0.0083139304771695,-0.008600023152223968
2017-06-30,0.0038829009463405,0.0015332318366443332
2017-07-03,0.0039540586012327,0.0023108339915050014
2017-07-05,-0.0009524782855153,0.0014532789018848469
2017-07-06,-0.0088126133029857,-0.009368823795134262
2017-07-07,0.0055226687898823,0.006403125635439322
2017-07-10,-0.0012281901684194,0.0009277662124411723
2017-07-11,-0.0008371244859212,-0.000782680881929565
2017-07-12,0.0051328658891169,0.0073056077591855395
2017-07-13,-0.0015826151266418,0.0018745842627647669
2017-07-14,0.0052518318825181,0.004673503321499739
2017-07-17,-0.0009640376535522,-5.291285582376126e-05
2017-07-18,-0.0010750458764998,0.0005978570004028239
2017-07-19,0.0002687985977001,0.005372639477660979
2017-07-20,0.0002250079211036,-0.0001536593007661624
2017-07-21,-0.0021607355215005,-0.00036787160364093463
2017-07-24,-0.0032295488498821,-0.001063734846964759
2017-07-25,0.0032037140954299,0.0029231717986644146
2017-07-26,-0.0025084929275156,0.00028266382187114303
2017-07-27,0.0010397359870637,-0.0009726881683288502
2017-07-28,-0.0022807023755825,-0.0013411154893340216
2017-07-31,0.0010655962033803,-0.0007281456772143535
2017-08-01,-0.0006906111051923,0.002449115038656524
2017-08-02,-0.003522108884752,0.0004926484348821702
2017-08-03,-0.0002487464772666,-0.0021836540850557196
2017-08-04,0.0005078835486196,0.0018891035233321585
2017-08-07,0.0001900707537456,0.001647199796319665
2017-08-08,-0.0036791481494199,-0.002414432693031987
2017-08-09,-0.0017787837410779,-0.0003636085321390148
2017-08-10,-0.0089416907452034,-0.01447444188426572
2017-08-11,0.0024067675879566,0.0012755698031536866
2017-08-14,0.0087900303787245,0.010043754738020771
2017-08-15,-0.0031263924610852,-0.0004988080962693431
2017-08-16,0.0025195814080845,0.0014201029160998413
2017-08-17,-0.0123211374639605,-0.015436951897705553
2017-08-18,-0.0029687799901974,-0.0018353673366143797
2017-08-21,0.0014582328033263,0.0011626509216591252
2017-08-22,0.0074956399281387,0.009940779962249957
2017-08-23,-0.0034507597471039,-0.003453592835692465
2017-08-24,-0.0018645462794472,-0.002074461923330162
2017-08-25,0.0038589602195477,0.001672869304875979
2017-08-28,3.97029619858547e-05,0.0004870718880634062
2017-08-29,0.0010264374754145,0.0008428219030980344
2017-08-30,0.0041732468042323,0.004615148908088784
2017-08-31,0.0062468107333253,0.005720976036098113
2017-09-01,0.0013077080620114,0.001982540891424245
2017-09-05,-0.0068188945345051,-0.007550806819975553
2017-09-06,0.001257646795153,0.0031287266079642606
2017-09-07,-0.0015028418326759,-0.00017843595846800397
2017-09-08,0.0026721078808977,-0.001488850697372368
2017-09-11,0.0069137079006642,0.010839298999797853
2017-09-12,0.0040005455038101,0.0033639479926761418
2017-09-13,-0.0003496506864865,0.0007571208321885958
2017-09-14,-0.0004382028643846,-0.0011007176163723154
2017-09-15,0.0022623549426381,0.0018471813753215827
2017-09-18,0.0018130634932718,0.0014559208669275847
2017-09-19,0.0003936794197614,0.0011101953656169616
2017-09-20,0.00143241088784,0.0006343478595600693
2017-09-21,-0.0032607598800522,-0.003045917468208481
2017-09-22,0.0028421511297265,0.0006477937041176052
2017-09-25,-0.0006332540711766,-0.0022220504449805834
2017-09-26,0.0017025860621502,7.216681740818132e-05
2017-09-27,0.0032742735338153,0.004085143878064912
2017-09-28,0.001452150345887,0.0012046157831626658
2017-09-29,0.0020989830030815,0.0037051097509217534
2017-10-02,0.0039877740394251,0.0038740035506961146
2017-10-03,0.0040379878928942,0.002158838152169995
2017-10-04,0.0007909315147496,0.0012467201282879703
2017-10-05,0.0031345993203391,0.005646787321186508
2017-10-06,0.0004817617395238,-0.0010736343152785155
2017-10-09,-0.0040242161641347,-0.0018044340510071644
2017-10-10,0.0009279398446579,0.0023224126121230704
2017-10-11,0.0016887426804679,0.0018035070386159813
2017-10-12,0.0006456277307089,-0.001686752718675133
2017-10-13,0.0020938818179232,0.0008781072235268805
2017-10-16,0.000256890754954,0.0017507534306602235
2017-10-17,0.0028696169474777,0.0006725786553094526
2017-10-18,0.0038407675815479,0.0007423351621382857
2017-10-19,0.0009911500706081,0.0003279979372339259
2017-10-20,0.0029893167978516,0.005116842628527296
2017-10-23,-0.0037781267331784,-0.003972484245916563
2017-10-24,-0.0004893389966997,0.0016179085343193123
2017-10-25,-0.0043455608047896,-0.004663049960716981
2017-10-26,0.0024740504437781,0.0012709462192490584
2017-10-27,0.0023438358420007,0.008073022493030768
2017-10-30,-0.0060559387561832,-0.003192470480425591
2017-10-31,0.0014524259960611,0.0009444587968627793
2017-11-01,0.0002472643641033,0.0015921099166993358
2017-11-02,-0.0012209962540886,0.000189966107745132
2017-11-03,0.0005740067456645,0.0030970752937133916
2017-11-06,-0.0009153789751262,0.0012712512706078982
2017-11-07,0.0028125876415203,-0.00018910283240325398
2017-11-08,0.003000117331255,0.0014436549093934659
2017-11-09,-0.0036889301514988,-0.003761887788273466
2017-11-10,0.0013998022021541,-0.0008976437135732596
2017-11-13,0.0013358300713146,0.0009836343383038404
2017-11-14,-0.0006576004334397,-0.0023096094136404455
2017-11-15,-0.0066000382273614,-0.005525675723668133
2017-11-16,0.0093433267526681,0.00819605830144865
2017-11-17,-0.0035664377425035,-0.0026259631197607103
2017-11-20,0.0021179976653027,0.001275682910981013
2017-11-21,0.0036981055213616,0.0065411390164367145
2017-11-22,-0.0011680430485111,-0.0007502610505620844
2017-11-24,0.002089052045384,0.00205609524528505
2017-11-27,0.0003429947358863,-0.0003842577408612602
2017-11-28,0.0094088267420766,0.00984851264624087
2017-11-29,0.0059731728289511,-0.000369225815214147
2017-11-30,0.0090783146183814,0.008190950524173068
2017-12-01,-0.0039553631441974,-0.002024530643865985
2017-12-04,0.0050610793270162,-0.0010521569099137817
2017-12-05,-0.0016643192341229,-0.0037393815432908983
2017-12-06,-0.0018678218052911,-0.00011410534507194647
2017-12-07,0.0009654621113235,0.002932357628297133
2017-12-08,0.0026788242051822,0.005506306498390678
2017-12-11,5.53303874184508e-05,0.0032019573826136405
2017-12-12,0.0011214473248439,0.0015489219942514953
2017-12-13,0.0018737584980181,-0.0004729568033579046
2017-12-14,-0.0040187295836587,-0.004070859267722771
2017-12-15,0.0070748268378466,0.00897434357723248
2017-12-18,0.0057225781520771,0.005362807031737971
2017-12-19,-0.0029158053417131,-0.003230269308986733
2017-12-20,-0.0013312034534741,-0.0008278932913695636
2017-12-21,0.0002981559600454,0.0019856556872259734
2017-12-22,0.0007043897460978,-0.0004581664731576618
2017-12-26,-0.0002007699407313,-0.0010584152238849454
2017-12-27,0.000636270384672,0.0007909408692408082
2017-12-28,0.0011473323837154,0.0018339987718805073
2017-12-29,-0.0049952800856644,-0.005183153291804743
2018-01-02,0.0049200345070177,0.008303361788570607
2018-01-03,0.0040503652439725,0.006398818767817449
2018-01-04,0.004639366221443,0.004028635843774442
2018-01-05,0.0066453310236487,0.007033767403822333
2018-01-08,0.0045916257280114,0.0016623440799481415
2018-01-09,0.0020390926311129,0.001302931550569042
2018-01-10,-0.0012471108863585,-0.0011122269759360481
2018-01-11,0.006076400487786,0.007033646798365822
2018-01-12,0.0050827424648871,0.006749602755413919
2018-01-16,-0.0043885651143147,-0.0035244874939864834
2018-01-17,0.0084105961950957,0.009415051661626705
2018-01-18,-0.000629729385644,-0.0016163899808150362
2018-01-19,0.0066896913632372,0.004385235280832678
2018-01-22,0.0045736527422046,0.008066726543333624
2018-01-23,0.0012397486184745,0.002174365440882342
2018-01-24,-0.0011256932971267,-0.0005599757903009817
2018-01-25,0.0039216407274747,0.0006026209239333724
2018-01-26,0.0084178920555433,0.011841196442722524
2018-01-29,-0.0013718085813349,-0.006731974371398275
2018-01-30,-0.0049509814841441,-0.010898815391439554
2018-01-31,0.0001773894621053,0.0004889853896290486
2018-02-01,-0.0009416497061465,-0.0006480885618234122
2018-02-02,-0.0186886992317943,-0.021208547694941515
2018-02-05,-0.0320373933420092,-0.04097922501640738
2018-02-06,0.0094303243055151,0.017440920907613622
2018-02-07,-0.0035458026522337,-0.005001588613270491
2018-02-08,-0.0316404819371626,-0.0375364197188327
2018-02-09,0.0127700738601007,0.014936090275087244
2018-02-12,0.0089950469161159,0.013914584687517051
2018-02-13,0.0004340062160306,0.0026129295933734475
2018-02-14,0.0113423600884397,0.013402458482258295
2018-02-15,0.0140635813109189,0.012069112628291467
2018-02-16,0.0004167045835783,0.0003734695439001623
2018-02-20,-0.0059013667321553,-0.0058413894815938505
2018-02-21,-0.0035026902715134,-0.005496503260010055
2018-02-22,-0.0004200951413374,0.0009735511485315929
2018-02-23,0.012122807849017,0.016028376390592625
2018-02-26,0.0080149616302889,0.011757015405636784
2018-02-27,-0.0117616218236266,-0.01270688867273162
2018-02-28,-0.0066118200189381,-0.011095788577777155
2018-03-01,-0.0125615225097735,-0.013324399450480251
2018-03-02,0.0081291553738513,0.005071602697712896
2018-03-05,0.0098510670837808,0.011032026381792903
2018-03-06,0.0046495585546622,0.0026388586869583452
2018-03-07,0.0029420190780933,-0.00048387458886944845
2018-03-08,0.0045374953435202,0.004463078253377217
2018-03-09,0.012332294591227,0.017378831277445883
2018-03-12,-0.0016045681006027,-0.0012739848320225677
2018-03-13,-0.0053182362770954,-0.006363576572474661
2018-03-14,-0.0028784579727261,-0.005724522264141441
2018-03-15,-0.0001961912994635,-0.0007819304070728617
2018-03-16,0.0020475467124867,0.0017034472986976468
2018-03-19,-0.0126461602514363,-0.014204195427326871
2018-03-20,0.0001544998490028,0.0014818052561744732
2018-03-21,-0.0017418079285144,-0.001843989601829854
2018-03-22,-0.0193818868163624,-0.02516288868483929
2018-03-23,-0.0171670936331225,-0.020966880472765737
2018-03-26,0.0196514090822177,0.027157255734905794
2018-03-27,-0.0124168108857866,-0.017276308947907992
2018-03-28,0.0017221271497744,-0.0029166570946984605
2018-03-29,0.010379912507869,0.013769718618042104
2018-04-02,-0.0216749773911568,-0.02233742341975231
2018-04-03,0.0103418082768916,0.012614865708684864
2018-04-04,0.0102335701238498,0.011566482650942955
2018-04-05,0.0051787596411061,0.006862863853574153
2018-04-06,-0.0180239219278572,-0.02192024870852849
2018-04-09,0.001927752836605,0.003336548739958589
2018-04-10,0.0100677070755124,0.016726953754064633
2018-04-11,-0.0042667439867569,-0.005525364565647672
2018-04-12,0.0041411588556867,0.008250750130306406
2018-04-13,-0.0013972961914255,-0.0028866253360059213
2018-04-16,0.0101234603646412,0.008109038362631216
2018-04-17,0.0079193790103997,0.010661504817983003
2018-04-18,0.0001522629047996,0.0008313658005520974
2018-04-19,-0.0056973960871852,-0.00572612477578982
2018-04-20,-0.0100128396253683,-0.008536532212991665
2018-04-23,0.0010902759583706,5.623151071354471e-05
2018-04-24,-0.0077134469072981,-0.013380561466416863
2018-04-25,0.0045812211301825,0.0018370592780629913
2018-04-26,0.0074098135339217,0.010434204752046705
2018-04-27,0.0041274271403068,0.001113625003076102
2018-04-30,-0.0073398969280379,-0.008187490859429492
2018-05-01,0.0015276507488049,0.0025490454768968274
2018-05-02,-0.0064217915766684,-0.007205863585547867
2018-05-03,-0.0027142392310275,-0.0022536744644764406
2018-05-04,0.0122090422419427,0.012811179191865252
2018-05-07,0.0040467994378561,0.003457945524821371
2018-05-08,-0.001001210469412,-0.00026564134619455615
2018-05-09,0.0053797683923706,0.009682220184441537
2018-05-10,0.0081577904292133,0.009370643613678231
2018-05-11,0.0011364304138938,0.001707595795878758
2018-05-14,1.74959729892787e-05,0.0008834895171137003
2018-05-15,-0.0056516038764523,-0.006842140411090436
2018-05-16,0.006626730976714,0.004060561765464099
2018-05-17,0.000767788769183,-0.0008558722748466252
2018-05-18,-0.0003486471848394,-0.002632194898025797
2018-05-21,0.0042743449429678,0.00738675297338931
2018-05-22,-0.0025226930142189,-0.0031357620237913997
2018-05-23,0.0031741611429372,0.0032484100188134857
2018-05-24,8.10948750415985e-05,-0.0020232133879297676
2018-05-25,0.0007086992277809,-0.002357220567948737
2018-05-29,-0.0059073797544552,-0.011564187400276094
2018-05-30,0.0097992569673508,0.012695791469277351
2018-05-31,-0.0059836751887563,-0.006879559888254616
2018-06-01,0.007708431284862,0.010849230126019016
2018-06-04,0.0050877804438178,0.004479598436304411
2018-06-05,0.0014030563923881,0.0007025931033490806
2018-06-06,0.0075284948999701,0.008567392527720319
2018-06-07,-0.0005047518954856,-0.0007141886594439484
2018-06-08,0.0035401982182343,0.0031259043500577732
2018-06-11,-8.86774678293678e-05,0.0010687077753774865
2018-06-12,0.0032046894946051,0.0017433853342918582
2018-06-13,-0.0048050178893306,-0.004026127924157796
2018-06-14,0.0062156124812824,0.0024715496262726067
2018-06-15,0.0036022514558213,-0.0010171026706909947
2018-06-18,-0.0034220016877473,-0.0021261277232105247
2018-06-19,-0.003480068032283,-0.00402340225326725
2018-06-20,-8.27557922952193e-05,0.0017121541196234435
2018-06-21,-0.0057720635477113,-0.006345510301846269
2018-06-22,0.0034149735312234,0.0018619344893302525
2018-06-25,-0.0076729676567232,-0.013724669170993464
2018-06-26,0.0023446997110701,0.0022045773020529236
2018-06-27,-0.0101453597013533,-0.008604355207870173
2018-06-28,0.0066782518754298,0.006178689940068205
2018-06-29,0.0006697774253403,0.0007584031112997103
2018-07-02,0.0025032548439833,0.003067957504331309
2018-07-03,-0.0016407290971723,-0.004947350540742024
2018-07-05,0.0101934616800139,0.008620803418080136
2018-07-06,0.0072511024936714,0.008481281619413306
2018-07-09,0.003708328545263,0.008822986064321858
2018-07-10,-0.0001695259589138,0.0034732671751058763
2018-07-11,-0.0041125968445374,-0.007094202737347177
2018-07-12,0.0057327020659938,0.008749042481676073
2018-07-13,0.0015102407825542,0.0010792376622543731
2018-07-16,-0.0059272317023279,-0.0010281357433985505
2018-07-17,0.0037924475610302,0.003973698563198402
2018-07-18,-0.0029742168938616,0.0021605124999144465
2018-07-19,0.0008543508717064,-0.003952993137390615
2018-07-20,-0.0027577113372123,-0.0009484476712288137
2018-07-23,0.0002000249869138,0.0018380493665326458
2018-07-24,0.0019454374029372,0.004780911191251125
2018-07-25,0.0065477901824797,0.009101605053168704
2018-07-26,-0.001459758066473,-0.003032296041138749
2018-07-27,-0.0079881442548236,-0.006562208676543113
2018-07-30,-0.0057897357864494,-0.005754170045876084
2018-07-31,0.0101192560020631,0.004884728652428727
2018-08-01,-0.0031424485826573,-0.0010403516539227997
2018-08-02,0.0012541926775224,0.004926445059597828
2018-08-03,0.0066738244275907,0.004644183025969362
2018-08-06,0.0029072386959809,0.003538227209060052
2018-08-07,0.0002153679672329,0.002824182317137769
2018-08-08,-0.0015779699164401,-0.0002623799656654713
2018-08-09,-0.0022512469985313,-0.0014416744482073085
2018-08-10,-0.0049599525969514,-0.007113887974094513
2018-08-13,-0.002166802436245,-0.004005991954140198
2018-08-14,0.0065255010468849,0.0063892546712602805
2018-08-15,-0.0019836437031879,-0.007602164923620203
2018-08-16,0.0057044256995679,0.007919408407494277
2018-08-17,0.0062600676181452,0.0033231159317150816
2018-08-20,0.0034639986065743,0.002428017769041446
2018-08-21,0.0019798334646179,0.002068536391957476
2018-08-22,-0.0013557906277846,-0.0003981519181294191
2018-08-23,-0.0016830992743226,-0.0016912621635861713
2018-08-24,0.0036933983267761,0.006198839727256322
2018-08-27,0.0042850023215643,0.007670409488520269
2018-08-28,-0.0003674439385731,0.0002692785692512967
2018-08-29,0.0030862906800712,0.00570143394557121
2018-08-30,-0.0064336271630148,-0.004430328968448305
2018-08-31,-0.0017230115102837,0.00013447760553075838
2018-09-04,-0.0035338169180195,-0.0016543222059174356
2018-09-05,-0.0001934820813387,-0.0028031266678487654
2018-09-06,0.001238453308539,-0.003652305145078638
2018-09-07,-0.0021223449072845,-0.0022133447617470603
2018-09-10,0.0026269423551859,0.001897826752650822
2018-09-11,-0.0005122031577875,0.0037398415912945904
2018-09-12,0.0037467515716747,0.00035667183935816915
2018-09-13,0.0048089227396803,0.005282254410650333
2018-09-14,0.0014387166652076,0.0002754815537373556
2018-09-17,-0.0034144095877722,-0.005569722032989777
2018-09-18,0.0016553135791004,0.005369014724770915
2018-09-19,-0.0002752916733416,0.001253272524646798
2018-09-20,0.0067599127264146,0.007840591957973375
2018-09-21,0.0014857438168047,-0.000368532969376445
2018-09-24,-0.0060695806150817,-0.003515687867310602
2018-09-25,-0.0030203033778722,-0.001305095910180576
2018-09-26,-0.0005561997841202,-0.003289278151000996
2018-09-27,0.0013416653586657,0.0027632869851152986
2018-09-28,-0.0015358246876058,-6.870281400117584e-06
2018-10-01,1.89991868269068e-05,0.0036411053174085772
2018-10-02,-0.0001355196913548,-0.00039669012240728385
2018-10-03,-0.0034444680897544,0.0007115197040405974
2018-10-04,-0.0065202267594729,-0.008169482558017305
2018-10-05,-0.0025178110533269,-0.005527978745767492
2018-10-08,0.0011049178323865,-0.0003951163801717561
2018-10-09,-0.0033102998616773,-0.0014179037440387177
2018-10-10,-0.0216852162711363,-0.03286422891323515
2018-10-11,-0.0208155091487533,-0.02057300781100646
2018-10-12,0.0068725018927575,0.014206197963573475
2018-10-15,0.0001206032413998,-0.005904979054429216
2018-10-16,0.017711610961179,0.02149560023181407
2018-10-17,-9.96021118925272e-05,-0.00025266236039023227
2018-10-18,-0.0112343197096361,-0.014391922484002562
2018-10-19,-0.0001963074799241,-0.00036116989776224795
2018-10-22,-0.0059751862893523,-0.004299527374037604
2018-10-23,-0.0032160464228874,-0.005511830212086233
2018-10-24,-0.014022510328916,-0.030864433708665207
2018-10-25,0.0045296226971942,0.01862503978568064
2018-10-26,-0.0160591808127469,-0.017327264059605163
2018-10-29,-0.000273611152964,-0.006559599421901985
2018-10-30,0.0168661274241653,0.015666780123047896
2018-10-31,0.0073848094668993,0.010851331816018606
2018-11-01,0.0134502643064855,0.010557843711262338
2018-11-02,-0.0037421152097666,-0.0063166861631632765
2018-11-05,0.0038803016993003,0.005600317168766411
2018-11-06,0.0086227106896659,0.006259295562117462
2018-11-07,0.0135190370393725,0.02120885628091007
2018-11-08,-0.0018117454667729,-0.002508916577568465
2018-11-09,-0.004284752447175,-0.009199013578477078
2018-11-12,-0.009037579327916,-0.01970148931610638
2018-11-13,-9.75902077919866e-05,-0.001481919670083709
2018-11-14,-0.0033879348245745,-0.007567410867240221
2018-11-15,0.0061978780515188,0.010593753349405599
2018-11-16,0.0030500293623392,0.0022233056585385658
2018-11-19,-0.0105349920417964,-0.016643108928262818
2018-11-20,-0.0094849025216566,-0.018151240504630684
2018-11-21,0.0023187721708004,0.0030432907220330208
2018-11-23,1.92479129526024e-05,-0.006554842371583214
2018-11-26,0.0104723675337774,0.015532368144919984
2018-11-27,0.001028225199297,0.0032616922552592964
2018-11-28,0.0151985508750334,0.022973979573244874
2018-11-29,-0.0005456701725607,-0.002183108005663237
2018-11-30,0.0068535825292803,0.00817074753438285
2018-12-03,0.0036502926546111,0.010941426018481248
2018-12-04,-0.0246485557512856,-0.03236490293878813
2018-12-06,0.0031569204853814,-0.001522228361661715
2018-12-07,-0.0202399541252239,-0.02332011874948936
2018-12-10,-0.0002404197658844,0.0017621541550396636
2018-12-11,0.0016362767376514,-0.00035634639398196555
2018-12-12,0.0035004839077441,0.005419503653256719
2018-12-13,-6.38908379871905e-05,-0.00019993021172759473
2018-12-14,-0.0154140355453061,-0.019086709597145535
2018-12-17,-0.0206819155630781,-0.02077348065074347
2018-12-18,0.0017035686140514,8.640070272569744e-05
2018-12-19,-0.0129680611910725,-0.015395714469955912
2018-12-20,-0.0132921338370315,-0.015772106302099798
2018-12-21,-0.0151185650372961,-0.02058822843532193
2018-12-24,-0.0248083898909928,-0.027112254234371247
2018-12-26,0.0404311430326156,0.04959374256297622
2018-12-27,0.0091150218360296,0.008562680803813727
2018-12-28,-1.92645167349514e-05,-0.0012415825521053803
2018-12-31,0.0073747219482058,0.008492484364786668
2019-01-02,-0.0021134691051513,0.0012684966694007649
2019-01-03,-0.0206022523926744,-0.024756730111614167
2019-01-04,0.0297481155591028,0.03433571429840443
2019-01-07,0.0073063290396269,0.007010434849805236
2019-01-08,0.0115076174292805,0.009695285141339438
2019-01-09,0.0018671859487289,0.004098045517469284
2019-01-10,0.0082011632219285,0.004518418921847234
2019-01-11,0.00075503037092,-0.0001462979140943732
2019-01-14,-0.0063127457109096,-0.005257525420190867
2019-01-15,0.008309556851636,0.010721688854600231
2019-01-16,-0.0014763906254917,0.0022219855538148092
2019-01-17,0.0057910377068288,0.007591400273706306
2019-01-18,0.0113136163632537,0.013183053048657412
2019-01-22,-0.0103563837687142,-0.014157306316348373
2019-01-23,-0.0007774465811062,0.002202912839790905
2019-01-24,0.0037086477916148,0.0013757255722175454
2019-01-25,0.0081594309405577,0.008488694197122282
2019-01-28,-0.0034129480881305,-0.007846827452202776
2019-01-29,-0.0007298268796469,-0.0014562467073728769
2019-01-30,0.0110737579537017,0.015549260984848434
2019-01-31,0.0094938948229215,0.0085973960122816
2019-02-01,0.000510810998505,0.00089860985612078
2019-02-04,0.0046885859522116,0.006776236658558865
2019-02-05,0.0084313845065402,0.004708420383032985
2019-02-06,-0.0055405360771122,-0.0022244380717381107
2019-02-07,-0.0067773900862073,-0.009357139928022673
2019-02-08,0.0045706249879735,0.0006762010926872897
2019-02-11,0.0008411466370352,0.0007091030928123576
2019-02-12,0.0093698648450275,0.012890224506745485
2019-02-13,0.0023393716391175,0.003023994731897073
2019-02-14,-0.0002739920733065,-0.002651641617818279
2019-02-15,0.0088522774377395,0.010878752906358091
2019-02-19,-0.001085975240621,0.0014987432818573954
2019-02-20,0.0014865378767849,0.001777110607472876
2019-02-21,-0.0046302909825363,-0.003526436662044552
2019-02-22,0.0060920153435495,0.006411102372030131
2019-02-25,-0.001359744855281,0.0012318623740310564
2019-02-26,-0.0017488232580334,-0.0007904570690784318
2019-02-27,-0.0009634107974111,-0.0005440491976509421
2019-02-28,-0.004151728473373,-0.0028255084661058527
2019-03-01,0.0056358844247608,0.006895320532289029
2019-03-04,-0.0019888847383792,-0.0038805582032795938
2019-03-05,0.0001370634908548,-0.0011315330914882793
2019-03-06,-0.0062493897196829,-0.006524098592784688
2019-03-07,-0.00470522547359,-0.008125717367500784
2019-03-08,-0.0009826116132433,-0.0021316891099282254
2019-03-11,0.010214163717609,0.014666042063348428
2019-03-12,0.0003422552842853,0.0029533183111010164
2019-03-13,0.0056308069774848,0.006949583689534133
2019-03-14,-0.0030408990710062,-0.0008680225932099495
2019-03-15,0.0043799493252634,0.004984902901105981
2019-03-18,0.0017808276376478,0.0037059469240239284
2019-03-19,-0.0030072791857568,-0.00013056153949719818
2019-03-20,-0.0024324868410035,-0.002944353643434705
2019-03-21,0.0141826149584259,0.010852481284119753
2019-03-22,-0.01385546242058,-0.01897450128202116
2019-03-25,0.0003990288710244,-0.0008390208314040803
2019-03-26,0.0069445215705374,0.007182726036481402
2019-03-27,-0.0013942942498164,-0.004644324979289682
2019-03-28,0.0036152528404882,0.0035894814516554963
2019-03-29,0.0059267195213816,0.006734280040534557
2019-04-01,0.0082403374052528,0.011568600103627924
2019-04-02,-0.0016601565981343,1.7455767155283297e-05
2019-04-03,0.0006515589752666,0.0021483768437535744
2019-04-04,0.0030649140629779,0.0020846353463821465
2019-04-05,0.0055183331397279,0.004636432541648805
2019-04-08,0.0001974168980762,0.0010474601970706932
2019-04-09,-0.005890711024975,-0.006067494614092284
2019-04-10,0.004729559422397,0.003477871645617192
2019-04-11,0.0012093121437624,3.8122920939631655e-05
2019-04-12,0.0081684456381785,0.006609324295980379
2019-04-15,-2.3338434502751e-06,-0.0006293691138795632
2019-04-16,-0.0022749287774358,0.0005093581867543495
2019-04-17,-0.0054335092363866,-0.00227381198387544
2019-04-18,0.0016834561815772,0.0015790922365066518
2019-04-22,-0.0009332325516594,0.0010120177659616036
2019-04-23,0.0104595022543719,0.008841205808999053
2019-04-24,0.0005410872059012,-0.0021917632969649103
2019-04-25,-0.0027373557968427,-0.00036897361004351037
2019-04-26,0.0067388034155895,0.004685292161922483
2019-04-29,-0.0018059606684776,0.0010715220095269817
2019-04-30,0.0022912807367994,0.0009514170675830602
2019-05-01,-0.009872027738452,-0.007502163198430001
2019-05-02,-0.0009475437641722,-0.0021239854714627526
2019-05-03,0.0084269048835217,0.00963827936303252
2019-05-06,-0.0034099581899982,-0.004470988470551718
2019-05-07,-0.0160462411403923,-0.01651165143337796
2019-05-08,-0.00236230507793,-0.0016054253294270904
2019-05-09,-0.0014697946241346,-0.0030214248826746504
2019-05-10,0.0026628090353761,0.0037202970362448795
2019-05-13,-0.0204125440485556,-0.0241305571474959
2019-05-14,0.0065972507411937,0.008015944571454048
2019-05-15,0.0080750827974307,0.00583897513550613
2019-05-16,0.0055110576840626,0.008895286972429028
2019-05-17,-0.0055420425637291,-0.005837333329762107
2019-05-20,-0.0072235654034269,-0.0067493779761946815
2019-05-21,0.0102234081243424,0.00849583560835443
2019-05-22,-0.0036438994979447,-0.0028243959201321722
2019-05-23,-0.0079442479940576,-0.01191415018948383
2019-05-24,0.0016532853489645,0.0013535592343441039
2019-05-28,-0.0087137360121513,-0.00837567691621377
2019-05-29,-0.005438054858096,-0.006911912239044082
2019-05-30,0.0019150071560856,0.0020984710702871556
2019-05-31,-0.0044839600326275,-0.01319537251353431
2019-06-03,0.0050654156152227,-0.0027652405241348488
2019-06-04,0.0161286797622346,0.0214323708029609
2019-06-05,0.0076871948696455,0.008161854490207121
2019-06-06,0.0049142388479555,0.006135586788134972
2019-06-07,0.0062612510300044,0.010497697584650245
2019-06-10,0.0017162609302541,0.004660044265529351
2019-06-11,-0.0021504781234812,-0.0003498799704155786
2019-06-12,0.0016423935389546,-0.002037579203488127
2019-06-13,0.0044085287312969,0.0040973820210257195
2019-06-14,-0.0015714089365997,-0.0016115122119045866
2019-06-17,-0.000630747573343,0.0009317494470466592
2019-06-18,0.0062028683486157,0.009717399826955075
2019-06-19,0.0046354486519408,0.00298516356781775
2019-06-20,0.0089134387878244,0.009472185291927948
2019-06-21,-0.0042387778614408,-0.0012592228928592908
2019-06-24,-0.001237939933031,-0.0017318869151060623
2019-06-25,-0.007533250784819,-0.009496397395675538
2019-06-26,-0.0059675046193159,-0.0012339339216592693
2019-06-27,0.0044066154102764,0.0038231756993074573
2019-06-28,0.0079995916218274,0.005757452665057894
2019-07-01,0.000309124131151,0.007672300909413732
2019-07-02,0.0033584082282212,0.0029281260087796745
2019-07-03,0.0058821472540999,0.007672378472751928
2019-07-05,-0.0037149613641845,-0.0018059015151773439
2019-07-08,-0.0058784284816957,-0.004835444445918546
2019-07-09,-0.0005441366617739,0.0012365570861712083
2019-07-10,0.004971863137734,0.004510689423770975
2019-07-11,-0.0021203755899618,0.002285226822160702
2019-07-12,0.0042898157969435,0.004620174740767258
2019-07-15,0.0007030693040643,0.00017586909302380604
2019-07-16,0.0002896790736326,-0.0034037785997461656
2019-07-17,-0.0009048625592178,-0.006531243507170825
2019-07-18,0.005279401299971,0.0035819976006714604
2019-07-19,-0.0067988996767758,-0.006176734523636651
2019-07-22,-0.0003262106829486,0.0028286949574616305
2019-07-23,0.007248273485553,0.006847482873345578
2019-07-24,0.0050910847173653,0.0046881479888192246
2019-07-25,-0.0031863500375241,-0.005262401372888137
2019-07-26,0.007040872355519,0.007387690916858425
2019-07-29,0.0006658656509865,-0.0016161143698240066
2019-07-30,0.0006723296841855,-0.0025786548938854237
2019-07-31,-0.0094315263026212,-0.01088552616843852
2019-08-01,-0.0024344851035721,-0.008998793795710336
2019-08-02,-0.0035354503623572,-0.007282740005389532
2019-08-05,-0.0209935453876114,-0.02977782013979524
2019-08-06,0.0094799347873371,0.01301701741817185
2019-08-07,0.0033508999761504,0.000766875907745046
2019-08-08,0.0166801871605275,0.018762303613494513
2019-08-09,-0.0044583191570787,-0.006616606508901501
2019-08-12,-0.0070203529552913,-0.01231732212053438
2019-08-13,0.0076085346433851,0.015131688258040343
2019-08-14,-0.0200021197599837,-0.029292752675063927
2019-08-15,0.0031584838281897,0.0024642680273538886
2019-08-16,0.0092617209433654,0.014426124661553574
2019-08-19,0.0102523564442005,0.012105865247517444
2019-08-20,-0.0036785282681858,-0.007914727404321087
2019-08-21,0.0063589822065826,0.008246798638009256
2019-08-22,7.39394837441232e-05,-0.0005060750417732462
2019-08-23,-0.0164831410277186,-0.0259463368416738
2019-08-26,0.0083873443873994,0.01098298795087671
2019-08-27,-0.0006401325776992,-0.003203180738739153
2019-08-28,0.0053110935974711,0.006545480062458031
2019-08-29,0.0052969383183854,0.012687291892681252
2019-08-30,0.0018442569325429,0.0006427873232610626
2019-09-03,-0.0020457398122224,-0.006899100370093891
2019-09-04,0.008624363107252,0.010842078947640221
2019-09-05,0.0070530829907,0.013009813744635501
2019-09-06,0.0001650766993761,0.0009106051747311827
2019-09-09,-0.0002898456277563,-9.401015999088713e-05
2019-09-10,-4.91841686144356e-05,0.00032230437576741267
2019-09-11,0.0089210888926811,0.0072296811674792405
2019-09-12,-0.0012669613062362,0.0028791528612071016
2019-09-13,-0.0029599568167963,-0.0007244141025927187
2019-09-16,-0.0004457043892218,-0.0031355867830603623
2019-09-17,0.0046594117397642,0.00258175229178792
2019-09-18,0.0002406365670366,0.00034269189100433195
2019-09-19,-0.0002303575368671,1.9974856538373942e-05
2019-09-20,-0.0024201300508376,-0.004895576614619701
2019-09-23,-0.0002223989516249,-9.693589836079486e-05
2019-09-24,-0.0044961357155718,-0.008416371108813214
2019-09-25,0.0011948401462038,0.006158571562212556
2019-09-26,-0.0017196115282487,-0.0024289164070183666
2019-09-27,-0.0047598820126483,-0.005316352448595407
2019-09-30,0.0034866006833216,0.005047606617330613
2019-10-01,-0.0080375813996652,-0.0122583732951429
2019-10-02,-0.0136441800180287,-0.017903203128985634
2019-10-03,0.0069990778404283,0.007971912809210835
2019-10-04,0.0111519353149077,0.014216897600648926
2019-10-07,-0.0030156412067915,-0.004478294773804015
2019-10-08,-0.0110869531712831,-0.015560819042234386
2019-10-09,0.0031438865142181,0.009104492289421895
2019-10-10,0.0050712327582054,0.006415695563724677
2019-10-11,0.0086151398934355,0.010938977608158984
2019-10-14,-0.002467829333732,-0.0013871190067763495
2019-10-15,0.0043804130904843,0.009955676879340736
2019-10-16,-6.69791649531293e-05,-0.001999543053987307
2019-10-17,0.004847040071571,0.00276283165244795
2019-10-18,-0.0034662018399995,-0.0039193449497315624
2019-10-21,0.0017257873649871,0.006871616213484977
2019-10-22,-0.002973565122008,-0.003568666554747746
2019-10-23,0.0003609361405785,0.002847149032029872
2019-10-24,0.0016620689173136,0.0019204461816166862
2019-10-25,0.003084898690433,0.004072700584051514
2019-10-28,-0.0007649535643933,0.005581337852645696
2019-10-29,0.005328032415214,-0.0008324052170899376
2019-10-30,0.0023493940071628,0.0032533701741288557
2019-10-31,-0.0025182034786224,-0.003022860583353104
2019-11-01,0.0035178719076727,0.009662311997104212
2019-11-04,0.0040922666346228,0.0037040892383408686
2019-11-05,-0.0009386920189363,-0.0011856994273685695
2019-11-06,0.0017492219192505,0.0007024971924360912
2019-11-07,0.0011681602376343,0.002730095398704835
2019-11-08,0.0005047600351657,0.0025606759327254647
2019-11-11,0.0006286469053808,-0.0019624671353238865
2019-11-12,0.0014296518838596,0.0015646460440210674
2019-11-13,0.0021637627186155,0.0007115345352233238
2019-11-14,-0.0001501035739815,0.0008370428201818214
2019-11-15,0.006602062481861,0.007695487966070225
2019-11-18,-0.0005900317799507,0.0005031527465895191
2019-11-19,0.0013850442727929,-0.0005925942360627268
2019-11-20,-0.000240891564225,-0.0037561843404613215
2019-11-21,-0.0039468344977744,-0.0015827522508661263
2019-11-22,0.0015598388885411,0.0021749356912357243
2019-11-25,0.0061656435188985,0.007507291508899616
2019-11-26,0.0013115869384257,0.0021955704021285882
2019-11-27,0.0037553813024482,0.004174424272576305
2019-11-29,-0.0041188282352659,-0.004011219917781306
2019-12-02,-0.0060535907699619,-0.008631020628154462
2019-12-03,-0.0048910485543103,-0.006638095111017095
2019-12-04,0.0070427865702842,0.006323567603082392
2019-12-05,0.0013427117657414,0.0015002512191744088
2019-12-06,0.006496495762226,0.009135724177039783
2019-12-09,-0.0030387133015693,-0.003162821338922095
2019-12-10,-0.0008532740830976,-0.0010969339668811529
2019-12-11,0.0046127160428142,0.0029081579500966903
2019-12-12,0.0050789944819822,0.008575225600500724
2019-12-13,-0.0013881159155405,7.258195181569782e-05
2019-12-16,0.0046772565801021,0.007147785170966481
2019-12-17,-0.0010283108022944,0.0003352924270878521
2019-12-18,0.0015494587738993,-0.0004323001864839915
2019-12-19,0.0037016435037846,0.0044592918133157244
2019-12-20,0.0057019248604866,0.0049447812331995245
2019-12-23,0.0008835226514329,0.0008661435807297835
2019-12-24,-0.0002089711578181,-0.00019544821450478977
2019-12-26,0.0023760390248912,0.0051281665829021605
2019-12-27,-0.0006407169107595,3.3984895565053463e-05
2019-12-30,-0.0028926761663091,-0.005780822613559056
2019-12-31,0.0028834590533428,0.0029460215892096464
2020-01-02,0.002051658490324,0.008378802876399583
2020-01-03,-0.0020316289064462,-0.007059870561300419
2020-01-06,0.0010337435361591,0.0035333726923132414
2020-01-07,-0.0011890131298268,-0.002803238450998058
2020-01-08,-0.0019713128502311,0.004902451310513145
2020-01-09,0.003668047610386,0.0066552624994673515
2020-01-10,-0.0012323680546776,-0.0028551785323552847
2020-01-13,0.0024182119798765,0.006976215203984504
2020-01-14,0.0021701044643223,-0.0015145329342819425
2020-01-15,0.0014663309191831,0.0018701969703727173
2020-01-16,0.0079789566282546,0.008366553169135038
2020-01-17,0.0024360144608603,0.0038621620690157954
2020-01-21,-0.0055940150281688,-0.002651977609973044
2020-01-22,-0.0002202487945501,0.000289076089944329
2020-01-23,0.001544899359354,0.0011409765936629679
2020-01-24,-0.0081457366351024,-0.009042160866312154
2020-01-27,-0.0129562723731612,-0.015730711690954746
2020-01-28,0.006448835080014,0.010053584464402299
2020-01-29,-0.00643453912886,-0.0008668742243146399
2020-01-30,0.0018095407611631,0.0031343588645345033
2020-01-31,-0.0174546952809113,-0.017705820200054956
2020-02-03,0.0042961188324615,0.007254613784725583
2020-02-04,0.0109791479443395,0.014980414158696442
2020-02-05,0.0155491771170113,0.01125059574111642
2020-02-06,-0.0002182297584646,0.003325672909989974
2020-02-07,-0.0093235086514049,-0.005400853565797892
2020-02-10,0.0041341736457536,0.007326397818839148
2020-02-11,0.0046273953611732,0.0016884725205512652
2020-02-12,0.0034271034254718,0.006462646415010154
2020-02-13,-0.0020080326127204,-0.0016304458062382787
2020-02-14,0.0013230073248469,0.0018435334086464028
2020-02-18,-0.002257368168975,-0.002919942623117011
2020-02-19,0.0054749244583352,0.00470578579780212
2020-02-20,0.003952831837702,-0.0038155198009305336
2020-02-21,-0.0044026408315246,-0.010518102889622738
2020-02-24,-0.0248399471549733,-0.033513626544828146
2020-02-25,-0.0251814258944559,-0.030279995672499505
2020-02-26,-0.0083227729012501,-0.0037785404903645237
2020-02-27,-0.034900599781466,-0.04416324263826643
2020-02-28,-0.0187978751243494,-0.00823834042273175
2020-03-02,0.0404038404541061,0.04603922874232036
2020-03-03,-0.021161177774341,-0.02810789603432695
2020-03-04,0.0335358880682897,0.04220259077712596
2020-03-05,-0.0254103129267232,-0.033922077118805904
2020-03-06,-0.0103417993926765,-0.01705385193032183
2020-03-09,-0.074265535334333,-0.07596969728248681
2020-03-10,0.0379471939088183,0.04939630595567479
2020-03-11,-0.0477646584403687,-0.048868444911533415
2020-03-12,-0.0911275611553388,-0.09511268088633595
2020-03-13,0.0628537011551638,0.09287124973282035
2020-03-16,-0.0991513020783371,-0.11984055248695646
2020-03-17,0.0506963673627656,0.059954849490479356
2020-03-18,-0.0575045289797566,-0.051830762440945644
2020-03-19,0.0190603761014927,0.004707808072488717
2020-03-20,-0.0453296385498935,-0.043359512424085644
2020-03-23,-0.0280908070509668,-0.029293868023585024
2020-03-24,0.0854003515577799,0.09382773987446069
2020-03-25,0.0186342268762441,0.011535011665884554
2020-03-26,0.0534640780662428,0.062414162984360866
2020-03-27,-0.0323488311955366,-0.03368735231733755
2020-03-30,0.0273776859821617,0.03351600922771647
2020-03-31,-0.0134381062017653,-0.01601272174414059
2020-04-01,-0.0347320161469724,-0.044142430372115515
2020-04-02,0.0229710921891109,0.022829347095729702
2020-04-03,-0.0141711590630912,-0.01513712512700871
2020-04-06,0.0601781427892745,0.07033131894499789
2020-04-07,0.003422201327691,-0.001603052960193252
2020-04-08,0.0349884419954398,0.03405645274589775
2020-04-09,0.0146206562030005,0.014487410195618944
2020-04-13,-0.011533391243487,-0.010104660627883844
2020-04-14,0.0291070294595497,0.03057258922339079
2020-04-15,-0.0243667864897826,-0.022030438817243536
2020-04-16,0.0075320682635098,0.0058166896763673925
2020-04-17,0.025684045821883,0.026793594930297315
2020-04-20,-0.0124512676816434,-0.017881048210862893
2020-04-21,-0.0231657421338723,-0.030674795512610764
2020-04-22,0.0199555914551617,0.022930247700439832
2020-04-23,0.0029222247681408,-0.0005394222033908713
2020-04-24,0.0127170636062868,0.013918057158487152
2020-04-27,0.0175061882746959,0.014714069723394063
2020-04-28,-0.0018299634763016,-0.005242380389944623
2020-04-29,0.0158553077136163,0.026583916212768344
2020-04-30,-0.0147132324068411,-0.009212446260729035
2020-05-01,-0.0224775787580006,-0.02805903417696365
2020-05-04,0.0030295187244568,0.004249827487006197
2020-05-05,0.0093898220855512,0.009040556326081806
2020-05-06,-0.0072354296735971,-0.006979410206169656
2020-05-07,0.0104073763115626,0.011504630601302246
2020-05-08,0.0174845009806868,0.016871538841735756
2020-05-11,-8.42051235249164e-05,0.00013307802357820364
2020-05-12,-0.0134200101561726,-0.020500317457065598
2020-05-13,-0.0126865524710367,-0.017462724540040497
2020-05-14,0.0080272967251473,0.01152482269503552
2020-05-15,0.006871732155347,0.0039263631901840235
2020-05-18,0.0259160852757219,0.03150119165539622
2020-05-19,-0.0071666774859378,-0.010484399295383806
2020-05-20,0.0116533804626469,0.016651100256048545
2020-05-21,-0.0082742286009216,-0.007773596188000886
2020-05-22,0.0001526173626746,0.0023537111885199025
2020-05-26,0.0116210884309889,0.012289184253555296
2020-05-27,0.0174365036985435,0.01482729711958286
2020-05-28,0.0003744033520858,-0.0021079147620906014
2020-05-29,0.0105549877894888,0.004812336114520699
2020-06-01,0.002600654550932,0.0037512345256156543
2020-06-02,0.0079751914346799,0.00821083281710644
2020-06-03,0.0115606849408914,0.013648979191211774
2020-06-04,-0.0046891604728909,-0.003368702061200768
2020-06-05,0.0167002556981659,0.026211650820524124
2020-06-08,0.0108191781844875,0.012041579439382666
2020-06-09,-0.011794031928383,-0.007799170840929293
2020-06-10,-0.0032740548765641,-0.005313091052354446
2020-06-11,-0.0539864227873041,-0.05894405929113278
2020-06-12,0.011196520620937,0.013060843982557913
2020-06-15,0.0098045160674578,0.00831221694256068
2020-06-16,0.0162321064634143,0.018962398081031173
2020-06-17,-0.0005763019020385,-0.003600299556444031
2020-06-18,-0.002807997845352,0.0005942199929795944
2020-06-19,-0.0005294621549091,-0.0056494949196056465
2020-06-22,0.0025221084736935,0.006495095477655033
2020-06-23,0.0001679282850295,0.004307419685010361
2020-06-24,-0.0236712300899303,-0.025855145959540415
2020-06-25,0.0090868660188607,0.010959447386073906
2020-06-26,-0.0158485230071899,-0.024226905063212123
2020-06-29,0.0122713363127807,0.01468567829727041
2020-06-30,0.0143858034303499,0.015409875789030192
2020-07-01,0.0026658557311634,0.005022132705049254
2020-07-02,0.0045719498262759,0.004541251055594886
2020-07-06,0.014628017099525,0.015881725886237597
2020-07-07,-0.008651357383397,-0.010818532233573208
2020-07-08,0.0074754110878627,0.007827461901406707
2020-07-09,-0.0064079838427739,-0.005643605977707078
2020-07-10,0.0073077365964111,0.010466201198317426
2020-07-13,-0.0082126567093764,-0.00936254101513978
2020-07-14,0.0153668202999073,0.01340637083587981
2020-07-15,0.010631976142184,0.00908205072004531
2020-07-16,-0.0022240381528246,-0.0034061014823960623
2020-07-17,0.0064511944818226,0.002848612160921471
2020-07-20,0.0024370370619937,0.008406938927643104
2020-07-21,0.003598005240422,0.001679037361077107
2020-07-22,0.0065068440273015,0.005747082159577754
2020-07-23,-0.0040529989831865,-0.01231985999890195
2020-07-24,-0.0039036829891226,-0.006190399963146742
2020-07-27,0.0079392154347837,0.007395138702285697
2020-07-28,-0.0085270463354292,-0.0064733922441613245
2020-07-29,0.010065444341363,0.012428381679718825
2020-07-30,-0.0012167573320917,-0.0037502517220709963
2020-07-31,-0.0007567029881065,0.00767050484022791
2020-08-03,0.0053384647787273,0.007181023368088013
2020-08-04,0.0065767659675097,0.00361193058162379
2020-08-05,0.0067657506577654,0.006429743123626652
2020-08-06,0.0022610426195457,0.006427695385031518
2020-08-07,0.0015376523186312,0.0006330294926806257
2020-08-10,0.0020854579963272,0.0027422184718899345
2020-08-11,-0.0024031785863369,-0.007969132362766196
2020-08-12,0.0109014052574772,0.013996549716919215
2020-08-13,-0.0042170605469849,-0.0020471743456673686
2020-08-14,-0.0001466305618136,-0.00017188262738165871
2020-08-17,0.0048359735345273,0.002709842339397195
2020-08-18,-1.01681045272528e-06,0.0023033891356964986
2020-08-19,-0.003280877836404,-0.004404395232809444
2020-08-20,-0.0026508818675157,0.0031586327364043765
2020-08-21,-0.0010429864531096,0.0034411069427024987
2020-08-24,0.0094947036808863,0.010043718248138767
2020-08-25,-0.0005684516854272,0.003596351185477742
2020-08-26,0.0023812653136134,0.010195626058366436
2020-08-27,-0.0006292722888699,0.0016730441952841346
2020-08-28,0.0054568570175941,0.006732565372890242
2020-08-31,-0.0045661836650995,-0.002194962664887057
2020-09-01,0.0016565252355214,0.0075250028014732795
2020-09-02,0.0120055772989514,0.015365910284791173
2020-09-03,-0.0267174852129595,-0.03512584363136184
2020-09-04,-0.0064667397281675,-0.008133027362810297
2020-09-08,-0.0192104086211498,-0.027756342088176567
2020-09-09,0.018362476486206,0.020144986322044645
2020-09-10,-0.0141782923494089,-0.017584796727765806
2020-09-11,0.0053181041881897,0.0005330724012264643
2020-09-14,0.0121498524578054,0.01274182898065912
2020-09-15,0.0023883219573857,0.005219359545459712
2020-09-16,0.0003314932731648,-0.0046189466148207625
2020-09-17,-0.002338872735094,-0.00841236573852644
2020-09-18,-0.0072742797125651,-0.011182581788012014
2020-09-21,-0.0173863758320484,-0.011571097896821425
2020-09-22,0.0061915129028642,0.010517944926164535
2020-09-23,-0.020342351057225,-0.02372145494950828
2020-09-24,0.0034587862353945,0.002987459138014348
2020-09-25,0.0094488242231287,0.015976723760637634
2020-09-28,0.0128719193230282,0.01611059028404549
2020-09-29,-0.0025666930056492,-0.004812664556736679
2020-09-30,0.003861046312974,0.008253718138480526
2020-10-01,0.0035019660224178,0.005292907820398485
2020-10-02,-0.0050501443821553,-0.009577652191994468
2020-10-05,0.015458433628555,0.01797270874080037
2020-10-06,-0.0088953220371953,-0.013973515704569395
2020-10-07,0.015111684645708,0.01739675465847834
2020-10-08,0.0055113952509329,0.008010123725696872
2020-10-09,0.009624259319491,0.008793533279594534
2020-10-12,0.0068049937176639,0.01641581292570682
2020-10-13,-0.0037368642361217,-0.006306918975870435
2020-10-14,-0.0020692765844257,-0.006623141819561806
2020-10-15,-0.0008804407501,-0.0015277553105237374
2020-10-16,0.0010481899943566,0.00013491964267831058
2020-10-19,-0.0118892672990991,-0.016329861857144357
2020-10-20,0.0034304265331088,0.004727333981747961
2020-10-21,-0.0042584156975007,-0.002195699755774716
2020-10-22,0.002570959301523,0.005218925209306002
2020-10-23,0.0051218657918454,0.0034457615439620337
2020-10-26,-0.0152401161219349,-0.01858951632834349
2020-10-27,-0.0040361438127813,-0.003025618893357729
2020-10-28,-0.026046545888024,-0.03528787895040986
2020-10-29,0.007836537409545,0.011947330857108529
2020-10-30,-0.0070947886016553,-0.01212954998538962
2020-11-02,0.0175427727199309,0.012318202510247733
2020-11-03,0.0156353301817527,0.017799290135456225
2020-11-04,0.011463434976112,0.022047047614283777
2020-11-05,0.0168205482667736,0.0194601942093231
2020-11-06,0.0025480647916786,-0.0002877152541975736
2020-11-09,0.0046337514725876,0.011699889352800863
2020-11-10,0.0003221866491907,-0.0013997946768060654
2020-11-11,0.0055693696596546,0.007651855372284633
2020-11-12,-0.0100689943915544,-0.00997853220796574
2020-11-13,0.0169430676653914,0.013610335244711447
2020-11-16,0.0125907926458773,0.011648051306502927
2020-11-17,-0.0058808593468577,-0.004791925749933035
2020-11-18,-0.008829731107449,-0.01156382954696289
2020-11-19,0.0035025274531219,0.003946442432455122
2020-11-20,-0.0032398379513787,-0.006792562880637787
2020-11-23,0.0102359367559939,0.005635930665628175
2020-11-24,0.0168571691174269,0.016161668211777558
2020-11-25,-0.0046513333817054,-0.0015844183020425895
2020-11-27,0.0020163657066469,0.0023969793877931522
2020-11-30,-0.0124727799872159,-0.004595548682681971
2020-12-01,0.013268837401029,0.011271187094962443
2020-12-02,0.0034494068439867,0.001791166865832139
2020-12-03,0.0015242212985056,-0.00062415719601705
2020-12-04,0.0178343705202302,0.008836274996796067
2020-12-07,-0.0059309772349277,-0.0019356376039518786
2020-12-08,0.0066842912363509,0.002787148048380539
2020-12-09,-0.0018887025562122,-0.007949201701667907
2020-12-10,0.0015436220130691,-0.0012851078769481328
2020-12-11,-0.0036401404178422,-0.001264997376306587
2020-12-14,-0.0051862325106828,-0.004359259052920228
2020-12-15,0.0141222065663891,0.012921249168390325
2020-12-16,0.0014334145951044,0.0017727952516315426
2020-12-17,0.0085011378024768,0.005757654592763117
2020-12-18,-0.0021514236156323,-0.0035111184130531825
2020-12-21,-0.0080180708513653,-0.003906278988775158
2020-12-22,-0.0053794444647317,-0.0020730928306164076
2020-12-23,0.0119180454119794,0.0007458112507774395
2020-12-24,-9.36490529176437e-05,0.003536589051150063
2020-12-28,0.0050179383403501,0.008722528796554885
2020-12-29,-0.0014476689780985,-0.002227380429642767
2020-12-30,0.005698833894473,0.0013415471654931732
2020-12-31,0.0019789657457303,0.006438845443480057
2021-01-04,0.0003367669416376,-0.014754827518302815
2021-01-05,0.0126195566619618,0.0070825951370958595
2021-01-06,0.0196216484239553,0.005709842974795709
2021-01-07,0.0101872651968444,0.014847403669199233
2021-01-08,0.0016526225403434,0.005491862796268343
2021-01-11,-0.001672425853144,-0.006554751102242018
2021-01-12,0.0076118543671039,0.0004157884507911547
2021-01-13,-0.0079130564107304,0.00227564187379814
2021-01-14,0.0052848060404351,-0.0037534512393423425
2021-01-15,-0.0096947974743654,-0.007190027959022682
2021-01-19,0.0061116089588082,0.008136379486499035
2021-01-20,0.0020797614418492,0.013935625541624974
2021-01-21,-0.006488270507865,0.00031672312498187694
2021-01-22,-0.0004427031382469,-0.0030106114851996546
2021-01-25,-0.0044579068966264,0.0036158387557001515
2021-01-26,-0.0060004629446054,-0.0014888336862691753
2021-01-27,-0.0248897324855896,-0.025677883530241363
2021-01-28,0.0086592958588789,0.00976062589942539
2021-01-29,-0.0204759265326155,-0.019311475283558144
2021-02-01,0.0146436442034379,0.016051767564970953
2021-02-02,0.0093183572160191,0.01389822370540772
2021-02-03,0.0046626514717735,0.0010087690073419253
2021-02-04,0.0089988132072118,0.01085332213623924
2021-02-05,0.0066921274527733,0.003897495193110778
2021-02-08,0.0087451909303113,0.007399348420911389
2021-02-09,-0.0028796262942221,-0.0011135251397642598
2021-02-10,0.0024191618256914,-0.00034518476461464775
2021-02-11,0.0012513887686327,0.0016624551634596418
2021-02-12,0.0041651564288578,0.004711033033360179
2021-02-16,-0.0022222496627964,-0.0005692723588049953
2021-02-17,0.0007225517673825,-0.00032040206881589484
2021-02-18,-0.0051645493534892,-0.004415835520183986
2021-02-19,0.0085176858309297,-0.0018548967043160447
2021-02-22,0.0002983110986758,-0.0077328394740282524
2021-02-23,0.0050355102609513,0.001256318070424367
2021-02-24,0.010230015208573,0.011351613907424785
2021-02-25,-0.0184977753210996,-0.024478807586572393
2021-02-26,-0.0116827877841635,-0.0047502142880968545
2021-03-01,0.0233184720877206,0.023790763504846213
2021-03-02,-0.0060987367866349,-0.008080851615528628
2021-03-03,-0.0049373613550418,-0.013066221779354348
2021-03-04,-0.0154703122762586,-0.01341721392905737
2021-03-05,0.0200401055031385,0.019495968009665132
2021-03-08,0.0017143842315789,-0.0053592308355140394
2021-03-09,0.0035095350876843,0.014154642106283255
2021-03-10,0.0092032189488406,0.00603031355298711
2021-03-11,0.0091613345632206,0.010395486927207598
2021-03-12,0.0025616421553855,0.00101539849585075
2021-03-15,0.0046021502857844,0.006491921170558745
2021-03-16,-0.0057350633593918,-0.001569683616434503
2021-03-17,0.0055995530824728,0.0028793820673973514
2021-03-18,-0.011565521498793,-0.014760539257248628
2021-03-19,-0.0010803943121552,-0.0006027039028634329
2021-03-22,0.0047045515714279,0.007025118016799503
2021-03-23,-0.0154645239588009,-0.0076308540925305035
2021-03-24,-0.0034590676466488,-0.005467336029646441
2021-03-25,0.0053065419263225,0.005240265858443838
2021-03-26,0.0189705210602713,0.016631202466639294
2021-03-29,-0.0047662088557121,-0.0008680126420032019
2021-03-30,-0.0029801369148528,-0.0031578329179421383
2021-03-31,-0.0031814720795924,0.0036224991025748388
2021-04-01,0.0121985471416397,0.011825201620305759
2021-04-05,0.0086147136017147,0.014438226437851975
2021-04-06,-0.0013933181825659,-0.0009735308247780239
2021-04-07,-0.003156281779825,0.0014752328426630434
2021-04-08,0.0030825910241929,0.004220632901582366
2021-04-09,0.002545068905104,0.007719934394265993
2021-04-12,-0.0016336765480247,-0.00019607901526719207
2021-04-13,-0.0006695588019756,0.003294486960746079
2021-04-14,0.004603610188328,-0.004087726848308382
2021-04-15,0.0079681667193916,0.011094190616755428
2021-04-16,0.006939488194672,0.003608819562894938
2021-04-19,-0.003551568841312,-0.0053065600420239
2021-04-20,-0.0112689308526379,-0.006802319958816749
2021-04-21,0.0073955056961798,0.009306055601546293
2021-04-22,-0.008129378950337,-0.009210657618555329
2021-04-23,0.0099305314105067,0.010928696685007955
2021-04-26,0.002719757326159,0.0017822708499934947
2021-04-27,0.0003152201108329,-0.00021489580593681001
2021-04-28,0.0033568018441392,-0.000845539901930259
2021-04-29,0.0037221923253347,0.006762806718751291
2021-04-30,-0.0087958841854849,-0.007194706706479703
2021-05-03,0.0090849628416049,0.002748090657483715
2021-05-04,-0.0004917529250902,-0.006678337608625351
2021-05-05,0.0074037126289048,0.0007034638818679273
2021-05-06,0.0058755489268225,0.0081654563605853
2021-05-07,0.0077706225321936,0.0073733417437364945
2021-05-10,0.0010059978397163,-0.010435647350873323
2021-05-11,-0.0090515149140409,-0.008673912772421022
2021-05-12,-0.0139053739968958,-0.021449400760569004
2021-05-13,0.0091002013822869,0.012173141422493483
2021-05-14,0.0114548427112406,0.014917956960486256
2021-05-17,0.000917483572121,-0.002530052290344531
2021-05-18,-0.0048909397679625,-0.008517292974504764
2021-05-19,-0.0043034757648862,-0.0029434113736307443
2021-05-20,0.0071303482160145,0.010554741656874755
2021-05-21,0.0001810033761591,-0.0007838807027175099
2021-05-24,0.0038587475921916,0.009911292333679933
2021-05-25,-0.0035963691173402,-0.0021252838099213855
2021-05-26,0.0012059734198024,0.0018768164358766715
2021-05-27,0.002458491934898,0.001165314675992013
2021-05-28,0.0018072679664875,0.0007688817795221681
2021-06-01,0.0011517868135326,-0.0004923334706867788
2021-06-02,0.0025653724862482,0.0014469348087047251
2021-06-03,-0.0004189592745039,-0.0036287032155551957
2021-06-04,0.0062952519323071,0.008834095694875588
2021-06-07,-0.0029239389570329,-0.0007967386600709059
2021-06-08,0.0018401102495113,0.00017502484230513815
2021-06-09,-0.0019593652123436,-0.0018238673341089973
2021-06-10,0.0036240019061415,0.004652242989699795
2021-06-11,0.0029633593740194,0.0019484345220244226
2021-06-14,-0.0021953565167178,0.0018152018879837861
2021-06-15,-0.0022352921243683,-0.002011693641151502
2021-06-16,-0.0058276921246992,-0.00539012474499756
2021-06-17,-0.0057076220423535,-0.0004357155846854699
2021-06-18,-0.0139715075445093,-0.013124468788176635
2021-06-21,0.0159996675948946,0.014002290023774178
2021-06-22,0.002856650245975,0.005124491820929222
2021-06-23,-0.0038150535751537,-0.0010832831887211958
2021-06-24,0.0063769354812801,0.0058112495772011385
2021-06-25,0.0062644630128547,0.003330597334258556
2021-06-28,-0.0027509905183862,0.002314964269531039
2021-06-29,0.0002919628352615,0.0002773363316626032
2021-06-30,-0.001014378148144,0.0013281595738365848
2021-07-01,0.0042257301200674,0.005221626759744025
2021-07-02,0.0041871680803955,0.007500081816531168
2021-07-06,-0.0041113756982519,-0.002021856131508404
2021-07-07,0.0040911637224565,0.003358975367787398
2021-07-08,-0.0069673958100388,-0.008561025027165159
2021-07-09,0.0109189138900334,0.011277947932317955
2021-07-12,0.0015068387793992,0.0034511743023832864
2021-07-13,-0.0040041133586963,-0.0035168126869239424
2021-07-14,0.0001108443728925,0.0011649346324467125
2021-07-15,-0.0015303789566528,-0.003262240961099394
2021-07-16,-0.0045866507687411,-0.007538854232850056
2021-07-19,-0.0110649427990225,-0.015869512457213575
2021-07-20,0.0082658634312537,0.015162609622647816
2021-07-21,0.0069916384315509,0.008241819802115247
2021-07-22,-0.000275751188796,0.0020166699441768188
2021-07-23,0.0096418667063629,0.010145452114928899
2021-07-26,-0.0009498489719131,0.002382199947661423
2021-07-27,-0.0007592614364723,-0.004712444863289922
2021-07-28,-0.000621403815097,-0.00018626183295167298
2021-07-29,0.0051527089779779,0.00420615283771375
2021-07-30,-0.0039342755883093,-0.0054060478892530295
2021-08-02,-0.0013619699122371,-0.0018428057569328526
2021-08-03,0.0044685290753374,0.008203426526560698
2021-08-04,-0.0081374953950026,-0.00463238788057696
2021-08-05,0.0018498200953271,0.00600544694869698
2021-08-06,-0.0022342803267416,0.0016752662698571452
2021-08-09,-0.0023039244782118,-0.0009399083022734178
2021-08-10,0.002327924159851,0.0009926792565382314
2021-08-11,0.0046178393987741,0.0012757437313348774
2021-08-12,-0.0014959610839656,0.0041463803100489915
2021-08-13,0.0038871742772064,0.0016073066838750982
2021-08-16,0.0005975474414823,0.002620850716203993
2021-08-17,-0.0028179275314672,-0.0070606988567043505
2021-08-18,-0.0087995480426668,-0.01074847061240336
2021-08-19,0.0009193484557008,0.0012566921972665401
2021-08-20,0.0032778907113297,0.008141567612602874
2021-08-23,0.0022182002991002,0.008523790300687617
2021-08-24,-0.0013590354207736,0.0014957362316099232
2021-08-25,0.0009990260835659,0.002220118238343005
2021-08-26,-0.0033148389265195,-0.005824918729784523
2021-08-27,0.0045870230289089,0.00880763243847893
2021-08-30,0.0012018137381553,0.004306570872678828
2021-08-31,0.0012931526614028,-0.0013491159774211559
2021-09-01,0.001924557119157,0.00031168863265662594
2021-09-02,0.0044491598498386,0.0028426382860313737
2021-09-03,0.0003827889681988,-0.00033503100864440416
2021-09-07,-0.007284041980677,-0.0033955744885003636
2021-09-08,-0.0009319273873901,-0.0013185667536479428
2021-09-09,-0.0035426376938397,-0.00460560864377102
2021-09-10,-0.0019118765555045,-0.007722578753239118
2021-09-13,0.0008127643028774,0.0022764875414220676
2021-09-14,-0.0041081163464875,-0.0057466383323524495
2021-09-15,0.0025134034332448,0.008473996838304743
2021-09-16,-0.0040393995127168,-0.0015511403792997092
2021-09-17,0.000236904857318,-0.009110872534227488
2021-09-20,-0.009931082380866,-0.016977311030999198
2021-09-21,-0.0005429800634132,-0.0008123585023045443
2021-09-22,0.0036523902637997,0.009519611354042334
2021-09-23,0.005040193673385,0.012134715613094649
2021-09-24,0.0011286520884326,0.001461009046842321
2021-09-27,-0.0007662457073106,-0.0027763825795488195
2021-09-28,-0.0094651632676496,-0.020364110451886908
2021-09-29,0.0039181393109448,0.00156918419061447
2021-09-30,-0.0078051325525229,-0.01190971415369746
2021-10-01,0.0033328819580626,0.011491477630348745
2021-10-04,-0.0048965287700246,-0.012985898108245686
2021-10-05,0.0016849030025998,0.01052451468225657
2021-10-06,0.0022047637927882,0.004102792889992601
2021-10-07,0.005928769997332,0.008298280670134384
2021-10-08,-8.87206371344984e-05,-0.0019137231230365037
2021-10-11,-0.0025477757637217,-0.00686576399710781
2021-10-12,-0.0007909577200817,-0.00241678054443617
2021-10-13,0.0036278455576783,0.003022514634872131
2021-10-14,0.0118311860079163,0.01706310195868399
2021-10-15,0.0027346182268595,0.00746021025034338
2021-10-18,-0.0008834832504668,0.003374769613150086
2021-10-19,0.0044522563125408,0.0073933395791649925
2021-10-20,0.0048528923740578,0.003664029672493463
2021-10-21,-8.83755387319773e-05,0.002995871905003167
2021-10-22,0.0029955342528122,-0.0010725536686606585
2021-10-25,0.0024336177546955,0.004748196542349259
2021-10-26,-0.0005436409615415,0.001819795342670183
2021-10-27,-0.0095857314723416,-0.005051568007053753
2021-10-28,0.004934926689067,0.009829281555391978
2021-10-29,0.0008251481456953,0.0019493347326935417
2021-11-01,0.005232037400833,0.0018000771294897078
2021-11-02,-0.0016077277335889,0.0036803629837132146
2021-11-03,0.0041503785590775,0.006461279222831573
2021-11-04,-0.0057043940027291,0.0041819424954505635
2021-11-05,0.0015759454979671,0.0037327995324343277
2021-11-08,0.0003866270557439,0.000887787878071089
2021-11-09,-0.0023801496982636,-0.003498775829538059
2021-11-10,-0.0059579619106079,-0.00822582338189004
2021-11-11,0.004130823035459,0.0005509401321552865
2021-11-12,0.0055699880976325,0.007222655998801342
2021-11-15,0.0003965819786295,-1.0739827017269832e-05
2021-11-16,-0.0004434233071746,0.0038652297244641254
2021-11-17,-0.0031247685540141,-0.0026016252749386792
2021-11-18,0.0031589969334531,0.003384780175191171
2021-11-19,0.0005301874622491,-0.0013986655327519193
2021-11-22,-0.0069226938830084,-0.0031971366560566983
2021-11-23,-0.0003233727475746,0.0016571329331085405
2021-11-24,0.0019277107801105,0.0022938507158203336
2021-11-26,-0.0169805578203502,-0.02272482269045517
2021-11-29,0.0124233425569369,0.013200199680403646
2021-11-30,-0.0152919067086715,-0.018961310433288192
2021-12-01,-0.0118746363959116,-0.011815187431574281
2021-12-02,0.0109226780596006,0.014194436221796503
2021-12-03,-0.0113311424361208,-0.008448563756972893
2021-12-06,0.0118617548797717,0.011730872556229066
2021-12-07,0.0197908826482847,0.02070708034661739
2021-12-08,0.0058129712732879,0.0030852853256519985
2021-12-09,-0.0068321187289411,-0.007181080249565874
2021-12-10,0.008093248825856,0.00954907350650358
2021-12-13,-0.0072323588844546,-0.009136167676978557
2021-12-14,-0.0074383666420039,-0.007470677557106731
2021-12-15,0.0124722484539581,0.016348464650095318
2021-12-16,-0.0054609795630459,-0.008743415425787493
2021-12-17,-0.0079619213416601,-0.01028768060334928
2021-12-20,-0.007402536363773,-0.011388057810138075
2021-12-21,0.0129393069693395,0.017777934344517243
2021-12-22,0.0080806411859701,0.010180197409808578
2021-12-23,0.0030307145487356,0.00622369982131632
2021-12-27,0.0124948219546519,0.013838935174919076
2021-12-28,-0.0130544610735197,-0.0010101546921743587
2021-12-29,0.0001376252289921,0.0014018951523844247
2021-12-30,-0.0021867207949339,-0.002989755776811598
2021-12-31,-0.0024395226268099,-0.002626179770048531
2022-01-03,0.0031696656415625,0.006374052570017774
2022-01-04,-0.0033231838205434,-0.0006296220547334919
2022-01-05,-0.0182596467045879,-0.019392757803978422
2022-01-06,-0.0026366344494571,-0.0009637689231597468
2022-01-07,-0.0018515773732267,-0.004050216839640131
2022-01-10,0.0003639512617021,-0.0014410312334581787
2022-01-11,0.0111104968668438,0.00915998463537826
2022-01-12,0.0033361998487009,0.0028177545625089895
2022-01-13,-0.0132631684144741,-0.014243615391184683
2022-01-14,0.0034711621819718,0.0008199803770947423
2022-01-18,-0.0110334494594234,-0.01838794582669001
2022-01-19,-0.0048463813107514,-0.009689541725557582
2022-01-20,-0.0085308738918205,-0.011037378679380039
2022-01-21,-0.0125050176238298,-0.018914821855944175
2022-01-24,0.0021570002062996,0.002771739078644142
2022-01-25,-0.0073348597235704,-0.012171906366504448
2022-01-26,-0.0033831429633042,-0.001496635725913631
2022-01-27,-0.0021399853422593,-0.005384088721519631
2022-01-28,0.0201503446625888,0.02434764687874269
2022-01-31,0.0132146023872635,0.01888595172426344
2022-02-01,0.0067465635127217,0.00686300347428026
2022-02-02,0.0049606577171517,0.009422515502452544
2022-02-03,-0.0036863007008191,-0.024391082205822312
2022-02-04,0.0052371776648805,0.005156929920726805
2022-02-07,-0.0017915361923771,-0.003701712641814958
2022-02-08,0.0092483723855103,0.00840120721989246
2022-02-09,0.0111160984628929,0.014517207949908295
2022-02-10,-0.0158308282163603,-0.01811572574253295
2022-02-11,-0.0101485529729366,-0.018969454254893825
2022-02-14,-0.0043551805741555,-0.003840596761410464
2022-02-15,0.0094439480995138,0.01576672109217747
2022-02-16,-0.0013779852824915,0.0008812078887363572
2022-02-17,-0.0160509179372456,-0.021173138150420767
2022-02-18,-0.0048840719834372,-0.007166161523946446
2022-02-22,-0.0104811244864312,-0.010142945135926285
2022-02-23,-0.0094020040016155,-0.01841212293099659
2022-02-24,0.0102317336610735,0.014956855993373708
2022-02-25,0.02335077370201,0.02237267764994688
2022-02-28,0.001436461208623,-0.002442603455093506
2022-03-01,-0.0052295520309734,-0.015473503503234176
2022-03-02,0.0131883787925362,0.018642691654101373
2022-03-03,-0.0024407731412535,-0.005254666501403937
2022-03-04,-0.004398336209006,-0.007934042508045969
2022-03-07,-0.0204832718627499,-0.029518158213662216
2022-03-08,-0.0089707411925993,-0.007233753651663122
2022-03-09,0.0156925834802579,0.02569824801324505
2022-03-10,-0.0015922888745044,-0.004291813585734494
2022-03-11,-0.0122797276186088,-0.012961545136721653
2022-03-14,-0.0073787385887613,-0.007421002628769435
2022-03-15,0.0118485233175945,0.021408574164825556
2022-03-16,0.0202583900952087,0.02238376136615461
2022-03-17,0.0166785816679444,0.012347817665471439
2022-03-18,0.0105016475093955,0.011662294756783487
2022-03-21,0.0038833125240853,-0.00043466027109850813
2022-03-22,0.0077687365221761,0.011304113488017853
2022-03-23,-0.0074563486423622,-0.012272698810703808
2022-03-24,0.0067533536448556,0.014343912949824178
2022-03-25,0.005289464872523,0.005066170712912266
2022-03-28,-0.0003697864425127,0.007144955289704935
2022-03-29,0.0074923441221153,0.012256547398955542
2022-03-30,-0.0025350197812747,-0.006293700315920359
2022-03-31,-0.0123730277307753,-0.015652540700660467
2022-04-01,0.0065255548105098,0.0034102225776486694
2022-04-04,0.0032090932249828,0.008090938812119086
2022-04-05,-0.0087052641688475,-0.012551720903325236
2022-04-06,-0.0039663253318785,-0.009716916648204066
2022-04-07,0.0063369758781082,0.004253385719476199
2022-04-08,0.002820782705146,-0.0026510265306263214
2022-04-11,-0.0119771897128399,-0.01687729010414174
2022-04-12,-4.73470476292093e-05,-0.0034174477532732395
2022-04-13,0.0103239478787718,0.0111745777259451
2022-04-14,-0.0081515280844237,-0.012144137843715153
2022-04-18,-0.0009808728467796,-0.00020486843342082395
2022-04-19,0.0082170972126205,0.016057604463748154
2022-04-20,0.0010700155840814,-0.0006184751556111978
2022-04-21,-0.0157195974707385,-0.01475294848539066
2022-04-22,-0.019734583869862,-0.02774005423099457
2022-04-25,-0.0005358421107568,0.005697936978275253
2022-04-26,-0.0190599034857909,-0.028146308461328373
2022-04-27,0.0031574532863567,0.0020980469416747027
2022-04-28,0.0135796022332855,0.024746900057631915
2022-04-29,-0.0225651533392429,-0.036284507055393656
2022-05-02,0.0015227194564397,0.005675242804490166
2022-05-03,0.00430336706763,0.004837126223340427
2022-05-04,0.0224639052436129,0.029862421229954084
2022-05-05,-0.022218987838964,-0.03564970868144213
2022-05-06,-0.0023882455505798,-0.005674224737239442
2022-05-09,-0.0254402519918664,-0.032037100747885905
2022-05-10,0.0006200422928985,0.0024578975517830504
2022-05-11,-0.0128847951449031,-0.016463207456368423
2022-05-12,0.0007408278123055,-0.0012959646288417392
2022-05-13,0.0225644758396164,0.023869695562981796
2022-05-16,-0.0012264106917692,-0.003946400975738618
2022-05-17,0.0211870441306703,0.020169632260973236
2022-05-18,-0.0398071605867114,-0.04039526078023514
2022-05-19,-0.0010653569371048,-0.0058337819079785636
2022-05-20,0.0010920968462191,0.00014614167753213003
2022-05-23,0.0150140025257552,0.01855504004106545
2022-05-24,-0.0022897413447723,-0.008120797735136853
2022-05-25,0.0096705721631151,0.009450764735331685
2022-05-26,0.0137044178471926,0.019883256314870534
2022-05-27,0.0186863935628336,0.02474226283507508
2022-05-31,-0.0069789613935923,-0.006274368610709735
2022-06-01,-0.0055430851348599,-0.007482768712004928
2022-06-02,0.0141047856704168,0.018431018101550123
2022-06-03,-0.0109635227142002,-0.016347313955862863
2022-06-06,0.0043204026425465,0.00313740084741565
2022-06-07,0.0085352970792447,0.009523393172729655
2022-06-08,-0.0121627667816814,-0.010793945725281806
2022-06-09,-0.0198731355601517,-0.02379869417485092
2022-06-10,-0.0206220121423522,-0.02911030335368414
2022-06-13,-0.0352110667632685,-0.038768430513214436
2022-06-14,-0.0028561387395355,-0.0037736799208243355
2022-06-15,0.0121278576419908,0.014592504923557348
2022-06-16,-0.0289141197702038,-0.03251195130465245
2022-06-17,-0.005075903501988,0.0022008655999647964
2022-06-21,0.0237551469291073,0.024477242232587848
2022-06-22,-0.0055452769414002,-0.0013015721857629892
2022-06-23,0.0035688284039652,0.009532217171233093
2022-06-24,0.024729915682046,0.030563293651357126
2022-06-27,0.0022248889273941,-0.002973071581886977
2022-06-28,-0.0112904405896685,-0.020143035925831665
2022-06-29,-0.0051323762189925,-0.0007117454868115214
2022-06-30,-0.0090928670456661,-0.008759278186454056
2022-07-01,0.0089760470365585,0.010553813945969992
2022-07-05,-0.0074013007018873,0.0015841286572499946
2022-07-06,0.000952847293383,0.0035731641473011333
2022-07-07,0.0163229410127821,0.014964587949473751
2022-07-08,-0.0034817358113278,-0.0008302714337696804
2022-07-11,-0.0118231996280903,-0.011527461378145532
2022-07-12,-0.0082492038832124,-0.009243878765105018
2022-07-13,-0.0032728742974874,-0.004456902634757398
2022-07-14,-0.010685943394028,-0.002998633774978998
2022-07-15,0.0192719838966597,0.019201249280163424
2022-07-18,-0.0042652109900618,-0.00836357146377431
2022-07-19,0.0258907877151346,0.027628291447701514
2022-07-20,0.0058905226493999,0.005895806209747834
2022-07-21,0.0054311487624274,0.00986137275345711
2022-07-22,-0.0060062331315227,-0.009332466886880497
2022-07-25,0.0078034197511647,0.0013151670281865702
2022-07-26,-0.0085270721072704,-0.01154320264598474
2022-07-27,0.0184608061600415,0.02615627363036488
2022-07-28,0.0122554686540217,0.012133338892619472
2022-07-29,0.008800662938956,0.014207759977735268
2022-08-01,-0.0049903404453373,-0.002823084066712167
2022-08-02,-0.0084978581999868,-0.006662395694563394
2022-08-03,0.0078255708810264,0.01563847729454504
2022-08-04,-0.002869844508996,-0.0007773402918852534
2022-08-05,0.0054630379501687,-0.0016257460598946283
2022-08-08,0.0042085373331191,-0.0012375505279649257
2022-08-09,-0.0048848724919377,-0.004248692953562783
2022-08-10,0.0169919916156165,0.021290637511616195
2022-08-11,0.0033879128055347,-0.0007054737580087789
2022-08-12,0.0123849744528042,0.017322368579518965
2022-08-15,0.0010623594982288,0.003969542046193597
2022-08-16,0.0022106792134126,0.00187567957828505
2022-08-17,-0.0039782134788634,-0.007237794896550631
2022-08-18,0.005398196438638,0.00226956109710863
2022-08-19,-0.0070957573141392,-0.012900001162862273
2022-08-22,-0.0101855560869596,-0.02140006489991708
2022-08-23,-2.84079830922268e-05,-0.002237862700572024
2022-08-24,0.00193614912392,0.002916160673699375
2022-08-25,0.0095017075820715,0.014091605357981374
2022-08-26,-0.0191822825007081,-0.03368805870241798
2022-08-29,-0.0029268530020814,-0.006666355876697283
2022-08-30,-0.0108948324415259,-0.011028155495070746
2022-08-31,-0.0042686590209584,-0.007817025078747042
2022-09-01,0.0001002867187618,0.002996232111251551
2022-09-02,-0.0059020465937815,-0.010736500484722855
2022-09-06,-0.0022279097585119,-0.004095057146837666
2022-09-07,0.0093826906198526,0.01834101645061259
2022-09-08,0.0061546018253548,0.006610722015177872
2022-09-09,0.0122738566162399,0.015271449619951749
2022-09-12,0.0076720542296198,0.010584272812704798
2022-09-13,-0.0263503434966463,-0.04323661344125962
2022-09-14,0.0038994570624519,0.0033870122485712972
2022-09-15,-0.0067234340385464,-0.011317739155963236
2022-09-16,-0.0047171316022161,-0.007182134208966295
2022-09-19,0.0029349592140659,0.00685710085769764
2022-09-20,-0.0111296833985844,-0.01127210311216853
2022-09-21,-0.0145654638822594,-0.01711649359918921
2022-09-22,-0.0042982652110874,-0.008427581135555418
2022-09-23,-0.0219563738746912,-0.017232619078902833
2022-09-26,-0.011361537638116,-0.010340526099595904
2022-09-27,-0.0007233153497854,-0.0021203598092787157
2022-09-28,0.022625129364654,0.01967213992657202
2022-09-29,-0.0143898159567463,-0.021126437783962726
2022-09-30,-0.009002497914878,-0.015066695903807492
2022-10-03,0.030205251802365,0.025883895106448618
2022-10-04,0.0314402174757558,0.030583700676563463
2022-10-05,-0.001963265166859,-0.0020179489300040654
2022-10-06,-0.0084989922124869,-0.010245080645073235
2022-10-07,-0.0196571640808341,-0.028003617937660263
2022-10-10,-0.0039469830654524,-0.007492463488165568
2022-10-11,-0.0013447961450567,-0.006519175863500926
2022-10-12,-0.0036779775753025,-0.0032907732611127116
2022-10-13,0.0211971295955999,0.02596564251543776
2022-10-14,-0.0215636034267468,-0.023662663684481222
2022-10-17,0.0217621611958292,0.026480052357156447
2022-10-18,0.0085150811289267,0.011427569586305086
2022-10-19,-0.0085369963406392,-0.006672097197684357
2022-10-20,-0.0028683496241819,-0.007950909757542313
2022-10-21,0.0178505315359381,0.023724819905171612
2022-10-24,0.0099776932288542,0.011881976683765227
2022-10-25,0.0141658427650682,0.016266654439300865
2022-10-26,-0.0014212863480787,-0.007387715874777934
2022-10-27,-0.0002739426079499,-0.006082610662534349
2022-10-28,0.0202419816836028,0.024626377956375345
2022-10-31,-0.0060078669098854,-0.007454404331179165
2022-11-01,0.0011935421591338,-0.004101230399440325
2022-11-02,-0.0198638770033701,-0.025001985049611042
2022-11-03,-0.0065788248064755,-0.010585992096309393
2022-11-04,0.0168500080342542,0.013618724601319743
2022-11-07,0.0103081718050186,0.00961398192012175
2022-11-08,0.0041003878503103,0.005597892646239222
2022-11-09,-0.0174274116726942,-0.020777886940753
2022-11-10,0.0472089022169322,0.05543448441151022
2022-11-11,0.0090332567203437,0.009240746926812315
2022-11-14,-0.0059041012149024,-0.008935777137999645
2022-11-15,0.0081167279842906,0.008713116431865675
2022-11-16,-0.0053278371748397,-0.008252046397186463
2022-11-17,-0.0029669125785551,-0.003089322717172771
2022-11-18,0.001856051520503,0.004758581833101072
2022-11-21,-0.0016012694563366,-0.003883688828255627
2022-11-22,0.0112211175042716,0.013579988000126386
2022-11-23,0.0042935382225852,0.0059146892377957005
2022-11-25,0.002502894106809,-0.0002830443023716933
2022-11-28,-0.012107363447339,-0.015444192968175119
2022-11-29,0.0028192695190907,-0.0015918651881512424
2022-11-30,0.019682719767866,0.03094787224194806
2022-12-01,0.0028359523418395,-0.0008676332028213496
2022-12-02,0.0010958752466845,-0.0011946604421764206
2022-12-05,-0.0147006096120649,-0.017894212215245897
2022-12-06,-0.0106165637102038,-0.014399194949753169
2022-12-07,-0.0002907831350049,-0.0018623709121895482
2022-12-08,0.0046357375551313,0.007521781985068143
2022-12-09,-0.008938477148731,-0.0073495782592964964
2022-12-12,0.0093517012520019,0.014279296273028486
2022-12-13,0.0050762595322755,0.007289664250107686
2022-12-14,-0.001265634072076,-0.006052724638505147
2022-12-15,-0.0180577040572221,-0.02492167493600661
2022-12-16,-0.0093924616400714,-0.011137750882371789
2022-12-19,-0.0047205255212384,-0.009007515921719556
2022-12-20,0.0027402966010197,0.0010373383411004244
2022-12-21,0.013973531184218,0.014867993746224162
2022-12-22,-0.0089351648097973,-0.014451699356609948
2022-12-23,0.0066319945334447,0.005868102320246482
2022-12-27,-0.000141258689268,-0.004049622017318288
2022-12-28,-0.0126873558521365,-0.012020638245087145
2022-12-29,0.0124939678210112,0.01746133148650575
2022-12-30,-0.0049378152432737,-0.0025407424054156857
2023-01-03,-0.0048567439296659,-0.0040005487693710595
2023-01-04,0.0073433417878396,0.007538970541525636
2023-01-05,-0.0079307555202134,-0.011645528861558896
2023-01-06,0.0209775607228677,0.022840780904283875
2023-01-09,-0.0022794111134163,-0.000767632485115799
2023-01-10,0.0065043239184852,0.006978233130764178
2023-01-11,0.0085429469297655,0.012849424507239915
2023-01-12,0.0043991812785302,0.0034159060044935963
2023-01-13,0.0055219861503523,0.003996858359486266
2023-01-17,-0.0021644975210636,-0.002030491142063995
2023-01-18,-0.011411157209461,-0.015562598679347506
2023-01-19,-0.0036942705058932,-0.007638350102242564
2023-01-20,0.0135661691208551,0.018918400847941497
2023-01-23,0.0068706494601773,0.011881345193385684
2023-01-24,-0.004723896722982,-0.0007115032695628187
2023-01-25,0.0010320121910469,-0.00018172494278112516
2023-01-26,0.0073735223264155,0.01100785348392952
2023-01-27,0.0023071487745656,0.0024948409822724837
2023-01-30,-0.0078845221867531,-0.012968740968034909
2023-01-31,0.0143161403630379,0.014642470252690165
2023-02-01,0.0074464528517155,0.010452303874717739
2023-02-02,0.0081064957295826,0.014699373319951192
2023-02-03,-0.0047771159196238,-0.010354610892247207
2023-02-06,-0.0080732535998243,-0.006140462935348312
2023-02-07,0.0082228513619173,0.012872510628823663
2023-02-08,-0.0101321262256586,-0.01108072454370801
2023-02-09,-0.0052309220839321,-0.008829796110038202
2023-02-10,0.0062292651014781,0.0021952617910081518
2023-02-13,0.0094706637682167,0.01144860931203251
2023-02-14,-0.0004604162101371,-0.000280414471565793
2023-02-15,0.0026484660567947,0.0027731757281472813
2023-02-16,-0.005384054200035,-0.013788741597237753
2023-02-17,-0.0034559668367913,-0.002767405771923026
2023-02-21,-0.0142670595493309,-0.020041234254789986
2023-02-22,-0.0005219018121818,-0.0015735561302083756
2023-02-23,0.0025683445891231,0.00532942928273461
2023-02-24,-0.0093346416374495,-0.010537551412511115
2023-02-27,0.0036826484695324,0.0030730045239224513
2023-02-28,-0.0070318886741455,-0.003036001855829862
2023-03-01,0.0028337847676394,-0.004725264653243855
2023-03-02,0.0087390235541855,0.007582194066213299
2023-03-03,0.0117420854550057,0.01614773717897755
2023-03-06,-0.003487747564399,0.0006871666963761403
2023-03-07,-0.0132344351981925,-0.015326919192055088
2023-03-08,0.0001087491601021,0.0014147941195796765
2023-03-09,-0.0130661761567307,-0.01845935802149956
2023-03-10,-0.0131717839434716,-0.014478138338748892
2023-03-13,-0.006772710521939,-0.0015097609707765969
2023-03-14,0.008823742324145,0.016476655402626994
2023-03-15,-0.0143315074705805,-0.006980883457908371
2023-03-16,0.0100149576389545,0.017562006046927037
2023-03-17,-0.0103019549179666,-0.011019457129403887
2023-03-20,0.0126444549976881,0.00891840351787998
2023-03-21,0.0089491217509014,0.012982193942461029
2023-03-22,-0.01116278022793,-0.01646322365547792
2023-03-23,0.0007313559921304,0.002984528733150471
2023-03-24,0.0065745164747279,0.005639807118143159
2023-03-27,0.0051386200230012,0.0016469542901063061
2023-03-28,0.0028023428923991,-0.0015738433033462007
2023-03-29,0.0081001560970066,0.01423726886241794
2023-03-30,0.0035017083549728,0.005715269256196143
2023-03-31,0.0075799603538948,0.014436542603355473
2023-04-03,0.0088518491534177,0.0036988464685721034
2023-04-04,-0.0045011273115221,-0.0057969720903796595
2023-04-05,0.0029193391955386,-0.0024923705691234366
2023-04-06,0.0012258104006768,0.003579163163021981
2023-04-10,0.0026481671338125,0.0009963028146204866
2023-04-11,0.0028072507258256,-4.135250836934112e-05
2023-04-12,0.0008704296194106,-0.004134883995375427
2023-04-13,0.0055910289783063,0.013262690074383077
2023-04-14,-0.0017381260706564,-0.0020693734425777377
2023-04-17,-0.0011016504451999,0.00330615678189905
2023-04-18,0.0005959702720288,0.0008552203035465666
2023-04-19,-0.0019886890476439,-8.426183975474011e-05
2023-04-20,0.0026577076010314,-0.005952548280173997
2023-04-21,0.0021904616686871,0.0009031890156097067
2023-04-24,0.0037737503210357,0.0008515790374714616
2023-04-25,-0.0062977828123574,-0.015810858822582485
2023-04-26,-0.0063269143674971,-0.0038411873007662134
2023-04-27,0.0075531027115525,0.019566149866163673
2023-04-28,0.0045751402763598,0.0082532025562978
2023-05-01,0.0007777578172056,-0.0003861064227965727
2023-05-02,-0.0090706908067645,-0.011586262921925994
2023-05-03,-0.0028962733929255,-0.00699830503452592
2023-05-04,-0.005248536487329,-0.007218732261810135
2023-05-05,0.0110888125472861,0.01847475131506493
2023-05-08,-0.0007325582106879,0.0004521286189183016
2023-05-09,-0.0013427695560497,-0.0045794212019487635
2023-05-10,0.0012352530855157,0.004483965301201431
2023-05-11,-0.0061181573265713,-0.0016966241063897103
2023-05-12,0.0006065631806868,-0.0015833068194976985
2023-05-15,0.0014139139480906,0.002958164431646093
2023-05-16,-0.0071435457502084,-0.006377683418724467
2023-05-17,0.005181532758044,0.011890829257476199
2023-05-18,0.0021997864938896,0.009445048610790874
2023-05-19,0.002421925970327,-0.001445867791461275
2023-05-22,-0.0025794784321459,0.00015503485300505382
2023-05-23,-0.0061973858874113,-0.011222026821583797
2023-05-24,-0.0047598049156105,-0.007318600395879282
2023-05-25,-0.0039721828295336,0.008757581319856378
2023-05-26,0.0037989863326,0.013049086740849702
2023-05-30,-0.0052499013968001,1.660345427056953e-05
2023-05-31,-0.0031547648762829,-0.0061086243503365445
2023-06-01,0.0064517307613516,0.00985445370537863
2023-06-02,0.0121998854823953,0.014534424548879654
2023-06-05,-0.0023587455987366,-0.0020035816068160184
2023-06-06,0.0037668524474017,0.0023538964030047627
2023-06-07,0.0013911433183531,-0.0038120096703719852
2023-06-08,0.0045346284089971,0.006188642554979751
2023-06-09,-0.0010078552862528,0.0011480594229391627
2023-06-12,0.0015579463302068,0.009321148927156964
2023-06-13,0.0067115173087999,0.006932489987135471
2023-06-14,-0.0009458412983984,0.0008194254972511139
2023-06-15,0.0116409470784378,0.01217813741965057
2023-06-16,-6.7892618401455e-05,-0.003671619528218928
2023-06-20,-0.0078214027677646,-0.004735107739875399
2023-06-21,0.0005764342464906,-0.005245281689737036
2023-06-22,-0.0024537815908843,0.003710798572261753
2023-06-23,-0.0075117851714601,-0.007658808858904131
2023-06-26,0.001853514543026,-0.004486838314945341
2023-06-27,0.0063297955389605,0.01145585494805279
2023-06-28,-0.0017634598728685,-0.0003540766955959507
2023-06-29,0.0062225423861304,0.004473544644534089
2023-06-30,0.0092427283200333,0.012269004631900282
2023-07-03,0.0005459271639653,0.0011706778155955444
2023-07-05,-0.0036479629723157,-0.001968318518323686
2023-07-06,-0.0096885943051201,-0.007922511231478246
2023-07-07,0.0018074473001663,-0.0028651006659629052
2023-07-10,0.0033832762118537,0.0024050260928218936
2023-07-11,0.0052930932602466,0.006742211176605117
2023-07-12,0.0093150957753076,0.00741123334389715
2023-07-13,0.0060171395162202,0.008470153500468758
2023-07-14,-0.0029490349844912,-0.0010244070917438952
2023-07-17,0.0029877097215043,0.003855382472826019
2023-07-18,0.0054996424932578,0.007117275116117705
2023-07-19,0.0004432502216991,0.0023579104731872302
2023-07-20,0.0047589371358129,-0.006756896293961812
2023-07-21,0.0001107291170387,0.00032409461838600606
2023-07-24,0.0014517217880725,0.004034153883820002
2023-07-25,0.0023342885105899,0.002814673303354054
2023-07-26,-0.0042797288293097,-0.00015543891048019898
2023-07-27,-0.0081918290601175,-0.006424666119231426
2023-07-28,0.0071467396740063,0.009877842747086252
2023-07-31,0.0029467918577128,0.0014687130566064521
2023-08-01,-0.00270933294481,-0.002665087754946227
2023-08-02,-0.0060838301248066,-0.013839541173892855
2023-08-03,0.0058030192245801,-0.0025479738402680585
2023-08-04,-0.0029595938830246,-0.0053000742519009325
2023-08-07,0.0070935000747758,0.009024092723849408
2023-08-08,0.0036611827335797,-0.004218282913766469
2023-08-09,0.0026880215423734,-0.007038730408085447
2023-08-10,-0.0012769177979642,0.00025071390259845394
2023-08-11,0.0018327600215659,-0.0010696922721527002
2023-08-14,-0.0001825934506188,0.00575047571629872
2023-08-15,-0.0086418980945386,-0.011550909525884667
2023-08-16,-0.0066175929416785,-0.007555395175848023
2023-08-17,-0.0065993521598392,-0.0077129130647324295
2023-08-18,-0.0006483204532825,-0.00014870674735556477
2023-08-21,0.0027922969323515,0.006879188611667253
2023-08-22,-0.0027289774555935,-0.0027774667640469985
2023-08-23,0.0054556249619603,0.011044879979430933
2023-08-24,-0.0093332797346896,-0.013457974654963789
2023-08-25,0.0059251680763741,0.006717965958453309
2023-08-28,0.0054990611691609,0.006264619832971441
2023-08-29,0.0084598386881791,0.0145083071438743
2023-08-30,0.0019888830899159,0.003833182019971293
2023-08-31,-0.0031205925918983,-0.0015969365260037893
2023-09-01,0.0056694737956437,0.001799129419551626
2023-09-05,-0.0066797898792861,-0.004194177718554348
2023-09-06,-0.0032497158538921,-0.006971599428089337
2023-09-07,0.0012593448289139,-0.0032112657685680057
2023-09-08,0.0012910847351375,0.0014266225741164096
2023-09-11,0.004538071636422,0.006723453204990237
2023-09-12,-0.0030127065766912,-0.005695885695279457
2023-09-13,-0.0034486419203156,0.001241632291552719
2023-09-14,0.0086358120491441,0.008429919035815914
2023-09-15,-0.0070704145463117,-0.012159613062608488
2023-09-18,-0.0003294470020935,0.0007212877112086069
2023-09-19,-0.0026139866016404,-0.002151010650532692
2023-09-20,-0.0021134579157012,-0.009394794758720293
2023-09-21,-0.0151564603672495,-0.016400934033396486
2023-09-22,-0.0014468734979785,-0.0022955983833717886
2023-09-25,0.0028810634680294,0.00402306490248705
2023-09-26,-0.0076985715005127,-0.01473453393461055
2023-09-27,0.0048390088886511,0.00022931418506555445
2023-09-28,0.0022206021302193,0.005893173809162322
2023-09-29,-0.0026376951983148,-0.0027095819409801436
2023-10-02,-0.0074934980184222,7.936754829751536e-05
2023-10-03,-0.0088598339030122,-0.013744071811813363
2023-10-04,0.0016215620960631,0.00810975503164646
2023-10-05,-0.0022844316517629,-0.0013040302550572092
2023-10-06,0.0128677383963418,0.011814893111176117
2023-10-09,0.0112227789952279,0.006303854241615392
2023-10-10,0.0053921459919272,0.005207990752861935
2023-10-11,0.0037807416495527,0.004293008185743963
2023-10-12,-0.0060596790438195,-0.0062464343394249555
2023-10-13,0.0013921402107817,-0.005018858860353803
2023-10-16,0.0084554441188686,0.010594369463741149
2023-10-17,0.0025063226895212,-9.82451673996465e-05
2023-10-18,-0.0096277822396201,-0.013399820357412273
2023-10-19,-0.0085556742328141,-0.008482848275316535
2023-10-20,-0.0094819892494886,-0.01258528377746615
2023-10-23,-0.0030275426962285,-0.0016855698498756677
2023-10-24,0.0040679545772575,0.007265792289528505
2023-10-25,-0.0064270914058085,-0.014339628568118434
2023-10-26,-0.0061712848430852,-0.01183252000070445
2023-10-27,-0.0064334764878214,-0.004800280162332138
2023-10-30,0.0097192471204372,0.012010022318816871
2023-10-31,-0.0013591978667743,0.006474957435068429
2023-11-01,0.007608684789963,0.01050599934395291
2023-11-02,0.020433402105013,0.018858557050875246
2023-11-03,0.0048068414255879,0.009393730347459162
2023-11-06,0.0027626515339414,0.001752992257021413
2023-11-07,-0.0048094973807318,0.0028401190698998935
2023-11-08,0.0038198213205826,0.0010049155435516433
2023-11-09,-0.0050385321891158,-0.008083839192938092
2023-11-10,0.0115602652436071,0.015616440928287068
2023-11-13,0.0022098903370291,-0.0008358387776007392
2023-11-14,0.0156858233595045,0.01907501756063712
2023-11-15,-0.0022641517984207,0.0015970121868855713
2023-11-16,-0.002041710953344,0.0011904272686102946
2023-11-17,0.005809928959066,0.0012820492476000034
2023-11-20,0.002677089763438,0.007390278034256514
2023-11-21,-0.0015655457136275,-0.002020931225551581
2023-11-22,0.0040106038079723,0.004061129269512076
2023-11-24,0.0053907811038804,0.0005968737639228117
2023-11-27,-0.0016768100072227,-0.0019541574668370254
2023-11-28,-0.0003063083950329,0.000980118544291253
2023-11-29,-0.00088539183195,-0.0009462487283697918
2023-11-30,0.0041203764730568,0.0037840729544018625
2023-12-01,0.0110656523578256,0.005873742095840351
2023-12-04,-0.0008304558683402,-0.00540850920156688
2023-12-05,-0.0058317287226551,-0.0005688696441200625
2023-12-06,-0.0050505480000091,-0.003906202801840064
2023-12-07,0.0021246264005929,0.007968189065455045
2023-12-08,0.0023210178542922,0.004095497774309953
2023-12-11,0.0049011188708223,0.003924494239349485
2023-12-12,0.0006578054461139,0.004599357540901128
2023-12-13,0.0145217019606301,0.013650676473096368
2023-12-14,0.0038031376879199,0.0026470624978365276
2023-12-15,-0.0056543103214217,-7.624964559516112e-05
2023-12-18,0.0063445580484753,0.004528344539459717
2023-12-19,0.0075585130883115,0.005866407693158937
2023-12-20,-0.0120340468146571,-0.014684266800173096
2023-12-21,0.009872512244522,0.01030146774728502
2023-12-22,0.0019987454484538,0.0016600585663875123
2023-12-26,0.0041600316144674,0.00423168942590868
2023-12-27,0.0020632227660357,0.0014304577202994828
2023-12-28,-0.0025510553409002,0.0003701747060860239
2023-12-29,0.0006342410011008,-0.0028264751111679587
2024-01-02,-0.0008947696472366,-0.0056605790056406535
2024-01-03,-0.0049138306461321,-0.008016314810930791
2024-01-04,-0.0013104299390104,-0.0034283813369139216
2024-01-05,-0.0010850940240558,0.0018256860520826645
2024-01-08,0.0074848237386346,0.014114629377501853
2024-01-09,-0.0026806620059667,-0.001477900666807086
2024-01-10,0.00232729802465,0.005665971828024974
2024-01-11,-1.58472657977304e-05,-0.0006710555914966054
2024-01-12,0.004595550237731,0.0007509756464678663
2024-01-16,-0.0075678104480465,-0.003731340308697262
2024-01-17,-0.00656730085651,-0.005616897073075888
2024-01-18,0.0075892269767925,0.00880526086487099
2024-01-19,0.0022394844513935,0.012313502935928478
2024-01-22,0.0019363812600783,0.0021943251637015493
2024-01-23,0.0017401038369442,0.0029213742876070814
2024-01-24,-0.0004444797278763,0.0008119284053016429
2024-01-25,0.0071775067039212,0.00526036541183128
2024-01-26,0.0048045063859192,-0.0006517851681026032
2024-01-29,0.0053370223894531,0.0075567749087182
2024-01-30,0.0022680213333845,-0.0006006499471958859
2024-01-31,-0.0115637724696661,-0.016105744712610393
2024-02-01,0.0118965520334411,0.012493688199597841
2024-02-02,0.0018499977805501,0.010684446103877532
2024-02-05,-0.003091815159235,-0.0031863373882050627
2024-02-06,0.0025264125923101,0.0023104106497489063
2024-02-07,0.0024274139792104,0.008241458140786584
2024-02-08,0.0022367430159802,0.0005705831293989494
2024-02-09,0.0040958344824115,0.005742341519594074
2024-02-12,-0.0028981066948593,-0.0009489534954981727
2024-02-13,-0.0108833445564883,-0.013674255677835978
2024-02-14,0.0064427058846587,0.009579763211684966
2024-02-15,0.0052815312512366,0.005821250628704755
2024-02-16,-0.002847844907733,-0.004803469787855286
2024-02-20,-0.0061555271686258,-0.006005321882809889
2024-02-21,0.0044984531427869,0.0012641999103253365
2024-02-22,0.0131420280453181,0.021122884121996588
2024-02-23,-0.0011047893455946,0.00034794763836831777
2024-02-26,-0.0003115608708984,-0.0037867514420720783
2024-02-27,0.0021471613700287,0.0017063497734237654
2024-02-28,0.0032511341087249,-0.0016581550295902137
2024-02-29,0.0023329661342645,0.0052290947152544565
2024-03-01,0.0088155661821174,0.008007828831644304
2024-03-04,0.002077488451021,-0.0011932621074473015
2024-03-05,-0.0075975633243496,-0.010193100890155904
2024-03-06,0.0065729407004844,0.005141103345146503
2024-03-07,0.0097158889429813,0.01030412779663803
2024-03-08,-0.0069235119956681,-0.006528519028031199
2024-03-11,-0.0027354487484766,-0.0011222380874353899
2024-03-12,0.0060538532429341,0.011201788153222925
2024-03-13,0.0011781306708282,-0.0019245297272429962
2024-03-14,-0.0016345037170598,-0.0028710917313009565
2024-03-15,-0.006026147038584,-0.006482917345501438
2024-03-18,0.0050431864907505,0.0063180594802156875
2024-03-19,0.0069770625427034,0.005649149698535805
2024-03-20,0.0056792476992797,0.008904173803579996
2024-03-21,-0.0011340443351617,0.0032365354076133723
2024-03-22,-0.0013498209622125,-0.0014021877775134417
2024-03-25,0.0008722413603206,-0.003054964571781338
2024-03-26,-0.0014553781271584,-0.0027997951713500946
2024-03-27,0.0084322263771066,0.008630626477696302
2024-03-28,0.0012718262453992,0.0011164856442029691
2024-04-01,-0.0021815204056764,-0.002013584516194933
2024-04-02,-0.0040282467414202,-0.007239059084440891
2024-04-03,0.0001546501460538,0.0010911222145302268
2024-04-04,-0.0085563117987502,-0.012334336267318058
2024-04-05,0.0088672876583588,0.011099194210624663
2024-04-08,0.0015110221686176,-0.0003746309922952884
2024-04-09,-0.0021831954351714,0.0014454930910536845
2024-04-10,-0.0051738575558547,-0.00945698054759303
2024-04-11,0.0015868301262735,0.007444797734401654
2024-04-12,-0.011030967139887,-0.014550688420889468
2024-04-15,-0.0081308810766309,-0.012021354942249096
2024-04-16,-0.0024285880585961,-0.0020565070195988078
2024-04-17,-0.0052976245429748,-0.005780602663063683
2024-04-18,-0.0024460080610694,-0.0022081601697494513
2024-04-19,-0.0036298977940271,-0.008758548183889103
2024-04-22,0.00806542837819,0.008731248235862799
2024-04-23,0.0074480311983149,0.011964576263814974
2024-04-24,-0.0050856354240522,0.0002130100366897203
2024-04-25,-0.0017402196789754,-0.0045764303656697924
2024-04-26,0.0066187827347576,0.010209142622110035
2024-04-29,0.0056587513590915,0.0031784486788053457
2024-04-30,-0.0158376495878639,-0.015730513690315306
2024-05-01,-0.0051328369977636,-0.0034354386792455616
2024-05-02,0.0053547766600403,0.009128436958746544
2024-05-03,0.0128082563410772,0.01255673977161953
2024-05-06,0.0066236539285107,0.010326123846195134
2024-05-07,0.0053629572380171,0.0013434298354362273
2024-05-08,-0.0021624170289144,-5.8355338323767825e-06
2024-05-09,0.010799663636035,0.005090947650312039
2024-05-10,-0.0007351235251614,0.0016493989105166307
2024-05-13,0.0021407333162322,-0.00024130407329769898
2024-05-14,0.003194605888517,0.0048378131575987915
2024-05-15,0.0088937543377622,0.01171592777489705
2024-05-16,-0.0036199369892917,-0.0020816676627457564
2024-05-17,0.0048554796428688,0.001164773533792518
2024-05-20,0.0047741071116866,0.0009163898842925455
2024-05-21,0.0018297994264051,0.0025018741614692974
2024-05-22,-0.0083377734175444,-0.002706122921903198
2024-05-23,-0.0090475725957522,-0.007380789508047769
2024-05-24,0.0073375939611348,0.007001042570040639
2024-05-28,-0.0024646848637308,0.0002488018116899582
2024-05-29,-0.0107092606365298,-0.007367046556883361
2024-05-30,0.0026872855624313,-0.005975035615464086
2024-05-31,0.0061030865723883,0.008027876366743403
2024-06-03,-0.0052224495109161,0.0011160824444034212
2024-06-04,-0.0041207932518464,0.0015028092037845386
2024-06-05,0.0084562798161105,0.011847649715994946
2024-06-06,0.0031098230039172,-0.00019981659478196523
2024-06-07,-0.0051928567850629,-0.0011152198117477807
2024-06-10,0.0033157289468224,0.002580854723139625
2024-06-11,0.0019676559658494,0.002710381286022079
2024-06-12,0.0065453368270918,0.008503672803971796
2024-06-13,-0.0038977668535369,0.0023446558133972673
2024-06-14,-0.005469081099707,-0.00039386056525281266
2024-06-17,0.0049070353277365,0.007664386414480084
2024-06-18,0.0043675958892712,0.0025213274520576867
2024-06-20,0.0021616486102604,-0.002525931796085512
2024-06-21,-0.0017010356606499,-0.0015621303781622187
2024-06-24,-0.0025524577088207,-0.0030651718950951423
2024-06-25,0.0025914697883939,0.003933590107651153
2024-06-26,-0.0038346845747515,0.0015724310801426
2024-06-27,0.0024067547710584,0.0009073212524721708
2024-06-28,-0.008044089760471,-0.004083652634881529
2024-07-01,0.0036542407624378,0.002675564062776692
2024-07-02,0.0021787098427557,0.006195317879061246
2024-07-03,0.0019343680531973,0.005084444426450396
2024-07-05,0.0010747960526116,0.005448765019997026
2024-07-08,-0.0015547649584395,0.0010166990995430503
2024-07-09,-0.0027356044736117,0.0007410717904439146
2024-07-10,0.0071292582995152,0.010208065333596528
2024-07-11,0.0022090891614794,-0.008763028808228546
2024-07-12,0.0049434874658367,0.005517027147237785
2024-07-15,0.001889562665883,0.002826202591651894
2024-07-16,0.0058443103145156,0.006389375415324583
2024-07-17,-0.0085354038961126,-0.01392754310490707
2024-07-18,-0.004440111354189,-0.007816403975411279
2024-07-19,-0.0005418769882197,-0.007140265576694005
2024-07-22,0.0044084623034312,0.01079203560399633
2024-07-23,-0.0022857832246628,-0.0015581026123050457
2024-07-24,-0.0084369655327778,-0.023149093655050912
2024-07-25,-0.0043805639633824,-0.005142620243422602
2024-07-26,0.0086058367011205,0.011090468737252612
2024-07-29,-0.0011903599857032,0.0008133100548251004
2024-07-30,0.0013157509940187,-0.004960171941004177
2024-07-31,0.0133067841844314,0.015793398792557367
2024-08-01,-0.0081261354488497,-0.01369350300965777
2024-08-02,-0.0110100413194379,-0.01838186083353377
2024-08-05,-0.0204728235515957,-0.029968798485725645
2024-08-06,0.0113394781298175,0.010354085874285213
2024-08-07,-0.0058843591006129,-0.007734647828914865
2024-08-08,0.0182487383542256,0.023042611597269058
2024-08-09,0.0057357275609752,0.00467167672581037
2024-08-12,-0.0029341840589401,4.303407706496287e-05
2024-08-13,0.0068219948662602,0.01684757974097728
2024-08-14,0.0017805933401522,0.0038237283996709337
2024-08-15,0.0088337654556358,0.016133247781331406
2024-08-16,0.0017053655513128,0.0019897793290175603
2024-08-19,0.0063046055423947,0.009722284736913167
2024-08-20,-0.0027711238060029,-0.0019845554317299285
2024-08-21,0.0045772877129512,0.004239676923838864
2024-08-22,-0.0029695150689267,-0.008932805558693913
2024-08-23,0.0081086742171028,0.011483370748563537
2024-08-26,0.0003727857947597,-0.003153726599012252
2024-08-27,-0.0005703930451937,0.0015951960976012813
2024-08-28,-0.0064182121549398,-0.0059759732243084285
2024-08-29,0.0049096434291091,-3.93790960000473e-05
2024-08-30,0.0048513114283927,0.010093051701662636
2024-09-03,-0.0161044271598321,-0.02115107429941321
2024-09-04,-0.0036549280585703,-0.0016025436599761411
2024-09-05,-0.0068867989568322,-0.003018017621365554
2024-09-06,-0.0089229215917159,-0.017260249791929194
2024-09-09,0.0096660700405313,0.011580070316884683
2024-09-10,0.0007552546625033,0.004472672681143708
2024-09-11,0.0057189958895096,0.010665025836808839
2024-09-12,0.0075441548987482,0.007495302392445113
2024-09-13,0.0058931656382064,0.00540771142175589
2024-09-16,0.0042346550721215,0.0012566297266749515
2024-09-17,0.0006250732068868,0.00026455001451597404
2024-09-18,-0.0028556196034239,-0.00289645577382458
2024-09-19,0.0122717218903705,0.016976853148943594
2024-09-20,0.004456217813163,-0.0019410273895590358
2024-09-23,0.0035648249347339,0.002809272965218934
2024-09-24,0.0039360142616875,0.0025111789209482094
2024-09-25,-0.0061066658679369,-0.0018612489028158041
2024-09-26,0.0036029783044471,0.004038675618558196
2024-09-27,-0.0003288479324707,-0.0012532169126399095
2024-09-30,-0.0015348880437078,0.004236552477610678
2024-10-01,0.0015305443156019,-0.00932410701407771
2024-10-02,-0.0019050365328884,0.00013839089117584358
2024-10-03,-0.0011126344522807,-0.0016814135524798601
2024-10-04,0.0090926093254217,0.008970249428808863
2024-10-07,-0.004722887966557,-0.009586022198850075
2024-10-08,-0.0001002510029718,0.009689347600513987
2024-10-09,0.0002431526348547,0.007113411943786785
2024-10-10,-0.0010986285582315,-0.0020701227752685236
2024-10-11,0.0141283768182403,0.00605184750652854
2024-10-14,0.0050589006778982,0.007707666969413607
2024-10-15,-0.008109450409424,-0.007609466326658931
2024-10-16,0.005812616510757,0.004679145918655481
2024-10-17,2.54166432132052e-05,-0.0001711604789070842
2024-10-18,0.0048161140742686,0.0039715527334927
2024-10-21,-0.0028871946554149,-0.0018227695918399123
2024-10-22,-0.0027735898743366,-0.0004748538617311837
2024-10-23,-0.0065496845641925,-0.00919132335378936
2024-10-24,0.0027464781833617,0.002145771941203023
2024-10-25,-0.0010997561315351,-0.00029944715380814113
2024-10-28,0.0057055073989509,0.00265144361510794
2024-10-29,-0.0024179527521702,0.0016141271890055542
2024-10-30,-0.0069649640069721,-0.00330023388927303
2024-10-31,-0.0062056973905915,-0.01861470094655293
2024-11-01,0.0005322245833148,0.004092509653394583
2024-11-04,-0.00669394633389,-0.0028120836036091834
2024-11-05,0.0132106442393574,0.012265644682920573
2024-11-06,0.0163764653414185,0.025295927709129806
2024-11-07,0.0052864343172962,0.007431229796085237
2024-11-08,0.0024030232383376,0.0037568332410022887
2024-11-11,0.0124960016909943,0.0009690634975674239
2024-11-12,-0.004327626734859,-0.0028926597709714175
2024-11-13,-0.0061692478865584,0.000232227818839581
2024-11-14,-0.0085191842728622,-0.006049734805111506
2024-11-15,-0.0072667238311191,-0.013203489903612087
2024-11-18,0.0042044539174857,0.003917814394666319
2024-11-19,0.0041428346729655,0.003963584780874996
2024-11-20,0.0038653604419538,2.1950893942301875e-05
2024-11-21,0.0109121485007335,0.005340461598929647
2024-11-22,0.0030570197469204,0.0034679591264745735
2024-11-25,0.0013506495584645,0.0030204802325206614
2024-11-26,0.0019819466896309,0.005722005710441236
2024-11-27,0.0022941034135384,-0.0038012381107348503
2024-11-29,0.0049756026005149,0.0056077855829355094
2024-12-02,-0.0038113899851669,0.002448456378157493
2024-12-03,0.0021791225310028,0.0004514492023914851
2024-12-04,0.0079528546840099,0.006051417831100192
2024-12-05,-0.0011182237470593,-0.0018697756116370368
2024-12-06,0.002712678822875,0.0024954539657515706
2024-12-09,-0.0139287762696648,-0.006144213947348098
2024-12-10,-0.0035497399786983,-0.0029638834118703716
2024-12-11,0.0084193629051525,0.008165786022680921
2024-12-12,-0.0056058089580781,-0.005414022461400325
2024-12-13,-0.0007606615014734,-2.6466597810359538e-05
2024-12-16,0.0021299135252654,0.0037993542638927735
2024-12-17,-0.0062640365853862,-0.0038639949916050575
2024-12-18,-0.0287929449728037,-0.029492846347809465
2024-12-19,-0.0078260803871623,-0.0008651123036570452
2024-12-20,0.0038070769762805,0.010869123849037043
2024-12-23,-8.86166683234935e-05,0.007287273373268066
2024-12-24,0.0087981989171521,0.011042759281951087
2024-12-26,-0.0033474592604799,-0.0004056587347400775
2024-12-27,-0.0077443697141961,-0.011055736100777813
2024-12-30,-0.009010756533481,-0.010701995811227882
2024-12-31,-0.0023248609984427,-0.004284800294704794
2025-01-02,0.008973457946189,-0.002223886619898696
2025-01-03,0.012641984514929,0.012596026694196238
2025-01-06,0.004796279150488,0.005538045090563326
2025-01-07,-0.0102318346388235,-0.011103912939287142
2025-01-08,-0.0044159520795992,0.0015603602174092401
2025-01-10,-0.0002298373751442,-0.015411643813627252
2025-01-13,-0.0027744797437531,0.001575444125758052
2025-01-14,0.0042615088274626,0.001146279741604861
2025-01-15,0.0155536087499095,0.018312792280422707
2025-01-16,0.0069603191039513,-0.0021126893802461133
2025-01-17,0.0050993918864032,0.009991058884720294
2025-01-21,0.0145193570258006,0.008768227085103497
2025-01-22,0.0025290986883399,0.0061379415536038096
2025-01-23,0.0051507343083823,0.005313486261650402
2025-01-24,0.0019506138507947,-0.00285513239087154
2025-01-27,-0.0294525024033041,-0.014580715655852394
2025-01-28,0.0001433942080126,0.009217869424218872
2025-01-29,0.0019475654258427,-0.004678895642107439
2025-01-30,0.0143090276383946,0.005275414358387076
2025-01-31,-0.0053773572484574,-0.005046825800241628
2025-02-03,0.0006667730443163,-0.007608597695210162
2025-02-04,0.0070085105497443,0.007224881896712887
2025-02-05,0.0029890477253553,0.003908672821804293
2025-02-06,-0.0003144739472992,0.0036442987641445157
2025-02-07,-0.0028304854461058,-0.009464770137567191
2025-02-10,0.0070603791694072,0.006712541081094647
2025-02-11,-0.0024537888210344,0.00033958285584878567
2025-02-12,-0.0042957685049203,-0.002723866688637999
2025-02-13,0.0065512432552428,0.010426292059998232
2025-02-14,-0.0047039461735023,-7.194374106311852e-05
2025-02-18,0.0006419775246335,0.002444987723879244
2025-02-19,0.0041727724371549,0.0023769693542781134
2025-02-20,-0.0041296982165769,-0.0043341849441745905
2025-02-21,-0.0116638338015698,-0.017064126747230568
2025-02-24,-0.0010064262348258,-0.004969106535429146
2025-02-25,-0.0056142971367559,-0.004679730915472358
2025-02-26,-0.0019343399851338,0.00013602434826420762
2025-02-27,-0.0037232865465066,-0.01586455375936302
2025-02-28,0.0069208498255979,0.015854144672899695
2025-03-03,-0.004946815092685,-0.017596739440759013
2025-03-04,-0.0060087659807908,-0.012234826687347877
2025-03-05,0.0081116210758793,0.011159277985792748
2025-03-06,-0.0163474177622006,-0.017819007037040424
2025-03-07,0.0027866020019975,0.005520617666155747
2025-03-10,-0.0137721033736445,-0.02697309118232427
2025-03-11,-0.0036194557408318,-0.007567865434423338
2025-03-12,-0.0004085222487455,0.004886870024979784
2025-03-13,-0.0067376937216797,-0.013890984178154708
2025-03-14,0.0132827679002105,0.02126586892281157
2025-03-17,0.0077085695925154,0.006416130758361005
2025-03-18,-0.0057214946589617,-0.010653512129001563
2025-03-19,0.0086652026933364,0.010798495601770153
2025-03-20,-0.0027046809327847,-0.002184893091769613
2025-03-21,-0.0028908405875776,0.0008246534696987329
2025-03-24,0.0127126703882843,0.01764600003509198
2025-03-25,0.0016935854655422,0.0015743334328117697
2025-03-26,-0.0089701079950377,-0.01115693491788139
2025-03-27,-0.0029921846730993,-0.003306980735117593
2025-03-28,-0.0119689777016436,-0.01973722084964713
2025-03-31,0.0019574174212888,0.005538521705442667
2025-04-01,0.0023784510537741,0.0037812353554422806
2025-04-02,0.0079605272761074,0.0067281947826252075
2025-04-03,-0.0399115758009602,-0.04839563330346297
2025-04-04,-0.0479512204268709,-0.059749605450365784
2025-04-07,-0.0057790049537406,-0.0023314724675498333
2025-04-08,-0.0164591425916391,-0.0157005244703442
2025-04-09,0.0766843225872664,0.0951538762770352
2025-04-10,-0.0286757996417897,-0.0346075794666465
2025-04-11,0.0182583413872288,0.018092095087927973
2025-04-14,0.0090720399989332,0.007944712472857773
2025-04-15,-0.0018518172148721,-0.0017277808845642673
2025-04-16,-0.0065432612174698,-0.022408371635961433
2025-04-17,0.0073240260028626,0.001326838095658589
2025-04-21,-0.0067293478917896,-0.023567493025221764
2025-04-22,0.0215799238560173,0.025117204858699615
2025-04-23,0.0090089665214978,0.016661138345671178
2025-04-24,0.0135223457916451,0.020259113848853705
2025-04-25,0.00222028675693,0.007373133395299547
2025-04-28,0.0022616223694431,0.0006407066925941951
2025-04-29,0.0031377602379423,0.00580241067149001
2025-04-30,-0.0035219781977856,0.001479991455333396
2025-05-01,-0.0020113137747735,0.006299102115680633
2025-05-02,0.0127284366082523,0.014726574101014522
2025-05-05,-0.0071866737012059,-0.006381597577802989
2025-05-06,0.0022140570362825,-0.007693239729028578
2025-05-07,0.0025073920836797,0.004346356250050087
2025-05-08,0.0067331376826065,0.0057997750506015855
2025-05-09,0.0026977266327157,-0.0007114808846804266
2025-05-12,0.0128009292355467,0.03255878272283996
2025-05-13,0.0040083840853506,0.007248201107021401
2025-05-14,-0.002181325515447,0.001024415523483313
2025-05-15,0.0066620808601074,0.00413233213255948
2025-05-16,0.004908224888092,0.0070052722893581
2025-05-19,0.004844351955128,0.0008761131553385315
2025-05-20,-4.4426053347868e-05,-0.0038802294955627703
2025-05-21,-0.0087751727584309,-0.01613513071871031
2025-05-22,0.0032509581689612,-0.000444870925681462
2025-05-23,0.0002644404306746,-0.006708297926525608
2025-05-27,0.0121387022297714,0.020459055872971144
2025-05-28,-0.0126835878436916,-0.005571225353999676
2025-05-29,0.0015167689305448,0.004011194229849968
2025-05-30,-0.0009500544626155,-8.118525115696773e-05
2025-06-02,0.0055672973474667,0.004102041927438682
2025-06-03,-0.0003188393918905,0.005800290491854376
2025-06-04,-0.0006735843837433,7.368755895842405e-05
2025-06-05,0.0010516972069569,-0.005277383418436532
2025-06-06,0.0050224114309311,0.010280682909557193
2025-06-09,0.0021600204673168,0.0009199481574493351
2025-06-10,0.0044447307869512,0.0054829894439301086
2025-06-11,-3.49386633712312e-05,-0.0027438890837948593
2025-06-12,0.0029295720065409,0.003822420080493938
2025-06-13,-0.0078141539704703,-0.01129637991473531
2025-06-16,0.0059295868109567,0.009392659822715865
2025-06-17,-0.0081566318592486,-0.008352184718039113
2025-06-18,-0.0024950299039164,-0.0003092402675560768
2025-06-20,-0.0023723781275922,-0.0021786584134243503
2025-06-23,0.0043201354024109,0.0096065041118083
2025-06-24,0.0081300919321829,0.011121720195030882
2025-06-25,-0.0014729938377927,-3.2861798932026787e-06
2025-06-26,0.0073207663268732,0.008020121393538693
2025-06-27,0.0017515936006802,0.0052189707728718115
2025-06-30,0.0010654328894352,0.005164427409528605
2025-07-01,-0.003339870225455,-0.0011185309763795948
2025-07-02,0.006128585956374,0.004745096750465416
2025-07-03,0.0023289661044683,0.008338955241566914
2025-07-07,-0.0073041226718301,-0.007862297408090746
2025-07-08,-0.0011160064846442,-0.0007158867306665817
2025-07-09,0.0024214285251946,0.006062103387148188
2025-07-10,-0.0007180884663579,0.0027462049543864886
2025-07-11,0.0020758250017414,-0.003297522972617095
2025-07-14,0.0017065575889354,0.001407413874356056
2025-07-15,-0.0088511179852316,-0.003956298219460086
2025-07-16,0.0027165176282875,0.003193657307025921
2025-07-17,-0.0004519175073874,0.005373767414166508
2025-07-18,-0.0033659690660385,-9.04861739515761e-05
2025-07-21,0.0010329321132951,0.0013991349473991832
2025-07-22,0.0052697364615892,0.000637531549340542
2025-07-23,0.0063486164180022,0.007811886941845758
2025-07-24,-0.0045898987462671,0.0006982237350547926
2025-07-25,-0.00150471955932,0.003974327769259434
2025-07-28,-0.0052586045266388,0.0001768581381593748
2025-07-29,-0.0013475938196477,-0.002959442505882315
2025-07-30,-0.0073782913118142,-0.001249432756515123
2025-07-31,-0.0020503962814517,-0.003694819243126868
2025-08-01,-0.0085066998712546,-0.01599213312465042
2025-08-04,0.0094212652446397,0.0147371002047898
2025-08-05,-0.0025974957843144,-0.004857865996615196
2025-08-06,0.0010102400487199,0.0072819074245471516
2025-08-07,0.0092350838999089,-0.0007974800794553483
2025-08-08,0.0013292808009128,0.007799715299684706
2025-08-11,-0.0029723487587789,-0.002504127821908786
2025-08-12,0.0067932636848802,0.011345435955038452
2025-08-13,0.0048043427450914,0.00323007880464643
2025-08-14,-0.0056099531001643,0.0003030908109633579
2025-08-15,0.0033436978169645,-0.0028971350392843487
2025-08-18,-0.0004804963107202,-0.00010076328252783817
2025-08-19,-0.0090023433043449,-0.005858103094841027
2025-08-20,-0.0001362620143647,-0.0024316693180232996
2025-08-21,-0.0008996665659011,-0.0040041814854323565
2025-08-22,0.0157605377028434,0.015186444817727462
2025-08-25,-0.0108455049807764,-0.0042663855433960896
2025-08-26,0.0050900549118602,0.004133995162157289
2025-08-27,0.0001925846602635,0.002390984317990563
2025-08-28,0.0027237643208499,0.003156719429345145
2025-08-29,-0.0049319909666042,-0.006398184192915712
2025-09-02,0.0009723926727198,-0.006922280004181491
2025-09-03,0.0010935052844969,0.005100073696227669
2025-09-04,0.0027937164480798,0.008346486331673564
2025-09-05,0.0035192517483178,-0.003165152959225037
2025-09-08,0.0052725926114938,0.0021059788629176346
2025-09-09,-0.0002047323088466,0.002688153662877557
2025-09-10,0.0012642107646343,0.002983469977280384
2025-09-11,0.006740317855759,0.008485890421529918
2025-09-12,-9.94312415314447e-05,-0.00048276134786284786
2025-09-15,0.0060306043313966,0.0047066192127687145
2025-09-16,0.0005732390523276,-0.0012879302579640317
2025-09-17,-0.0022632920318767,-0.0009701681651852478
2025-09-18,0.0083706938602932,0.004789119142267539
2025-09-19,0.0072644684893135,0.004885418818951104
2025-09-22,0.0006418553845812,0.004410046516721389
2025-09-23,0.0002779204939504,-0.005502159178337962
2025-09-24,0.000484821028176,-0.002846617838585419
2025-09-25,-0.007376199153021,-0.005009061343008714
2025-09-26,0.0064685916724287,0.005901836676059702
