,RPI,W875RX1,DPCERA3M086SBEA,RETAILx,INDPRO,IPFPNSS,IPFINAL,IPCONGD,IPDCONGD,IPNCONGD,IPBUSEQ,IPMAT,IPDMAT,IPNMAT,IPMANSICS,IPB51222S,IPFUELS,CUMFNS,HWI,HWIURATIO,CLF16OV,CE16OV,UNRATE,UEMPMEAN,UEMPLT5,UEMP5TO14,UEMP15OV,UEMP15T26,UEMP27OV,CLAIMSx,PAYEMS,USGOOD,CES1021000001,USCONS,MANEMP,DMANEMP,NDMANEMP,SRVPRD,USTPU,USWTRADE,USTRADE,USFIRE,USGOVT,CES0600000007,AWOTMAN,AWHMAN,HOUST,HOUSTNE,HOUSTMW,HOUSTS,HOUSTW,PERMIT,PERMITNE,PERMITMW,PERMITS,PERMITW,AMDMNOx,ANDENOx,AMDMUOx,M1SL,M2SL,M2REAL,BOGMBASE,TOTRESNS,NONBORRES,BUSLOANS,REALLN,S&P 500,FEDFUNDS,TB3MS,TB6MS,GS1,GS5,GS10,AAA,BAA,TB3SMFFM,TB6SMFFM,T1YFFM,T5YFFM,T10YFFM,AAAFFM,BAAFFM,TWEXAFEGSMTHx,EXSZUSx,EXJPUSx,EXUSUKx,EXCAUSx,WPSFD49207,WPSFD49502,WPSID61,WPSID62,OILPRICEx,PPICMM,CPIAUCSL,CPIAPPSL,CPITRNSL,CPIMEDSL,CUSR0000SAC,CUSR0000SAD,CUSR0000SAS,CPIULFSL,CUSR0000SA0L2,CUSR0000SA0L5,PCEPI,DDURRG3M086SBEA,DNDGRG3M086SBEA,DSERRG3M086SBEA,CES0600000008,CES2000000008,CES3000000008,UMCSENTx,INVEST,VIXCLSx,growth_roc_2,inflation_roc_2,growth_roc_2_lag,inflation_roc_2_lag
2008-03-31,0.0010390072752812785,0.0009293916533703594,-0.003465515747414827,-0.008864108872041143,-0.0036650788434346993,-0.0028298604092471535,-0.0012011702689189718,-0.0015589098143911073,-0.0056129509526634536,-0.0002780390680854339,-0.00022458310033623974,-0.004642242898222015,-0.0021774983617408594,-0.019737219591964283,-0.006706648392296621,0.02303422024014523,0.0006712771957788632,-0.5237999999999943,-345.0,-0.030929969,-0.0026647963877231007,-0.0015177725845010315,-0.09999999999999964,-0.6000000000000014,0.03803031754525499,-0.015075662405447332,-0.03771004376546472,-0.031748698314580714,-0.04343708235350441,0.023341687001028788,-0.000462564785385311,-0.0022359634221533753,0.003198606972518725,-0.0030812536937592228,-0.0019703001959126,-0.002074450438518838,-0.001790510773787446,-0.00012881673261233573,-0.0015433554097725732,-0.0016942759347564618,-0.002250445073961771,-0.0008461771432664023,0.0012944985626450745,40.4,-0.09999999999999964,41.1,7.005789019253503,4.836281906951478,5.0238805208462765,6.363028103540465,5.501258210544727,6.921658184151129,4.700480365792417,4.976733742420574,6.249975242259483,5.484796933490655,-0.01834689530515554,-0.057113061337616955,0.013483745371782874,-0.0011681546906814333,0.006947774022135533,0.009018815082278309,0.006589437809037868,-0.056480834019378534,-829.3138513513514,-0.010323212502842516,5.2287500928116515e-05,-0.017479035736156057,-0.96,-0.6299999999999999,-0.71,-0.6600000000000001,-0.20000000000000018,0.0,0.20000000000000018,0.28000000000000025,-0.86,-0.94,-0.93,-0.2,0.76,2.55,3.84,-0.006658456538836788,-0.010595641692697999,-0.007336378909440278,-0.0028463981808095618,-0.011252296966002303,-0.0058192041794544735,-0.008862060174556596,-0.004028951957843141,0.008119509206106379,0.012280383233086667,0.07488368962229419,-0.0010268667297195222,-0.005218018931827828,-0.0006947455897243771,-0.0035273465669138915,-0.001790663828816541,-0.002132148258544575,-0.0005438790676732808,-0.0008102992819720711,-0.0010818434636679086,-0.0008540425083278791,-0.0005266670535615248,-0.002287478472286608,-0.0012554251252350213,1.9843698380483943e-05,-0.0010664964830922052,0.002322577089076905,-1.6000128001625313e-05,-7.6000000000000085,0.020060124371309662,27.1565,-36.50000000000182,-0.27599999999998204,15.700000000000728,-0.30100000000001614
2008-04-30,0.001189591882308605,0.0002955344762476386,0.0024916858794759023,0.0028466061537208986,-0.003196437830379928,-0.007094699952236994,-0.006996315152959731,-0.014268466343118291,-0.027497690841220113,-0.010178895330513527,0.0073432367073094085,0.0012194799036135962,-0.003465756517369911,-0.0009569357464229711,-0.004282825523499234,-0.021528149152693743,-0.021484460014566054,-0.3049000000000035,-54.0,-0.030618452000000018,0.0016582080200677751,-0.000479055038898224,0.1999999999999993,-0.3999999999999986,0.06210907411574951,0.06809232547010513,0.018230199015063064,0.045542020446916354,-0.004524894598289642,0.04690009676713025,-0.0005061753499440158,-0.003661331321232808,0.010109849251654701,-0.006326153408135582,-0.0029261176693893276,-0.0035827833759629613,-0.0017937224540265362,8.587966546613757e-05,-0.0007537215355881699,-0.0016803337735140644,-0.0006909801537418048,-0.00012094092050851657,0.0011591619666191377,40.6,0.09999999999999964,41.3,6.912742820493176,4.74493212836325,4.912654885736052,6.26530121273771,5.429345628954441,6.874198495453294,4.7535901911063645,4.890349128221754,6.255750041753367,5.2832037287379885,-0.0007192943564628962,0.021184043831114607,0.017595475260714366,0.004036875308191412,-0.002772182441848514,0.005077569217229794,0.005535754102496959,0.024803977365808194,-863.7138513513515,0.009277747351217336,0.0006665609517817472,-0.02839464513284362,-0.3700000000000001,-0.8600000000000001,-0.56,-0.5099999999999998,-0.2999999999999998,-0.23000000000000043,-0.020000000000000462,0.0699999999999994,-1.35,-1.13,-1.07,-0.13,0.9,2.9,4.28,-0.031222311999113295,-0.0727385633971517,-0.060405431601366466,0.01860823719185911,0.004296784027653568,0.005132433939168735,0.008155804512284703,0.01191092669342897,0.0018525278624430541,0.0762325617097197,-0.0169610418895898,0.001156733255291087,0.0002247950567353385,0.0006930985425066538,0.0013722446603710026,0.000177197362787318,0.0014617206034310826,0.0020489713668991882,0.0016167973773191235,0.0009960743608639078,0.0011449962970475625,0.0008651433741366787,0.0013238450483461506,0.0004901917779820408,0.0009215595802984922,0.000512966166489992,-0.001416723909475337,-0.0011503029605099968,-1.2999999999999972,-0.005697096357935472,29.009,15.700000000000728,-0.30100000000001614,7.600000000000364,-0.12199999999998568
2008-05-31,-0.002829381231398642,-0.0059018702452764416,0.0016186167882086266,-0.0009534508517017315,-0.006878154493333177,-0.009456199701673107,-0.00864832347746436,-0.006193494513420994,-0.02387662639179755,-0.0008540777711640857,-0.018886014628062497,-0.004041899257248183,-0.004980498105092046,-0.014097115837878427,-0.010281355388895186,0.0032592545528773442,0.014363391193886521,-0.7450000000000045,-190.0,-0.01179435799999995,-0.0009035450128322964,0.0003148334488631832,-0.09999999999999964,0.3999999999999986,-0.12431334472993161,0.014478828556790724,0.0757410933533107,0.11778303565638293,0.036367644170874236,-0.010789978800968214,-0.001585262461233583,-0.006393618983343785,0.0,-0.010724327313594628,-0.004478879692607407,-0.005805868607801301,-0.00219670582593956,-0.0006872439213179149,-0.003777152743746015,-0.0035716730468848823,-0.005389207449562505,-0.0012102143556234068,0.00031185262988486784,40.5,-0.09999999999999964,41.2,6.920671504248683,4.532599493153256,5.123963979403259,6.234410725718371,5.488937726156687,6.915723448631314,4.709530201312334,5.093750200806762,6.236369590203704,5.407171771460119,-0.01623371859302658,-0.04037758022297844,0.007904829871472785,-0.0040523686972804285,-0.0031294434917263914,0.003222851676866867,-0.007577539084247853,0.027028672387919173,-903.4138513513515,-0.001626244571587776,-0.001450018896969496,0.03984288306310191,-0.33000000000000007,0.030000000000000027,0.07000000000000006,0.19999999999999996,0.3599999999999999,0.17000000000000037,0.040000000000000036,0.08000000000000007,-0.99,-0.73,-0.54,0.56,1.4,3.27,4.69,0.0012963830098788875,0.001184366502440276,0.018891218668793286,-0.009992300257478548,0.010711200294191479,-0.005742086772415611,-0.00819292886029288,-0.011096293927937317,-0.010099301199512745,-0.03742944085710587,-0.05707960830396086,-0.001259934927237083,0.00703947708108732,-0.008344643378643823,-0.0006783627486823818,-0.0011913809671826314,-0.002167669770588354,-0.0016774252970295223,-0.002520366272841912,-0.00034329433834301426,-0.0013058449251222015,-0.0010099092572932733,-0.0038336073829041695,0.0004098395398530741,-0.0010161266356618626,-0.0031432826534585345,0.00044823200757049264,-0.0022743424072819707,-6.899999999999999,-0.0049791205243154835,22.5268,7.600000000000364,-0.12199999999998568,4.600000000000364,0.41499999999999204
2008-06-30,0.04152739093576052,-0.003948336448784673,0.001861685538252722,0.009382516095588045,-0.006190503071188402,-0.004874809990790041,-0.0030040248654170654,-0.0059874271883133545,-0.010354188220640381,-0.0046884993684832565,0.0032563722417364716,-0.007682191485008261,-0.011209074637143601,-0.006080574340677103,-0.006311523532577468,-0.01746778233915336,-0.0043015037335134565,-0.4187999999999903,159.0,-0.028765743000000066,0.0034667255369473793,-0.001534036734197386,0.40000000000000036,-0.29999999999999716,0.2737466757802167,-0.03881675435158538,0.034025598069191254,-0.07504506956328427,0.12905711222960203,0.02010256322120796,-0.0013556178654283713,-0.003605773137499213,0.014550898671497059,-0.00725980861302844,-0.0025051589877325142,-0.0020983920033668113,-0.0032038473540616508,-0.0009371306435426163,-0.003297768468272011,-0.002179588768685292,-0.004080615606129712,-0.0010904465853034395,0.0014688538906018067,40.2,-0.10000000000000009,41.0,6.880384082186005,4.8283137373023015,4.919980925828125,6.206575926724928,5.3706380281276624,6.902742737158593,4.955827057601261,4.997212273764115,6.154858094016418,5.455321115357702,-0.016211289117684657,-0.02981743137366699,0.007811043735161505,-0.0005060076777283484,-0.0038802990845336893,-0.004253018961323463,0.008772749785656231,0.014326513293994925,-921.9138513513515,-0.012358004659263955,-0.006281895462018738,0.02361584897001201,-0.2999999999999998,0.43999999999999995,0.27,0.32000000000000006,0.31000000000000005,0.19999999999999973,0.020000000000000462,-0.040000000000000036,-0.25,-0.16,0.08,1.17,1.9,3.59,4.95,0.0035021239758652456,0.030119832483917548,0.016246713085635633,-0.00841235387178807,-0.014307248520610372,0.011265996596967476,0.014443040475212499,0.015198368811998542,0.019755506134853995,0.043557891104144986,-0.05230383424054352,0.00358834510261552,-0.002892807744778736,0.020592619222221664,0.00012739099014424937,0.0064037625979480595,0.00047654440411282195,0.0016277757367744172,0.004872048085497127,0.0046380079376735495,0.0038239729859386173,0.0024328353181681805,0.0016902865667098865,0.005031143378488423,0.0016586850138997633,0.0031279881830097445,-1.728116313826078e-05,0.002264684897972824,-2.8000000000000043,0.010177901612334672,18.7919,4.600000000000364,0.41499999999999204,-21.399999999999636,1.775999999999982
2008-07-31,-0.02432054567191777,-0.005085980951816893,-0.0018499659871116236,0.0018204489407889213,-0.002607918024758682,-0.004432497400498114,-0.00235289455505594,-0.002251483303059132,0.007231149742138676,-0.005070029342049587,-0.006696094583243273,-0.0007071896289430057,-0.0011101144371226113,-0.015717114139499166,-0.007160847676063398,0.019915622372347563,-0.005680927517543566,-0.4709000000000003,-364.0,-0.052935854999999976,6.480545405018745e-05,-0.0011726586747293766,0.1999999999999993,0.5,-0.17454225416116742,0.19728709532336008,0.04673255027475154,0.09239744762067215,0.009563349902392382,0.04387077736961409,-0.001110510404492615,-0.005479720222375306,0.008742300462006192,-0.00842139304326217,-0.004510340745394359,-0.004327239077877465,-0.0048250998317573845,-0.0003010998771024731,-0.0018241245462391475,-0.002099596091239775,-0.0015663754671102481,-0.0015771917130518176,0.001511111398658116,40.4,0.0,41.0,6.952728644624869,5.4638318050256105,4.890349128221754,6.156978985585555,5.3230099791384085,7.07326971745971,5.723585101952381,5.030437921392435,6.1675164908883415,5.497168225293202,0.008286807876558555,-0.009147618676635716,0.00811812832094816,0.006569392022423237,0.0007723712384208881,-0.007998923924525059,0.0011618366408390202,-0.06508877001400881,-938.5138513513515,0.003640532494355142,-0.0008592192690510814,-0.04516758070712523,0.020000000000000018,0.13000000000000012,0.30999999999999983,0.3599999999999999,0.3400000000000003,0.21999999999999975,0.10999999999999943,0.14000000000000057,-0.14,0.13,0.42,1.49,2.1,3.68,5.07,0.008858146169129277,-0.0073971229264781085,0.024194327735407306,0.0007122145084086373,0.01716397114505846,0.0014606050605729948,0.002319773789419166,-0.003161962358331216,-0.028055197833842804,-0.04196523463915014,0.009305035377841442,0.004523666729042475,-0.0017031877289479525,0.021380705338105876,0.0011722170372348018,0.010603218525138125,0.0009032791660548156,0.0002749788110971707,0.004924722326504316,0.006233679487791299,0.0047349324912069335,0.002947388542785312,0.0018122654465884125,0.011940536916228872,-1.3796932716303445e-06,0.0005052593815157991,-0.0004753285327030454,0.0011193979122090525,-3.3999999999999986,0.00011531216096916097,23.1914,-21.399999999999636,1.775999999999982,-88.80000000000109,1.1839999999999975
2008-08-31,-0.016256338456758,-0.003880999161474108,-0.004828345014150415,-0.003617013664772628,-0.004550110664112594,-0.008266980806873825,-0.009202396729389939,-0.006395277873083138,-0.02302771541577897,-0.0014769205069322666,-0.018471644833003786,-0.0006796745794614978,-0.015642907875483836,-0.012073334795215551,-0.010951532361278105,-0.023534028112459637,0.0014189056124074284,-0.7493000000000052,-81.0,-0.02715523000000003,0.0010104216778969999,-0.001407633725865054,0.20000000000000018,-0.10000000000000142,0.03603029289417492,-0.06259522929733041,0.06672459543450948,0.08113525831267676,0.05433435096332939,0.03776448753251316,-0.001453509754584914,-0.005884567700132237,0.00308382638561433,-0.007374972548982228,-0.005573529086413842,-0.006467186982835216,-0.004038777703190277,-0.0006369098041201227,-0.0024373536325565937,-0.0036338976989789273,-0.002602992947876359,-0.002066241999180818,0.002262394222173114,40.3,-0.10000000000000009,41.0,6.827629234502852,5.081404364984463,5.017279836814924,6.068425588244111,5.187385805840755,6.825460036255307,4.61512051684126,4.941642422609304,6.186208623900494,5.267858159063328,-0.03937146907937361,-0.021706853909725154,0.002702273481526518,0.0036728937439951537,0.0036715893377508024,-0.0010395157355080897,0.0014931560381823417,0.02809088970105078,-932.7138513513515,0.0047411471899909685,0.0014032548524092192,-0.06461158997665173,0.009999999999999787,-0.2300000000000002,-0.19999999999999996,-0.14000000000000012,-0.1900000000000004,-0.08999999999999986,-0.009999999999999787,0.08999999999999986,-0.38,-0.08,0.27,1.29,2.0,3.66,5.15,-0.007460723542186187,-0.00852140336054354,-0.0005931692156311286,0.011326981944676295,-0.0035475007641188015,-0.0035050072494851037,-0.00498366649787485,0.0050360510087967825,0.0070594165650010865,-0.06955373198517822,0.0444141093241619,-0.003307653403661348,0.006065199421338541,-0.02382074347060481,-0.0014566368771049554,-0.008413022961390126,0.0007724879221839842,0.00026337601361081653,-0.004410719056608059,-0.004808599257005497,-0.0034301709066895114,-0.002586203320439573,0.0009206087365019044,-0.009998972611368728,-0.00065418170025211,-0.0005335952063791893,-0.0009271015630054613,-0.00113851733531245,4.800000000000004,-0.011294410800502419,25.6322,-88.80000000000109,1.1839999999999975,-48.79999999999927,-0.38999999999998636
2008-09-30,-0.006313326962839483,0.004823215666860392,-0.000117768984496891,-0.008148036420273286,-0.015920769597173035,-0.014826376356113613,-0.01632680309687995,-0.01804578896971787,-0.0455560199768561,-0.01011550145219875,-0.018900217434164368,-0.017202951424650337,-0.011666246226695876,-0.012734601795481915,-0.012892021446948121,-0.034087316135041235,-0.007004815226964389,-0.8847999999999985,-75.0,-0.030214611000000002,0.0011128725550886287,-0.002263230367406166,0.2999999999999998,0.6999999999999993,0.1317779290856489,-0.026830441477269318,0.09373247766270687,0.06926869551297266,0.11457276002613526,0.08428572271805201,-0.0020894845412335883,-0.0050245462708389255,0.014312757358847072,-0.006445307446290016,-0.005305052229692464,-0.00674678537203377,-0.002836881335198882,-0.0015509356110356975,-0.003820298044860948,-0.0035788579049018665,-0.003996133863291007,-0.0017048226243083775,-4.431150992267874e-05,40.3,-0.09999999999999964,40.9,6.738152494595957,4.912654885736052,4.836281906951478,5.983936280687191,5.220355825078324,6.754604099487962,4.442651256490317,4.955827057601261,6.09807428216624,5.225746673713202,-0.029022765798552896,-0.04659146844926987,0.002155788919759871,-0.021365843938263573,-0.004217136385172182,0.003367478978507421,-0.007352604174683641,-0.008714610737912132,-935.3138513513514,-0.008876456910709152,0.0023181171332300465,0.01901743149552093,-0.009999999999999787,0.09000000000000008,-0.010000000000000009,-0.09999999999999964,-0.1599999999999997,-0.11999999999999966,-0.03000000000000025,-0.009999999999999787,-0.28,-0.08,0.18,1.14,1.89,3.64,5.15,0.0450114589810946,0.05284319643210121,0.023224310372626178,-0.05280818135208143,0.03920172899556054,-0.019731038959053926,-0.025329922378627856,-0.03931695946853253,-0.14631187237912524,-0.13115156828960117,-0.06585636600458056,-0.008605650001800136,0.0018628945679051157,-0.03147296605324712,0.0009192561564628221,-0.0165239649213893,-0.0017693382212833342,-0.002926919329533817,-0.009231856535228289,-0.012413720137552708,-0.009221656570748138,-0.0054518321725467445,-0.002527518985919741,-0.0170218564615503,-0.0018809452699075635,0.0010157332852309686,0.004086186111615486,-0.002812941376614919,1.7999999999999972,-0.0020687563480805693,20.9769,-48.79999999999927,-0.38999999999998636,-84.5,-0.6929999999999836
2008-10-31,0.0006951693123795621,-0.00015412014552040887,-0.006664721863145928,-0.015533713302676944,-0.044849206649193896,-0.023910543832814213,-0.025991263991167024,-0.00702382362351095,-0.008625842462195443,-0.006567198673957719,-0.08292305313770054,-0.06843036512670153,-0.02189085104877808,-0.08069940485061444,-0.034902823483293766,0.015704877185498844,-0.10240339151230238,-2.4779000000000053,-452.0,-0.04990515399999995,-0.00045923334711694963,-0.0008750202949787678,0.0,0.9000000000000021,-0.13388245459056414,0.09570564514035151,0.05848956125814553,0.02854618190636149,0.0827597650447105,0.0691468242237665,-0.0032776981817814743,-0.0069443083230460445,0.0050918709064902146,-0.00988848289230404,-0.006086811954347127,-0.0067926138548450865,-0.004882027597309602,-0.002607540892736182,-0.0043345740012394884,-0.001965291880175357,-0.004335685872579376,-0.003907686008060907,-0.0013302591532440289,39.9,-0.20000000000000018,40.5,6.709304340258298,4.736198448394496,4.941642422609304,5.986452005284438,5.123963979403259,6.680854678790215,4.477336814478207,4.882801922586371,6.0112671744041615,5.1298987149230735,0.005305694743650946,-0.007961881596633802,0.0040066681250880976,0.04774851984264217,0.0066235157946490375,0.007646833421423693,0.0699979166917819,0.8138308570888206,-1000.2138513513514,0.011126692905823354,0.010056520550834946,-0.051660127954593626,-0.18999999999999995,-0.5900000000000001,-0.30999999999999983,-0.27000000000000024,-0.26000000000000023,-0.20000000000000018,0.010000000000000675,0.15999999999999925,-0.68,-0.2,0.1,1.07,1.88,3.84,5.5,0.02136342413232928,0.023790029588814862,-0.02582005200494919,-0.048437721646376386,0.004451397225787558,0.011501649052735097,0.014472299864388027,0.012035998813360038,0.05803471182026332,0.019410769651135418,-0.03848121424448614,0.0023443109079686053,-0.007101394580616649,0.01690354628011903,0.00011248423942422647,0.008211626068769462,-0.0008310878786934595,-0.0018033081352957225,0.002616878240059961,0.0031147513652118874,0.002493156408364783,0.0016406344957058394,-0.000598688054632035,0.009045818581858711,-0.0005700102602190782,-0.0025835447610105255,-0.0032073492053683594,0.0011229647446238111,7.299999999999997,0.023507554200492997,30.7233,-84.5,-0.6929999999999836,-26.200000000000728,-2.5250000000000057
2008-11-30,0.006745257609425792,0.006103800306963336,-0.0015425143664575813,-0.03646266809020027,0.010006671958914914,-0.006695459661055558,-0.005013725719451578,0.002683928925581114,-0.025077845387424524,0.01046053397165192,-0.027978983721084205,0.02900008012609412,-0.0332955040470555,0.04447553608140087,-0.006437450741473505,0.00842128343577464,0.14845324143343586,-0.3807999999999936,155.0,-0.004152858000000037,0.00197772858424905,-0.0018904510283768161,0.40000000000000036,1.2999999999999972,0.10711459433946047,0.006568168112096373,0.09566111856911341,0.06711493666275103,0.11761857549648624,0.023956429142282687,-0.00343520873969716,-0.009956967518945703,-0.004264398786457235,-0.010991474585978267,-0.009770954464499937,-0.01166649830984845,-0.006546668226313557,-0.002250362305778353,-0.004276227261737375,-0.006435525596122815,-0.004076047647741277,-0.004168716189088428,0.000532316030845692,40.0,-0.10000000000000009,40.5,6.655440350367647,4.343805421853684,4.820281565605037,6.025865973825314,5.087596335232384,6.601230118728877,4.31748811353631,4.836281906951478,5.926926025970411,5.075173815233827,-0.11473998060671065,-0.08432813229062042,-0.00840662117012414,-0.030022592754099797,0.004452587731508473,0.02156239860429565,0.15179972671814568,0.3087063219833799,-1146.5138513513516,0.02473553031326503,0.03193919204585782,-0.22804481527030163,-0.8400000000000001,-0.45999999999999985,-0.41000000000000014,-0.49,-0.1499999999999999,0.1200000000000001,0.6299999999999999,1.5700000000000012,-0.3,0.23,0.45,1.76,2.84,5.31,7.91,0.06845247626258821,0.02902871264749128,-0.06401795820242828,-0.0638080622694136,0.11292022649068212,-0.02821671482203225,-0.03836822251686822,-0.0439009269325874,-0.10974731213810607,-0.18877315736029843,-0.05491640160062605,-0.009490342699231213,-0.005884355117518503,-0.051103101541104756,-0.00048291429892621807,-0.023346347497407827,-0.0008032167341562868,0.00041915299355554936,-0.010806407055412137,-0.013530243792231111,-0.010091550184585074,-0.00745739925603317,0.001871367050603645,-0.026732567093583626,-0.0023723555480152925,0.0015307076321882107,-0.0022689016439674248,0.0033563260594218214,-12.699999999999996,0.04296522929110136,62.9648,-26.200000000000728,-2.5250000000000057,-57.899999999999636,-5.486000000000018
2008-12-31,0.007088781336170413,0.005313608006852988,-0.003068362618562581,-0.04020080540572302,-0.013174441535618975,-0.01135777059350307,-0.0033344505739743013,-0.008477263853988504,-0.03930105219434754,-0.00011333739625918327,0.01366284211246871,-0.015418650735140815,-0.049180609330309544,-0.04367204653957657,-0.025168461262005337,0.025397088762059816,-0.017449366977825953,-1.7014000000000067,-146.0,-0.02861470799999999,-0.0015314285014884632,-0.004859789005449144,0.2999999999999998,-1.0,0.05074109147839678,0.0649476027550584,-0.01693456367435786,-0.0035149421074445186,-0.027118799015892314,0.08960314083885201,-0.005518046933088883,-0.013060111898493432,-0.006639028534809022,-0.022352164256449925,-0.008561434346070484,-0.00996968744021487,-0.006176671891729768,-0.004159165480752236,-0.00798484803704369,-0.006494538761701918,-0.008576713137546932,-0.0048032606665113775,0.000487707562482953,39.6,-0.19999999999999973,40.1,6.480044561926653,4.07753744390572,4.672828834461906,5.860786223465865,4.90527477843843,6.439350371100098,4.2626798770413155,4.584967478670572,5.6937321388027,5.075173815233827,-0.055494819578987276,-0.057709994076930116,-0.01056608820998406,0.01926854032364833,-0.006449220161437452,0.024378668248862922,0.01586791545741395,-0.4581349324040538,-902.7138513513515,-0.0429538249040089,-0.041659966052469244,-0.09268769254769094,-0.58,-0.48000000000000004,-0.47,-0.34999999999999987,-0.43999999999999995,-0.28000000000000025,-0.16000000000000014,0.33000000000000007,-0.2,0.34,0.68,1.9,3.14,5.73,8.82,0.03208850087483395,0.041224398451747885,-0.030472851405590085,-0.09544659048371329,0.02698140191979781,-0.006376193664983987,-0.004587506952734799,-0.008166537019906883,0.025128485879154283,0.01567061220950361,-0.006301315047559264,-0.009228477693260295,0.007442574114610245,-0.05736948974071954,0.0006498138535908637,-0.02322141467232619,-3.618972332564141e-05,-8.17030017898901e-05,-0.010415942508426923,-0.014209249913879951,-0.009891767430678655,-0.005245505576133347,-0.0027423967214934564,-0.0265060798827923,0.001161797041898005,0.0004964872324464409,0.006293148752814837,-0.001689888716466914,-2.3000000000000043,-0.08507260737666744,62.7229,-57.899999999999636,-5.486000000000018,-25.30000000000109,-2.3659999999999854
2009-01-31,-0.00646779416843124,-0.0112290424725483,-0.002910550406759249,-0.02352584289965165,-0.028661751630825627,-0.021271167469826047,-0.01336375823330016,-0.0207402369276366,-0.04778724321633199,-0.013622082335665198,0.009588454124385137,-0.03759309384007903,-0.05998294551511041,-0.05422371747019028,-0.034098449458031865,0.019285047393760912,0.004550211748214572,-2.2682999999999964,-85.0,-0.027852231999999977,0.00010346143161044097,-0.005085776731519331,0.5,1.0,-0.024280403707054532,0.07046418121779396,0.14761100761545798,0.12764556044726127,0.16229357738414496,0.08161012929066835,-0.005148130753267921,-0.014757890987246114,-0.007382163199655345,-0.016575782800497763,-0.014226310752352589,-0.015763873233064274,-0.0116328690296843,-0.003434123185625637,-0.00675533133785855,-0.007060407738045171,-0.007087135292680458,-0.004082395723555621,-0.00017732068492293251,39.3,-0.30000000000000027,39.8,6.327936783729195,4.143134726391533,4.3694478524670215,5.645446897643238,4.90527477843843,6.317164686747284,4.110873864173311,4.430816798843313,5.680172609017068,4.7535901911063645,-0.0433550076964373,-0.11286827143506528,-0.01050588862460522,0.028606909147705473,0.015396525431766506,0.030156718829378093,-0.09394714125213355,-0.3616260997874088,-645.7138513513514,-0.004237064411350744,-0.0024798516398440995,-0.0062251706203309,-0.23,-0.16,-0.47,-0.5800000000000001,-0.77,-1.1099999999999999,-1.0700000000000003,-0.7800000000000011,-0.13,0.1,0.33,1.36,2.26,4.89,8.27,-0.024031815024366132,-0.04341421231678316,-0.060479348887080064,-0.03134678976966582,0.013546804196907625,0.01207291173078584,0.013367016715566393,0.010520736706834732,0.08384549794632701,-0.048172491517878946,0.06390853307877808,0.009596489038736777,-0.006884861781183638,0.056788609291186454,0.0009703616695668771,0.02292691202216357,0.0011376808397978166,0.00022466319537084445,0.0114756489366874,0.015061491514953396,0.010155805663119466,0.006268490251815528,-9.039567187851816e-05,0.02560165231270428,0.0006651858608206496,-1.659207147897135e-05,-0.000503003411153724,-0.000563469059424726,4.800000000000004,0.004572916685853912,51.1192,-25.30000000000109,-2.3659999999999854,52.399999999999636,-0.19400000000001683
2009-02-28,-0.009375742856535751,-0.01768031441090656,0.0045410469982059,0.01533898937903544,-0.025201643484703773,-0.030169260294395706,-0.03241255799592846,-0.023912980145379237,-0.12036822722189644,-0.0003353334055518076,-0.05731375913465531,-0.019339534220982557,-0.05986161964462955,0.005990908275679274,-0.03293176787250296,-0.007137430266236144,0.006491731689438396,-2.1182000000000016,-408.0,-0.05168327100000003,-0.002881519809033506,-0.008524818631183706,0.5,-0.09999999999999787,0.07940443241340134,0.04581806965590829,0.046619976650180917,0.06450623755861074,0.033531112701266075,0.014084739881738528,-0.005719082242483964,-0.021597177019232916,-0.012520385824587699,-0.020199661782198675,-0.02284103394112691,-0.02934904271331895,-0.011981225824444053,-0.002929181530674896,-0.005500347816019158,-0.0057406041751715264,-0.005653262296252848,-0.0062173788940231844,0.0010191648162560796,39.2,0.0,39.7,6.194405391104672,3.58351893845611,4.07753744390572,5.537334267018537,4.948759890378168,6.300785794663244,4.07753744390572,4.48863636973214,5.641907070938114,4.74493212836325,-0.1403445140065891,-0.11020597599585713,-0.02147110759329962,-0.06778432215751007,-0.011661626598989727,0.007699650491851173,-0.11742988260237208,-0.25165522051636646,-516.3138513513516,0.0015253876921299536,-0.002407589951946676,-0.013745526606019354,-0.010000000000000009,0.1,0.03999999999999998,-0.04999999999999999,0.08000000000000007,0.10000000000000009,0.0,-0.28999999999999915,-0.02,0.15,0.29,1.45,2.37,4.9,7.99,0.006116466339474158,-0.012086071868396733,-0.012729263835036697,-0.026744669494344675,-0.007240218733944842,0.025142329563353272,0.035633732049079825,0.04263186495133908,0.03767431298090518,0.35408132110055357,0.07281158082255157,0.01079517938634833,0.0050249636096149075,0.06197122646256492,-0.0005880032247382871,0.025418340063907863,0.002718088268180985,0.0011532604941963953,0.012510172541126074,0.015274348902287294,0.011567565027808868,0.005716520022025939,0.003013643162598001,0.027667447497754516,-0.0007726459942301034,-0.004572274258030085,-0.010712733339371283,-0.0011148218027310364,1.1000000000000014,0.04421633150572468,45.5042,52.399999999999636,-0.19400000000001683,-6.499999999998181,0.25900000000001455
2009-03-31,-0.011586868899074787,-0.01575637940329422,-0.004111088434809673,-0.004287698219719971,-0.005994994523213393,-0.006547785906830583,-0.0038606879637539393,0.0007692841364042025,0.02286539125240683,-0.004339319128067842,-0.005282258566943199,-0.005481048591250648,-0.00666390801856398,0.013825591474090793,-0.0009210910312589249,-0.039460306455827876,0.018427527523058096,0.018900000000002137,126.0,-0.0050192359999999825,0.002124710918895545,-0.0036082803990709067,0.5000000000000009,0.3999999999999986,-0.021222477030665488,0.07215553293768728,0.13544496779198134,0.17340378387190025,0.10539756573100512,0.11855973472455617,-0.005691969218606374,-0.01592164249000838,-0.018142058898494184,-0.018597323815589206,-0.014524991550036503,-0.017147329185389637,-0.010202001343804667,-0.003921900522072974,-0.006085532097745983,-0.008319134289406449,-0.005651344325885432,-0.006005272645202453,-0.0001328756507330553,39.3,-0.19999999999999973,39.6,6.366470447731438,4.143134726391533,4.553876891600541,5.739792912179234,4.727387818712341,6.324358962381311,4.30406509320417,4.48863636973214,5.69035945432406,4.59511985013459,-0.015011001423880899,-0.030462779732419065,-0.024416233938147514,0.001965291782043188,-0.0065972790453425745,0.0,-0.11888397296281283,-0.25142065431046134,-694.5138513513515,0.0015038767546817766,0.010658665167557757,-0.0722718515691172,0.07,0.16999999999999998,0.15000000000000002,0.18,0.27,0.3500000000000001,0.21999999999999975,-0.0600000000000005,0.08,0.23,0.4,1.65,2.65,5.05,7.86,0.02634571844623501,0.03248342877781034,0.03054604300179431,-0.002769701258192314,0.016518594223979083,-0.0076327554111799145,-0.010806050742471207,-0.009318982803756981,-0.03708436261277459,-0.08120423299156476,-0.10321903033371616,0.0011084678991784003,0.017440715822464092,0.0074539959778761045,-0.00013519200164147094,0.0043300023546253286,0.0021996345313723964,-0.0010156527080278366,0.0016323329488994176,0.0023049224072195784,0.0011904744280446522,0.0016781442611639719,0.0007704999724129635,0.006258726469238418,0.00034446196370918614,0.0030407991649537003,0.0040131838369052986,0.002768084550742511,-4.900000000000006,-0.013182819211124297,46.3349,-6.499999999998181,0.25900000000001455,-74.10000000000036,-0.9710000000000036
2009-04-30,-0.0024178520593807207,-0.006313931559722263,-0.004140049467579843,-0.017640739485923262,-0.015766318467034246,-0.013996474441063,-0.012677848386516644,-0.005730928430434545,-0.0023087347981558537,-0.0064921084664613105,-0.02038759883304664,-0.01817469743915101,-0.032488096022079915,-0.01890418697376628,-0.018428675159216645,0.009476296945235774,-0.010072081847133596,-1.1221000000000032,-330.0,-0.03331166100000002,-0.002624154730499484,-0.0066089131171302995,0.3999999999999986,0.6999999999999993,0.004338401598598551,0.04617350327826131,0.07604403052624598,0.06654688575869105,0.08344829561174372,0.023404099129042066,-0.006207484691135079,-0.018103075674829938,-0.024959334044647896,-0.02433974280535267,-0.014246994754685716,-0.016388436277233964,-0.010738934819318757,-0.0041756656717524265,-0.006481780323397857,-0.007514758358517781,-0.0058958527605526,-0.00528436056059256,-0.0007089684806000918,38.9,-0.10000000000000009,39.3,6.22455842927536,4.189654742026425,4.564348191467836,5.575949103146316,4.3694478524670215,6.240275845170769,4.110873864173311,4.454347296253507,5.568344503761097,4.6443908991413725,-0.01701508404219254,-0.024505086834578194,-0.023514524521274893,0.017342657278449636,0.00439635438126551,0.009035324444685244,0.14524991866702397,0.3090041969033406,-647.0138513513515,-0.006181641153204076,-0.006167163855497648,-0.06159298168708016,-0.04000000000000001,-0.09,-0.030000000000000027,0.020000000000000018,-0.050000000000000044,-0.050000000000000266,0.23000000000000043,0.33999999999999986,0.03,0.24,0.46,1.64,2.64,5.32,8.24,0.0054285474375053155,-0.007243284233495212,0.05179308444847397,-0.01762776479197864,0.015380627542566638,-0.0076597328561529565,-0.011416934557120229,-0.006591720816738089,0.037265717333027304,0.26693252373598364,0.09929616338422331,-0.004623812772718061,-0.01215730608976262,-0.029368126430919794,-0.0004837696336963404,-0.010667180380356633,-0.0014025190811537414,-0.00044497196220483204,-0.005281587659020204,-0.007195918674047341,-0.0049038315999681,-0.0028912029619423407,-0.002958723423742704,-0.0107246970600956,-0.0004049212388537171,0.001002679056889555,0.00844241916691546,-0.0016692501253623426,1.0,0.0007392117368985041,45.2124,-74.10000000000036,-0.9710000000000036,-35.0,-0.28000000000000114
2009-05-31,0.0022545007908618686,-0.0008555768981430845,-0.0014878990973778983,0.005221378970277968,-0.00787886522662884,-0.008521095751151009,-0.008746903478453305,-0.002916144361882367,0.0015926558472356689,-0.003945805942890956,-0.02091366810746642,-0.007213180722962953,-0.014491195174132443,0.009965930582075622,-0.006784246892452828,0.014506045987870309,0.0001337454180259101,-0.3622000000000014,-239.0,-0.023070182999999994,0.0024364810104167134,-0.000362521017748918,0.3000000000000007,0.8000000000000007,-0.037340807402223675,0.003874096855083664,0.0813748396732219,0.003422707277501935,0.14056183576536085,-0.048960827195701384,-0.0050773245469404316,-0.017483054571151513,-0.023780377310767875,-0.022017763688042535,-0.014785715196845572,-0.019892518976766027,-0.006499156325283195,-0.002988270177629815,-0.006283162241325968,-0.008128815955577906,-0.004374270920822099,-0.0069624941050676625,0.005172768348291612,38.9,0.2999999999999998,39.4,6.169610732491456,3.912023005428146,4.454347296253507,5.438079308923196,4.718498871295094,6.255750041753367,4.060443010546419,4.418840607796598,5.598421958998375,4.700480365792417,0.007787915055757821,-0.040026429907735306,-0.016541234368872892,0.013061257891838096,-0.007472686809251172,-0.0004561697030371903,0.00894249313258122,0.020649647881802125,-489.5138513513515,0.0011835697769333464,0.0038174745021795076,0.11352253773308796,-0.03,-0.04999999999999999,-0.07,-0.08999999999999997,0.040000000000000036,0.11000000000000032,-0.11000000000000032,-0.02999999999999936,0.01,0.2,0.4,1.71,2.78,5.24,8.24,-0.01979646166403004,-0.006424748614669212,0.010824651496283089,0.037536433599430874,-0.03238921769305039,0.014139560298771059,0.019985057641807025,0.015924489536251585,0.03466637014814289,-0.16609853650669582,-0.025683729393144894,0.0019943462934701728,-0.005542199542355242,0.015363735244965149,0.0013895324872521542,0.005265660257036231,0.0008868604676584013,-0.0005179600588256505,0.002248792842760139,0.0030859409750298994,0.002037038238506206,0.002527608744403942,0.00333666199474969,0.005511928636732222,0.0014520497507710672,-0.003536250211982672,-0.010660427065628308,-4.873092489088293e-06,7.799999999999997,-0.012614385387719196,37.7324,-35.0,-0.28000000000000114,-11.0,-0.953000000000003
2009-06-30,0.01303145776667236,-0.000758153531180028,0.0009122007474049454,0.008253876690957895,-0.009918439644335919,-0.012938581981118524,-0.016115487278413276,-0.013182747321179633,-0.04323862306297954,-0.0059841254486281414,-0.027310908120790955,-0.006076849009548191,-0.0211166445786235,0.011910567258077265,-0.010428992185594232,-0.01842309210534232,-0.01394293552595638,-0.5932999999999922,254.0,0.010137142000000016,0.0015391782017903921,-0.002904909057249938,0.40000000000000036,0.6999999999999993,-0.027948356147243558,0.07448765564032556,0.09509658826173784,0.1463100646850286,0.05723244568848429,-0.025409715525368526,-0.002681465701289909,-0.012631746905899632,-0.025135422891243486,-0.008813505720585368,-0.013994446348021938,-0.018921138898603473,-0.006104226497413379,-0.0010276218547513594,-0.0024116736637669334,-0.004685199762260339,-0.0010810625762367465,-0.003563251415851454,-0.0026493590804754774,38.9,-0.10000000000000009,39.3,6.29156913955832,4.02535169073515,4.3694478524670215,5.60947179518496,4.882801922586371,6.320768294250582,4.1588830833596715,4.553876891600541,5.652489180268651,4.718498871295094,0.012051830613801329,0.07672857277776046,-0.011783224306098461,-0.016844799231486185,0.0063396419907721935,0.005435139462083072,-0.04989103578561416,-0.10134762861969815,-435.6138513513515,-0.0019143892284931852,0.005928611982263021,0.062011455300946317,0.03,0.01999999999999999,-0.04999999999999999,-0.050000000000000044,0.2699999999999998,0.3599999999999999,0.15000000000000036,-0.33000000000000007,0.0,0.12,0.32,1.95,3.11,5.36,7.88,-0.042612008802447754,-0.035912889802959466,-0.02327214498127006,0.04687217073505051,-0.06009380373165704,-0.003545030527346782,-0.004022005891279434,0.00532667979826229,0.016657115812634515,0.13540157394596442,0.08581147681826984,0.00046383658045012766,0.00034755519542972735,0.008756402511046701,-0.00025390633004640506,0.0015665284677544022,0.0009655423010972441,-0.0002629676870276043,0.0005587099981774202,0.0009941340986303615,0.0005066582104111816,-0.00038663441590891523,-0.00181251077359601,-0.00043928150109184827,-0.0001668810420598632,0.0010080646014949401,0.005311306353505962,-0.003307001044470681,3.6000000000000085,0.017015783011011365,31.8886,-11.0,-0.953000000000003,23.899999999999636,-0.48699999999999477
2009-07-31,-0.017208540474429768,-0.007748192418288724,0.0002758968163414366,0.01582466074080635,-0.0031718320973022074,-0.003368192507323009,-0.005327432913531993,-0.004479178920977489,-0.010387735562024325,-0.003041242114088405,-0.00824918562606669,-0.0030523288770165635,-0.01020436180268458,0.005329257489200323,-0.002300570806956337,-0.02618797395096628,0.008041149317913998,-0.0736000000000061,-46.0,-0.005614162000000006,-0.00020034705346816395,-0.0017055777942207584,0.09999999999999964,1.5,-0.041515395680592704,-0.09548964857724052,0.10980803032448705,0.13451483804061581,0.09042445678304034,-0.022723555723842992,-0.003512719108719864,-0.012684703046069501,-0.011708821614423215,-0.014864022632149698,-0.011628531493403926,-0.014952514494215308,-0.006361763257068276,-0.002005128831438441,-0.0021754903431396855,-0.004308088842416069,-0.0009098240945224489,-0.0031922391917227344,-0.0018144407872160428,39.1,0.0,39.6,6.371611847231857,4.382026634673881,4.6443908991413725,5.6240175061873385,4.820281565605037,6.398594934535208,4.143134726391533,4.605170185988092,5.768320995793772,4.770684624465665,-0.014999201168501841,0.02466577805087411,-0.014505451479713827,0.02155842893930693,-0.005717093950270424,-0.007084153598677645,-0.06527707649310788,-0.13248641910170988,-442.0138513513515,-0.00815310228793642,-0.014455570915773208,0.025934853640319666,0.03,0.0,0.010000000000000009,0.010000000000000009,0.5800000000000001,0.43000000000000016,0.07000000000000028,-0.5600000000000005,-0.03,0.1,0.3,2.5,3.51,5.4,7.29,-0.02619177808162121,-0.024401484874649493,-0.0003104641982103473,0.05985364412514704,-0.023167059281534355,0.016852861099891037,0.020157142110872606,0.0075653052757473915,0.012881699120850243,-0.00876378248685894,-0.013839527593476397,0.006794947522793748,0.0031796436613378276,0.03526361976777537,-0.0012477128508718849,0.015787162132247623,0.000786311057463962,0.0008351435752125269,0.007653841055598853,0.01056201678132851,0.007354841121591349,0.00488079739093461,0.000849992066369154,0.018892412633626954,0.0009741651415806629,-1.0151709690653377e-06,-0.002656824440245842,0.002754366207245784,2.0999999999999943,0.00901502484320904,28.8608,23.899999999999636,-0.48699999999999477,91.70000000000073,-1.6169999999999902
2009-08-31,-0.0038150075708731634,-0.004813421948995256,0.003328746413212791,0.004334010391193743,0.011865607554741864,0.009561953496396214,0.013018316058516,0.01323321598465732,0.09822901047346821,-0.0075626425432933075,0.012212495247680977,0.014911672220224936,0.03790599835580544,0.005719824543031216,0.015825478504267743,-0.0036873566813024894,-0.011397577022106198,1.0863000000000085,-271.0,-0.01732482399999999,-0.0013841369788671898,-0.0007716766486325355,0.0,1.2000000000000028,0.007358855796734787,-0.14502006589988348,0.00025516713585815864,-0.17671801991762415,0.12275265481430075,-0.054531646320421956,-0.0026369206891825314,-0.007907766236931124,-0.012801439141157722,-0.013063324271429977,-0.00504986736685531,-0.005174474869839685,-0.004853307563072562,-0.0017778098515233154,-0.004162715409448126,-0.004472490774409366,-0.003792947186761708,-0.001792115174982456,-0.0024391878514826715,39.3,0.20000000000000018,39.9,6.386879319362645,4.110873864173311,4.700480365792417,5.6937321388027,4.836281906951478,6.38856140554563,4.1588830833596715,4.6913478822291435,5.676753802268282,4.867534450455582,0.044287041821664985,0.03607972428874184,-0.010483916357706846,-0.022984657839387523,-0.000674627065524902,0.0008121621725063477,0.04684624889385347,0.09240055690934579,-383.41385135135147,-0.005900093135995377,-0.0010239570457759584,0.010419334408791947,-0.04999999999999999,0.0,-0.03999999999999998,-0.030000000000000027,-0.25,-0.16000000000000014,-0.20000000000000018,-0.41000000000000014,0.02,0.11,0.32,2.3,3.4,5.25,6.93,-0.0072870833896301335,-0.0026865549532146815,-0.02353739770949481,0.0005496686857789368,-0.0031120818252850374,-0.030210344499190356,-0.03809550975577736,-0.016986572690758095,-0.08462461717864933,-0.2472926817297605,-0.0032830844758127142,-0.008563369710596902,-0.0044114437820192975,-0.04642398449999874,1.120379385621817e-05,-0.021170875657441357,-0.00356892401125819,-0.00015859886347069363,-0.009671922335448002,-0.012397519069717866,-0.009156245961695397,-0.005809752098464571,-0.004511585995881973,-0.02433346158945593,-6.133230882543472e-05,0.002509658539441073,0.0008806666226188753,0.00493014227360522,-4.799999999999997,-0.014810067382499348,26.2151,91.70000000000073,-1.6169999999999902,101.19999999999891,1.0449999999999875
2009-09-30,-0.0018336390764410737,-0.002433542455834825,0.008949244542455936,0.017574748009666408,0.011072240948122314,0.008579599379971548,0.009534657652600309,0.0091780810895008,0.012492319818125708,0.008378529822521408,0.01114230674201977,0.014369235977663486,0.022217744691137575,0.012386706680617365,0.011196719697639246,0.0026072492992250673,-0.006132853315011566,0.8009999999999877,106.0,0.004957437999999981,-0.0012629167279314402,-0.002927777661991371,0.09999999999999964,0.1999999999999993,-0.06485734785795128,0.1136852551093206,-0.0014042256727559987,-0.04621053157492394,0.024112078333709874,-0.01296988954845979,-0.0014551918442506917,-0.007032996022266147,-0.01603369285207279,-0.0130654272260049,-0.0036104225584985272,-0.004637770943645592,-0.001992253010913103,-0.0005517634320835185,-0.0014590259538902473,-0.003120753703058199,-0.0005608350357313441,-0.003208215777094736,0.0007101957775539347,39.3,0.0,40.0,6.373319789577012,4.23410650459726,4.6443908991413725,5.655991810819852,4.844187086458591,6.423246963533519,4.248495242049359,4.663439094112067,5.755742213586912,4.820281565605037,0.024411521354576138,0.002477880827271406,-0.007827667749303657,-0.0037329353372035357,-0.0005672519953741073,-0.0034053400125149125,0.028000860275301243,0.05606775784685869,-315.7138513513515,0.005262026821998944,-0.0008185855858240387,0.07601509707268228,0.0,-0.009999999999999981,-0.010000000000000009,-0.019999999999999962,0.10999999999999988,0.029999999999999805,-0.15000000000000036,-0.5099999999999998,0.01,0.1,0.3,2.41,3.43,5.1,6.42,-0.01605369264009493,-0.009038872517100768,0.005601710902108259,0.009358925801489448,-0.032309040741559075,0.025491487535161284,0.03292569115388577,0.0191576189384266,0.08791003061915692,0.1868612321048575,0.05948280050433841,0.00364086964603505,0.004528778804296252,0.014062788229203704,0.0007008463228546091,0.006310350681463461,-0.006721958733270306,0.0018413131900576474,0.003925727764235276,0.004012563184135232,0.003839705742866961,0.002784753795281425,0.0009991466463707965,0.009785581292649503,0.0008505738218911318,-0.004018338278955813,-0.003968741445810942,-0.004943683151484191,-0.29999999999999716,0.004253555909786932,25.366,101.19999999999891,1.0449999999999875,-28.399999999999636,0.228999999999985
2009-10-31,0.0025300434209292177,-0.0006795540574913161,-0.009272054667150087,-0.025614895554131323,0.008536932942942776,0.006759451055949661,0.008423881260405608,0.008720720000455984,0.044506152970543944,-0.0006856478555707923,0.006078817686230309,0.010840999399372997,0.02426814776039432,0.002287000947372775,0.010109428246719787,0.009720619800171804,0.02601889792140799,0.7405000000000115,149.0,0.007876899999999992,-0.0031155301801248925,-0.004843529285018633,0.20000000000000107,1.3000000000000007,-0.0342534784785391,-0.039475392894885886,0.07076272321335964,0.04106560511708768,0.08684592090956933,-0.02114472922894528,-0.001725996615954628,-0.0056400481275140635,-0.003075680287823346,-0.011681974457978583,-0.0027595740175332395,-0.0038106037219076683,-0.00110852466733391,-0.0010955293704437707,-0.002314486872196042,-0.0030388483093268803,-0.002225666798462811,-0.001286173810743918,-0.0038232464104517305,39.2,0.10000000000000009,40.1,6.371611847231857,4.189654742026425,4.653960350157523,5.6937321388027,4.762173934797756,6.411818267709897,4.248495242049359,4.653960350157523,5.733341276897746,4.8283137373023015,0.0034988784783624993,-0.014050742352775814,-0.013328246030472002,0.004452350379638759,-0.00011817467319374941,-0.002115108518863096,0.02950790959251215,0.06770648476383023,-197.21385135135154,0.004655849674063184,-0.0062393693337163825,0.03390320228058652,-0.010000000000000009,-0.05000000000000002,-0.05000000000000002,-0.06,-0.19999999999999973,-0.18999999999999995,-0.1299999999999999,-0.27000000000000046,-0.03,0.06,0.25,2.22,3.25,4.98,6.16,-0.0157663296861541,-0.027713646093240805,-0.038918410307547724,-0.012722740477587924,-0.005164157548234363,-0.01619997672756579,-0.02116654959811015,-0.012784292238460893,-0.058510204826918155,-0.12600978835369858,-0.01693780376129439,-0.0014138343240430729,0.002407873704769692,-0.0067637599776233515,0.0004622080546727858,-0.0016883048237392728,0.009619933459361185,-0.0011596046653989944,-0.0015626840921587615,-0.0011725437870264699,-0.0015355631770734846,-0.0012838086552129369,0.006706882495377542,-0.005845606887594279,-0.0010681994665970862,-2.517592623263454e-07,-0.00443947016035473,0.003261739155791865,7.799999999999997,-0.009930149382412878,24.9017,-28.399999999999636,0.228999999999985,29.700000000000728,2.530000000000001
2009-11-30,-0.0030989402154482093,-0.00012690125286773934,0.0011353519914045762,0.010808512162556738,0.002272481445254826,0.001943610149398367,0.002594518475484975,0.0024165742957373837,-0.015491894311728593,0.007262637194905608,0.004474704004232777,0.002647672226917308,0.003738800122051522,0.007875767399955436,0.0006337146488561984,0.07942717093393359,-0.018166236828115245,0.12069999999999936,-81.0,-0.00897832899999998,-0.0002795738792169544,-0.0027844923311164393,0.1999999999999993,0.8999999999999986,0.12615649996124922,-0.0608895575710644,0.02885830758971686,0.03314473165950993,0.026759251313920984,-0.041202584439217205,-0.0014213878978210914,-0.007234713508145418,-0.008793412792384991,-0.012344762524081787,-0.00458736252597447,-0.005672164952466474,-0.002887928253946015,-0.0004902594462006249,-0.0033798260820780968,-0.003618367602541639,-0.0033652273387279052,-0.002448297080182016,0.0032462507662938123,39.2,0.19999999999999973,40.2,6.280395838960195,3.9889840465642745,4.634728988229636,5.583496308781699,4.709530201312334,6.368187186350492,4.204692619390966,4.6443908991413725,5.700443573390687,4.727387818712341,0.019152175000414218,0.015121938006823044,-0.009462758466488808,0.00471128702533008,0.0032805171746517203,0.00010203561051724819,0.0208338140072728,0.02837278905454177,-21.313851351351445,-0.0030951636662521764,0.006374221972262006,0.021883167130382297,-0.03,-0.04999999999999999,-0.04999999999999999,-0.030000000000000027,-0.040000000000000036,-0.009999999999999787,0.020000000000000462,-0.019999999999999574,-0.05,0.04,0.25,2.21,3.27,5.03,6.17,-0.01658510300200433,-0.017278628274547597,-0.009994473255293457,-0.006823447405835903,-0.02518506000613103,0.006903175112384474,0.009392451122079315,0.0011352817028562612,0.08236603641539109,0.11038460604921418,-0.06536533528881172,0.001068409531749026,-0.006818627635663432,0.0045368902032869585,-0.0008967025873749535,0.0013437310184416518,0.00942585729900447,0.0009611193059040346,0.0010025098933965637,0.0009329365868753214,0.0011967156969099335,0.0021745795583614225,0.0006921347339057249,-0.000710234601003279,0.003358091524828133,0.005509403798873436,0.024702729973698823,-0.006531514316447495,-2.9000000000000057,-0.0029999888687370913,24.6223,29.700000000000728,2.530000000000001,16.599999999998545,4.567000000000036
2009-12-31,0.0024778301895214128,0.0029146622610891626,-0.0016018173289307214,0.008114154020807618,0.004078180352815153,-0.0007086738754074062,-0.003826528487397951,-0.00594782850898401,0.018489572913886754,-0.012414702860358062,-0.0015324987201621454,0.010242878432628721,0.019693657036349954,0.021939333757409862,0.01001637220443552,-0.09717807961042446,-0.012095505025849107,0.7501999999999924,97.0,0.007743219999999995,0.000611060208441927,0.001638451272558683,-0.09999999999999964,1.3999999999999986,-0.1349951645375045,-0.027109664190435367,0.012296885400909119,-0.05434448303488271,0.04589152568212995,-0.0616243600635169,-3.075503613914066e-05,-0.0025725644745442366,0.005057519549355405,-0.0035050859579452975,-0.0025190024177756953,-0.0032761228646869256,-0.0013357081237899138,0.00037440163034574425,-0.001469507979360074,-0.0019523701705637109,-0.0012404787886879376,0.0006448700810306462,0.00039949397961258626,39.7,0.10000000000000009,40.5,6.376726947898627,4.204692619390966,4.6443908991413725,5.707110264748875,4.7535901911063645,6.434546518787453,4.30406509320417,4.736198448394496,5.762051382780177,4.762173934797756,-0.004217525752963525,-0.01508241387733733,-0.014910353262571618,-0.004504638811097195,0.0003309409917378048,0.000102025200312994,-0.027732611426636744,-0.0584304096076238,111.28614864864846,0.008575260938125773,0.023295308318997954,0.018936146806125542,0.0,-0.020000000000000004,-0.010000000000000009,-0.06,-0.10000000000000009,0.009999999999999787,0.040000000000000036,0.03000000000000025,-0.07,0.03,0.19,2.11,3.28,5.07,6.2,-0.0060380185678168274,-0.008061388524421764,-0.012243903462404226,0.023590743818020232,0.004351946319881811,0.008508982504823237,0.009749714173879376,0.0067906058446860484,-0.026980744266258405,-0.058239230755612326,0.01937930063480664,0.00034556154634568514,-0.0017870021183590268,0.004996909975652386,0.0005908019915139562,0.0021641721190510665,-0.007504927242086623,-0.0011020185644428082,0.0004493630670330262,0.0017813353571751733,0.00033036793895657723,-0.0012928611315334848,-0.0027496278089564896,0.003854908294131043,-0.0027770174640160405,-0.0035101418651186655,-0.018494773160240285,0.003261756634890922,-3.1999999999999886,0.0071880743967778216,23.7799,16.599999999998545,4.567000000000036,100.30000000000109,1.867999999999995
2010-01-31,0.00424627455305604,0.0024374402707820764,0.006094707183936343,0.00418604368048392,0.003423790034480234,0.0030855036488164345,0.0038892586419629893,-0.0011839675371367875,-0.006718611945292885,0.0003780945630449395,0.0172718636189666,0.003822327623724142,0.0025867913689463506,-0.01288800823100722,-0.0013485564493889157,0.07066565960498128,-0.019632452900695263,-0.0033999999999991815,65.0,0.005623283000000007,-0.0049969321112861564,-0.004669797984211854,0.0,0.8000000000000007,0.022125573334243143,0.0,0.009096140033843625,-0.048579438217751125,0.03558147585408733,-0.017356229456542138,-0.0019240691519932795,-0.004264877396076727,-0.00016274717262731997,-0.007400914838276762,-0.002874190891231976,-0.0030006452463773314,-0.002676780540966206,-0.0015520058773415002,-0.003929278139889192,-0.0025474898863162565,-0.002185030276487865,-0.001548387406128171,-0.0022659123323780506,39.6,0.10000000000000009,40.6,6.364750756851911,4.143134726391533,4.574710978503383,5.746203190540153,4.68213122712422,6.498282149476434,4.61512051684126,4.7535901911063645,5.765191102784844,4.852030263919617,0.0006294031160702929,-0.01953627540265579,-0.018105851572057574,0.00265194005872349,-0.00399792436154911,-0.0010973167880443668,-0.04380324720037265,-0.07833165183975144,157.4861486486485,-0.006168414253187038,-0.024627828893619252,0.020296814481387315,0.0,0.0,0.020000000000000018,0.06,0.10999999999999988,0.18999999999999995,0.0699999999999994,0.04999999999999982,-0.07,0.05,0.25,2.22,3.47,5.14,6.25,0.011608048824144568,0.01664094783001613,0.007627606264027698,-0.02272755861120901,-0.005300532996968331,-0.010282079024955593,-0.012053916960772959,-0.005723905328161472,-0.01619057348617492,-0.07899482239777278,0.012446919926774491,-0.0028229553901333304,0.007709610571065895,-0.016772871548584867,-0.001315133473040575,-0.006049186531611461,-0.0014256314994129937,-0.0004999304601707166,-0.0034279451867993416,-0.005027535783177939,-0.002922351264172285,-0.001916791147298369,-0.0028484244565438743,-0.005277772657973578,-0.0006481773920778977,-0.0014973798655035786,0.0017457722148290777,-0.001630878317445461,5.099999999999994,0.0050916996180365715,20.9744,100.30000000000109,1.867999999999995,-71.0,-0.39400000000000546
2010-02-28,0.004315243487768683,-0.0023018709472015786,-0.0018328538134264605,0.0010533631137352728,0.010700654040133095,0.009541384946990306,0.010191719444785363,0.006751532048613562,0.011801433071471301,0.005460582969964989,0.014244173497899304,0.012137756488201923,0.024815424056043867,0.005686932240006826,0.009993087503753273,0.040999751391034955,-0.03007042666019899,0.7660000000000053,269.0,0.018466343999999996,0.0024331785190536692,0.003074688352141308,-0.09999999999999964,0.6000000000000014,0.01448301177556477,-0.019571239547127917,0.006655786316844825,-0.052225260904213755,0.03167212726809865,-0.011809937325784503,-4.622318093261413e-05,-0.0050176285680816335,0.006327594731060593,-0.013174482878179461,-0.0015712293735283822,-0.001718705665131992,-0.001341082006984351,0.0007406251035675382,0.002007498062397417,-0.003889109852222461,0.003467296159934463,-0.0014214643473788868,0.0004002401494282992,40.0,0.10000000000000009,40.9,6.419994928147142,4.23410650459726,4.543294782270004,5.783825182329737,4.836281906951478,6.455198563340122,4.31748811353631,4.59511985013459,5.746203190540153,5.003946305945459,0.12016687975031104,0.1371019090126282,0.003414401381251153,-0.016555965396721994,-0.0034973808119058702,-0.004709142887218576,-0.01630803475053888,-0.023807525554596864,157.18614864864855,-0.0019746399287745575,0.002941133668063145,0.011817717079914303,-0.009999999999999995,0.009999999999999995,-0.020000000000000018,-0.020000000000000018,0.14000000000000012,0.14000000000000012,0.0,-0.1200000000000001,-0.05,0.04,0.24,2.37,3.62,5.15,6.14,0.00752202867543339,0.0042623332959499695,0.012705912931132879,-0.004199610915356533,-0.009439879396169075,0.007285189106957191,0.009065085940163975,0.011657402964208252,0.03542667833584545,0.10103740798477912,-0.03218000508449581,0.00012848072104887365,-0.008028477131540868,0.006882760300814361,0.0025345530131684058,0.0035164346722407203,0.0012344374857802265,-0.0020147256937912417,-6.454205521411183e-05,0.002454514116082329,-4.31883601503813e-05,0.0016096412517345726,0.0009732792261321066,0.0035867529511639518,0.0010298348933774903,0.00199302507426502,0.0030424306531622314,0.0010857764367453449,1.9000000000000057,-0.010901477560739892,20.9652,-71.0,-0.39400000000000546,87.60000000000036,-0.9790000000000134
2010-03-31,1.146188478884369e-05,-0.0008408262290675594,0.0037335659645503227,0.0014351538475469994,0.0035244585414178076,-0.0040971924894659395,-0.005579623100781639,-0.008480753698069776,-0.016093791859300488,-0.006377951950427452,-0.004699694834017443,0.012918961959203834,0.009798976346843347,0.0068734236272236515,-0.000708995018293912,0.0106884834553993,0.02506861230292845,0.0519999999999925,-171.0,-0.012150677999999998,0.0013672856305824155,0.001032420250609789,0.0,-0.5,-0.03980972602585808,0.0,0.0031432446175685413,0.0816551777891048,-0.03052936328772482,0.012324737851955092,-0.0007475713912725723,-0.004531815380707016,0.009497053272156109,-0.014440684154793715,-0.000699117392802151,-0.0007170001024174866,-0.000671216044889178,-0.00015164963610914128,-0.0004912596815547232,-0.0018758769651210372,-6.964612805049342e-05,-0.001035062843088852,-0.0006671559390820647,39.6,-0.20000000000000018,40.5,6.403574197934815,4.248495242049359,4.6913478822291435,5.655991810819852,4.9344739331306915,6.476972362889683,4.356708826689592,4.700480365792417,5.7430031878094825,5.0106352940962555,-0.0031316940602295062,0.08742710802349762,0.005716131977282046,0.025626470247640754,0.009894487622991832,0.006800660254254964,0.0740233876290155,0.1216883152870647,301.28614864864846,0.009300680911318082,-0.005261927313894077,-0.031113259218861877,0.020000000000000004,0.05,0.03,0.0,-0.1200000000000001,-0.040000000000000036,0.08999999999999986,0.08999999999999986,-0.02,0.05,0.22,2.23,3.56,5.22,6.21,0.023449329445863754,0.035794394207839704,-0.010611408516147947,-0.03399118781703342,0.012756003520821138,-0.01684270107995367,-0.021934141360918424,-0.01894696520782535,-0.08781003027599166,-0.07469534491226959,-0.08712037953629004,-0.001600751752591556,0.006700985445908358,-0.01422472959286214,-0.00018728019275116026,-0.007591566350163781,-0.005190586309320011,0.002265190356024682,-0.0014499754233519013,-0.004544786086701613,-0.001701658877543366,-0.002210167043388722,-0.0022657628359734616,-0.006189053640246023,-0.0008929160240453982,-0.0005008586695693928,-0.002182889155476264,0.0010822460926713795,-0.8000000000000114,0.0016024995473733483,22.2187,87.60000000000036,-0.9790000000000134,99.39999999999964,0.2820000000000107
2010-04-30,0.003737055793731514,0.003926830681370674,0.004771470268220668,0.02154028929786378,0.007025182505397964,0.008224143999592037,0.009259432705611914,0.0035958467394028304,0.0142935319795221,0.0007903839301164339,0.01892697217348438,0.005560164588088057,0.021502464114308673,0.003932722103542119,0.012535554685955574,-0.04832976000936995,0.030810196955375346,0.9639999999999986,13.0,-0.00017760799999999577,0.0016902437974568585,0.0012259675860875063,0.09999999999999964,1.8000000000000007,-0.013630053190921032,-0.028727289636911735,0.018324684007136938,-0.09416511419577756,0.06566979485826963,-0.03242962007641026,0.0012328082618502378,0.002495039570501234,0.010676541540084905,0.006704745602405637,0.0,0.0015767221785836227,-0.0024649872425364094,0.0010343291158427803,0.0018818529526782868,0.0,0.0023930446202733435,-0.0022030722316888074,0.001866916130985885,40.0,0.20000000000000018,41.0,6.455198563340122,4.174387269895637,4.564348191467836,5.834810737062605,4.890349128221754,6.532334292222349,4.276666119016055,4.74493212836325,5.877735781779639,4.962844630259907,0.009365812343926194,-0.05362102322337314,0.0029416600387115466,-0.007783284607886465,-0.0062908322132866346,-0.0007901814004824814,-0.07547912348120889,-0.13085725997768538,279.78614864864846,0.0011121580631607841,0.005560443905638479,0.05613620716773493,0.03,0.039999999999999994,0.04000000000000001,0.050000000000000044,0.07000000000000028,0.040000000000000036,-0.08000000000000007,-0.07000000000000028,-0.01,0.06,0.24,2.27,3.57,5.11,6.11,-0.003765166215188742,-0.005236593226935565,0.006376379317265091,-0.036514683812552795,-0.032982173267172434,0.013460510708135587,0.017094121156917552,0.0071913504618352775,0.040770849492687056,0.08444422200204471,0.14172371249738358,0.0012835431226418947,-0.001941354965176778,0.0027643343436531964,-0.00043651890691975836,0.0021226426809022314,-4.597872506906242e-05,0.0009027887400732126,0.0012153592880927988,0.001977623882692292,0.0014055118325559945,0.0014302104580545816,0.0021030305621483336,0.002167533617466688,0.0011076404996437361,-0.0004986243458180439,-0.0008697451609140927,-0.002709587665858937,0.0,-0.006198406701796166,17.6603,99.39999999999964,0.2820000000000107,39.600000000000364,-0.1640000000000157
2010-05-31,0.008409162271966863,0.0107088032694449,0.0020413347737706644,0.008308949521062203,0.003600299133108109,0.0022115219129075214,-0.0018660500894061016,-0.008088513143100329,0.00259668118468781,-0.010920718700544008,0.011350502639144722,0.00526082583381271,0.016631221515001293,0.006121500256203838,0.008118479503319342,-0.07871544816426201,0.007717789135379682,0.6754000000000104,474.0,0.029515438999999977,0.004329572251130287,0.003927384493380259,0.0,1.6999999999999957,-0.016017816073617297,-0.065226877814478,0.004720873893667488,-0.08708290518965356,0.03822121282019708,-0.002661699734860079,0.0019616522627963207,0.0032794329967753555,0.007893946896597726,0.00288548441863945,0.003142186403071179,0.004287558376143252,0.0013452916827141337,0.0017541286614175533,8.173941479050484e-05,9.294803282244857e-05,-0.00027101683597408055,0.0003891302987035772,0.0022622938652556712,40.6,0.19999999999999973,41.1,6.532334292222349,4.406719247264253,4.770684624465665,5.937536205082426,4.68213122712422,6.456769655572163,4.31748811353631,4.7535901911063645,5.765191102784844,4.844187086458591,0.00438241602411793,0.003983697557817578,0.0008306831349873534,-0.014657289825007247,0.004134520609269998,0.0034365607153610256,-0.014880380071671695,-0.024288007204464,224.18614864864855,0.009378811933705933,0.007004318526261599,0.03854276174277427,0.04000000000000001,0.010000000000000009,0.01999999999999999,0.04999999999999999,0.1499999999999999,0.1200000000000001,0.020000000000000462,-0.019999999999999574,-0.04,0.04,0.25,2.38,3.65,5.09,6.05,0.0007523907096276261,0.0022476128585433436,0.029720576302670665,0.018032736090378032,-0.01745520379352442,-0.006730255354067793,-0.009079116988988112,0.0027158354908731752,-0.023257309358243106,-0.02205621144766301,-0.009167212024272509,-0.00010129916802092964,-0.0051686896117209,0.002487318108386205,-0.001375526375274383,-0.0004553653026677651,-0.0014186592232610096,-0.0001631507721535641,4.1444996634609765e-05,-0.0003947658735761195,-1.9140698618080876e-05,-0.0008652986988231248,-0.002391405060413021,-0.000688338745133521,-0.0007041224897443854,0.0004949226168267096,-0.0034648920917672577,0.0027060681460149283,-1.3999999999999915,0.003236339451690995,17.3652,39.600000000000364,-0.1640000000000157,18.0,-0.4259999999999877
2010-06-30,0.007835963049627637,0.00956291440623147,0.0024840930828267105,-0.00864332441608262,0.013622144074852294,0.013826643708795494,0.01672825753664231,0.018492919585989753,0.03769961595462146,0.013268786545798328,0.018223343490287647,0.013375386749004292,0.019888790805536516,0.0033514134150962605,0.012744310522895042,0.06088558564654978,-0.0044187580037649,1.0121999999999929,-165.0,-0.004516578999999993,-0.003440091759431496,-0.00040209953941250376,-0.3000000000000007,0.7000000000000028,0.017461338518433678,0.01319832453473424,-0.02585155334424627,-0.030503454293414833,-0.02411189888427856,-0.020681478191281855,0.004011310663571521,0.0006771627142114767,0.014674006668432327,-0.005960461970465403,0.0031323439863157887,0.003843147567005545,0.002014550205664989,0.004535758993359451,0.0005719889026689629,-0.0009484755362763053,0.0005697451586819113,-0.0015574305549108658,0.018743004514851336,40.5,0.20000000000000018,41.4,6.368187186350492,4.276666119016055,4.68213122712422,5.66988092298052,4.727387818712341,6.354370040797351,4.1588830833596715,4.624972813284271,5.700443573390687,4.700480365792417,0.03746415390719626,0.08018845371132421,0.006652830694811485,0.01407602775587602,0.0026383405011944916,0.006837893228659908,0.030811145401717255,0.05284212974034386,222.68614864864855,-0.00701448267993765,-0.006294072587687438,-0.062249358284833356,0.0,0.0,-0.01999999999999999,-0.08000000000000002,-0.3999999999999999,-0.43000000000000016,-0.33000000000000007,-0.20000000000000018,-0.04,0.02,0.17,1.98,3.22,4.76,5.85,0.04154833118027401,0.055051424883012734,-0.015960370225053033,-0.0442057240126828,0.03432260640741234,0.0,-2.8323472811564443e-07,-0.0038682491847525924,-0.014016766246253809,-0.1737213130091213,-0.1330994154020031,-0.0007499212424511015,0.00484432004721036,-0.004678510731123353,-0.0009656917894300676,-0.0014087173877355141,0.000848044015816285,-0.00026983580270822927,-0.0007969726738181748,-0.0013330143333458722,-0.0007271819493448461,-0.00022165821171071798,0.0010976828615874012,-0.002197392706769108,0.0002067094263322744,-2.212234665677215e-06,0.0038990121322113325,0.0021504982918405524,1.3999999999999915,-0.00385873039119744,32.6959,18.0,-0.4259999999999877,24.399999999999636,-1.8589999999999804
2010-07-31,0.0009804263926600498,0.001120616367972005,0.0024310195825574255,-0.0009864806806554327,0.00219929099179339,-0.000858977038263653,-0.001277696516259752,-0.0023065929822783104,-0.008635040861678434,-0.0005117477166471929,0.005299169509849655,0.0057858885210437805,0.005224653754464015,0.007234183819766038,-0.00013954303407270885,0.041441592435496055,-0.006105281522921224,0.11490000000000578,-187.0,-0.007706257999999994,-0.003087355031238914,-0.0007184372861850363,-0.1999999999999993,0.5,-0.03299419519015423,0.010181443344244201,0.0011233431871016109,0.01056347850956918,-0.0022622737949404836,0.0023915654403641184,-0.0010262223667432124,0.00112758652078071,0.008487050403088503,-0.0007249003579499202,0.0015625003178918462,0.002412204078495961,0.0002235885979136043,-0.0013647765746203078,0.0008981792062954241,0.0006138221782538977,0.00020141756359848273,-0.0015598599289177173,-0.011194799438655423,40.3,-0.20000000000000018,41.0,6.284134161070802,4.127134385045092,4.430816798843313,5.638354669333745,4.6913478822291435,6.375024819828097,4.343805421853684,4.574710978503383,5.69035945432406,4.762173934797756,-0.02271136677433816,-0.016213678441898693,0.0006309047275827595,0.005981982601741542,-0.0040993441581012036,0.002646604440986522,-0.00388884753699692,-0.005473801890068408,216.28614864864846,0.0031597003617482855,-0.0009645605655013156,-0.037769044812346664,-0.020000000000000018,-0.04000000000000001,-0.03,-0.04999999999999999,-0.18000000000000016,-0.21999999999999975,-0.08000000000000007,0.1800000000000006,-0.06,0.01,0.14,1.82,3.02,4.7,6.05,0.0069128871580987905,-0.00354767556127103,-0.012770794245160033,0.006726254254870445,-0.002598779074615337,-0.003359465645578652,-0.004271512667387789,-0.009839974576149935,-0.0019431620791063864,0.15485756464126155,0.02553964754131588,0.00010102428684710674,-0.00022568391371091678,0.001096444551250464,0.0015167563586064858,0.00039053497097452095,-0.00023717993968030981,-1.630739162372663e-05,0.00023930374386793574,0.00014343163972441175,-5.206314855676908e-06,-0.0007417909213787155,-0.0006573324484229204,-9.384847285343056e-05,-0.0009555702342023409,-2.2056685438087698e-06,0.0008609324902120186,-0.004853359322491091,2.4000000000000057,0.0012257446260290905,29.7614,24.399999999999636,-1.8589999999999804,-5.899999999999636,0.46999999999997044
2010-08-31,0.0021677756354936406,0.0025278005312969754,0.002729313685071233,0.003157921624882931,0.0038184607279259097,0.004897496233773779,0.007468308461040074,0.006365721487549436,0.03877678301173937,-0.002653869456218594,0.009078484209497972,0.0025578914600661307,0.007924182027853277,-0.0012544933507436795,0.005176662653752828,-0.0044552783269349305,0.01850672784926477,0.4924999999999926,281.0,0.018856551,0.0004881112469874438,0.0002730669749659853,0.0,-0.6000000000000014,0.04482441023678252,-0.061020394964435454,-0.021906556754482054,-0.03384116337891463,-0.017823611451682098,-0.0028270106900052383,-0.0007205163500998424,0.0009011546653212577,0.010850568747069467,-0.0014513790646457636,0.0014734563879255091,0.001840708484326825,0.0008938548081172115,-0.0009759820484234183,0.0008566009783219641,0.00048335224305517954,0.00019443364318760814,-0.0014320122215423225,-0.007548205076195913,40.3,0.0,41.1,6.302618975744905,4.330733340286331,4.5217885770490405,5.602118820879701,4.672828834461906,6.361302477572996,4.204692619390966,4.624972813284271,5.6937321388027,4.727387818712341,0.009856098308777206,-0.06597311629582947,-0.0005845535460657914,-0.016892652593003987,-0.0008957275554131172,-0.000553946885624157,0.0008785357963683182,0.0005225242442916667,208.8861486486485,0.0047330833674887884,-0.0011727139910284734,-0.0032914839531485995,0.0,0.04000000000000001,0.010000000000000009,-0.030000000000000027,-0.24,-0.1900000000000004,-0.16000000000000014,-0.22000000000000064,-0.02,0.02,0.11,1.58,2.83,4.54,5.83,-0.028913203436830237,-0.06658414821281144,-0.03707975383688211,0.035651554377455486,0.004423509472880061,0.004480541996176868,0.006407701894620033,0.003819281977206934,0.05046957721092227,-0.006797311050118715,0.053949596709037984,0.0022863915390862743,-0.0023104414900485537,0.012944884572354987,-0.0029896594240454988,0.005197683432531797,0.0028178166192978082,0.0003088091287981598,0.0026577975465302828,0.0034377969647412243,0.002665178462508244,0.0012730667026641385,-0.0010345296053992925,0.006362528187275451,-2.3975674720233542e-05,0.0009844807708336845,-0.0008684092095769813,0.004300791913908419,-8.200000000000003,0.02882670508701235,25.5846,-5.899999999999636,0.46999999999997044,-72.39999999999964,-0.40099999999998204
2010-09-30,0.003716068905324832,0.0017226381710937488,0.0024185221423138614,0.004523543878876879,0.0036646267516067255,-0.00036034506535997934,-0.0008268346827469131,-0.002213223518338303,-0.028734180176479995,0.005167525063863643,0.000927095657921484,0.008293921986807895,0.006617051448046141,0.006660837851282686,0.0013100991226231429,0.005737078984973998,-0.005886595801167793,0.21800000000000352,-83.0,-0.007638117,0.0025667948993550738,0.0018591835717423066,0.09999999999999964,-0.19999999999999574,-0.049307047552445304,0.17319524704199196,-0.03420234164739533,-0.021053409197832273,-0.038704400108596104,0.03382895902928418,7.66780022232183e-06,0.0008440956017334855,0.0110348032268206,0.0029006546806371603,-0.0006931208040441561,0.0008484163404851586,-0.0031319936116958047,-0.00012428425600852222,0.000448403081113824,0.0003902294040916132,0.0008259214872463616,-0.0001302846721920048,-0.006623865602179535,40.5,0.10000000000000009,41.2,6.395261598115449,4.31748811353631,4.663439094112067,5.641907070938114,4.912654885736052,6.363028103540465,4.2626798770413155,4.584967478670572,5.648974238161206,4.844187086458591,0.02235551938961855,0.08026436344303534,0.005065456796044643,0.018624146840162226,0.0042660025230816245,0.004122058820069441,0.003752446847994584,0.007940175116526227,211.9861486486485,-0.000368997985671804,0.004279600683787521,0.006903325862904985,0.010000000000000009,0.0,-0.010000000000000009,-0.02999999999999997,-0.29000000000000004,-0.3099999999999996,-0.22999999999999954,-0.34999999999999964,-0.03,0.0,0.07,1.28,2.51,4.3,5.47,-0.010585226977211981,-0.013577032345382108,-0.024618130075607425,0.02305931334634509,-0.0017286089006177952,0.004465530358041647,0.005316593262598701,0.007132169656513199,-0.006862081980202106,-0.007570949810323135,0.08011281260685887,-0.0004072119341191893,-0.0005190094388538569,-0.0024178160311443264,0.002576162033970597,-0.00014515676604265337,0.0005207889976750479,-0.0005364361928874573,-0.0006936466284033216,-0.00035158648869515474,-0.0006195255652112763,0.0005187345704795732,0.005177967066477329,-0.0009113221983492181,0.00026601196363884583,-0.0004980835560299823,0.0004272273936312132,-0.0037624338928305967,1.1000000000000085,-0.0096178056538756,24.6424,-72.39999999999964,-0.40099999999998204,114.09999999999854,-0.06399999999999295
2010-10-31,0.0006273805844507763,0.0010444415162620402,0.0009447882802549046,0.008529109957690295,0.0028008035698423583,-0.0014800184698229302,-0.002354829128626612,-0.0036728733678756953,0.0003748542948986966,-0.0047475141063646475,0.004350967734255917,0.007658065764758248,0.005151559030212027,0.0011392220958921229,0.0006845507123145467,-0.011804889516586314,-0.0024577373765470867,0.16949999999999932,-81.0,-0.004586946000000008,-0.0007206365285039595,-0.0003012545121308108,0.0,-0.30000000000000426,0.05392927800415137,-0.06608659673605999,0.003911116096743328,0.05795468425434169,-0.015456755962457436,-0.04631953447944959,-0.0005675760819343623,-0.0003375527458207017,0.010170593204376743,-0.004172341653724487,0.0009529172982531975,0.0022589307925571234,-0.0011209506834557459,-0.0006038862035673276,0.001099774046204871,0.0010213082917367444,0.00043004190102990947,0.0009116364504517804,-0.007746249583018283,40.6,0.10000000000000009,41.4,6.386879319362645,4.248495242049359,4.553876891600541,5.69035945432406,4.890349128221754,6.333279628139691,4.219507705176107,4.553876891600541,5.662960480135946,4.718498871295094,0.05176464277591286,0.09842002802537309,0.014631787780505334,-0.004267791180886604,-0.0020590487942726554,0.0019295108287966656,-0.016134775361307696,-0.03239882778256753,182.28614864864846,-0.00015747796059173425,-0.002175000691323703,0.0315049411415087,0.0,-0.010000000000000009,0.0,0.0,-0.06000000000000005,-0.050000000000000266,0.040000000000000036,0.0,-0.04,0.0,0.07,1.22,2.46,4.34,5.47,-0.012296721545141942,-0.037866220803790034,-0.011967399019404468,-0.004479720789882402,-0.007138064454858005,-0.0022495624550629145,-0.0026853915173621346,-0.001113565021397811,-0.02862444056286151,-0.02572716882196424,-0.04733427330441131,0.0001536495834182361,0.005137760581530593,-0.0009492842430791626,0.0033041552966590615,0.0006590748047718975,-0.0009898992033470222,-0.00013420459633106674,-0.00018117686175678216,-3.332261271626891e-05,-7.343419119454353e-05,-0.00037711594018752237,-0.0017817729626585788,0.0009132548648294048,-0.000568943702297986,-0.0004951548089753288,-0.0030134386121485335,0.00374833102855332,-0.7000000000000028,-0.004648000761315885,22.2046,114.09999999999854,-0.06399999999999295,16.5,0.11199999999999477
2010-11-30,0.0007731372227013367,0.0016916102813340217,0.0025499673239623988,0.01139491207090515,-0.002696050196444588,-0.0012101010655172217,-0.0001730501221333114,3.25085970027672e-05,0.005583175083176073,-0.0014411888369814108,0.0034367343632295544,-0.004378334441796916,0.007909038820503866,-0.009438852315342139,0.0006851393754745416,-0.042984177574517446,-0.006613993739877699,0.1641000000000048,317.0,0.022706635000000003,-0.0022105922333928163,-0.0019891215290481767,-0.09999999999999964,0.6000000000000014,-0.059937557438073163,0.011122916418747408,0.01863298766243915,0.0410489438853352,0.010331003910208025,-0.014884202360144982,0.0021382349704754944,0.000899887574787428,0.015064529461396248,0.001271686973087327,-8.659133226274207e-05,0.0005639362901472822,-0.001122208624110499,0.00233359910339459,0.002520838903526723,0.0015578060344072497,0.0028944983231173893,0.00013016596178516693,0.002244972207238405,40.6,0.0,41.3,6.297109319933935,4.418840607796598,4.543294782270004,5.579729825986222,4.61512051684126,6.324358962381311,4.204692619390966,4.718498871295094,5.583496308781699,4.727387818712341,-0.04489890770524596,-0.054663669623279176,0.004480949541935786,-0.001949979208091257,0.0021681796203782966,0.002200606054486798,0.016690591529963328,0.027028035648293702,178.08614864864853,0.001026462711839038,-0.0001772344021571115,0.043169159346688524,0.0,-0.01999999999999999,-0.010000000000000009,-0.03,-0.22999999999999998,-0.10999999999999988,0.14999999999999947,0.05999999999999961,-0.06,-0.01,0.04,0.99,2.35,4.49,5.53,-0.03547825852055553,-0.03210352901567452,-0.0316562002922387,0.017547656057538108,-0.014725508661344287,0.004957169731706124,0.007841755994271615,0.008095792389459788,0.04229355116084843,0.1037381575502625,0.05142932794408406,0.001861852391138008,-0.004560214539621299,0.012753353260467115,-0.004083673948779953,0.004552557300450566,-0.0011325982131067391,0.00011027881028713438,0.0024827944432619375,0.0027625352189186714,0.0022852110830449135,0.0021910904836568434,-0.0004959408103024643,0.004818625299361834,0.001724051181330566,0.001958611669592436,0.007724619064817251,-0.0032140002651055433,-0.5,0.001331390517205655,20.3284,16.5,0.11199999999999477,46.80000000000109,-0.17000000000001592
2010-12-31,0.0012964135948330124,0.0018548498252908274,0.0025318821450852624,0.009040604287470444,0.0007049099480704868,-7.68483056363678e-05,-0.003729907330273896,-0.005323116633768166,-0.015338721832835134,-0.0026996843102589096,4.738299222228903e-05,0.00157463621188203,0.0037203956993376863,0.00012562789426873167,0.0011778072916266424,-0.0022958596024640343,0.0029392821799820723,0.19230000000000302,-24.0,-0.009940621999999982,0.0031843021447937048,-0.0005392521781661941,0.40000000000000036,-0.10000000000000142,0.0923954756405374,-0.007200751185582277,0.009590460011871471,-0.00714739220965388,0.01577344899314248,-0.04708503859732005,0.000979454491586651,0.0014044551618983547,0.007884403524148098,-0.00036317414599373876,0.0019897060935125666,0.0021119332031442895,0.0017949298065609298,0.0009124371117916752,-4.06083125259471e-05,0.0010371907878976572,-0.0010931079944427324,-0.00039054872591748335,-0.0004485914304552807,40.6,0.0,41.3,6.300785794663244,4.290459441148391,4.6913478822291435,5.583496308781699,4.574710978503383,6.327936783729195,4.1588830833596715,4.553876891600541,5.634789603169249,4.795790545596741,0.02119648474617364,-0.043865876288821326,0.009099853314076256,0.018595497208892198,-0.0033489698200028784,-0.0001748710330602421,0.005539552281814686,0.006797393923266171,178.8861486486485,0.0023843552581208627,0.0030438408337474243,0.023042863564302074,0.0,0.010000000000000009,0.0,0.01999999999999999,0.17000000000000015,0.21999999999999975,0.1900000000000004,0.20000000000000018,-0.05,-0.01,0.06,1.16,2.57,4.68,5.73,0.006572874681010532,0.016485296284627634,0.009613673114920118,0.0059067659484688395,-0.004924177765542784,-0.003898602512244942,-0.00583329068179772,-0.0033386597726527967,-0.022309059537669818,-0.05690297544241307,-0.05575287094456183,-0.0009451618425613262,0.003385460325328715,-0.008293300864491648,-7.652595972373888e-05,-0.0034192097775944674,-0.0010269975466385972,0.0005483790502180952,-0.0011851985140980403,-0.0017223878111112256,-0.0010024604686327265,-0.0011954147314066077,0.0011920718863906998,-0.0029585867979902147,-0.0009631399297287402,-0.0009883139112374373,-0.004302119517569203,0.0016001417651847483,3.8999999999999915,-0.006129883078033416,19.8765,46.80000000000109,-0.17000000000001592,-52.69999999999891,0.7690000000000055
2011-01-31,0.006134513659825203,0.007298412469923576,0.001321463539081691,0.007011113663461188,0.009910947752361565,0.007015531907778261,0.009528257620326386,0.01124739878324732,-0.0036496167688522263,0.015028473390930941,0.008386299743675885,0.013131732858175482,0.009166158839155614,0.010789071661404748,0.00507770852890399,0.09428046935098244,0.01609324045737992,0.46479999999999677,-153.0,0.00021383499999999556,-0.0030866729080134547,0.0018466297079644534,-0.5,0.8000000000000043,-0.07818431650497804,-0.04684986168582661,-0.01704883277481173,-0.1114738664631183,0.01615088027609346,-0.014176256309001545,0.0006193157905567404,-0.0018542977245896708,-0.002329645782809031,-0.007108386807553657,0.000691144735935012,0.00168634104043619,-0.0008970621817088187,0.0010089121420797653,0.0012986487763200216,0.0013874117750685144,-0.0001246071415348382,0.0005206977467295815,-0.0009426975312631924,40.6,0.0,41.3,6.289715570908998,4.060443010546419,4.219507705176107,5.60947179518496,4.941642422609304,6.448889394146858,4.727387818712341,4.584967478670572,5.54907608489522,5.099866427824199,-0.0191991644230729,-0.06116358542498368,0.0013578639282858518,-0.022073993638989542,0.0014690317956791432,-0.0001998900611308585,0.01621088323872044,0.03829237763242954,219.4861486486485,0.002421236999229137,-0.002037664604875644,0.034948361274036444,-0.010000000000000009,0.0,0.010000000000000009,0.03999999999999998,0.5799999999999998,0.5300000000000002,0.14999999999999947,0.17999999999999972,-0.04,0.01,0.11,1.75,3.11,4.84,5.92,0.012837459938060292,-0.016175618862797985,0.009883376522835441,-0.023197896640654747,-0.00475013263285555,0.004338068495716385,0.005102659747616478,0.0020423076738520507,0.03349129968436415,0.029620541501564013,-0.013742227333357171,0.0014778945796152243,0.0007207435426082043,0.00850176228917121,0.0009382813865412842,0.0038721739068217076,0.0020253446124813834,-4.730248264550596e-05,0.001823474247477641,0.0021796107434388645,0.0015086574010698683,0.00027000530482634844,-0.0024975680335463935,0.003914749856772204,-0.0005438863815969697,-0.001957186438569014,-0.002988444479676833,-0.0005366026813371505,2.9000000000000057,-0.01795807174132058,17.4159,-52.69999999999891,0.7690000000000055,33.29999999999927,0.5740000000000123
2011-02-28,0.012997694785513048,0.01588339327765631,0.0011230297509614573,0.006649500734292602,-0.0021681413773624314,0.000207263824388626,0.0022598879674369243,0.00033522283544851206,0.010334478496342392,-0.0021770945119046203,0.007532973417365696,-0.004808705807242575,0.00921528401774907,-0.007255390034957898,0.00044525374948278795,-0.014599023659552124,-0.0015887738948610064,0.12089999999999179,46.0,0.008377848999999993,-0.0025218886466689128,-0.000366180703496255,-0.20000000000000107,2.5,-0.002602715728415639,-0.04386385200233889,-0.01841629194340655,0.04518980024425456,-0.040310122645509594,0.015465747138874164,5.350311656826534e-05,-0.0005625879191981653,0.003347161678433963,-0.0073435248315938395,0.002329093138280669,0.004343264270660896,-0.0008978676248521111,0.0001503646345213383,0.0007297494850728725,0.001034680357628659,0.0032140477979734072,-0.0005206977467295815,-0.0003593567552826471,40.1,0.0,41.0,6.4457198193855785,4.532599493153256,4.74493212836325,5.713732805509369,4.77912349311153,6.3561076606958915,4.343805421853684,4.61512051684126,5.662960480135946,4.700480365792417,0.05130466665297284,0.09749881894169121,0.009483335965821738,0.000683937590308048,-0.0012912167475906955,-0.0006999300355747806,-0.006801730090741032,-0.00771104346744611,265.0861486486484,-0.001656001193662604,0.00031064124727997466,0.03256037094561748,-0.009999999999999981,0.009999999999999981,-0.010000000000000009,-0.019999999999999962,0.06000000000000005,0.10000000000000009,0.020000000000000462,-0.009999999999999787,-0.02,0.01,0.1,1.82,3.22,4.87,5.92,-0.0118019467935353,-0.012880618510650838,-0.00858752971161092,0.011919700039076664,-0.01418605208593597,-0.001153784445985906,-0.0026660095560355757,0.0035408650472703584,-0.01286453901836726,-0.052344964966369645,0.02920360656639076,-0.0007707365580431613,0.0033495967111090152,-0.009555020446584628,-0.0010739517978866076,-0.0026003704439991893,0.000387024497884525,0.0003899635839212934,-0.001597632292364537,-0.0012130988177894153,-0.000740609670572212,0.0007380099984359845,0.004782419191133869,-0.0024488522349699338,0.0011863227368271723,0.002923740272827491,0.0034084280266424294,0.003709998240748913,-0.29999999999999716,0.01199845867021665,17.4319,33.29999999999927,0.5740000000000123,-45.00000000000182,0.917999999999978
2011-03-31,0.002927836200749212,0.004550459062528489,-0.00027774563307847444,0.008419589300418195,-0.0041246154098306675,-0.00144761949695571,-0.0012648670840844645,-0.00215566658226507,0.024207208195452523,-0.008811369865942886,0.001706220017037019,-0.007099648015667093,0.00754362093173544,-0.008764494271185086,0.0015421530039292364,-0.04016228179245385,-0.0039134125887612115,0.18650000000000944,122.0,0.011921212999999986,-0.0003197629865709928,0.0010335769858276223,-0.09999999999999964,0.19999999999999574,-0.08423988773800328,0.02763954192914042,-0.026317308317374,0.029322402865587627,-0.046913383913656403,-0.06110798604078305,0.0016724391338929223,0.0031464235419651487,0.00014527493306548678,0.0044125830008763245,0.0026674713575243203,0.0034889435991676265,0.001346499305773463,0.0014405849674492543,0.002873274472237952,0.0021582941258966315,0.0018752677061790735,-0.0005209690141274592,-0.0019337581633607215,40.9,0.20000000000000018,41.4,6.248042874508429,3.9512437185814275,4.1588830833596715,5.739792912179234,4.499809670330265,6.295266001439646,4.0943445622221,4.48863636973214,5.69035945432406,4.574710978503383,-0.03621633259750645,-0.036225715629980115,0.0021980065497579915,0.007595115685768761,0.0046627378986592305,0.003968110623620902,0.0616977387334563,0.09989090011313806,428.78614864864846,0.0003079403795940294,-0.006745620105283123,0.029575000749873404,-0.010000000000000009,-0.01999999999999999,-0.009999999999999981,0.019999999999999962,0.2699999999999998,0.18999999999999995,0.17999999999999972,0.0600000000000005,-0.03,0.01,0.13,2.1,3.42,5.06,5.99,-0.013168529056510003,-0.006818804285721111,-0.0010680436806120852,0.021438795156076107,-0.006358840502935403,0.0031498211497984485,0.004952965301458612,0.0003157053681484001,-0.007577418383053036,-0.002470953865225667,-0.01617768060892466,-2.8475629380686485e-05,-0.004294121661937211,-0.001562262610779186,0.002245676112484496,-0.0006703417156161962,0.0020033636542455824,0.00043736843665431735,0.00012271064905267082,1.588964466403553e-05,-0.00019877758328856743,-0.00021591608102866644,-0.0007018279700288232,-0.0006760857022376499,-3.788040584318253e-06,-0.002439378048314733,-0.003832961724322903,-0.0042496669310962965,3.299999999999997,-0.00248421219451167,17.2866,-45.00000000000182,0.917999999999978,-13.699999999998909,1.0759999999999934
2011-04-30,-0.002296093878547012,-0.002366381478628554,0.003454753717766934,0.00894012049997528,0.010310676459952539,0.0020722445876115714,0.0010676244939666901,0.002556372920856198,0.018024064627687686,-0.001404425772752127,-0.002896083323154386,0.01935891549565838,0.012538867139659793,0.011434626336543019,0.006194946827300818,-0.04005450610929717,0.02498317487807178,0.5120999999999896,35.0,0.003958264000000017,0.0010567860339669721,0.001756065146130581,0.0,1.7000000000000028,0.02638042668010332,-0.04526847011827151,-0.0011015238859322096,-0.10273698988544133,0.03551260896228392,0.011145626214917215,0.001722968505584177,0.0035838318121026447,0.021697812217059465,0.004758427719441016,0.0018887368252133996,0.0027824169314243363,0.0004484305007874667,0.0014296937419508993,0.0019378286241718001,0.0032746501658067473,0.0013559977435768644,0.0006511688710926222,-0.0010358728153967434,40.7,0.0,41.4,6.396929655216146,4.127134385045092,4.394449154672439,5.831882477283517,4.7535901911063645,6.368187186350492,4.07753744390572,4.553876891600541,5.733341276897746,4.787491742782046,0.07999061296691501,0.13204601277235284,0.011857110807749649,0.0012099078213019254,-0.0006978925059968333,0.0013192121488572184,0.0028908908755616025,-0.0023624421146895003,601.9861486486485,0.002715287453689541,0.000968353162988933,-0.012667701894043759,-0.01999999999999999,-0.03,-0.010000000000000009,-0.02999999999999997,-0.1499999999999999,-0.16999999999999993,-0.08999999999999986,-0.1200000000000001,-0.04,0.02,0.12,1.97,3.27,4.99,5.89,-0.016387763110624398,-0.03372007993940615,-0.01083917794205913,0.0021683247351913515,-0.011200605843464566,-0.0032868327654878016,-0.004149657014716368,-0.00020662507531987728,-0.007043909736244913,0.13722650347213516,-0.035522432058514575,0.0019508921342312746,-0.002077854532536172,0.011538130625996956,-0.0017126961758151538,0.0057970831576659165,0.0005031711316583198,-0.0004925307178158533,0.0017932107522193874,0.0029738815280309083,0.002211263080941883,0.001229947646407048,-0.003202404838317463,0.006006619516829126,0.00030591829164094975,-0.0019455254452438453,-0.0004268915643352855,-0.002116402313895982,-10.0,0.007767590826037285,20.5593,-13.699999999998909,1.0759999999999934,-36.70000000000073,0.9970000000000141
2011-05-31,-0.001611557193609059,-0.0012450222045359283,-0.001188752008233429,0.005500319813071641,-0.0033183153212039684,-0.0017656242178745174,-0.002137414297860296,-0.0014986768198559375,-0.041271276240309795,0.008319102734085426,-0.006935087326782607,-0.0050084120325957215,-0.006690773910266401,-0.010925694372521555,-0.005510657322047585,0.027300539794658185,-0.023837703878467842,-0.35669999999998936,-2.0,-0.0038851739999999912,0.0010882351140253377,-0.0003796221730603122,0.09999999999999964,-0.3999999999999986,0.09477211145666509,0.002346238716659954,-0.01853964855487611,0.013972764068397758,-0.02992742054147257,0.035329103666866146,0.0023965409999622267,0.0028466989166204826,0.021515278354960365,0.0014595879256091848,0.002569814674480142,0.003744024341656882,0.0006722689328828579,0.0023255005018754105,0.003904603934302031,0.0023848408874211913,0.004454258635075092,-0.000130199856965163,-0.00036055525899847396,40.9,-0.10000000000000053,41.4,6.317164686747284,4.04305126783455,4.543294782270004,5.634789603169249,4.812184355372417,6.364750756851911,4.060443010546419,4.584967478670572,5.700443573390687,4.836281906951478,-0.05813269990398062,-0.11834184715090146,0.003551566594325095,-0.013754567968217835,0.0005563210349883718,0.002385094298370305,-0.03837092624097327,-0.0641867042176214,697.0861486486484,0.0012680339134227836,0.0031217404345653677,0.020501476777409877,-0.04000000000000001,-0.04000000000000001,-0.04000000000000001,-0.010000000000000009,0.06000000000000005,0.04999999999999982,0.03000000000000025,-0.010000000000000675,-0.04,0.02,0.15,2.07,3.36,5.06,5.92,-0.01862774019877378,-0.023463102009127074,0.01856699300778164,0.013522856510131687,-0.019229373656699404,0.0015210569482757563,0.001386197118895538,-0.001199312537981001,0.03129705416386308,-0.07231657161368954,0.029070994607077516,-0.00047709533660089676,0.0038627031332252315,-0.002435393755582993,0.0016042319128235505,-0.0012737367892086127,0.0001417107399008799,-0.00023685330201228538,5.3312337456645764e-05,-0.0007386716304038643,-0.0006178482905694338,0.0002216903151062155,0.004308333596126701,-0.0012080238688767508,2.9274558398739714e-05,0.0034028975759134994,0.0059558291682022535,0.0015874417091263915,2.299999999999997,0.0001770349528085191,16.2042,-36.70000000000073,0.9970000000000141,-41.399999999999636,0.8260000000000218
2011-06-30,-0.0010408703543092201,-0.0002986947063625678,-0.0011554817332930511,-0.0008452688927782503,0.0012292630132355598,0.003205104523769542,0.0035132134255704273,0.001426016556006715,0.011847413863777412,-0.0010899876901522276,0.008060549837860975,-0.0009181507983013759,0.007162346294098398,-0.011587904781907632,-0.00015505061700427092,0.018466796478178615,5.494065009603588e-05,0.016899999999992588,-80.0,-0.004055049000000005,-0.00041690824062712295,0.00027219655624399763,-0.09999999999999964,0.8999999999999986,-0.043636620446434016,-0.02852485419148021,0.0233041801995455,-0.018349138668196652,0.03775908073715861,0.004507183528629,0.0008127580669281542,0.002727451525194269,0.014364887895103706,0.005635866203860473,0.000684170042935861,0.0022120844081872093,-0.0017937224540265362,0.0005101816533237269,0.0006024459486990708,0.0009340403415247778,0.0001027147509553572,0.002860488233137559,-0.0024823427997482383,41.0,0.10000000000000053,41.5,6.329720905522696,4.060443010546419,4.653960350157523,5.579729825986222,4.890349128221754,6.42648845745769,4.394449154672439,4.59511985013459,5.713732805509369,4.90527477843843,0.03156404545753411,0.09358034278074889,0.009719139869400095,0.02297507567131607,0.0009289183090928077,0.004777887265678515,-0.013535317677403569,-0.02321599895955817,761.6861486486486,0.0045759692150681985,0.0016815606651157111,0.005093987388108623,-0.010000000000000009,-0.019999999999999997,-0.03,-0.06,-0.32999999999999985,-0.29000000000000004,-0.20000000000000018,-0.23999999999999932,-0.05,0.0,0.1,1.75,3.08,4.87,5.69,0.0019309258640101135,-0.02619842699051779,-0.024972265910457203,-0.0028736530429130935,0.010384309305716488,-0.003728326801410553,-0.00401362187469978,-0.004121251047267016,-0.07726298725491887,-0.1491590604279125,-0.04541073079411451,-0.0015064522579359974,0.006710746649678967,-0.009421689387971277,-0.0009927426866767064,-0.003918254726547943,0.0005312875094896086,0.00016437781864642176,-0.001754475409686762,-0.0021968119525590524,-0.001552106375952711,-0.001202004172034421,-0.0013815735325870548,-0.005344684122714938,0.0002573528922216184,-0.0014597320600131525,-0.00552677020832304,0.0005284010059574129,4.5,-0.007742487025478084,16.9607,-41.399999999999636,0.8260000000000218,-0.7000000000007276,0.09099999999997976
2011-07-31,0.004473709697702333,0.005940038570606987,0.0023211646264567065,0.008239674898197435,0.002949609638396744,-0.00010907257452963393,7.14471987350862e-06,-0.0004138604965637782,-0.004315867216623026,0.0004897258886185085,0.001023259826344436,0.006254360998163122,0.002145099042576426,-0.0011068887229903623,0.0012345001921199028,-0.006894039779754557,0.0136479539964931,0.10000000000000853,276.0,0.018009530999999995,-0.0008669437518467049,-0.001720381201931076,0.09999999999999964,0.29999999999999716,0.09469666194193671,0.02852485419148021,-0.007585062057058778,-0.09234188001657095,0.01899606380252905,-0.010110106930294904,0.0017220782983926597,0.001999112171775508,0.014837269398912944,0.0021731265343145623,0.0011107789410562674,0.0023449903841950004,-0.0008980692116846711,0.0016782434228197474,0.002245930197306123,0.0013537247786636897,0.002284386466357091,-0.0015592518751645912,0.0015803854913745141,40.9,-0.20000000000000018,41.4,6.410174881966167,4.23410650459726,4.820281565605037,5.652489180268651,4.867534450455582,6.455198563340122,4.23410650459726,4.624972813284271,5.7899601708972535,4.927253685157205,-0.027358348152974443,-0.040319139387253955,0.0021575911446465312,-0.012073395631347239,0.0001221804935518378,0.008116927681577124,0.0032916266102382963,0.007048734949680835,839.5861486486484,-0.007867380636609411,0.0016485936030896653,-0.03886839050217805,0.0,0.0,0.010000000000000009,-0.010000000000000009,-0.26,-0.16999999999999993,0.03000000000000025,-0.03000000000000025,-0.05,0.01,0.09,1.49,2.91,4.9,5.66,-0.0009199389597975838,-0.03955944328473404,-0.008663540033825079,-0.006942978951776924,0.008845064350982916,-0.0088976636604583,-0.012729782374298004,-0.007961221334919166,0.03081203217865003,0.031443372388113566,0.01970050933923151,-0.0031766637911196938,-0.004551665115692494,-0.014077496142924417,-0.0008199014250580561,-0.0077682482053687,-0.0005457950989438132,0.00010709864416913462,-0.003470419483827314,-0.005113859945057975,-0.003334709457798901,-0.0032360463050276067,0.00022830785324767788,-0.009428727935757664,-0.0016699155625907736,-0.0004855542989319339,0.0021219711324107493,-0.002115283116271627,-2.799999999999997,-0.0003751347981273412,19.4515,-0.7000000000007276,0.09099999999997976,-11.100000000000364,0.18300000000002115
2011-08-31,0.0043008712677909955,0.005972439713946898,0.0017402232107350812,-0.0003861368916542318,0.004736276197775169,0.00735727893603233,0.008430823327426396,0.00643479291066118,0.014682949590446803,0.004475455014906871,0.013093013203054227,0.0019118468874790295,0.002759676766844521,0.003138815272248685,0.0057357334277039485,0.005480917114366157,0.007944890527929793,0.41100000000000136,168.0,0.015784642000000015,-0.00037830117137538366,0.0010039153538681234,-0.09999999999999964,0.8000000000000043,-0.1082817765322428,-0.018925877505218125,0.004166672694845275,0.05763338861584444,-0.012193316479777394,-0.013600739229781666,0.00046983223307073274,0.0027146079106099563,0.014087574497499311,0.0034311546077283595,0.0016212299297411192,0.0017895248770418704,0.0013468015503779185,0.00011412368385954608,0.0019210763932644426,0.0014979360515283702,0.0026131141271061864,0.000390040959244331,-0.005202101614580457,40.9,0.09999999999999964,41.4,6.434546518787453,4.477336814478207,4.5217885770490405,5.726847747587197,4.912654885736052,6.431331081933479,4.0943445622221,4.61512051684126,5.796057750765372,4.875197323201151,0.023915637779239773,0.011477908716612362,0.0038911090915938473,0.005302224766958297,0.009402803308072194,0.014881009887069752,-0.01756483590062885,-0.02837650648983292,871.1861486486486,0.004934190403460548,0.0005154802392652869,0.029016611928066816,-0.01999999999999999,0.0,-0.020000000000000004,0.010000000000000009,-0.040000000000000036,0.0,-0.0600000000000005,0.009999999999999787,-0.03,0.01,0.12,1.47,2.93,4.86,5.69,-0.006627857787957048,-0.02251073084834318,-0.01482349255764781,-0.003768111448035627,-0.022051724351597184,0.007846156129087234,0.010282262296859912,0.003451552814802028,-7.607018918776021e-06,0.0603214004712207,0.031066313889829722,0.002616610518663798,0.002208727893685314,0.010515188402450804,0.0010661036872505747,0.004828729635423912,-0.0007877918566645548,0.0009529254506617235,0.002755612314029321,0.0035529900082442722,0.0027252989059123323,0.0019054690446571598,-0.001667113227546757,0.00629833572960159,0.0009558380672043398,0.0014521981161701447,0.00042184101319353573,0.002643684713770522,-7.799999999999997,0.0037955353914060908,19.1724,-11.100000000000364,0.18300000000002115,-34.5,0.39299999999997226
2011-09-30,-0.000518481131013715,-0.00013495845830391318,-0.0006104619543529921,0.0011127350735904429,0.006346240467559383,0.0062382077952047865,0.007868416428665093,0.005761508164194851,0.011287572861658823,0.0044354546625715585,0.011917094560031316,0.006466530181818975,0.004353972260357608,-0.006891780599288744,0.004381058854317388,0.01331260143344526,0.008394885215383674,0.296299999999988,-294.0,-0.02232438200000003,0.0030744402945845906,0.002991421580510689,0.0,-0.20000000000000284,0.006815626535059849,0.019595221573045052,0.008524162671378122,0.10389627566482762,-0.024014876203873214,-0.007541697344027654,0.0009995533132176604,0.0016583751727772267,0.007697450083382407,0.0009009821314052147,0.001618605797006012,0.002060864918451699,0.0008968610466641991,0.0008949802736584189,0.0007594076985206755,0.0018419402109213223,0.00011582866908810274,0.0005198180753822612,-0.0014523671594872667,40.8,0.0,41.4,6.371611847231857,4.02535169073515,4.465908118654584,5.703782474656201,4.955827057601261,6.472346294500901,4.143134726391533,4.709530201312334,5.802118375377063,4.955827057601261,0.048439979765392494,0.1371877698141475,0.013784583608993373,0.04163122840955502,0.0022639700102722315,0.016611200526400083,-0.023757945475096243,-0.036161385297922344,841.6861486486486,0.0063170146466626775,6.336898390379986e-05,-0.1115515016339188,0.03,-0.02,-0.020000000000000004,-0.08,-0.52,-0.7000000000000002,-0.5599999999999996,-0.39999999999999947,-0.08,-0.04,0.01,0.92,2.2,4.27,5.26,0.00018745604664172077,-0.05171628183882079,-0.02915290299115103,0.01217951944487905,0.027260335422513007,-0.006797120813105906,-0.0073453899580764315,-0.011854094389093461,-0.01779811153661992,-0.1277940175311345,-0.05307286096219954,0.0005328867702472095,0.0013059324367938885,0.0013224271215186434,-0.0006927506287137675,0.001181561684655108,-0.0015935634011805533,0.00018100254531194793,0.0004955452089276946,0.0010834251170113163,0.0006187602609166731,0.0006518610530248381,-0.0007064332594071132,0.0017957558376888727,0.0004624097261896054,-3.744896700741407e-06,0.005896854248221395,-0.0031720863112694175,-7.900000000000006,0.007439669324980969,36.0196,-34.5,0.39299999999997226,8.300000000001091,0.13900000000001
2011-10-31,-0.0013157298682564544,-0.0012323380528798111,0.001646242507532314,0.011065039300182988,-0.0007679288076110069,-0.0008703596393848656,-0.002370638980722539,-0.005855808605470081,0.0011580600921057282,-0.007549998996178253,0.005184872684261599,-0.0006513226060809174,0.006638406206533887,0.006363020151791687,0.002567791270100095,-0.02827173853523668,0.005402946179744461,0.1490000000000009,445.0,0.029658783000000022,0.002409944945185316,0.001720660843982813,0.0,-0.10000000000000142,0.03849476030833188,-0.03680142719940882,0.008331872144548669,-0.08887345933513124,0.041456713678345025,0.019946264182378215,0.001656149114312555,0.0023722185841119625,0.009735638007112968,0.005747142255568605,0.0003404255352030816,0.0015086061971114617,-0.0015700350875675895,0.0015423987353369029,0.000678981553793534,0.0005464580547283049,0.0005789421866584377,-0.0002598752613369726,-0.0015454548530566825,40.9,0.0,41.4,6.476972362889683,4.07753744390572,4.59511985013459,5.793013608384144,5.099866427824199,6.413458957167357,4.219507705176107,4.6913478822291435,5.707110264748875,4.882801922586371,-0.056805868692404005,-0.1208756922390215,0.0025070517152450122,-0.055926573250437706,-0.0176448962808049,-4.747661777493306e-05,0.0025913883940003046,0.0038831165816954893,818.8861486486486,-0.009813958940072531,0.0003472111743434425,-0.009689842219560596,-0.020000000000000004,-0.01,-0.019999999999999997,-0.009999999999999995,-0.12,-0.31999999999999984,-0.28000000000000025,-0.09000000000000075,-0.07,-0.04,0.02,0.82,1.9,4.01,5.19,0.031477555986215044,0.1168709389109025,-0.0022112190610616977,-0.03642199199697521,0.02096639648224847,0.011469545220750277,0.013663437411953971,0.012360988006494544,0.017832121818229574,0.11011559977491014,-0.015418311456041778,-0.000980303833027385,-0.01064729251539731,-0.0008841889397794844,-8.650836086321334e-05,-0.0008210732189466441,-0.0016599173252238586,-0.0011112024302537549,-0.0010651852665750638,-0.001150076921531351,-0.0010467194276060354,-0.000947998836605457,-0.0032425002006268855,0.00018992654122751418,-0.0009687819796333486,-0.0014505597300265016,-0.007171690086870797,0.0015860431556347088,3.700000000000003,-0.0031993260043199356,37.1545,8.300000000001091,0.13900000000001,-8.199999999998909,-0.6069999999999993
2011-11-30,0.0003446538821432199,0.0001857919810763775,0.0018042974744743034,0.0056805737281333535,0.0069706936479114745,0.0038605681815226944,0.006236238945127148,0.0026250494746493658,0.018641810450372276,-0.0012857377835997497,0.012719857173722815,0.010361954460427647,0.005123582711983765,0.003387782673533124,0.005355373492701432,-0.02949468374748143,-0.015884794787175416,0.34320000000001016,-155.0,-0.004356036000000008,-0.0011035665791592209,0.0013188334870619656,-0.1999999999999993,-1.6999999999999957,-0.031725272253085635,0.12051754023925376,-0.06380125891130284,-0.024146042305218884,-0.07679608012365513,-0.03743654868997304,0.0015779721428899052,0.0012115206063629813,0.011326033980485484,0.000716075934644067,0.0008505571661885369,0.0021902815053298497,-0.0013477090988693874,0.0016361961660411595,0.0014761916941896658,0.0030909677512216405,0.0008575804507202633,0.0016879832612772816,0.0006821127569462959,40.9,0.0,41.5,6.413458957167357,4.1588830833596715,4.6443908991413725,5.749392985908253,4.852030263919617,6.508769136971682,4.219507705176107,4.68213122712422,5.886104031450156,4.90527477843843,0.029173959865886445,0.043658887142877134,0.005202026918302849,0.0018292488300435394,0.0013118886004690467,0.002749924687673655,0.007591672891268608,0.011154679809339818,814.6861486486486,0.003324954177037931,0.003767692652028032,0.028005694066489895,-0.009999999999999995,0.01,0.010000000000000002,0.009999999999999995,0.16000000000000003,0.16999999999999993,-0.10999999999999988,0.10000000000000053,-0.05,-0.02,0.04,0.99,2.08,3.91,5.3,0.006551166200904568,0.021552315178659798,-0.0019903720562171046,-0.00019024065500156118,0.017109649440331203,-0.010933374875056856,-0.014127115385213607,-0.014370391629659807,-0.031027359850606118,0.01767637459195104,-0.028298229014500187,-0.0014942137789084597,0.006787167145998474,-0.007332825203156368,0.002600329866965012,-0.003389640562763141,-0.0003807294742879108,-0.00013718789132699527,-0.0011567896225939123,-0.0024966543760731597,-0.0017826054644034528,-0.0013832229443062616,0.004700103793174648,-0.004793954568598657,-0.001157721752282903,0.0009640873016358853,-0.0029432098394628348,0.003696861881326008,1.2999999999999972,-0.002905477799553857,32.7655,-8.199999999998909,-0.6069999999999993,-48.5,-0.13599999999999568
2011-12-31,-0.0010536217206809084,-0.0010476424780243576,-0.0016892769431828825,0.0031738636335152393,-0.00011809774849425025,-0.0040658274948688344,-0.003010413487666952,-0.009485633916097136,-0.015997006564701266,-0.007908629014752755,0.009174254967587281,0.004175569428409354,0.004635910671826338,-0.006563232540666597,-0.002044166839664463,-0.030231519322323486,0.018239097772218216,-0.2143000000000086,-54.0,0.0017844200000000088,0.0010841024272600919,0.0032575403814316672,-0.20000000000000107,1.5,-0.042885591538088796,-0.10947151836434799,-0.012380864880498166,0.0226538759005237,-0.024273036356206035,-0.03322480807142192,0.0010330151007398314,5.503425883901514e-05,0.004391637128002834,0.0008943744447353907,-0.00076546888704776,0.0,-0.0020249753797703107,0.0011882815877779507,0.0011156713114850447,0.001269979669594079,0.001115115366793873,0.0016851387745582258,-0.0012281381606928932,41.0,0.0,41.5,6.566672429803241,4.59511985013459,4.532599493153256,5.8522024797744745,5.14166355650266,6.559615237493242,4.406719247264253,4.634728988229636,5.877735781779639,5.099866427824199,0.022199677883349977,0.04258969656291889,0.010473777956544694,0.020822963522659776,0.0019528589963968557,0.003521172004345985,-0.0123969332267988,-0.02598014390912695,769.0861486486484,0.0015064661377932609,-0.000682959047667353,0.01577916073816077,0.009999999999999995,-0.01,0.0,0.0,-0.15000000000000002,-0.14000000000000012,-0.10999999999999988,-0.23000000000000043,-0.07,-0.03,0.03,0.83,1.93,3.79,5.06,0.008359693083257902,0.013417066604511807,0.01188710678510052,0.0024070449323644882,0.004890941961469022,0.004672225624916315,0.006801075293140002,0.01041835203088759,0.055682276155309296,0.10846886588075666,0.059659418002603104,0.001171165203519564,0.0036432500914660437,0.005767155473427543,-0.00047224031823400736,0.0032105075405119976,0.0005739481148978598,-0.00033071615024127254,0.0013643714704061338,0.0018567286588568876,0.0012918165223547717,0.0020230025159522214,-0.0013218170633297888,0.003943643408565123,0.0018916299916886814,-0.0014468292854252773,0.00168066998514238,-0.004224149001372801,2.9000000000000057,0.0031429092947110604,31.9011,-48.5,-0.13599999999999568,-10.000000000001819,-0.828000000000003
2012-01-31,0.009001232618862431,0.010084316966599616,0.00044845370467161416,0.001467279034482516,0.005244496633573625,0.003907924926498829,0.0030804316924291086,-0.0010379625335019682,0.00570168841433194,-0.002709907502274511,0.015798420550791725,0.006701056279449169,0.011126990584136465,0.002113101059729061,0.00663778405854476,-0.016741338875031708,-0.011889612604329969,0.4206000000000074,203.0,0.019782556000000007,-0.0008632916611883701,0.0005395275005941613,-0.09999999999999964,0.19999999999999574,0.04662671075369218,-0.013826697980144687,-0.02111415398415417,-0.025202946870393816,-0.01985176855273174,-0.03197662326609674,0.0014910876404314877,0.002967361227803167,0.0069355531027950335,0.003213140929384295,0.0025492875804857817,0.005046726935932,-0.0015778206812164797,0.0012566433572427371,0.0005175674446178391,0.0038002904999832055,-0.000543803374107199,0.0010355987980563697,-0.0007740467091075232,41.1,-0.09999999999999964,41.6,6.542471960506805,4.110873864173311,5.176149732573829,5.786897381366708,4.867534450455582,6.546785410760524,4.330733340286331,4.709530201312334,5.8805329864007,5.0238805208462765,0.037804422577554675,0.09639784358743952,0.014468383846496735,-0.032322633704599646,-0.00045240169677107644,0.004706998570576104,0.017794442208755257,0.032731459788303496,776.1861486486486,-0.001657019183459063,-0.00498076688484872,0.01368586473400768,-0.009999999999999995,0.0,0.0,0.009999999999999995,-0.020000000000000018,-0.029999999999999805,0.06000000000000005,0.11000000000000032,-0.06,-0.02,0.05,0.82,1.91,3.86,5.18,0.01373572373406784,0.027699593138003686,0.003053630100598781,-0.013952381275869619,-0.0012693454811801286,-0.0036327261714399484,-0.0053422858294807085,-0.004486420958365933,-0.052842677932524396,-0.10387680813530054,-0.009472104109184976,-0.0016084646385259305,-0.007117289850869568,-0.008537599755763736,-0.0005180249048830632,-0.005592033894402881,0.0001855636771388447,0.0012099974172432582,-0.002019047575648081,-0.0025178874677962426,-0.0016908886442053017,-0.00146718235737886,0.00016773750361664952,-0.0063806623587119304,-7.19584582400401e-05,0.0019258551932139767,0.0029472808479420465,0.0021083151173653114,6.200000000000003,-0.002457904821445034,24.6171,-10.000000000001819,-0.828000000000003,31.80000000000109,-0.09600000000000364
2012-02-29,0.0026709320872644327,0.006855225371692697,0.003855293749750466,0.009192356268803437,0.0059977250434117835,0.0045045894635276085,0.0036531426019443813,-0.0010886425117568876,0.02499512698995421,-0.007655702583611479,0.015050515824613697,0.007626032182619369,0.01130937444145097,0.009901915819587437,0.008437888619447165,-0.04520513801313086,-0.016634596682862046,0.5516999999999967,141.0,0.01767485099999999,0.002503438669643643,0.004828567256941696,-0.1999999999999993,-0.19999999999999574,-0.07923397329868465,0.012108779674120385,-0.014955546476654646,-0.0010214505484649194,-0.019888560096781305,0.001987413704839014,0.002682870700997597,0.003396146997774352,0.011200320725988533,0.0026697532988304573,0.003135197246749044,0.004073325387635052,0.0015778206812164797,0.0025694528139972306,0.0036948056574086507,0.002543543750155308,0.004023931845379636,0.0007759959002946459,-0.000364464696517075,41.2,0.09999999999999964,41.8,6.583409222158765,4.30406509320417,4.6913478822291435,6.008813185442595,4.890349128221754,6.568077911411976,4.343805421853684,4.6913478822291435,5.978885764901122,4.875197323201151,0.010930284546823543,0.013914946814143292,0.012736208214796818,0.024029825402868354,0.002594482570431822,0.004801789398451106,0.002624847114650386,0.008792914277616859,797.5861486486484,0.004844047276747254,0.007690697998111062,0.04502509774708674,0.009999999999999995,0.019999999999999997,0.020000000000000004,0.0,-0.050000000000000044,-0.010000000000000009,-0.08000000000000007,-0.019999999999999574,-0.05,-0.01,0.04,0.76,1.89,3.77,5.15,0.0016486399044728373,0.004489585307032917,-0.010761233773530776,-0.004050020000254062,-0.010311900852661014,0.004663352090235939,0.005821481468499812,0.004488907269358577,0.033127798709032596,0.0029069860660957403,0.06506843072877988,0.0024828119152928707,0.0034422687114581407,0.013825616778268213,-0.0007842071186292543,0.007099986132241831,2.641734387864858e-05,-0.0005891801340167646,0.002754913049143326,0.003911868086557746,0.0027296623867165692,0.002836669336151232,0.0019890802185758005,0.008319490049721878,0.001122651082398285,-0.002406971392054036,-0.005052812000285289,-2.4957042685791464e-06,5.099999999999994,0.010749480610672713,20.3742,31.80000000000109,-0.09600000000000364,73.5,-0.22399999999998954
2012-03-31,0.005038512940457096,0.006337918110935092,0.006039830886842346,0.012256497992948923,0.003164701646636736,0.00261766686128162,0.0017265744341221634,-0.0012195531100394064,-0.006457851524589664,9.912577940873746e-05,0.007259235074505099,0.0037622695012808904,0.010027398081006389,-0.002673174561161673,0.004107031398640437,-0.0013354532298119892,0.01081605258474383,0.2266999999999939,-293.0,-0.02324884100000002,0.0018767073833263481,0.0019333767426825688,0.0,-0.5,0.053513947364305814,-0.0208485661215434,-0.019014561741061087,0.04691479067630411,-0.04367180252498848,-0.039141298702457306,0.001971862248726808,0.0015845699023522286,0.00781647953471154,0.0005330964142231664,0.0017750733708670197,0.0029765953515834553,-0.0002252505922353265,0.002033457142136541,0.001149357081127178,0.0018719518759056086,-0.0004335074204426803,0.0011628659492473048,4.556535211364121e-05,41.2,0.0,41.8,6.556778356158042,4.1588830833596715,4.574710978503383,6.0112671744041615,4.90527477843843,6.6039438246004725,4.564348191467836,4.8283137373023015,5.924255797414532,4.962844630259907,0.0021541553053072704,-0.0069450426382040575,0.01412368968585298,-0.014127343853052032,-0.0022370110448814984,0.0031496089028966168,0.01203337631393886,0.01208375835672637,838.9861486486485,0.003989677514702805,0.0031578676997003896,0.03913701917921397,0.020000000000000004,0.06,0.04999999999999999,0.04000000000000001,-0.010000000000000009,0.0,0.0,-0.09000000000000075,-0.01,0.02,0.06,0.73,1.87,3.75,5.04,-0.015402835251135727,-0.02790275104340706,0.019378606080612037,0.017875859042484454,-0.016221682275272712,-0.0010440283694608254,-0.000497270529392857,0.002488425238307279,-0.013417087827533258,0.0030531294246332052,-0.009889337004791443,-0.0005853271203939414,-0.006854596314405548,0.003165568157005083,-0.0016404818000648191,0.000638304923347377,0.0008143943162499667,-0.001425745278427648,-0.00018742351106570965,-0.0009763411174112946,-0.0005221032583575536,-0.0011798520416634872,-0.002326440609571101,-1.9158336961311306e-05,-0.001402391868182029,0.002884385800639322,0.00589598237064326,-0.0026306102438540258,0.29999999999999716,0.0022885281515989675,18.3541,73.5,-0.22399999999998954,-55.100000000000364,-0.6700000000000159
2012-04-30,0.0029857265333284033,0.0028204808563767614,-0.0013099070700075544,0.0035317743401073187,-0.005219322575056751,-0.0075596551453385175,-0.007943577047704764,-0.01605283406864544,-0.011661582279812066,-0.017188803990471513,0.008759451165199827,-0.0026697003983482404,-0.01095580304120336,-0.00420411685609956,-0.005336241686936916,-0.05363095264663986,-0.01811691767481438,-0.48219999999999175,363.0,0.030773329999999988,0.0005041691012355187,0.0012539893292924376,-0.10000000000000142,-0.4000000000000057,0.03686013371542707,-0.021292500651451718,-0.016172859245601856,-0.05563950601500611,-0.0011452568535617047,0.009180032955212525,0.0017960312547860013,0.0020725396019720677,0.003885447013824539,-0.000710858391405722,0.0032882285856796756,0.003506409526496057,0.0029243075614004965,0.00175205824875313,0.0011876015805381002,0.0013657521845473752,0.0010969516680745528,0.0029656394632340266,-0.00018227386698832504,41.1,0.10000000000000053,41.6,6.543911845564792,4.454347296253507,4.718498871295094,5.857933154483459,4.990432586778736,6.692083742506628,4.3694478524670215,4.882801922586371,6.0014148779611505,5.25227342804663,-0.022537697670864887,-0.07858694280916723,0.006826848120383033,0.006930885834735889,-0.0008095408635071522,0.0023963809846332396,-0.034749207151266504,-0.057649121487481025,785.9861486486485,-0.012466431924341492,-0.006552094206993431,0.026809497027675988,0.03,-0.009999999999999995,0.020000000000000018,0.03,0.19000000000000006,0.19999999999999996,0.14000000000000012,0.09000000000000075,-0.05,0.01,0.06,0.89,2.04,3.86,5.1,0.00802602057454127,0.0014247358429533563,0.0496684884221521,0.0012647023312120087,-0.0029138428051903513,-0.0015510513030543294,-0.0029001864025035573,0.007885259267956357,0.012187564105588855,0.01795566315774444,-0.032992526260247956,-4.3882905469416755e-05,0.008764260518153044,-0.007090991737394248,0.002123844866146918,-0.002581094300849074,-0.0008497693510989279,0.001611194611000677,-0.0004269618076060411,-0.00021353791817446677,-0.0002094339460478878,-0.00032311692550557325,-0.00108734290950796,-0.0009009298171029911,-2.8806906806622123e-06,-0.0004848037855706977,0.002085576489507801,0.0015782552847016795,0.9000000000000057,-0.010375038122580449,15.8857,-55.100000000000364,-0.6700000000000159,24.600000000000364,-0.6669999999999732
2012-05-31,0.00371961450767877,0.003986213818718554,0.000922808821916199,-0.004136070983996376,0.007121367846537829,0.0074400420683709,0.006582679780520628,0.007650898671349715,0.004312874788555021,0.008492252765968544,0.009074763782597195,0.006774555872398835,0.012650774893566918,0.002236195508585226,0.004728893360075759,0.07514752636802502,-0.009992576125026353,0.2704999999999984,-186.0,-0.013049967999999967,-0.0013191334431450485,-0.0009650096721536272,0.0,-0.09999999999999432,-0.03151048396818634,0.03177111556689827,-0.01459879942115272,0.0,-0.020062401294262955,0.04049460869313748,0.0005755438861587692,0.0005991448748101647,0.0026235257723845606,-0.001245219408431808,0.0014299535598905067,0.0018829864339711122,0.0006736275094745281,0.0005717899780659508,0.00035600562073767605,0.002510986881157251,0.0005209690141274592,0.000514866789593782,-0.0005470210283657906,41.2,0.0,41.7,6.6240652277998935,4.356708826689592,4.8283137373023015,5.991464547107982,5.0106352940962555,6.595780513961311,4.499809670330265,4.74493212836325,5.902633333401366,5.081404364984463,-0.014921648862454617,-0.03609741997511051,0.0031137169479311666,-0.005079884536820067,0.0009502173004687364,0.003757484589744564,0.008838738931332024,0.020546952184777645,766.7861486486485,0.008629688582675321,-0.002309835457875664,-0.0020247370616681692,0.010000000000000009,0.0,0.0,-0.010000000000000009,-0.13,-0.1200000000000001,-0.03000000000000025,-0.040000000000000036,-0.06,0.0,0.04,0.75,1.91,3.82,5.05,-0.0017836105179158679,0.00021901007533881023,-0.014824515326400167,0.011060947359424977,-0.00100674527782275,-0.0015462590379939911,-0.0014470617637920569,-0.01679492627661272,-0.03649899953880542,-0.06511133968233374,-0.031735455152853476,-0.0004318713653237438,-0.0015632715594007252,-0.0028125482995831064,-0.00037314903797636134,-0.0012435643937047658,0.001168258817543233,5.169885853906209e-05,-0.0004986313879573601,-0.0007317675971076909,-0.0004306204079123077,-0.0005966389817819717,-0.0002820240274283847,-0.0036365326589553604,0.00037792784909296273,0.0004744522913844307,-0.007966735501643729,0.0036733039034206882,0.20000000000000284,8.667807169526753e-05,17.876,24.600000000000364,-0.6669999999999732,13.899999999999636,-1.1870000000000402
2012-06-30,-0.0001593776039037209,-0.0006728426212436744,6.832234485010247e-05,-0.0017793122051070753,0.002141641870291977,0.0032475869869079688,0.0048933626948697295,0.005590492910485523,-0.008315730402919996,0.00911355702103922,0.007124465679154923,0.0009305764409246464,-0.007740855850094874,-0.010868273860123345,-0.0033181194842129003,0.07864284230780338,0.005728846859274661,-0.32920000000000016,42.0,0.002985852000000011,0.0020749108154891616,0.002161173647005299,0.0,0.3999999999999986,-0.02860651191150776,0.04351468286560678,0.002683048986517278,-0.13795944414025474,0.05108867485736468,-0.02184793952586972,0.0008066986297841083,0.00010889687476733911,0.0032386675044957514,-0.0024951002072910455,0.0009241756591400474,0.0013428228149106047,0.00022444170221014303,0.0009176456973527536,0.0020544434550142654,0.0020757661838448627,0.0005342187516106378,0.0014145183352578528,-0.0009123671998239047,41.1,0.0,41.6,6.56244409369372,4.343805421853684,4.6913478822291435,5.8944028342648505,5.0689042022202315,6.679599185844383,4.3694478524670215,4.787491742782046,6.042632833682381,5.170483995038151,0.004754182557272557,0.02276474378969695,0.0015976883437467393,0.004156970223847978,-0.0010747298875255495,0.006438310439826012,-0.0030487851716811676,-0.005655557708975856,739.2861486486485,-0.005713851258463798,0.0005858822307107658,-0.033115171647048136,0.01999999999999999,0.009999999999999995,0.009999999999999981,0.010000000000000009,-0.13,-0.24999999999999978,-0.16000000000000014,-0.1200000000000001,-0.07,-0.01,0.03,0.6,1.64,3.64,4.91,0.01536759530323284,0.027005313598370745,-0.019707422332965407,-0.004761317101710516,0.01687930211987793,-0.005170908040009081,-0.007273691038938601,-0.003514757986316397,-0.0009279212749433441,-0.05991155784474067,0.0012143944598106415,-0.003729732536356778,-0.0027884906117172648,-0.01726228215645076,0.00040550364075198075,-0.007791533308484588,-0.00032772268636804824,-0.0010576245436100251,-0.004160105991873664,-0.005105498354035731,-0.0040493081307841905,-0.0024377283429632968,0.002032224394334037,-0.009219321000072611,-0.0008315601389901062,-0.0047858362152259915,0.005866335653628596,-0.007347437666916257,2.8999999999999915,-0.003781730608231726,21.1563,13.899999999999636,-1.1870000000000402,-38.79999999999927,-0.18899999999999295
2012-07-31,-0.0004456568114576953,-0.0011908918722607353,-0.0010481225895730972,-0.00891858231091014,0.0001774938792351577,0.0009764271257086676,0.0016848669588318543,-0.0024474086742598544,0.0017989941586478153,-0.003531891885344862,0.01309490901244903,-0.0007065280539508834,0.004927453750346977,0.00015941839391153678,0.0028671698535083223,-0.008351676786982232,0.010787762357511888,0.1354999999999933,76.0,0.0052242730000000015,0.0014002305892582,0.0013000841615156133,0.0,0.6999999999999957,0.07441604794280199,-0.06885030965051353,0.018997637978985793,0.0724582604790518,0.0014801112785356452,0.015145765807993428,0.0005896732709249619,0.0013058383704454002,-0.0037378563330330294,0.0030289555451776806,0.0008394191712586263,0.0012070007500355473,0.00022439133943485956,0.00047580530944735244,-0.0005527043172666168,0.0008755394507353742,-0.0013056201012453528,-0.0001285099275687429,0.0008667686042524991,41.1,0.0,41.7,6.6293632534374485,4.382026634673881,4.574710978503383,5.910796644040527,5.351858133476067,6.677083461247136,4.394449154672439,4.787491742782046,6.013715156042802,5.214935757608986,-0.00711453885220692,-0.03752839874854885,0.0018583960460336613,1.7729160472157446e-05,0.002661231646071016,0.007835989230747131,0.009744260637265079,0.01594149458610339,737.1861486486486,0.006033731670845199,-0.0024369238421879658,-0.013352295190864893,0.0,0.0,0.0,0.0,-0.050000000000000044,-0.17999999999999994,-0.1599999999999997,-0.05000000000000071,-0.07,-0.01,0.03,0.55,1.46,3.48,4.86,0.015444322427473622,0.020360426947759393,-0.004423149453804953,-0.023380988844569905,0.017961910004835047,0.0015303890144728882,0.0023819443363244375,-0.0010876491923026421,-0.0014315063107543935,-0.051793461382509065,0.0023185233443090425,0.0012436169727081392,-0.0051071918550240625,0.0034134189883694432,0.002486446519545993,0.0014841126276170513,-0.0008932855784449245,0.001236217390362171,0.0012545450032632743,0.001873787677802774,0.0011520069494057594,0.0006142844248104851,-0.0025330200888111776,0.0023694522932462547,0.0005009854869078012,0.0047858362152259915,-0.0020966976818481697,0.005771941141680337,-6.099999999999994,-0.0005044190338221455,21.0661,-38.79999999999927,-0.18899999999999295,4.5,-0.5229999999999961
2012-08-31,-0.006462435043985693,-0.0072497853526254374,0.0020951477683031072,0.0045911342021618395,0.001994382366865999,-0.001945785164859437,-0.0018653090225475566,0.000338210908283898,-0.002392817373054079,0.0010223274630618562,-0.012030751693418829,0.0063450339730479755,-0.0007186131491447867,0.001158278462978224,-0.002279089614305896,0.0230024287619619,-0.003448006614571675,-0.2441999999999922,-176.0,-0.013029922999999999,-0.0008708807089128356,-0.0006955104729868822,0.0,-1.0,-0.03143168714021716,0.061504700661244804,-0.03434538843694668,-0.02451376232196356,-0.037484377124014756,-0.017826732561252,0.0010814077252092602,0.00195556583588008,-0.0019992509470618813,0.001955034835802394,0.002179197912100861,0.0029443276088443326,0.0008970621817088187,0.000942291220397351,0.00023691068577846863,0.0018379241989272543,-0.0006839320262130855,-0.0003856289012382774,-0.0007754944165299094,41.1,0.0,41.7,6.606650186198215,4.465908118654584,4.736198448394496,5.857933154483459,5.241747015059643,6.744059186311348,4.499809670330265,4.787491742782046,6.075346031088684,5.318119993844216,0.02232947639808991,0.07391079220915486,0.009876836596671268,0.0088678460449918,-0.0017661068415844028,0.004963015309559893,0.010134258181946798,0.02008534846201737,766.4861486486485,-0.0023916698928809765,0.0013234032272944063,0.02705829083283806,0.0,0.010000000000000009,0.0,0.0,-0.08999999999999997,-0.09000000000000008,-0.2400000000000002,-0.14999999999999947,-0.06,-0.01,0.03,0.46,1.37,3.24,4.71,0.0020193551484881667,0.02138621721961969,-0.004807592198167399,0.002375679309247425,-0.013515042654191765,0.0057163185942670225,0.00683500577199414,0.005986776668704508,0.06514944559632774,0.2038414660323591,0.013728423351993868,0.0011154730280749092,0.0007994642005950681,0.01107877685114822,-0.001735271829224061,0.0034178303865672888,0.0012380741202013823,-0.0005831214821165887,0.001509677523253039,0.0016615309097360864,0.0013252604380165067,0.0008697949260900728,0.0015802162160811761,0.004678852169488046,-0.0005381385038782938,-0.0004826978514937963,0.002919011005764638,-0.0021000129945667467,-0.9000000000000057,0.012011691524411283,17.379,4.5,-0.5229999999999961,9.300000000001091,0.6170000000000186
2012-09-30,-0.00222630500047849,-0.0015574262542319417,0.0002047245892757843,0.01233868830858853,-0.004083212816913928,-0.001333775781204416,-0.0015618863296076313,-0.004925524819362259,-0.010407861483084702,-0.003548677798750788,0.007628292822073668,-0.007122581308193432,-0.006790994059070243,0.0041461637484241365,-0.001272919696486241,-0.010767806367619315,0.008477258343098093,-0.16550000000000864,74.0,0.010311652999999976,-0.001194662262578916,-7.027826679717464e-06,-0.09999999999999964,0.30000000000000426,0.04481102249925417,-0.05972439041711919,-0.013552687252838425,0.04034810898858954,-0.03277702699954688,0.0020113985996861317,0.0013482562239026663,0.0007052377757243988,0.001250000162760223,0.0028368813352006583,-0.00033495227243207637,-0.001337256150067745,0.0013440862238542906,0.0014506020814373244,0.0012625766127811744,0.00014261012199590084,0.0007583914340241193,0.0011564408612940724,0.00013689566290331356,40.9,-0.10000000000000053,41.5,6.625392368007956,4.330733340286331,4.875197323201151,5.937536205082426,5.123963979403259,6.733401891837359,4.406719247264253,4.8283137373023015,6.0867747269123065,5.262690188904886,-0.10616306770654838,-0.22617841718376752,-0.010893933599158245,-0.0005489744160502852,0.0017499450413591688,0.0012028916238069343,-0.009918259398230767,-0.019105014704484446,765.8861486486486,-0.002904232033315246,0.0018997146375330232,0.0316105690057924,-0.03,0.0,-0.009999999999999981,-0.010000000000000009,0.08999999999999997,0.1499999999999999,0.08000000000000007,0.040000000000000036,-0.03,0.01,0.05,0.58,1.55,3.35,4.78,-0.013163856404676544,-0.0104809837373573,-0.003094675483158227,0.008238909768816471,-0.02172915154327279,0.01032290568945271,0.014548281739929614,0.014103880195872165,0.01179283347167459,0.0036201649454916662,0.019197950577240164,0.0055039495126223414,-0.002309380065070421,0.02898158033157827,-0.0028006926075390126,0.012656120555958772,-0.003672764673355644,0.0008909673609434066,0.006256836184078907,0.007766421323791128,0.006147099410404699,0.002995738338466225,-0.0004517368753083062,0.012172995989361723,0.00045508675765759676,-0.003342543251052099,-0.0016751808373598465,-0.0026215078824618487,2.0,-0.007991351536116298,15.3024,9.300000000001091,0.6170000000000186,-2.5,0.6059999999999661
2012-10-31,0.007479549683454323,0.008215344825364568,0.00140918722321981,0.007970201430481438,-0.0005316329431197531,-0.0031895996491133616,-0.0033413291645079113,-0.002875227937146896,-0.012355246800612285,-0.0005133439932034634,-0.003016223431753673,0.002391735725936428,-0.005239067485285354,0.004927208692170559,-0.002056319892956182,-0.02304762177213604,0.0019461268449960656,-0.2196999999999889,73.0,0.015000626000000017,0.002561928073371078,0.00527801880635792,-0.2999999999999998,0.19999999999999574,-0.09251237317997774,0.0028419202075804506,-0.016686569845294486,0.009166955538791655,-0.02632524170862105,0.02264847487234789,0.0013315729776177676,0.00010845398850101162,-0.006894417782437046,0.0022990548635810626,-0.0005026388645656965,-0.0013390467989040644,0.0008950548818624782,0.0015260399645615763,0.0010246710126473602,-0.0008738063737538937,0.001846173097547421,0.0016680571006961742,0.000410574582076606,40.9,0.10000000000000053,41.5,6.741700694652055,4.356708826689592,4.969813299576001,6.0473721790462776,5.308267697401205,6.835184586147301,4.454347296253507,5.0106352940962555,6.161207321695077,5.393627546352362,0.07893010995444172,0.18336122003674227,0.004138606721605598,-0.0030375311471848576,0.0008816419405217601,0.0031252856310626242,-0.022370425368335667,-0.040741300464627095,702.4861486486485,-0.002249433126966238,0.0006348609854196496,0.028081806770415163,0.010000000000000009,0.009999999999999995,0.0,0.0,-0.039999999999999925,0.040000000000000036,0.010000000000000231,-0.07000000000000028,-0.03,0.0,0.04,0.53,1.58,3.35,4.7,-0.0225846675970951,-0.030945984365708515,-0.007085580400601366,0.025371870891265524,-0.0143098803542628,-0.0026808552153854137,-0.0026110054177221897,-0.00010030570680097384,-0.03231758021973263,-0.06252471137743587,0.0752224949003848,-0.0010327978796649262,0.013158226624581992,-0.0087122939851767,0.0008278475647243155,-0.0024140456391030796,-0.0005418662410425767,-0.00022256710514412248,-0.0010432844735399627,-0.0016745407042995097,-0.0011770566674851324,-0.00031678843113081,-0.00025610273836296216,-0.0007616686409468443,-0.00018059244614843095,0.0028646459898657994,-4.3186668241546045e-06,0.0026223328182921612,4.0,0.000970413404329129,15.4389,-2.5,0.6059999999999661,-21.700000000002547,0.4700000000000273
2012-11-30,0.006708434731747204,0.008784374064966016,-6.814077887540293e-05,-0.0004703367270035841,0.0031773639228731554,-0.002167403177950611,-0.0026099932804983794,2.4635977767140105e-05,0.01108263866645487,-0.0027399837475945432,-0.009660307563763126,0.008999318027799852,0.004260662939014281,0.004932674625345079,-0.0020218315757158933,0.041868786049176876,0.017926036929851286,-0.212600000000009,-107.0,-0.009063334000000034,0.0025360956453628347,0.0027018080839003034,0.0,-0.19999999999999574,0.03750681270112999,0.014089701208199301,0.0013275317238363726,-0.03662612173944346,0.01555744076068244,-0.03545619966225644,0.001121905127240197,0.0005420935786251135,-0.012276304273503236,0.0022937813321366463,0.0005863874513565293,0.0002679528419040622,0.001117693197835834,0.0012139946645977062,0.0015743695935022117,0.002458973816136023,0.0010871731532926532,0.00115318098499273,-0.001003924516187027,41.0,-0.10000000000000053,41.5,6.818924065275521,4.356708826689592,5.081404364984463,6.09807428216624,5.442417710521793,6.787844982309579,4.454347296253507,5.043425116919247,6.124683390894205,5.241747015059643,0.006851749731032086,0.026215921211784732,0.005871175163470355,0.00022783254146485632,-0.0014221947944292879,0.0037690329777504417,0.027767434404253777,0.0470755710061983,711.0861486486484,0.004486986966043105,-0.0019647890683156533,-0.003887220121582935,0.01999999999999999,-0.009999999999999995,0.009999999999999981,0.0,0.039999999999999925,0.030000000000000027,-0.020000000000000018,-0.2599999999999998,-0.06,-0.01,0.02,0.55,1.59,3.31,4.42,0.0017888166968242913,-0.0067347520576692965,0.011172987750433627,-0.0028566125120099706,0.009056281687740246,-0.008185224845465022,-0.011490910034900104,-0.007984025088988211,-0.01797006302331816,-0.06183443683226564,-0.05926843457014197,-0.0020667551090580716,-0.001231433097661494,-0.012197251730027503,-0.000674912988096743,-0.004758980168102056,0.0025822839141120824,-0.00025766095827339797,-0.0026086007276076018,-0.003012690547140373,-0.0021750036948011697,-8.275804529400688e-05,0.001303854737165544,-0.005256920641183882,0.0014508111505877608,-0.0004785794796231535,-0.003321053399006235,0.0010479428582543804,4.299999999999997,-0.0038521782337186394,16.5407,-21.700000000002547,0.4700000000000273,70.5,-0.8080000000000211
2012-12-31,0.013514021510513174,0.015295752846657962,0.004351676140460725,0.005554440887395984,0.0038610461930383977,0.005976441266208887,0.005919543404671046,0.004613662038917887,0.012536944212048873,0.0026116065634020913,0.011172991805382004,0.001555600004658153,0.008006224147043994,-0.00018862325326374219,0.006092775660330396,-0.00947941892872528,-0.00486902505959641,0.39270000000000493,103.0,0.011666184000000024,-0.0013895502924174963,-0.0006834888885300927,-0.09999999999999964,-0.6000000000000014,-0.005708864220320464,-0.029460870695616315,-0.03510184884244083,-0.028807414225617833,-0.03737798539553516,0.0851439628148345,0.0011651509891663636,0.0003251151478114167,0.009505172634949766,0.0017608738481946773,-0.0009216204414226326,0.00040179468832235443,-0.0031326944393388345,0.00129846137693157,0.0026707529327172352,0.00046260876579040655,0.00527723470501229,0.0008960000599440576,-0.000913534069836075,41.0,0.0,41.5,6.725033642166843,4.204692619390966,5.049856007249537,6.095824562432225,5.111987788356544,6.821107472256465,4.330733340286331,5.117993812416755,6.186208623900494,5.236441962829949,-0.005414093967793576,-0.06913025572738718,0.00026882486222312707,-0.005258242616181796,0.00022907307920405628,0.008367311062519533,0.006820065777289663,0.008024324469784183,732.0861486486484,-0.005078334554519337,0.00907971017616127,-0.030584978522644413,0.0,-0.010000000000000009,-0.009999999999999981,0.0,-0.039999999999999925,-0.10000000000000009,0.029999999999999805,-0.07000000000000028,-0.07,-0.02,0.02,0.51,1.49,3.34,4.35,0.011882575968302334,0.006947812674220441,0.02521069989084168,-0.0069895441817121595,0.009878116810714994,-0.006114145078679911,-0.008569428565962767,-0.009430928331148891,0.013034009982503925,0.022876702473250354,-0.0494529761619491,-0.004373920928477659,-0.00792099808571134,-0.024497620303312928,-0.00042638325746224837,-0.010864282691664506,0.0014772728258192203,-4.0591001607026556e-05,-0.005067819333146595,-0.006041229041782614,-0.004675365853313629,-0.0036400471667423773,0.000739205233745821,-0.0128482752005743,-0.001213867511392408,0.0014266432311473842,0.0037336669812249035,-2.469626001033731e-06,0.10000000000000853,0.005775831353526328,16.6799,70.5,-0.8080000000000211,-0.2999999999992724,-0.08199999999999363
2013-01-31,0.02450443143005998,0.028113570293362145,0.0004070004126184301,0.0034590400884990657,0.0028557344157418285,0.0019441691845285547,0.001841516993351,-0.00012568455951100788,0.02196376627011354,-0.005800057462240993,0.008235302136503364,0.0038360095344138756,0.008732614289121976,0.002991063070376221,0.007325611280695199,-0.0785218734449229,0.002043333073594944,0.49280000000000257,92.0,-0.00021535200000000199,0.0018651562168923164,-2.0930500275184727e-05,0.20000000000000018,-1.3999999999999986,0.05060603537840702,0.044044462494708725,0.0119889136120932,0.06435942200572331,-0.007730112659206867,-0.1112622859559469,0.0018451351849684272,0.002921289607934696,0.0056600364926708835,0.007012651459351815,0.0007541162534270285,0.0021401827323668243,-0.0015700350875675895,0.0016743303371846707,0.0005097739459056783,0.001191121839685394,-0.00204297027435274,0.001661873185295093,0.00018277358972440538,41.2,0.10000000000000053,41.7,6.883462586413092,4.762173934797756,5.236441962829949,6.126869184114185,5.3612921657094255,6.846943139585379,4.553876891600541,5.030437921392435,6.159095388491933,5.393627546352362,0.0624409600463629,0.08757164159375641,0.013238508323905052,-0.0007247194351860387,0.005085946144870235,0.011880448402868282,-0.002377315147401582,0.0022468770313635034,756.5861486486484,0.0061045740471854515,-0.00957981482381065,0.019725149615092086,0.0,-0.01999999999999999,-0.020000000000000018,-0.01999999999999999,0.029999999999999916,0.07000000000000006,0.1499999999999999,0.1200000000000001,-0.09,-0.04,0.0,0.54,1.56,3.49,4.47,-0.007228966357685884,-0.018816747861982036,0.03349400889887999,0.011023684641130405,-0.007247867444052629,0.0030508144735854614,0.00427239899527887,0.007948129156196693,-5.3324002742272114e-05,0.05120930567698334,0.046119402497653894,0.0015596672384310395,0.0015561083313535562,0.012472986388808671,0.0008867159033467686,0.003267013134798269,-0.0007297530709919897,0.00040793220003276787,0.0018053435437916932,0.0022149826354338487,0.0016102211207380535,0.0005254667358443044,-0.0007040483483820026,0.00309785518941208,-0.00017968603295326346,-0.0014298163326751379,-0.0024885952287654334,-0.0015702698855992736,-9.799999999999997,0.003549612603301888,17.5331,-0.2999999999992724,-0.08199999999999363,7.700000000000728,-0.16100000000000136
2013-02-28,-0.05117101489187448,-0.0611969628311666,0.00444359962909413,0.008295238168555485,-0.00015074199720999104,-0.003173381197582259,-0.005478937443263554,-0.0004752917384109878,-0.007235485974121936,0.0012746164475503363,-0.018786159942735914,0.0031034438176860135,0.001420806250638229,0.0020195478966416047,-0.0026247513778976383,0.027521696779052363,0.020738594919849973,-0.24190000000000111,-47.0,-0.008246915999999993,0.0008670771374763575,-0.00026515759587653065,0.09999999999999964,-2.0,0.008670574551133292,0.07117364710014851,-0.008635763084232195,0.015991812016206808,-0.018415167445114733,-0.01685433155498295,0.001353895986429876,0.002643434765641217,0.005877588358065289,0.0038360988628927117,0.0019246062591129487,0.0013352919596520962,0.002913820284181412,0.00114894249921349,0.0014494743297355228,0.0020766227744299925,0.001525901972883048,0.0010213201449502662,-0.000822744355760463,41.1,0.0,41.6,6.78897174299217,4.454347296253507,4.532599493153256,6.186208623900494,5.407171771460119,6.84587987526405,4.605170185988092,5.030437921392435,6.133398042996649,5.420534999272286,-0.03569480199120001,0.018802542410313094,0.005662734741823883,-0.0014749740152435464,-0.009561292620601236,0.0002427961296991299,0.013357984399969602,0.025879112334354026,823.3861486486486,-0.0045002956585262766,0.004158692149150767,0.04004407282603495,-0.01999999999999999,0.0,-0.009999999999999995,-0.010000000000000009,0.1100000000000001,0.18999999999999995,0.1499999999999999,0.10000000000000053,-0.07,-0.03,0.01,0.67,1.77,3.66,4.59,0.005577269471763735,0.002276793958002163,0.060969329827212704,-0.011211578043493209,0.0023210061380710724,0.007662594557129587,0.010513105500274733,0.0039759001204648925,-0.006873041486174181,0.05225342268036037,-0.022236370482047185,0.0020999187021262244,0.005393547856018088,0.008607495419785671,-4.88494840089615e-05,0.005275969805391689,0.0010494594414307556,0.00010336988189685314,0.0025048584908962113,0.002947378985382443,0.002263593322141766,0.0020592969007369177,0.0007309725430904024,0.0065645954949618,0.0007805071271524966,0.0009478639485109852,0.001655629517260948,0.0015678080033993957,0.8999999999999915,-0.013592183869413965,13.3738,7.700000000000728,-0.16100000000000136,-72.29999999999927,0.771000000000015
2013-03-31,-0.0019921336778558896,-0.0020099340664607723,-0.00016881151109515713,0.011515064204374426,0.004773986924558216,0.005210748975625457,0.005782224241908551,0.004802815237700209,0.02212679687076058,0.00029459828959232937,0.008561302068510024,0.004296648938043823,0.0042093964489762214,-0.0019004063262837434,0.004070604248261667,0.002488621360303256,0.0010922819556400398,0.2656999999999954,81.0,0.020492960000000005,-0.0028996243092098695,0.0004883936829180868,-0.2999999999999998,0.7999999999999972,-0.024395894025751375,-0.10696694170609877,-0.01765338653069115,-0.06838868749455251,0.002134017028387447,0.0,0.002127016111998614,0.0029588207830286706,0.005719274572753008,0.006591524299365048,0.0010026738807962232,0.001066951288200002,0.0008948546458427131,0.0019946502065426586,0.0009390774255084722,0.00014183391272659662,0.0016711132896904957,0.0017848041453909502,0.000548571442326562,41.3,0.09999999999999964,41.9,6.8690144506657065,4.663439094112067,4.912654885736052,6.210600077024653,5.402677381872279,6.887552571664617,4.465908118654584,5.062595033026967,6.212606095751519,5.4638318050256105,0.04976677602722823,0.06939750971908332,0.013540857087376068,-0.009635488214878585,-0.00040417313074136985,-0.003603846525306764,0.012797950605391684,0.01580674336187826,919.8861486486486,-0.0029603676084741792,-0.0046463607578601795,0.021325961667452376,0.009999999999999981,0.03,0.009999999999999995,0.010000000000000009,0.039999999999999925,0.07000000000000006,0.10000000000000009,0.11999999999999922,-0.05,-0.03,0.01,0.7,1.83,3.75,4.7,0.013996947784626457,-0.0023853421263583946,0.04332773157253467,-0.0312376300394826,0.01768366176895858,0.0004748313556701689,0.0004140909552239336,0.005397468084232138,-0.003224671109212096,-0.06380344794686987,0.011517196832683041,0.0034364080824751397,-0.005710992336723564,0.02087492182090056,-0.0007290875351158022,0.00876815054079838,-0.002009954078687315,-0.00018385864166425847,0.004258775436988493,0.0048718199718758015,0.00375752677409924,0.0016502354086913584,-0.0006866516134635958,0.008724033937201447,-0.0003793084538399327,0.0009424766393104633,-0.0008288415412667227,0.0020808799120923815,3.799999999999997,0.00032890173292710045,13.903,-72.29999999999927,0.771000000000015,30.49999999999818,-1.1329999999999814
2013-04-30,0.003489425286923975,0.0031294253539098094,0.001282253341953421,-0.007101353092847873,0.00408315791501046,0.0036470734900015955,0.004600445812743992,0.005498564129805317,0.00974355216842504,0.0043819310799788624,0.004548047055744853,0.004543197847392655,0.0004257997884149489,-0.0037790669526556186,-0.0009573045928821244,0.08440574271452839,-0.007180193779038113,-0.10129999999999484,72.0,0.013641147999999992,-0.0019786225063889162,-0.00032091754787444415,-0.20000000000000018,0.6000000000000014,-0.09708100591453217,0.009600073729019165,-0.009961171859741214,0.03559886467156126,-0.027665477401056293,-0.0034052246298390543,0.0010618138841689273,0.0012347337496763089,0.0019816702051054236,0.0031072008427486253,0.0002505114622088911,0.0009326494580523814,-0.0008948546458427131,0.0010342809464649605,-0.00019556842023327192,0.000638003778774987,-2.682313495583344e-05,0.0006366588360453562,-0.0005028456598363817,41.4,0.0,41.9,6.917705609835305,4.564348191467836,4.948759890378168,6.318968113746434,5.384495062789089,6.841615476477592,4.584967478670572,4.976733742420574,6.184148890937483,5.337538079701318,-0.07511412652161198,-0.11418567211120134,-0.0020663905276698813,0.006147124939908544,0.0035308609509971944,0.008161870028342122,-0.0060514011031829185,-0.013320566751309215,997.8861486486486,0.0011527561592989954,0.0005767703254910828,0.025151988284480176,-0.009999999999999981,-0.010000000000000009,-0.009999999999999995,-0.010000000000000009,-0.030000000000000027,-0.020000000000000018,0.03000000000000025,0.0,-0.05,-0.03,0.01,0.68,1.82,3.79,4.71,0.02166109638685576,0.027199449525617453,0.018836206175764758,-0.025791833547452736,0.014354783900554802,-0.01167374339785443,-0.015634389397002124,-0.01974349695830746,0.001205851596066232,-0.030733923377415096,-0.040361017062647164,-0.008231117822907308,-0.009578506854719393,-0.04287920712322979,0.0023674013994936516,-0.019724789229017325,-0.00046441613031156237,-0.0006712479701889151,-0.009759648059424642,-0.011792883157742295,-0.009041368606169442,-0.004870473799226005,-0.002790482742024203,-0.019827795609447918,-0.00013550950860974353,-0.003313836051798358,-0.002067226423243529,-0.0046898124239023176,1.0,0.0008038372695340357,13.0279,30.49999999999818,-1.1329999999999814,-8.299999999999272,-0.8650000000000375
2013-05-31,0.004070160125351663,0.0056281838009386576,0.00022478729596819846,-0.004915773162595727,-0.0010353980767563442,-0.0026149646243069924,-0.0036040134728363427,-0.0028292173878936566,-0.0047151155615887674,-0.002330087391984925,-0.006134666246713216,0.0006472005734785569,-0.002612925933139998,-0.001592446799164371,-0.003178830355779816,0.01651003479139579,0.007534450044063057,-0.25780000000000314,-88.0,-0.009588264000000013,0.0025064526860685277,0.0022233770323989432,0.09999999999999964,-0.5,0.010103137059005007,0.028603275408936923,0.004370227027322926,0.06505068504121247,-0.02103942073831,-0.013017850669003295,0.0013551235309616771,-0.0004292997114507813,-0.00396727522580953,-0.0010346612407765576,8.348987689998921e-05,0.00039944078821463336,-0.0004477277889893827,0.0016389807844916504,0.0010165383836611142,0.0,0.0006703626242341443,0.0020345886977874983,-4.572578249018022e-05,41.2,0.10000000000000053,41.8,6.727431724850855,4.3694478524670215,4.997212273764115,6.0112671744041615,5.298317366548036,6.919683849847411,4.61512051684126,5.123963979403259,6.251903883165888,5.4116460518550396,0.04049234666652879,0.034470834225128755,0.006421433210652694,0.008490499597331613,-0.0027415498943561545,0.004668552792203684,-0.005241693002979275,-0.004236184274915011,1071.2861486486486,0.00020185202425970772,0.0024677576957525815,0.012731108385052536,0.009999999999999981,-0.03,-0.020000000000000004,-0.03,-0.10999999999999999,-0.19999999999999996,-0.20000000000000018,-0.2599999999999998,-0.09,-0.06,-0.03,0.56,1.61,3.58,4.44,-0.0014502947320549353,-0.01062032072270623,0.03104417933304493,0.01520216174314798,-0.005579770729349544,-0.0005432394222308901,-0.0014963902638429616,0.004400459028564008,0.0020204473989604566,0.01351484335377684,-0.027165975455406333,0.0007257178396118391,0.008613690212093239,0.0005893181514888823,-0.003674469516775858,0.0027912968541805583,-0.00022545680353935893,-0.0006715854708305713,0.000685210592187957,0.0009684732326258327,0.001059303251786048,0.00030231694905058504,0.0005602520885217288,0.0025674775572026576,-0.0005404796076247109,0.0033071262860699946,0.004132404932971401,0.0026024050753630235,-2.1999999999999886,0.012332366696321095,14.0954,-8.299999999999272,-0.8650000000000375,33.100000000000364,0.5700000000000216
2013-06-30,0.004808665541846224,0.004309181757124136,0.0028504115360323823,0.006032761838209666,0.0009475571314103703,-0.0007322578893820264,-0.00260510005169845,-0.0011270238121747767,0.004942560931517015,-0.0027254805537637594,-0.005109609735831633,0.002729375224549635,0.0030722997502614646,0.010347989670812296,0.00324214321630123,-0.06067594537798371,0.018442657630162174,0.22880000000000678,157.0,0.016556226000000007,0.000913388929161485,0.001718159696737942,-0.09999999999999964,0.29999999999999716,0.07249831385848449,-0.10010155761311701,-0.01379981127761809,0.01675591372843943,-0.02745492920029946,0.0014388491690979777,0.0016325453678831536,0.001983968049353635,0.004709390287698234,0.00567743460497816,0.0,-0.00013312920208718992,0.0002238889520160825,0.0015766891947812667,0.0013667872868747821,0.0011863132726777081,0.002108709749428783,0.0013963823278189125,-0.00022866028042045627,41.3,-0.10000000000000053,41.7,6.835184586147301,4.634728988229636,4.9344739331306915,6.1779441140506,5.327876168789581,6.910750787961936,4.653960350157523,4.997212273764115,6.2324480165505225,5.484796933490655,0.04521614650225558,0.11912056503730639,0.01378210772095656,-0.004085289713369633,0.0006328906515484789,0.0028168725158330687,0.008536964653455215,0.010613941343640576,1168.5861486486483,-0.00352911238436171,-0.0032007791649029116,0.043077296234266704,-0.039999999999999994,-0.019999999999999997,-0.009999999999999995,0.0,0.13,0.16999999999999993,0.16000000000000014,0.14000000000000057,-0.07,-0.03,0.01,0.73,1.82,3.78,4.62,0.00866820647347577,0.020187759522692604,0.031817168487328296,-0.0009147935818296093,0.0008830889059398273,0.010213488746350308,0.014340202312422612,0.0039739095850857,0.010450092494168395,0.03980807774972739,0.03365310202705629,0.002504231885128938,0.0005987382897805205,0.01463383719521083,-0.0015261501235297459,0.005205852297917701,0.0005334069546822917,0.0007792887078847954,0.0033718294659221826,0.0035120479266952387,0.0028107839775541876,0.0017499034933186053,0.0019235158149486509,0.004119945899163646,0.0009289933544769369,-0.0023626143372506014,-0.005370282500189116,-0.0015612805669524832,8.099999999999994,-0.015401586580397364,13.3657,33.100000000000364,0.5700000000000216,9.700000000000728,0.7409999999999854
2013-07-31,8.15175303436888e-06,-0.0002954573454942988,-0.0002017303992136732,0.0030542696325319696,0.0018541277295467395,0.0028002612979340924,0.0022347729516036807,0.0031605729942318916,0.013080124804641713,0.0005258526126574736,-0.001004447786800533,0.0008436385774190924,0.0016618039400846385,0.0015075930710262142,0.002126188750779079,-0.025261791106022002,0.005233424759955696,0.15399999999999636,5.0,-0.0025104389999999754,0.0013685210224920752,0.0008128359040160404,0.0,-0.3999999999999986,0.0022413158430136804,0.08030580787237884,-0.016237223972209947,-0.056980715038948304,0.0018386582978102695,-0.00909950670972215,0.0013510836422714334,0.0017661702790139344,0.0038255121621384447,0.004450537986267378,0.00033388981946380625,0.000798509491456656,-0.00044782804151921596,0.0012850792177232506,0.002221919950510909,0.0006368412888377861,0.0031714158732523146,0.0005072923380833316,-0.0010982977490616719,41.2,0.0,41.8,6.732210706467206,4.454347296253507,4.812184355372417,6.052089168924417,5.3230099791384085,6.848005274576363,4.672828834461906,4.969813299576001,6.163314804034641,5.375278407684165,0.03981837637771335,0.06242062412283644,0.023666460982415316,-0.00838919181026121,0.0021711134803030774,0.0030263796926028874,-0.007553682920434568,-0.010331454958323327,1249.5861486486483,0.00550441803544377,0.0020236117461784886,-0.012932074499374835,-0.020000000000000004,0.010000000000000002,0.009999999999999995,0.020000000000000018,0.36,0.3699999999999999,0.37999999999999945,0.45999999999999996,-0.04,0.0,0.05,1.11,2.21,4.18,5.1,-0.008378198880714116,-0.02393168003215764,-0.03718352234563138,0.01273157827302629,0.011506709114898223,-0.0035780813907049236,-0.004787216398285388,0.0009977545740715854,-0.016065854943734692,-0.018726976245384108,0.024105261638451836,0.0019635097711665495,0.000535590046558454,0.010554494110081691,0.00633133713718248,0.005038516158696105,0.0003385491615608416,1.1388743811124868e-05,0.0017832407398117311,0.0029656641233373193,0.001632415884296634,0.0014847871426741932,0.0006459470056725536,0.006487528395166642,-3.754764911256814e-05,0.0004709202399491019,0.002064665543211941,0.002077922825586498,-0.4000000000000057,-0.0009327037553319428,17.1448,9.700000000000728,0.7409999999999854,-9.900000000001455,0.38900000000001
2013-08-31,-0.0020877954421045786,-0.002276304824267328,0.0012321618155013425,0.005737076488282256,-0.0032646777848297504,-0.008935083819050504,-0.011952530008660922,-0.010122393827425746,-0.02663234876815146,-0.005746767786695806,-0.017963096805184264,0.002724732200328539,-0.006107857209867618,-0.0019318909403711615,-0.008085078874271012,-0.0002969927258611449,0.0003541534393791679,-0.5999000000000052,-265.0,-0.010417719000000047,-0.0009635521127826507,0.0018385992975264998,-0.20000000000000018,0.8999999999999986,-0.07232998998134477,-0.029544772175111866,-0.0296438644373076,-0.04636772750545859,-0.022525043833176994,0.004054450963893785,0.0008215058957627974,-0.0009094557267221859,0.00036943538379752283,0.0006829435129702688,-0.0016705650393689098,-0.003064421823836483,0.0006716668784925162,0.0010965426008961998,0.0016729243110304992,0.0013960929343816986,0.0029819573871332494,0.0021531260297127375,-0.001145344301132667,41.2,0.0,41.7,6.779921907472252,4.700480365792417,5.0689042022202315,5.981414211254481,5.3706380281276624,6.904750769961838,4.770684624465665,5.049856007249537,6.159095388491933,5.521460917862246,-0.11023605872550668,-0.21737707197990908,0.0037853228921935766,0.009404713499588269,-0.001742131139673475,0.0017159555455688036,0.0007611017854660673,0.00027841836225839245,1334.2861486486486,-0.0008301873824079209,-0.0024877352918242224,0.03036629311931449,0.0,-0.010000000000000002,-0.01999999999999999,-0.020000000000000018,0.19999999999999996,0.28000000000000025,0.07000000000000028,0.1299999999999999,-0.05,-0.02,0.03,1.31,2.49,4.25,5.23,0.012824179370825028,0.012566725548603858,0.02476108905061203,-0.020475415369432537,0.008495899722113447,-0.001529701829708685,-0.0014318670951452006,0.0009992505828648746,0.015209560703071112,0.07748318866301673,-0.018337268255793404,-0.00042204053475902725,0.004482992409118758,-0.0009081963201715837,-0.0029536710273960765,-0.0024164177379226714,2.6107892322713155e-05,0.0007702168272887278,-0.00027269203888469207,-0.0004489321195464413,-0.00022847029242889505,-0.0009752926839343701,-0.0017614156347995902,-0.002104455845501896,-0.0004732641142259908,-0.0014136496679015842,0.002480193880809889,-0.00259699888188214,1.0,-0.003506009026948753,13.7966,-9.900000000001455,0.38900000000001,15.699999999998909,-0.7720000000000198
2013-09-30,0.0017347636659863497,0.00179189421523418,0.001510126522352273,-0.0014073876748472713,0.005958027266512289,0.0064985210190737774,0.007403365613455115,0.005145759071996103,0.02946790587543191,-0.0013327245703926849,0.015259751408427391,0.005389914858364264,0.015451691533114875,0.004075803550430024,0.0087286692081463,-0.010077854795961017,-0.003907815600267206,0.6573000000000064,200.0,0.01943378400000001,3.85599156871308e-05,0.00042967532453630497,-0.09999999999999964,0.30000000000000426,-0.007246408520766856,-0.029327615094519643,-0.012643655374606766,-0.06576764023750226,0.008884790735274706,-0.037095804741030136,0.0018678792554904788,0.002832635976513842,0.003564189848214383,0.0032376274340748523,0.0025048021779312535,0.0041281102634442846,-0.0002238388369733002,0.0017146547729414152,0.002639855564659399,0.001341239788811066,0.0030194762420165944,-0.0002530684563666341,0.0007331714574867476,41.3,0.10000000000000053,41.9,6.821107472256465,4.584967478670572,5.075173815233827,6.113682179832232,5.332718793265369,6.871091294610546,4.844187086458591,5.0689042022202315,6.0867747269123065,5.472270673671475,0.017461929669575937,-0.0004213725314681227,0.003723169101650825,-0.004879684834130593,0.001739879785780829,0.0030120831050748365,0.004749132642936971,0.007402860272060607,1439.2861486486486,-0.005857518390771865,-0.0002471122599398967,0.0008446224710434436,-0.009999999999999995,0.0,0.0,0.010000000000000009,0.1200000000000001,0.16000000000000014,0.20000000000000018,0.09999999999999964,-0.04,-0.01,0.05,1.44,2.66,4.46,5.34,-0.011491665398494888,-0.020096881612356857,-0.0188414820035101,0.021249658907690094,0.00048056130484156606,0.006108957408217819,0.006668955273888777,0.0009977545740715854,-0.02685241523950399,-0.06941356750165895,0.0517016330604676,0.00042890664417516433,-0.0069323008020010235,0.0006909799434104968,0.0033691500618644454,0.001746588504807356,0.00024121088530115742,-0.0003650409760780349,0.00046366757606097764,0.00031238524511234544,0.00020590632478256765,0.0002382336561872478,-0.0012049291994973288,0.0018230134049082025,-8.988456321645799e-05,0.0014132057172289159,-0.0041330868191096215,0.003111766126739468,-3.0,0.004212261996177524,14.141,15.699999999998909,-0.7720000000000198,19.30000000000109,-1.0089999999999577
2013-10-31,0.004112458405774788,0.004784541324502456,0.0030022846594235375,0.0008612539950583198,0.005326042722885838,0.0037203028521348713,0.0035711982785429086,0.003115580716031907,0.00470236613085806,0.002689578910762158,0.008146368096473289,0.007007576311269581,0.006191458166038721,-0.011230663238335659,0.0009135476130834874,0.028761560801735975,0.009564506788674265,0.08029999999999404,43.0,0.004104667000000006,0.0005268365515114226,0.0006372427001988257,0.0,-0.20000000000000284,0.05080832832566884,0.0011154490838656272,-0.007393749024938501,0.06911212496035013,-0.038922805949171746,-0.05994998440844057,0.0012798620958882623,0.0027181895483732177,0.0011035498636946528,0.0054292634212806945,0.001499875291596453,0.00225658820122554,0.0002238388369733002,0.0010511058770070747,0.002516893547587884,0.0018500740901465917,0.001820547527563221,0.00012654223363917083,0.00018320890446510418,41.3,-0.10000000000000053,41.8,6.745236349484363,4.532599493153256,5.056245805348308,6.035481432524756,5.204006687076795,6.911747300251674,4.605170185988092,5.170483995038151,6.248042874508429,5.351858133476067,0.05527851658784044,0.12204955397528572,0.014911627060651966,0.009782029595045927,0.00018300738502929903,0.005200982859635772,-0.006729526792602414,-0.012232019129768013,1520.5861486486483,0.00370916852173675,0.0026269773488820647,0.010175051893412501,0.0,-0.02,-0.030000000000000006,-0.010000000000000009,0.08000000000000007,0.06999999999999984,0.09999999999999964,0.04999999999999982,-0.06,-0.04,0.04,1.52,2.73,4.56,5.39,-0.004866665862821584,-0.003244649180117465,0.014188479657863518,0.0242127151690672,-0.006265382681692563,-0.007630366936144384,-0.009520205001116722,-0.001996257401418511,0.014423212043162437,-0.021193735564570382,-0.03535735389634542,-0.0020075719652394852,0.0007983535583617751,-0.0107775848718763,-0.002446228441698395,-0.005399974415783326,0.0014149920328057064,0.0001814842733693922,-0.0022065245691766933,-0.002652278151622056,-0.0019751793120130756,-0.0010435756670537089,0.002761606510765624,-0.006676122146305197,0.0002582368438233118,-0.000471364191212853,-0.00041895911275702247,-0.0010402964857187946,-4.599999999999994,0.00024468464338589513,14.9695,19.30000000000109,-1.0089999999999577,39.400000000001455,-0.49800000000001887
2013-11-30,-0.003395246937662577,-0.0037831376341230794,0.003226598851751028,0.0032990754780879428,-0.0011734419354878511,0.0005731172360681214,0.0008581250396533235,0.003394123863606602,0.001914494448551629,0.003798557935142277,-0.0036873846270317756,-0.0029888991011386423,0.004441159029719088,0.001374153023406599,0.001309764434678229,0.023895202286023043,0.010016850280583967,0.11480000000000246,94.0,0.012848581999999997,-0.006534370459970518,-0.006119030743723997,0.0,-2.299999999999997,0.08075142492502962,-0.019512814223581643,-0.02874449397498502,-0.033959120542454535,-0.026485118459953938,0.13253567413142164,0.0016066489496484593,0.002339182353171765,-0.0002451280806488043,0.0035470014385836635,0.0019132393641339007,0.0014574364951460694,0.0026821652199391366,0.001489997820552702,0.0009277155671174597,-0.0014974150372601969,0.001790830240746999,0.0011381600975717276,-0.00022901637567152022,41.2,0.0,41.9,6.829793737512425,4.8283137373023015,5.123963979403259,6.023447592961033,5.389071729816501,6.950814768442584,4.663439094112067,5.087596335232384,6.282266746896006,5.484796933490655,-0.02453935665940321,-0.07295474339855446,0.007680267644269989,0.004205223370465028,0.005799610613493655,0.010853964813836825,0.0034385882265492995,0.003989226022947712,1614.5861486486483,0.0017418509013289452,-0.0006436614652631789,0.019289163448207525,0.009999999999999995,0.030000000000000002,0.04,0.0,-0.22999999999999998,-0.18999999999999995,-0.10999999999999943,-0.16000000000000014,-0.04,-0.01,0.03,1.28,2.53,4.44,5.22,-0.012219975813109407,-0.02256888078906992,-0.014621034144231437,0.013319772950062536,0.0020284962280506247,0.004574851764436616,0.006661688639036711,-0.0004996247936750464,-0.010224693417497654,-0.05298471059368648,0.011507161519835662,0.00015821419735839726,-0.0012759573547347358,0.0036172782470504927,-0.0019322759662872002,0.002072667292401853,-0.0007254147428286117,-0.0010522556216177037,7.279421043371315e-05,0.0003970183395480831,0.0003166725983110297,0.000884667576865894,-0.0007349436954173783,0.0027977562589569516,0.0004844337911649177,0.0014098845382739533,0.007037548454178477,-0.0010354641340821757,-4.299999999999997,0.005429223526132176,15.1417,39.400000000001455,-0.49800000000001887,-2.0,0.8199999999999932
2013-12-31,0.0025563883616577243,0.0031944983548886086,0.004101637534612124,0.0028205271380770114,0.0025442139386067097,-0.0010400127132248471,-0.001970025914338258,6.066893567968634e-06,0.011736051362042588,-0.0032089352765511947,-0.002661893278253835,0.00628090097449352,0.006295287665755822,-0.00453406631307729,-0.00019300492222473764,0.015570581668729488,-0.009486269622975385,0.00740000000000407,-103.0,0.002717774000000006,0.003820123508173623,0.006541326585541185,-0.2999999999999998,1.5,-0.15858842563861764,-0.020287777171521526,-0.004174645130511578,-0.024476746426554286,0.004463186183992107,-0.08830548138368322,0.0020046879948161234,0.002810405646499703,-0.0012265425308077837,0.005380877284379082,0.0017436796048269088,0.001587511909008299,0.0020069133729005983,0.0018762682989095225,0.002199881244573376,0.0017966291623991992,0.0019523784316604065,-0.0001263982811519071,0.0005953335188308984,41.4,0.10000000000000053,42.0,7.003065458786462,4.51085950651685,5.3471075307174685,6.3561076606958915,5.407171771460119,6.9363427358340495,4.68213122712422,5.093750200806762,6.255750041753367,5.4680601411351315,0.050876569671567395,0.13580115513737034,0.01363565035843095,-0.014636850564701653,-0.010589528961036265,-0.0010651897044660075,-0.0028507731518949697,-0.0033228617170157904,1703.8861486486485,-0.0003090716899034618,0.0024350752405535303,0.03625842084207509,-0.009999999999999995,0.020000000000000004,0.020000000000000004,0.0,0.0,0.10000000000000009,0.09999999999999964,0.07000000000000028,-0.01,0.02,0.04,1.29,2.64,4.55,5.3,0.012514231384460395,0.011457655363999175,0.023289133019376962,0.00012423131887540073,0.011799263948260648,0.0010090443603330002,0.0004656890893617316,0.0004988770381570973,-0.007681057295713778,-0.013135798617097016,-0.02566611528230478,0.0013077025820873445,0.005017755215913411,0.003245972027742461,-0.000926568214804746,0.0019268335731661423,-0.0004923785169772543,0.0007691560126410479,0.001546861008644207,0.001132199877487139,0.0014786027734006169,0.00016450813382373752,-6.641002852880717e-05,0.0010708506000947082,-8.112496003764846e-05,0.00046518343325718803,-0.002489764318303056,0.0020637171428483647,1.8999999999999915,0.003199527024665194,12.8516,-2.0,0.8199999999999932,6.100000000000364,0.6469999999999914
2014-01-31,0.0022489105920087127,0.0023198455127868556,0.0009067386781316245,0.005441331911924863,0.0021522736329018244,0.0014934976933398403,0.0023879217653268725,0.007445591717751832,0.0003221178744601261,0.009412631667281346,-0.008063459426815633,0.002845591256681601,-0.0024210253524499237,0.0062173685825195335,-0.0015944648534604866,0.06176886267852488,-0.014083122375756929,-0.09300000000000352,2.0,0.014249133999999997,-0.0005347128622776864,0.0020673664353410004,-0.20000000000000018,-0.10000000000000142,-0.0342021937635435,-0.01598163034717981,-0.035122446568767174,-0.011272738772522217,-0.04529553529728503,0.05281559640173228,0.0004150148045098945,-0.0014307291209334494,-0.0018426391799204467,-0.005212285865283661,0.0004976362381867716,0.00039648450925788836,0.0006680770764031507,0.0007090223385830541,0.002810342362854712,0.0013014194341369745,0.003630770790708837,0.0006318317010602925,-0.0010535236757593935,41.1,0.09999999999999964,41.9,6.90975328164481,4.406719247264253,4.997212273764115,6.210600077024653,5.6131281063880705,6.912742820493176,4.7535901911063645,4.955827057601261,6.169610732491456,5.594711379601839,-0.02218571978351669,-0.0024871404343382864,0.014557306414211268,0.010441749357979369,0.005099340916343564,0.0032559108596696973,-0.017259626775967263,-0.02667168858256197,1727.7861486486486,0.003953439261513481,-0.001143386465338736,0.013499419774476884,0.009999999999999995,0.0,0.0,0.010000000000000009,0.20999999999999996,0.17999999999999972,-0.009999999999999787,0.0,-0.02,0.01,0.04,1.49,2.81,4.53,5.29,0.0019946859039983167,-0.021703874863241754,0.033278150038412946,0.017424939847708987,0.014485460383888031,0.0009998524884764493,0.0014044327256410583,0.004987291760820689,0.038617395904761764,0.10813186076946657,0.02371979152865311,0.000797889047788658,0.007009136200810673,0.004839439438358184,0.0005553664688076054,0.00238663187431154,-6.287036714969219e-05,-6.474169363279714e-05,0.000901566315969049,0.0013100795869780413,0.0008219272719340864,0.0002571245329345828,-0.0023077925033287983,0.0029227935085271994,-0.000253253238154727,-0.00047310724492710676,0.002049566285041493,-6.642598318062909e-06,7.400000000000006,-0.00019687994751649285,14.0258,6.100000000000364,0.6469999999999914,-92.00000000000182,0.11100000000001842
2014-02-28,0.005100063495003582,0.005654490033752069,-0.0033102531735904606,-0.007868158257515745,-0.0038340286899511966,-0.00942611588854092,-0.010996527965378533,-0.01634983283309044,-0.031184124170615668,-0.012307307160280168,0.0013570882451166,0.0019154603781768031,-0.00965555076746405,-0.009300875072474568,-0.010728647957875204,-0.007371426869582365,-0.007891174823817515,-0.7687999999999988,6.0,0.008430869000000007,0.0010948882697725537,0.0025661557637750576,-0.10000000000000053,-1.3999999999999986,0.060422458670087664,-0.04582795466849987,-0.04335272616740582,0.011862535309820288,-0.06856768176274208,-0.057243422553392875,0.001367601164657728,0.002965161549834505,0.006006760322568638,0.008894914734250747,-0.00016585123182544237,-0.0010576415581358134,0.0013348166609272738,0.0011131632692471527,0.0006533310506977585,0.0023347885159683557,-0.0010576137674185304,-0.0003790511132635288,-0.0002750148983725609,41.0,-0.09999999999999964,41.6,6.78897174299217,4.7535901911063645,4.0943445622221,6.1675164908883415,5.459585514144159,6.883462586413092,4.624972813284271,5.087596335232384,6.192362489474872,5.407171771460119,-0.060244684692767336,-0.15814586533321773,0.0030479809329602148,0.001484134687392391,0.0004063297363856577,0.0038804531352791827,-0.005934819121364399,-0.0034079446809869296,1743.2861486486486,-0.001994111880445182,0.0005767364665967278,0.008032791241486592,-0.01999999999999999,-0.030000000000000006,-0.03,-0.010000000000000009,0.06999999999999984,-0.040000000000000036,-0.1299999999999999,-0.1899999999999995,-0.03,0.0,0.05,1.58,2.79,4.42,5.12,0.011615731194095424,0.01168562626938599,0.002908968017198532,0.005296332351422572,0.027899302459606173,0.0034933795041300897,0.004192246734853633,0.002947312018130255,-0.0003281871604867703,-0.07069646590588619,-0.018895542222018946,-0.00021943777579114254,-0.015142227461421243,-0.0044771937585794674,0.0028645352888974074,-0.00205937946155732,-0.002441059237147769,0.0009868435814048837,-0.00034058594294616995,-0.00019283043033446745,-0.0004506550466878423,0.00032823354113986625,0.001328514232628919,0.0004705853209312494,0.00013602514624100337,-0.0004704627185998511,-0.0024718311308515872,-0.0025740039951731575,-1.2999999999999972,-0.0016384166348553109,14.4177,-92.00000000000182,0.11100000000001842,56.399999999999636,-0.9990000000000236
2014-03-31,0.005573577264419427,0.005896954159391399,0.0045363594461269585,0.012495680501260154,0.007544235406167665,0.009374413076294275,0.011255892049658378,0.011385545511870099,0.033292392310499075,0.0053808091272662395,0.013737519250645036,0.005697749716635059,0.013630072917592884,-0.0035684434948413113,0.009305195846736503,0.0061464749821729114,-0.001026956915323396,0.7308000000000021,246.0,0.018024380000000007,0.0008428909727413725,-0.00011023687158839834,0.10000000000000053,1.3999999999999986,-0.040013587038879805,0.06335518037746013,0.018678167214391195,-0.04522929461617231,0.04764094372949046,0.025681169657456593,0.0010970928143727576,0.002745513868214644,0.0060923790245412945,0.0036691168580880174,0.0021539234572109933,0.0029058269027011363,0.0008888889474150119,0.0008340600248448737,-0.0009609287153811152,0.0008763320807592123,-0.0016642277188800847,0.0023982340304939953,0.0005041362191153809,40.8,-0.10000000000000053,41.6,6.8501261661455,4.499809670330265,4.852030263919617,6.2285110035911835,5.389071729816501,6.946013991099227,4.709530201312334,4.897839799950911,6.295266001439646,5.529429087511423,0.03001642270873539,-0.05553922233444197,0.004718765706014594,-0.008895676650169548,-0.0004149110865974137,0.004792628118149622,0.024791521202963906,0.02995504188525633,1836.9861486486484,0.01264363738591534,0.0017567062859527027,-0.002923560910733869,0.0,0.010000000000000002,0.009999999999999995,0.0,-0.1299999999999999,-0.1499999999999999,-0.040000000000000036,-0.09000000000000075,-0.02,0.01,0.05,1.45,2.64,4.38,5.03,-0.00158722507782727,-0.011237948589833013,-0.015893541840216407,0.0053288245270651236,0.01036655641723594,-0.005535830022036947,-0.006584430104994432,-0.003984149329785858,0.031742428600829875,0.09478383148606007,0.017396396867247255,-0.0013210685098741237,0.0006935465051824963,-0.006092811379046381,-0.0005179372721491049,-0.002165679378747676,0.0006761180961722957,-0.0008550226312875608,-0.0019072067179175534,-0.001811658476858824,-0.0014025569425273332,-0.0015962308028383276,-0.0007115353762188192,-0.004074276040818781,-0.0009184124117060932,0.0037224356872997966,0.011384180360702878,0.00102774931965266,0.3999999999999915,0.0040394557282725785,15.4174,56.399999999999636,-0.9990000000000236,53.70000000000073,1.1359999999999957
2014-04-30,0.005198986293775576,0.0051645611097210775,0.005702035373285064,0.01072607500936762,0.009841523924860596,0.0080384239024891,0.008451810963286732,0.006365397707075893,0.0100011687097874,0.00535299882530893,0.010883212254443109,0.011703000559554866,0.015154246818255501,0.00177586238971017,0.008612920205544938,-0.013676186577106009,0.013330355882121836,0.6908999999999992,15.0,0.00018312700000000515,0.003499077439068188,0.0035352981638823167,0.0,-1.2000000000000028,0.02370666230098628,-0.011260068494057585,0.002033460355001182,0.05403475215651721,-0.021104028866959723,-0.04343539903177174,0.001980435690111193,0.0024750532659130187,0.005089069507471677,0.0051473754166231345,0.0009925559127523798,0.0019764154269417133,-0.000666592625504947,0.0019014131709802484,0.0019593160189543823,0.0009630791257198013,0.001861383419948126,0.0,0.0003664849553128846,41.5,0.20000000000000018,42.0,6.877296071497429,4.859812404361672,5.0106352940962555,6.180016653652572,5.337538079701318,6.9726062513017535,4.941642422609304,5.111987788356544,6.218600119691729,5.556828061699537,0.01758583655964685,0.0667449324694509,0.007392303273416445,0.0010570073659303958,-0.0026781831858286864,0.0011577608096651204,-0.014143650484534476,-0.026010038963283577,1863.5861486486483,-0.012163953345549317,0.0015204582889758456,0.025258368891180716,0.009999999999999995,0.0,0.0,0.010000000000000009,0.11999999999999988,0.010000000000000231,-0.07000000000000028,-0.040000000000000036,-0.03,0.0,0.05,1.56,2.64,4.3,4.98,-0.004129430885095431,-0.014880220451085571,0.002095226937458783,0.0039780656402576,0.004783186773911818,0.0009925202697873559,0.0018533030079961321,-0.0019755399794094686,-0.04585451662483564,-0.06366627146869863,0.002046001940594344,0.0009397999325484463,0.0059827278631230385,-0.0012620044298783384,-0.00017828815497011874,-0.001115790662864491,-0.0002757696147721589,0.0021703719222090356,0.0010070474251007155,0.0010086869310974578,0.0010371092591219266,0.0011262663752100721,0.0001947633778049962,-0.0008697715290306718,0.0019626010588105203,-0.006519657331156559,-0.022368161111099738,0.0015370122811857456,-1.5999999999999943,0.0017558909002346468,15.0074,53.70000000000073,1.1359999999999957,17.200000000000728,0.9250000000000114
2014-05-31,0.002985456711202872,0.002492278036951845,0.0016341575388754137,0.01019404748361552,0.0008233008342406478,-0.0027834041062915205,-0.0025570786599002915,-0.0037684986236348195,-0.008853558118351756,-0.002347076456359787,-0.0012733290984501267,0.004496314807142632,-0.004183745589322108,0.006064698253287482,-0.00019097028878611866,-0.0467252468532795,0.011387677564760779,0.03300000000000125,178.0,0.047888582999999985,-0.004232545488884298,0.00013044299144837623,-0.5,-0.3999999999999986,-0.0037059955943172795,-0.07455861883933146,-0.0835422063618072,-0.13028044156811358,-0.0626684206141288,0.00543690659673679,0.0022585628642382005,0.0034652980177245496,0.009143470823543609,0.0075895431123989,0.0010741583350508677,0.001315443494080526,0.000666592625504947,0.002065578634415033,0.0025681827941514968,0.002744061357100591,0.002493946911506839,0.001511716085321524,0.0009156252070354753,41.3,-0.09999999999999964,41.9,6.949856455000773,4.812184355372417,5.236441962829949,6.18826412308259,5.501258210544727,6.993932975223189,4.787491742782046,5.075173815233827,6.300785794663244,5.579729825986222,0.007749582990536297,-0.03939724427770486,0.00906937431246746,0.0020446162903082765,0.0007890856434684679,0.002122585306254976,-0.002139569521593998,0.004183110403967127,1901.7861486486486,0.0025172126893409086,-0.0007046716788075003,0.00039701914261058846,0.009999999999999995,-0.020000000000000004,-0.03,-0.020000000000000004,0.06000000000000005,-0.010000000000000231,-0.13999999999999968,-0.15999999999999925,-0.06,-0.04,0.02,1.61,2.62,4.15,4.81,-0.004001655075644983,0.0026087464463205867,0.0011591928355807468,0.007431413800025211,-0.01040780470498949,0.0014795362061388317,0.0013685434903853988,0.000488383519436475,0.006834650721319946,0.012718889795355182,-0.003592773098081814,-0.0001775229726863614,-0.000973843236268479,0.01160698398657356,-6.387514222261359e-05,0.004978632712673736,0.000988708887282641,-0.0034658163563747735,-3.67230766000759e-05,3.722424383667544e-05,-0.00018909093664554177,0.00017273340947454585,0.002137166827673731,0.004806868469387382,-0.0017002381077224626,0.001860249118362578,0.014229967188269299,-0.004616044371395844,4.099999999999994,-0.005941888979586807,14.3339,17.200000000000728,0.9250000000000114,-7.300000000001091,0.3540000000000134
2014-06-30,0.002784536090697287,0.0018631434932014912,0.0021674410797096755,0.0016600164178495191,0.004036924819960319,0.0026827913548226334,0.001136849888138336,-0.001257314154384126,0.01845624237477761,-0.006829166390472707,0.005600843918096565,0.0054304188582881,0.010630851521960416,-0.009078456776916433,0.0028676752808953765,-0.015387244658355392,-0.01549642776597615,0.2703999999999951,181.0,0.010864380999999979,0.00202537900410249,0.0010840778853200561,0.09999999999999964,-0.5,0.06469321214259782,-0.00844956442406275,-0.04014464918622984,-0.05262573962132855,-0.034803922194692305,-0.028122189427820743,0.0015534180119498586,0.001989737801707747,0.0019143341572434025,0.0041007192705837525,0.0009080028689396613,0.0019699264365033997,-0.0008888889474150119,0.0014835740924805663,0.0016447686688429997,0.0009943913661860648,0.0006028636203687654,0.0008807801764749712,-0.0009614284819772223,41.4,0.1999999999999993,42.1,6.914730892718563,4.499809670330265,5.117993812416755,6.322565239927284,5.262690188904886,6.925595197110468,4.74493212836325,5.099866427824199,6.236369590203704,5.429345628954441,-0.012116067636188887,0.022491091174332567,0.0052601656563862065,-0.005022913366302895,0.0017157585375002782,0.0038135195509223507,-0.01635950477193404,-0.023979326963273984,1875.1861486486482,-0.003340939037009605,-0.0014511144262030484,0.013590937029833938,0.0,0.0,0.0,-0.009999999999999995,-0.10999999999999988,-0.1499999999999999,-0.08000000000000007,-0.14000000000000057,-0.06,-0.04,0.01,1.5,2.47,4.07,4.67,-0.0019381107295624034,0.006210849393073897,-0.006702206920671472,0.0055969184509034875,-0.008955556518510835,-0.007948594043683421,-0.01018306537664948,-0.005894881691830278,-0.023652182575279568,-0.01144338529089417,0.0005111162659847679,3.8747314177633996e-05,0.002052536876343325,-0.009987781836362508,-0.00011408586249750385,-0.0034595181306764644,-0.00037362162692744505,0.002338019442950312,-0.00020596825645036176,-0.00021429340504930394,4.948917917868556e-05,-0.00012666158685625817,-0.0028219910733042752,-0.002627864241905975,0.0011410467787698053,0.0009291517634566482,-0.004479911829486927,0.003590139191188335,-2.1999999999999886,0.003396872809812379,12.2317,-7.300000000001091,0.3540000000000134,45.0,-0.23900000000000432
2014-07-31,0.0037101605488807365,0.0035646681419514437,0.0035039304937027893,0.002464977266155799,0.003302469696069288,-0.0005772393221761263,-0.0008633371366064679,9.065566710653172e-06,0.004537431115577917,-0.0012929771998599904,-0.004567236976968481,0.007207165391316828,0.008282368311887112,0.003384866803452624,0.003115606686024286,-0.0377772531919458,-0.023065000892227516,0.29630000000000223,235.0,0.04514948299999999,0.00014772424406572782,0.002889700441361498,-0.20000000000000018,-0.5,-0.06758517862831948,0.029266302790469823,-0.03530779345644852,0.053291297050223285,-0.07539084596661105,-0.0009564802259554028,0.0024300472368903314,0.0028728897505043705,0.005483384820446524,0.003920932976216207,0.0021429168342148586,0.0030130369293583925,0.0006667407736706821,0.0023591230322956847,0.0027861018346673205,0.00217722707386514,0.0026757312888374685,0.0017592364426661788,0.0028815168473244057,41.5,-0.09999999999999964,42.1,6.814542897259958,4.564348191467836,5.288267030694535,5.961005339623274,5.43372200355424,6.917705609835305,4.74493212836325,5.288267030694535,6.163314804034641,5.402677381872279,0.01289110147740935,0.012235845492877928,0.00718763294424285,0.00739472622405124,-0.0008490417105733172,0.0035489901762773,0.014362073601668968,0.022339789302575852,1909.0861486486483,0.00030750630814413427,0.0026039872746999038,0.02988082173855222,0.010000000000000009,0.010000000000000002,0.009999999999999995,0.0,0.08999999999999986,0.040000000000000036,0.08999999999999986,0.040000000000000036,-0.06,-0.04,0.0,1.58,2.5,4.15,4.7,0.002422052062494018,0.00840764999754448,0.002836586285461351,0.003911116096743106,-0.00589211794858345,0.005961010228753061,0.007406561702312686,0.0024530121247599013,0.002938587016521055,0.033642921608786125,0.009150009721015984,-0.000580937202943943,-0.0007006080630977962,0.004712001986446168,-0.00018224371855790622,0.0011648609263232856,8.716501841377067e-05,-0.0016536283160473175,-5.702705476640091e-05,-0.00022660409770924872,-0.0006139455240132818,-0.0005578112735404872,0.0024435555334196835,0.0005843199600112925,-0.0014030238052002986,-0.000465871069169399,-0.0012184391056209165,-2.3644410140910566e-06,0.5999999999999943,0.00021603459777441714,11.4496,45.0,-0.23900000000000432,11.900000000001455,-0.1880000000000166
2014-08-31,0.002705491329466625,0.0024964633169499706,0.002166069758375855,0.001809714026078879,0.002122969369626304,0.003463366451399885,0.004762654473977612,0.0010731850763985307,0.024194972770457568,-0.0057026190689688505,0.012202248822250183,0.0008321794451475739,0.005608647479332873,-0.0022725856597549665,0.004275309165137742,-0.03299766864181386,0.009577588428783201,0.39220000000000255,-136.0,-0.022267120999999945,0.0019248419552884144,0.0010387978217263338,0.10000000000000053,-1.1999999999999957,0.07336888474516812,-0.006199647879525649,-0.0012998268727848483,-0.017450107221594457,0.006397974479661173,-0.0382005000953356,0.0016119634178224373,0.003540563940175545,0.004980444304144349,0.007310567852544025,0.0015630787601033092,0.0020906841536572074,0.0006662965265942233,0.0013026597808849516,0.0020559687424910322,0.0004000939404349424,0.001508074357714051,0.0018814680997056854,0.00027399762706714625,41.5,-0.09999999999999964,42.0,6.98933526597456,4.897839799950911,5.081404364984463,6.26530121273771,5.575949103146316,6.98100574072173,4.820281565605037,5.19295685089021,6.253828811575473,5.529429087511423,0.2339905684823389,0.5470969318528365,0.0540997240077008,-0.004278484530307658,-6.722490314814422e-05,0.0036610266792642676,0.0007137520534179487,0.0008602938790662762,1945.7861486486486,0.00289244573930425,-0.003349741489760305,0.01326995971007694,-0.010000000000000009,-0.010000000000000002,0.0,0.009999999999999995,0.020000000000000018,-0.06000000000000005,-0.08999999999999986,-0.0699999999999994,-0.06,-0.03,0.02,1.61,2.45,4.07,4.64,-0.002052598398885941,0.0022301525746320494,-0.0031687504955622003,0.00930129740984953,-0.008438086136819692,-0.0024844733276623288,-0.003241707862532195,0.0024639041940694995,-0.007182866308489189,-0.05573523002470271,0.006887095032257484,-0.0001954078760455502,-0.0019469698168723681,-0.004001370881721478,-0.000573340868911032,-0.0016464896284036357,0.001976595965243355,0.0006733987334781588,-0.00045820420890230196,-0.0008244401402039969,-0.000163925618302585,0.0003274384757467885,0.0010951347606606987,-0.0020756090959688223,0.0010099832629357763,0.0018518487955523355,0.0016246954589638207,0.000508498508110744,-0.7000000000000028,0.0034359485343333773,12.0922,11.900000000001455,-0.1880000000000166,64.89999999999964,-0.5939999999999657
2014-09-30,0.005043581524873275,0.005037514712180169,0.006772634208568107,0.007679296061402496,-0.001588881283078436,-0.004655408257718818,-0.005529269463663056,-0.005492811827840782,-0.028246233138721877,0.001167999362145622,-0.0080212085212219,0.0015519987374510436,-0.008212659783783494,0.003512262428940538,-0.005706134082756442,0.00884094867754559,-0.016356736414142148,-0.36350000000000193,503.0,0.05287418899999996,0.0007881155157285491,0.0008944147471456887,-0.10000000000000053,-0.7000000000000028,0.007278331306491026,-0.00958141052126571,-0.03283317949667364,0.01944412582845878,-0.058434738199554026,0.0008281573972297451,0.0014083396138264703,0.002647220668190897,0.0018908065193654622,0.005166301448996435,0.0013964761788063385,0.0016954682900767182,0.0008877053401405988,0.0012092857931484957,0.0009124088224208293,-0.0002261203839761805,0.0005804265972244593,0.0017528488274134446,-0.002102569565151313,41.5,0.0,42.0,6.891625897052253,4.709530201312334,5.231108616854587,6.171700597410915,5.332718793265369,6.953684210870537,4.795790545596741,5.117993812416755,6.298949246855942,5.3706380281276624,-0.23863711694254341,-0.5363435440453674,0.0028778950429568795,-0.024996559094808468,-0.0026888868138321698,0.0022606378816423245,0.011125874414664949,0.016248550439489584,2028.7861486486486,-0.0008552479977579353,0.0015641557140693152,-0.0058811290252291926,0.0,0.0,-0.009999999999999995,0.0,-0.07000000000000006,-0.1200000000000001,-0.08000000000000007,-0.040000000000000036,-0.06,-0.04,0.02,1.54,2.33,3.99,4.6,0.016092002944344763,0.013277468788071983,0.011762668856254876,-0.021679460691683583,0.01726329509744641,-0.0004964011022758896,-0.0004632842998120168,-0.0004932177802068338,-0.012834799225005078,-0.04946817290899208,-0.0061743151000568375,-0.001284866551711339,-0.004270276881666923,-0.0024352676581109733,-0.001148436771457817,-0.0012247964056273375,-0.00031757788472841497,-0.0013081881932004435,-0.0014670627685751114,-0.0016432337702827482,-0.001290805378086013,-0.0015411958255606706,-0.001246882620726808,-0.0027030656743152193,-0.0012161278525271157,-0.0013930705095512863,0.0016207434951596156,-0.0010240613536200982,0.7000000000000028,-0.009224218364963122,13.3254,64.89999999999964,-0.5939999999999657,-32.100000000000364,-0.07100000000002638
2014-10-31,0.003471154923483155,0.0034860278851418514,0.0002915467656263715,-0.002762407045596049,0.0030110849076034896,0.002443784816997585,0.0028401220219018697,0.004345085207088317,-0.002004628019433241,0.00616154380824252,-0.004683083823635137,0.0036454359987425633,0.002144122274657434,-0.0012645456727611304,-1.5843544993288106e-05,0.03981629952949728,-0.010839612400596721,0.0771000000000015,-435.0,-0.02669058999999996,-0.0005766089149723541,0.0016910555395668325,-0.1999999999999993,-0.10000000000000142,-0.10239629582910936,0.06913239014779826,-0.017627575083313474,-0.04620387007884652,-0.003386389961518077,-0.023451661035050364,0.0021087974762732387,0.002898702790599117,0.005533657494980027,0.005139747903200487,0.0015584631789042902,0.0013022530815494093,0.0019944604949362343,0.0019817320823225515,0.0017843927360399192,0.0008520331938957071,0.0019279876744917601,0.0018746490524144122,0.0019199128223270634,41.6,0.09999999999999964,42.1,6.930494765951626,4.663439094112067,5.1298987149230735,6.230481447578482,5.480638923341991,6.981934677156389,4.882801922586371,5.135798437050262,6.280395838960195,5.484796933490655,-0.0012190168108485722,-0.0027481645091747,0.002657441340737421,0.04416251599433796,0.0014831636179888363,0.003515596308456992,-0.027656521094558073,-0.039363138192724634,2001.1861486486482,-0.0017540855151514378,-0.0020001481645266495,0.01603165751778679,0.0,-0.009999999999999998,-0.010000000000000002,0.0,0.14000000000000012,0.10999999999999988,0.03000000000000025,0.10999999999999943,-0.07,-0.05,0.02,1.68,2.44,4.02,4.71,0.025299957926399053,0.02945848710251847,0.042616237563030346,-0.024857296808755647,0.00774950315792812,-0.0024871913646125066,-0.003251383401019936,-0.002957366316308274,0.03614033727113064,0.03538095167838229,-0.019287141962839982,0.00023160259124743732,0.00815696135284849,-0.002832911558434681,0.001999128237428316,-0.0003113891846666661,-0.0004629819494557097,0.0005336127111190692,0.0001816047891729511,0.0003029004166643645,8.336920876672593e-05,0.00047231257757474054,-0.0001240275016840542,0.0009761728604544828,0.0003918468603876235,-1.921889499545415e-06,0.0008018489195387168,-0.001531263414130013,2.0999999999999943,0.00744022995000293,13.4618,-32.100000000000364,-0.07100000000002638,40.399999999999636,-0.17199999999999704
2014-11-30,0.005065882107821551,0.005386488729605787,0.006392617551052915,0.003976378990692808,0.00018843842878624173,9.758785502178569e-05,0.0013155760288645624,-0.003551182740548775,-0.004080116585649662,-0.0034005012710238702,0.01155600299622428,0.0003439449951212481,-0.0060512566669244094,-0.003461810971166379,-0.0010848894798920483,-0.0012732443521130676,-0.01345368102094735,0.0005999999999914962,98.0,0.02695338699999994,0.0024131332179830878,0.004411896825157413,-0.20000000000000018,0.3999999999999986,0.05310982531394881,-0.10709813555636671,-0.021664825227244222,-0.026781022677642596,-0.01917867003057161,-0.021414094503816372,0.001675258123759349,0.0022716722041309367,-0.006006024060211779,0.0027197840939763296,0.002619302471581264,0.0028590012976561496,0.002211411781354755,0.0015792407966710442,0.0023111761286980226,0.000556038241954937,0.002417752149401764,0.0011231048787685438,0.0009129502619771301,41.6,-0.09999999999999964,42.1,6.97914527506881,4.574710978503383,5.0689042022202315,6.393590753950631,5.393627546352362,6.9975959829819265,4.762173934797756,5.0369526024136295,6.297109319933935,5.634789603169249,-0.012958850014502588,-0.07852251366349172,0.0006118263843521987,-0.01958731261179736,0.0028069514499442505,0.0066047584315285235,-0.0054986239671297454,-0.009721852694691613,1947.0861486486483,-0.0051971307353406715,-0.0005965575877677765,-0.028476672964441896,0.0,0.0,0.010000000000000002,-0.009999999999999995,-0.21999999999999997,-0.22999999999999998,-0.1900000000000004,-0.10999999999999943,-0.07,-0.04,0.01,1.46,2.21,3.83,4.6,0.015576428623711003,0.01672173580266808,0.005576195883084445,-0.013348362823427162,0.018089860171087782,-8.928469565461228e-06,-0.0004847037127122533,-0.0074558395149910694,-0.04064109759104273,-0.06418519231187236,-0.026955884010647857,-0.00026952193306950534,-0.0039810188254776335,-0.00014835264637369505,-0.0008803009113265148,-0.0012088296043151203,0.0016699280541976336,0.00035011960875053205,-0.00011863301398307158,-0.0003809258766231949,-0.0002239462547377613,-0.0006468361759717212,0.00043986661050432474,-0.0017945466215083528,-0.00043670247276050844,-0.0009240005468091894,-0.004446816681106469,0.0030594052498931212,2.3000000000000114,-0.006548942689450499,18.2073,40.399999999999636,-0.17199999999999704,-17.600000000000364,-0.8779999999999859
2014-12-31,0.005691443244744576,0.006144016829244592,0.0025392281322931254,0.002797637937794306,0.0061648470871862315,0.012194203771316303,0.015456462736450405,0.019193320999859154,0.03148372320581583,0.01567780160717369,0.011558340675494883,-0.00018724427120631049,0.0020915136589634287,0.001784219658024,0.00663652034325235,0.06720616038608185,0.002114002406995219,0.5953000000000088,-169.0,-0.024725064999999935,0.0004921527306755991,-0.00015602158556227153,0.09999999999999964,0.4000000000000057,-0.008051573287549019,0.04380883381922729,-0.015023756760461637,0.0,-0.02237855626219254,0.009821738298500193,0.0020937028660323875,0.0020606879684077484,-0.0009454030484352671,0.0020748551055422837,0.002204712443287349,0.002333118362301434,0.001986097971629519,0.0020990197074706174,0.001928203398980699,0.0006251736797118213,0.0016409980689076065,0.002242432732373345,0.0006841661422196665,41.6,0.09999999999999964,42.2,6.90875477931522,4.6443908991413725,5.135798437050262,6.12029741895095,5.605802066295998,6.9650803456014065,4.897839799950911,4.962844630259907,6.238324625039508,5.598421958998375,-0.01881826605418091,0.03037774237249735,0.0006495564107655838,-0.003983758822729833,-0.0028855619037706504,0.005379051083286512,-0.0318500145259506,-0.05000574471353314,1761.9861486486484,0.009041659511112243,0.0013230022028185573,0.05390773291510076,0.0,0.0,0.020000000000000004,0.03,0.07000000000000006,0.03000000000000025,0.0,0.09999999999999964,-0.07,-0.02,0.04,1.53,2.24,3.83,4.7,0.022257497430802076,0.011893723930431518,0.07379225874295514,-0.019030249285105993,0.010028038066555944,-0.0005101096147477335,-2.1836206614445075e-05,0.0019126654834042967,0.019798260690018665,-0.008313433306819995,0.0363849676478889,-0.0016865010937596736,-0.003569314772986054,-0.00961922224646461,0.002237285293047897,-0.004536834285438829,-0.005206324928500372,1.7778310983374013e-05,-0.002051732458009603,-0.002660426861292642,-0.0020052539560504457,-0.0006576927634052154,-0.0037552841626418143,-0.004175283648729433,0.000983961638677755,-0.00046136102317761996,0.003634162743520797,-0.0025490709698705594,1.8999999999999915,0.001897314573081843,13.4181,-17.600000000000364,-0.8779999999999859,23.5,-1.3499999999999943
2015-01-31,0.006836247823734709,0.006555060571791671,0.0027675836586356084,-0.006957674006367043,0.0001669780215438621,-0.0038918166437245105,-0.004439874377961672,-0.0030661388764752218,-0.0043709066925323725,-0.002693354704869755,-0.010822204854105344,0.004641140351517414,0.0023856470279159936,-0.0009550442109835799,-0.0018816516966673191,-0.048658759889855574,0.024313607244698332,-0.056100000000000705,287.0,0.055721942000000024,-0.0010357196299644045,0.0014304165899616805,-0.20000000000000018,0.0,-0.04294631882325639,-0.035150771076112974,-0.03833179898843753,-0.09745533615071267,-0.0103075375010091,-0.024649746568117692,0.001953975248547124,0.0011829755783594464,-0.0035532431083540317,0.003342621496690512,0.0004892766957258488,0.00025889967782255496,0.0008814456278063432,0.0020780819585883847,0.0019621907356022206,0.0014052133985984483,0.0009263308570215401,0.0007463615223937126,0.0006836983789195727,41.6,0.0,42.1,6.9782137426306985,4.74493212836325,5.135798437050262,6.202535517187923,5.683579767338681,6.977281341630747,4.543294782270004,5.1298987149230735,6.352629396319567,5.459585514144159,-0.015966635017552022,-0.06915310620352777,-0.006209454182782181,0.02043157377025473,0.0036691129764001573,0.010268364097894889,0.07051462705483047,0.10410434452376904,1852.7861486486486,0.00022847935166137034,0.0013275529992942126,0.004733055258622443,0.03,0.009999999999999998,0.039999999999999994,0.07999999999999999,0.019999999999999796,-0.1200000000000001,-0.1299999999999999,-0.04999999999999982,-0.09,-0.01,0.09,1.52,2.09,3.67,4.62,0.016341210610197443,0.011446374006447445,0.02566871554558592,-0.008085353612152957,0.018113108407057987,-0.010123621160563978,-0.013317584206231636,-0.009736394495728717,-0.043849953448308554,-0.13792465632668716,-0.0061770912848553294,-0.001204942073582238,-0.0008841210960115475,-0.011088133950554635,0.0009059899254317827,-0.0032142075450760643,0.0009517346061169718,0.00014617724724796943,-0.0016199716868072755,-0.0015409334064049318,-0.0013874386814745066,-0.0008037215478786663,-0.0004412376573590393,-0.003109954448770047,-0.00015170669906083845,0.0,-0.001213339857455864,-0.0010188487891027442,4.799999999999997,0.011048384920314902,16.1928,23.5,-1.3499999999999943,69.30000000000109,-2.0740000000000123
2015-02-28,0.008750246445810461,0.008131941716012392,0.002376779039362731,-0.00443193108674933,-0.007972624608234113,-0.003707824850509134,-0.0038452767439398627,0.0011214675696304965,-0.0035267269999552653,0.0024471923743405455,-0.006468361608141571,-0.01262582739242113,-0.010601375559014414,-0.011729012874091893,-0.0058359744949356696,0.007199634713200176,-0.006657035275754453,-0.35940000000000794,214.0,0.012957919999999956,0.00445491893971095,0.0035839908528565445,0.10000000000000053,-0.7000000000000028,0.00965785377919648,-0.00043112740482431633,0.019952000051349117,0.08089031927601731,-0.008971888640677328,0.01083737228050552,0.0014523089990206017,0.0009761862721919812,-0.009657303073343115,0.0042813036139701666,-8.152949333961601e-05,-0.00012944146028104342,0.0,0.0015288943289331058,0.0011302841983962253,0.0004506378334721006,0.0011389228057918643,0.002111670867293469,0.0005921607206076374,41.5,0.0,42.0,6.98933526597456,4.672828834461906,4.941642422609304,6.278521424165844,5.720311776607412,6.955592608396297,4.7535901911063645,4.941642422609304,6.259581464064923,5.598421958998375,0.0028169470077319403,0.02685072651283882,-0.0009885613003763893,-0.02320353695398758,0.00022031872428485144,0.013794704965377491,-0.006038132337343072,-0.0051954247267520515,1932.4861486486484,-0.0018833219792036004,0.0010693288114129729,-0.012781714508435016,-0.009999999999999995,0.0,-0.03,-0.009999999999999981,-0.2699999999999998,-0.33000000000000007,-0.33000000000000007,-0.29000000000000004,-0.08,-0.03,0.09,1.26,1.77,3.35,4.34,0.03895309388907009,-0.032301203708945764,-0.009035588613486745,-0.03261511721215277,0.04989620375293749,-0.004318346692102182,-0.007169304827894685,-0.007114421519974989,-0.041759181100808895,0.017902574042751418,-0.025251322028327472,-0.003301316834362744,0.0008408296721471586,-0.01795034737243295,-0.004924109361827966,-0.00933750156401647,-0.0011016045370499938,0.0002458238442315519,-0.0032614906044834413,-0.005289763127864333,-0.0031676136600768956,-0.00305057589531188,0.0020996875853027674,-0.010733443727218628,-0.001449220903328552,0.0023036176968926902,0.005214198977646856,0.0015284029402553578,4.5,-0.005637788658300558,19.037,69.30000000000109,-2.0740000000000123,-25.0,0.33600000000001273
2015-03-31,0.0036398295924033874,0.003689871596250782,0.002360522962808531,-0.002546395912755628,-0.006399314470937334,-0.007643008036314569,-0.008037376209617086,-0.004181071411198722,-0.025617686044275167,0.00182115093714863,-0.0069916374799818826,-0.004925728349555847,-0.009605569772674016,-0.0020769845136499043,-0.0075426497351758215,0.06402425213367469,0.001371076563826179,-0.4894999999999925,122.0,0.034192168999999994,-0.002461155179215524,-0.0006752422688123261,-0.20000000000000018,-0.8000000000000007,-0.00041797283785083295,-0.035553448383661035,-0.03930744300430611,-0.032475178549945305,-0.04271636160158554,0.04636985895797352,0.0018408292481275623,0.0019495183683204687,-0.014359221077888229,0.006466389537900241,0.0008149959701313492,0.0011643704012964662,0.0002202400625570533,0.001823350105631505,0.0015802546745522505,0.0016102366024828285,0.0010794844086721156,0.001364002939482134,0.0008193363834028133,41.4,-0.09999999999999964,41.9,6.786716950605081,3.828641396489095,4.574710978503383,6.222576268071369,5.476463551931511,7.027314514039777,4.499809670330265,5.081404364984463,6.3835066348840055,5.648974238161206,-0.038003941460559076,-0.06562395180573688,-0.006784805241169423,0.023343194933360678,0.002460243045137034,0.007340720210475382,-0.06573412308438265,-0.10097488956668244,1743.0861486486483,-0.0012366275460005127,0.0019474967082313555,0.026286187871833455,0.0,-0.009999999999999998,-0.009999999999999995,0.01999999999999999,0.09999999999999987,0.10000000000000009,0.1499999999999999,0.05999999999999961,-0.09,-0.04,0.11,1.36,1.87,3.5,4.4,0.017868545418243897,-0.008721603891324488,0.004303622523516459,0.012274119502855396,0.030626657578991523,0.0189787246594193,0.02566081431813494,0.02118142637315934,0.06643209641209591,0.296361835646362,0.026668321617602686,0.008922130380985216,0.0026787368477467766,0.0578923158599558,-0.00031060379474467936,0.02496031507608265,0.00620126659263498,-0.0009075713756194759,0.010175950300975067,0.013364836720808349,0.00969266831678528,0.0065773702242371,0.005386594390315302,0.025828165004575965,0.0006437493548601125,-0.0046072353937853805,-0.01809564653971485,0.0035575587251064356,-2.6999999999999886,0.0015449276214756225,15.8675,-25.0,0.33600000000001273,-31.200000000000728,0.1529999999999916
2015-04-30,-0.0018345066915586017,-0.0033294711644700214,0.0030010786102012688,0.015168176158306679,-0.003429720878593834,0.001144256461985016,0.0031516948187331195,0.010964524866006187,0.02975395966559624,0.005719294558931942,0.00014544709143660128,-0.008666638614439393,-0.0002237532297071354,0.003684290132730972,0.003565244080852459,-0.004474095448951054,-0.004111281131529587,0.35299999999999443,-256.0,-0.02379388800000004,-6.383922729114033e-06,0.0005604832457581921,-0.09999999999999964,-0.6999999999999993,0.02150620522096336,0.029064132943911858,-0.052467677146937675,-0.06829651127990122,-0.04462278752379145,-0.05896624664365824,0.0006814552171441335,-0.0015901108733729075,-0.019513412924341722,-0.004253649580219232,0.0008957290611526503,0.0005170630932163078,0.0015403237724758156,0.001046305278784132,0.0017654244420004517,0.00048429501430824473,0.001994301735905424,0.001362144969453638,-0.00036406662821342195,41.2,-0.10000000000000053,41.8,6.866933284461882,4.624972813284271,4.969813299576001,6.244166900663736,5.293304824724492,6.977281341630747,4.8283137373023015,5.030437921392435,6.26530121273771,5.5909869805108565,0.05729491533745801,0.07685732035238502,-0.001200168006464608,-0.031240525377680406,-0.010018550962708872,-0.002850527495814603,0.09327036460499372,0.13839762799868183,1919.7861486486486,0.004930420717473183,0.003167393218667769,-0.001061941049154136,0.0,0.009999999999999998,0.039999999999999994,0.03,0.050000000000000044,0.06000000000000005,0.03000000000000025,0.03000000000000025,-0.08,0.0,0.14,1.41,1.93,3.53,4.43,0.028684449119960043,0.04562616082677539,0.01366920087262713,-0.024500185414494446,0.009475724840532995,0.002576917131836609,0.0034219094574723385,0.0026242544612289365,0.024098904003837518,-0.12485098879609247,-0.025538039924185796,0.00015889270808333578,0.006614260146422524,-0.001147579244848984,0.004733822498359075,-0.0004166251773085605,-0.0007077611249819427,0.0005374655450154364,0.0006667046602100157,9.242201028936137e-05,-0.00022013622569261315,0.0001205897716269888,-0.0033026651375696048,0.0007142282863927818,0.0004521939685524501,0.009198611687299518,0.02773710371673621,-0.001533541721165932,-2.4000000000000057,-0.0057838157940404145,14.7123,-31.200000000000728,0.1529999999999916,3.1999999999989086,-0.1939999999999884
2015-05-31,0.0029813324773808603,0.002840312889087926,0.0018301557566653415,0.0018960583574791912,-0.005530710745190959,-0.0064696928909206974,-0.01053034115196727,-0.008493996282898486,0.008541422796220388,-0.013348716341326394,-0.007146987773245961,-0.004354785863083244,-0.0035097110941926246,0.0033836248500174193,-0.0001962965718664833,-0.0853217121191685,0.004092897118699312,0.06010000000000559,388.0,0.04287542100000008,0.002658567151812008,0.002582264724619421,0.0,0.3999999999999986,0.10552416838710155,0.017638659064597384,-0.03657304624615776,-0.13204082306573728,0.007056085724208572,0.007017572658645221,0.0019353541251181383,0.0024098250439710256,-0.019143531126050384,0.009115260347526188,0.0004068844911078173,-0.00025849812732836597,0.0015379548236307272,0.0018592259131722244,0.0006002851534638864,-0.0007438352834387985,0.0008056278370887071,0.000618543967268792,0.0015918138665362846,41.2,0.0,41.8,7.081708586105575,5.267858159063328,5.123963979403259,6.251903883165888,5.733341276897746,7.061334366910438,5.262690188904886,4.990432586778736,6.329720905522696,5.579729825986222,-0.01965872274844216,-0.011219920184995402,-0.0033665362882508987,0.008464671531807966,0.003003408075436198,0.0018023197360577115,-0.04119275060451422,-0.058209661323494366,1943.6861486486482,-0.006146554832132445,-0.006589891974350337,0.007123639356141354,0.009999999999999995,-0.009999999999999998,-0.020000000000000004,-0.01999999999999999,-0.16999999999999993,-0.10000000000000009,-0.1200000000000001,-0.05999999999999961,-0.1,-0.03,0.11,1.23,1.82,3.4,4.36,-0.00923455918988747,-0.02093615375671981,-0.007377984648462288,0.000668315202312586,-0.0225214888592902,-0.010327679332929662,-0.012735572087570368,-0.006350338048906501,0.016061080121773763,0.18595116656043098,0.030919187290297856,-0.0016483937041993357,-0.0071389588527681624,-0.012686012216835074,0.0023114561959074464,-0.005496546272165226,0.00027263164527457917,0.000658630995364895,-0.0021567032511757844,-0.00237268405392399,-0.001985840583103915,-0.0010020918369022525,0.0026065056097035466,-0.007386806395462742,0.000439719236577929,-0.005521681803866585,-0.012882420025344121,-0.0010165038603404675,2.9000000000000057,0.0007564322441275806,13.5328,3.1999999999989086,-0.1939999999999884,11.500000000001819,0.3289999999999793
2015-06-30,0.002091772277417192,0.002138303155431842,0.003007711501060051,0.007783746246502687,-0.004534818383618244,-0.001830591274677218,-0.0019423351423970558,-0.00158685523737212,0.021635111525432293,-0.00836405459092493,0.002498826754100847,-0.007760431415732683,0.00019190060794382902,-0.0013866659242243173,0.00020426719216004585,-0.016476453441451433,-0.01681063752786649,0.08199999999999363,-35.0,-0.025010784000000008,0.0037558311894621,0.0020583336116128947,0.1999999999999993,-0.1999999999999993,-0.09453728268997708,0.0679973512454497,0.0291518619085398,0.14083736119507329,-0.022517246041833694,-0.04286370443178278,0.002419236220632115,0.0014840214580402744,-0.027146353244494215,0.005460657925175028,0.0012196610854537937,0.0012918229415674887,0.001097092814374534,0.0025692500517315864,0.002434959715131413,0.0010723305188893306,0.002265166962738263,0.0013594514853974005,0.0003180589344573548,41.1,0.0,41.8,6.983789965258135,4.983606621708336,4.976733742420574,6.240275845170769,5.616771097666572,7.148345743900068,5.659482215759621,5.1647859739235145,6.302618975744905,5.575949103146316,-0.03306816126838008,-0.11032026446122245,-0.007110091448947031,-0.008658891193604745,-0.0005511679496201793,-0.0010096911401156206,-0.03459144199045561,-0.05128265862498971,1828.5861486486483,0.0005321629074863665,-7.974074312677715e-05,0.008120230984057564,0.0,0.0,-0.009999999999999995,0.009999999999999981,0.18999999999999995,0.26000000000000023,0.45999999999999996,0.40999999999999925,-0.1,-0.04,0.12,1.42,2.08,3.86,4.77,-0.02031872104808219,-0.02950877743756871,0.010723862952542795,0.03208268849837381,-0.013136075969997524,0.018056963662924197,0.02397168965503571,0.013752751712224232,0.024328188025542374,-0.04501846092801376,0.01792767663491368,0.002250383811671419,-0.0025671326430680708,0.020592672991816663,-0.004414959643015415,0.008052873702972363,-0.0015813290418345005,-0.0012202661970412976,0.002412483705385604,0.0037514552819466473,0.002811098384796651,0.0015107294772853663,-0.0022445163563329373,0.009640063259985787,-0.00044451650332533177,0.0009113586724422973,-0.0015948805578904768,0.001006274947499719,-5.200000000000003,0.003232000341304442,13.1924,11.500000000001819,0.3289999999999793,-33.70000000000073,0.34300000000001774
2015-07-31,0.00041329400854905884,0.0005872326639604353,0.0007057646515269411,0.00019638828310242218,-0.003068189815841116,-0.0019436933290633007,-0.0025744787911508027,-0.0010513202816824219,-0.026335861303928176,0.006295719497298791,-0.00589130265746185,-0.004418900882560806,-0.006629001040937332,-0.003721333737946253,-0.003698208764090438,0.014763454406223175,-0.0005335237277854787,-0.22690000000000055,-315.0,0.0066265549999999784,-0.0037430972835270637,-6.71968498267006e-06,-0.2999999999999998,-2.3000000000000007,-0.06780839663411431,-0.046482072890489334,-0.05439241971810205,0.10711057576561167,-0.146456293232621,-0.000912825257358918,0.001207426880247553,0.00046011094597631086,-0.0066419466680409656,0.002175941175604379,8.125787190138567e-05,-0.0001291072237297186,0.00043850033590153714,0.0013271836984110053,0.0013834105139540753,0.00013828150679806583,0.000674696653076623,0.0022205782625768222,0.00013628001020471459,41.2,0.10000000000000053,41.8,7.094234845924755,5.389071729816501,4.983606621708336,6.313548046277095,5.662960480135946,7.229113877793302,5.638354669333745,5.220355825078324,6.410174881966167,5.720311776607412,0.04755134903050795,0.11212071102825583,-0.00043908688556548725,0.020340041020425303,0.001094847614082184,0.0006336508399975571,0.019897449938772738,0.030960602054193487,1797.9861486486484,0.0004799338572736289,0.0026869751287605936,-0.006007764025358853,0.010000000000000009,0.0,0.009999999999999995,0.040000000000000036,0.1399999999999999,0.1599999999999997,0.2100000000000004,0.2400000000000002,-0.11,-0.04,0.15,1.55,2.23,4.06,5.0,0.005266549963830691,0.0005365670569255354,0.023889902806021546,0.007733990599736396,0.015403099854049446,-0.005718028215185633,-0.008381523287646964,-0.0026640431974769285,-0.02505088528965782,-0.07558364901872183,-0.05464856937267104,-0.0005282225323384182,0.0018783277260139286,-0.010368602542456529,-0.002988612443041383,-0.003663726994902916,-0.0002558623098654067,0.001413742406193741,-0.0009232065316142624,-0.0012093029689630441,-0.0003234016446302945,-0.000456837454366088,-0.0008670394272334292,-0.004181449046802399,0.0007736358333669813,0.0009051245091176163,-2.515535000746638e-06,0.0004962876314675846,5.3999999999999915,-0.0070525012644111484,14.5708,-33.70000000000073,0.34300000000001774,20.299999999999272,0.10999999999998522
2015-08-31,0.0016398973256794847,0.001713966193596761,0.0037102283936594205,0.009071619775745887,0.006256591421490931,0.007274899396367829,0.009803220237824206,0.014792909790384279,0.04737218658096065,0.005283299747532055,-0.0024384559055032895,0.005001743015034421,0.01296866962022225,0.0011226940184076994,0.007374849851998988,-0.0025361049283549875,0.016225344790377072,0.6066000000000003,808.0,0.10516814099999994,-0.00041393496717567757,9.407148095696982e-05,-0.09999999999999964,-0.29999999999999716,0.10864657880157669,-0.0753929890357643,-0.04922565223902353,-0.10313758682883556,-0.01632118299891605,0.014506147389029778,0.0019880161640966065,0.0018893461846118953,-0.014875545807918833,0.004801372191437281,0.0012992287657862533,0.0003872716759190098,0.0028455748652884694,0.0020038201958758606,0.0014188106774657427,-0.0002765821380155131,0.0009630633862176552,0.0023386065184798355,0.0015885626851375179,41.2,-0.10000000000000053,41.8,7.044032897274685,5.043425116919247,5.147494476813453,6.311734809152915,5.5909869805108565,7.038783541388542,4.770684624465665,5.1647859739235145,6.345636360828596,5.6240175061873385,-0.0026285017156411072,-0.04000122520986338,-0.0015738236472842004,-0.005469945137690502,0.0002375738523046067,0.002036841820695301,0.018131462747028593,0.02617492650150144,1836.0861486486483,-0.0039223428441435,-0.00205330632438816,-0.002456224422098252,0.0,0.009999999999999998,0.03,0.019999999999999962,-0.050000000000000044,-0.040000000000000036,-0.040000000000000036,0.07000000000000028,-0.1,-0.01,0.17,1.5,2.19,4.02,5.07,0.021588126986044287,0.023957049936876043,-0.0033008233443565516,-0.0010277493196530485,0.039485072123198905,-0.0066421874029432,-0.008212711558872599,-0.005789340965046463,-0.03639774393917161,-0.17071390704738,-0.0018534364935582914,-0.0011790342677207022,0.003979465280649741,-0.006295533866839342,0.002319751399230796,-0.00298136555140438,-0.001308297944736303,-0.00022958400307970805,-0.0010466368477066723,-0.0022497953794839987,-0.0014691482349435958,-0.001027769604070805,-0.0012723301113064522,-0.0021096290173066023,-0.0006428668919280511,-0.00364485794705649,-0.004756874691715485,-0.0010115970704744903,-3.0,-0.005200153366187621,14.6217,20.299999999999272,0.10999999999998522,-51.599999999998545,0.03699999999997772
2015-09-30,0.001984583611696067,0.0020376981070153732,0.002462371511309236,-0.00021045699796395922,-0.001710842383224609,0.0011463452348090541,7.86609546103989e-05,0.00044239958251157674,-0.02391350566327155,0.007594247350826144,-0.0031444869426113797,-0.005355146913699649,-0.011440501184536878,-0.004539879704928751,-0.0032104703334727702,0.010837108221682712,0.007300546524633411,-0.2184000000000026,-589.0,-0.05746169499999998,0.0011140501965467564,0.002355618834918971,-0.10000000000000053,0.29999999999999716,-0.21646427572029303,0.04703129968476549,0.018998087099571848,0.017296028650716444,0.02093586585358853,-0.009223322460551131,0.0009432767597434832,0.0,-0.018066734300102638,0.0027773509598087998,-0.00040582769113406414,-0.0001290738949855097,-0.0008746993778778744,0.0010942707043444244,0.0007459346907126019,0.00019015843712466562,0.000410624925569536,0.0013514345689742413,0.0004534119325025898,41.3,0.0,41.8,7.029972911706386,4.727387818712341,5.017279836814924,6.432940092739179,5.497168225293202,7.060476365999801,4.74493212836325,5.159055299214529,6.368187186350492,5.680172609017068,-0.026681148346241912,-0.014353909443736157,-0.005354014768995441,-0.013587622056485671,6.132807171788102e-05,0.003687385250152886,-0.004818071828141868,-0.008202589405364336,1852.7861486486486,0.0023727249674898587,0.0009875466794024845,-0.026256887566729503,0.010000000000000009,0.04000000000000001,0.1,0.08000000000000002,-0.08999999999999986,-0.1499999999999999,-0.11000000000000032,-0.009999999999999787,-0.07,0.08,0.24,1.4,2.03,3.9,5.05,0.0023619052649648253,0.01435132784306311,-0.0024935593297907843,0.001156143747511218,0.021838622617888825,-0.002557933447137728,-0.0033894675145287323,-0.004765091135018551,-0.0009851016429465176,-0.01021351330126663,-0.0026193155095750598,-0.0015892639933374753,0.0023627332065929707,-0.009155279803033878,-0.0021580898806679016,-0.0027839255954908992,-2.114509711148571e-05,-0.0008841922522320189,-0.002101918440197359,-0.0015728171817830372,-0.0015454425391538962,-0.0008405394446757697,-0.0006023597277504678,-0.003606838936896395,-2.4627064689752842e-06,0.002728307476971281,0.004759390226716231,-0.000504649909213839,-1.1999999999999886,0.008232052254275146,19.9964,-51.599999999998545,0.03699999999997772,3.7999999999992724,-0.5519999999999925
2015-10-31,0.0026647701598516704,0.002677662098314215,0.0005858843882942111,-0.004495786258528867,-0.002813206551951275,-0.004853728515064937,-0.006019676741467528,-0.0034598635604128347,-0.00420517252981778,-0.0032476180556617606,-0.01010627729361957,-0.00016185302886650987,-0.0047393500866599325,0.007452194767029852,-0.0027114137743398103,-0.0037241882175882424,0.01798353687147536,-0.19310000000000116,21.0,0.01000948800000001,-0.0027970264010104273,-0.0023824954979136947,-0.09999999999999964,-2.6999999999999993,0.13135826609020906,-0.023898595573859538,-0.035960255419890785,-0.038940160150302994,-0.03514065015190582,-0.02092971571013713,0.001054852418487684,0.0006119951231404741,-0.017161957583641474,0.002769658640792372,0.000649245275200272,-0.0002581977809335001,0.002185315554998013,0.0011256853185557247,-0.0004474940408805139,-0.0017300443746250949,-0.0006031634178178535,0.0008590538664154934,-0.0009070295406434781,41.2,-0.09999999999999964,41.8,7.1098794630722715,4.867534450455582,4.9344739331306915,6.481577129276431,5.71042701737487,7.042286171939743,4.762173934797756,5.181783550292085,6.342121418721152,5.638354669333745,-0.02086519265333031,-0.08428853614278076,-0.009552331619680388,0.01470851556745778,0.0013531094807017752,0.00729515129125069,0.005368428455419405,0.006795131916673469,1887.9861486486484,-0.0010805480454436633,0.00031473763297817925,-0.047413328564345214,0.0,-0.05,-0.04000000000000001,-0.010000000000000009,-0.050000000000000044,0.0,0.03000000000000025,0.14999999999999947,-0.12,0.04,0.23,1.35,2.03,3.93,5.2,-0.0008922932895245594,0.00412159264555079,-0.023494262252377496,-0.015526253155089265,0.009010775388897052,-0.008787096623065871,-0.012275548995650531,-0.0070124488672727026,0.010952331822618788,0.2307910312190411,0.05329692493968352,-0.002245916045929164,-0.005017193808273035,-0.01959691240018202,0.003080235511320417,-0.0070093591738364935,0.0025290015184173953,0.0006904099082545301,-0.00272342618573429,-0.0037570378097040447,-0.0026880352293492393,-0.001455699006989164,0.004575847178287518,-0.008539041392571889,-0.00016933721842171678,-0.003636571625878826,-0.012751692205455356,0.0029932522120339478,-4.700000000000003,-0.007590137979306633,24.2515,3.7999999999992724,-0.5519999999999925,-70.20000000000073,0.2820000000000107
2015-11-30,0.002410092335370706,0.002647845823517514,0.0006900662110034261,-0.002672556680888505,-0.004748269909224945,-0.0030268898342926676,-0.005798417395137534,-0.004266944622121294,-0.0006185809949679211,-0.00533246806887977,-0.008203055646729851,-0.006960579167393455,-0.00030170252360228744,-0.000901075820722852,-0.0013149731955648392,-0.012323317405786405,-0.002031987317431927,-0.09890000000000043,285.0,0.034661571999999974,0.0027652136129034943,0.002818112925478289,0.0,1.8000000000000007,0.0033783815916272886,0.0013183917532577638,0.002996705868605787,-0.017989037836073862,0.015614227801550307,-0.009319731948801646,0.0021344275693024883,0.001884630635501594,-0.01397269741070506,0.005974740102162812,0.0006488240292501501,-0.00038742171337524667,0.0023983441126596006,0.0021743653436843147,0.001528111961325962,0.0001904514570956195,0.0025321256770247658,0.0018383484557151775,0.0007256894367824174,41.3,0.09999999999999964,41.8,6.964135612418245,4.882801922586371,5.14166355650266,6.249975242259483,5.4680601411351315,7.05617528410041,4.844187086458591,5.153291594497779,6.391917113392602,5.572154032177765,0.03949993647626471,0.14222149214426416,0.00024681807728121896,-0.014469952324670743,-0.0008278243617834136,0.0032187927091200663,-0.0031957380075446906,-0.00405089798738878,1912.6861486486482,0.0014554036231970713,9.596778354925561e-05,0.06264574139961088,-0.020000000000000018,0.0,-0.06999999999999999,-0.10999999999999999,-0.10000000000000009,-0.10000000000000009,-0.1200000000000001,0.0,-0.1,-0.01,0.14,1.27,1.95,3.83,5.22,-0.005167427679905856,-0.00391510906026216,-0.0008284911486038382,0.00032593462040109156,-0.014731832985717286,0.009769536290872516,0.014148183229520939,0.00957134498503276,0.007278898942196577,-0.0429604523085505,-0.010787363183448306,0.003239109937318574,-0.004245504762505625,0.023609055584661753,0.004435562301842388,0.007960084079489782,-0.0022368278967741517,0.0004000230122089832,0.0040957220570936315,0.005059502656781234,0.003132268061426302,0.0013839839411593502,-0.0038539013015448376,0.009940049261404127,-0.0004916467355862153,0.0077096762241524175,0.028258823644183195,-0.004995263887277002,2.799999999999997,0.0062548798285906315,16.4927,-70.20000000000073,0.2820000000000107,-10.399999999999636,0.7309999999999945
2015-12-31,-0.00015664451981756145,-0.0006121639430123338,0.0016604794140580026,0.0036632744641842407,-0.007211710629219326,-0.004246087198908732,-0.006353752320628736,-0.00285477833284542,-0.008438834814681329,-0.0012282243913599444,-0.014389367045555268,-0.011064769332755908,-0.007147535971478547,0.002639585750347173,-0.002427646111409665,-0.04697751924787674,0.0011966566928558464,-0.195699999999988,-65.0,-0.015230118999999931,0.0018815757386647647,0.0014529193172840849,0.09999999999999964,0.3999999999999986,0.004206989797629568,0.008309691375717243,0.0014949920559885754,0.049104431928147285,-0.026642869913997558,0.005602255548669888,0.0016048386867613118,0.001576284871163125,-0.020123102159063322,0.007759643347435841,-0.0004054656828866854,-0.001809955245239081,0.001958012156066502,0.0016094031614031223,0.0008934222386329793,0.0003980995128269882,0.0003968660437188021,0.0018349751310680062,0.0011328365169163135,41.2,-0.09999999999999964,41.8,7.066466970136958,4.836281906951478,5.117993812416755,6.408528791059498,5.605802066295998,7.126087273299125,4.812184355372417,5.3230099791384085,6.418364935936212,5.713732805509369,-0.009750851375198266,-0.07416559409617385,-0.002042637435899053,0.025251765128901482,0.003248489624247952,0.006251840574583056,-0.021250179373646816,-0.03342526062557738,1847.1861486486482,0.0006499011482006267,0.0045085601253997964,0.004547433049563843,0.0,0.09999999999999999,0.21000000000000002,0.21999999999999997,0.28,0.18999999999999995,0.10999999999999943,0.1200000000000001,0.0,0.2,0.36,1.55,2.14,3.94,5.34,0.02838318237343529,0.04155260399247612,0.021386831048824995,-0.009758730882038713,0.01571130189054354,0.003634342812496527,0.004445545090880465,-1.865958846281046e-05,-0.034205795579218545,-0.10146122706435134,-0.054600850386869126,0.00020491170130476632,0.008669423858347791,0.004655725359921092,-0.003332491443815755,0.0006613699980864141,-0.0007096683231671008,-0.00017320205103299458,0.000574541253431704,0.0002998808881251591,0.0005048981029496247,0.000625592923513274,-0.000489031612869617,0.0010775945293950429,0.000634115118264944,-0.005894576278756336,-0.014339068498569585,-2.4875470261420674e-07,1.2999999999999972,0.004435332888579779,16.177,-10.399999999999636,0.7309999999999945,5.799999999999272,0.4749999999999943
2016-01-31,0.004232817610194672,0.0038104769959801388,0.0031566965313816198,0.004183803068563918,-0.004934891257751595,-0.0058816904608614,-0.0074913342129416804,-0.006296752413626372,0.0009255310391633742,-0.00841552304753801,-0.010195429485273522,-0.003701423103186663,-0.0020479703498370583,0.0003792382173104514,-0.0026395487749004687,-0.028211587930762505,-0.01083569787392058,-0.2219000000000051,137.0,0.025718413999999967,0.0036260174500082343,0.004439392986858692,-0.09999999999999964,0.0,0.00711151292444967,-0.046810417843990315,0.003578888400966207,-0.03273745446394205,0.025233426410764537,0.009267906930780612,0.001881876134723015,0.0013708717335649823,-0.012875714360045087,0.004838231391380177,0.0003243856974357584,-0.000906207583538432,0.002387931233480245,0.0019635372686721553,0.0012643166937778005,-0.000467350391474497,0.0003391316343126505,0.0008551707808450715,0.0007243424645562158,41.3,0.0,41.8,7.044032897274685,5.043425116919247,5.099866427824199,6.373319789577012,5.484796933490655,7.099201743553092,5.147494476813453,5.147494476813453,6.411818267709897,5.552959584921617,-0.030548508088916293,-0.1460561997488945,-0.003004379175779448,-0.008356090409472827,-0.0016870646789648447,0.006866781090613117,-0.030251782984869635,-0.0453368338456448,1668.0861486486483,-0.005030895196161289,-0.0030648120435632364,-0.01283786707892709,0.12,0.11000000000000001,0.16999999999999998,0.17000000000000004,0.030000000000000027,-0.019999999999999574,-0.08999999999999941,0.0,-0.01,0.25,0.41,1.46,2.0,3.73,5.22,0.002624834542475085,-0.014664335803698943,-0.008254569787354171,-0.014117881545785083,0.03216044800952644,-0.007811584050237741,-0.010909590978982031,-0.007124618348290923,0.005446839252541302,-0.04673011470835142,0.04098106048128969,-0.0022700367528676324,-0.0006684670617085331,-0.01080376776289338,-0.002299576079748178,-0.0039323896990755,3.238203357014413e-05,-0.0010595899212511029,-0.0025949403786134084,-0.003320791224081354,-0.002267311211656242,-0.0014666444926252353,0.0009555546867838771,-0.005717623761595014,-0.0004907975225361128,0.0022545883802109756,-0.0019695102033914225,0.003488416384280324,1.2999999999999972,0.000850135199369717,18.3855,5.799999999999272,0.4749999999999943,-8.199999999998909,1.3959999999999866
2016-02-29,0.0013139610276180491,0.0012569103490811528,0.0016732752803738649,-0.006086575847630726,0.004960032589750973,0.006472365028371563,0.007848717868094823,0.013573312373369006,0.011357265184272158,0.0142248866333059,-4.5559643275794315e-05,0.0029711379864494347,0.000831580761902373,0.006125101838099667,0.003755496218799337,0.061253221778592604,0.012371703243146293,0.25509999999999877,167.0,0.04903384799999999,0.001549089034622142,0.003490915537609496,-0.20000000000000018,1.2000000000000028,-0.102169835278759,0.044193756952818575,-0.04319406237326717,-0.08112554481236778,-0.02186398880660345,0.03124118947995491,0.0009291376106368432,0.0004058235737733895,-0.021393524932383556,0.00015081818895978927,0.0017013006898558558,0.0015529963002194336,0.0019495294813172137,0.0010127157443520218,0.00022294887131657504,0.0006576898018231248,0.002172830262191283,0.0021956583595237333,0.0007690394172410464,41.4,0.09999999999999964,41.9,6.9957661563048505,4.955827057601261,4.990432586778736,6.322565239927284,5.5053315359323625,7.065613363597717,4.465908118654584,5.288267030694535,6.3473892096560105,5.752572638825633,0.0511227600146924,0.2405462166014054,0.003502988514085814,-0.009967804014230808,0.005266343002688245,0.011486580497056309,0.03229009034726715,0.052952309460549074,1626.8861486486485,0.0022882257156453534,-0.0009818088988140516,-0.06823230573956618,0.10000000000000003,0.03,-0.06,-0.10999999999999999,-0.17999999999999994,-0.15000000000000036,0.029999999999999805,-0.009999999999999787,-0.08,0.09,0.2,1.18,1.75,3.66,5.11,0.013428091865371528,0.013078607027414042,-0.028428401799285297,-0.040110234887012874,0.035460898232097304,0.004155505485798017,0.005931376997278193,0.00042207796253102003,0.036374160590623816,-0.02830293518195015,0.0005219856292626446,0.0006175835690642728,-0.01083560405406736,-0.000947749209752935,0.002103585266510777,-0.0003162710432516036,-0.0007524480063230143,0.0010670549488693837,0.0004015481000951837,0.00041533449697261915,0.000473774251211978,0.0012514089961843666,0.0018317903761539966,0.00017658938850484418,0.0014619254994681086,-0.0022560125696409195,-0.0015717093146783156,-0.0005050655207048393,-0.5999999999999943,-0.006394403778875457,23.5714,-8.199999999998909,1.3959999999999866,55.899999999999636,-0.9109999999999729
2016-03-31,0.000550146034825616,-0.0005116051723526027,0.006644611489022623,0.008273490031154296,-0.005201604974451435,-0.004233526960310208,-0.005065329153651987,-0.0019337296643247015,-0.0037082399090628826,-0.0014117427027144913,-0.005223066192751702,-0.0064897357242710285,-0.002934278550910996,-0.00193098126375002,-0.00348620415385259,0.007090422458161605,0.040443606713653324,-0.3024999999999949,-242.0,-0.03909619899999994,0.0022718676943167537,0.001896602600407249,0.10000000000000053,0.29999999999999716,0.03135907948673289,-0.046021075871516715,0.02940487506086953,0.023489553237567407,0.032619294728074344,-0.04704812017779325,0.001374656988401668,-0.0015226883461814111,-0.032897703507059006,0.0013563411016122018,-0.0013770201843783525,-0.001682521590213426,-0.0008659883632766707,0.001836473517162318,0.0023379670345669012,-0.0007442601446090436,0.003205876569424504,0.0003654748167623012,0.0010846968432218773,41.1,0.0,41.8,7.110696122978827,4.406719247264253,5.342334251964811,6.437751649736401,5.733341276897746,7.066466970136958,4.8283137373023015,5.176149732573829,6.342121418721152,5.71042701737487,-0.054705029329152666,-0.12572952653143865,-0.005783692645891847,0.011006970565258456,-0.0052828136012923466,0.007082021646729331,0.03212197830235475,0.045387490118018015,1697.7861486486486,0.006179839634201656,0.0016006117194500291,-0.008148400629719,0.03999999999999998,0.04999999999999999,0.010000000000000009,-0.010000000000000009,-0.30000000000000004,-0.30999999999999983,-0.040000000000000036,-0.11000000000000032,-0.07,0.06,0.15,0.84,1.4,3.58,4.96,-0.02105547589212442,-0.016198734363657666,-0.031013307076474206,-0.007112504706455913,-0.029354009023917882,-0.004747460830188288,-0.007065188296262015,0.003236411780747517,-0.012908411010777776,0.1164763348186999,0.050674961177859856,-0.0008720114457840822,0.015475765501609118,-0.009522161607594448,0.0027641978337511475,-0.0018073611662083877,0.0030911541662375086,-0.0003467714126559329,-0.0010695207756947767,-0.0010252497807030636,-0.0012168546853343898,-0.0009335926742854994,-0.0007832326936485501,-0.001597976028992143,-0.0007719373500965077,-0.0009006980562045186,-0.002758153777389971,-0.0005013293956070974,-0.29999999999999716,0.0009063600533316674,22.5028,55.899999999999636,-0.9109999999999729,-85.59999999999854,0.11000000000001364
2016-04-30,-6.245761141698836e-05,-0.0001279422004039077,-0.003730865577798781,-0.0028498063860098455,-0.00770933566450438,-0.0076984227725676035,-0.008709351468130677,-0.00904891932351326,-0.003865282005564019,-0.0105833774809998,-0.006330929353666193,-0.007739406967969487,-0.004290758983645837,0.004503814022138286,-0.000884514619993837,-0.09567901753740582,0.006332755827748393,-0.10970000000000368,359.0,0.02072209299999994,0.0033918709501747912,0.0018467225931644293,0.09999999999999964,-1.0999999999999979,0.07911300356235884,-0.008725658117231028,0.019725684414394706,-0.012981575639153142,0.03698207331082415,-0.013207739167777177,0.001776576830446075,-0.00025400696115696064,-0.029622653474274507,0.005706578033120024,-0.0019472622785929872,-0.0028538091751304506,-0.00043327557003713935,0.0020993144569043665,0.002813149619514732,0.0007788634180823095,0.003442978334732061,0.0019469463438941403,0.0018052175675933313,41.0,0.0,41.8,7.01301578963963,5.030437921392435,5.081404364984463,6.285998094508865,5.560681631015528,7.0192966537150445,4.584967478670572,5.214935757608986,6.35088571671474,5.572154032177765,0.007334928790617923,-0.04922946339389789,-0.0022474556471792084,-0.006439741244008701,-0.0017260277389272716,0.0009053017347522285,-0.014156207558050582,-0.025144623100162633,1706.6861486486482,0.003425357091571435,-0.00010649371304083388,0.060615039528459924,-0.020000000000000018,-0.020000000000000018,0.020000000000000018,0.13,0.15999999999999992,0.10999999999999988,-0.14000000000000012,-0.20999999999999996,-0.07,0.1,0.3,1.02,1.53,3.46,4.77,-0.017175943560194362,-0.011048716115527686,-0.014799836993586446,-0.0028732631281242482,-0.04226658797342575,0.009474283686058627,0.014093503256376039,0.010586098804619581,0.03303248622569743,0.2577438236080263,-0.01043725750796387,0.0044604531351639665,-0.007603275068499116,0.034978815869019186,-0.004236778782138906,0.01169848341094859,-0.0013954696837208402,0.0001941488532546387,0.0057335895464287745,0.006984948727137841,0.00526182376464579,0.0028602836361271144,-0.0019205177846650656,0.012928049688282428,0.0005134678847609209,0.007631708436766971,0.01725627029871113,0.0014779225637369109,-0.7000000000000028,0.0012309409088722134,15.6595,-85.59999999999854,0.11000000000001364,11.100000000000364,0.6659999999999684
2016-05-31,-0.0015369655405894633,-0.0017627521570524607,0.002647145525610739,0.005412433792649551,0.003193639850108454,0.005367911964036409,0.006306201441250714,0.010888960671047165,0.012845712700596756,0.010306505229170426,-0.0010658786253463504,0.0002965697979249171,0.0013042637881266472,-0.009557948568273744,-0.0013070956820513402,0.11165731509324672,-0.02013620853303877,-0.14449999999999363,-326.0,-0.050527715999999945,-0.00023875345677737414,-0.0009527212820188424,0.09999999999999964,-0.40000000000000213,0.06984685426636172,-0.016744577273802186,-0.006532089734255564,0.05177227373528126,-0.038378396553751415,0.010392157767613597,0.0013425295129572135,0.001167898170173487,-0.01896990176259017,0.00358744779365594,0.0009741051180185423,0.000649308509274249,0.0015156438973740194,0.0013702496804022246,0.0006651147568099702,0.0007609692347632091,-0.0001331790149894374,0.0027921110703630347,0.00027050178245247025,41.1,0.0,41.8,7.0587581525186645,4.77912349311153,5.332718793265369,6.398594934535208,5.4638318050256105,7.05617528410041,4.709530201312334,5.231108616854587,6.3578422665081,5.652489180268651,0.05109706472127762,0.1699922228233195,0.005292784723623711,0.008449555588370572,0.0022053598532387753,0.0024101388081145814,-0.013228551364100838,-0.016561274202427256,1673.8861486486485,-0.007408432217117067,-0.002193477677186806,0.026158968489260026,0.010000000000000009,-0.05999999999999997,-0.09000000000000002,-0.09999999999999998,-0.11999999999999988,-0.07999999999999985,-0.19999999999999973,-0.33999999999999986,-0.14,0.0,0.19,0.89,1.44,3.25,4.42,-0.02258583427686478,-0.01820569697322465,-0.03038480162552304,0.004900597878217339,-0.0313341561704355,0.0010465307575877603,-1.2435915381026064e-05,0.0016584364395200168,0.01113750906522526,-0.13208335595924448,-0.034860872933756504,0.0006934339142823376,-4.789145615990975e-05,0.0003471236783658682,0.0015681394030595541,0.000883445530203808,-0.0006958893955042456,0.0005285139719717336,0.00028282694430092903,0.0008382161320676929,0.0006112940580482729,0.0009338344961857814,0.006740742058513938,0.0002866844488602638,0.0002421961731968736,-0.003164393507300023,-0.012934354395737646,0.0024444624782500313,-2.0,0.0029736111698444034,14.216,11.100000000000364,0.6659999999999684,-16.900000000001455,-0.21399999999999864
2016-06-30,-0.0004751252673251827,-0.0007467161807355183,0.0016406048120627403,0.0027783290363707636,-0.002262973409519198,-0.0027965273514221067,-0.0034010563219819545,-0.004071582362664472,-0.014326391717463416,-0.0010145393516127754,-0.002304374657888353,-0.001577242043374838,0.002035144909105391,0.002069003950900594,-0.000706079209920496,-0.011980576640536533,0.005457643165382997,-0.09830000000000894,-26.0,0.03561558199999992,-0.0022458136356018343,0.0003838441375219048,-0.2999999999999998,-1.0,-0.13606792555331548,0.06007265403733886,-0.10512885414735074,-0.0981263831068313,-0.10914555115689684,0.03145495216788596,0.00031276607090546804,-0.002337161921497355,-0.017873432893583008,-0.0019416031788477284,-0.0017865848507216953,-0.0032507667922221373,0.0006488591122000287,0.0007327157914041038,0.000627758001449763,-0.00041500234034330674,0.0003614446410793448,0.0019377503943935892,0.0006759345051534638,41.1,-0.09999999999999964,41.9,7.045776576879511,4.418840607796598,5.25227342804663,6.391917113392602,5.6240175061873385,7.094234845924755,4.663439094112067,5.181783550292085,6.375024819828097,5.811140992976701,-0.029674064478161455,-0.01649527413951013,0.0012982729476345156,-0.0019033485978248166,-0.000977540060739912,0.0029107728460342486,-0.0028804556599162368,-0.00446027792469561,1630.6861486486482,-0.000620562847924333,0.0022160945832805368,-0.004824826014268702,0.0,0.04000000000000001,0.03999999999999998,0.029999999999999916,0.040000000000000036,0.0,0.029999999999999805,-0.11000000000000032,-0.1,0.04,0.22,0.93,1.44,3.28,4.31,0.0038307584252033067,0.014734180315505115,-0.006445077255145648,0.01421512686022014,0.009859180121465805,0.0005134927075243212,0.0014872767073699222,0.0016363770370269037,0.007448455904972562,0.05471997335041712,0.010105447053464722,-0.0014620211320552912,0.007811933145997152,-0.01002326564809497,-0.0006188506737556665,-0.004371339162939414,-0.00044897703739898986,0.0003266125454510771,-0.0013144716612822904,-0.0026490835607555496,-0.001538120190966552,-0.0016394447167167314,-0.006875049090589336,-0.005713137898593068,0.0004150043921491431,-0.0013479251709869189,0.005423662795037032,-0.004434579946866357,5.700000000000003,0.00010064463899439602,14.7401,-16.900000000001455,-0.21399999999999864,48.5,0.009000000000014552
2016-07-31,0.0010482839873660055,0.0014853410155275526,0.00443368469490224,0.010599310821000074,0.0048389221791156345,0.004736985698984064,0.006080812185802031,0.009204581094510722,0.020784192895018094,0.005749225381157075,0.0005096242918423144,0.004955412543931281,0.004917842553891383,-0.005946734219708816,0.002317817680553169,0.036343351651921374,0.0197753457359946,0.13400000000000034,-35.0,-0.013488748999999967,0.0011518454401908684,0.0006019414446445381,0.10000000000000053,1.1000000000000014,0.05666751991226615,-0.03095111381380189,0.026450521615695166,0.018979331561239654,0.031196597883234034,-0.034278483455493,0.0017080609333799401,0.0010168285994840431,-0.0163803826313611,0.0017923828547630194,0.0014619885644986397,-0.00039080310534522766,0.00453026338382756,0.001817392783545202,0.0006642556890490425,-0.0008305217191644232,0.0010835507303230685,0.0019340027785741398,-0.0008562608964091112,41.2,0.09999999999999964,41.8,7.0925737159746784,4.7535901911063645,5.25227342804663,6.3818160174060985,5.720311776607412,7.0967213784947605,4.770684624465665,5.1647859739235145,6.418364935936212,5.71042701737487,-0.07541238143807583,-0.19943944840145278,-0.011844761360222833,-0.009643678336814787,-0.0005415771509795775,0.001929580306262224,0.006571772839931711,0.010830676204040657,1614.2861486486486,-0.005892500541463619,-0.001126549367608476,0.008839804613195668,0.010000000000000009,0.0,-0.009999999999999953,-0.039999999999999925,-0.13000000000000012,-0.17000000000000015,-0.1499999999999999,-0.14999999999999947,-0.11,0.02,0.17,0.79,1.26,3.12,4.15,-0.0008201769591664743,-0.008422399828919038,-0.03265664914884425,-0.022771778870652404,-0.003947526315072447,0.003109958096416676,0.002952719307766749,0.0010590778134940138,-0.008290482049356562,-0.09355040472809106,0.003503031068535556,0.00041080564287998556,-0.010734431524704213,0.003932114274930676,0.0007742637995651336,0.0015616738151127407,-0.0014674719950722448,-0.0002735348896285572,0.00033835018412720075,0.0006836852638123503,0.0003736263286526764,0.0001193944331054908,-0.0027779151699327542,0.004618708833210583,-0.000817871808591164,0.002647763996427077,0.0007295318007178864,0.0014644738242695077,-1.2000000000000028,-0.0014170434070184257,18.5502,48.5,0.009000000000014552,-23.19999999999891,-0.49799999999999045
2016-08-31,0.004246666132841526,0.004645332586603601,0.0018253607078273504,-0.0009955268781123294,0.001150945557358618,0.0008422424246310456,-0.0011290328649016246,-0.0018217651406917668,0.0016641168780795468,-0.0028670383626883122,0.000416963159416639,0.0015418848480557301,0.0011055521668543733,0.0009549848311021236,0.000500498498901436,0.008481135729107692,0.0027544424519980737,0.0031000000000034333,220.0,0.038787090000000024,0.001426950748317779,0.002186428505872584,-0.10000000000000053,-0.1999999999999993,-0.08398061243299715,0.03887020491274917,0.01978367012989679,0.08984234066234009,-0.021889395227677966,-0.022301505611748595,0.0025912314527385405,0.002537557187878292,-0.007126905114327897,0.005061040871293443,0.0017029562563450895,0.0016923781947308925,0.001720430531882755,0.0025997174211482843,0.0016955403988312412,0.0007613379150654964,0.0009621715433141276,0.002773592371969613,0.004902301301834555,41.3,0.0,42.0,7.122059881629142,4.890349128221754,5.062595033026967,6.466144724237619,5.720311776607412,7.088408778675395,4.700480365792417,5.278114659230517,6.419994928147142,5.627621113690637,0.04371182681899022,0.09366966848342706,-0.003911005305230475,-0.0018828189904880333,-0.0004952783282519135,0.004723903663913731,-0.011079951084088435,-0.016773481346771035,1557.9861486486484,0.0021030967357287267,0.00024318626477004557,0.03071974391774024,0.010000000000000009,0.02999999999999997,-0.010000000000000009,-0.040000000000000036,-0.09999999999999987,-0.1399999999999999,-0.2200000000000002,-0.3100000000000005,-0.09,0.0,0.12,0.68,1.11,2.89,3.83,0.01711528572322507,0.013828645464460013,-0.011070929937656793,-0.07782638691265609,0.012179291842645656,-0.0067796869853786745,-0.006969651556692824,-0.004410366880466476,-0.021028828954317902,-0.1310080273896168,0.017816020494809237,-0.0032759390773478003,0.00027437556475184977,-0.02215096077266754,0.001595496129184859,-0.008623917781801715,0.001967329737220247,-0.0003277655523516998,-0.0038917574228873875,-0.004459523702537993,-0.0037198598277026207,-0.0015779515381444398,0.002756999823541939,-0.010540675594013393,0.0005171507752788074,-0.004433412443207718,-0.006163936702246353,-0.0019588602738340732,-3.5,0.00476712713832228,13.0704,-23.19999999999891,-0.49799999999999045,-17.400000000001455,0.4449999999999932
2016-09-30,0.0011102550604604744,0.0007721284515618265,0.001075197351076973,0.0003489916510819313,-0.0010375130176951686,-0.0003637456192180366,0.0010093473660646168,0.0016235451944055512,-0.004720730532895345,0.0035445361960491084,-0.002519128721612418,-0.0019510007747127744,-0.005310555238688508,-0.002773789834211726,-0.0037548162078282488,0.024548750443593725,0.0076354477300260015,-0.30920000000000414,-285.0,-0.05094781599999998,0.00230897717059797,0.0014835183858359358,0.10000000000000053,-0.6000000000000014,0.03654595652596182,0.030213778596496432,-0.032758227745501856,-0.11064815674961448,0.013800372354594082,0.01568209609907356,0.000982080568036281,-0.0013694810793438705,-0.008016074988236532,0.00014846707769855527,-0.0018652939190388906,-0.0027352670912339505,-0.0004298302236822593,0.0013533481411034387,0.0016926704070883147,0.0004496091934349522,0.0010813375490474897,0.0019249284095845809,-0.00022435106548712724,41.1,0.0,41.8,7.065613363597717,4.897839799950911,5.135798437050262,6.349138991379798,5.68697535633982,7.0909098220799835,4.8283137373023015,5.247024072160486,6.385194398997726,5.680172609017068,0.00658923993630367,-0.017887522714820747,-0.0025591786749092904,0.02109195324737989,0.0022895400102012076,0.004664612291833237,0.02559952928849185,0.041147585062492276,1600.2861486486486,-0.006521718287658906,4.833796266012769e-05,0.013212161550955948,0.010000000000000009,0.0,0.04999999999999999,0.05999999999999994,0.05999999999999983,0.06000000000000005,0.040000000000000036,0.020000000000000462,-0.1,0.04,0.17,0.73,1.16,2.92,3.84,-0.011050500425017873,-0.012179670546858219,-0.028748609474079423,-0.002515724597247193,-0.004145879258916962,-0.0031233757822679564,-0.004958848657317105,-0.003280782358639378,-0.016280866710096653,0.08962251881489847,-0.02895919882871656,0.002351341723498379,0.005251775889422383,0.01086803636706879,0.004744637513098837,0.005757024249027687,6.229420635062155e-05,0.0002755341491127439,0.0026512259577362585,0.0032899330274434035,0.0021180560503850643,0.001219247034020654,0.0009315498349442564,0.0069300753053544994,-0.0004963572742671118,0.00044023464691100855,-5.880915572298306e-07,0.0019474161138250956,-0.20000000000000284,-0.004723042557079893,12.2931,-17.400000000001455,0.4449999999999932,27.299999999999272,1.1659999999999968
2016-10-31,0.0023537347415807375,0.003022800485018351,0.002667635819674885,0.006888162587934232,-0.0008865343119746072,-0.000828467141959166,-0.002008628208832519,-0.001954863909815252,0.004205592074366216,-0.003792436179512748,-0.004145750484009447,-0.0009764176485882459,-0.002245394421033886,0.010160153138780714,0.0020361958094987642,-0.032268941818442975,0.006390536754041776,0.1396000000000015,191.0,0.008518232000000014,0.0009521543209238814,-0.00011860051407452943,0.09999999999999964,-0.6999999999999993,0.12914542068126877,-0.02758795651882906,0.01747617293456294,0.07905783246202436,-0.01896034252370349,-0.0466103784416223,0.002106143464530419,0.0014201666010364988,-0.0028545061780347325,0.004739345363896419,-0.00016236402048974696,-0.0006523582983000153,0.0006446760726124268,0.0022142560716229553,0.0004410953940290341,0.0017964180119935946,0.0004486330983226594,0.0008409924205654562,0.001748604924664221,41.2,0.0,41.9,6.97354301952014,4.543294782270004,5.0238805208462765,6.297109319933935,5.631211781821365,7.172424577124845,5.0238805208462765,5.220355825078324,6.439350371100098,5.8289456176102075,-0.0008644076127914957,0.004777247660236128,-0.004140297718532082,-0.01831414232095696,-0.0018740789753675102,0.0020189117703193205,-0.03304568476396952,-0.05499674725011783,1511.8861486486485,0.012318828656036729,-0.0008979042222705402,-0.009130039869454265,0.0,-0.010000000000000009,0.020000000000000018,0.020000000000000018,0.050000000000000044,0.06999999999999984,0.0900000000000003,0.0699999999999994,-0.11,0.06,0.19,0.78,1.23,3.01,3.91,0.002704308200577543,0.0021601613090591817,0.005378724500082477,0.0029724498849308945,0.008427231364410925,0.0072857126969552155,0.00942056512373668,0.004364138218702074,0.007252993910657146,0.008667160668677898,-0.005768965230544154,0.0007722611045837269,-0.003975491167928169,0.010294654866452646,-0.008119468604316893,0.004030286943801364,0.00019377515498142373,-0.0008521928109352928,0.0009330215176088785,0.0008846441308953956,0.0016029629324352257,0.0005049533004202189,0.0015079513275111367,0.003713957449416938,-0.0006358305075098158,0.00043848806289137343,0.0019118249432108492,-0.002923978691435458,1.4000000000000057,0.003981704416313292,14.1336,27.299999999999272,1.1659999999999968,-14.699999999998909,0.3300000000000125
2016-11-30,0.001715900843580087,0.0012692441489523532,-0.0004594298046560752,0.0017443986855916194,0.0006940965093038542,-0.001703327537209809,-0.0014160136947829471,-0.005124323601003233,0.005954475045364838,-0.008465374638028322,0.005282036529474787,0.00386426216547342,0.005555202234715395,0.0006025032543082176,0.001381967259930228,-0.0523023698028533,-0.011402625321160542,0.1039999999999992,-277.0,-0.022049348000000024,-0.0006827029035765264,0.00021083563463974997,-0.09999999999999964,0.10000000000000142,-0.06597545046210129,-0.0065775286471456695,0.00607710170296194,0.005054770661623742,0.006702783537619439,0.016952899604948612,0.0006826809628215358,0.0014687637171562073,-0.002019862662825389,0.0045699202404012595,-8.119189709354657e-05,0.0,-0.00021484584893016745,0.0005587841003684701,0.0008816075213768926,0.0008970002843948777,8.843911288636264e-05,0.0007202881463879152,-0.001255099003794058,41.3,0.10000000000000053,42.0,7.180069874302796,5.075173815233827,5.262690188904886,6.431331081933479,5.82600010738045,7.134093721192866,4.787491742782046,5.278114659230517,6.38856140554563,5.8377304471659395,0.07129446435054909,0.21156329772980875,0.011318787771950056,0.0010739888493862537,0.000970887950328958,0.0032697576815579055,-0.023437673764593825,-0.038147087455364215,1342.8861486486485,-0.001526774707863332,0.0007087288760132537,-0.006822155828836607,0.0,0.040000000000000036,0.009999999999999953,0.07000000000000006,0.09000000000000008,0.13000000000000012,0.09999999999999964,0.07000000000000028,-0.07,0.07,0.26,0.87,1.36,3.11,3.98,0.02091660499480774,0.014688146561656972,0.020645212038937544,-0.0636256958802115,0.010850290445930943,0.0015327341342379341,0.001935070666808869,-0.0010997077795327215,-0.004619521084080702,0.08672510370657527,0.023546317672371586,-0.0002798275010134077,0.006665854649048342,-0.0009150365784629244,-0.001838336421179143,-0.0005027471650267401,-0.00010553690505155089,-8.988717120228529e-05,-0.0003371193631958036,-0.00042693193526144313,-0.00013727390927531502,0.00014813684730086152,-0.00132854899396051,-0.00027385299070292746,0.0005062687495351881,0.0004361712292979547,-7.154679572796141e-06,0.0014587894636597376,-4.0,-0.002834291865218219,14.5743,-14.699999999998909,0.3300000000000125,0.7999999999992724,0.0010000000000047748
2016-12-31,0.002658360292461026,0.003612249813768287,0.0016835450243295469,9.914744224381877e-05,-0.003850452318468811,-0.004477497339384406,-0.006472160605401456,-0.010543827033139053,-0.015825575054214447,-0.008933013412308455,0.000578168378733146,-0.0030310746429274005,-0.0037192492351589834,0.006169957754405431,-0.0006696233568703747,-0.05201556640305416,0.003964846555550849,-0.036000000000001364,380.0,0.07476137199999999,-0.0006204737735533428,0.0010600928738551119,-0.20000000000000018,-0.7000000000000028,-0.01240197789237385,-0.049604397899484454,-0.05337655847220191,-0.0713967187983453,-0.0425149306680348,-0.04008113011746772,0.000806204371674113,0.0011127972822588816,0.005544834839827928,0.003523715288963558,-0.00040605839677532174,-0.0009140171688102328,0.00042964554903690555,0.0007578507715866323,-0.0009551099102385052,0.00024136266581642474,-0.0028466078191140554,0.0013191822984008894,-0.0008076819967026694,41.3,-0.10000000000000053,41.9,7.038783541388542,4.406719247264253,5.365976015021851,6.361302477572996,5.579729825986222,7.114769448366463,4.7535901911063645,5.220355825078324,6.393590753950631,5.802118375377063,-0.07610370660945343,-0.2639168502127962,-0.0027688570256287903,0.000793144418070213,-1.6099922651946486e-05,0.004416561898386462,0.060858987467035774,0.09639076978332284,1388.5861486486483,-0.006149259405009211,-0.0026344071363961774,0.010199693347098027,0.009999999999999953,0.12,0.09999999999999998,0.07999999999999996,0.33000000000000007,0.3800000000000001,0.3500000000000001,0.33000000000000007,0.04,0.16,0.33,1.19,1.73,3.45,4.3,0.017602695007253644,0.008770659579786066,0.042723609022979225,0.00823847644903869,0.013715785562173677,-0.007762255247590666,-0.010828028817210011,-0.0016329442988389786,0.014878850043452907,-0.18334944173738554,0.015888721872483025,-0.001161694380113154,-0.004145466956202881,-0.006157707685887637,0.0004938089296899761,-0.004709565003436111,-0.0006325393145418801,0.0005801914705898525,-0.0012670962545566766,-0.001463770437920786,-0.001308243166710632,-0.00171149556553285,-0.004958779343872344,-0.005416614773520401,-6.480983849055377e-05,-0.0013203230407525801,-0.0022902225720891067,-0.0014587894636597376,6.599999999999994,-0.008685600069481936,14.994,0.7999999999992724,0.0010000000000047748,51.400000000001455,0.8669999999999902
2017-01-31,0.0029248240444506024,0.003599248415264711,0.007009730536254644,0.011855193124004515,0.007055280199313785,0.009442461396672819,0.014218514311705732,0.015043557275739694,0.0036755635477483395,0.018448590369788853,0.01221757127443368,0.0038885681533864513,-0.0004662596503370864,-0.011222023694936745,0.00046958767144555935,0.12460162368034755,-0.0005617576213285957,0.06530000000000769,-7.0,0.002432853999999929,0.0010777483623787276,0.001335039049235931,0.0,0.40000000000000213,-0.021018007834876506,-0.021496154818192892,0.04215309610235174,0.11336091789737779,-0.0026845653706688566,0.02590766450354387,0.0015485685720744158,0.00040434673282696565,-0.0006704659989678063,-0.0007330841175754443,0.0010554090689431916,0.001044522878618892,0.0010733069614676793,0.0017289394437529637,0.0022393959320989865,-0.0006897622318273733,0.0020756610963150735,0.0031111668029133455,0.001211278495377499,41.1,-0.09999999999999964,41.9,7.132497551660044,4.499809670330265,5.3981627015177525,6.318968113746434,5.955837369464831,7.129297548929373,4.770684624465665,5.204006687076795,6.416732282512326,5.817111159963204,0.014554788251151862,0.03964971699706332,-0.0023518043791206367,-0.00502960636984362,-0.0021760619072548337,0.0008993218985331453,-0.04345041649193426,-0.0704618031006854,1282.1861486486482,-0.004301382009637145,-0.0016950779732631815,0.037015573142006986,0.13000000000000006,0.06,0.06000000000000005,0.13,0.3599999999999999,0.3500000000000001,0.19999999999999973,0.1200000000000001,-0.03,0.09,0.33,1.42,1.95,3.52,4.29,0.017328889610801035,0.022921080855130883,0.0673491223458429,0.0040939250436221875,-0.007096731685765689,0.010823356548127272,0.01470148111040448,0.0048623836237089435,0.06341360605170365,0.21583464375649797,-0.042467859717473466,0.0013430876020397164,-0.003986620418214848,0.008243113010582448,0.0009779571554764388,0.004143589747753751,0.001040538890771714,-1.5999416630663177e-05,0.0015125437869034641,0.002040922268425227,0.0013718154704651653,0.0013836923264562984,0.004471274578586204,0.004094102020053114,5.7085339780549305e-05,-7.701432411799658e-07,-1.4512472734651283e-07,0.0019417481829102634,4.400000000000006,-0.0003166516447894452,12.3985,51.400000000001455,0.8669999999999902,-13.600000000002183,1.0900000000000034
2017-02-28,0.0029946702569585426,0.003106442443950641,0.0005971085953575539,0.01105761187961285,-0.0022723560797777154,-0.005500117664684723,-0.00769387298286528,-0.012619335430556156,0.0022688317756882626,-0.017048004696119,0.0008841128006418231,0.0019925385691248465,0.009036538223200274,0.004529517671609362,0.0017577380133069198,-0.0909635185472446,-0.006901766280195787,0.17839999999999634,-347.0,-0.04083718199999997,-0.0003632969867517488,-3.286133502733435e-05,0.0,-1.0,0.029303059368983142,-0.039995694526360204,-0.012329812267674711,-0.03609907964663428,0.0032206147000426455,-0.03305419823761824,0.0015118407475629425,0.0016157539490926354,0.0023446669592548375,0.003221557918747564,0.0008110958348801489,0.000913063390898472,0.0006434316575862908,0.0014954701187424035,0.0016121943987350562,0.0009310666557631464,0.003407889399056785,0.0032206147000426455,0.0005378754051683643,41.1,-0.10000000000000053,41.9,7.081708586105575,4.77912349311153,5.262690188904886,6.481577129276431,5.41610040220442,7.172424577124845,4.990432586778736,5.288267030694535,6.499787040655854,5.680172609017068,-0.001130350483387943,0.04652695862805878,-0.003081981822836255,0.016432454192537804,0.002208763974289596,0.0015947651101893001,0.04535856180999431,0.0792498428245354,1345.4861486486484,0.002080126835984686,0.003256561095101418,0.01260148261642513,0.10999999999999999,0.0,-0.020000000000000018,-0.040000000000000036,-0.040000000000000036,-0.06000000000000005,-0.13999999999999968,-0.16999999999999993,-0.14,-0.04,0.18,1.27,1.78,3.27,4.01,-0.00825454212648502,-0.011742204085103316,-0.009754476136021317,-0.00933608390899393,-0.011763954383074149,-0.0005845232001426837,-0.0006069751108439547,0.005842490619976992,-0.03333343292570312,-0.11929744734147363,0.02163375014751079,0.0015135845179763407,0.00220488756572923,0.0054796293190397805,0.0006771742190370134,0.004005431659142467,0.004316212467391445,0.00030888373480486564,0.0015281185748303727,0.002511926563139255,0.0015888217039936592,0.002110880740575638,0.007399925027522514,0.003946612494637236,0.0007336343226729269,0.0017497786996893971,0.004936261440603218,-0.0019417481829102634,0.29999999999999716,0.004783134796898736,11.6213,-13.600000000002183,1.0900000000000034,-78.19999999999891,0.7039999999999793
2017-03-31,0.0029437982918434358,0.003531084924372152,0.000536081861410409,-0.0002756553292151409,-0.0038549837501049566,-0.007421828240133266,-0.010005829301943159,-0.01467168682399489,-0.004444835797959179,-0.017742512342198147,-0.00012966246803181036,0.00082456538335407,-0.0024612654409352785,0.0026429086563677373,-0.0011045031712555442,-0.11510366797951654,-0.00040194373328983346,-0.023099999999999454,306.0,0.05054081500000007,0.0014961862569045081,0.002153418726532408,-0.10000000000000053,0.1999999999999993,0.03526201196838041,0.04564808828497391,-0.07735289067092221,-0.1483197595164647,-0.03434515820397177,-0.05800255015778433,0.0015095585350231033,0.00332427021150572,0.013128564137064203,0.005976258585883798,0.0012963865046842216,-0.0003912108024071159,0.0040654811532139234,0.0012233486321235887,-0.00010983981704448809,0.0004135293061668932,-0.0013365277490731131,0.0003572066478412239,0.0004480086092577551,41.2,0.10000000000000053,41.9,7.147559271189454,4.727387818712341,5.19295685089021,6.4692503167957724,5.808142489980444,7.1180162044653335,4.68213122712422,5.484796933490655,6.413458957167357,5.616771097666572,0.010150022142747517,0.03110650617953148,-0.0007963476868013686,-0.012752148149951736,-0.0006297546863969217,0.003400990661628356,0.023180277811661654,0.035038867457967804,1489.8861486486485,0.0008836651317194466,-0.00231984577819766,0.023796841957566706,0.010000000000000009,0.010000000000000009,0.030000000000000027,-0.010000000000000009,-0.020000000000000018,-0.010000000000000231,0.03000000000000025,-0.020000000000000462,-0.14,-0.02,0.16,1.24,1.76,3.29,3.98,-0.00673281325842634,-0.006472514505617633,-0.01721412385549037,0.01029692952699579,-0.005629103560160775,-0.005124414693850277,-0.007287656822081878,-0.0048879900777931695,-0.0372519857674396,0.008161038785834407,0.018824881806572158,-0.0024435350003608747,0.0012290979023248383,-0.01719201600377751,0.0014977258841826213,-0.007327021151484203,-0.003900501053553107,7.737893464643264e-05,-0.003036607468886565,-0.0037925670737521955,-0.0028034234560694316,-0.0024717638384270657,-0.005016748911950586,-0.007481342993768791,-0.0005312185718935325,-0.0030643214064185464,-0.00797217792167304,0.00048484849434649036,-2.200000000000003,0.0037743888350725285,11.4539,-78.19999999999891,0.7039999999999793,106.20000000000073,-0.8580000000000041
2017-04-30,0.0036590533893789967,0.003936550324423749,0.0044293620592696925,-0.0013147148639571782,0.006214169136645964,0.004643703765711216,0.006226238009074514,0.005516705992766546,-0.014305303252191592,0.011444491841571924,0.007276525415215396,0.008265927660827899,-0.003205098685224783,-0.0007578243227417403,-0.0035527126521754937,0.12261060860410478,0.006719782888475301,-0.19480000000000075,-112.0,0.018891714000000004,0.0017375221561515275,0.0038292278703320193,-0.1999999999999993,-0.3999999999999986,-0.07610119585529329,-0.02762080349789464,-0.048049697641707745,-0.007782140442055052,-0.07244546138010843,0.015086493033379611,0.000829286895106307,0.001808591299321094,0.007238064170905112,0.003047234455468839,0.0008902918317001962,0.0007822686187708427,0.0010671220733069475,0.0006745844617270791,-0.0004761120051846035,0.00046501615477367864,-0.001850127605585783,0.000832986303890948,0.000134363453343056,41.0,0.0,41.8,7.081708586105575,4.7535901911063645,4.955827057601261,6.453624998892692,5.6937321388027,7.148345743900068,4.890349128221754,5.220355825078324,6.455198563340122,5.762051382780177,0.0064348259422892795,0.01445274076656311,-0.0009191294016357432,0.010198738891403991,-0.00041197907755119445,0.005043572866453516,-0.012199519662130953,-0.02855242060112051,1574.7861486486486,-0.008736582526283065,-0.00011987813131852931,0.006865059565405396,0.13,0.21999999999999997,0.22999999999999998,0.19000000000000006,0.10999999999999988,0.06000000000000005,0.05999999999999961,0.040000000000000036,-0.05,0.08,0.22,1.22,1.69,3.22,3.89,0.005930415754384022,0.0004993757906525255,4.339583958579141e-05,-0.01191544570130923,0.020985069588088545,-0.003554462465329422,-0.004326811842530809,-0.0069020714671799155,-0.0316382225962073,-0.09889591307805556,-0.03743696363815552,-0.002058701222171777,0.0025745625997899424,0.0005652800938475977,-0.0023507174228498684,-1.6920346150861576e-05,-0.0027402901525164225,-0.003248712187532199,-0.0022869563328766773,-0.002574970867470938,-0.0020397278902812843,-0.0018687832640189583,-0.003182414676096812,0.0004998984303741238,-0.002400841154958755,0.0034947881711739903,0.006445791752032193,0.0019358740627217763,0.6000000000000085,-0.0024129678506010777,11.7747,106.20000000000073,-0.8580000000000041,-29.700000000000728,-0.6109999999999616
2017-05-31,0.0017968574982294427,0.0029130426741872384,0.0003321673952880744,0.0034490588042768167,0.009969403101062646,0.012175618622968898,0.015066332795437454,0.009124091523061928,0.024889569127714672,0.004443824940696395,0.0299990694444503,0.007097873478684846,0.010807208371032218,0.007478269709671359,0.011228829798391793,0.006750715332740853,0.004170371469172096,0.940100000000001,280.0,0.03764350399999994,0.0012980450022475054,0.0012405329352720429,0.0,-1.0,-0.0012900453304904858,-0.0004829751361699053,-0.0051948168771041026,-0.04494016306894277,0.01890192129238155,-0.02578411715571427,0.0014034225269625722,0.0014545457109953475,0.013997624379135765,0.00202634314523209,0.00048527985423341136,0.0003909049499242201,0.0006397270716096415,0.001395341688645857,0.00010989212267631387,0.0003959543843414792,-0.001144624343575984,0.002020082678514612,0.0002686727581995285,41.2,0.09999999999999964,42.0,7.044032897274685,4.442651256490317,5.318119993844216,6.318968113746434,5.71042701737487,7.1316985104669115,4.8283137373023015,5.25227342804663,6.396929655216146,5.814130531825066,0.005394851753740326,0.010600732537385582,0.000948792014838773,-0.013747263494828132,-0.0004212798026248521,0.002919816004233411,-0.03792562041478753,-0.054375571171923376,1531.7861486486486,0.009846893221647335,0.0019413406486172846,0.005674503619333748,0.10999999999999999,0.06000000000000005,0.06000000000000005,0.030000000000000027,-0.18999999999999972,-0.18000000000000016,-0.13999999999999968,-0.10999999999999943,-0.1,0.03,0.14,0.92,1.4,2.97,3.67,-0.005287832011712901,-0.0005992808808999548,-0.025341310991739086,0.023374153079382676,0.0037280090895119855,0.005567967555691666,0.006710510919702983,0.005803234434741178,0.0533215949851682,0.1150573302826845,0.024148585561324154,0.001700702680034638,-0.0034454290280736544,0.0006931195442581028,-0.0025856858549317963,0.0002755093616775284,0.002009995541831344,0.002494296438353416,0.002076619999047402,0.0021212917913455698,0.0021072122163054985,0.0024193080414338652,0.002127939440258686,-0.0009503865773252684,0.0034922878471821406,-0.002621423671736789,-0.00606348335898188,0.0009584744794106648,0.09999999999999432,-0.004355166244861763,13.1576,-29.700000000000728,-0.6109999999999616,-12.600000000000364,-0.7540000000000191
2017-06-30,0.0063145214803430605,0.0071441099385598505,0.0006338315327063526,-0.005435182501804192,0.0008632680023907824,0.0018637642046890335,0.003047900390924063,0.003914335265591262,-0.012543850333739393,0.008794094797435648,-0.0011019571351855717,-0.0004394533031470971,-0.006835577082947353,0.0006502732712965198,-0.001652340442691802,0.0428346365354324,0.008567510053629768,-0.030500000000003524,-265.0,-0.026932794000000038,-0.0017290189162597613,-0.0012144005879974884,0.0,0.5999999999999979,-0.09376232499361148,-0.049515064527380304,0.03939240171066061,0.09354429803125264,0.006997113095948748,0.047995500918428746,0.0014082872498484278,0.0015024793731459596,0.008850327299736449,0.0021665351148030254,0.0008082767979651351,0.001171798845106764,0.00021315144490863247,0.0013933974228184098,0.00021974802315227748,-0.0007403900299465249,-0.0011586056244343723,0.0014234877848551264,0.0005371290581663857,41.3,0.10000000000000053,41.9,7.053585727193677,4.454347296253507,5.093750200806762,6.368187186350492,5.783825182329737,7.0967213784947605,4.812184355372417,5.1647859739235145,6.386879319362645,5.755742213586912,-0.008323637683268714,-0.027204103050344486,-0.004259223311986915,0.01853431521954718,-0.0003126956946815085,0.004625204725895671,-0.003441095380305015,-0.0059564280834738526,1475.8861486486485,0.0007449324977342187,-0.00016345424044494905,0.015160154565969641,0.010000000000000009,0.08999999999999997,0.08999999999999997,0.08000000000000007,0.020000000000000018,0.0,-0.020000000000000018,-0.020000000000000462,-0.02,0.11,0.21,0.93,1.39,2.94,3.64,-0.008904692395124592,-0.014288832361852046,0.0193642128885001,0.02268557860742698,0.012498776029596426,-0.015207960048035929,-0.018250058816597026,-0.008964459406644032,-0.025424522392119897,-0.08631906661996958,-0.029996370987028342,-0.0020076695167965397,-0.0043999241359351515,-0.010120341640460495,0.001377387295612209,-0.0054403497349984065,-0.0005226132761686486,2.1686069366033678e-05,-0.0023478126520526388,-0.0030196724384898843,-0.002325520688930993,-0.0023383354337251916,-0.0006192824565456334,-0.006453113251270182,-0.0013333999524087758,0.004347642910021321,0.009075475573754765,-0.0014533418432649547,0.09999999999999432,0.003649586781179437,10.7091,-12.600000000000364,-0.7540000000000191,-15.199999999998909,-0.5060000000000002
2017-07-31,0.0010136154217175175,0.0007398918064467352,0.003193222643862903,0.0051213410149717475,0.0020851527770453515,-0.0013366092218989323,-0.002484250599041893,-0.004481473083816745,-0.005864991119791441,-0.004076810338906611,3.701826851987278e-05,0.006559671358226105,0.005244450321586491,0.00421108130107406,0.0005670524705418956,-0.008713499698020932,-0.004871662954138323,0.1466000000000065,479.0,0.08507206300000003,0.0007743708624019519,0.0016253956911995715,-0.10000000000000053,-0.09999999999999787,0.09247061329624717,-0.02362719050638251,-0.08428392546443586,-0.1600595758876331,-0.03970892062790288,0.036965194233470555,0.0013858407545637164,0.0023493550082687165,0.005272841169259301,0.004462686453400977,0.0010497840831664718,0.0010404474862379942,0.0010650762536279501,0.0012334357488992254,0.0005125576739590798,0.0008436566990006611,-0.00048790225181072344,0.0018948371372822237,0.0005815644246496277,41.3,-0.10000000000000053,42.0,7.130098510125578,5.093750200806762,5.342334251964811,6.2878585601617845,5.82600010738045,7.210079628170788,4.672828834461906,5.393627546352362,6.492239835020471,5.902633333401366,0.06398391647041457,0.1951728133610331,0.010093247798884875,-0.01597158930850462,-0.002239664621857429,0.0009729029305898251,0.00937585157482701,0.015705068950900625,1456.5861486486483,-0.0014720216403043551,-0.000985067066565648,0.016002528120612425,0.13,0.08999999999999997,0.07000000000000006,0.07999999999999985,-0.07000000000000006,-0.10999999999999988,-0.16999999999999993,-0.17999999999999972,-0.06,0.05,0.16,0.73,1.15,2.64,3.33,-0.01505732722959685,-0.01903065413709521,-0.011915481563214314,-0.009246734363773351,-0.02312284722788599,0.01065703443116739,0.012500162764231604,0.003161224971902854,0.006325798637692337,-0.018646760668923346,0.019831260625249314,0.0014256940796917306,0.004021003395340728,0.008590183857640099,0.003244508488258191,0.0038659020948434986,-0.0018927573131684028,7.030816243247529e-05,0.0020271705476195834,0.0021013787546406704,0.0012569841988900876,0.0012736036144485041,-0.0007128273701360044,0.006263872881326904,4.629345150863884e-05,-0.0017513833799140954,-0.0019182739632777057,0.0004762598220309222,-2.0999999999999943,-0.0062844159752248885,10.4414,-15.199999999998909,-0.5060000000000002,9.799999999999272,0.2009999999999934
2017-08-31,0.003350577215126549,0.0033877970480560293,0.002513255987696361,-8.81512848618371e-05,-0.002499708172327253,-0.00233436933662734,-0.0031945557939803138,-0.0036307143041218737,-0.028475073490027647,0.0034849239320351444,-0.0032729021932418334,-0.002702285736849497,-0.008578068399399008,-0.003098580685708008,-0.003938060222155038,0.0020417415548044104,-0.010944417538204299,-0.19429999999999836,-67.0,-0.012250405999999936,0.0016840586040487437,0.0016357816132206437,0.0,0.0,-0.11203697360963893,0.051657053582976786,0.063321827959129,0.10557883243633803,0.039127694223862086,0.011227062593784254,0.0012885413655823186,0.0004492475179755928,0.004928076105022328,0.0008614501609542913,0.0,-0.0010404474862379942,0.0017017659924860595,0.0014213072099877877,0.00014639680881067818,0.0007741602898363453,-0.0005515527617614424,0.0015369158312878994,0.0006259221378392965,41.2,0.10000000000000053,41.9,7.095064377287131,4.77912349311153,5.081404364984463,6.428105272684596,5.726847747587197,7.135687347028144,4.787491742782046,5.187385805840755,6.461468176353717,5.75890177387728,-0.08467865157952303,-0.26153260740702144,-0.00546543398549737,0.0036960603044740026,0.002578706681017451,0.0038462968443546686,0.01170451457769417,0.020336412191463538,1483.7861486486486,0.000957275490332421,0.001458325508931324,0.008228209161258881,0.10999999999999988,0.09000000000000008,0.020000000000000018,0.020000000000000018,0.10000000000000009,0.1299999999999999,0.020000000000000018,0.019999999999999574,-0.08,-0.04,0.07,0.72,1.17,2.55,3.24,-0.024642788709351215,-0.007985523378927599,0.013459143731238576,0.014415501898211142,-0.046573742968686854,-2.597778099300285e-07,0.0009671180637749188,0.0,0.004221642153828142,0.10208643050157429,-0.0016343249746757493,-0.0003238201380506567,2.263167378480091e-05,-0.0030404487148221193,0.0005695194166817075,-0.0001931490622011367,-0.0010557317703154823,-0.0005564204877464007,-0.0007772607729279457,-9.310524617944793e-08,-0.00041190405058699753,-0.000471525790047167,-0.0008288101264097847,0.0013317594819497458,-0.0009732042587895506,0.0004219605065687304,-0.0015168368746363292,0.0014293072963109665,-1.5999999999999943,0.0032943865632439895,10.2381,9.799999999999272,0.2009999999999934,-12.299999999999272,0.4960000000000093
2017-09-30,0.0018196117688820124,0.001639101966000922,0.00011999760019154593,0.001999766537023717,-0.0045484028848497005,-0.0018134931426523337,-0.000509394537075103,-0.002450556809174387,0.008113813081911836,-0.005442678189713668,0.0032328823834308906,-0.008076540796115417,7.556701714861447e-05,-0.020488196669628422,-0.0022951780260891397,-0.017650619795809064,-0.0147800627744612,-0.06690000000000396,38.0,-0.01891702900000003,0.0007724701986369098,-0.00042986661770605394,0.10000000000000053,-0.6000000000000014,0.08451831204480875,0.019066820586504107,0.02024653396851317,0.08381373559816918,-0.019372487261530402,-0.012235635548668355,0.0010010522098102825,0.004083874394467557,0.005692614993286327,0.004867582982271301,0.0036253816143165807,0.00467351233611879,0.0019110314765953262,0.000512753775044672,0.000292729337228792,0.00020634156480170418,-0.0004122782873370312,0.0012986248209543305,-0.0028645619802976086,41.3,0.0,42.0,7.055312843339752,4.68213122712422,5.1298987149230735,6.3578422665081,5.720311776607412,7.1846291527173145,4.770684624465665,5.241747015059643,6.4457198193855785,5.945420608606575,0.016276372811699247,0.030395483228774722,-0.004711225877544578,0.004078124642854064,0.0001507442373291923,0.0005021610966551293,0.021121120837452878,0.03499113507584184,1593.9861486486484,0.0023275364883419414,-0.0017781084492938248,0.0008634875656676755,0.010000000000000009,-0.06000000000000005,0.0,0.010000000000000009,-0.09000000000000008,-0.10999999999999988,-0.07000000000000028,-0.08000000000000007,-0.15,-0.05,0.07,0.62,1.05,2.47,3.15,-0.014254503034790034,0.005089069507471289,-0.023308771088815128,-0.0033914014315200025,-0.00648274861077297,0.005078471565813203,0.006256607063939157,0.005263170044274901,-0.010031006260667219,-0.001799713388818791,0.04161109593586332,0.0035136428427833266,0.0012915573207488151,0.01942293203519707,-0.0018292812314681939,0.007333475228628927,0.003212582770389716,0.001283035587594128,0.004158321817065769,0.004009662793268198,0.004015691383824738,0.0018711074825397134,0.0010433756261356564,0.005332970107112089,0.000947325638534835,-0.0013013815069866652,0.0003609286102999043,-0.002875856065887028,3.3999999999999915,0.00018736602399727076,11.9212,-12.299999999999272,0.4960000000000093,37.899999999999636,0.6210000000000093
2017-10-31,0.002720869854007546,0.003133522948084888,0.005454658698304193,0.02060930247149173,0.0011626012880352476,0.0034399331927152943,0.0031482836389509217,-0.001013635998805107,0.01280368682374533,-0.004968434393053833,0.015397833804277283,-0.001775252010515871,0.010713820921793626,-0.0351414366969367,0.0004628702354168013,-0.014940041263239223,-0.03453455816517348,0.1419999999999959,44.0,0.03589894900000001,0.0034439277370559296,0.005087912102876402,-0.10000000000000053,2.1000000000000014,-0.0057739445332520845,-0.08064821783433107,-0.03163325020260643,-0.07793712710918399,-0.002373888355162279,0.09485140106525947,0.000598790189567211,0.0010431932592052107,0.0025196863724552543,0.0015697470222999499,0.0006431385381269195,0.0014236720194062968,-0.0006366047960355559,0.0005282557826902234,0.0008045641159579731,-0.0003439262656002029,-0.00045687599149957236,0.00035387791581342753,0.0010303967938973813,41.1,0.0,41.9,7.074116816197362,4.61512051684126,5.25227342804663,6.322565239927284,5.805134968916488,7.149131598557407,4.859812404361672,5.272999558563747,6.405228458030842,5.840641657373398,0.03319611446145032,0.09722111840570236,0.0005828877102125318,-0.01505485839435039,-0.0008054325037534227,-0.0015611124748780014,-0.038868318634941446,-0.06759671255895938,1544.6861486486482,0.005131614879896773,-0.0012077985496876664,0.01479903995825893,-0.010000000000000009,0.020000000000000018,0.039999999999999813,0.050000000000000044,0.020000000000000018,-0.009999999999999787,0.0,-0.009999999999999787,-0.12,0.0,0.13,0.65,1.05,2.48,3.15,-0.013218521885374201,-0.002904867692630167,0.008603743866490987,0.029516824112143736,-0.026441046937147633,0.0024846720081450613,0.0037522858032170703,0.0020590384026233366,0.010564987336406872,0.0065926262306978956,-0.0262064828685169,0.0012521573773192074,0.002763028811358481,0.010763342147591892,-0.0019486379227906525,0.005269149936410145,0.001758123147368451,-0.0008349305484198766,0.0014030312869630635,0.002613055330455083,0.0015486902755412757,0.0014801511541895351,-0.0009937654629865733,0.0067922466634078305,0.00022519176843083244,0.0021389987204396554,0.0029480175699525546,0.002381743168849315,-1.7000000000000028,0.0019778450460883334,10.4955,37.899999999999636,0.6210000000000093,18.600000000000364,-0.37400000000002365
2017-11-30,0.003958106221398694,0.004255921104650895,0.0009443105992348322,0.0008047647548163894,0.012365560140723098,0.007653738243386776,0.008183000390260986,0.008079468120310906,0.007531638396404361,0.008226245368864404,0.011188472986506603,0.018460079002280416,0.003549227438834457,0.04177643253593466,0.010626044181901051,0.01915861576481248,0.048154108149929264,0.921599999999998,88.0,0.03432861899999995,-0.005170349580966516,-0.004397610166064325,-0.09999999999999964,0.09999999999999787,-0.05446324127446189,0.02897253863554461,-0.06604192873321679,-0.10167806808702817,-0.044965047198422425,-0.1173013235044813,0.0009722699868781604,0.001637108141899546,0.0029839048445232663,0.002563373662251678,0.0011244981104603369,0.0012924908093712162,0.0008487163675177101,0.0008666809029662659,0.0006943302732853596,0.001512391585153594,-0.00045073499133252426,0.00035375273053261935,0.0012529647676711164,41.3,0.09999999999999964,42.0,7.136483208590247,5.003946305945459,5.298317366548036,6.424869023905388,5.673323267171493,7.212294468500341,4.820281565605037,5.278114659230517,6.484635235635252,5.942799375126701,-0.001964495343186101,-0.03341884250592564,-0.0008535992746541154,0.016339520035103305,0.0007787430691728048,0.0035314505773911264,-0.0024571772553425575,0.0005585205888607447,1497.7861486486486,-0.004223158578452235,0.004324312860239488,0.025412073530402424,0.0,0.040000000000000036,0.08000000000000007,0.11999999999999988,0.17999999999999994,0.1599999999999997,-0.029999999999999805,0.020000000000000462,-0.08,0.08,0.25,0.83,1.21,2.45,3.17,0.01818214610145663,0.020159070001789223,0.019123407671430392,-0.010398707220898584,0.02636172907075665,-0.005062158572239461,-0.007186333254741051,-0.0016064225556666756,-0.007923524506124657,-0.0016650220030873797,-0.012214399850898339,-0.0043186444789826695,-0.0013335385586552562,-0.030305850572191595,0.0010263368002263462,-0.013063322591973403,-0.002633711582851639,0.0006400836359850004,-0.004911664966140705,-0.007022877640125991,-0.004812669017763227,-0.0024181273233336853,0.00647321649679089,-0.015862518393578995,0.00034289062272385706,-0.0042918520815407035,-0.011865623218767052,-0.00048559645532986195,5.6000000000000085,0.0004729274201551448,10.0785,18.600000000000364,-0.37400000000002365,51.399999999999636,0.37299999999999045
2017-12-31,0.002504976270799375,0.004644291949274404,0.005469367418132087,0.010118616492331256,0.0025712217474040955,-3.9649184015999595e-06,-0.001534300933776933,-0.004528223734216574,-0.009240697477173043,-0.0032028777471362346,0.005401329793685683,0.005869358192746255,0.006046490900050827,0.004375718184837396,0.0007287537343509953,0.011964445562361092,0.0027276584168705043,0.1548000000000087,-137.0,-0.030672411999999927,0.0016828305434817281,0.001275153549013197,0.0,-0.5,0.06905558510523413,-0.03899636300294329,0.016438726343159793,0.06487630192105698,-0.012507980455667145,0.022449922439221837,0.0015143132632378098,0.0028214348626338648,0.006876101478776597,0.005248611240425305,0.0012034178515207827,0.0025799807912587625,-0.0010610080570945257,0.001306479852761555,0.0015331267832330298,-0.00017174753155124733,0.002093245293346868,0.0009427292708572566,0.0008046491270086165,41.5,0.0,42.1,7.149131598557407,4.5217885770490405,5.204006687076795,6.481577129276431,5.846438775057725,7.1693500166706,4.74493212836325,5.214935757608986,6.470799503782602,5.869296913133774,0.008295436694446323,0.06128399543541008,-0.002155536038490169,-0.006235555501032053,-0.001949343314114671,-0.00028635346951766394,0.03168820146453122,0.04888322105059384,1565.1861486486482,-0.007943378283481017,-0.0010462326207711925,0.014216031327456413,0.010000000000000009,0.15999999999999992,0.13000000000000012,0.16000000000000014,0.06999999999999984,-0.009999999999999787,-0.03000000000000025,-0.05000000000000071,0.07,0.2,0.4,0.89,1.19,2.41,3.11,0.005331159594080148,0.009525811796122182,-0.0008487874279490271,0.0011355465090906458,0.013081352811507574,0.00547042961551103,0.006090430923516799,0.0004825810611075454,0.029780481469369846,0.05886395831310143,-0.020449006080247578,0.0018897025671948953,-0.00907157459114849,0.017803363796701888,-0.0007562891810710681,0.006626141199101099,0.004061515445542341,-0.0010390278314593715,0.002227565948597743,0.0036853918305892464,0.002131079184908735,0.00012743870059939155,-0.005899862770439412,0.006266641775946269,-0.0008189843117270001,0.0029933740546650434,0.008527941819190588,-0.001428900293265034,-2.200000000000003,0.00021163148792524566,10.5077,51.399999999999636,0.37299999999999045,13.399999999999636,-0.08999999999997499
2018-01-31,0.002111895466393676,0.002427868265094446,0.007775859331887958,0.005467933398263014,0.002345904426205081,0.0027775348492831142,0.0024780780112845235,0.003812819191274741,0.0059994950361241806,0.00318197066864645,0.00019087824883978755,0.0018209377456450682,-0.004440696197904437,-0.004483953705435084,-0.0019620930047823393,0.05550383329201214,-0.01257020625116656,-0.06119999999999948,65.0,0.029622414999999958,-0.00027404597915747786,0.0006434651142210868,-0.10000000000000053,-1.5,-0.018162182516997305,0.0415428375137088,-0.050966443592026955,-0.057337224747890936,-0.04702960033439929,-0.021006176700147705,0.001017307884382035,0.0027149114585256484,0.003420401344594204,0.003248819864408503,0.0023225093529504193,0.0030872162415498394,0.0010610080570945257,0.0007469170365208555,-0.00043779643165464677,0.0006524837539814143,-0.0025886532528698325,0.0007064641763268042,0.00022339879010857544,41.2,-0.09999999999999964,41.8,7.0707241072602764,4.465908118654584,5.099866427824199,6.345636360828596,5.87493073085203,7.1785454837637,4.927253685157205,5.384495062789089,6.406879986069314,5.855071922202427,0.04864227120436837,-0.0025946409304733464,0.007611780852396777,-0.007608391792821578,0.0018918899461741745,0.002145654979496925,-0.03472638322590704,-0.057973893747286454,1496.6861486486482,0.0027674786404503493,-0.0012406850179917939,0.02690564452555222,0.14000000000000012,0.09000000000000008,0.10999999999999988,0.1399999999999999,0.13000000000000034,0.04999999999999982,-0.06000000000000005,-0.04999999999999982,0.02,0.17,0.4,0.88,1.1,2.21,2.92,-0.004902300075756649,-0.004548908526369145,0.0010763667684461353,0.014049290099394263,-0.00031320961809583325,-0.0060001934946196656,-0.006141786489100021,-0.002087364245817014,-0.017896811099542553,-0.07192499655444662,-0.005787275369137923,-0.0005597817481461931,0.0011277815332686458,-0.008737447858663039,0.0020484283384005764,-0.0030594057584512058,0.0021951820875862893,0.0012002645578093052,-0.0008742591946298006,-0.0014868063195532244,-0.0007979855615181108,1.7791444464343442e-05,0.000860881539535896,-0.002612688593996104,0.0006896541479513019,0.0016924705150347386,-1.111117284002816e-05,0.0037769154286473317,-2.5999999999999943,0.006729695688948212,10.234,13.399999999999636,-0.08999999999997499,-21.899999999999636,0.0730000000000075
2018-02-28,0.0011434269429155819,-0.001387648727742885,-0.0010398376436020484,-0.00450156200579066,-1.8721766468665635e-05,0.0013848926452313393,0.004953552177916265,0.0045070610886419615,0.0028061890445565396,0.004970532207876133,0.005724883841043749,-0.0017639217841098898,0.0007900409656098617,-0.016484586566755333,-0.0032521293237186555,0.06132603110667123,-0.008921357252140716,-0.16910000000000025,285.0,0.06497420399999998,0.002358073446298903,0.003379510171702904,-0.09999999999999964,0.0,-0.01033484822154751,-0.036782183190585016,-0.012330612457478907,0.02123222010577397,-0.032855788059335644,-0.030765218044461307,0.0009282378039170425,0.0015761997155507856,0.006189096036353092,0.0002820078980914076,0.0020776737536287726,0.0024373047791304003,0.001483522577899521,0.0008248913378867684,-0.0012414650880643308,-0.0008586197357463021,-0.002264214312189594,0.0008235779040717262,-0.000446847498388081,41.1,0.09999999999999964,41.9,7.1693500166706,4.718498871295094,4.919980925828125,6.522092798170152,5.91350300563827,7.183111701743281,4.6443908991413725,5.135798437050262,6.511745329644728,5.91350300563827,-0.05743710337783625,-0.11151069270639802,-0.005276613551284726,0.015388105563745924,-0.0035771429142776867,-0.003578653594681569,0.007789434289110275,0.0166780086500653,1467.9861486486484,0.0024160261802039784,0.0006234906288380415,0.046013536513940245,0.10999999999999988,0.08999999999999986,0.1200000000000001,0.10000000000000009,0.19999999999999973,0.18000000000000016,0.040000000000000036,0.040000000000000036,0.0,0.18,0.39,0.97,1.17,2.14,2.85,-0.027939005885977863,-0.02732017508638338,-0.018493768048283954,0.030853042186635815,-0.026987906679169643,-0.0005005766069006157,-0.0014089476587892946,0.0035518700390468894,0.007989251106732098,0.07415620843701554,0.06382065078280252,0.002139651595654435,0.011325014756177865,0.009598018118541773,0.0016725137729247663,0.005553766977240748,-0.004424793473346789,-7.221558372449977e-05,0.002370479431431427,0.0034551781005465187,0.0021854235978358005,0.0022930475746845147,0.005437379864341452,0.006543378268196953,0.0004776228587823894,-0.0012916962115494535,0.001459551033641926,-0.0019048321977184202,-0.20000000000000284,-0.013345746610754716,10.987,-21.899999999999636,0.0730000000000075,-1.1000000000003638,0.28199999999998226
2018-03-31,0.001490510001247003,0.0018355547744981493,0.00044157259434918217,0.00542134748159917,0.002427946478813503,0.0007499255359677548,-0.00328187106778266,-0.007471774215829008,0.018686644249022777,-0.014911922742558481,0.004629493292188869,0.004552733467475534,0.009804072599813196,0.004569469613402433,0.008445508641323762,-0.1298111291474271,-0.01888135009601033,0.7286000000000001,-69.0,-0.02474874199999999,0.005354964267134221,0.004986736083424148,0.09999999999999964,-1.3000000000000007,0.1090123760765973,-0.0010559663072040593,-0.047426330345733625,-0.08662947895176298,-0.02414743062239033,-0.062486076947735114,0.0026647384509637106,0.0060844152375310045,0.013482661722872713,0.012747948779948004,0.0019140288162535768,0.002814740855306752,0.0004234596717953565,0.0021180299264660363,0.002809349312919096,0.00042940202135177685,0.0030453229545770455,0.00281855735625669,0.0020092431915248454,41.6,0.20000000000000018,42.3,7.152268856032539,4.882801922586371,5.003946305945459,6.413458957167357,5.955837369464831,7.186144304522325,4.912654885736052,5.204006687076795,6.459904454377535,5.8971538676367405,0.03754345415358351,0.070949547658536,0.0008066657573859715,-0.02317361896095349,0.0019195835771643743,-8.963063222466872e-05,0.014717445189331713,0.023143873917762292,1492.1861486486482,-0.0008416589490209958,-0.0006492305799703502,-0.030808848404093148,0.010000000000000009,0.16000000000000014,0.15999999999999992,0.15999999999999992,0.2200000000000002,0.2799999999999998,0.27,0.25,0.15,0.33,0.54,1.18,1.44,2.4,3.09,-0.006716674626995989,-0.026268718632953887,-0.02651395255700706,0.009861515944810995,0.01271152743878598,0.0009827664637951372,0.0013863752948291008,0.0004466496496204897,-0.0017570587641291269,-0.11916002481182542,-0.0416321866261109,-0.0015556545756503226,0.00286406820550944,-0.005513334802220271,-0.002303379102595926,-0.0042531978217486,0.0006872487807818572,0.00012922740369525343,-0.0013159057728220347,-0.0018707536005750924,-0.001489488088441071,-0.0016002138545854194,-0.006292431924245001,-0.0038293252097778563,-0.00015575247401411474,0.0012540746739531095,0.0028979665998756232,-0.00141696107265199,4.0,-0.0023926931594626666,22.5922,-1.1000000000003638,0.28199999999998226,-19.100000000000364,0.16200000000000614
2018-04-30,0.002654003677886152,0.0024421770220683925,0.002889934759162216,0.000163199369049849,0.004534981699050533,0.0006596667295371006,0.0012529154115847874,0.000963247778021703,0.01209076019809796,-0.00227206590391571,5.752951025783659e-05,0.00936371266008873,0.0015422531812392393,0.006326098701605609,-0.0007828339084792191,0.04324928147022966,0.009958658665906839,0.001599999999996271,266.0,0.057867688000000084,-0.0005688422976319885,0.00010953220096610039,-0.09999999999999964,1.1000000000000014,-0.06960058952449444,0.05598380866584307,-0.07470859281310727,-0.09359344118526991,-0.06267805548465155,0.021486950197807886,0.0015253062005484708,0.0020524856934187596,0.011349142016671365,0.0013910142735333864,0.001989892008541716,0.003316329570035137,-0.0002117074211351877,0.001440832173086548,0.0026198028301216425,0.002623930710843325,0.0011483279134996138,0.0012891885758588018,0.0003567765278891244,41.6,-0.10000000000000053,42.2,7.183870715062453,4.77912349311153,5.204006687076795,6.432940092739179,5.978885764901122,7.233455418621439,4.852030263919617,5.298317366548036,6.516193076042964,5.942799375126701,0.03072382746025859,0.07011414589119447,0.00581034322501317,0.023034024881981807,0.001468316317843943,0.003882596731076049,-0.022128766697269597,-0.04340260484810887,1417.8861486486485,0.00412981829431569,-0.0009705395850598819,-0.0008838872380376728,0.09000000000000008,0.1299999999999999,0.1200000000000001,0.10000000000000009,0.029999999999999805,-0.020000000000000018,0.050000000000000266,0.1299999999999999,0.19,0.36,0.55,1.12,1.33,2.36,3.13,0.0064239799732712655,0.013273356540877454,-0.01797290464963197,0.0010738448252445854,0.027038205230946827,-0.0029629651306573024,-0.005107538419469648,-0.008614445405159543,-0.047622393620214254,0.03134996752451613,-0.013717209621471937,-0.0024963259746719757,-0.0026982123927368207,-0.015832837137785383,0.0013954869092298594,-0.005686939263119584,0.0026617474812971054,-0.000612718144056501,-0.003011984141391366,-0.004433281836083047,-0.0028647360363107666,-0.001077640158072768,0.0015499349266310247,-0.005696117872912687,-7.603068263328794e-05,-0.002542515789525801,-0.0076853077261920255,0.0009323714750553158,1.7000000000000028,0.0012935368137672043,18.8985,-19.100000000000364,0.16200000000000614,7.800000000001091,0.34899999999998954
2018-05-31,0.0011190773695783918,0.0013321619838091436,0.0008995620131022619,9.088430434367467e-05,0.011294728569692047,0.013886610458609283,0.016233948120519592,0.01801577680244204,0.003958787093821137,0.02203924262415846,0.010204019297451516,0.008114964544165382,0.007332540401100651,0.007037200915737785,0.006845577568917349,0.11358865246940475,0.00200506507303988,0.5904999999999916,59.0,0.011254836999999851,0.0005255721901615829,0.0006311871035187266,0.0,-1.5,-0.0724726488129912,-0.0040040093533821874,0.055885537617640146,0.11062962833783807,0.022059718064731726,-0.01922706223037096,0.0009571894415394411,0.002194427038165969,0.010030775024212346,0.0024989600676388335,0.001509674117723847,0.0021624380365743434,0.00042337003172576715,0.0007587342799535435,-7.267970059210427e-05,-0.003826721329749816,-3.170406161068229e-05,0.0009365488860630933,0.0007577277445740549,41.7,0.20000000000000018,42.4,7.151485463904735,4.564348191467836,5.093750200806762,6.513230110912307,5.8377304471659395,7.228388451573604,4.634728988229636,5.267858159063328,6.60934924316738,5.82600010738045,-0.0019294783901493417,-0.05477022427139744,0.0028988844024073757,-0.01357740406091601,-0.0027852589995198684,-0.0013223260566590511,-0.0052904996254419245,-0.0036665128839281635,1337.9861486486484,0.01516896529159073,0.0008869660674051261,-0.018348659050624327,0.17999999999999994,0.06000000000000005,0.05999999999999983,0.08999999999999986,0.07000000000000028,0.03000000000000025,-0.020000000000000018,0.03000000000000025,0.07,0.24,0.46,1.01,1.18,2.16,2.98,0.0007344819229047062,0.021600464177317473,0.015062310097287757,0.0073427526486348205,-0.015663675013260714,0.0,0.001391788672822969,0.006547237465932554,0.04030999995084539,0.046593059230154665,0.023029519411160493,0.002408677154569716,0.0014433430467635233,0.012941487860881118,-0.0020318109578489896,0.007680195523653843,-0.005810966670765083,-0.0007799397927108487,0.0025412219908877987,0.003775361656018994,0.002827937271545622,0.0013164822878621862,0.0031619897357293425,0.007835281536253902,-0.0009857810929538857,0.0008348535824689307,0.0025486997230137476,0.0009245253063978609,-2.6000000000000085,-0.0026816556323243645,18.2708,7.800000000001091,0.34899999999998954,33.399999999999636,0.7540000000000191
2018-06-30,0.0026368176305382462,0.0029555905469749177,0.0030739078905082096,0.015994374448494497,-0.00946948327533903,-0.017184359427980134,-0.02299558671720181,-0.027656985919759514,-0.03973343820361208,-0.024275068616364415,-0.020013493529292603,-3.4617681369475406e-05,-0.005068085681561918,-0.0022151864990131998,-0.008519194909372807,-0.13090854915142902,-0.004176540552649044,-0.6232999999999862,139.0,0.06762754700000007,0.0004758682367409506,0.0021867491766656144,-0.20000000000000018,-1.3999999999999986,-0.07009391759187888,-0.026424301670513017,-0.04334764409717806,0.05157478629651724,-0.1090035069363271,-0.0011293055971517418,0.002140247551084329,0.004568437183440466,0.006088977006760921,0.008560041223727666,0.00222063696615038,0.0019041579856899915,0.0027475447908873463,0.0017499320898561876,0.0017428565466097723,0.0004984745064753326,0.0009823588173976106,0.003037740389496335,0.0002227518776045656,41.6,-0.2999999999999998,42.1,7.213031659834869,4.6913478822291435,5.476463551931511,6.489204931325317,5.860786223465865,7.198931240688173,5.003946305945459,5.3612921657094255,6.464588303689961,5.811140992976701,-0.002890934996331751,-0.0007329668827225078,0.0024927462240249554,-0.0013403361585666573,0.0026924576983642368,0.0017151130640300494,0.005396755682845367,0.0060753379770126514,1273.4861486486484,-0.01743443442927184,-0.0036821062277176964,0.01787495866465605,0.010000000000000009,0.10000000000000009,0.09000000000000008,0.1200000000000001,0.11999999999999966,0.10999999999999988,0.1499999999999999,0.16000000000000014,0.16,0.32,0.57,1.12,1.28,2.3,3.13,0.02723426942809226,0.028695497596319067,0.018698979199498034,-0.04421933505811765,0.010469663568962118,0.004918849071596121,0.0060171438200251615,0.002455612214428804,0.019873043522914635,0.00017835931553111806,-0.005943236289312814,-0.0003456166223090307,-0.005512133660829477,0.0006516542104373357,0.0009631946948100989,-0.0026765164830457877,-0.0006633366629866799,0.001192264807989396,-9.509576646937745e-05,-0.0007954425346827776,-0.0004665769490461713,-0.0006626819465971323,-0.003656585244938171,-0.0032293062892403412,0.0006032386232455167,-0.0025211856878453176,-0.0014583852410234854,-0.005600503788603106,-0.7999999999999972,0.010926526707704554,14.1243,33.399999999999636,0.7540000000000191,-29.0,0.06699999999997885
2018-07-31,0.003957200116875725,0.004395983070436316,0.0009641370990083331,-0.0035268233684124795,0.008215735786215816,0.009307355863427347,0.012028384894346544,0.011079356799753803,0.030301831666467827,0.005666599238136172,0.013259979700964486,0.0069150776598787544,0.007798166467957834,0.0028224783213897098,0.006729938823377246,0.027949867326081623,0.008158338662205722,0.5629999999999882,214.0,-0.010891608999999969,0.002234168886911192,0.0007064551020494747,0.20000000000000018,-0.3000000000000007,0.12769315136402604,-0.04045731677335507,0.05302230179194556,-0.05948890335250745,0.12987508142141202,0.006083154953406833,0.0014712850194680271,0.002663375342590868,0.008844397275399096,0.002471510251618625,0.002610864254574352,0.003291975624257759,0.0014763263252977055,0.0012792613231447092,-0.000834739736712109,0.0006184504577806393,-0.0029372695648941516,0.002097658384833778,0.0014689192732753042,41.6,0.0,42.2,7.083387847625295,4.672828834461906,5.099866427824199,6.3473892096560105,5.857933154483459,7.20414929203594,4.795790545596741,5.187385805840755,6.55250788703459,5.840641657373398,0.0025054125881940337,-0.03919298390169246,0.0018008446061053007,0.0023225610675670083,0.0003103477986954317,0.0033858468442620193,0.007497177052378845,0.01401695592312624,1239.5861486486483,0.004969931832261132,0.0036390437161930578,0.019378007455770785,0.1200000000000001,0.039999999999999813,0.040000000000000036,0.06000000000000005,-0.040000000000000036,-0.06999999999999984,-0.040000000000000036,0.0,0.08,0.24,0.51,0.96,1.09,2.14,3.01,0.011928734794675044,-0.006945520900022694,0.0034184022512224743,-0.01315218480288255,0.019930635488878856,-0.003937976016004541,-0.005555782796847097,-0.004523753531113783,-0.03493622652178896,-0.08538939829708614,-0.0010064021671167822,-0.0013546650592184406,-0.009592325497384202,-0.003716948055766167,0.001436772888978588,-0.0019165442084254636,0.002092162115515883,-0.0010028294682049577,-0.0017485942054777937,-0.0008821530121316812,-0.00162236648972236,-0.0008552823934833143,-0.00201079491803835,-0.0018607649350883548,-0.0003658676141871098,0.0012563688661666461,-1.1874910486042722e-06,0.004197219054036694,0.20000000000000284,0.004987346019126093,13.5986,-29.0,0.06699999999997885,-4.399999999999636,0.11600000000001387
2018-08-31,0.004593921371096599,0.0050833603477666855,0.0021197779254498172,0.005926576017870389,0.0012634228235999245,-0.0018398294815753502,-0.002558125057969818,-0.0009678524112191056,-0.02085066931900581,0.00458345910024871,-0.007898657896140193,0.005000231898656615,-0.004730650958820526,0.00940233128422907,0.00048158338453685445,-0.014370890029227645,-0.005295855380750503,0.06560000000000343,-40.0,0.03916155999999993,0.0008072691633316254,0.002462265757904092,-0.20000000000000018,2.3000000000000007,-0.14232140716764263,-0.03325463145534702,0.05822762078473254,0.13267972472350475,0.0085106896679088,-0.06065269947925245,0.0004094248309591819,0.002222115788040213,-0.0011747431600603875,0.003559209780599204,0.001579030803375403,0.0021466009884285597,0.0006320446855294648,0.00011692396447848807,0.0001089186197447134,0.002504246518931552,-0.001055207802199476,0.0011634672632983012,-0.0020481773935152603,41.6,0.0,42.2,7.0967213784947605,4.634728988229636,5.19295685089021,6.453624998892692,5.66988092298052,7.195937226475569,4.90527477843843,5.236441962829949,6.530877627725885,5.783825182329737,-0.03333336108435425,-0.06238261661187394,-0.004067640234783454,0.006379864876329577,-0.0018547856443777988,0.0016353524095418237,-0.0022252773376614243,-0.0023553879038171743,1201.3861486486485,-0.002092654155055662,-0.0008193893946621955,0.01416392489912166,0.08999999999999986,0.06000000000000005,0.04999999999999982,0.06000000000000005,0.0,-0.020000000000000018,-0.08999999999999986,-0.040000000000000036,0.05,0.2,0.48,0.87,0.98,1.96,2.88,0.00345331308603658,0.004836768800614017,0.013152716316019664,-0.009978915585462655,0.000609338125335368,0.0009779914297416425,0.0013819574711106952,-0.001992993689868605,0.016826645593124745,0.07541941272655883,-0.06059815330969176,-0.00012022356735386097,0.0028913555230891674,-0.0029287387352372463,-0.005414987698953766,-0.0008233043099838966,0.0046960890269440725,0.0001989607253038983,-0.00021599436268981975,-0.000957843134039571,0.00038300280954750576,0.00019509069240886134,0.00465070748191998,-0.001694583074136169,6.455594219456628e-05,0.0008326185158380461,0.005060286491287425,-0.0032635133877505496,-0.29999999999999716,-0.005835989850364598,13.2849,-4.399999999999636,0.11600000000001387,27.19999999999891,-0.49099999999998545
2018-09-30,0.0036386976384470415,0.00406209553784187,0.002105600995292889,0.000614238804132583,0.006772933873277154,0.0053687777273188075,0.007259563568909222,0.007890056010399604,0.02251411916788726,0.003807882397834028,0.0022183815303877807,0.008463877719241175,0.004316422647134388,-0.007242283127140148,0.00253114404329402,0.013517310743134558,0.012945148114866356,0.22129999999999939,18.0,0.010276790000000036,-0.004203696919656608,-0.004120012245374838,0.0,-0.7000000000000028,0.12990439618872873,-0.04188501313074422,-0.059541393691016076,-0.010994613501091877,-0.09552206665753804,-0.004784698123335929,0.0017365131300071113,0.002313477029531441,0.010087067473921074,0.003955000041123924,0.0009462230638170865,0.0010085729548841016,0.0008421053129232803,0.0016432833532444846,0.00206720294116991,0.0034544711565356323,0.00012083324073586255,0.0013943762426542605,0.0014252630240960684,41.4,0.0,42.1,7.160845906664299,4.605170185988092,5.214935757608986,6.505784060128229,5.814130531825066,7.149131598557407,4.727387818712341,5.267858159063328,6.4692503167957724,5.771441123130016,0.04101164004484126,0.09166126421322573,0.0022188520506905007,-0.004588200873469006,0.0010796813813680473,0.0017213388099861504,-0.0005254657255484574,-0.0005601239792714097,1162.7861486486486,-0.003426247295410967,-0.0017755311622753567,0.0227136914158228,0.0,0.06999999999999984,0.08000000000000007,0.06000000000000005,-0.009999999999999787,0.0,0.009999999999999787,-0.020000000000000462,0.12,0.28,0.54,0.86,0.98,1.97,2.86,0.004814136664140101,-0.006859014181381815,-0.004714244689771441,-0.021813460917935568,-0.006953227632012227,-0.0009808692973560795,-0.0013830192916852724,0.000983249598969671,-0.04447276574479364,-0.08681251464827433,0.028585678937266046,0.0010052095960375595,-0.012245125532049705,0.008239813338492219,-2.4587784250407196e-05,0.002203933306083705,-0.003714971303492298,6.555226877136278e-05,0.0012140625492476076,0.0013626041215228923,0.0011055697778115103,-0.00036305948157622225,-0.003482116452746986,0.0015963693280243163,-0.000470222746868032,0.0016583101756402208,-0.002909086614618861,0.005583137692394491,-1.7000000000000028,-0.003546291783074196,12.5651,27.19999999999891,-0.49099999999998545,-97.09999999999854,-0.7330000000000325
2018-10-31,-0.0003828335627371615,-0.00018808318905172428,-0.0017851084051550004,-0.003935222226024493,0.00043523731929440146,-0.0008879108452788387,-0.00039639573309901976,2.872187175739782e-05,0.01270645257343972,-0.0035719633169843945,-0.005031615897953756,0.002032187182368972,0.0035053310768331514,-0.0015901096950132754,0.0002837886490816288,-0.003954362028614433,0.004643016525823107,0.04000000000000625,203.0,0.04942925900000006,0.002637863810940999,0.003280701712091272,-0.09999999999999964,1.8000000000000007,-0.07744308501145447,0.0005778676843846142,0.0026258220776673724,-0.06112726068100116,0.048531130364072084,-0.01595392794224182,0.0005290704222371545,0.0024522190434836943,0.0027598245420383805,0.003803835587744331,0.0017324203088708856,0.002391291807178675,0.000631113937009431,0.0002178632294391747,-0.0009061418913223207,-0.0008197841694261854,-0.0025851983222757724,0.0019720440240540427,0.00026701081552360506,41.2,0.0,42.0,7.1308988302963465,4.955827057601261,5.170483995038151,6.340359303727752,5.8998973535824915,7.1808311990445555,4.653960350157523,5.187385805840755,6.5337888379333435,5.834810737062605,0.009319089998871988,-0.03490956710887971,0.0033463200536925086,0.0004568091701671051,-0.0010167245847867434,0.0004431641995861213,0.0024706771641067604,-0.00017323267022106847,1124.6861486486487,0.004887721413354029,0.0037060612783790248,0.015168748229911877,0.040000000000000036,0.10000000000000009,0.10000000000000009,0.10999999999999988,0.1200000000000001,0.10999999999999988,0.10000000000000009,0.11000000000000032,0.18,0.34,0.61,0.94,1.05,2.03,2.93,-0.005355427260803403,-0.020140741130382327,0.009869466948302374,0.014493007302566752,-0.0006135910608220385,0.002437475319384319,0.0032144867425962786,0.00048300110812693475,0.04522095588624353,0.07339437924376035,0.02622932572433445,0.00027443270509319717,0.03147561760413797,-0.002319438338003188,0.003587684342772235,0.0017004671452207631,-0.0023664779651069168,-0.00039376498208554267,0.0003063516621724105,0.0010999840947372164,-4.609582364611953e-05,0.0013576225597979885,0.0003496586242128785,0.003993315024324318,0.0006962619718917651,-0.0012602973876316703,0.0017794040027023783,-0.0023336730353684665,3.8999999999999915,0.00030374387121412383,12.845,-97.09999999999854,-0.7330000000000325,27.399999999999636,0.3990000000000009
2018-11-30,0.0014505204492056833,0.0011279688706817836,0.002918549391401015,0.009938103280145327,-0.0016737692789394742,-0.0017997279835615387,-0.0016409524331653103,-0.0002624891614484426,-0.01139106973605486,0.002892477388678927,-0.008196314119898851,-0.0015131585549079674,-0.002061610934874558,-0.004841804410061101,-0.004756470368875831,0.04624976543958059,0.016794110995735245,-0.35949999999999704,-107.0,-0.044341344000000005,0.003172269044426912,0.002407125225207807,0.09999999999999964,-1.0999999999999979,-0.009203261859138223,0.06106629542682196,-0.008779687652046064,-0.017241806434505236,-0.0022230464879466894,0.03730705241281029,0.0011241820752729836,0.0018232420365933422,0.003041497022048034,0.0018965055806265951,0.0016508788781468553,0.002510986881157251,0.0002102828311816296,0.0010108865557576507,-0.0002901389060347981,0.0010075567602996216,-0.0027453250978020094,0.0016211212443302259,0.00022245456457348212,41.3,0.0,42.1,7.107425474110705,4.574710978503383,5.220355825078324,6.405228458030842,5.811140992976701,7.148345743900068,4.9344739331306915,5.214935757608986,6.439350371100098,5.777652323222656,-0.037197732226546876,-0.036765349057402474,-0.004198753600983096,0.005273327973448261,-0.0016409274815867292,-0.0014898110341192705,-0.0040730939630790886,-0.0025469085677256587,1082.5861486486483,0.003656551385964768,-0.002300871749222111,-0.04081481435188028,0.24,0.1200000000000001,0.10999999999999988,0.08999999999999986,0.10999999999999988,0.1499999999999999,0.1599999999999997,0.1900000000000004,0.06,0.21,0.46,0.81,0.96,1.95,2.88,0.00851242902744076,0.026195250039088555,0.00555470000312841,-0.004141427807453635,-0.0023043254685296555,0.00434779021924836,0.005907765135796161,0.002923578896278478,0.021159684122839195,-0.024008934745752164,-0.006272890407280407,0.00027668946974124253,-0.006621290931172474,0.00089485589519267,-0.0003174848322249346,-0.00026064372676248837,0.006075593778024135,0.0006783511171013501,0.0006172426663013653,-0.0001509061584910043,0.0003392052932706946,-0.0003258056171304702,0.0028201571355284116,-0.001709090071615904,-0.0003918964808065084,0.0012309909587471246,-0.0014495735616075756,0.0013793637409635906,-1.5,4.763763485371442e-05,19.7307,27.399999999999636,0.3990000000000009,-0.1000000000003638,-0.8359999999999843
2018-12-31,0.0022416568241379053,0.002842125097297199,0.005320625339604312,0.004899182887864839,0.0007973366110878288,-0.002059965095571492,-0.0007299598944054964,0.003047559985100534,-0.00043276896150157285,0.004024346428059822,-0.012161581286220802,0.0042410275472333225,-2.034691489960494e-05,-0.00010145548448381447,-0.0025523950943826534,0.03147619551940206,-0.0031261214078099897,-0.18590000000000373,290.0,0.065886165,0.0014380621828209428,0.002107872724048221,0.0,-1.0,0.05352923562920253,-0.018097560010802205,-0.06230703274902538,-0.01754430965091025,-0.09323518276516474,0.05591873077902143,0.0006084046947911759,0.0,-0.007111270081221477,-0.00040609137613856205,0.0007851759197343711,0.0010026319927547434,0.00042043305223060656,0.0007070130548072484,0.0024996843128004542,0.000972439107263412,0.0028090802779328072,0.000925176427736929,-0.000266951416428185,41.2,0.0,41.9,7.074116816197362,4.663439094112067,5.003946305945459,6.473890696352274,5.627621113690637,7.200424892944957,4.867534450455582,5.176149732573829,6.5638555265321274,5.780743515792329,-0.012522460949758951,-0.02916283245097695,-0.007576683676161267,-0.014476619667071589,0.0005113019218967452,0.002056774781346249,-0.001760404205855437,-0.007425052866014248,1027.6861486486487,-0.0006324140699929259,-0.0007999629762327487,-0.022594354509174686,0.010000000000000231,0.08000000000000007,0.06000000000000005,0.050000000000000266,-0.04999999999999982,-0.029999999999999805,0.08000000000000007,0.14999999999999947,0.13,0.26,0.5,0.75,0.92,2.02,3.02,0.009967024296126503,0.007117467768864086,0.005451668329853554,-0.008644697243478494,0.01533854330743667,-0.016013732181493268,-0.021460260387788033,-0.014218033133688301,-0.06362391034607295,-0.22418023577204416,-0.00639218653598661,-0.003041287567648432,-0.01433461219285892,-0.018278343370323746,0.0027708240661432626,-0.007975339265797743,0.0009490245282748333,-0.0002649981332085716,-0.004019923409210868,-0.0044930069418080976,-0.003596478288951488,-0.001385631146104238,0.0004781242966735988,-0.008718959103490853,0.0005860595271620639,-0.0004283160628761884,0.00034234990526149645,0.0009050790520430674,-1.0999999999999943,0.0038880805028060905,19.3379,-0.1000000000003638,-0.8359999999999843,-223.10000000000036,-0.3480000000000132
2019-01-31,0.011411689852202755,0.012974839383543824,-0.008588808105129964,-0.019719921146091224,0.0003124133378804572,-0.0002953283685345198,-0.0008313940331605707,-0.0012392689702407367,0.021793114681566195,-0.007804808779344086,-0.005519060352766836,0.0010525344978447038,0.004592731347090151,0.0031103007439883257,0.003433945891916146,-0.06365174752508285,0.007519070518360316,0.2843000000000018,-105.0,-0.06969334900000002,0.002269647216197157,0.0006123659843453311,0.10000000000000009,-0.20000000000000284,-0.008802465917026936,0.11784452303611825,0.049884512750468346,0.03264707783666676,0.061582201129288805,-0.002889854184104479,0.0012824539372999766,0.0018677719086159783,0.009999358731294983,0.001352997094505426,0.0015685047525959561,0.002127261016173776,0.0006303183316163086,0.0011875886750800646,-0.002100765016136208,0.0011929311730156655,-0.003205540279033414,0.0011552681506703522,0.0016894899981707567,41.4,0.0,42.1,6.9985096422506015,4.6913478822291435,4.859812404361672,6.436150368369428,5.4510384535657,7.183111701743281,4.762173934797756,4.927253685157205,6.56244409369372,5.869296913133774,0.03117513814980022,0.08145081516962804,-0.0008919142333905228,0.023982166882726474,0.007143329594656578,0.007833629219469174,-0.009239088024550313,-0.015502617187205914,946.7861486486485,0.0025472179411245577,0.000747112469412059,-0.058960017652593955,0.06999999999999984,0.040000000000000036,0.020000000000000018,-0.040000000000000036,-0.27,-0.29000000000000004,-0.20000000000000018,-0.08999999999999986,0.1,0.21,0.39,0.41,0.56,1.75,2.86,0.004794082757460849,-0.009232378673490055,-0.010096859084243626,-0.018463988788915447,0.017342126000950697,0.004344216487818464,0.005885527284018366,-0.004040188703142711,0.06022115799515859,0.07683063069224705,0.017433297897937905,0.001389099091614554,0.001386132049278288,0.0016327589146678534,-0.0015656785261697337,0.0013297994556467074,-0.002170002178603525,0.0016503918984653865,0.001442390573257235,0.002018462970931445,0.0016733722345687596,0.0003504772759166386,-0.001109672609136858,-0.0007259450777059584,0.0008803260501926147,-0.001654395689421051,-0.003202783976226531,-0.0027670780332589295,0.7999999999999972,0.012777385759367377,25.1541,-223.10000000000036,-0.3480000000000132,53.50000000000182,-1.259999999999991
2019-02-28,0.004184428507432614,-6.164869152591734e-05,0.002871140242866943,0.00270940074049264,-0.006608353938973188,-0.006916531272355364,-0.008712823529900326,-0.008202566122887944,-0.0530636057078091,0.004414132367914547,-0.01396456357934639,-0.0062244257049766105,-0.01608487612031606,-0.007939817251430448,-0.00921071390243089,-0.002307132555013247,0.020182397558196286,-0.7062999999999988,13.0,-0.013560879999999997,-0.0014900253853600276,-0.0021065809695137716,0.10000000000000009,-1.3999999999999986,0.08343744730560765,-0.02641568993976584,-0.03267078228954823,-0.05841881229266299,-0.014655102240249462,-0.008270975953424298,0.001667400709122191,0.0028667004820750464,0.0030235427252414127,0.003913371163886126,0.0022699708389115614,0.003120127336243783,0.000839806893782935,0.001472822814376329,0.0019198383090515136,0.0009533213755261727,-0.001145501153969164,0.0011539350461156062,-0.00013327706099452996,41.6,-0.09999999999999964,42.0,7.111512116496157,4.90527477843843,4.890349128221754,6.519147287940395,5.634789603169249,7.134093721192866,4.90527477843843,5.181783550292085,6.428105272684596,5.7745515455444085,-0.030116062835286783,-0.03262235565371441,-0.005815633238174911,-0.01891835937623121,-0.004099288920111022,0.005206017069200541,0.006040468490173367,0.014599456526013022,894.1861486486486,-0.003554285074927499,0.001794420249497719,0.015491062866141547,0.1299999999999999,0.0,-0.029999999999999805,-0.08000000000000007,-0.14000000000000012,-0.1200000000000001,-0.08999999999999941,-0.009999999999999787,-0.03,0.05,0.18,0.14,0.31,1.53,2.72,-0.009656149735281616,-0.0022204288493026057,-0.029292214250099313,0.01854150516428857,-0.010173636522338103,-0.005432716815890082,-0.008443458644550539,0.001368708592827339,-0.08139823724509654,0.17684500203277675,-0.014861268122405846,-0.0014999711921515058,0.006841170094411986,-0.0023298091860377568,-0.00012240419715059403,-0.000814449848911103,0.002920224450686071,-0.002063453294461226,-0.0015349833530509116,-0.0022192305603612184,-0.0016367906148166966,-0.0012077607205629448,0.00386032694753613,0.0019750295608362833,-0.0029701057281084076,-4.212950492021861e-06,-0.0003550504196931925,-0.0009186924283306475,-7.099999999999994,-0.00558726545496846,19.4215,53.50000000000182,-1.259999999999991,0.7999999999992724,0.08799999999999386
2019-03-31,0.0022742432974052207,0.0024151543788271113,0.0004938582533542402,0.00266954345654824,-0.00518661840574719,-0.004169624661006566,-0.0014418971452876406,0.0019542228175906118,0.014030482206381478,-0.0013694700079520672,-0.009667833836540574,-0.0064038043901337716,-0.0037667860747365722,-0.0054942189931956875,-0.005230178132864971,0.014632976609994408,-0.026709611839206282,-0.38870000000000005,-436.0,-0.007045501999999981,0.0002208846438946921,0.0023998734990318127,-0.20000000000000018,1.3000000000000007,-0.036621354688536556,-0.11098799252355462,0.004142698675010159,0.014648149237333818,-0.0031128429804905267,-0.0011229647446224789,3.9983473502758216e-05,-0.0019102202561178672,-0.0011507481131785013,-0.0040485885260004295,-0.0006256843626601949,-0.0006232471376570459,-0.000629789041493467,0.00035625223034330133,-0.0015210780855365869,0.0009524134193856781,-0.001967690778158726,0.0013829666834848098,0.0007550019233697469,40.9,0.0,41.7,7.02197642307216,4.442651256490317,5.030437921392435,6.459904454377535,5.497168225293202,7.1592919047975645,4.941642422609304,5.214935757608986,6.523562306149512,5.638354669333745,-0.0191076364084779,-0.08134131238837305,-0.00980186308454023,0.004018199880064799,-0.0019785647950172347,-0.0005596166771901778,0.017916780780632635,0.0340854143485938,900.6861486486486,-0.006513712129112115,-0.0007882890054684566,0.05501690361573264,0.0,0.020000000000000018,-0.010000000000000231,-0.03000000000000025,-0.04999999999999982,-0.029999999999999805,-0.14000000000000012,-0.16999999999999993,-0.01,0.04,0.15,0.09,0.28,1.39,2.55,0.0023517322142136976,0.011752432993199006,0.013486955831338854,0.008874542173737177,-0.006865619785981714,0.014265090119010893,0.02051468674370671,0.013032963650298157,0.028295901366268694,0.030302325862495927,0.035917934253884454,0.003812072447292536,-0.0004022230444018504,0.022479496117385978,-0.0019539737313669647,0.009912192118311403,-0.003984048664340989,0.0003238246875589823,0.004364726761761695,0.005384849927128066,0.004368631635840892,0.002346021069810078,-0.004397474194165696,0.009279855205734933,0.0013074205686578466,-0.0028701137402120658,-0.0031955838196506825,0.00274014073133122,2.5999999999999943,-0.007895440256996622,15.0976,0.7999999999992724,0.08799999999999386,57.099999999998545,0.9099999999999966
2019-04-30,0.0017871213028683997,0.0016387066081318125,0.006994283576824856,0.015218604126063795,0.00010697204927723192,0.0008351186710857661,0.0019388598047713757,0.003549056491721103,-0.007112946800402753,0.006493793988958885,-0.0038229611028164356,-0.0007620674888659806,-0.005431573817324953,-0.008606449869030364,-0.0023466974310464295,0.026284835366522152,0.005102559425065323,-0.16130000000001132,251.0,0.028216178999999952,-0.000582995570404421,-0.0010332819737826071,0.0,0.3999999999999986,-0.035249921578426324,0.0495423266719861,-0.0032206147000417573,0.013333530869465982,-0.014919789908833359,-0.0492846684389896,0.0015314958380265864,0.0016716421803124604,-0.0017286089006178784,0.0040485885260004295,0.00046929996950417774,0.00012468050636549322,0.0010494281580175624,0.001508791898890749,3.624304586935523e-05,-5.099915852468939e-05,-0.0008087084212675677,0.002530482141644086,0.0019514797517921068,41.2,0.0,41.7,7.0825485693553,4.406719247264253,4.867534450455582,6.484635235635252,5.780743515792329,7.166265974133638,4.844187086458591,5.14166355650266,6.51025834052315,5.783825182329737,0.0370879590450901,0.08891475124928938,-0.0015802584089055216,-0.008554656565818775,0.0006758845366352517,-0.0006824565198861876,0.0063447891981560645,0.00335227748093736,912.8861486486486,-0.0005135987931081942,-0.00028066457221243013,0.017673211862536675,0.010000000000000231,0.009999999999999787,0.0,-0.05999999999999961,-0.1200000000000001,-0.11000000000000032,-0.020000000000000018,-0.11000000000000032,0.0,0.04,0.09,-0.03,0.17,1.37,2.44,0.004904337153620375,-0.0008991458720564159,0.00635696998199986,0.011534329457469905,0.012189767190802003,0.0029055418596293237,0.00458648512103732,0.0024955710604581682,0.025729674448992768,-0.01057249105285063,-0.022708001445896464,0.0007778995492548901,-0.007412089558138213,0.003866002763248666,0.0021592258282217003,0.0016239176205390393,0.0015085065852806778,0.00024442031316773694,0.0010713093753924596,0.001321191850646386,0.0006401694215290021,0.0004333539105916273,-0.003050860784246545,0.002958313596836959,0.00017969568963938087,0.0073583141897404225,0.011692092879899807,-0.001833156641595668,4.6000000000000085,0.002689149808091429,14.5147,57.099999999998545,0.9099999999999966,-11.100000000000364,0.3060000000000116
2019-05-31,-0.0006130061632578787,-0.0009829016865854356,8.651891164568326e-05,0.0001021394203970516,-0.005473150389978976,-0.01149984081024602,-0.014304710496718442,-0.013476162832723126,-0.0041056319697725385,-0.01604937760182512,-0.022253583516793185,0.0018723364520072394,-0.004938222878209331,0.00038997588478029144,-0.0065445088653683925,-0.06698106878990728,-0.007478104068254332,-0.48339999999998895,-45.0,0.040148826000000026,-0.0019539777024046856,-0.0004851177463116585,-0.09999999999999964,0.3000000000000007,-0.10056776697404324,0.006957480567498564,-0.07510102089471449,-0.14590661005217687,-0.02726712634034012,-0.00972608781999007,0.00198080413599655,0.0017641313846432638,-0.0036108943689834305,0.005774540990712396,-0.00023462245444427765,-0.0006235580422799814,0.0004194630933973542,0.0020159039193412553,0.0012314826432273662,0.0011723231177409588,-0.0001605358046461447,0.002065642230929754,0.002212977799651128,41.1,-0.10000000000000053,41.6,7.148345743900068,4.867534450455582,5.123963979403259,6.48768401848461,5.75890177387728,7.186901020411631,4.948759890378168,5.236441962829949,6.480044561926653,5.831882477283517,-0.03263541171739348,-0.0633661935581813,-0.006506077531801324,0.02005468122978371,-0.001156350405594253,-0.0018046276940744121,-0.03675019762522602,-0.06801186793686842,810.8861486486486,-0.005816721783489243,0.0005186392255236427,0.034980387588162465,0.009999999999999787,-0.020000000000000018,-0.04999999999999982,-0.07000000000000028,-0.040000000000000036,-0.040000000000000036,-0.08000000000000007,-0.13999999999999968,-0.04,-0.03,0.0,-0.09,0.11,1.27,2.28,0.004449483372626517,0.007865041289976678,0.004462591853672038,-0.01053605715341216,0.0005233840636879039,0.0004228173602536245,0.00034375431094968434,-0.0020160163069320447,0.014236710051055645,0.03706511020692016,-0.006754198042187021,-2.2030441504838905e-05,0.008828622892179006,0.0014344448704379786,0.0006144290548890652,-0.0010414174697013223,-0.006621572500168149,0.0004129664718428572,0.0004384681952558367,-0.00026003214297354305,-8.479308632303173e-05,0.0005561925891628405,0.0003643115458151769,-0.0008380751981462708,0.0010111478637284677,-0.005317392115341324,-0.007442234832959471,-0.0022786316816647556,-1.2000000000000028,0.005261946974371767,12.7691,-11.100000000000364,0.3060000000000116,9.400000000001455,-0.5020000000000095
2019-06-30,0.0003708918509222059,-9.561143519931647e-05,0.0036940950947261797,0.010752192057571719,0.001395264535141827,0.002301967304433994,0.0014708307136528376,0.0038687561575585505,0.012095024641102015,0.00158671978289604,-0.0032823003463322564,0.00031834672205999226,0.0011772719352451944,-0.00264581051850854,0.0006091946212150035,0.01756263718916795,-0.001900720087664176,0.07089999999999463,3.0,0.006883273999999995,0.001014332917232963,0.0012506143038741868,-0.10000000000000009,1.5,0.07258086572307132,-0.19035372849121845,0.034183015621180424,0.0012763243596047857,0.05458056830413671,0.04086966918832857,0.00018591433386561107,9.526985192742643e-05,-0.0020278106601026025,0.0013381508754459759,-0.0005476665629995381,-0.0012482837721261575,0.0006288649195838047,0.0002005956153450228,0.00021716312655506442,6.791863350308347e-05,-0.0011180436687592277,0.0014892035514666446,-0.00252318586311695,41.0,-0.09999999999999964,41.6,7.164720378771857,4.454347296253507,5.062595033026967,6.582025138892826,5.7899601708972535,7.205635176410364,4.672828834461906,5.1647859739235145,6.568077911411976,5.8664680569332965,-0.035773939522444564,-0.1088993969260077,-0.013861353254100095,-0.013866639620609078,0.004757611773023029,0.006467536396849383,0.015512609346275852,0.031167655227769764,763.2861486486485,0.005459217539240058,0.0017585958868231444,-0.017049962300823118,-0.029999999999999805,-0.029999999999999805,-0.040000000000000036,-0.08000000000000007,-0.14000000000000012,-0.1299999999999999,-0.020000000000000018,-0.07000000000000028,-0.04,-0.04,-0.05,-0.2,0.01,1.28,2.24,0.003962695350566925,0.002278243766852088,-0.015071616911069619,-0.013444801502941583,0.00611075752036544,-0.010190586582805139,-0.014207826046585659,-0.008489906137532977,-0.039146726690489686,-0.14227740727598448,-0.024340231577834714,-0.0035058266475829214,-0.003004809802811259,-0.019904110018864607,0.0006591127918227357,-0.007019224975729266,-0.0004613774525701331,-0.001275536590438442,-0.004541664248650434,-0.004825987888258609,-0.003895316514257452,-0.002094017116109903,0.0029676873828874406,-0.006360476219512634,-0.001554004994484437,0.0008108580971981638,-0.002113172426553067,0.004547321883683342,2.799999999999997,-0.004875098162340663,16.5037,9.400000000001455,-0.5020000000000095,33.79999999999927,-0.3089999999999975
2019-07-31,0.0015701831486971685,0.001249057397197717,0.0033751029988158265,0.0010099090752131445,0.0012187739512290463,0.005083980278895339,0.007123215364480018,0.007969035688605075,0.015613050880999069,0.005831177497317874,0.0026227408518835205,-0.003491239632569254,-0.0007608460657033689,-0.006810595216204973,0.004636458408547206,-0.03704079277256955,-0.012107055641710218,0.38410000000000366,-81.0,-0.01468139199999996,0.0025589194097026535,0.0026173940999640877,0.0,-2.3999999999999986,-0.11253429892867395,0.15230566085368835,0.03999592129856566,0.06302270450044745,0.02583730350810942,0.03020288172989183,0.0014462949512417111,0.0013803938693826012,-0.005233330740400888,0.0032042751047729467,0.0007040876488808578,0.00012489852011476898,0.0016750422676938825,0.0014569676841027501,0.00047035838557363263,-0.0006454133416973207,-0.0013510298831178602,0.0014869891215791853,0.0018598065848696166,41.2,0.0,41.7,7.1252830915107115,4.718498871295094,5.198497031265826,6.453624998892692,5.752572638825633,7.1693500166706,4.852030263919617,5.187385805840755,6.484635235635252,5.820082930352362,0.0014461962004848061,-0.010286842316299172,-0.014108047090951814,0.01144275928500349,0.0013848137900360769,0.0084148562437516,0.02221831024481702,0.04548580553447934,788.1861486486486,8.152080956946861e-07,-0.0022664626620727546,0.012345062157089082,-0.010000000000000231,-0.18000000000000016,-0.2400000000000002,-0.33999999999999986,-0.3599999999999999,-0.33000000000000007,-0.25,-0.16999999999999993,-0.21,-0.27,-0.38,-0.56,-0.31,1.04,2.08,-0.009471425664967725,-0.022715741332749007,-0.01745504666047104,-0.014101291240605968,-0.012785698867211148,-0.002920627086083094,-0.003690120456968593,-0.005587344953053908,-0.002260722751445954,-0.0583408088786701,0.028512732646543526,-0.0005719684981952966,0.009041541533041375,-0.005920991556167543,-0.0020357451291026507,-0.003433666517389078,0.005061367454949561,0.001173048330051607,-0.0004512821548292578,-0.0009592293899620685,-0.00043492455141791453,-0.00025174077245804227,0.0036029495165879055,-0.005324200526080958,0.0006946911022147617,0.0008059235069275417,0.00176037756529146,-1.6674985289011346e-05,-1.7999999999999972,0.001743220391112743,15.8726,33.79999999999927,-0.3089999999999975,36.79999999999927,0.3930000000000007
2019-08-31,-0.00034313631272731016,-0.0005731441204925858,0.004713688397468552,0.007571446996301745,-0.005248652711969726,-0.005514319823431535,-0.006970149009916327,-0.004415409322469976,-0.0187680967503443,-0.00036889099689485505,-0.01587981144845063,-0.0048886245998049915,-0.006141690374254161,0.0005783588609320489,-0.0072928028093670605,0.03789589846310992,-0.003864914884151638,-0.5353000000000065,-152.0,-0.05027694400000016,0.0025829527333343094,0.0018871466804526449,0.10000000000000009,-2.0,0.11064035896860336,0.014301673907529455,-0.020033281201020436,0.07273834345134489,-0.08285987546779783,-0.07704985502667938,0.0006428630823656079,0.0009984073855715536,-0.009077661164431206,0.0031940405115502557,0.00023458576171897505,0.0004994381424836547,-0.00020922690734259675,0.0005852727075748021,0.0005785990831501664,0.0006284341157805073,6.437802777981005e-06,0.002397398259963879,-0.0014166816607037447,40.9,0.0,41.5,7.122866658599083,4.553876891600541,5.176149732573829,6.456769655572163,5.802118375377063,7.229113877793302,4.919980925828125,5.170483995038151,6.54965074223381,5.905361848054571,0.01791845158465044,0.11013217728601532,-0.006452474345646664,-0.0033563543599388623,-0.0025460852772862808,0.0032256701391819576,-0.013733126276731511,-0.030012891750063275,765.4861486486485,0.0008647990159031949,-0.0008524575351938068,0.03599945667808235,0.020000000000000018,-0.06999999999999984,-0.08000000000000007,-0.040000000000000036,0.0,-0.009999999999999787,-0.1299999999999999,-0.17999999999999972,-0.3,-0.37,-0.44,-0.57,-0.34,0.89,1.88,0.0013002418061125454,0.0,0.0020142836947494303,-0.017027782516516432,-0.013942788574000997,0.007773607408072536,0.010109275695226572,0.012095895192368644,0.040862683080712614,0.15499157090814997,0.005864833178693019,0.002630382781233287,-0.008087524477304875,0.015192057100767542,0.002175125130207789,0.006785243228598858,0.0015210143188619796,7.069173330176426e-05,0.003050237137903977,0.0040960804955432195,0.0026691861596228605,0.0008590358220237349,-0.010105430325944909,0.008709325420321434,0.00015804112772332957,-0.0016241936020917613,-0.00035266991798943437,-0.0027204619621201687,0.20000000000000284,-0.0011836772740387858,13.309,36.79999999999927,0.3930000000000007,24.900000000001455,-0.2150000000000034
2019-09-30,0.004427879873402318,0.005085397111901813,0.003830732048601071,0.006792945823683283,0.00757570872256963,0.005168821528319434,0.005362515538080537,0.003652368288884489,0.013157858181530813,0.0009983905655417402,0.0113260652359779,0.010594115636925139,0.004737671986834613,0.0106203322844447,0.00684307585029309,-0.017371622656437324,-0.001528251149482962,0.555800000000005,136.0,0.04554669800000011,0.0011241310551941552,0.0019026001591662123,-0.10000000000000009,2.299999999999997,0.07221043837752994,-0.0683688951778052,-0.00993150750091587,-0.05846937365014515,0.024155763879336156,0.011919092237210549,0.0015557404985528933,-0.00028515755147751065,-0.014668016147401985,0.0005313496405570106,-7.818913956825213e-05,-0.0009991258480717136,0.0014636698901604461,0.0018536684473264842,-0.0003254207900287298,3.395816354512249e-05,-0.0010692432580707845,0.001936550129613579,0.002345289479096735,41.1,0.0,41.5,7.226209010100671,5.135798437050262,5.241747015059643,6.568077911411976,5.717027701406222,7.301147805856032,5.10594547390058,5.267858159063328,6.651571873589727,5.855071922202427,0.006091751890721753,-0.035819068758119244,-0.005098783984930577,-0.01189671093263378,-9.08122240019793e-05,0.004536246137417876,0.007836394993455897,0.019458452420002992,773.6861486486486,0.004945775134678421,-0.00023446459051434942,-0.03346648437002919,-0.27,-0.15000000000000013,-0.1499999999999999,-0.18999999999999995,-0.3400000000000001,-0.43000000000000016,-0.31000000000000005,-0.41000000000000014,-0.17,-0.24,-0.35,-0.63,-0.49,0.86,1.75,0.007094631699348319,-0.009457537316093965,-0.01956281060761178,-0.024451890422709566,0.012738059868695528,-0.00583374259024616,-0.006441229400083515,-0.0050694590100013315,-0.031205491507333427,-0.09334084759281236,-0.011196194108960889,-0.0013908652400491661,-0.0014443912229955558,-0.0064313975879928265,0.0019416745992160145,-0.004050039277007755,-0.0013776742909410444,-4.329968107352755e-05,-0.0016793631382938656,-0.0017192960632765875,-0.0017059493400601866,-0.0008695362688264652,0.005124772119650345,-0.004612404054700647,-0.0006501519955843804,0.0016127337382183526,0.0028065248475650506,0.0004487191830264692,-8.600000000000009,0.0040235482311654636,19.4147,24.900000000001455,-0.2150000000000034,47.0,-0.12499999999997158
2019-10-31,0.0018257942093633517,0.001974079828112707,0.001617013983479687,-0.0064178376811074855,-0.0031309482972101677,-0.00690607236073415,-0.00892512368522791,-0.007643575550630999,-0.01939240374789275,-0.004296457732574588,-0.014869346793355831,0.0015857570447295188,-0.009304038673791482,0.003563037548939718,-0.007398255289138511,0.019600853322565115,-0.03216614670770834,-0.5401000000000096,-54.0,0.030909268999999906,0.001939817484684525,0.0032261357400980017,-0.10000000000000009,0.6000000000000014,-0.20425343346051772,0.01911439602331555,0.037317763007195026,-0.001181335045831844,0.06244803209792593,-0.00713439411387462,0.001282492176738259,0.0006177386211785318,-0.002540537867987247,0.002255091490928507,-0.00015639662215072292,-0.0006249609602821948,0.0006266318742902399,0.001389918326101025,0.0008675535535473955,0.00018674928962347792,0.0006313782294071757,-0.00022763487464416698,0.0012368039034083012,41.3,0.0,41.5,7.1785454837637,4.77912349311153,5.093750200806762,6.573680166960646,5.746203190540153,7.292337176173877,4.90527477843843,5.204006687076795,6.650279048587422,5.937536205082426,-0.015592708719225357,-0.07026643139307609,-0.0067826156009758165,0.016112313746729612,0.0010021453351036769,0.00492527588671976,-0.02462263595133507,-0.058240442019228844,691.6861486486486,-0.005022199081441414,0.0012862463807845614,0.02879957393630761,-0.08999999999999986,-0.06000000000000005,-0.039999999999999813,0.030000000000000027,0.08000000000000007,0.07000000000000006,0.04999999999999982,0.040000000000000036,-0.16,-0.21,-0.25,-0.49,-0.35,0.98,1.86,0.0039611898946034785,0.012085659722363525,0.01264611296830953,0.017041465854851806,-0.002413820286445323,0.00291687129512308,0.0022985307250733555,0.0020222119978274833,0.016982056973206205,0.08360121535252052,0.018589494395828687,0.0006233114190656863,0.0037063874707694566,0.002283494949880449,-0.003814567028059379,0.002068241372778168,0.0004489931706910255,5.94322188440799e-06,0.0005187575143210665,0.0001960724927556612,0.00104668460874624,0.00014439808687427558,0.0020230046747933272,1.7227223656490764e-05,-0.0001064167966395857,-7.966993234909125e-06,-0.0014099013365340696,-0.0009029316659008302,3.4000000000000057,0.008520291859063889,15.7324,47.0,-0.12499999999997158,-39.0,0.13499999999996248
2019-11-30,0.0019556617052014502,0.002091930585072177,6.613787860487719e-05,0.0026786168006687205,-0.008550005307015773,-0.00578549872964107,-0.004696339566551799,-0.005000191147259692,-0.03825765949025861,0.004230528738077943,-0.004142644753477143,-0.01194585613036292,-0.0188002293113545,-0.007661823480432872,-0.008798500268472509,0.011526275284921894,-0.008905415376229797,-0.6403999999999996,165.0,0.003215699000000072,0.001972555341460236,0.001300160494180247,0.10000000000000009,-0.10000000000000142,0.03872135814311317,0.009706042512176438,0.010022862948651401,0.07840470566929802,-0.03575884984153088,0.013041085829264887,0.0006274251010740528,-0.002282780275091767,-0.003147248757445098,0.0007947020285801187,-0.004231981237733606,-0.006900472773631705,0.00020879006235219322,0.0010967478311165735,0.00043349469647857575,0.0008823430171638336,4.5083194601502896e-05,0.0018196297526138494,0.0007501710300381603,41.0,-0.10000000000000053,41.4,7.1891677384203225,4.77912349311153,5.176149732573829,6.517671272912275,5.863631175598097,7.328437352895162,5.14166355650266,5.204006687076795,6.675823221634848,5.932245187448011,-0.0025297524136735916,0.044463468300495634,-0.005587415262567674,-0.0038566895989777805,0.002546466148725557,0.006173541491097723,0.03674578363673753,0.08078162239155784,734.0861486486484,-0.0027820913892080412,0.0012342818657415933,-0.0015033963474886392,-0.20999999999999996,-0.24,-0.21999999999999997,-0.18999999999999995,-0.040000000000000036,0.010000000000000009,-0.020000000000000018,0.009999999999999787,-0.18,-0.21,-0.22,-0.31,-0.12,1.18,2.09,-0.004230283340279861,0.0024198438910352227,0.005534220863920858,0.023017079417438607,-0.003934927513872144,0.00630916919326463,0.00964774209219943,0.004577178422501937,0.002207506415210503,-0.09223168938880244,-0.03240593070062037,0.0012856297646477444,-0.012629987793948416,0.006440847405717598,0.007278730246651932,0.002921164576688895,-0.000783421686470831,0.0003017446764852494,0.0014827902881791033,0.0029328547314859676,0.0007076696533712123,0.0011647003936792188,-0.0006268341505499819,0.004065899323443034,0.0005571092414626833,0.0003929597378373728,-4.401202897685863e-06,0.0017961355143492064,2.299999999999997,-0.018741128785734418,15.0714,-39.0,0.13499999999996248,2.399999999999636,0.9020000000000437
2019-12-31,0.003446079402358748,0.004642101596271431,0.005361488426824934,0.006960958495369596,0.005512998337060537,0.011132856375317246,0.014743201825341501,0.015507128809868043,0.06338364582865097,0.0020786656927258562,0.019609683594125293,-0.0015483918459642254,0.009537559184507494,-0.006680561697234744,0.008611348490362936,0.029132448557774637,-0.015081684424804287,0.6966000000000037,-401.0,-0.06770201500000006,0.0004864523129448628,0.0005296777287160381,0.0,-2.099999999999998,0.07273197015152988,-0.022408291820657844,-0.05115015437251458,-0.03107908296594175,-0.066451012351882,0.05566534845708304,0.001372357767312593,0.0009517918198191921,-0.016954690124327598,-0.0015900361108016625,0.0034496310178884215,0.005023243012667322,0.0008347245893673971,0.0014400504974201311,-3.611738149444932e-05,-0.0005089490312588651,-0.0011341376615199295,0.0014760150281194484,0.0017188571630946115,40.9,0.0,41.4,7.210079628170788,4.663439094112067,5.170483995038151,6.594413459749778,5.8289456176102075,7.336285660021297,5.147494476813453,5.351858133476067,6.645090969505644,5.948034989180646,-0.03371133520327518,-0.04861152247350198,-0.011063805511362546,-0.004117702075188134,-0.001800359276804997,0.004398511599919885,0.003600479000093415,0.0028946977443480293,782.1861486486486,-0.0006693368288122059,0.0018930863346682258,0.041837034927062255,-0.28,-0.10999999999999988,-0.07000000000000006,-0.040000000000000036,0.10999999999999988,0.10000000000000009,0.050000000000000266,0.020000000000000018,-0.01,0.0,0.02,0.09,0.26,1.51,2.39,-0.0001806402437054544,-0.00010071000562416037,0.006646269742268451,0.017775809658641034,0.003632789887886123,-0.0034106164392531113,-0.005074353284727273,-0.0015273612111199597,0.02551919498762345,0.10926507238252903,0.02769629379069105,-1.1826327980024587e-05,0.011014156914279205,-0.0006410639365395099,-0.005660471495848363,0.00034690197413400625,-0.000755139740871158,-0.00040030392493672906,-3.955010745038123e-05,-0.0005126566376434383,0.0005322148106285951,-0.0007430751583621387,-0.002491406083572123,-0.0002411513787219377,-0.0006275762808511942,-0.001209561711541074,0.0006917536766346544,0.0017816569770965351,1.2999999999999972,0.0058888347003343,12.3952,2.399999999999636,0.9020000000000437,140.90000000000146,0.5779999999999745
2020-01-31,-0.004623594931599584,-0.0039660376148695775,0.001615054154886053,0.003205575898919122,-0.0020314424783958174,-0.0017299859317319033,-0.004494523897515812,-0.00797422715017948,-0.016279148075819094,-0.005525005720037335,0.0022452165330006935,-0.0023635262002761337,-0.0014232235315940756,0.007377844578275727,0.0014335992361456107,-0.060740427064757796,-0.0198392528164284,0.1518999999999977,-189.0,-0.02928286999999985,0.0012333117193836785,0.0013607415620118246,0.0,0.3999999999999986,0.011065785277089013,0.03595251692841561,-0.03891541624967321,-0.06762482717428409,-0.01669487857216989,0.05040163137706877,0.0008370048896537696,-0.0020474735148372503,-0.01585014331867729,-0.0018582431681135603,-0.0013314016925427552,-0.0012534471433038874,-0.0014612256018207148,0.0013003903002832828,0.0025610979820989144,0.0009159218375280886,0.0026078824298725323,0.00102058182017295,0.0007483218132851022,40.8,0.0,41.4,7.344719054149673,4.941642422609304,5.41610040220442,6.660575149839686,5.996452088619021,7.274479558773871,4.983606621708336,5.308267697401205,6.584791392385716,5.916202062607435,0.016082562770522557,-0.081279771847246,-0.0066046879607100095,0.011210654650716023,-0.0025568001053439815,0.0017202999587659917,0.013778290465216614,0.03201172102059946,885.2861486486485,-0.004098874782158646,0.0013674652086770323,0.022877152854855254,0.0,0.0,-0.010000000000000009,-0.020000000000000018,0.040000000000000036,0.050000000000000044,-0.050000000000000266,-0.06000000000000005,-0.01,-0.01,0.0,0.13,0.31,1.46,2.33,-0.006426688617186649,-0.010427834305000529,0.0022306967121386023,0.01731278574671974,-0.005150356003550793,0.002873469043110255,0.0036115505156706362,0.001518342641499082,-0.018121504823597867,-0.00656929944591278,-0.005367195677851377,9.651950158673372e-05,-0.0061024252369197285,0.004824725007352981,0.0013143081694764192,0.0014088545376393924,-0.0011691853953008646,-0.0004247493875100261,0.00022016599609653298,0.00032019767516899833,-1.9572021447089583e-05,0.001687693935966017,-0.001756612056501794,0.0024810684930436366,0.0019895385211290417,0.0011928882258462892,0.002418175576411663,-0.0013553765202116708,2.5,-0.006085928426275089,13.6104,140.90000000000146,0.5779999999999745,25.599999999998545,0.703000000000003
2020-02-29,0.009699023901612591,0.010039657595562801,0.004577438172697512,-0.0014490999010039474,-0.005951435148005224,-0.007039574753828326,-0.013068810601679637,-0.007512770484953357,0.01132957792127165,-0.013007243843254024,-0.027153469971942457,-0.004483803959594468,-0.0018645129752297152,0.002354859878592741,-0.0028560853840318146,-0.06956586405512599,-0.0032454233914274155,-0.17439999999999145,425.0,0.06929414499999997,-0.0019569953613594038,-0.0021238187549688092,0.0,1.1999999999999993,-0.019324272826403366,-0.018100041643617892,0.02304588387999207,0.06762482717428409,-0.010152371464018373,-0.09087089548180671,0.0015535210776178587,0.0009052145738301931,-0.02116232278491026,0.006356795343037902,-0.0011762400885650948,-0.001255020245050531,-0.0010450413742386644,0.0016574568330209871,0.000612248592045006,-0.00037305207900395487,-0.002420918942007688,0.0011327595230277154,0.0024172117160006223,40.8,-0.19999999999999973,41.3,7.365812837209472,5.3471075307174685,5.093750200806762,6.656726524178391,6.063785208687608,7.3098814858247865,5.14166355650266,5.356586274672012,6.608000625296087,5.916202062607435,0.04997958457166263,0.2603094440916056,0.004969193387330151,-0.018931731661584905,-0.00017063729346133982,0.0025581057050683143,-0.028213061496979108,-0.05272668933739144,902.1861486486486,0.0031809102718476367,-0.004609606421881907,0.031435829670616755,0.0,-0.020000000000000018,-0.020000000000000018,-0.020000000000000018,-0.11999999999999988,-0.10000000000000009,-0.06999999999999984,-0.10999999999999988,-0.03,-0.03,-0.02,0.01,0.21,1.39,2.22,-0.0010787821178865897,-0.013112255063295997,0.0015176240057765966,-0.0025205283537078627,-0.00609339991850083,-0.008172983334659989,-0.010887689403277001,-0.005067142310187123,-0.020820267399376036,-0.08897496052161635,0.013099461094594922,-0.0009881661087520754,0.002494476975043902,-0.010743623274629854,-0.0031091214948970602,-0.005398413618173947,0.0015691155892421094,0.0015251198224106588,-0.0013380140451504374,-0.002447466960887823,-0.0007842890799478752,-0.0009639329022341769,0.005032147771800055,-0.003994445235478317,-0.0010070665953447744,-0.0016012650612413637,-0.0024403365241498776,-0.003122911304484166,0.5,-0.0005609139680959885,14.0517,25.599999999998545,0.703000000000003,-56.100000000000364,-0.6349999999999909
2020-03-31,0.004320444192536854,0.005258533858910397,-0.0034709425561141316,0.00040953022022272023,0.0032964085630577955,0.005779884471022179,0.007198176615387908,0.009589562613661506,0.026988032105534465,0.004368392240174934,-0.0014321743473537651,0.00012808542641362664,-0.0002532728407915741,-0.0031249753365498734,0.001653133052777811,0.044811144743058584,-0.03753471579971457,0.1799999999999926,-158.0,-0.0029888909999999935,0.0005473720198470033,0.0012987751729518493,-0.10000000000000009,-1.2999999999999972,0.018366876870075544,0.015855371789793793,-0.0833605339013781,-0.11707866146370538,-0.057758834152192406,-0.024901451100951988,0.001715283195766304,0.0018079746099104455,0.007733014153094686,0.004609820478160387,-0.00015693659793747372,0.0,-0.00041832253276830045,0.0017004278041437004,-0.0013330212915505513,-0.0004749949197009329,0.0004318165040348987,0.004292821775454314,0.0033305609471643294,40.9,0.10000000000000009,41.5,7.3453648404168685,4.74493212836325,5.272999558563747,6.77078942390898,5.905361848054571,7.282761179605593,4.875197323201151,5.267858159063328,6.63200177739563,5.916202062607435,0.0282670488674448,0.01789362258025662,0.008701696806314274,0.006531725848788028,-0.0012217533624401256,0.0027862651883570067,-0.001236938720083458,-0.003103739451617571,913.8861486486486,0.00019558089520366195,0.0003776786791789277,-0.0002715273122824158,0.030000000000000027,0.0,-0.050000000000000044,-0.1200000000000001,-0.24,-0.26,-0.16000000000000014,-0.16000000000000014,-0.06,-0.11,-0.17,-0.26,-0.08,1.2,2.03,0.014055355703936456,0.006577618781795171,0.006956828950645644,-0.00945106731384543,0.014938666433467251,-0.0053210845563720355,-0.007788209254335321,-0.007665395374514716,-0.0588524917965767,-0.08915776531410691,-0.03522299151054131,-0.0014452620181009124,0.006984877152980573,-0.0071841614627699,0.000257601251262507,-0.001615076013719019,0.004497896786215705,-0.0011345450523911893,-0.0016207119640565537,-0.00174356290368749,-0.0016131551287221768,-0.000958880127909012,0.003655677992580486,-0.005802570102474647,-0.00018334416403575915,0.002379363101497667,0.0027424618869691386,0.0026690407303777697,1.2000000000000028,0.01021472737384066,19.6207,-56.100000000000364,-0.6349999999999909,-1028.5999999999985,-2.1319999999999766
2020-04-30,-0.013811200953684377,-0.022569520183880698,-0.06800462498189042,-0.0956471080775021,-0.040811011528565366,-0.0503819912294734,-0.05387431287890454,-0.052736911522095475,-0.1850046788024562,-0.015216000539070684,-0.07043824326475878,-0.028288313204980042,-0.06133195122783519,0.0020004536385416216,-0.047321342401131616,-0.0478911249609455,-0.09980903783266282,-3.507799999999989,-1072.0,-0.39291701200000007,-0.011668929381841053,-0.021403893517380368,0.9000000000000004,-3.6000000000000014,0.4940185054496098,0.035865913188496634,0.01360565205577835,-0.006357300495466234,0.026668247082161756,2.4078147723101075,-0.009215499917360148,-0.006390102812247278,-0.009159887165694158,-0.009108372653084729,-0.004640744554039955,-0.004152777628551263,-0.005454177565361817,-0.00966908588374693,-0.0028521419410267868,-0.002939804147928271,-0.005576372758648418,-0.00180525830365319,-0.0013133702964864824,40.7,-0.10000000000000009,41.2,7.143617602704121,4.394449154672439,5.049856007249537,6.568077911411976,5.75890177387728,7.204892510204673,4.727387818712341,5.081404364984463,6.595780513961311,5.8289456176102075,-0.1605226536666926,-0.3164799784340566,-0.01163281217064771,0.06115375033464687,0.030241526931822804,0.03802026572800976,0.11350534566330595,0.18852549429693166,1245.7861486486486,0.08840637291098474,0.0018503907364095795,-0.211561843625784,-0.93,-1.23,-1.18,-1.0799999999999998,-0.7300000000000001,-0.63,0.2400000000000002,0.6800000000000002,-0.34,-0.34,-0.3,-0.04,0.24,2.39,3.66,0.011413083229455445,-0.017463631629145132,-0.021702594766095373,-0.04613407915524609,0.04948524809117688,-0.014816879593988475,-0.01983221233514687,-0.0058179090716761195,-0.017153304265792535,-0.41888637410765517,0.010948295583715684,-0.005013290023701877,-0.015273298222752807,-0.023984382984446384,0.0012841438732058563,-0.008034170624291903,-0.003054453223115594,-0.0033627711326902343,-0.005807873348280701,-0.006071746694186864,-0.005623511869369935,-0.003686131943216431,-0.007187802254658315,-0.007256325720897294,-0.0019264108591210416,-0.001992398073446644,-0.004821417364926361,0.0008786348308928993,-11.900000000000006,0.02108002089524952,58.0813,-1028.5999999999985,-2.1319999999999766,-1451.6000000000004,-3.000000000000057
2020-05-31,0.11410659298084802,-0.0634367386016077,-0.11594146295945063,-0.15512911377023642,-0.1420453497763967,-0.1452390866368658,-0.1555166785548847,-0.12164529241994337,-0.49224239631535927,-0.043722765132022445,-0.26271499808890386,-0.1378439179222779,-0.2011310968633646,-0.08999871721011665,-0.16724798367150928,0.14675279193275692,-0.18061442686742968,-11.283300000000004,-1288.0,-0.618397359,-0.03946213157256295,-0.15396080773289889,10.4,-9.8,1.4274435960712832,1.3428152714444623,-0.12849509105948353,-0.002554279805096371,-0.22533894187764592,0.6915936781717136,-0.14579354906131314,-0.1208794861990583,-0.09600850385504955,-0.14517372185338218,-0.10830819649516954,-0.1204663298241826,-0.08835085938436116,-0.14985835827203609,-0.1186692158259639,-0.06876679955865228,-0.15273803148147103,-0.030383535238632575,-0.04104653455641305,38.6,-1.1999999999999997,38.4,6.841615476477592,3.8918202981106265,4.912654885736052,6.3561076606958915,5.1647859739235145,6.98100574072173,4.174387269895637,4.969813299576001,6.423246963533519,5.5254529391317835,-0.21464331468568432,-0.004676428865760585,-0.008054516999171923,0.054727433443982676,0.027860890110840586,0.06931446521789297,0.10433672683863016,0.14604947969576276,2016.0861486486483,0.04318574069257419,-0.0009454941849540432,0.04048669349621026,-0.6,-0.14999999999999997,-0.11999999999999997,-0.15000000000000002,-0.19999999999999996,-0.20999999999999996,-0.5899999999999999,-0.16000000000000014,0.09,0.12,0.13,0.34,0.61,2.38,4.08,0.008035841158095636,0.01119530714333588,0.000662006032368545,0.004114734112459967,0.006283939558534568,-0.005603635100347226,-0.00837345237792153,-0.018962843294742626,-0.06672032305186981,-0.019871029016178987,-0.025705479165661238,-0.003412946596112576,-0.02625965887098136,-0.029970790674410885,0.00047392290204051335,-0.005349045113496764,-0.005985503104683154,-0.002408164694800874,-0.005887943628968273,-0.004825088525151955,-0.0038029037713300795,-0.0012691739983283767,-0.004125775302573409,0.0026599903842736694,-0.002019679118415496,-0.004357771063603355,-0.015895760488686683,0.0021905878117682853,-17.299999999999997,-0.03177134214192634,40.7369,-1451.6000000000004,-3.000000000000057,930.6999999999989,-0.29299999999997794
2020-06-30,-0.04326648797784216,0.02383880904215907,0.07994045490633983,0.17651837183523433,0.015579252601223281,0.03786954249127472,0.04464565089080086,0.03990169917046682,0.18621757775407133,0.013161442228097009,0.08366172609124689,-0.014067999121482266,0.04605410929071674,-0.0006902889177924365,0.04296255633888624,-0.009421303010643811,0.023256844821990086,2.795099999999998,1006.0,0.06861253600000003,0.011655188082281498,0.02950376377018671,-1.6000000000000014,3.3,-1.305189758916125,0.7397379550839531,0.26617586723081743,0.30511239806867163,0.23146051761847541,-0.7634198682959212,0.019859153247319128,0.03636571606418926,-0.04281781416051178,0.07130033705647776,0.019833635528868854,0.018602565753667477,0.021819047394640023,0.017100340500405764,0.01659336806746481,0.0026579782256295204,0.028612392239164564,0.001977089671173715,-0.023833745591806732,39.5,0.3999999999999999,39.4,6.946013991099227,4.248495242049359,4.955827057601261,6.236369590203704,5.755742213586912,7.1308988302963465,4.6443908991413725,5.14166355650266,6.525029657843462,5.680172609017068,0.11024846899569951,0.14632514942682917,0.003212772963365751,1.098607718290877,-0.012713811258599605,0.04953477464679956,-0.160339203854166,-0.25576220099698066,2292.7861486486486,-0.09162027534931472,-0.005086533964556494,0.05550565699406995,0.0,-0.010000000000000009,-0.020000000000000018,-0.01999999999999999,-0.04999999999999999,0.010000000000000009,0.06999999999999984,-0.17999999999999972,0.08,0.1,0.11,0.29,0.62,2.45,3.9,-0.0036838397283380786,-0.0009281700248672045,-0.005011674285854362,-0.009546225719156198,-0.005424709948175344,0.04882425632875531,0.06828231719922151,0.035518947811762125,0.24229575047047636,1.113746050224889,0.040873513736704226,0.0070529495737696735,0.013269354937713196,0.04302959201106482,0.000668655678515151,0.014427185980438573,0.00267873639995031,0.002761896427941224,0.009447511723477575,0.00945450473289089,0.007676538643403674,0.005162345767874221,0.007337586354469572,0.0073581641549766985,0.004151896869830196,0.008309568569471182,0.022151480558811,-0.003979247967859312,0.5,0.009339123754875445,30.2692,930.6999999999989,-0.29299999999997794,649.2999999999993,1.322999999999979
2020-07-31,-0.0003339323417215212,0.02282692589080959,0.053048683801899976,0.07949897650166626,0.06377139012871069,0.069430070577984,0.08370315889785118,0.08649405156757517,0.3590842698421177,0.021617698082456727,0.10500196123507788,0.0560166068181811,0.08597532867427038,0.01711476289422187,0.07481699716946011,-0.024991102591542358,0.05854007675327111,5.128799999999998,517.0,0.07906809999999997,0.011902245224572283,0.03698970971395532,-2.1999999999999993,3.9000000000000004,-0.28466963311209526,-0.2507742527107144,0.3933142903256517,0.5915496044316617,0.16665161618443047,-0.37734887052871535,0.03421694591043867,0.024630393883979806,-0.028097966755589177,0.02188889199044297,0.02886448266771957,0.03633273711091789,0.01672093354742543,0.03582565396144766,0.03879712302815008,0.007426628587939632,0.05847761640868043,0.0017412506576057751,0.000887746816859547,39.8,0.19999999999999973,39.9,7.143617602704121,4.7535901911063645,5.337538079701318,6.47543271670409,5.680172609017068,7.195937226475569,4.90527477843843,5.272999558563747,6.546785410760524,5.726847747587197,0.09490735529403338,-0.15866468710284565,-0.007065397411386343,-1.1977382789800473,-0.03265338789705652,0.011142097174406729,-0.090035953123623,-0.14120568942587575,2132.8861486486485,-0.07566044036016262,0.0003050204672483403,0.06145073775930232,0.03,0.03,0.03,0.01999999999999999,0.0,0.05999999999999994,-0.06000000000000005,-0.31000000000000005,0.08,0.1,0.1,0.26,0.65,2.36,3.56,-0.025622836511579372,-0.01864151872995924,0.0035217763338950547,0.01780510279571887,-0.030521189034886986,-0.017193030153205946,-0.022932934467730703,0.010184734447240551,-0.036055061133248856,-0.25191721440713755,0.03313464685025558,0.005734516890250063,0.036754394074687724,0.039156590333642605,-0.0013007902851081,0.01033934351275434,-0.0023883696742874605,0.003251270397718109,0.006840814895366698,0.00883323757701504,0.00643398097351966,0.002149578640215033,-0.0035991071340282232,0.011953205964896796,-8.000196023605355e-05,-0.007510920662246345,0.0033814984761124656,-0.008813718385069613,5.799999999999997,0.026202916428745837,31.207,649.2999999999993,1.322999999999979,140.90000000000146,0.7210000000000036
2020-08-31,0.009515632160081111,0.008108264336932791,0.015218759452945818,0.01583039391666219,0.03567157831764867,0.03632112278414201,0.040453270784457374,0.04361629198453887,0.146813497041685,0.012587586708342258,0.042643662147093586,0.034874548946154604,0.04651269271000036,0.011162072750526164,0.03455520296731507,0.03497251060766615,0.04568031490135738,2.548100000000005,401.0,0.05212675,0.0008621605776983898,0.010044785824751656,-0.8000000000000007,2.5999999999999996,0.07641342040709809,-0.8062328820241795,0.8954141784924801,1.216105477651353,0.13057499727092026,-0.07432737087305519,0.011440004010383475,0.0025363986610607014,-0.019498961371348322,0.005155009674238542,0.001922836357186597,0.0028235312876070395,0.0004420866561822834,0.01291807437758763,0.010269469874472748,-0.0034347521881894494,0.015346307266224102,0.00011597564524379322,0.004752373478678962,40.3,0.40000000000000036,40.7,7.330405211844402,4.882801922586371,5.356586274672012,6.763884908562435,5.755742213586912,7.343426229147367,5.0106352940962555,5.497168225293202,6.655440350367647,5.926926025970411,0.09842250409838726,0.13043714167496567,-0.0011970415388127265,-0.007265615786007373,-0.007374434103367022,0.0035360215624749003,-0.03308915579902738,-0.05736605300037123,1812.5861486486483,0.013149040204172735,0.0037194398080391267,0.03262502053807914,0.009999999999999995,-0.03,-0.03999999999999998,-0.03,-0.06,-0.10999999999999999,-0.2999999999999998,-0.33000000000000007,0.04,0.05,0.06,0.19,0.53,2.05,3.22,-0.013827962603022215,-0.019745864479593582,-0.008367452908239592,0.014113776940287065,-0.004066699382553718,0.001969050963196217,0.0013867930598800982,0.004098965528663179,-0.037756087835153274,-0.232941017438844,-0.0036303397931884973,0.00024771252679745004,-0.004516231096013179,0.004249708920922579,0.00016710547911191753,-0.004605278482755715,0.01478243437909832,0.0029098996739325145,0.0018217615229527695,-0.0002047094606218991,0.0002520082536898727,-0.0002011218759134792,0.009548603497564478,-0.007807869899105313,0.000611569266802725,0.00591351445110222,-0.009297041889466673,0.016303832997946355,-5.599999999999994,-0.0034291770143326517,26.6013,140.90000000000146,0.7210000000000036,55.79999999999927,0.7299999999999898
2020-09-30,-0.033056138810005464,0.011307425159762019,0.007971561445255126,0.008383845731584572,0.009696666039146429,0.011795727354908081,0.01082532169650019,0.00789014399478205,-0.001957143046883658,0.011156388981235388,0.019730202154266685,0.0069034575684874255,0.01746840186738119,0.015522007683117067,0.015368081822505708,-0.036329848301104306,0.017521256494047677,1.2119,-101.0,0.07826243100000002,0.0035781335902349554,0.02382046763650436,-1.799999999999999,2.8999999999999986,-0.30438124020941437,-0.5050116539005707,0.015605964481538948,0.005857886336299245,0.055429804939330474,-0.405392830272131,0.011168592996252613,0.002428905151214522,-0.014053556929321864,0.004160316637161543,0.0021691982475449123,-0.0010746911297658812,0.007485724079415945,0.012604615018265264,0.014457900769318854,0.003091807371868427,0.01802300755911368,0.002779388008105954,0.022338567348501925,40.6,0.0,41.0,7.241366283322318,4.48863636973214,5.521460917862246,6.565264970035361,5.849324779946859,7.334981878871814,4.787491742782046,5.288267030694535,6.728628613084702,5.937536205082426,0.013856624636227721,0.062139564676259695,0.0005954035400783653,-0.005435207718585744,-0.004994883631701086,-0.00011295925007104302,0.08470157214964757,0.14239277869636346,1903.5861486486483,0.009439053195277936,-0.003957814619521827,0.05580498986898874,0.010000000000000009,-0.03,-0.020000000000000018,-0.01999999999999999,-0.010000000000000009,0.030000000000000027,0.10999999999999988,-0.040000000000000036,0.01,0.03,0.04,0.18,0.56,2.16,3.18,-0.02424153705237675,-0.024748902370172632,-0.006289787241696487,0.034208566977688676,-0.020056049046901836,-0.003974403346764355,-0.005700033087891576,-0.00436805059900891,0.02061284541688213,-0.02150430061049846,-0.003785689710483986,-0.0013591013808165187,-0.005010012774478767,-0.010790327722174808,-0.0029926677688516534,0.0025103383444529115,0.007418155295839668,-0.0038980095393590375,-0.0024758245052565186,-0.0015981754159302142,-0.0012022179930974985,-0.00016123227539743823,0.0035504299384516713,7.557649338707506e-05,-0.0009391675889336426,-0.002763272600715627,0.0010233626595161915,-0.007059507947688726,1.5999999999999943,-0.014834694794481962,22.8791,55.79999999999927,0.7299999999999898,149.0,0.28700000000003456
2020-10-31,0.006391907572025346,0.011959539987048018,0.012363038180346564,0.019714510314456035,-0.0003962031280977385,-0.0061958384004547895,-0.011118201681607154,-0.013630066465480262,-0.014698693662018592,-0.013165279146407194,-0.00782850228399301,0.0076399308647685515,0.006404720840258449,0.013613815123481032,0.00028404664915182565,-0.02045279697028146,-0.005186958945996523,0.10859999999999559,82.0,0.04103751699999997,-0.003315884364551991,0.002543538244109911,-0.6000000000000005,1.6000000000000014,0.09899313659830078,-0.12688227951149678,-0.1000899267576898,-0.2798228842571593,0.40423886638492057,-0.07968591241377254,0.006730648327792466,0.004286765522648395,-0.002523538173139883,0.003729543655827783,0.004822091152922425,0.00562928708095356,0.0035033974961802272,0.007129597321984704,0.004985111244046436,0.0047366566420272704,0.002566520366963587,0.0031176054348822646,-0.003232491603416321,40.4,0.19999999999999973,41.2,7.29505641646263,4.836281906951478,5.365976015021851,6.651571873589727,5.883322388488279,7.400009517162692,5.14166355650266,5.389071729816501,6.7580945044277305,5.953243334287785,0.015782447746927275,0.071096391587675,0.0025302752779836624,0.00943125906536757,0.008953407440982275,0.009947814288931767,-0.007479765013277628,-0.010643311437042335,1961.3861486486485,-0.005260335158147278,-0.00015041537916538061,-0.0077517358873393505,-0.010000000000000009,0.009999999999999995,0.0,0.0,0.0,0.030000000000000027,0.06000000000000005,0.08999999999999986,0.02,0.03,0.04,0.18,0.59,2.22,3.27,0.0031394839062599544,0.005480066322844465,-0.004006585640889959,-0.01502519642336092,7.558864662127185e-05,0.002461465287280973,0.0032928896192103707,-0.004234018417527352,0.01449933346128418,-0.10540436169620682,-0.0290215347513314,-0.001101701833809976,-0.000699157400617878,-0.0005796743483781341,-0.0004246502359128712,-0.0011860331953803538,-0.007092089821127523,-0.0007527056963763101,-0.0010757049968441734,-0.001237758159325253,-0.00116353448168649,-0.0010067112242762022,-0.008945823305646528,-0.002829294405265692,0.0010191325759016934,-0.0007867801606784575,-0.004441818041311496,0.0030459919835776894,6.300000000000011,0.002012470492571694,27.5874,149.0,0.28700000000003456,41.5,-0.40299999999996317
2020-11-30,-0.0006228304188944378,0.014810547348579561,0.003040931347165987,-0.0040502972765317224,0.006591957015615435,0.006166678112598412,0.0023729959929594813,0.0014119257215261527,0.0034249488267246164,0.0009127943972915276,0.00042778134914644994,0.007281226689664244,0.009349972369296466,0.020463684472070476,0.00874465497398269,-0.0031288183248543433,0.0018179737947159325,0.7409999999999997,287.0,0.09534173600000007,0.0051622740171684,0.015533783921892308,-0.8999999999999995,0.5,-0.030576136132158815,-0.15512617069841905,-0.169205021891484,-0.6278210477504134,0.38438559231711,-0.06844792376748643,0.004862251910280335,0.0036168221474053297,-0.009373237928108402,0.006596148692672443,0.002402353804193069,0.0013356486558873115,0.004144405539420859,0.00506512495771716,0.007487044454000724,0.0020820627114357393,0.007262746663057484,0.0020730169810079246,-0.005670660460170396,40.7,0.10000000000000009,41.4,7.341483852363161,4.51085950651685,5.337538079701318,6.747586526829315,5.971261839790462,7.385851078125209,4.990432586778736,5.3981627015177525,6.752270376141742,5.963579343618446,0.025094554252243384,0.029282973233840437,0.0042353798560288425,-0.004771567316115721,-0.0042858907121026135,0.007049444760403034,-0.007538063511065118,-0.010480626482015865,1989.5861486486483,-0.0028454951007246265,-0.0005929866922009808,0.015677878748316942,0.0,-0.009999999999999995,-0.009999999999999995,0.0,0.07,0.10999999999999999,0.040000000000000036,0.08000000000000007,0.01,0.02,0.04,0.25,0.7,2.26,3.35,-0.0002055507147309399,-0.002736279275256673,-0.0036005987708289666,0.0025456101994337788,-0.0009074410786031328,-0.0005058164149334132,-0.0004899194425709297,0.002013875284126776,-0.033069565388478495,0.060325267605919386,-0.000505830609572655,-0.0013849877071807626,-0.002127633179596522,-0.009680059177768818,-0.003887296854468758,-0.0039918056706556015,-0.00535724480833899,7.417764092210177e-05,-0.001931111565302679,-0.002257172858913137,-0.0011414447923243642,-0.0008872198401999043,0.001785831706367702,-0.000367218963194027,-0.0015473750992818225,0.0015661688650308037,0.006148130491548276,-0.005235614053945348,1.3999999999999915,-0.002282954722213404,29.4362,41.5,-0.40299999999996317,-112.39999999999964,-0.13200000000006185
2020-12-31,-0.00826999566590736,-0.0012832302116105865,-0.0026317679853669063,-0.009641705363684139,0.00441703543004035,0.002124391025095207,0.0026953042383111026,0.0012261431299291914,0.01569318349099813,-0.003192782291977281,0.004499405599876383,0.007534362706823394,0.006504833808345545,0.004346975892214111,0.005752758945316572,-0.05774080032202544,-0.014603960535147564,0.5230999999999995,22.0,0.02375957499999992,-0.0023256402880829086,2.000900405185746e-05,-0.20000000000000018,1.3000000000000007,0.004425676103153364,0.040992774129584575,-0.06754604220152594,-0.33062271183232106,0.08868082645917141,-0.05710664692417211,0.0018934618128625402,0.0025040077186115894,-0.0047197727733516714,0.0027356055905567445,0.0026441925834301827,0.0033313376134902484,0.0015225669064253822,0.001794044255859717,0.0061044604001452285,0.0023460946512123826,0.002415851802602731,0.0013796277194035866,-0.005610757912648978,40.8,0.09999999999999964,41.3,7.341483852363161,4.955827057601261,5.303304908059076,6.673297967767654,6.013715156042802,7.440146680662688,5.10594547390058,5.4510384535657,6.806829360392176,5.993961427306569,0.003282271725266739,-0.017375517308567012,0.004873096616208272,0.003088937955673998,0.003790975340852043,0.009808469644877249,0.027635889633373267,0.045195458589750714,2155.0861486486483,-0.000287723134195339,-0.0018825119405558866,0.03740269411257913,0.0,-0.010000000000000009,-0.009999999999999995,-0.010000000000000009,0.04999999999999999,0.07999999999999996,-0.050000000000000266,-0.14000000000000012,0.0,0.01,0.03,0.3,0.78,2.21,3.21,-0.008466059037771423,-0.0015355931502746,-0.007665497548543954,0.016655591685285964,-0.011030502468538206,-0.0014791376329164052,-0.0023503715870774045,-6.725739328228286e-05,0.043404449582284066,0.04416235482771125,-0.0009850873089227719,0.0010338414142934127,0.0021486131082619764,0.002277371238585957,0.0031174610954458615,-0.0004638593176276018,-0.004482077153846298,0.0017319564680562394,0.0015799071343662874,0.00154675319942843,0.0008264107778588325,0.0001227145278948072,-0.001193546791586897,0.0026331766359861675,-0.00045593326750204,0.003891606366395184,0.0040523675578691964,0.0056411518656798165,-4.8999999999999915,0.006468521040297048,24.3898,-112.39999999999964,-0.13200000000006185,33.5,0.3830000000000382
2021-01-31,0.0019566037793374846,-0.0012252346863466101,0.004025602155149244,0.008591283149590012,0.012820635872185626,0.015932870694623347,0.016485960103643116,0.01971301331082298,0.012872294243477356,0.0220036724987569,0.009970921947039635,0.008910998430887496,0.006499767736352524,0.0010598178869054564,0.007000561488204937,0.11250633593295678,0.02650849885174633,0.6210999999999984,-47.0,-0.008864279999999947,0.0007219003717651162,0.00027341627130539337,0.0,-0.10000000000000142,0.1564992416972535,-0.040139167590344194,-0.04740558097860692,-0.1808380342160545,0.010898599829076261,0.10778685424201839,-0.0012829547572810185,0.003694462514685526,0.003934689317914852,0.004905310285622022,0.0028841023658650045,0.0021262466482259157,0.0041210339203150426,-0.002096086307307843,0.0016952279718527308,0.001572917549522046,0.0011496152698189377,0.001607163702614045,-0.00023062198852130678,40.9,0.10000000000000053,41.5,7.3864708488298945,4.882801922586371,5.4116460518550396,6.704414354964107,6.091309882077698,7.468513271496337,5.003946305945459,5.54907608489522,6.802394763324311,6.100318952020064,0.019623580079130676,0.009949166167148249,0.00404130666917446,-0.0029368161262830483,-0.00398861810649187,0.0037459651232349955,-0.013107324989896085,-0.020986930404095716,2263.2861486486486,0.005033574306361643,0.0008019986268639201,0.04040139207405424,0.0,0.0,-0.010000000000000009,-0.01999999999999999,0.0,0.06000000000000005,-0.040000000000000036,-0.13999999999999968,0.0,0.0,0.01,0.3,0.84,2.17,3.07,-0.02248619531006746,-0.025120805239686003,-0.005868375972405637,0.017723503883442793,-0.02040098573072399,0.009235230618795498,0.013425745820937252,0.010468166049749428,-0.04094227966897268,0.10012369894952489,0.043538395664224794,0.002065340771979507,0.0025671759416621143,0.013100931231127433,-0.0006254874694526791,0.008532124157897059,0.0005542934799329657,-0.0016219380461874877,0.0017016695032827656,0.003039522469888034,0.0023270871687479655,0.0031638860702720706,0.0015012830600751315,0.0064671551411263906,0.002376966911685763,-0.0035237283948412745,-0.005106769570201397,-0.0034799234471747376,3.799999999999997,-0.010000772285826187,22.3826,33.5,0.3830000000000382,113.0,0.09699999999997999
2021-02-28,0.0961533355581139,-0.00019882823956685058,0.012616919401514437,0.03768420843499065,0.006188305656162463,0.006289934902405925,0.009243425015152518,0.0037617956660502827,0.012129722616821326,0.0012764269015388408,0.019003246867118406,0.006163794480827711,0.01119688074673686,0.004532037600148975,0.009447559387733229,-0.05293747790681547,0.036006542924647,0.8130000000000024,431.0,0.07491403399999996,-0.00409559439565399,-0.0008204731855379066,-0.2999999999999998,2.6999999999999993,-0.24194256293665362,0.0531686678806782,-0.02930075937793042,-0.15425657276959281,0.016252389236873555,-0.010753760776804455,0.0025572684108414734,-0.001047042201706816,-0.02888359337222557,0.0001359157324554161,-0.0006584904345263709,-0.0006639665604790679,-0.0006495615687942546,0.0031465536175208086,0.0022803349467164225,0.0021409082056500495,0.0012406294485369784,0.001260961937012084,0.004648281374912244,41.1,0.0,41.6,7.396335293800808,5.351858133476067,5.3471075307174685,6.690842277418564,6.0014148779611505,7.5256399750415355,5.225746673713202,5.497168225293202,6.8501261661455,6.175867270105761,0.033040050510150465,0.021018528649300094,0.006013069350768063,0.0026965717514819687,0.0036818675989760408,0.00950070870112718,-0.014101590431371491,-0.026537700342103676,2288.186148648648,0.006499429956410729,0.005768782169784714,0.02629052778635277,0.0,-0.009999999999999995,0.0,0.0,0.06,0.15000000000000002,0.1900000000000004,0.08000000000000007,-0.01,0.0,0.01,0.36,0.99,2.36,3.15,-0.004651349467684085,-0.0021409665060098115,-6.647927222136474e-05,0.015291156666310535,-0.006579486412412544,-0.0001239429849801965,-0.0011370588916808089,-0.0018118922377814428,0.0355154274018572,-0.03779478740927633,-0.03539892358921115,-0.0020726707812848133,0.005950313049519096,-0.008846718111385599,0.0050109739755805904,-0.003782519916985194,-0.003422046319094818,-0.0008668488606646818,-0.001984196361859425,-0.0030222514602717965,-0.0027616432487498344,4.854084444350093e-05,-0.002833550758480463,0.0007175814716022799,0.0003670585432935525,0.0007660224536527593,-0.00034369717352511486,0.001717250910065804,-1.7000000000000028,0.0016350940289804328,25.5982,113.0,0.09699999999997999,-81.29999999999927,0.8109999999999786
2021-03-31,-0.07516009090112696,0.0007950758722419238,-0.009239959898838634,-0.025975062888687006,-0.03403259778062839,-0.025363130193474248,-0.02456013744422947,-0.023975135002957337,-0.06288531313335621,-0.011974449812163002,-0.03272774529647293,-0.04497091818554555,-0.02472922661424093,-0.09063618680927199,-0.041107833120670456,0.09748618972533674,-0.0768891433029184,-3.0093999999999994,548.0,0.071797251,0.0005994904510853161,0.002246360608799236,-0.20000000000000018,1.6000000000000014,-0.04014812163817094,-0.11113045593535542,0.026046960411768794,0.02271992194349437,0.0271576323261975,-0.0920538300656073,0.003555279907430986,-0.0017475102432484846,-0.007505867473134309,-0.008873172680486263,0.002795594650837785,0.0033154330482325634,0.001947420284395207,0.004417778971406605,0.002971334333359721,0.0021363345078295737,0.0026279493091152517,-0.00022914757203906788,-0.000688974144791743,40.4,-0.10000000000000053,41.4,7.247080584585756,4.59511985013459,4.90527477843843,6.621405651764134,6.037870919922137,7.444833273892193,5.153291594497779,5.493061443340548,6.763884908562435,6.061456918928017,0.005939825546946054,0.07044875160410236,0.014130168073794636,-0.00020758156855826826,0.000399058984976719,0.008618064712601736,0.02924202197252157,0.053148739792650446,2479.4861486486484,0.021143874248248373,-0.0043924510574839815,0.023363807911973566,-0.009999999999999995,-0.04,-0.03,-0.03,0.09000000000000002,0.17999999999999994,0.25,0.17999999999999972,-0.04,-0.02,-0.01,0.46,1.18,2.62,3.34,0.0031572804102717456,0.012777578012500443,0.01519494424759582,0.016431953260743926,-0.0022815792124784295,0.0012982180468315008,0.002035965720189381,0.006934941716615128,0.05263143776687329,0.0263007862412854,0.008001912015259016,0.00128568281323993,-0.017702369156676667,0.0020746264894606625,-0.0004469350922908788,-0.0007912284989899376,0.00475483686105882,0.002537717082942592,0.0015968229739904416,0.001636394281637088,0.0014540306416819249,-0.0009094344697047063,0.0006434841262565882,-0.004501638952018716,-3.85309337413986e-06,-0.0023260261793418557,-0.0013491822637430317,0.002124969234151397,-2.200000000000003,0.0030820824567534544,22.5607,-81.29999999999927,0.8109999999999786,1538.199999999999,2.447999999999979
2021-04-30,0.18364844424343119,0.009367271418474488,0.04215110755291551,0.10229447393781221,0.027732274005926705,0.018822573722696134,0.015903203799746635,0.012342346332079757,0.01889363303704794,0.010502046063405324,0.025674962950933633,0.039016878095255336,0.021134560424615145,0.06124608501699047,0.030588285975261087,-0.09090393778878525,0.12056809030826621,2.375399999999999,718.0,0.09259588799999996,0.001347540942067127,0.0030249364062235884,-0.10000000000000053,2.1000000000000014,-0.009145011150062388,-0.11484882747964509,0.007755472184648227,0.010810916104215806,0.0067356521195431895,-0.12056006684856335,0.0057288419540117985,0.008657631945478528,0.03206044975577438,0.014429871941317174,0.004342311521787323,0.00462321674145727,0.0038835000263972574,0.005253131624987972,0.004932688080394598,0.0023447086074597223,0.002233918366050247,0.0012596623480707336,0.004218254764699836,41.1,0.0,41.6,7.4360278163518485,5.062595033026967,5.60947179518496,6.782192056006791,5.948034989180646,7.470793774195062,5.049856007249537,5.4638318050256105,6.839476438228843,6.063785208687608,0.009417543985991372,-0.003180414537512277,0.012860975938815855,-0.0002984549936719816,-0.0006657254827935333,0.006675717495605582,0.03235004040662126,0.047209713219316995,2850.2861486486486,-0.009722412844950235,-0.0001901363610130602,0.0069490165363621514,-0.009999999999999995,-0.010000000000000002,-0.009999999999999995,0.009999999999999995,0.2799999999999999,0.3500000000000001,0.33999999999999986,0.3200000000000003,-0.04,-0.02,0.01,0.75,1.54,2.97,3.67,0.01001743540828226,0.03491080572972134,0.03103532256070718,-0.0002884962154880988,-0.01005351828140763,-0.0029574957414668646,-0.004218494873264866,0.010158830143076614,-0.15186976329751634,-0.07274379118224727,0.0084271613720448,0.0012720275306801199,0.007728511290467033,0.006690270246702212,-0.0022846897415478296,0.0027286176075058677,0.0024616797890342212,0.00023306403741951698,0.0014906942766286235,0.0013835102756338813,0.001616738888319702,0.001868335611947991,0.002629146269141458,0.002759469751118182,0.0014759317395371951,0.003079138247513935,0.0030165880942991663,-0.006431073114887553,8.100000000000009,0.0061863977164744455,21.468,1538.199999999999,2.447999999999979,1566.5,3.8220000000000596
2021-05-31,-0.14325352388157064,0.008916237196674004,0.007872671770482675,0.008873977652029907,0.0014125460433840331,-0.004355487069895858,-0.006816503602636637,-0.005334513735149926,-0.032395478261108224,0.002651975628766401,-0.013240252719723067,0.008526102209684083,-0.012569944128458133,0.03595303198058364,0.00013496972026771914,-0.004038703594617665,0.033081379728320925,0.09029999999999916,886.0,0.09022648,0.002758038499308668,0.0028966794635056914,0.0,-1.2000000000000028,0.10209381694662323,0.0070743094425376185,-0.044827490548202675,-0.11778303565638293,-0.02156875082715537,-0.12773149874887402,0.002527203386200938,-0.0018843603711324874,0.0013794464696044173,0.000270270271915507,-0.003357494043752851,-0.004755623229568684,-0.0010772380660384329,0.0032431373361028193,-0.00145900230141649,0.0029054852577186097,-0.0030893841864294558,0.001943635208570882,0.0024220279177029624,41.1,0.0,41.6,7.3098814858247865,5.043425116919247,5.170483995038151,6.668228248417403,5.932245187448011,7.450660796211539,5.170483995038151,5.4116460518550396,6.802394763324311,6.042632833682381,-0.0047075822792947974,0.04363086250293691,0.009917005832139836,0.005240509710983332,0.00541983358911402,0.010234959681641342,-0.03533918469601183,-0.06269559428275251,3007.4861486486484,-0.011902695885665615,0.0011626454859658963,0.05731297110613909,0.0,-0.009999999999999998,-0.010000000000000002,-0.020000000000000004,0.040000000000000036,0.029999999999999805,-0.14000000000000012,-0.14000000000000012,-0.05,-0.03,-0.01,0.79,1.56,2.83,3.53,-0.003909935193912695,-0.008641228970076464,0.00317254137163836,-0.0012992639333138656,-0.00598493587132215,-0.004272836654427792,-0.007576711887232079,-0.015559963397652865,0.0548788733323331,-0.06406249385434126,0.001391094374999291,0.0018689447325526132,0.007821139573358948,-0.000260442573599029,-7.905053102597037e-05,0.0011318552830932305,0.02413372644292089,0.0022003632120686234,0.001722361358210911,0.0023211425590998758,0.002055790398182822,6.614502260315902e-05,0.011770711980948256,-0.0035227433152904553,-0.0010797843826146902,0.003040220551422834,0.0069617919164253195,0.00426967837117509,3.3999999999999915,-0.0036735040403037544,17.1684,1566.5,3.8220000000000596,-1006.5,2.008999999999986
2021-06-30,-0.0241600385173939,0.005150103488150037,-0.0016631534518847246,-0.006059761115277951,0.00865747535738226,0.00789824561703334,0.008967097019948689,0.0065883677143503405,0.017459153325344978,0.0035553627258400056,0.019358566053006676,0.009619823163721009,0.00955029100470206,0.0177932542539061,0.010755412151643107,0.0027335731066822078,0.012982071652163363,0.9000000000000057,549.0,0.11055163400000001,-0.0002673771868568764,0.003000504537858717,-0.2999999999999998,1.2000000000000028,-0.18839554476535536,0.09366092159651096,-0.06181144004942851,0.04417121831313686,-0.09636414021905715,-0.22739706687226757,0.0029070289734800525,0.0008434422866123725,0.005498835536805302,-0.0016227184088180024,0.0022941427513760715,0.0030409225522340932,0.0010772380660384329,0.003240661877043749,0.0017505474929855325,0.003020536630812032,0.0007962648363104563,0.0007992236538907349,4.5642301293113974e-05,40.9,0.10000000000000053,41.5,7.370860166536716,4.941642422609304,5.583496308781699,6.6895992691789665,5.937536205082426,7.440146680662688,5.017279836814924,5.4116460518550396,6.825460036255307,6.008813185442595,0.001566387858787266,-0.024933793074296773,0.011134534487879932,-0.0041624571873217775,-0.00367269503078127,0.006603555106380554,-0.03422518595908741,-0.04748211900647625,2978.5861486486483,0.0076251098679129825,-0.0007582474148257745,0.006419543939633954,-0.010000000000000009,0.0,0.0,-0.009999999999999995,-0.040000000000000036,-0.019999999999999796,0.06000000000000005,0.020000000000000018,-0.04,-0.02,-0.01,0.76,1.56,2.9,3.56,-0.017834956825022452,-0.02093800798229868,0.0006188218288620817,0.017115244669880902,-0.02997909224783138,0.005521590108312324,0.007817077662393146,0.012538114252928168,0.06788426679719528,0.06422603617512834,0.05969270373984781,-4.0744706833351074e-05,0.0007823330135616757,0.005032953523926409,-0.001720833986656345,0.002663987475175489,-0.004286965920798913,-0.0016620401749483094,-0.00012217418217463916,0.00039205722403590215,0.00011172813866267006,-9.217379899340017e-05,0.0013492042213831823,8.472460450192898e-05,-0.0004054429007798177,-0.003468802889823319,-0.009333032056778379,0.0029520275168741783,-5.3999999999999915,0.001959569281169138,19.1336,-1006.5,2.008999999999986,-575.0999999999985,1.0660000000000025
2021-07-31,-0.0035809236537840405,0.0033327551241839615,0.008163310639160315,0.010956114693206231,0.0046430540826536415,0.002270805054280345,0.0020135179706164408,0.003678080899266689,0.0022951954261722918,0.004140796793668855,-0.007713643809347914,0.007482051004265244,-0.002763043546750943,0.007421551072765986,0.0007268889678933022,0.01653164841058441,0.018168450685555726,0.12469999999999004,393.0,0.019391618,0.002465862732648816,0.0013123664374639077,0.10000000000000053,2.3999999999999986,0.002001001167918126,-0.0018357049670818526,0.06049527928784393,0.023638157419987316,0.07306692793099678,-0.1354818991553799,0.0054734373048699325,0.0018332719119396046,0.004689340363386307,0.00040592653287241376,0.0024521836711635103,0.003558019171624238,0.0006457862671958026,0.006060019743159728,0.005378310805896902,0.00482098232935968,0.0043714338449074575,0.0007985854055121422,0.004281101405837262,40.6,-0.20000000000000018,41.3,7.408530566894626,5.0106352940962555,5.278114659230517,6.760414691083428,6.089044875446846,7.4109518755836366,4.9344739331306915,5.356586274672012,6.821107472256465,5.955837369464831,0.02063469348929914,0.05300223570122675,0.012695017190210933,-0.011931558355724903,-0.011180728526493766,-0.00648454290749001,-0.002436055893634048,-0.002454590499205267,2947.2861486486486,-0.02270223643185698,0.0038372262535695256,0.016806758418526968,0.020000000000000004,0.02,0.010000000000000002,0.020000000000000004,0.020000000000000018,-0.10000000000000009,-0.16999999999999993,-0.18000000000000016,-0.04,-0.03,-0.01,0.76,1.44,2.71,3.36,0.0077946282057386185,0.0056338177182561205,0.009080467266670667,-0.004197949884046037,0.007804516919902416,0.0030758920916555965,0.003701180856914732,-0.014713383709776373,-0.06032147215679107,0.03662726486839585,-0.09833540791534112,0.00190469776058233,-0.004680263091935366,0.009636052327597788,-0.0006944309405989557,0.004239939073976906,0.009031505885427116,0.000670979032327601,0.00163800888361898,0.0017394054168420325,0.002145054705738225,0.0002309675246268128,-0.004288943092113584,0.0022348377237531025,0.0004833784694744381,0.0011212610158111147,0.0036210571163959315,-0.0008868911625978804,2.5999999999999943,-0.00983820176824679,16.9236,-575.0999999999985,1.0660000000000025,-230.3000000000011,-0.05500000000000682
2021-08-31,0.006152831764058675,0.003957725133185264,-0.0015808585476815296,-0.016697167443815886,0.004190976171097205,0.008437107875886696,0.009290683609259887,0.004720966282047101,0.018411845133393,0.0008412135448185865,0.022529984029302064,-0.0007389705528542123,0.007080778384664477,-0.004472893266163069,0.008372354887220546,-0.024912421516700256,0.007913535311965703,0.7105999999999995,751.0,0.17713736599999996,0.0019026906803372157,0.006824171740708707,-0.5,-2.1999999999999993,0.11505846559262167,-0.1622217486610502,-0.1364654063845876,-0.13450075023179675,-0.1371199990738674,-0.10204421198566926,0.006363940585895733,0.004001685057479776,0.004473410163408964,0.003376328415038543,0.004398834072484092,0.004986232611370767,0.0034371677233426823,0.006743274370204944,0.0018466557252860838,0.004238704610489918,-0.002045499959258734,0.003869797681550935,0.0023150785436900634,40.9,0.0,41.5,7.3758821482150125,4.23410650459726,5.231108616854587,6.828712071641684,6.0330862217988015,7.4133673356952405,4.890349128221754,5.384495062789089,6.777646593635117,6.061456918928017,0.004373196075370345,-0.06417053889579805,0.0071856617307854975,0.005598865456883928,0.005488727922026371,0.0029311595097087917,0.019447158858003633,0.030885511329596937,3043.2861486486486,0.015675668179023994,0.0007594388272931241,0.029115539228833143,0.020000000000000004,0.010000000000000002,0.0,0.009999999999999995,-0.07999999999999996,-0.19999999999999996,-0.2200000000000002,-0.19999999999999973,-0.05,-0.05,-0.02,0.66,1.22,2.47,3.14,0.018042893892321388,0.010519492140706313,0.0009713074742769834,-0.015593317067687962,0.02505181516452759,-0.007186807026071662,-0.009226558607077884,0.0001777285223827363,0.020328296677790014,-0.07558757446695274,0.015069588128017841,-0.003929584740655301,-0.0034115629674547066,-0.02728101235129099,0.003966318247554668,-0.01036425416433051,-0.026606111604503546,-0.00010792878779763981,-0.004345579011018508,-0.005792386594053234,-0.004677974367321092,-0.0008432010414676228,-0.008761927178836615,-0.0010436072645756411,0.0007198677924655783,-0.00040077036072849737,-0.0010095191112093893,-0.0012901830209872678,-4.299999999999997,-0.004599730486736675,17.5754,-230.3000000000011,-0.05500000000000682,-8.299999999999272,-0.17699999999996407
2021-09-30,-0.001427586023231342,-1.9268008362161027e-05,0.006779143429769263,0.006155649536403018,-0.0002558618360053444,1.5128844807144048e-05,-0.002180016377158367,-0.002910155496506306,-0.010594378333777854,-0.0006810699125487929,0.0017153296641572169,-0.0005526088169522936,0.0018055002561512268,-0.004995913910490479,-0.0027894674737245495,0.020379483143876165,-0.008921446772845343,-0.16519999999999868,-93.0,0.05833715600000011,0.0001424011939334946,0.00311741526814302,-0.3000000000000007,-0.3000000000000007,-0.07537655100144125,0.04282970219896587,-0.06251340033861119,0.006016348186145493,-0.08646246499780474,-0.027398974188114877,0.0033128718586876715,0.003101388263848648,0.006383617770385541,0.001885776420911256,0.003731953057652504,0.003266909145349217,0.004493427909286751,0.0033467814551126907,0.0019876770606988003,0.003315363625855383,-0.0008666649700757034,0.002042669797861052,0.00199302507426502,40.8,0.09999999999999964,41.4,7.374001859350161,5.117993812416755,5.293304824724492,6.8001700683022,5.799092654460526,7.459338895220296,5.0369526024136295,5.3706380281276624,6.8308742346461795,6.089044875446846,0.01860268308807811,0.08226768761473657,0.012990800958890603,0.0013728096934215728,0.0012656100454968566,0.005928416498401035,0.014889466630814141,0.0239592992279114,3246.2861486486486,0.0022205371413601682,0.0024569239422937983,0.020527103387019352,-0.010000000000000009,0.0,0.009999999999999995,-0.009999999999999995,0.010000000000000009,-0.040000000000000036,-0.020000000000000018,0.0,-0.04,-0.03,-0.02,0.68,1.19,2.46,3.15,0.0033596633763171013,-0.002947439500752866,-0.003286274865636152,-0.0007969571151757449,0.005491676820515851,0.0030810038494992753,0.005105520754396409,-0.006173159379589954,-0.023399189792382202,-0.08335031133674597,0.011639933775711597,-0.0017356684818583545,0.0008543791846618021,-0.005305092612757356,-0.001624165184604287,-0.0006917114088995646,-0.002803672210718311,-0.002654434338011491,-0.0017027174835950731,-0.001186810895299928,-0.0017443941026753507,-0.0007315558254559207,0.005291743924931147,-0.0005486099509086628,-0.0018922550114650605,0.0011037986465054495,-0.0009967530193093488,0.002476700875070126,-10.900000000000006,0.0019054172494392674,17.0618,-8.299999999999272,-0.17699999999996407,-151.20000000000073,0.5089999999999577
2021-10-31,-0.008981284609802742,0.002456885483265836,0.0013574241194991288,0.006810405485692783,-0.010507706583349652,-0.0054602142249216,-0.007290026085827073,-0.007517269817236993,-0.03672896191096697,0.0006045348249008597,-0.0034627935949211874,-0.01634990951431803,-0.011763777911145468,-0.018958120328298023,-0.009393630162762179,-0.0018495042190478372,0.00275113814723138,-0.6860999999999962,-77.0,0.09789187600000004,-0.00019812892066006782,0.0038620270540956625,-0.39999999999999947,-1.0,0.07715670278440179,-0.11159106540846242,-0.15917552690099157,-0.15343685297133547,-0.1612838266152421,-0.012578782206860595,0.0031597745287044177,0.004364998715578494,0.0032726951916934865,0.006304937379589148,0.0033953144986718087,0.0037762920063251215,0.0027715613093874936,0.0029664156083288873,0.004574688741083577,0.0025575239028565733,0.00415577522437971,0.0029431762246190374,-0.000860137222273849,41.2,0.0,41.4,7.3632795869630385,4.852030263919617,5.327876168789581,6.70196036600254,6.061456918928017,7.402451520818244,4.897839799950911,5.389071729816501,6.79794041297493,5.968707559985366,-0.019466534065809782,-0.07184530642084574,0.006383252771907877,-0.0009668141548448972,-0.0007728437541381084,0.003702181710677266,-0.02241585446287786,-0.03580563722410446,3311.5861486486488,0.004180443684748347,-0.002304684193765283,-0.0019483699525757459,-0.009999999999999995,-0.010000000000000002,-0.009999999999999995,0.009999999999999995,0.08999999999999997,0.09000000000000008,-0.020000000000000018,-0.010000000000000231,-0.04,-0.03,0.0,0.78,1.29,2.45,3.15,0.0029589761275916615,0.00881638363727981,0.0028025545844680977,-0.004722301630450787,0.00569847208827845,0.007990475391140173,0.009793477170759068,0.0018652228635414048,0.009151354329547168,0.12418334913334217,0.009331362582944536,0.0014638718775703552,-0.005733994041245083,0.004203839730926084,-0.0001834137185783291,0.0027035763721459105,-0.0036996704641065747,0.000996059353646217,0.0010714241218048315,0.0012426946581012288,0.0016146965684225023,-0.0005414970061670132,-0.00831090454474559,0.0027026707986861354,-0.00018700622166001324,-0.0015224308765917627,-0.0003360138119012923,-0.004602012386059506,2.5,0.0059348667483067885,19.7806,-151.20000000000073,0.5089999999999577,52.399999999999636,2.26400000000001
2021-11-30,0.0012536972756311826,0.0035623300878206976,0.006319206162769042,0.014495744947073064,0.01363153332317335,0.005447102572646578,0.005453997184023507,0.0051195860007355876,0.04265487693145875,-0.005300113964223918,0.0038721566049595424,0.02301026045005461,0.016578517074450794,0.021370052180381016,0.014040799471282561,-0.0647821074329249,0.021026887974361586,1.1240999999999985,462.0,0.13632387499999998,0.0016024801649798803,0.00409966907662529,-0.20000000000000018,-1.6999999999999993,-0.08535544656418281,0.08217718020216935,-0.10491198458952944,-0.027343475672685358,-0.13511175432940892,-0.2217380697054736,0.005785064787133365,0.005320070141143773,0.0076584712822294065,0.005600761406826749,0.005071453815903126,0.005702451948218723,0.004036975630267392,0.005859697774258876,0.005090346523543232,0.0032613438569928377,0.0033500431311068724,0.0033852435849333062,-0.0016771302346931805,40.7,0.0,41.3,7.364547014255642,4.795790545596741,5.365976015021851,6.71174039505618,6.045005314036012,7.442492722794441,4.867534450455582,5.4510384535657,6.79794041297493,6.104793232414985,0.016613292111255618,0.010910714178590908,0.006118668001937166,-0.00020280574873332569,-0.00030547529300761767,-0.0016597080372093842,-0.018555664692904372,-0.028391136365634395,3260.4861486486484,0.006515837270216096,0.0011033755266804945,0.003406599785668263,0.0,0.010000000000000002,0.009999999999999995,0.03,0.2500000000000001,0.20999999999999996,0.15000000000000036,0.1200000000000001,-0.03,-0.02,0.03,1.03,1.5,2.6,3.27,0.003408602758520729,-0.00010837171508844279,0.026519530230589616,-0.0022600527244739377,-0.018881261969625307,-0.006085899603426093,-0.008469371554390648,0.010478745581084858,0.0390533278669043,0.07230049603705613,0.012290954059150927,0.005042228769051249,0.01514298003132808,0.017006186890975883,0.004324031187620037,0.008048711743146697,0.017713074259573247,0.00300417699569433,0.005671617878156177,0.007168627891684487,0.005107192856913301,0.003317266477060876,0.012666816334201414,0.005214320507325176,0.000971503019358444,-0.001131868808758263,0.004523641309130522,-0.00042001476777508984,-1.0999999999999943,0.007460991428661856,17.7838,52.399999999999636,2.26400000000001,67.20000000000073,1.7040000000000077
2021-12-31,-0.0015830085648449455,-0.00041505832165178447,0.0020154997823533805,0.010134817058689904,0.009068489991886253,0.011763378820495163,0.011254646916108335,0.012101249189209184,0.029082610853087054,0.007238522455094376,0.012285352486746781,0.0060140351638136025,0.007519638780861371,0.0025600036389841208,0.008924016468918161,0.035121608181599484,-0.009622840467156557,0.7258000000000067,-222.0,0.08897157,0.003252737911964232,0.006806368109426586,-0.2999999999999998,2.099999999999998,-0.03548918518233801,-0.11094347248862935,-0.08741912419201725,-0.0969542410048918,-0.08352831986377662,-0.1858389716058344,0.004278404645633671,0.00446841289416966,0.004756930290638728,0.005966209278570389,0.0035267750566312372,0.002194540350179963,0.005708864220320464,0.004247912637580953,0.005349131932993245,0.00463083785064633,0.0025653393934010893,0.0034860873089392896,4.5364846787521174e-05,41.1,0.10000000000000053,41.5,7.4413203897176174,4.700480365792417,5.41610040220442,6.846943139585379,6.061456918928017,7.475905969367397,5.056245805348308,5.3706380281276624,6.860663671448287,6.0844994130751715,0.01922702525929587,0.05520405757557256,0.00794609160959503,0.00040495923665417877,0.00047541889057889364,-3.923902452207528e-05,0.01913116731903486,0.028284437117729766,3322.2861486486486,0.004186150075674355,0.0020315818272624853,0.04529208274863805,0.0,0.0,0.010000000000000009,0.06999999999999999,0.08999999999999986,-0.020000000000000018,-0.06000000000000005,-0.07000000000000028,-0.03,-0.01,0.1,1.12,1.48,2.54,3.2,0.012555893049072786,-0.0015184384696237258,0.007428921396157584,-0.01752364087387387,0.010639674785861614,-0.0022735837179803653,-0.0026057492986479858,-0.006956699740925387,-0.04098122814346805,-0.15757724211600888,-0.07614151823065551,-0.0011269997722518355,-0.0025540529196401707,0.005439048259950674,-0.0014375558899173413,-0.0011016124340201827,-0.0029904765512105413,-0.0013881483174982279,-0.0009656685534871201,-0.0018112060373107752,-0.0010956692966859194,4.648944283669465e-05,-0.007040148196949758,-0.0005160451620787043,0.0015272059556483697,0.0011028776906498727,-0.004231903580118601,0.0004086841847978917,-4.299999999999997,-0.009087500546018035,19.1586,67.20000000000073,1.7040000000000077,-113.10000000000036,0.8479999999999563
2022-01-31,-0.0029886702870225434,-0.0029678926736025346,-0.0037614395941538703,-0.007930556373587194,-0.0007270457371220118,-0.0009474089076961789,-0.0022928551764618277,-0.006982175194281126,-0.01281267687658083,-0.0053366988771932355,0.01637665697098445,-0.0004922197157197772,0.002434306659501395,0.004630143223558036,0.0006310866222323241,-0.028544104581165186,0.008248321031047112,0.06519999999999015,298.0,0.13744863799999996,0.0013301395528433346,0.0036517822944936995,-0.30000000000000027,-0.8999999999999986,-0.004022127091504402,-0.05069787906778611,-0.09508182088836392,-0.10737360139050711,-0.09014244598883447,-0.08951306211999821,0.003846325819447216,0.0035797251849043477,0.008129357559227834,0.004747470343584581,0.0027167415830540165,0.00206105959860281,0.003787883316936913,0.0038891072645110825,0.0036565708065232627,0.004969787448800389,0.0010333902942534223,0.0029144735348047845,0.0013599893297033816,41.1,0.0,41.5,7.451241684987676,4.927253685157205,5.746203190540153,6.784457062637643,5.958424693029782,7.5595594960077,5.641907070938114,5.568344503761097,6.855408798609928,6.054439346269371,0.03236466806746385,0.0026188597235332622,0.011357472896502685,-0.0012969061415102345,-0.0010120280128020909,0.00011771245476666081,-0.007153865045941288,-0.01089288614177164,3336.886148648648,0.009689778377481417,-0.0007471984274882715,0.0015799347335434533,0.0,0.009999999999999995,0.07999999999999999,0.12,0.030000000000000027,-0.09000000000000008,0.029999999999999805,0.020000000000000018,-0.02,0.07,0.22,1.15,1.38,2.56,3.22,0.011100961182052949,-0.0003256798595794863,-0.0011598001106039035,-0.011955608295329101,0.018370840292564056,-0.004086485012339658,-0.005525801231340388,-0.013755599411058306,-0.07108740448270012,-0.06970177340095329,0.04288032573557654,-0.0011853956875107485,0.0012752456824571823,-0.00613923099706426,-0.0006314333557879692,-0.0018940028121061658,0.001891208774598141,-0.000624712518550119,-0.0011745221693031382,-0.0014511011802609275,-0.0012428829280777265,-0.0004626506327563007,0.003988640985518543,-0.0042343659570125425,-5.3571456244405624e-05,0.00182604096261052,0.0015929695631324847,0.004104020869846625,3.1999999999999886,-0.003087138992370342,21.2985,-113.10000000000036,0.8479999999999563,-169.40000000000146,1.141999999999996
2022-02-28,-0.005634005153172694,-0.007342337388676512,0.0005734982224341323,0.018492720431659393,0.00019564308834674193,0.003051432868971027,0.00445045700146629,0.008163902185057026,0.0016184106109076168,0.0099797285572647,-0.006063395745742994,-0.003018184269435231,-0.015412683777017655,-0.009510710454790683,-0.005720479755421337,0.09070817005225429,-0.036373981613877504,-0.4440999999999917,-179.0,-0.05872679400000003,0.006929907165496019,0.006487599938246547,0.10000000000000009,-3.5,0.21819429622388942,0.008733679968754515,-0.10587892932365506,0.06815288823722643,-0.18523598526758978,0.09415344167650197,0.0015010660385375019,0.0006758061659013492,0.0030080864946002706,-0.00197537431719752,0.0022317879501070337,0.003083646282634689,0.000839806893782935,0.0016334117544687388,0.0031841526991396307,0.003954705855253593,0.0008895497971508348,0.00011192568146434212,-0.0008157716291954387,40.7,0.0,41.2,7.43955930913332,4.6913478822291435,5.303304908059076,6.829793737512425,6.1463292576688975,7.560080465021827,4.969813299576001,5.605802066295998,6.93537044601511,6.16541785423142,0.012313644551671388,0.07572951751257406,0.011211201933926773,-0.0020993669559494776,-0.0018057018161794502,-0.0007588345712346012,-0.05228811331363126,-0.08040534866909788,3026.0861486486483,-0.009994801728569591,-0.0008802492045845156,-0.02183122170720253,0.0,0.09,0.18000000000000002,0.25000000000000006,0.31000000000000005,0.29000000000000004,0.28000000000000025,0.28000000000000025,0.07,0.25,0.47,1.46,1.68,2.85,3.5,-0.005377488567513744,-0.002065105891243063,0.008682001054307165,0.018765909248860124,-0.01400384776352373,0.007196301309831732,0.00838504523176642,0.019211818015226534,0.07914758826561652,0.2475720740928491,0.043577566420767155,-0.0009201083920924447,-0.004814616402747163,-0.014810143035751011,0.003919926875386004,-0.004518106425082102,-0.005282732094959108,0.001680989048184145,-0.0014232847287889427,-0.0006590855695254305,-0.0013636316712961616,-0.0007202967122035275,0.0020515758467833933,-0.0007098480235399052,-0.0012183699119798774,-0.0011334046564144273,0.00029572735775174053,-0.0008583989132935343,-3.3999999999999915,0.005259617472672673,22.9143,-169.40000000000146,1.141999999999996,140.70000000000073,1.049000000000035
2022-03-31,0.0008536026899186311,-0.0008392457610355564,0.000670134933816513,0.010384384555093717,0.006216889486809762,0.009323539134125092,0.007996966571394815,0.0037292245780493616,-0.017487308350030872,0.009542751088337909,0.019807043206601982,0.002722149810034935,0.014854379031140397,0.007113088606222284,0.008887004069651816,0.03531417203066489,0.02142222080058076,0.6995000000000005,423.0,0.12492152499999998,0.0016609372234928088,0.003069465698716911,-0.20000000000000018,1.8000000000000007,-0.150041407986663,0.09418023618127602,-0.0332552947867093,-0.1440062307554859,0.019731581862594716,-0.07923635497326487,0.005776386121418398,0.006397482075851002,0.00692173748456959,0.010620961310051413,0.003814372075471084,0.0026904122307431777,0.005650323706982263,0.005676793673215386,0.008651972516405593,0.004687681708340108,0.009321742817983036,0.00558037162413072,-0.0006803184152452957,41.2,0.20000000000000018,41.5,7.45876269238096,4.812184355372417,5.44673737166631,6.885509670034818,5.996452088619021,7.526717561352706,5.241747015059643,5.4510384535657,6.8658910748834385,6.16541785423142,-0.013940268152285995,-0.06859315403493405,0.007523165559160105,-0.00012739189033617038,-0.0008863929064020226,-0.0024767571090826834,0.038874406593304656,0.06130658285191437,2962.7861486486486,-0.0007368667197225065,-0.00010511664210000049,-0.030600181050548514,0.0,0.18000000000000002,0.31,0.44999999999999996,0.27,0.16999999999999993,0.31999999999999984,0.3900000000000001,0.25,0.56,0.92,1.73,1.85,3.17,3.89,0.0017601378473095508,0.004017595935534718,0.003918270754553532,-0.0011072154664998335,0.007026437150484011,0.005895107468398386,0.007769452483579187,-0.010132780756767268,0.05804219814093603,-0.052477341629811214,0.00025215921332044644,0.0008307384083030556,-0.0008688713361326705,0.007341402924653018,-0.0037196757592843355,0.0022764158988701766,-0.007010061847550375,-0.00013093629340765744,0.0007469833874331755,-1.6116913759134377e-07,0.001244841712362721,0.0004287449882696137,-0.008676203231813062,0.007059220233821328,-9.417484844131963e-05,-0.0003874564353041343,0.000608100864736727,-0.0032819939450070557,-4.400000000000006,-0.009340189761289253,26.1429,140.70000000000073,1.049000000000035,-527.0,1.6680000000000064
2022-04-30,-0.004225313679443232,-0.0040771213796375605,0.005213450700014555,0.020054537977340914,0.008091223935253744,0.005136871362966922,0.0064598915658979905,0.003789903698613095,0.029180015153300154,-0.0032211794748171485,0.016775052504112153,0.011355306490830941,0.010779129233529972,0.0004235862871215801,0.009400107951336167,-0.07854994143128469,0.011126277537350404,0.738599999999991,473.0,0.16696691400000008,0.0019566078307402535,0.0038504943015240656,-0.09999999999999964,-2.1000000000000014,0.08000650792331143,-0.03626296610816038,-0.1951874740476196,-0.18123519058173443,-0.2020531386565496,-0.020714204387562773,0.0031169268933854966,0.005021891607222884,0.014252902084356478,0.0036453627140851097,0.005378908713151276,0.006249621769759628,0.003957101904168425,0.0028110185788676745,0.0020639842208520776,0.006188086102733692,-0.00043090004107426694,0.0021124028089634095,4.5368963100145265e-05,40.9,-0.20000000000000018,41.5,7.445417556701687,5.3471075307174685,5.442417710521793,6.739336627357174,6.054439346269371,7.532623618788788,5.278114659230517,5.476463551931511,6.887552571664617,6.115892125483034,0.001868047208331447,-0.025825729327157987,0.005090045765479445,-0.003730289764135364,-0.002843029820523313,-0.008618016652455651,0.02604897233507586,0.03563779156445612,3035.4861486486484,0.011011922352135883,0.0015037559448085602,-0.010130081812340208,0.12000000000000001,0.10999999999999999,0.18999999999999995,0.3400000000000001,0.2999999999999998,0.19999999999999996,0.18000000000000016,0.31999999999999984,0.24,0.63,1.14,1.91,1.93,3.23,4.09,0.01700889496766589,0.007126690351279399,0.02823405650366073,-0.027858623549414985,-0.004020343596501635,0.0021298578974118243,0.003896471092351028,0.012439398536577606,-0.06281151094415716,0.07250216136471899,-0.03167885383795088,0.003293036806970129,-0.0019242676425355043,0.015530915314302618,0.001951920087654102,0.006412678042459596,-0.011438366581836057,0.0010667525439327363,0.003868206919353412,0.004996389763463505,0.0034167717179069967,0.002870112969295846,-0.00578808179343504,0.010380740559485346,0.0019148936380446457,-0.0003824728439991709,-0.0022411013189915785,0.004044269756574792,-3.3999999999999986,-0.0030242394734294464,26.9368,-527.0,1.6680000000000064,-37.399999999999636,-0.6630000000000109
2022-05-31,0.00041105043698053123,-0.00020105000051628963,0.005168964555243072,0.013982615219793715,0.0022298375387794778,0.0032839273338263197,0.003583757093897688,0.0012459373226088033,0.001812596842316161,0.0010523348729529758,0.008357902941891204,0.0010476943236188418,0.004798654727233398,-0.005438507612236521,-0.0003816285647593176,0.06460936690709218,-0.026471175737843744,-0.048599999999993315,-253.0,-0.03811870900000014,-0.0019932164117957285,-0.0019930597523707405,0.0,0.6000000000000014,-0.01004156003614387,-0.062274575442072155,0.009975145056818846,0.02254523832105626,0.004338401598598551,-0.008407335835974195,0.0020132219329909162,0.002905940162738929,0.0160440998520075,0.000519683005069993,0.003858120607912241,0.0035537542160231084,0.004355497915197404,0.0018696320586304438,-0.0002796127381827773,0.005108029684194548,-0.00376378833495572,0.004322054713858492,0.001677206258854369,40.8,-0.10000000000000053,41.3,7.506591780070841,4.890349128221754,5.393627546352362,6.950814768442584,6.0473721790462776,7.527793987721444,5.176149732573829,5.53338948872752,6.902742737158593,6.073044534100405,0.0057588387159057675,0.01647479650999273,0.004634621428371233,-3.3369673868577365e-05,-0.00035215706794744506,-0.0025442271724571697,-0.056997748216559785,-0.08754940471382078,2778.3861486486485,-0.0053737103187803115,0.0038601223214840275,6.831713267985151e-06,0.13,0.32,0.4,0.5499999999999998,0.6699999999999999,0.6200000000000001,0.3299999999999996,0.3700000000000001,0.43,0.9,1.56,2.45,2.42,3.43,4.33,0.017453608558937184,0.01664571084286475,0.06368222634204912,-0.018007459501606815,-0.0025308460202849714,-0.013015385214429465,-0.019510497253287795,-0.0060262970893445456,0.02981864479231966,-0.2328188672150473,-0.009416225488052099,-0.006415744581102167,-0.0065192541776069035,-0.03231434313344206,-0.0006029272126095719,-0.019089866622656437,0.005867132604968184,0.0018242674447384033,-0.0073488496426028505,-0.009547775966873395,-0.0069467918155918795,-0.005764782252270173,0.0023902536096489513,-0.024633841871573026,-0.0009660987196058457,-1.5976880266332927e-05,-0.0009568048202472923,-0.001247371975481748,5.800000000000004,-0.0062615399364389646,24.485,-37.399999999999636,-0.6630000000000109,3.3000000000010914,0.9379999999999882
2022-06-30,-0.0022809851116321056,-0.0010383206098492082,-0.001388010087314484,-0.0005257412580252918,0.0006168992702013654,-0.0018065385550327662,-0.0027314265095030876,-0.004367589174202102,-0.012923801645978727,-0.0020458603499529104,0.002952559279629341,0.00324618516580788,-0.005663414692975266,0.0005949495570147789,-0.002216123071341336,-0.012957343867618043,-0.0012070799467558402,-0.20310000000000628,-398.0,-0.06023556199999991,0.0028575364831322503,0.0030796593084030377,-0.10000000000000009,-2.400000000000002,-0.1157009572098513,0.09343693542264475,0.009876623495912007,0.16546045882788807,-0.0686837046890032,-0.015123161574219779,0.0015879137429593015,0.0025654439458762113,0.007028955676323001,0.004923565271404584,0.0010995916910641057,0.0006332721381934192,0.0018608503250447939,0.0014305114413293296,-0.0007343556359593606,0.003826535281367782,-0.00394005679008913,0.0008842710866900916,0.0010864153890999262,40.8,-0.09999999999999964,41.1,7.333676395657684,4.859812404361672,5.424950017481403,6.744059186311348,5.786897381366708,7.440733707389261,4.941642422609304,5.442417710521793,6.836259277277067,5.996452088619021,-0.0014948998745545339,-0.01838180252849675,0.0034120796319037083,-0.004864367168876171,-0.00405057186953961,-0.012107121745954075,-0.009705690931852473,-0.01660470598745256,2482.9861486486484,0.006770944158009051,4.518177960299852e-05,-0.08329151389862233,0.44,0.21999999999999997,0.21999999999999997,0.17000000000000015,0.0900000000000003,0.1499999999999999,0.3700000000000001,0.45999999999999996,0.22,0.69,1.3,2.11,2.14,3.37,4.36,0.024075948067371122,0.03677572416021486,0.01938993343697515,-0.03902588175140964,0.01812738459255675,0.014017671611924243,0.020818759001009823,0.009822836845511773,-0.0001788408473011316,0.13750399670061686,-0.1203804433817286,0.005499753448505729,0.008445063310618117,0.022166748959695504,-0.0003982183545998552,0.015127161542928036,0.0019734729978564403,-0.0008040953018397801,0.006018936235487438,0.007874779151287647,0.006036019423119043,0.003198984656514803,0.0032856236373435266,0.014204729998137822,-0.0004875793081327018,0.00430070354615264,0.009999984565706832,-0.001228044374602888,-6.800000000000004,-0.0013063951826204345,29.1728,3.3000000000010914,0.9379999999999882,-111.70000000000073,1.4670000000000414
2022-07-31,-0.0048529918594582,-0.0038511877627005475,0.0006200413268411253,0.00945133585312341,-0.0013946373361273245,-0.0034971414225948294,-0.0025216515822332752,-0.004302881547067372,-0.003329304856537263,-0.004595604467134251,0.0018574457763582686,0.0008625270074409386,-0.005022820827892183,-0.002553570443990516,-0.003336918824296653,-0.0208599413854218,-0.0007371821519059907,-0.29989999999999384,-227.0,-0.027824453000000027,-0.001924436052252787,-0.0017947880143367456,0.0,-0.09999999999999787,0.10555754058211608,-0.1433193989906849,0.03381964823978656,0.012072581234269464,0.046063258252956096,0.01652930195121094,0.003030454750648559,0.0028901069556610537,0.01320268954768622,0.002968318627809552,0.002273886579802209,0.0013917886728211926,0.003711344466207578,0.003053064592924315,0.0028993121348896977,0.0022922550256083696,0.0038883995616156852,0.0008834898421170578,0.0009496462151261653,40.6,-0.10000000000000009,40.9,7.346655163176539,4.812184355372417,5.327876168789581,6.761572768804055,5.8805329864007,7.459914766241105,5.181783550292085,5.313205979041787,6.838405200847344,6.0473721790462776,0.02137780767634112,0.01803877877073745,0.007069015027617809,-0.0009106273334094084,0.0005240191151401064,-0.015073690456020472,0.03587599542542286,0.05852505267401398,2393.9861486486484,0.004599790677224824,-0.00028521772440903703,-0.03562651079672641,0.43999999999999995,0.51,0.6599999999999999,0.5899999999999999,0.31999999999999984,0.2400000000000002,0.11000000000000032,0.14999999999999947,0.3,0.92,1.46,2.0,1.95,3.05,4.08,0.00361611595167588,-0.010458415842841448,0.038917359471688506,-0.009532344576323848,-0.004286333180685303,0.005355997462931583,0.006936009437342072,-0.008144147095484833,-0.009545666788874918,-0.026408655669400538,0.09166504674887577,0.003498206544161775,0.001347770585459429,0.016926093705693646,0.002085586282137619,0.006383473566822673,0.005150490315988243,0.0018120927755012062,0.00413743903845365,0.004699216080161328,0.0036250436834146527,0.0033972158636252914,0.002201584392700795,0.007645941648367405,0.0021724822507271924,-0.0057804178109091,-0.006629413783128424,-0.0052150105161596905,-8.399999999999999,-0.0018559759914094087,28.2445,-111.70000000000073,1.4670000000000414,37.100000000000364,-1.3870000000000005
2022-08-31,0.009432973170483194,0.011251585085949145,0.0008900912494809177,-0.009901541522859603,0.002215931221035028,-0.0009002900013470594,-0.001431796496736304,-0.003568615052300217,0.0006354985578216343,-0.004731821665053815,0.0028834418501384462,0.005548697969262051,0.011272412114725405,-0.003307160965013267,0.0004996497559233148,0.0011919795890111828,-0.012431285090489297,-0.001999999999995339,354.0,0.12138258800000012,-0.00012192445575820443,0.0010368198379744342,-0.10000000000000009,-0.10000000000000142,-0.07930420974469143,0.19750623033227122,-0.14712867772031046,-0.07328779576983191,-0.19047276902466148,0.02177524073029069,0.0045579348199176195,0.0031176217977133547,0.009701107918453467,0.003730147742684764,0.002503130218117988,0.0029038591202699138,0.0018505197015148411,0.004789754540309943,0.001289760527374284,0.0026037769454969606,0.0009616781701229371,0.0014340082982453595,0.0071161855046941724,40.7,0.0,41.0,7.2305631534092925,5.14166355650266,5.093750200806762,6.569481420414296,5.811140992976701,7.440146680662688,5.075173815233827,5.402677381872279,6.840546529288687,5.955837369464831,-0.0010646092256223483,0.029113909314007813,0.006154793524004276,0.0007170805462717311,0.00215069419277647,0.0003952973300744844,0.020860813122631328,0.03668707858156317,2426.0861486486483,-0.010152894011919322,-0.0006106838248189916,0.003272445268521551,0.47,0.74,0.6499999999999999,0.3700000000000001,-0.22999999999999998,-0.2400000000000002,-0.1800000000000006,-0.05999999999999961,0.58,1.11,1.37,1.31,1.25,2.41,3.56,0.0247779249999045,-0.00010307684387829419,0.02029914799955801,-0.027401228880410827,0.010256500167189181,-0.04587379823715487,-0.06063012292567471,-0.04180493940591834,-0.13692044780975987,-0.16945827829866555,-0.07981206566063204,-0.013316611818229518,-0.005312965245293455,-0.05962642765819037,-0.00038588943185757785,-0.027052682689300944,-0.003663447721105051,-0.004364486144989854,-0.015413474211702471,-0.019300456228209306,-0.014489169801371382,-0.009648181128041777,-0.007816926130807644,-0.02826987672788306,-0.0037182680911600485,0.0021342831118036365,-0.002805902846089836,0.00600217325582264,1.5,0.004483572430462601,24.5288,37.100000000000364,-1.3870000000000005,-18.50000000000182,-0.5650000000000546
2022-09-30,0.003438666793197598,0.004469273997234069,0.00541073199085762,0.006070537024619682,0.0011618615918154163,0.003247450936991747,0.004944784549534731,0.0033511309909277642,0.001207176816578226,0.003925316272193058,0.008256224958577363,-0.0011036430902127137,-0.001013348594916863,-0.007922605580196418,0.002418769383613295,-0.020381730144795718,0.01713041652279923,0.14279999999999404,-1462.0,-0.29835060700000016,0.0038213506401891806,0.003009532450414909,0.10000000000000009,0.1999999999999993,0.049612419937289154,-0.007021362899156003,0.11527270217828356,0.14777664776057087,0.09449816189531379,-0.007821525956426711,0.001547325948950018,0.0016022623597482522,-0.005279843310776577,0.0012830384105484427,0.0020291898010995624,0.003398153166163098,-0.00020544427396274045,0.0015384909910451938,0.001114128657826896,0.0036771170272817955,0.0017016453340321647,0.0017621149933990665,-0.0005836008336057574,40.6,-0.10000000000000009,40.9,7.333676395657684,5.19295685089021,5.214935757608986,6.6895992691789665,5.8944028342648505,7.350516171833998,4.990432586778736,5.313205979041787,6.728628613084702,5.916202062607435,-0.0073814613911533655,-0.04252235867675047,0.0031291576028475987,-0.001725094177094988,-0.001553854023288892,-0.002360470733956177,0.0025704716529588723,0.005038723692790015,2474.186148648648,-0.002520256596259429,0.0010052484105393944,0.0611891291161637,0.6500000000000001,0.3999999999999999,0.29000000000000004,0.2599999999999998,0.06999999999999984,0.0,0.010000000000000675,-0.05999999999999961,0.3,0.72,0.95,0.7,0.57,1.74,2.82,-0.0011031778767200962,-0.013177882008829134,-0.010482002642713262,-0.0003337505245833705,-0.00146984902492725,0.007234561822243357,0.009650311373317066,0.009362719236626127,0.13733356649127249,0.0408370901427304,0.11654135718948488,0.0011998608642569408,0.0006195317585211413,-0.0008827077244877302,-0.00013719892813668366,-0.0005929950210994406,0.00069535027366463,0.0020286775754838615,0.0016807270115357653,0.0011928149654254483,0.0013154740410046273,0.002842707448182935,0.007390590397277741,-0.0011423906782397353,0.003285763725301649,-0.0014414148058445875,-9.508415852010899e-06,-0.001215062138205436,6.700000000000003,-0.004409622123526802,22.3008,-18.50000000000182,-0.5650000000000546,-9.699999999998909,0.06900000000001683
2022-10-31,0.002253445569024848,0.0033692711081787508,0.0006937940403872744,-0.002583333512548691,0.003505518026258869,0.0012312323133247816,0.0007465450508945537,-0.0013215250407050405,-0.0064134845362042725,6.41888772747734e-05,0.007196403044386734,0.005981780615202048,0.00546739253649875,-0.005316484066959504,0.00228168549424268,-0.022253213560282425,0.017800433010934036,0.12520000000000664,664.0,0.15223391000000008,-0.0003158636467190945,0.00047237400302080346,-0.10000000000000009,-2.1999999999999993,-0.010096460251009631,-0.12574144925558972,-0.028857723875903574,0.06585263256233276,-0.09628547246940933,-0.0905869407947808,0.0014797964884074588,0.002445563933440198,0.004753111668363452,0.003583774474341439,0.0017137964777358405,0.001757469696645586,0.0016423735984929522,0.0013243882317084399,-0.0013231660414394497,0.0010457560689776102,-0.0016822921809200864,0.000550024764979895,0.0004938382555632614,40.6,0.0,41.0,7.305188215393037,5.0238805208462765,5.356586274672012,6.616065185132817,5.932245187448011,7.3777589082278725,5.0369526024136295,5.3612921657094255,6.756932389247553,5.921578419643816,0.00021954752052621984,0.029079073658863308,0.002188982997381572,-0.0028386344588469115,-0.0023695578989659793,-0.0082438209919804,-0.03920709350986584,-0.06860897007828015,2298.0861486486483,-0.0005204650862919991,-0.0022394811409647275,-0.0769606563876355,0.22999999999999998,0.5,0.5800000000000001,0.6100000000000003,0.6700000000000004,0.6200000000000001,0.5199999999999996,0.54,0.55,1.05,1.31,1.12,0.94,2.01,3.11,0.03322161741413865,0.016471082474039295,0.057458191948500215,-0.05691790592534271,0.032147801909028495,0.020092406929748563,0.027533508341508472,0.012336828270377964,-0.08109400778085618,-0.024408311725621523,-0.06479478842445818,0.0035039706311685848,0.0005468926687592912,0.02341680928174661,0.0007834668105051179,0.007901571469468571,-0.00949551829794082,0.0009224947919541648,0.004351007739463064,0.005177895025403778,0.003754623002175883,0.0007593715495017861,-0.0011982913295813802,0.006353120614687846,-0.0007527533465587766,0.0017587508163918741,0.0045770126643902564,-1.280595056174505e-05,0.3999999999999986,-0.007004483295451891,27.0915,-9.699999999998909,0.06900000000001683,-67.29999999999927,-1.02800000000002
2022-11-30,0.0019612330722864613,-0.0015166886624786713,0.0018016150110939932,0.010247172584097797,-0.0008542020687842822,0.001162255022724601,0.003092366974545513,0.002810782295629366,0.010335385541081266,0.0007492237888948594,0.002216833224845338,-0.003089458058680883,0.003962894650469728,-0.008793333667635572,0.0008587624608500377,-0.00896735739538812,-0.002767284388697,0.00549999999999784,-324.0,-0.1081613990000001,0.00027942293272076313,-0.0007937158284239132,0.10000000000000009,0.6000000000000014,0.01646880771326753,0.10271411598427971,0.0015132411462666084,-0.11532372157778337,0.08237931790439923,0.023242330765548047,0.002602253717800096,0.0026738610981702493,0.007349114441473681,0.0024245529646584885,0.0027204556049813533,0.003630676914685438,0.0012300124551991587,0.0025907239433902163,0.001079556442016738,0.0025682463062324246,1.2901893999384129e-05,0.0028552622077526735,0.0013007694314293161,40.7,0.10000000000000009,41.0,7.268920128193722,4.59511985013459,5.455321115357702,6.670766320845874,5.746203190540153,7.374001859350161,4.795790545596741,5.3981627015177525,6.815639990074331,5.8289456176102075,0.016298839652689523,0.03148856822544843,0.004941845096306352,-0.0018227197790245953,-0.0005198633460548052,-0.00974388686661598,0.017924167559236537,0.029757072063160805,2222.8861486486485,-7.969810229546681e-05,7.514843651534875e-05,-0.032859512808633085,0.52,0.5900000000000003,0.5499999999999998,0.5399999999999996,0.47999999999999954,0.45999999999999996,0.5099999999999998,0.5699999999999994,0.64,1.1,1.35,1.1,0.9,2.02,3.18,0.014555742979775133,0.021949870162866057,0.02595209709093904,0.0010595091932333323,0.025900515454468143,-0.00042637498167685806,-0.0010199555365284496,-0.0026959919523132925,-0.06651460238360674,0.14417351285115831,0.020906165397991394,0.0009858901475405801,-0.001340492695360851,0.010365774453947374,-0.010826839970598634,0.007507042526443186,0.001667046239073322,-0.0033487278274906274,0.001099660727001961,0.001278418814804283,0.0020616312058141517,0.0011160274886874433,-0.006478523545942139,0.011270008262575182,-0.0008752714173319021,0.0010301766204539042,-0.0024831451975906305,0.0023532169163105188,1.2999999999999972,-0.003675024808689642,29.9215,-67.29999999999927,-1.02800000000002,-71.39999999999964,-1.5669999999999504
2022-12-31,0.0004751809946181851,0.0002689480306159453,-0.0026776097764500406,-0.013873874871231706,-0.0032766913848956136,-0.0035752104845601096,-0.004718957206699237,-0.0033891326650623554,-0.025419776959457963,0.0026341102251397075,-0.01256699234953551,-0.0029487807251005194,-0.011346179515988375,0.00032736661647092546,-0.0071409645889835005,0.036442987207585986,-0.00957186458623216,-0.6356000000000108,131.0,0.028256701000000106,-0.0012032891350930441,-0.0011160469141433538,0.0,0.6999999999999993,0.021988770159439675,-0.08082874401038964,0.027344482729636965,0.033251145148687655,0.024411301679680975,0.04042665946865398,0.001927802156810543,0.0017786103448447221,0.010578439060276779,0.002291535057505456,0.0010085729548841016,0.001248907368527341,0.0006144393434475148,0.0019518230113391155,-0.00013923213500177667,0.0010419854899410552,-5.805983390239078e-05,0.0014245797160210572,0.002909385934225739,40.5,-0.10000000000000009,40.9,7.261225091971921,4.454347296253507,5.493061443340548,6.606650186198215,5.872117789475416,7.244941546337007,4.90527477843843,5.293304824724492,6.672032945461067,5.6240175061873385,-0.028177346268241976,-0.10914175011676797,-0.0021820839206831977,0.0009106695269220921,0.001394654076300128,-0.005536935087716799,0.027873845240129924,0.0472810004820019,2293.9861486486484,-0.0020782850254184027,0.00012295849985655138,0.05010245129072999,0.6999999999999997,0.43000000000000016,0.3000000000000007,0.3000000000000007,-0.1200000000000001,-0.08999999999999986,-0.1999999999999993,-0.1899999999999995,0.4,0.73,0.98,0.31,0.14,1.15,2.32,-0.02869709107655183,-0.029478395382796077,-0.03182690526721821,0.034263293510657405,-0.01709317385397091,-0.005672952849335999,-0.00717997408095794,-0.002753139389371384,0.0685941594514139,-0.07530097273531489,0.08555706314389244,-0.0027987797441078044,0.00451207209608917,-0.012661850366673555,-0.0003501609407710049,-0.007078565094215783,-0.0033166739625052344,-0.0002585268199073454,-0.002878876373121564,-0.0037258651178815327,-0.003030669701323596,-0.002074907972066775,-0.003154770937038087,-0.007073898185725014,-0.0002869621556769175,-0.0021335837672551428,-0.003656387114868931,0.0011390355429337085,-3.1999999999999957,0.009172561893723952,23.0367,-71.39999999999964,-1.5669999999999504,43.19999999999891,-1.882000000000005
2023-01-31,0.0028149938176404987,0.002819595808119857,-0.0008767628050332377,-0.011737286606752662,-0.012484278858162945,-0.00782074774508601,-0.0037938352587634228,-0.0005581516430757105,-0.007192641765293217,0.0012412318703711733,-0.014553425929245911,-0.017804590252245234,-0.016600414325366408,-0.043548083369865154,-0.018440515313758787,0.07965533735719266,-0.02946267350211329,-1.5167999999999893,257.0,0.09942161300000008,0.0034904049397681547,0.004733051389035126,-0.10000000000000009,-2.1000000000000014,-0.010709607046375247,-0.01088281599345553,-0.07376849682843112,0.032180994798095774,-0.14787353066842623,-0.01313451718064762,0.0008167340169968895,0.0010749925084674317,0.00310024361303185,0.0035542053155026565,-0.0005429513416288501,0.0016212512125086675,-0.0041034115845910435,0.0007751500830259772,0.0006959669000696778,0.002113711836059906,0.0009543339087247915,0.0009850600041332314,-4.4695733798505444e-05,40.3,-0.19999999999999973,40.6,7.176254532017144,5.293304824724492,4.770684624465665,6.530877627725885,5.720311776607412,7.251344983372214,4.948759890378168,5.19295685089021,6.645090969505644,5.768320995793772,0.049841480521889636,0.1378079679358084,0.008454535493420678,-0.004252308650873005,-0.00342527119251379,-0.006876544492172343,-0.017178937409832784,-0.028873538099041696,2276.9861486486484,-0.0034162086531894786,0.00963520842407739,-0.0013052581270152075,0.31999999999999984,0.09999999999999964,0.0699999999999994,-0.05000000000000071,-0.2999999999999998,-0.27,-0.47000000000000064,-0.4800000000000004,0.16,0.46,0.59,-0.33,-0.47,0.34,1.5,-0.026467770548907588,-0.03626029620233205,-0.05431249219992651,0.03790138680282343,0.009466826118906813,-0.01192777615654439,-0.016147191836852315,-0.017100730356350624,0.05283014497836547,-0.061707598251138585,-0.04170554268364679,-0.0021087742915124608,-0.002522786674228783,-0.015615011094404885,0.0058093660280489345,-0.008672506346163011,0.0008603045596595749,0.0021593806836053275,-0.0023504375487339857,-0.0037242290384460475,-0.0028177000773901284,-0.0012307338299644144,0.003756810142029998,-0.01018793420374653,0.00074830857099073,0.0017270331675414141,0.004827173404211127,-0.003161188006554738,3.0999999999999943,0.005050471069239393,21.7702,43.19999999999891,-1.882000000000005,189.3000000000011,-0.08799999999996544
2023-02-28,0.0018463918084492548,0.006326275052877861,0.012848512036353732,0.04278378888384715,0.00900412879480239,0.002755418507528695,0.0010680705744263719,-0.0026856298803625833,0.017984707808254896,-0.008308755064170725,0.01113603631470994,0.016197545727991702,0.014194769523198758,0.03999795644896498,0.01803217434337956,-0.16252342935715447,0.009060437468103366,1.33659999999999,-483.0,-0.07780783700000016,0.005673919792679172,0.005997338588494827,0.0,0.9000000000000021,-0.13834975021685914,0.08782158566267295,0.05844820706559606,0.11493692680287904,0.01296314449051117,-0.021872074818668708,0.0028727099557510627,0.002146524389283755,0.012815211692867479,0.0037941110393564514,0.0006204917596122073,0.0004983181864677277,0.0008220304614141583,0.00298960621683797,0.002223844691473076,0.0020927921685540696,0.0015005879580840542,0.0003281378208281893,0.005304815739016533,40.9,0.2999999999999998,41.0,7.215975002651466,4.852030263919617,4.875197323201151,6.678342114654332,5.726847747587197,7.251344983372214,4.912654885736052,5.176149732573829,6.677083461247136,5.713732805509369,-0.015403099294127642,-0.06139798932347951,0.0030563193085093587,0.00537713030855258,0.005878770321320559,-0.0061445644597011295,-0.011870184177141141,-0.019160538670773164,2201.186148648648,0.001860960832592795,-0.013934045038100251,0.0122647935763176,0.23000000000000043,0.29000000000000004,0.1200000000000001,0.010000000000000675,-0.11999999999999966,-0.0900000000000003,-0.02999999999999936,-0.08999999999999986,0.21,0.34,0.36,-0.69,-0.8,0.07,1.17,-0.015969855050931514,-0.008083247116191128,-0.03367262112458924,0.004668886721780147,-0.012071091142263513,0.024253911208196755,0.031250807217103826,0.03650593158546478,-0.060388495784707175,0.1204457554418692,0.014911773373662562,0.005165374890096608,0.003245095900424211,0.02580951270166576,-0.0028957279863588425,0.013372668011214728,0.007182975484695042,0.00030673924737989466,0.005811039171946142,0.00817829334821063,0.005859942167846022,0.003988715856915626,0.004976027541228056,0.015310343713098362,0.0002492453506537373,0.0010068675508487779,-0.00213673694919736,0.0026974784513984496,5.1000000000000085,-0.00027111478911479026,20.2269,189.3000000000011,-0.08799999999996544,-19.80000000000109,-0.9630000000000223
2023-03-31,0.003477006159766205,0.002819267907872458,-0.0006260801158202156,-0.011980282374830509,0.0005127758654284165,-0.002367818537481803,-0.0024233256093380007,4.9019920229653735e-06,-0.006464675870653025,0.001811143530326298,-0.009263558773445979,0.0038390186824557304,0.0038068620275124587,0.0029725305396830493,-0.0005006453422895518,0.021599410940041253,0.0064442643217805795,-0.11730000000000018,-547.0,-0.1569625429999999,0.0023711953142289133,0.001110376519211087,0.10000000000000009,-1.0,0.1574571966720315,0.02474693237093284,-0.07120077096298694,-0.12349967025276687,-0.028933422855002888,0.05497202324501416,0.001975047920526052,0.0013043277574720236,0.001187749354872203,0.0031507997583180014,0.00023258518537083717,0.000498069989127714,-0.00020544427396274045,0.002082928240231041,0.0013873957343211174,0.002646787180191623,0.003962817690991827,0.0013114755978094195,0.002486679789372559,40.6,-0.19999999999999973,40.7,7.243512974665482,4.584967478670572,5.209486152841421,6.648984550024776,5.846438775057725,7.388946097618437,5.003946305945459,5.2574953720277815,6.79346613258001,5.953243334287785,-0.028729061482636098,-0.058515559876024525,-2.2382130108411502e-05,-7.799895627158548e-06,-0.0003307992029650819,-0.004373578105967724,0.0129562512414374,0.02254763088411771,2193.186148648648,-0.006755760885932105,0.002714972704014329,0.02960787592190961,0.2400000000000002,0.11000000000000032,0.13999999999999968,0.23999999999999932,0.2999999999999998,0.2200000000000002,0.15999999999999925,0.08999999999999986,0.08,0.24,0.36,-0.63,-0.82,-0.01,1.02,0.007380504742388716,0.0018379377031753213,0.019726340974411727,-0.012581885479105603,0.0023813078673664556,-0.022336070328772273,-0.027898605391335707,-0.020277663334931084,-0.01311919566669495,-0.0383909037653396,-0.016450176761114044,-0.002111003580192339,0.0007828900823128038,-0.0056053709416818975,-0.0016145568103773655,-0.00306205850131569,-0.000902567959331968,-0.0015494609702129125,-0.002232356891588516,-0.0035341000598450023,-0.0021523938854883795,-0.002396370413209503,-0.002483565326279802,-0.0054216651756897605,-0.001434934977618596,-0.00451898469739298,0.0032615576345480513,-0.007762349215231001,2.0,-0.0012752406479439315,20.2141,-19.80000000000109,-0.9630000000000223,-76.69999999999891,-2.775000000000034
2023-04-30,0.004412228414658159,0.004809218715932317,0.0001372565842423512,-0.01059070354816427,0.00013617710047419962,-0.002346683579483866,-0.001974835126806518,-0.0008003233105480234,-0.010918184652119578,0.001995486850661088,-0.007575273246435366,0.003023133402518141,-0.009335360477103372,-4.1196087201100795e-05,-0.006293417226759246,0.050614108472140984,0.005459128033579397,-0.5741999999999905,-274.0,-0.012137440000000055,0.0017597126540636054,0.002596457949362474,-0.10000000000000009,0.1999999999999993,0.001319551544009201,-0.052981444833530844,-0.00913248356327312,-0.02739897418811399,0.004723674347776097,0.06199167602796685,0.000547932856481026,-0.0011644969525175242,0.0010169492401850277,-0.00201536785685974,-0.0007754944165299094,-0.000498069989127714,-0.0012335527879994146,0.0008229837364108761,-0.0006934572588139787,0.0011157968438535448,-0.0016230489290727235,-0.0004369674528774681,0.001639598887239302,40.4,-0.10000000000000009,40.6,7.227662498728654,5.214935757608986,4.875197323201151,6.715383386334681,5.4680601411351315,7.299797366758161,5.1298987149230735,5.308267697401205,6.670766320845874,5.768320995793772,0.030098962621206482,0.08612635646376177,0.005040291731411628,-0.01665034497172968,-0.013678659842350172,-0.015214271400809665,0.04727990078667332,0.07806053238118515,2230.0861486486483,-0.0013636679717130562,-0.004773206488790649,-0.027615245470499872,0.08000000000000007,0.040000000000000036,-0.040000000000000036,-0.25,-0.1200000000000001,-0.08999999999999986,0.040000000000000036,0.1200000000000001,0.04,0.12,0.03,-0.83,-0.99,-0.05,1.06,0.00523322571749496,-0.0003240965836179138,0.00463424480335739,0.00445876388923791,0.016877726794259085,-0.0015472706753403287,-0.002763624619698035,-4.039884090989432e-05,0.007575221793874043,-0.030656551384734776,-0.06788246099757078,-0.0028353024765559454,-0.00486631102167312,-0.006595027002466836,7.70722609271246e-05,-0.004257062321989302,0.00239762335837046,-0.002130824165052836,-0.0027457991766981493,-0.003504891101951735,-0.0030856693050642647,-0.0015300168834917471,-0.0014972343286752121,-0.004484174489228998,-0.0005969886209573616,0.002403281263023249,-0.003310284458862167,0.005800251003929446,-4.900000000000006,-0.02052387790028476,22.0446,-76.69999999999891,-2.775000000000034,-30.80000000000109,0.10000000000002274
2023-05-31,0.0013513433286398424,0.002703689980881663,0.003083302944574484,0.008120952261867487,0.0039779045108101485,0.006014514965075435,0.009425762003139049,0.010450705075921718,0.030480947966768035,0.004911923902044535,0.007919051413638023,0.0015780052783327392,0.012462972007565298,-0.0026566083248162897,0.006681939794493275,-5.1168097911613586e-05,-0.0006199368722725751,0.44310000000000116,420.0,0.09811516599999992,0.0004439431825637996,0.001006880434117008,-0.10000000000000009,1.3999999999999986,-0.19657652392948766,0.09239016521519883,-0.0010799137118624458,-0.025576841789649585,0.01682282664415169,-0.054577369588740154,0.0013910447312905916,0.0012110486365326523,0.005237825610077351,0.0030215306885672533,-7.758252845313507e-05,-0.0002491280531078388,0.00020569783061397118,0.0014199240110812639,-0.0007633588156945592,-0.001000877902622932,-0.0010149415673978979,0.003272611189588659,0.0021672314371823376,40.6,0.0,40.7,7.21081845347222,4.8283137373023015,5.1647859739235145,6.621405651764134,5.713732805509369,7.295735072749282,4.867534450455582,5.198497031265826,6.705639094860003,5.846438775057725,0.0030995575676531217,-0.0019521609323085443,0.00709726730163851,0.007489789042354644,0.007622552513570469,-0.0110567397154675,-0.04202092982163563,-0.07198280636133525,2126.7861486486486,-0.006360304589400734,-0.0014432877515346831,0.03780658734422282,0.17999999999999972,0.22999999999999954,0.020000000000000462,0.0,-0.2799999999999998,-0.20000000000000018,-0.1299999999999999,-0.17999999999999972,0.09,-0.04,-0.15,-1.29,-1.37,-0.36,0.7,-0.018307163349884803,-0.029607425789938496,-0.0014209843866703764,0.025058258733362676,-0.014650389025858801,0.011855625566673744,0.016605926675659077,0.0003491404281072974,0.055455598064132694,0.12814764113051869,0.06281800193389309,0.003466061973119494,-0.0015804001491632746,0.016241212746836986,0.0034251382015817455,0.007101939254167355,0.005370253638445455,0.0010936766301403722,0.0038768601752234844,0.005908998064044546,0.0034648838855266817,0.0020342369060966092,0.001552638760640157,0.005286631199627578,0.0010793321619013696,-1.9943740950267852e-05,0.00027789835247427064,-0.0015581059100635564,1.7000000000000028,0.002755677784737287,17.493,-30.80000000000109,0.10000000000002274,14.700000000000728,-2.2590000000000146
2023-06-30,0.002979454748782473,0.00312214214219253,-0.00042766844373254287,0.0050699456113108,-0.0023588187751437673,-0.003376241671007918,-0.0041145696773288165,-0.006703735430307667,0.009091106691146322,-0.011189529044306035,-0.0004629264452855608,-0.0011440196273095893,0.0014838381222599395,-0.005098842974186724,-0.0010667960521555386,-0.039730937158713786,0.0036901932208399657,-0.1664999999999992,-682.0,-0.20845027100000002,0.0009651960666712256,-0.0011063804466378002,0.20000000000000018,0.3000000000000007,0.10648348040245015,-0.024314094159183064,0.1021137595589563,0.1611579000903598,0.05674642495782134,0.04358824801314576,0.001459802639296015,-4.65516840151281e-05,0.006048405535881152,0.0012562815722620968,-0.0011644607922178807,-0.000997133324547761,-0.001440774150644586,0.0017012517254340054,0.00086740806576735,0.001148463646108766,-4.498960419674347e-05,-0.0003267795900772086,0.0026914353646780853,40.5,0.0,40.7,7.367708572374371,4.564348191467836,5.560681631015528,6.785587645007929,5.8377304471659395,7.362010551259734,5.1298987149230735,5.303304908059076,6.741700694652055,5.8805329864007,-0.0015899981793356943,0.06329733023017958,0.003397997965508992,0.012953558181136415,0.010475874369895166,0.001926642255213551,-0.008079834763664806,-0.013823476524660094,2115.3861486486485,0.00787527678636657,0.003994672669204391,0.005975120708377801,0.22999999999999954,0.21999999999999975,0.2400000000000002,0.23000000000000043,0.04999999999999982,0.10999999999999988,0.20000000000000018,0.23999999999999932,0.09,-0.02,-0.14,-1.46,-1.48,-0.38,0.72,0.007180513986061676,-0.0008907694609708583,0.02645872325947707,0.003048538261506889,0.0024443551298762856,-0.012607306317887534,-0.01762284221489452,-0.004709110580852105,-0.06182868136683961,-0.18515236026169557,0.019757685257145496,-0.0025087323223678126,0.0030926804953370635,-0.011437863718660068,0.0007821087175265973,-0.004554741525193862,-0.005082261187768111,-0.0012385310506255465,-0.0030505905229487595,-0.004151772798124398,-0.0027901972001593833,-0.0017913774786917358,0.0011106344461611073,-0.0039510931156865325,-0.0016241879832978867,-0.0010417392907875467,-0.0014895304120732256,0.0011397450376833262,-4.700000000000003,0.01338820851295175,17.3964,14.700000000000728,-2.2590000000000146,39.399999999999636,-2.990000000000009
2023-07-31,0.00107838166025509,0.0019448385067093454,0.0031433673552161423,0.004759379503564531,-0.005843362370637983,-0.008528690325266375,-0.011302111475848697,-0.01570221328953192,-0.031205927480946194,-0.011248827180462051,-0.001179706674357739,-0.002605789563400407,-0.0018047661232483136,-0.0051729662750110705,-0.006303752140424557,-0.025018176014635962,-0.0015175768174469084,-0.5761000000000109,-119.0,0.013645059000000126,0.0003055511477434436,0.001137440880926377,0.0,-0.5,0.001441961316900553,-0.01944955961585837,-0.016724442941193907,-0.013318731840280762,-0.01855996714379593,0.1067959490186361,0.001650160093218389,0.001999768135332758,-0.000670241311953923,0.005134317208369765,0.00023300066122189378,0.001495327381432432,-0.0018554793489542476,0.0015941600515549936,-0.0007979877255799295,-0.0003279979037547065,-0.0007201090762016804,0.0004356823944320354,0.0038261145692910503,40.5,0.0,40.7,7.259116128097101,4.553876891600541,5.1298987149230735,6.705639094860003,5.8289456176102075,7.288927694521257,4.912654885736052,5.298317366548036,6.677083461247136,5.811140992976701,0.048062234708460494,0.10206566352128732,0.013296239302709623,-0.002623839900943281,-0.0043281662957639355,-0.0034618537213795264,0.011170523124903298,0.019651816769314934,2161.2861486486486,-0.002141123187595184,-0.006169993099597093,0.046925893893101644,0.020000000000000462,0.020000000000000462,0.16000000000000014,0.33000000000000007,0.3600000000000003,0.18000000000000016,-0.019999999999999574,-0.019999999999999574,0.08,0.11,0.16,-1.13,-1.33,-0.43,0.67,-0.0012246993570217413,0.0030031722699343233,0.03092721544203947,0.011389554048010259,-0.017237303258641146,0.014003419334453149,0.0197244171519948,0.006435765253083758,0.04006718020029343,0.08555679052082166,-0.031347921231516196,0.001067022375497828,-0.002106963812742002,0.004549638231226005,-0.0006907582429143133,0.001369754545759605,-0.003675655404003386,0.0011321357488860428,0.0013565546303206943,0.0018518984775939273,0.0012194438960975162,0.0009938601155266014,-0.005228586682506808,0.002767207661963589,0.001506610636033301,0.0037178333040137623,0.000577854633465158,0.004546745631470728,5.200000000000003,0.0011190123493562965,14.0327,39.399999999999636,-2.990000000000009,60.79999999999927,0.6480000000000246
2023-08-31,0.0022045658774860755,0.0040463798386838334,0.004764506698862192,0.001928381959711345,0.006729541767841241,0.007059003580653922,0.009792444732600991,0.012096523720130037,0.027891255788018654,0.0075757558904880895,0.004482376384089548,0.006328794982504604,0.001635960322801111,-0.00012938068406143088,0.0025926660447073147,0.06040611238506166,0.0034999300235183384,0.12050000000000693,-585.0,-0.08891554000000013,0.000993893028768511,0.0012664437597607048,-0.10000000000000009,-0.09999999999999787,-0.04318629865313017,-0.04919941320317722,0.06713930283762792,0.07010956618702657,0.0647615114384168,-0.0697024436447311,0.0009490526218129958,-0.00023232581476584357,-0.001006205015298356,0.0009987516435714383,-0.0010878011950676836,-0.0003736222722334759,-0.0022724934890767656,0.0011381939654704354,0.0,0.001999115811537777,-0.0001608094507954405,0.0009795919150690224,0.0016665939562106047,40.5,0.0,40.7,7.286191714702382,4.709530201312334,5.176149732573829,6.669498089857879,5.950642552587727,7.3277805384216315,4.804021044733257,5.293304824724492,6.748759547491679,5.8522024797744745,-0.03581133747258214,-0.10983036665542834,0.004619021880118979,0.0011235621566605403,0.000379597778044527,-0.0022119203645285523,-0.023264140009326084,-0.03620033580814486,2093.7861486486486,0.003430288351998101,0.003399491002591404,0.03676043180617228,0.040000000000000036,0.08999999999999986,0.07999999999999918,0.1299999999999999,0.1899999999999995,0.1499999999999999,0.009999999999999787,-0.009999999999999787,0.13,0.15,0.25,-0.98,-1.22,-0.46,0.62,-0.014881822863569205,-0.03170570759340437,-0.0029905004360575305,0.020847149972157253,-0.005661033346832489,-0.0024752327765966697,-0.003980992505705494,0.0013086402300563904,0.03730374535861003,0.09834905791937842,0.022011607635171515,-0.0008827620590130536,0.0014323759619170318,-0.005514394455395255,-0.0003032342207474059,-0.0032594396968281814,-0.0014088708423969365,0.00047046826106278417,-0.001100504018077153,-0.00134746382958717,-0.0009360523487558225,-0.001506628936184029,-0.0029209623176269517,-0.003129635109202056,-0.0007697619927506949,-0.0027422966901990975,0.002030525018809737,-0.005735516950315045,7.299999999999997,0.0021893631059928254,13.8333,60.79999999999927,0.6480000000000246,-72.49999999999818,1.3009999999999877
2023-09-30,0.0013237738738567373,0.002218859969291387,0.0006448657036139949,0.009288648841121017,0.00022214968226474952,0.0015260180080334251,0.0011712019983223243,0.0021647777013900082,-0.017099371534189167,0.007697927873757671,-0.001933320865967758,-0.0013707709245442956,-0.006240500832224605,0.002427270399216752,0.0006315353557937442,0.005229234238134595,0.009783048803801542,-0.031999999999996476,681.0,0.02416411500000004,0.0039180369178257735,0.001809966464277224,0.20000000000000018,-0.20000000000000284,0.09740518444178292,0.10128344779198706,0.060297164519397484,-0.041473248206575164,0.13509789077787193,0.04252412259078575,0.0010057817276702963,0.0007432526936668182,-0.0010072184836742437,0.0031146851318695212,-0.0005443446613675462,-0.0006230141625724883,-0.0004137360423097647,0.0010477780263844494,-0.0009723235825251919,0.0004909742664462868,-0.0005405092500758713,-0.00021760417885907657,0.0021449372403168354,40.6,0.0,40.7,7.183111701743281,4.844187086458591,5.075173815233827,6.608000625296087,5.666426688112432,7.353081920515432,5.043425116919247,5.3612921657094255,6.71901315438526,5.8998973535824915,-0.014251468013767976,-0.06878052205442664,0.0007506124260174829,-0.001292263767711077,-0.0007037325033074637,-0.006192972183889367,0.023743079830637726,0.042361647126984536,2158.186148648648,0.0014541122873126255,0.003933929848196627,-0.011314679726833532,0.20999999999999996,0.04999999999999982,0.010000000000000675,0.0,0.16999999999999993,0.27,0.29000000000000004,0.27999999999999936,-0.03,-0.05,0.04,-1.02,-1.16,-0.38,0.69,0.017677444995229052,0.006854819483898877,0.02691222504888291,-0.01461020558435902,0.02000891062780835,0.015055305479164893,0.020696177128454174,0.024198871892002316,-0.0020261226626248074,-0.011995214465613913,-0.059376503106716605,0.003291918649520831,-0.0023415736489562633,0.02015086670725008,0.001137766531245532,0.008868079661016104,0.000740597077299121,-0.00043852037487113193,0.003672676909586947,0.005813051003976,0.0034768498129293945,0.0018603879414991198,0.0030211808144802177,0.012074101881611732,-0.0015221876775042276,-0.001361917718567529,-3.0684964483995714e-05,-0.0011414511762164459,-2.0999999999999943,-0.005112386926219514,15.7822,-72.49999999999818,1.3009999999999877,9.399999999999636,-0.022999999999967713
2023-10-31,0.0003027138155982101,0.0012099064884356636,0.0012800137378254917,0.006764895631851786,0.002063922222243164,-0.0009620200590960692,-0.002351691435373837,-3.3283864377509076e-05,0.006048227381757698,-0.0017531196640847568,-0.009815826384798498,0.005747484975824335,0.0033197975649610356,0.00963100280761342,0.0013994200668916434,-0.007552987038998538,-0.0001950157328156621,0.028399999999990655,-8.0,-0.011076663999999958,4.768631940166301e-05,-0.0002043868865051479,0.09999999999999964,1.0,-0.06193348528398257,0.06272434414654082,-0.0034995661262637867,0.12151595588011155,-0.0973575627950245,-0.11218648072822468,0.0010111677287927279,0.0010674588533632345,-0.0016809551781262755,0.001243162765772965,0.0010106900763169335,0.00037385507320664146,0.002066970558145087,0.0010021640156239187,0.0006251736797118213,0.001651177042875318,-0.00031543203184192237,-0.0008708905405647727,0.0030126422680840648,40.5,0.0,40.7,7.223295679562314,4.454347296253507,5.272999558563747,6.672032945461067,5.703782474656201,7.337587743538596,4.875197323201151,5.303304908059076,6.755768921984255,5.846438775057725,0.030992151137157364,0.13126240982681558,0.008440184860857514,0.0007653475171061075,-5.9387333161353695e-05,-0.005311409798430589,-0.005965007272244804,-0.011803327245626605,2204.3861486486485,-2.642456718771058e-05,-0.0033130555489986335,-0.010886075523549366,0.0,0.020000000000000462,0.02999999999999936,0.07000000000000028,0.1800000000000006,0.20999999999999996,0.17999999999999972,0.14000000000000057,-0.01,-0.02,0.11,-0.84,-0.95,-0.2,0.83,0.017124337652747457,0.023961999162088896,0.02094631599407748,-0.025911283405787022,0.003924622757481788,-0.004267643390387654,-0.005830190819294145,-0.01383163267387122,0.003386339084424428,0.026605334689398852,0.05830240083649052,-0.0009580300309171008,-0.005430997979607888,-0.012086493739634996,0.0005388589096853025,-0.0044646766853242426,-0.006533815505912699,0.0015308650543603974,-0.0008547908530003312,-0.00301320762721069,-0.0010896271349185582,0.0006995375757776756,0.0024490858258072734,-0.006479110623947015,0.0026414848391258516,0.0013295486404505397,-0.004075427007072641,0.0030073514681809854,-1.6000000000000085,0.004286595264185067,15.0424,9.399999999999636,-0.022999999999967713,14.599999999998545,-1.2789999999999964
2023-11-30,0.003092453158801689,0.003725989654286721,0.0026903114312872844,-0.004732657786544081,-0.007091325782080382,-0.005228661181031491,-0.006810509564785683,-0.007178919965403097,-0.04323418089052655,0.0028786455804894473,-0.008172978923313146,-0.009352699746584925,-0.014617630470565857,-0.007977291565961941,-0.00747787766808905,-0.016673482611762935,0.002990144329196198,-0.6617999999999995,-729.0,-0.14715557300000004,-0.00045907523976218556,-0.0014318790742233745,0.10000000000000009,0.10000000000000142,0.10075165364872074,-0.11371786608638512,0.03445646633528643,-0.008691508118458202,0.06920755590168781,-0.040774430963443464,0.0011890531808109728,-0.00037116080967969367,-0.002864124609756935,0.003348840338995629,-0.002567595263917255,-0.00462067634481933,0.0008255934421477207,0.0014383904372881062,0.0010064028889917864,0.0008816902899475565,0.00014807232394353775,-0.0008716496520513317,0.003003593508500657,40.6,-0.10000000000000009,40.8,7.221105098182496,4.394449154672439,5.351858133476067,6.584791392385716,5.863631175598097,7.331714969726466,5.0106352940962555,5.159055299214529,6.762729506931879,5.82600010738045,-0.04195375655503497,-0.12847503458554677,0.0013089514995936469,-7.568773635924231e-05,-0.0003254395343628147,-0.002495285504631184,0.004614627373811686,0.007738799119721307,2291.5861486486483,0.002799275317144634,-0.0006707579958167287,-0.03219728485374951,0.0,0.019999999999999574,0.020000000000000462,-0.020000000000000462,0.27999999999999936,0.41999999999999993,0.4800000000000004,0.46999999999999975,0.01,0.0,0.09,-0.56,-0.53,0.28,1.3,0.011327260327760769,0.004325889947122588,0.011755850773393917,-0.01677837046990094,0.013288012573916874,-0.030042491193756682,-0.040189717281741366,-0.0175076809702972,-0.045053888378718376,-0.13750751365574754,-0.03908175762715782,-0.003121989188874963,0.010732485876955522,-0.013581492899724878,0.0005838337188590614,-0.0051546680314418225,0.00580106987828799,-0.0019940298373448684,-0.003941332975447409,-0.0034327064691996867,-0.003435043549326444,-0.0031695997477623195,-6.673696460790524e-05,-0.005683444504390955,-0.0029177802054007884,-0.001685293091144402,0.0025964334240256015,-0.0037705932382001706,-4.0,-0.0038362006718806185,19.0462,14.599999999998545,-1.2789999999999964,97.0,-0.29500000000007276
2023-12-31,0.004867976363261306,0.005753514787294023,0.003559022749413998,-0.0011957921213507916,0.0030048950675380937,0.003873540792117325,0.006937127905621843,0.006985068388527971,0.04455195895370068,-0.003492468312095376,0.009850733590637262,0.0019501987073962113,0.010049934627521573,-0.002534726361287376,0.004614657708337688,0.009438547932717256,-0.0037170522155998142,0.27779999999999916,113.0,0.06554538200000004,0.002679928948133181,0.004178317855203062,-0.19999999999999973,-2.1000000000000014,-0.09640487066350634,0.11614682040178881,-0.09636916539519014,-0.05482189760386813,-0.1289267906033098,0.03619776393603047,0.0009004378268588908,0.0013448030035707603,-0.0013506670971130674,0.0011137925784794334,0.0017124624718842796,0.003623418720408722,-0.0014452361346997122,0.0008294699274316031,-0.0019095570423655062,0.0006689127155201646,-0.003611485858243668,-0.00032706459817255507,0.0019106349987083604,40.7,0.0,40.6,7.322510433997394,4.890349128221754,5.313205979041787,6.70073110954781,5.8998973535824915,7.315218389752975,4.736198448394496,5.293304824724492,6.698268054115413,5.937536205082426,0.04309651998831754,0.13778382013803636,0.009031556182920397,0.0020359805338561188,0.0020530087459533775,-0.000967110869080301,0.01687289463444408,0.02670262030373749,2437.0861486486483,-0.006830335174160318,0.0005898323673161343,0.04368891671141917,0.0,-0.07000000000000028,-0.08999999999999986,-0.13999999999999968,-0.27999999999999936,-0.2999999999999998,-0.33000000000000007,-0.33999999999999986,-0.06,-0.09,-0.05,-0.84,-0.83,-0.05,0.96,-0.013971690581088936,-0.014829953450529218,0.0005727225830289839,0.021291231702950497,-0.0003647106061798189,0.015768887093829065,0.02098755181800538,0.004294839939114503,-0.004225326926024842,-0.05412218212254416,0.026479385772329778,0.0005024088361116341,-0.013471291595691604,0.004513848831048328,0.002487117347344636,-0.002176681619238785,0.00017555494244803072,0.0018642666249393258,0.0009171464185042666,0.00020328166714111973,0.00033691217919962213,-0.0004611119874819991,-0.003847605938654297,-0.004654017994938364,0.0014016763012438815,0.005301451892330444,0.003424073599761268,0.005980058082753814,-2.5,0.008524539347837035,13.8563,97.0,-0.29500000000007276,77.89999999999964,0.5480000000000587
2024-01-31,0.0030964897618730447,0.0029011394892322073,0.004066378214063526,0.0013837805365710665,-0.002490297743198866,-0.0027326472931994417,-0.0025383929259898963,-0.0015227474319852163,0.008664073913442927,-0.004449811346307619,-0.005338973378474776,-0.002194122063313486,-0.0014911722426882434,0.0011256038553062453,-0.0009105478117730215,-0.036173047997670515,0.014677222576570337,-0.1507999999999896,-78.0,-0.025731876999999903,-0.004177859875822421,-0.004718128934438681,0.09999999999999964,2.8000000000000007,0.06031273760800637,-0.1387435382717177,0.08914584951826221,0.09381875521765526,0.08437257076560467,-0.049845766993660945,0.0017156108815576943,0.0010189903614463702,0.0033732533251349395,0.0017301042377813047,0.0005442600142124832,0.0006234025512039665,0.00041313778732643414,0.0018268492679247572,0.002741676915634983,0.0010758473334639973,0.004229290226978932,0.000545048250263136,0.002426449476828907,40.4,-0.10000000000000009,40.3,7.327123292259293,4.836281906951478,5.2832037287379885,6.70196036600254,5.950642552587727,7.325807502595773,4.844187086458591,5.308267697401205,6.752270376141742,5.811140992976701,0.019088512126426593,0.06003551802382745,0.013169762679059005,0.0012547555586515102,-0.00023204777504304275,-0.001877375206847276,-0.00636729111918477,-0.01235821033696638,2545.4861486486484,0.002263503991423832,-0.0001583408116907492,0.04921436913574695,0.0,-0.02999999999999936,-0.1200000000000001,-0.3200000000000003,-0.4900000000000002,-0.4800000000000004,-0.54,-0.6500000000000004,-0.09,-0.21,-0.37,-1.33,-1.31,-0.59,0.31,-0.018394399789536386,-0.028947890256755385,-0.03880818192370672,0.01753452113870735,-0.021458626728336483,0.0023387366406106835,0.003618333219326253,0.0015417681829132945,-0.015389547276866367,0.019975630523823895,-0.02123993582616812,0.0006914070066095235,0.00873820878982734,0.001977632222339487,-0.0007776670468979674,0.003993528036880356,-0.00029596087809302674,-0.0012385233732272738,0.0006811718071224604,0.0012347660945648542,0.0008141954439455645,0.0012995398544850545,0.0007650014496975999,0.004548828325425802,0.0003512281687854113,-0.0010484571058553271,-0.0071829888196610625,0.004381171203846179,8.400000000000006,0.0142430345626412,12.696,77.89999999999964,0.5480000000000587,-255.49999999999818,-0.5890000000000555
2024-02-29,0.004295190030017437,-9.799838310620146e-05,-0.003645531126847068,-0.008518174650445687,-0.011247760215370661,-0.007763447473721818,-0.007730017819514323,-0.007119197891375606,-0.036166998202897815,0.0011342154342948163,-0.01168219932138026,-0.015492245054999465,-0.012786732316937943,-0.02230508459630176,-0.013087648030482235,0.06059176774498276,-0.026452412032762496,-1.0874000000000024,-117.0,0.01767289399999994,-0.0005974108392674538,0.0004095385302687049,-0.09999999999999964,-1.3999999999999986,-0.0280671747992276,0.031818372587383514,-0.08728278423786939,-0.2007743492585643,-0.0007858546573391578,0.012458234922041456,0.0007580125148365369,0.00046283440611460946,-0.006418940958691444,0.001727116146074792,7.772725509980205e-05,-0.001247193975585148,0.0022692119072118544,0.0008051203129486595,-0.0012137396804998701,-0.0015326173250915787,-0.0014743520190680925,-0.0011994985354011334,0.0019887598426926445,40.0,0.10000000000000009,40.2,7.2305631534092925,4.90527477843843,4.919980925828125,6.637258031284457,5.846438775057725,7.3427791893318455,4.997212273764115,5.393627546352362,6.716594773520978,5.860786223465865,-0.08111286381954308,-0.29022297251514395,-0.0026228659957361344,0.003942370936460549,0.0032353177621757823,4.4740393871478545e-05,-0.013835134275190342,-0.02138399089080245,2533.8861486486485,0.00012168181935479083,0.001478679059189858,0.027486136668983363,0.0,-0.020000000000000462,-0.10000000000000053,-0.16999999999999993,-0.020000000000000018,0.040000000000000036,0.1299999999999999,0.040000000000000036,-0.11,-0.31,-0.54,-1.35,-1.27,-0.46,0.35,0.001840283004034049,-0.006612936680987752,0.015935527127600935,0.003470308711871095,0.0005216289845914046,0.0018868677002084056,0.0008642122603825797,0.007279632426553384,0.05764415305686388,0.10826408809226873,0.020858682572719722,0.0013231635489674431,-0.006095020035696841,-0.0014109438738811875,0.00036172115114396775,-0.0001983680340531535,7.942197168109288e-05,0.0027149669232722218,0.0012958334018424722,0.0012027712289270909,0.0014105245296835989,0.003300625956229375,0.006278918271999778,-5.345189665817429e-05,0.0038211496880986573,-0.002989285355561755,0.0071255005132333515,-0.009279671073961993,9.299999999999997,-0.004271630284151229,13.3453,-255.49999999999818,-0.5890000000000555,79.10000000000036,0.20800000000002683
2024-03-31,0.0015634128850887663,0.0005572378294349534,0.004391477696347401,0.007064352205437885,0.01218076690175085,0.010655557782982328,0.008537892009547576,0.006826925836976194,0.034180256422513544,-0.0009359585993893305,0.015469900646082557,0.014041769104747637,0.009568506427603651,0.021636747408859236,0.013906574235400093,-0.044396736141919746,-0.019580426752979108,0.9900999999999982,-23.0,-0.07026355499999992,0.0008123914022704071,-0.0010986863424911064,0.19999999999999973,0.09999999999999787,0.08751677111060197,0.047452233645145725,0.01569745990743332,0.1007890791252457,-0.047493834956017444,0.0035650661644961446,0.0014125734087198083,0.000508870549690954,0.0016931937672008956,0.0028309453333310586,-0.0010109258608128613,-0.0011238060744460654,-0.000824572299862325,0.001556696135260438,0.0012830517581576828,-0.0011265031435439,0.0006054555593806299,-0.0010917031651942466,0.0030618649532669906,40.4,0.10000000000000009,40.6,7.347299700743164,4.7535901911063645,5.4510384535657,6.779921907472252,5.777652323222656,7.3632795869630385,5.4116460518550396,5.455321115357702,6.679599185844383,5.777652323222656,0.007133794548293437,0.054003358455819495,-0.0014851913092339686,0.0006816915487917186,0.0007697505550119388,0.0002684003356208109,0.00628719425773383,0.012873826126565291,2584.4861486486484,0.003234913982898213,-0.0005934306850257087,0.039964331494994454,0.0,0.020000000000000462,0.07000000000000028,0.1299999999999999,0.2100000000000004,0.15000000000000036,0.16000000000000014,0.08999999999999986,-0.09,-0.24,-0.41,-1.14,-1.12,-0.3,0.44,0.010482576885399553,0.02073568131332512,0.022444981665501906,-0.005605794159782768,0.005720031938884762,0.008815352394995202,0.012632960959618522,0.008626590899894815,-0.023060539326205998,0.010143043336973356,0.017695297407015254,0.0005318320702825119,0.010654343512539022,0.012887334156855168,-0.0038048915861397248,0.004346038579643441,0.0026333770960125236,-0.0019004090025074305,0.0010426581410030167,0.001606395660005866,0.000901676158366449,-0.0016680525304373361,0.0005589497019675704,0.006458321940235656,-0.0044954185793990575,-0.0009940624539384046,-0.00883272483712716,0.003291236670810438,-2.0999999999999943,-0.009300637870055084,13.8808,79.10000000000036,0.20800000000002683,50.99999999999818,0.9180000000000632
2024-04-30,0.00142227683336138,0.0008750325635968892,0.003345715590409526,0.00343938555448986,-0.0020278181406325757,-0.0032239084995335787,-0.0034352476344441385,-0.005206531811629667,0.0050394946608545155,-0.008186043096172213,8.431285554788559e-05,-0.0005775333948569994,0.002678491366434166,0.00163153900274704,0.0019122436156164824,-0.07603947429194502,0.019959532609289177,0.06690000000000396,-352.0,-0.06121909900000011,0.002665499480656308,0.0025555314461822576,0.0,0.7000000000000028,-0.058542566770731774,0.017862174319346558,0.023093623079202708,0.010256500167188598,0.03324181224881606,0.01996543124569783,0.0015629569747126482,0.0010631660233642037,0.005399034542291403,0.004170250125653752,-0.0011677242384084963,-0.001250156432355709,-0.0010316724323704562,0.0016425989160353538,0.0012121843311589942,0.0013875401143863542,0.0009718267566682925,-0.00032774348903252815,0.0033100513832913236,40.6,-0.10000000000000009,40.6,7.179307969504034,4.574710978503383,5.056245805348308,6.6052979209482015,5.765191102784844,7.297091005160418,4.9344739331306915,5.278114659230517,6.682108597449809,5.8377304471659395,0.016841144220357762,0.04135782127320198,0.002033335507325873,-0.002443641294076926,-0.0023116917225731726,-0.0015666851407694082,-0.011406443020391066,-0.024079239619156922,2569.5861486486483,-0.007972661059088004,-0.0008592435992138547,0.03115587773776518,0.0,0.0,0.020000000000000462,0.07000000000000028,0.009999999999999787,0.0,-0.020000000000000462,-0.019999999999999574,-0.09,-0.22,-0.34,-1.13,-1.12,-0.32,0.42,-0.002096552587296685,0.013026179544472119,0.0013599010356681873,0.006550155605585806,0.0026631174194835516,-0.011833146593361654,-0.01599991349020602,-0.015189164153389001,-0.009655157126588598,0.009896220858403026,-0.012665505967883739,-0.00047366025888173624,0.0005082564677714174,-0.00468618257060438,0.004112572150562599,-0.002929805218133019,-0.0025701890865663657,0.0007125323551440133,-0.000536461539097921,-0.0009117335263679749,-0.0008706923856784954,0.0005763462272376785,-0.0016066143163184776,-0.003771903142663291,0.002240491492485397,0.001941957809232342,0.006527454424559487,-0.0018499164784895328,2.5,0.01896828968418518,13.7658,50.99999999999818,0.9180000000000632,-18.899999999997817,-0.30600000000004
2024-05-31,0.0013034694292315407,0.0010331432005568075,0.0018187132197908795,-5.671724925804256e-05,-0.0015794969394891112,-0.001422814080597412,3.6787167844387625e-05,0.0023253408000298847,-0.019105461857056305,0.008510740736800138,-0.007243043818857764,-0.0017699965436417386,-0.003425782981077319,-0.010184347253913373,-0.007064594260565826,0.09282283676621894,0.00830193532222534,-0.6268000000000029,-474.0,-0.07205356399999996,0.0003929624056997483,0.0004335439185947365,0.0,-1.6000000000000014,0.029919624039095538,0.006554094547920997,-0.04720234753052921,-0.10876767397944054,-0.0007977662967979526,-0.022340729274604954,0.0007488450367709731,0.0002309735545544811,-0.010317216252720307,0.0003671296620808562,0.000700798159886773,0.0003752110606214387,0.0012378792585465703,0.0008313194547699965,0.0008649472056525553,0.0011901172773445268,2.57309189173327e-05,0.0,-0.0004721942093706133,40.3,0.10000000000000009,40.6,7.233455418621439,4.624972813284271,5.198497031265826,6.706862336602747,5.648974238161206,7.285506548522785,5.0238805208462765,5.135798437050262,6.728628613084702,5.707110264748875,-0.0015703482540061486,-0.041506163548550745,-0.0009632537571153676,-0.00019474260835927737,-0.0004048680734385357,-0.0014046415244131083,-0.01613538104121126,-0.025668491884241362,2480.4861486486484,0.004567165354906422,-0.00042423707934702293,-0.01129636851698379,0.0,0.0,0.040000000000000036,0.14999999999999947,0.35999999999999943,0.33000000000000007,0.27000000000000046,0.25,-0.09,-0.18,-0.19,-0.77,-0.79,-0.05,0.67,0.015056684871531445,0.023687512860837118,0.02681283254647404,-0.015537371622099005,0.01014341662773477,0.003798316071704555,0.005724164810297694,0.00948503490183139,0.037170983551025216,-0.001992602642038932,0.026196742489443814,-0.0005741987962490924,0.0029780272774049266,-0.0005447119611563522,-0.0004128453176832636,0.001715032443869724,-0.0014655146738471458,-0.0019101214476062722,-0.00076200910772517,-0.00018791957588781827,-0.0005894303221589681,-0.0011229141418356292,-0.003046943414597436,0.0026458097984001228,-0.001953205299593641,-0.00390974910845765,-0.0034100408263961768,-0.0014662321066056805,-2.200000000000003,-0.028887462903057326,16.4023,-18.899999999997817,-0.30600000000004,80.59999999999854,-0.3340000000000032
2024-06-30,0.004678988982735888,0.005040342467268033,0.004623631960485319,0.0074936455033469684,0.006067132835611666,0.0035646483405802343,0.001880307541674675,0.0018791677438283472,-0.009919432123055572,0.005211586119333589,0.0025560724845892224,0.009086167207964735,0.007701989880898097,0.011044826972458566,0.00674295744806841,0.010941764491961159,0.00048765648475779244,0.4376000000000033,282.0,0.017208055,-0.00112571374090642,-0.0020517023613884078,0.10000000000000009,1.1999999999999993,0.0157139855019528,-0.034768328188300224,0.08152159769365142,0.0923063969253688,0.07308133657618399,0.054380083019221814,0.0012235984827384527,0.0005079541103416574,-0.007508567699880508,0.0018336292650502628,0.00015566625187091176,0.0,0.000412286132410955,0.0013374880738066253,0.0006568598877514376,-0.0008802243510235286,0.0008230400217694722,0.0007645677834080544,0.0014159142519574175,40.7,0.10000000000000009,40.9,7.182352111885263,4.59511985013459,4.983606621708336,6.616065185132817,5.780743515792329,7.249215057114389,4.787491742782046,5.209486152841421,6.660575149839686,5.777652323222656,-0.0004984306509072667,-0.01816417205780496,9.709166982929673e-05,0.0020015255926200126,0.0015896379378741443,0.0027029263295617056,0.009781905609973052,0.01689429138701115,2442.686148648648,0.004172463616887612,-0.0011316085566956957,0.02372421303312855,0.0,0.009999999999999787,0.019999999999999574,0.020000000000000462,-0.05999999999999961,-0.05999999999999961,-0.03000000000000025,-0.04999999999999982,-0.08,-0.16,-0.17,-0.83,-0.85,-0.08,0.62,-0.003647117866452554,-0.001209655395758194,0.012778490966057987,0.009462162593952328,-0.0005120515089387379,-0.008805299062421668,-0.011959134012226258,-0.0165768884156563,-0.025941713387630294,-0.11334431122163835,0.011735384878627464,-0.002512162271711027,-0.010773927196369826,-0.013977588604495494,0.0010215055440303544,-0.004695797172373339,-0.0005641407781098451,-0.0013701449716423397,-0.0029250884049609738,-0.004158499690293915,-0.002817798238954339,-0.0024028748331268446,-0.006564392607975478,-0.0035583064607820347,-0.001403080901162923,0.002265525871690599,-2.872741845294513e-06,0.0021691570178981046,-8.100000000000009,0.01122823562945996,12.8609,80.59999999999854,-0.3340000000000032,-3.7000000000007276,-0.79200000000003
2024-07-31,0.002329375539259715,0.0004497742087785639,0.0028169032711140574,-0.0004692385355475892,0.002654279654326075,0.00420183442752986,0.0035255934006119816,0.0054230609495711235,-0.0010194924001867278,0.007219613661368918,-0.0038370944180208255,0.0007921437946674104,-0.010336291758635596,0.010243737934849229,-0.0003891177783916788,0.036748128412602554,-0.013049246894619948,-0.11400000000000432,-489.0,-0.10860454900000005,0.0012269063253622647,-5.584529613322786e-05,0.09999999999999964,-0.5,-0.08069255065102521,0.09237332013101529,0.11701380484922197,0.10057731011524407,0.12860458739956204,0.059458069905151234,0.000551081114714691,0.0001846466330324148,-0.00017130621026861803,0.0018302732215698114,-0.0007785736923970887,-0.001752190686090671,0.0008240626753934777,0.0006093599339855871,-0.0003110903742609139,0.000603200240005819,-0.0013570923008074942,0.0008730765587880995,0.0008999936322240387,40.7,-0.10000000000000009,40.8,7.190676034332207,4.77912349311153,5.170483995038151,6.608000625296087,5.673323267171493,7.2868764117507,4.770684624465665,5.337538079701318,6.695798917058491,5.786897381366708,-0.0200761377416665,-0.06567388862477586,-0.005765731726267376,0.00037440136513389177,0.00012809203124852786,0.0032606539769002296,0.009900779980256402,0.01675903182034233,2449.8861486486485,-0.0009190464977200108,-0.0012086617913471542,0.03378795581778249,0.0,-0.009999999999999787,-0.019999999999999574,-0.04999999999999982,-0.17999999999999972,-0.17000000000000082,-0.1200000000000001,-0.1299999999999999,-0.09,-0.18,-0.22,-1.01,-1.02,-0.2,0.49,0.0019458188322065695,-0.016643011467535787,0.012692011838438155,0.006311160108717517,0.0027765617720857394,0.004200169029431322,0.005684807058993435,0.010560975084741742,0.0074919049831496665,0.06135473630530974,-0.04127765401854955,-0.0004248089900356078,0.0020004973044311924,-0.0022302687606838845,-0.0031247043593110035,-0.00034422291631042157,0.0001559619624149633,-0.0002253576162560833,-0.0006438468637774974,0.00016750784017904863,-0.00019270320552244868,0.0014905152534794297,0.00820951438194406,-0.002036541589108154,0.0015001385541228984,0.0003118609138161865,0.001122629493309546,-0.00037928804748155187,-0.8999999999999915,0.009444470321120946,12.6826,-3.7000000000007276,-0.79200000000003,-14.899999999999636,-0.08100000000001728
2024-08-31,0.0002783494628992855,0.001044640240762007,0.0036913666511857457,0.009180073727030447,-0.007136062971070167,-0.0074620630087176565,-0.008259430111020372,-0.010191744959068494,-0.058491486221647904,0.0028187845844112047,-0.0017180389226076898,-0.006745679821590578,-0.005565154039894438,-0.01037982733852516,-0.006728378712663741,-0.010947107200042439,0.013801516173182371,-0.6019000000000005,92.0,-0.024853605999999973,0.001843482919795747,0.00039705435823478297,0.10000000000000053,-0.09999999999999787,0.0974419222445162,0.025294088537900272,0.008047562113651985,0.011194146743152444,0.006501973491346291,0.0038127561545557853,0.0005571066053597917,0.0005537354209135259,0.000342583079746106,0.0013400745137541747,7.788465286751034e-05,0.0,0.00020590960641087008,0.0005576426535682799,-0.00024202610542545244,0.0012704205497140464,-0.0009401099204318086,-0.0003273143883895102,0.002054091786936496,40.5,0.10000000000000009,40.6,7.142827401161621,5.147494476813453,5.187385805840755,6.466144724237619,5.602118820879701,7.269616749608169,4.941642422609304,5.267858159063328,6.668228248417403,5.752572638825633,0.04216084345820903,0.15943552022691243,0.0009192208102710708,-0.0021196354674675177,-0.0016868596329651098,0.0001486347897312612,-0.014889845879594077,-0.02426378615491842,2376.0861486486483,-0.004326110270334915,0.002071926507886346,0.022434690521071943,0.0,-0.040000000000000036,-0.14000000000000057,-0.20999999999999996,-0.16000000000000014,-0.05999999999999961,-0.009999999999999787,0.019999999999999574,-0.13,-0.32,-0.43,-1.17,-1.08,-0.21,0.51,-0.004576682664581888,-0.0023522833585173653,-0.0021675571350421308,0.012037978559478912,0.0006564791074235021,0.004972768879691891,0.006805895975327658,0.006642499820404879,0.015309302673465197,0.028258859191714336,-0.016569804627199147,0.0014169724502002268,-0.002522547988228041,0.00860397525879808,-0.0025563999944813176,0.0016280070066576613,0.0018333551040594642,0.00121890134892233,0.0017764032562013199,0.0014347903464164702,0.001766470747214477,4.610117319447937e-05,-0.00169850776998004,0.00208667025268916,-0.00030505165418137636,0.001271130428273981,0.0013932409610104557,0.0017779979892744713,-1.7999999999999972,-0.0034324169484794,14.4084,-14.899999999999636,-0.08100000000001728,11.700000000000728,-0.95799999999997
2024-09-30,0.001253992115522351,0.0012678924657372193,0.0013591491348821094,-0.0024040263957729735,0.004869163278704569,0.004514613146118229,0.007093863081164109,0.00921760549802908,0.04754723638391045,-0.0010293594005830187,-0.00023213492893692234,0.005296414508340064,0.01042126533463783,0.0003967891294447412,0.005765491062184047,-0.021577859320379034,0.00701029804149389,0.3575000000000017,145.0,0.02439415300000003,0.0010747868533016458,0.0012769493806921162,0.0,0.3999999999999986,0.048627905528803694,-0.06349065837333878,0.02933644001255864,0.06725976880011686,0.0012953369686847793,-0.024396673298042515,0.0004492576251617919,-0.0008307181574274125,-0.0006852835628814447,0.0027961844247439416,-0.003120127336243783,-0.005023243012667322,0.0,0.000652633840594774,-0.00024208469624298345,0.0006183386414573278,-0.0008571714513152529,0.0006545216771254303,0.0016231689523369397,40.5,-0.10000000000000009,40.7,7.237778191923443,4.795790545596741,5.342334251964811,6.642486801367256,5.683579767338681,7.297091005160418,4.955827057601261,5.342334251964811,6.70073110954781,5.7430031878094825,-0.01134520708555975,-0.04336132317822461,0.0002489619319483438,0.003155592260922546,0.002582945164332884,0.0023306746493858554,0.016581767110199763,0.0289051754816132,2402.3861486486485,0.004064118873190026,-0.0010155649548124757,-0.010855019483839712,0.0,-0.15000000000000036,-0.2699999999999996,-0.47000000000000064,-0.4500000000000002,-0.3799999999999999,-0.25,-0.2400000000000002,-0.28,-0.59,-0.9,-1.62,-1.46,-0.46,0.27,-0.019042531324002354,-0.03864221056191426,-0.07412711542400796,0.005810591595465708,-0.004311453936504395,-0.0017475501525572312,-0.0025823751980658116,-0.006382732272041558,-0.052395820044983665,-0.08976607511692158,-0.01576839153414955,0.0004120012275965479,0.003670406715557739,0.002796692965675085,-0.00031048797247290594,0.00014187984885971616,0.00017256654390962467,0.0002821921834401664,0.000470042294033135,-2.8294894079294863e-05,0.0004677845223692856,-0.00035762836237829276,0.0007941346265409877,-0.0017893904176755626,-0.0001159555110463728,-0.0025798726165615626,0.0013756956709816137,-0.00610976112855699,1.5,0.0015945339780110146,19.675,11.700000000000728,-0.95799999999997,61.99999999999818,-0.5160000000000196
2024-10-31,0.0013066864384470023,0.00038187257436916866,0.005074277459224952,0.008458624559086303,-0.004126163965096907,-0.00564222609530507,-0.008632529096132657,-0.0019452536773254536,4.047763611136901e-05,-0.0024879828383195246,-0.03332883920573426,-0.0023123637189828017,-0.0006899509181987895,0.00604863933083255,-0.0029830831328823137,-0.023772419982632798,-0.012281366322341114,-0.31520000000000437,-546.0,-0.05247120800000005,0.001227761802393701,0.002332726974895394,-0.10000000000000053,1.6000000000000014,-0.14185337739438442,-0.020917097273997598,0.017998649327572558,-0.017498259241052416,0.043691659498048985,-0.025451132429523682,0.001517124834276018,0.0014763555161394493,0.002738321067579541,0.003635486311427627,0.0,0.0001258890918762745,-0.00020590960641087008,0.0015235977427074943,0.0010716447313718902,0.001154293367420678,0.000882939666224658,0.0005451076722593484,0.001364838563825188,40.6,0.0,40.7,7.213031659834869,5.111987788356544,5.187385805840755,6.583409222158765,5.666426688112432,7.2682230211595655,4.812184355372417,5.318119993844216,6.645090969505644,5.823045895483019,0.008732960144637758,-4.788354722329302e-05,0.0025762437312319975,0.0005802997959740708,-3.104492090244548e-05,0.0018073543481644805,-0.01739383710026665,-0.03141800626005242,2328.0861486486483,0.0018895350903109787,-0.0005764383126134476,0.025777432800021316,-0.20000000000000018,-0.33000000000000007,-0.3200000000000003,-0.39999999999999947,-0.20999999999999996,-0.1499999999999999,-0.1900000000000004,-0.17999999999999972,-0.41,-0.71,-1.1,-1.63,-1.41,-0.45,0.29,-0.011434152060073366,-0.012550748291722896,-0.022890991532547034,0.02094557539376174,-0.008014454132956317,-0.00197670871865796,-0.0027406161865526357,-0.007008952165549864,0.012550411538880368,-0.023086643419324204,0.06775334083580997,0.0004891825608819289,0.008857690820807562,0.000672459682133919,0.004755276027242239,0.0011469433300002052,0.0073401965353347975,0.00039745208992325587,0.0002977112582760455,0.0019989351066120875,0.00012470535859687715,0.0009815293094836974,0.0035246019280723573,-0.00044746543716556175,0.0010093383207934181,0.004137094411258868,0.0019056250975229005,0.004651874820541746,2.3999999999999915,-0.0011919839028458057,17.6597,61.99999999999818,-0.5160000000000196,-22.299999999997453,0.4340000000000259
2024-11-30,0.002325573538580983,0.0018587872379018933,0.0012277472383228627,0.0064280730479922,-0.0037263994154201896,-0.00806059274439086,-0.010812229488985636,-0.00580339871290203,-0.028916506550615395,0.00043198266443411626,-0.03161587020142065,0.0014241369350207478,-0.00732023590521802,0.0018573497223002278,-0.006272356201383111,0.0023502669765438355,0.036510048605404855,-0.5655000000000001,512.0,0.06295492700000005,-0.0016314136700152915,-0.002140705765253159,0.0,0.29999999999999716,-0.01412452860363178,0.04670300662309668,0.03294247037769793,0.08295786515644732,-0.003724399090982544,0.04879016416943216,0.0002778900583759736,-0.002307764340013563,-0.0006838776125652757,0.00012095554898294836,-0.0039138993211356166,-0.00580736387841263,-0.0008240626753934777,0.0006877881298432698,-0.000345566386741325,0.000990653831291155,-0.00042526047844759773,0.0003269220320074595,0.0019161580518520793,40.5,0.0,40.5,7.20934025660291,4.6913478822291435,5.5254529391317835,6.498282149476434,5.793013608384144,7.2640301428995295,4.919980925828125,5.298317366548036,6.634633357861686,5.799092654460526,0.0027213688506630973,0.0007658617515282629,0.0042438637155726155,-0.0004191850687913501,-0.001680126335653398,0.00014799905307505412,0.010713706061094896,0.01789493381919982,2329.686148648648,-0.0017948361520607747,0.000796365033382429,0.02997706411109924,-0.2999999999999998,-0.20999999999999996,-0.1200000000000001,0.16999999999999993,0.41000000000000014,0.37999999999999945,0.27000000000000046,0.20999999999999996,-0.32,-0.53,-0.63,-0.92,-0.73,0.12,0.8,0.020307346324162978,0.01650608150793126,0.04738479593904721,-0.013403597209116602,0.015456484686146521,-0.0001245895150399079,3.437671944173104e-05,0.010830968806973651,0.04198316788090839,0.11233224000493269,-0.015091835514131624,-2.7411708458657813e-05,-0.018788438249017325,-0.0005101013615487204,-0.0014132526011527702,5.400075202732779e-05,-0.002886358700427749,-0.00016825250542407133,0.00014242470893588433,-0.0007615767645114957,9.092700994628444e-05,0.00043698056932583995,-0.0017008152781823327,0.0021615645778698678,0.00026538578344847963,-0.003839116553518984,-0.005006198401495077,-0.0021535865308455193,0.20000000000000284,-0.0007245435558047575,19.9478,-22.299999999997453,0.4340000000000259,-4.200000000000728,0.45100000000002183
2024-12-31,0.0026302671363787056,0.0035384800941642425,0.0031769522288236374,0.006384208284750059,-0.0025812583731035232,-0.0026174894096486767,-0.0022860132684456858,-0.006625365299894881,0.01405767780442968,-0.012189521184303942,0.016257734801675916,-0.0025399711938938196,0.0011107686497053848,0.008276305584888455,0.001129150789489941,-0.044502194341474954,-0.03211537811766796,-0.0006999999999948159,416.0,0.035564994000000016,-0.0007364907737006376,-0.0016922942679151731,0.10000000000000053,0.7000000000000028,0.04587322691821161,-0.009167736103662172,0.017804624633506627,0.004053511833181922,0.02820542584472463,-0.0739940185327228,0.001646807553768781,0.0012930041053351715,0.001879539212008119,0.0007254262196987327,0.0015673984400130792,0.0034127568988857604,-0.0014437457390741315,0.0017027997990197719,0.0006564740669379177,0.0008274989722831805,-0.0008704146624456399,0.001741781411395138,0.0007229274623288262,40.5,0.0,40.7,7.166265974133638,4.820281565605037,5.147494476813453,6.566672429803241,5.662960480135946,7.318539548567902,4.897839799950911,5.3981627015177525,6.70196036600254,5.82600010738045,-0.016939707616248967,-0.017302346432582993,0.0007818947687656674,0.0029787932186824406,0.0023073017602914803,0.0019219971025048466,0.012635954892603607,0.021791794981192325,2408.3861486486485,-0.0013473306105797889,-8.894622008526198e-05,0.023477820017456352,-0.1900000000000004,-0.08999999999999986,0.009999999999999787,0.1299999999999999,0.3200000000000003,0.2600000000000007,0.1899999999999995,0.15000000000000036,-0.23,-0.34,-0.32,-0.42,-0.29,0.49,1.13,0.02256691256525123,0.022501236320622092,0.025176928935826126,-0.02366193943897199,0.01557911061945233,0.008748188514572597,0.011777330572197542,-0.0022210806221751866,-0.02241138358736361,-0.0533557905240718,-0.05086177391536051,0.0005385741560486323,0.009739124186605608,0.0026414548279385386,-2.839266797582951e-05,0.0026803950700706736,0.00017654054810822828,-0.000843510948786097,0.0004506011600051707,0.0011518091975339928,0.0005867447935452574,-0.0015062590207968185,-0.0009962077945360193,0.00012580926823257954,-0.002101097321005163,-0.0006393491534959495,-0.0027602212957686945,0.0031897549491031185,1.2999999999999972,-0.009170174800374298,15.9822,-4.200000000000728,0.45100000000002183,51.600000000000364,0.5059999999999718
2025-01-31,0.0010649627221752667,0.000994074794105515,0.00709323675582052,0.007717163757357426,0.01067743503475782,0.010700985444894506,0.01104900230824235,0.008210201606012824,-0.015539844182608675,0.01457927155515737,0.022115548095819726,0.010650786587804717,0.006442570587799068,0.008263096936073744,0.00408352746894014,0.10586947412907222,0.02197601360647461,0.22449999999999193,-523.0,-0.037462839000000026,0.0014427746520109253,0.002961184654402871,-0.10000000000000053,0.09999999999999787,-0.023832475368098294,-0.03251517965543638,-0.04675072275323089,-0.023742416920104148,-0.06429671240709744,0.012906326552883485,0.0020342555375911786,0.00018457846944563983,-0.0013665871617760672,0.0018112665701686126,-0.0007833921278042055,-0.0018945379837820298,0.0010314596066631765,0.002326608615000225,0.0027938278067409783,0.002106218982831365,0.0022164529089625518,0.00130434801101309,0.0015291821856759924,40.5,0.0,40.9,7.322510433997394,4.997212273764115,5.318119993844216,6.78332520060396,5.631211781821365,7.299797366758161,4.969813299576001,5.3981627015177525,6.6895992691789665,5.739792912179234,0.0076663143932922395,0.016141357906075626,0.0007538554211112825,-0.004505350378924078,-0.003913525497010184,-0.0028399445182394345,-0.011045235642278328,-0.019024202110673016,2411.4861486486484,-0.008863763679606507,-0.00020210980053825267,0.01356542920110293,-0.15999999999999925,-0.15000000000000036,-0.11999999999999922,-0.09999999999999964,0.019999999999999574,0.02999999999999936,0.0600000000000005,0.019999999999999574,-0.21,-0.29,-0.25,-0.23,-0.09,0.72,1.32,0.013572159409927842,0.012073489395963727,0.0006614055792022455,-0.0071696190513348135,0.01941946213678375,-0.0006466305457459853,-0.0010484084522639492,0.0010096656773486146,0.028758213769707552,0.031173878311264502,0.03108309267448206,0.0008395068776723136,0.0004843462033496948,0.008483158988228823,-0.0010278795704197208,0.0021460310989924736,-0.0032827066712792785,0.00014626054128630273,0.0010217010569313345,0.0016999986938150968,0.0010009397585521995,0.0015922201348352871,-0.004273441253117127,0.004259357071947356,0.001772842423873655,0.0022056406956294516,0.004953153661873877,-0.001439188633119759,2.200000000000003,-5.961578129287659e-05,15.6997,51.600000000000364,0.5059999999999718,-41.400000000001455,0.424000000000035
2025-02-28,0.002460205842814034,0.001732748162313058,-0.0060500673825574225,-0.008678103866676778,-0.0015947541612195693,0.0018812565892032396,0.0019913196269367717,-0.0007478085132257561,-0.021058418885077756,0.004543610737099968,0.011651301272316061,-0.005707971031390535,-0.008458101253056682,-0.020246182340205365,-0.004153554591793451,0.05634866686588591,-0.020471853975857712,-0.38689999999999714,254.0,0.042975929999999885,0.012950716092337444,0.013724428769448238,-0.09999999999999964,-1.6999999999999993,0.060297164519397484,-0.0315387279519328,-0.05745705502478771,-0.03885623939964056,-0.07217560440266801,-0.04016604172533356,0.0006981242126968823,-0.0005076727927200153,-0.0058289210125472835,-0.0003619909541789923,-0.0003919263228695513,-0.0008853475567232039,0.000412286132410955,0.0008883711353941948,0.0018582248980898441,-0.000696181553403008,0.002295031334545783,0.0015195921734534323,0.0013573127295885001,40.5,-0.10000000000000009,40.7,7.213768308118642,4.543294782270004,5.187385805840755,6.548219102762372,5.958424693029782,7.286191714702382,4.890349128221754,5.393627546352362,6.679599185844383,5.739792912179234,0.0021864920683984934,0.041348316749356684,0.0004568024127582504,0.0028155553056006255,0.0024103345922892316,-0.0014378360824345293,0.004011065706363226,0.00972815072898392,2436.0861486486483,-0.028957236393273966,-7.696061166129198e-06,-0.005235854212211066,-0.15000000000000036,-0.05999999999999961,-0.040000000000000036,-0.05000000000000071,0.17999999999999972,0.2400000000000002,0.2599999999999998,0.28000000000000025,-0.12,-0.18,-0.15,0.1,0.3,1.13,1.75,0.01338712737272818,0.019987340924612518,0.01719431769684654,-0.02344013562413183,0.009917667546186004,-0.0018226423655649526,-0.0030891100626009305,0.008685437746556168,0.027192031267885497,0.07467100347907252,0.00014207960032042166,0.0010183997428567793,-0.015235411825092804,0.000309151257558149,0.001031690296100507,-0.0005515701544691609,0.005114863812679005,0.002170037455608842,0.001073396608742172,0.0008642125316828952,0.0010415544517305975,0.0007582513344388531,0.007946987193355959,0.001493102923476819,-0.0006323190268293644,0.0018652615708516507,-0.0011152701282903799,0.004895491241538874,-2.299999999999997,0.002227303313679485,16.8122,-41.400000000001455,0.424000000000035,-88.89999999999964,-0.5390000000000441
2025-03-31,0.0012489012345291428,-0.00209411558054029,-0.0011981076225264786,0.00041595876986910696,0.009576810428975513,0.011180401524033101,0.013401741909317089,0.011708652798507302,0.041262000464431736,0.003972418694082158,0.02072962842303383,0.0076704567732610585,0.013764878889617194,0.006128214340674454,0.011375249558495781,-0.007942725244651783,-0.01838863624659748,0.7908000000000044,-282.0,-0.07261213,-0.002257383625998699,-0.003594113929407783,0.09999999999999964,-0.6999999999999993,0.02031623799057325,0.1062903158177928,-0.04637373125780364,-0.11875249768093088,0.008281620831722236,0.056898166603605915,0.000641090126542565,0.0011073176364444492,0.007195508174323351,0.0014471782554661416,0.0006270084067789838,0.0007589173144406658,0.0004121162226073949,0.0005675616829936558,0.0007560657449996455,0.0011492486636281996,-0.0002440387134576838,0.0016255760827004195,-0.00021195871123680377,40.6,0.20000000000000018,41.0,7.306531398939505,4.90527477843843,4.844187086458591,6.709304340258298,6.0112671744041615,7.282073658093465,4.762173934797756,5.476463551931511,6.688354713946762,5.68697535633982,0.009535599783484727,-0.025439794885876665,6.493127027340506e-05,-0.0012354192176555756,0.00018428663094027797,0.0012452563278966267,-0.001836352617397452,-0.0029611761606833653,2442.9861486486484,0.03974850902826077,0.0017985596284280092,0.009846803823629457,0.0,0.009999999999999787,0.040000000000000036,0.010000000000000675,-0.14999999999999947,-0.17999999999999972,-0.13999999999999968,-0.16000000000000014,-0.11,-0.14,-0.14,-0.05,0.12,0.99,1.59,-0.010090851225501574,-0.006839519215822487,-0.03188222777306926,0.015103114847121624,-0.0062744210305704096,-0.0039050695470663754,-0.0045969687248232916,-0.006375141030482645,-0.05389288732284303,-0.134287842773972,0.03969057605069182,-0.0025015191979695928,0.019867947389344387,-0.016038619027803236,0.0003979282981081411,-0.003187607903630152,-0.004239829260597183,-0.001969962946477999,-0.0025891398791779707,-0.0032322414266232613,-0.0027771829626734856,0.0005120789789643254,0.000975883568449909,-0.004517444697667905,0.0019297209292679085,-0.003780776407849018,-0.0008306397398678556,-0.006688689068572895,-7.0,0.004294261426817769,17.0705,-88.89999999999964,-0.5390000000000441,73.70000000000255,-1.2450000000000045
2025-04-30,0.006506357770561522,0.005694393090230676,0.007758116858481046,0.015080507976970026,-0.0031791930111539912,-0.0018908469778375903,-0.0025938969694232483,-0.00874039619849487,-0.0023803848901957636,-0.010442516066365926,0.015271306240230764,-0.0047141858361925415,0.0041735961524711485,0.00034426680503329976,0.005233279673547919,-0.138500580432674,0.006406808051839796,0.3271000000000015,-280.0,-0.04417357799999988,0.0013609035683028736,0.001230053855197255,0.10000000000000053,1.5,0.010640662218449393,-0.002791998091031367,0.006015658806963309,-0.02454713335727554,0.027120306219193147,-0.012466768765129643,0.0007536978656563775,0.0002305369215083175,-0.0008538980964578613,0.0006023733692170907,7.834841544429594e-05,-0.0002529084484894639,0.0006178560591969529,0.0008362025260648664,-0.00027486686309430297,-0.0007768121961735375,0.0010527938523754443,0.00032479835721055395,0.0002543450628387234,40.8,0.0,41.1,7.2115567333138015,4.997212273764115,5.407171771460119,6.54534966033442,5.662960480135946,7.300472814267799,4.77912349311153,5.342334251964811,6.726233402358747,5.765191102784844,0.07289361635144687,0.240808387494015,0.015537416396133708,-0.0019573390923408596,-3.923731277133413e-05,0.003859324455707025,0.028398475656825184,0.04239977211934587,2590.7861486486486,-0.001107606959735996,-0.0018057943219993433,-0.060535409426202946,0.0,-0.019999999999999574,-0.09000000000000075,-0.13000000000000078,-0.2400000000000002,-0.16999999999999993,-0.03000000000000025,0.009999999999999787,-0.13,-0.23,-0.27,-0.29,-0.05,0.96,1.6,-0.021381352042571855,-0.022160951674541587,-0.016725312141551818,0.02915154374368542,0.003978368534650667,-0.014643411812508944,-0.019980060616348716,-0.004655086862677571,-0.04227845994746904,0.010103441416487335,0.013792191760937378,-0.0026574415852476108,-0.0022773160136262405,-0.0141980819441212,-0.0006936622259603453,-0.005431993489535714,0.00035819719091101376,-0.0012734322212741844,-0.0035087989957469645,-0.0037928915147427134,-0.0028345134538110273,-0.0038517238586477376,-0.004544217202590239,-0.008516080278026195,-0.002346796992344302,0.004353870789252312,0.0010801069377173178,0.006247802341457387,-7.700000000000003,0.0038567794221524565,21.6579,73.70000000000255,-1.2450000000000045,-5.900000000001455,-0.20299999999997453
2025-05-31,0.007352717235171724,0.0026618589499936007,0.001398980509015324,-0.0010842165867170905,0.0007877847438164665,-0.0018174780504063293,-0.0010942353084644196,-0.0019293475970387775,-0.013494054709155101,0.0011508368914840972,0.003618037073173319,0.0038839392391256666,0.0021454601318131594,-0.003997705333983248,-0.004386733211386051,0.05981566242936065,-0.004184549569013818,-0.40970000000000084,195.0,0.015438037000000016,0.003183840032871643,0.0028154667626942853,0.0,0.3999999999999986,-0.07697797608053936,0.0557335615891974,0.06238706807743721,-0.019067311226202754,0.11368695843438026,0.012466768765129643,0.0009915032753742281,9.21998894263254e-05,0.0011952532798371607,0.0,0.0,0.000379338690772002,-0.0006178560591969529,0.0011332104480121785,-6.87285223630596e-05,0.00021044622771881905,0.00030151108602538557,0.0005410962742260494,0.0010590753145134357,40.7,-0.10000000000000009,40.9,7.242797922793756,5.209486152841421,5.44673737166631,6.61472560020376,5.4680601411351315,7.259819610363186,4.912654885736052,5.267858159063328,6.635946555686647,5.799092654460526,-0.06867103559676124,-0.21372675406945518,-9.376564987562119e-05,0.0053535613126118875,0.0034572321943091566,0.004623366501647297,-0.035714226108245484,-0.05988027029339982,2537.2861486486486,-0.004167539004399146,0.0006277389386326604,-0.05691689726369198,0.0,0.009999999999999787,-0.04999999999999982,-0.10999999999999943,-0.1299999999999999,0.0,0.16000000000000014,0.25,-0.12,-0.28,-0.38,-0.42,-0.05,1.12,1.85,-0.03228791842199996,-0.05813084612939444,-0.03362685183025782,0.017730824870452466,-0.026468708279673347,0.011177925538570221,0.0147787611780128,0.0035453031057315343,0.0023797107154566177,-0.024275235405184503,-0.09356392309864248,0.002706948569853651,-0.0056320383088248605,0.017627949260569764,0.002860636055853405,0.004318943574522116,0.0017499168893735373,0.0017278487188425729,0.003947436045807606,0.0035776394306221704,0.002691986948684999,0.0014993146386190759,0.005369303758794075,0.006353402427153654,-0.000559811898324547,-0.0056136054667970114,0.0005267988352715136,-0.011813584497584184,-4.799999999999997,0.004368336739139167,32.5116,-5.900000000001455,-0.20299999999997453,-97.0,0.1349999999999909
2025-06-30,-0.005669471022411443,-0.0021648395590005975,-0.001398980509015324,-0.007911633949053254,0.00033384890463228345,0.00036198488442629184,0.0007355529435404407,-0.0011521129656273388,0.014055056878604866,-0.005205518996173275,0.009102522664698576,0.0002990810334377869,0.003728666252752255,-0.0020663671368241765,0.0014977539000184947,-0.018693648429499277,0.0076649172286344935,0.04290000000000305,317.0,0.03367847099999999,-0.00365877268638215,-0.004253739125594791,0.0,-1.3999999999999986,0.11396536285134395,-0.02725207738285551,-0.06478899076943723,0.05134395166574546,-0.13943363806396203,0.034786116085415486,0.00011916521644117495,-0.0005994512894798021,-0.005304144525507759,0.0002408477853652613,-0.0008621703712350381,-0.0010118897903623747,-0.0006182380413317645,0.0002322947831228106,-0.0003780913307451783,0.00025894995936681653,-0.0009497469125214764,0.0007570432416947881,-0.0021192734588151296,40.7,0.0,41.0,7.156176637480615,4.6443908991413725,5.209486152841421,6.54965074223381,5.69035945432406,7.2399325913204695,4.812184355372417,5.37989735354046,6.60934924316738,5.7430031878094825,0.1530908922713703,0.40472680567284947,0.03350294954886124,-0.004218338536203348,-0.0031804712899639043,0.0028311800573170842,-0.007444703767891525,-0.012042889974276605,2445.8861486486485,0.005605299516670215,0.0011217410872017552,0.07900411168843569,0.0,0.040000000000000036,0.08000000000000007,0.13999999999999968,0.10999999999999943,0.13999999999999968,0.08999999999999986,0.11000000000000032,-0.08,-0.2,-0.24,-0.31,0.09,1.21,1.96,-0.006038119449508272,-0.004568413812165467,0.005173628033497302,0.016150075568477362,-0.008187348233960279,0.00434544738277598,0.00598202260051206,-0.002002180514186769,0.02033335761523869,0.04956421378192921,0.07665419144499896,-0.001398234344620164,-0.002283094185640877,-0.006437406145641589,-0.0023869092167094763,-0.0010820772429633863,-0.0026854731290333334,-0.0016628418429158742,-0.0021915446765188307,-0.0017297492396908254,-0.0013076200474673172,0.00016343448927447213,-0.004669371051774895,0.0018460689354506954,0.0004205619307615649,0.0018578696494673252,-0.001096907674427161,0.0065909047810253085,0.0,-0.007587561966067469,20.362,-97.0,0.1349999999999909,-2.8000000000010914,0.9290000000000305
2025-07-31,-0.00028048205193442755,-0.002337541971346724,0.002578102119368708,0.009633645805745772,0.005335116337960244,0.0031831717674526416,0.00354067180888773,0.003753499972410701,-0.014796233423870042,0.00867946911584383,0.002297411846996056,0.00787456902230943,0.000812066935995226,0.010186056036112667,0.002549532267337007,0.03395046191787188,-0.0042140869539109005,0.12359999999999616,-355.0,-0.016882258999999955,-0.0007627094153672687,0.0005694359982300057,-0.10000000000000053,1.1999999999999993,-0.08957390972718482,-0.03549577529836867,0.08265990568812764,0.022836387242720413,0.12257592398243577,0.0305126248613945,-8.15325613281459e-05,-0.0009691041160859726,-0.002404673092785359,-0.0002408477853652613,-0.001333908942735107,-0.0019000575733461034,-0.00041237113986269947,5.80652653745517e-05,-0.0004470195903412133,-0.0019599750343832767,-0.0003210643954325576,-0.0006488591122000287,0.0005938494342068168,40.6,0.10000000000000009,41.0,7.231287004327616,5.153291594497779,5.25227342804663,6.561030665896573,5.739792912179234,7.239214973779806,4.634728988229636,5.384495062789089,6.652863029353347,5.6937321388027,-0.09860535003409332,-0.2791237757599987,0.009221873569712713,0.003451490896136278,0.002623995749228669,0.003392708937084876,0.032361787899937156,0.05590752380624053,2536.7861486486486,-0.000560203291384731,-0.0006661193879491378,0.03699981282618303,0.0,-0.019999999999999574,0.009999999999999787,-0.03000000000000025,-0.05999999999999961,-0.040000000000000036,-0.08000000000000007,-0.13999999999999968,-0.1,-0.19,-0.27,-0.37,0.05,1.13,1.82,-0.017024664920719523,-0.020328129850210652,-0.0027142704467388867,0.016261728314699797,-0.014454582518681758,0.0019232090567466997,0.002561632328805352,-0.0002630762354174365,0.040342051321568206,0.11392907765357219,0.01279203277362928,0.0020574512823081648,0.008549910941352934,0.0076280972776103795,0.0022182907969181542,0.004418672163335913,0.002009795030198269,0.0009882795846314352,0.0023117348593588716,0.00362532250386316,0.0020439412441692895,0.0010466065182255235,0.004513363811150306,0.0025477957533119877,7.779554773268416e-05,-7.759125701944924e-06,0.0007956532627999557,-0.0007005646871274251,8.5,0.0004546226398449704,18.3246,-2.8000000000010914,0.9290000000000305,3.899999999999636,0.19700000000000273
2025-08-31,0.00241533840545749,0.003247106221159868,0.003834632353258094,0.006040914728840718,-0.0037696367637387596,-0.002655717255568568,-0.0004767519492832051,-0.0022415623142091334,-0.0035571680354271606,-0.0018957927419451792,0.004564734498656797,-0.0050818245817767504,-0.0027679587369986436,0.0006516034328738485,-0.0010640142912352601,-0.012405472519622762,0.011734636078970517,-0.15330000000000155,-149.0,-0.05262221400000011,-0.00022305574725045574,-0.0015927862418063654,0.10000000000000053,1.1000000000000014,0.025552050962254214,-0.04658705549011177,0.09932759397895286,0.09334125394460813,0.10317233097727296,-0.08654045633105767,0.0004953645890548586,-0.0003694296971126221,-0.007075704729884613,-0.0001204456490455641,-0.00015704750719436333,0.0006337537445144648,-0.0014446396073495293,0.0006312421531085022,0.0001719542605904678,-0.0013466704396716267,0.00046230007950498475,0.0009731308547582529,8.480685244371955e-05,40.7,0.0,41.1,7.264730177929867,4.584967478670572,5.5093883366279774,6.738152494595957,5.480638923341991,7.216709486709457,4.8283137373023015,5.3981627015177525,6.60934924316738,5.6131281063880705,-0.027850811180503143,-0.08946198278599837,0.00018716605801571973,-0.002819199002548345,-0.002017510864362748,0.0022748493244613144,-0.019045370791799243,-0.03279193628445398,2519.9861486486484,-0.007226788234489412,-0.0006748498621114152,0.043255204633011246,0.0,0.019999999999999574,-0.009999999999999787,0.020000000000000462,-0.009999999999999787,0.009999999999999787,-0.009999999999999787,-0.05000000000000071,-0.08,-0.2,-0.25,-0.38,0.06,1.12,1.77,-0.0028598354926163694,-0.017741300266195303,0.018636402937652008,-0.006502646130601475,0.001681348398573479,-0.00023766273698377915,-2.066946008572046e-05,0.006334523649774049,-0.0004771641711860397,-0.08890998735813671,0.0204682960432212,-0.0009018327265852832,-0.0035928342476081454,-0.00043896247506403085,0.0017749165945915024,-0.003501357118636861,0.0027013950274996645,0.00046934010917798474,-0.0005993510393631496,-0.0017233889322634255,-0.0011505911787343948,-0.0012441558955584853,-0.00583781142730011,-0.00499872662624945,0.0005744219759593605,-0.0006234796454056557,-0.00269504525420583,-5.85059851943015e-06,1.0,0.0003045780304606893,16.4718,3.899999999999636,0.19700000000000273,35.900000000001455,0.6669999999999732
