Date,Open,High,Low,Close,Adj Close,Volume
2003-12-05,101.500000,102.199997,101.500000,101.849998,51.323910,48500
2003-12-08,101.900002,101.910004,101.650002,101.760002,51.278568,43900
2003-12-09,101.849998,102.040001,101.500000,101.500000,51.147533,80000
2003-12-10,101.849998,101.889999,101.639999,101.769997,51.283611,98000
2003-12-11,101.470001,102.279999,101.470001,102.169998,51.485134,75500
2003-12-12,102.099998,102.339996,102.089996,102.089996,51.444817,82000
2003-12-15,102.000000,102.139999,101.690002,101.870003,51.333961,146300
2003-12-16,101.669998,101.820000,101.480003,101.760002,51.278568,135400
2003-12-17,102.050003,102.099998,101.699997,101.730003,51.263416,138400
2003-12-18,101.750000,102.180000,101.750000,102.169998,51.485134,107400
2003-12-19,101.849998,102.199997,101.839996,102.120003,51.459934,87800
2003-12-22,102.080002,102.129997,101.800003,102.010002,51.404549,287300
2003-12-23,101.809998,101.889999,101.500000,101.500000,51.147533,111400
2003-12-24,101.900002,102.089996,101.779999,102.070000,51.434757,34600
2003-12-26,102.190002,102.250000,102.129997,102.250000,51.525452,32800
2003-12-29,102.029999,102.099998,101.839996,101.949997,51.374306,127300
2003-12-30,101.680000,101.919998,101.599998,101.680000,51.238258,103300
2003-12-31,101.720001,101.800003,101.680000,101.709999,51.312420,74800
2004-01-02,101.500000,101.639999,101.199997,101.489998,51.201412,106900
2004-01-05,101.150002,101.349998,101.080002,101.349998,51.130791,115700
2004-01-06,101.589996,102.050003,101.550003,102.000000,51.458721,114000
2004-01-07,101.900002,102.230003,101.820000,102.080002,51.499046,101700
2004-01-08,101.860001,102.080002,101.379997,101.690002,51.302284,132100
2004-01-09,102.500000,102.529999,102.230003,102.459999,51.690773,112800
2004-01-12,102.260002,102.730003,102.220001,102.379997,51.650425,132500
2004-01-13,102.440002,102.879997,102.379997,102.879997,51.902672,115400
2004-01-14,102.849998,102.930000,102.680000,102.900002,51.912746,85400
2004-01-15,102.809998,103.029999,102.739998,103.029999,51.978348,63300
2004-01-16,103.279999,103.279999,102.930000,103.080002,52.003567,101200
2004-01-20,102.900002,103.120003,102.849998,102.989998,51.958168,140200
2004-01-21,103.190002,103.459999,103.110001,103.410004,52.170029,174600
2004-01-22,103.360001,103.629997,103.220001,103.580002,52.255840,175400
2004-01-23,103.629997,103.720001,102.849998,102.849998,51.887535,257400
2004-01-26,102.779999,102.790001,102.430000,102.470001,51.695801,242000
2004-01-27,102.489998,102.910004,102.489998,102.879997,51.902672,243500
2004-01-28,102.860001,103.220001,102.379997,102.459999,51.690773,282300
2004-01-29,102.320000,102.449997,102.099998,102.410004,51.665520,219200
2004-01-30,102.540001,102.980003,102.489998,102.949997,51.937954,111700
2004-02-02,102.980003,103.330002,102.900002,103.129997,52.028816,161500
2004-02-03,103.489998,103.489998,103.279999,103.320000,52.124641,112500
2004-02-04,103.220001,103.379997,103.190002,103.320000,52.124641,128900
2004-02-05,103.260002,103.309998,102.809998,103.010002,51.968262,169000
2004-02-06,103.430000,103.589996,103.349998,103.430000,52.180141,156400
2004-02-09,103.519997,103.680000,103.519997,103.639999,52.286091,144800
2004-02-10,103.559998,103.559998,103.260002,103.360001,52.144802,185200
2004-02-11,103.209999,103.970001,103.160004,103.779999,52.356697,195800
2004-02-12,103.730003,103.820000,103.470001,103.489998,52.210392,188900
2004-02-13,103.830002,104.290001,103.699997,104.290001,52.613998,123000
2004-02-17,103.860001,103.900002,103.699997,103.779999,52.356697,186400
2004-02-18,103.930000,103.980003,103.779999,103.800003,52.366810,129900
2004-02-19,103.500000,103.839996,103.500000,103.839996,52.386951,85000
2004-02-20,103.769997,103.790001,103.459999,103.550003,52.240704,119300
2004-02-23,103.570000,103.879997,103.550003,103.879997,52.407131,113500
2004-02-24,103.940002,104.199997,103.940002,104.099998,52.518173,167500
2004-02-25,104.160004,104.370003,104.160004,104.370003,52.654339,161900
2004-02-26,104.370003,104.559998,104.300003,104.559998,52.750229,105500
2004-02-27,104.739998,105.220001,104.739998,105.160004,53.052906,176400
2004-03-01,105.470001,105.790001,105.379997,105.769997,53.360683,207800
2004-03-02,105.699997,105.720001,105.180000,105.430000,53.189114,165800
2004-03-03,105.190002,105.370003,105.019997,105.349998,53.148762,165200
2004-03-04,105.070000,105.379997,105.050003,105.379997,53.163891,114600
2004-03-05,106.589996,106.690002,106.379997,106.379997,53.668388,141500
2004-03-08,106.709999,106.839996,106.660004,106.739998,53.850029,142100
2004-03-09,106.820000,107.180000,106.779999,107.080002,54.021561,179900
2004-03-10,106.900002,106.980003,106.599998,106.739998,53.850029,138800
2004-03-11,106.839996,106.870003,106.300003,106.470001,53.713814,147700
2004-03-12,106.360001,106.470001,106.250000,106.300003,53.628052,109000
2004-03-15,106.349998,106.570000,106.320000,106.550003,53.754150,129100
2004-03-16,106.839996,107.190002,106.629997,107.150002,54.056862,334600
2004-03-17,107.500000,107.669998,107.349998,107.589996,54.278820,90400
2004-03-18,107.550003,107.660004,107.300003,107.410004,54.188011,90300
2004-03-19,107.300003,107.320000,106.800003,106.839996,53.900455,76600
2004-03-22,107.029999,107.110001,106.940002,107.099998,54.031631,102300
2004-03-23,107.019997,107.269997,106.959999,107.260002,54.112335,73200
2004-03-24,107.410004,107.550003,107.360001,107.540001,54.253624,83200
2004-03-25,107.419998,107.489998,107.349998,107.389999,54.177902,110600
2004-03-26,107.269997,107.300003,106.730003,106.930000,53.945923,134400
2004-03-29,106.639999,106.660004,106.389999,106.580002,53.769287,114600
2004-03-30,106.839996,106.889999,106.610001,106.629997,53.794537,88800
2004-03-31,106.540001,106.980003,106.500000,106.910004,53.935795,147800
2004-04-01,106.250000,106.430000,106.000000,106.349998,53.915508,100100
2004-04-02,105.120003,105.150002,104.709999,104.800003,53.129719,170600
2004-04-05,104.449997,104.449997,104.139999,104.220001,52.835655,156300
2004-04-06,104.349998,104.449997,104.239998,104.379997,52.916790,94600
2004-04-07,104.199997,104.320000,103.699997,103.760002,52.602478,174200
2004-04-08,103.720001,103.949997,103.669998,103.839996,52.643040,100900
2004-04-12,103.699997,103.940002,103.669998,103.839996,52.643040,83200
2004-04-13,103.250000,103.430000,103.239998,103.300003,52.369255,101900
2004-04-14,103.099998,103.120003,102.889999,103.029999,52.232368,131000
2004-04-15,103.000000,103.070000,102.750000,102.800003,52.115768,59000
2004-04-16,103.269997,103.500000,103.260002,103.430000,52.435184,115300
2004-04-19,103.500000,103.599998,103.349998,103.430000,52.435184,194400
2004-04-20,103.190002,103.300003,102.599998,102.629997,52.029633,76900
2004-04-21,102.540001,102.750000,102.230003,102.629997,52.029633,101100
2004-04-22,102.790001,102.879997,102.500000,102.500000,51.963707,66500
2004-04-23,102.269997,102.269997,101.360001,101.459999,51.436451,199600
2004-04-26,101.500000,102.029999,101.500000,101.949997,51.684872,86500
2004-04-27,102.440002,102.449997,102.110001,102.309998,51.867359,67800
2004-04-28,102.220001,102.220001,101.440002,101.440002,51.426342,82400
2004-04-29,101.370003,101.739998,100.800003,100.900002,51.152546,86500
2004-04-30,101.150002,101.360001,101.029999,101.260002,51.335068,95100
2004-05-03,100.680000,101.000000,100.680000,100.750000,51.352417,66600
2004-05-04,101.080002,101.300003,100.720001,100.800003,51.377872,77100
2004-05-05,100.970001,101.000000,100.730003,100.760002,51.357487,93700
2004-05-06,100.669998,100.680000,100.349998,100.400002,51.173977,77100
2004-05-07,99.599998,99.849998,99.529999,99.849998,50.893677,136800
2004-05-10,99.849998,99.930000,99.699997,99.779999,50.857960,135000
2004-05-11,99.750000,100.220001,99.720001,100.220001,51.082237,162300
2004-05-12,100.449997,100.699997,100.360001,100.360001,51.153603,119200
2004-05-13,100.400002,100.720001,100.400002,100.580002,51.265747,82800
2004-05-14,100.440002,100.900002,100.440002,100.830002,51.393162,94400
2004-05-17,101.250000,101.589996,101.180000,101.589996,51.780525,139500
2004-05-18,101.660004,101.839996,101.620003,101.760002,51.867188,118900
2004-05-19,101.650002,102.089996,101.589996,101.949997,51.964039,117000
2004-05-20,102.099998,102.470001,102.070000,102.440002,52.213806,79000
2004-05-21,102.669998,102.750000,101.750000,101.879997,51.928352,97700
2004-05-24,101.919998,102.370003,101.750000,102.250000,52.116936,59300
2004-05-25,102.349998,102.610001,102.099998,102.139999,52.060879,70700
2004-05-26,102.300003,102.529999,102.269997,102.529999,52.259666,89500
2004-05-27,102.610001,102.870003,102.370003,102.849998,52.422749,102400
2004-05-28,102.550003,102.790001,102.300003,102.750000,52.371780,188900
2004-06-01,101.750000,102.269997,101.519997,102.169998,52.426170,70900
2004-06-02,101.919998,101.970001,101.540001,101.650002,52.159378,56400
2004-06-03,101.330002,101.489998,101.230003,101.389999,52.025913,108600
2004-06-04,101.500000,101.500000,101.080002,101.150002,51.902809,66000
2004-06-07,101.099998,101.260002,100.860001,101.239998,51.948967,92300
2004-06-08,101.019997,101.019997,100.760002,100.790001,51.718052,94700
2004-06-09,100.550003,100.589996,100.230003,100.500000,51.569267,89500
2004-06-10,100.550003,100.699997,100.410004,100.610001,51.625710,115600
2004-06-14,100.349998,100.389999,100.099998,100.169998,51.399963,97000
2004-06-15,100.769997,101.190002,100.750000,101.029999,51.841194,74700
2004-06-16,100.809998,101.010002,100.650002,100.959999,51.805271,137300
2004-06-17,100.879997,101.230003,100.839996,101.150002,51.902809,114200
2004-06-18,101.349998,101.480003,101.300003,101.300003,51.979744,118700
2004-06-21,101.510002,101.540001,101.339996,101.440002,52.051609,65600
2004-06-22,101.250000,101.300003,101.099998,101.260002,51.959240,100000
2004-06-23,101.150002,101.339996,101.139999,101.300003,51.979744,60800
2004-06-24,101.629997,101.650002,101.360001,101.400002,52.031078,47200
2004-06-25,101.199997,101.379997,101.190002,101.339996,52.000305,68100
2004-06-28,101.019997,101.089996,100.589996,100.639999,51.641098,104700
2004-06-29,100.599998,101.029999,100.519997,101.019997,51.836086,46600
2004-06-30,101.220001,101.949997,101.199997,101.919998,52.297867,221600
2004-07-01,101.699997,102.000000,101.599998,102.000000,52.551426,94400
2004-07-02,102.769997,102.949997,102.669998,102.919998,53.025402,57000
2004-07-06,102.849998,102.889999,102.559998,102.650002,52.886276,57900
2004-07-07,102.500000,102.620003,102.330002,102.449997,52.783257,40200
2004-07-08,102.220001,102.570000,102.199997,102.500000,52.808990,49500
2004-07-09,102.500000,102.519997,102.309998,102.410004,52.762657,45400
2004-07-12,102.559998,102.620003,102.250000,102.290001,52.700802,41200
2004-07-13,102.050003,102.190002,102.010002,102.139999,52.623524,47400
2004-07-14,101.019997,102.180000,101.019997,102.139999,52.623524,35700
2004-07-15,102.099998,102.349998,102.099998,102.349998,52.731701,45100
2004-07-16,102.620003,102.970001,102.620003,102.849998,52.989326,68400
2004-07-19,102.739998,102.830002,102.629997,102.800003,52.963570,45300
2004-07-20,102.529999,102.559998,101.989998,102.059998,52.582310,52200
2004-07-21,101.949997,102.190002,101.849998,102.180000,52.644154,48600
2004-07-22,102.220001,102.279999,102.019997,102.250000,52.680176,39500
2004-07-23,102.309998,102.480003,102.250000,102.480003,52.798695,35200
2004-07-26,102.279999,102.300003,102.070000,102.139999,52.623524,45200
2004-07-27,101.900002,101.930000,101.120003,101.180000,52.128899,58600
2004-07-28,101.220001,101.510002,101.199997,101.489998,52.288624,42600
2004-07-29,101.529999,101.800003,101.529999,101.769997,52.432892,48300
2004-07-30,101.959999,102.330002,101.959999,102.330002,52.721401,40700
2004-08-02,101.800003,102.029999,101.650002,101.900002,52.778374,43500
2004-08-03,101.959999,102.160004,101.940002,102.110001,52.887150,33900
2004-08-04,102.000000,102.230003,101.980003,102.050003,52.856083,44600
2004-08-05,102.260002,102.470001,102.150002,102.360001,53.016579,38800
2004-08-06,103.599998,103.690002,103.230003,103.449997,53.581188,65000
2004-08-09,103.320000,103.449997,103.250000,103.389999,53.550121,54100
2004-08-10,103.500000,103.559998,102.900002,102.989998,53.342949,98100
2004-08-11,103.000000,103.470001,102.930000,103.400002,53.555271,47000
2004-08-12,103.389999,104.059998,103.330002,103.989998,53.860878,44700
2004-08-13,104.190002,104.529999,104.190002,104.389999,54.068077,41000
2004-08-16,104.190002,104.239998,103.870003,103.870003,53.798744,68200
2004-08-17,103.599998,103.989998,103.599998,103.980003,53.855698,65500
2004-08-18,104.250000,104.250000,103.559998,103.570000,53.643349,38800
2004-08-19,103.629997,104.199997,103.519997,104.199997,53.969631,46700
2004-08-20,104.250000,104.250000,104.000000,104.080002,53.907509,54300
2004-08-23,103.790001,103.800003,103.550003,103.620003,53.669250,58800
2004-08-24,103.419998,103.459999,103.279999,103.430000,53.570816,65300
2004-08-25,103.489998,103.690002,103.389999,103.440002,53.576015,39800
2004-08-26,103.449997,103.669998,103.370003,103.610001,53.664040,31900
2004-08-27,103.699997,103.820000,103.629997,103.660004,53.689980,30900
2004-08-30,103.739998,103.930000,103.639999,103.919998,53.824623,40800
2004-08-31,104.080002,104.750000,104.040001,104.529999,54.140549,54400
2004-09-01,104.000000,104.190002,103.690002,104.120003,54.148880,30200
2004-09-02,103.980003,104.000000,103.580002,103.620003,53.888878,37000
2004-09-03,103.320000,103.449997,103.099998,103.449997,53.800446,55100
2004-09-07,103.099998,103.339996,103.040001,103.169998,53.654835,84800
2004-09-08,103.019997,103.669998,102.930000,103.669998,53.914856,75400
2004-09-09,103.639999,103.879997,103.470001,103.470001,53.810890,36200
2004-09-10,103.750000,103.769997,103.489998,103.489998,53.821251,55300
2004-09-13,103.449997,103.790001,103.410004,103.750000,53.956444,45400
2004-09-14,103.680000,103.820000,103.500000,103.769997,53.966888,67700
2004-09-15,103.449997,103.540001,103.269997,103.400002,53.774426,53900
2004-09-16,103.099998,103.839996,103.099998,103.699997,53.930462,64200
2004-09-17,103.650002,103.730003,103.349998,103.480003,53.816029,58500
2004-09-20,103.550003,103.870003,103.480003,103.849998,54.008415,61600
2004-09-21,103.599998,103.900002,103.529999,103.779999,53.972065,35000
2004-09-22,103.739998,104.400002,103.699997,104.370003,54.278912,88300
2004-09-23,104.349998,104.449997,103.900002,104.000000,54.086514,79100
2004-09-24,103.849998,103.989998,103.699997,103.889999,54.029278,45100
2004-09-27,104.160004,104.449997,104.099998,104.400002,54.294491,84600
2004-09-28,104.500000,104.690002,104.410004,104.639999,54.419327,62600
2004-09-29,104.419998,104.459999,104.099998,104.199997,54.190487,130500
2004-09-30,103.760002,104.290001,103.650002,104.190002,54.185272,112100
2004-10-01,103.690002,103.860001,103.500000,103.699997,53.930462,90000
2004-10-04,103.239998,103.550003,103.160004,103.449997,53.800446,45800
2004-10-05,103.610001,103.750000,103.529999,103.720001,53.940872,42100
2004-10-06,103.389999,103.419998,103.050003,103.050003,53.592419,52400
2004-10-07,103.019997,103.239998,102.750000,103.199997,53.670448,55700
2004-10-08,104.059998,104.070000,103.849998,104.050003,54.112473,50300
2004-10-11,104.050003,104.440002,104.000000,104.320000,54.252926,35300
2004-10-12,104.349998,104.449997,104.190002,104.300003,54.242508,62200
2004-10-13,104.010002,104.550003,104.000000,104.519997,54.356884,59000
2004-10-14,104.500000,104.800003,104.500000,104.720001,54.460907,34300
2004-10-15,104.820000,104.949997,104.580002,104.720001,54.460907,61000
2004-10-18,104.680000,104.699997,104.440002,104.699997,54.450554,38900
2004-10-19,104.330002,104.720001,104.279999,104.720001,54.460907,62300
2004-10-20,104.910004,105.180000,104.830002,105.180000,54.700134,43700
2004-10-21,105.199997,105.500000,105.199997,105.489998,54.861382,47700
2004-10-22,105.379997,105.500000,105.250000,105.500000,54.866581,51900
2004-10-25,105.650002,105.750000,105.430000,105.480003,54.856159,41300
2004-10-26,105.480003,105.500000,105.279999,105.419998,54.825001,54700
2004-10-27,105.419998,105.650002,104.500000,104.599998,54.398510,82200
2004-10-28,104.650002,105.360001,104.580002,105.080002,54.648132,53800
2004-10-29,105.110001,105.330002,105.000000,105.330002,54.778183,55300
2004-11-01,105.000000,105.199997,104.660004,104.790001,54.584370,52200
2004-11-02,105.059998,105.370003,105.019997,105.370003,54.886478,45500
2004-11-03,105.000000,105.500000,104.910004,105.449997,54.928196,50700
2004-11-04,105.529999,105.599998,105.099998,105.199997,54.797981,51000
2004-11-05,104.449997,104.750000,104.330002,104.709999,54.542706,88500
2004-11-08,104.349998,104.599998,104.349998,104.580002,54.474998,93800
2004-11-09,104.500000,104.550003,104.400002,104.440002,54.402126,57200
2004-11-10,104.180000,104.500000,104.050003,104.269997,54.313499,83300
2004-11-11,104.400002,104.589996,104.400002,104.529999,54.448952,62500
2004-11-12,104.449997,104.849998,104.379997,104.730003,54.553120,83300
2004-11-15,104.800003,105.139999,104.750000,105.120003,54.756290,124900
2004-11-16,105.080002,105.190002,104.910004,105.070000,54.730225,130400
2004-11-17,105.040001,105.589996,105.040001,105.440002,54.922974,75500
2004-11-18,105.099998,105.599998,105.099998,105.589996,55.001118,60500
2004-11-19,105.300003,105.400002,104.900002,105.300003,54.850033,75800
2004-11-22,105.480003,105.849998,105.480003,105.769997,55.094894,82100
2004-11-23,105.519997,105.849998,105.500000,105.570000,54.990700,69100
2004-11-24,105.589996,105.989998,105.550003,105.849998,55.136566,120900
2004-11-26,105.269997,105.449997,105.269997,105.430000,54.917782,33400
2004-11-29,105.050003,105.120003,104.800003,104.949997,54.667725,87100
2004-11-30,104.800003,104.900002,104.699997,104.820000,54.600018,104700
2004-12-01,104.650002,104.650002,104.120003,104.370003,54.507584,94000
2004-12-02,104.169998,104.199997,104.029999,104.120003,54.377014,75100
2004-12-03,104.800003,105.400002,104.739998,105.000000,54.836590,54600
2004-12-06,105.169998,105.290001,105.089996,105.250000,54.967152,100200
2004-12-07,105.180000,105.300003,105.000000,105.290001,54.988029,87000
2004-12-08,105.470001,106.010002,105.410004,106.010002,55.364052,142600
2004-12-09,105.900002,106.199997,105.660004,105.760002,55.233540,79300
2004-12-10,105.919998,105.980003,105.550003,105.599998,55.149933,89900
2004-12-13,105.620003,105.860001,105.620003,105.790001,55.249195,75900
2004-12-14,105.629997,106.000000,105.550003,106.000000,55.358856,74300
2004-12-15,106.300003,106.720001,106.300003,106.720001,55.734898,78000
2004-12-16,106.500000,106.559998,106.000000,106.050003,55.384960,88000
2004-12-17,105.760002,106.150002,105.750000,106.150002,55.437145,61200
2004-12-20,106.269997,106.430000,106.209999,106.389999,55.562523,79300
2004-12-21,106.480003,107.029999,106.410004,107.010002,55.886368,122100
2004-12-22,106.820000,106.849998,106.430000,106.550003,55.646061,101900
2004-12-23,106.550003,106.900002,106.519997,106.720001,55.734898,94700
2004-12-27,106.400002,106.449997,106.230003,106.379997,55.557312,104500
2004-12-28,106.239998,106.250000,105.949997,106.190002,55.458092,128900
2004-12-29,106.190002,106.220001,105.800003,105.930000,55.322289,150500
2004-12-30,105.720001,106.220001,105.660004,106.209999,55.468536,74300
2004-12-31,105.779999,106.080002,105.750000,105.809998,55.560402,87900
2005-01-03,105.500000,105.800003,105.489998,105.779999,55.544670,110100
2005-01-04,105.750000,106.400002,105.050003,105.050003,55.161335,136400
2005-01-05,105.000000,105.150002,104.699997,104.930000,55.098370,221400
2005-01-06,105.000000,105.260002,104.949997,105.099998,55.187622,204800
2005-01-07,105.269997,105.349998,104.750000,104.830002,55.045795,219600
2005-01-10,104.980003,104.989998,104.800003,104.900002,55.082577,132200
2005-01-11,104.930000,105.150002,104.900002,105.000000,55.135078,121700
2005-01-12,104.959999,105.400002,104.949997,105.370003,55.329403,482700
2005-01-13,105.379997,105.690002,105.349998,105.639999,55.471127,169500
2005-01-14,105.349998,105.879997,105.349998,105.650002,55.476395,206700
2005-01-18,105.370003,105.650002,105.300003,105.650002,55.476395,166300
2005-01-19,105.550003,105.570000,105.320000,105.550003,55.423916,152400
2005-01-20,105.360001,105.660004,105.349998,105.599998,55.450161,156600
2005-01-21,105.410004,105.800003,105.400002,105.750000,55.528912,168400
2005-01-24,105.779999,105.949997,105.660004,105.930000,55.623428,139800
2005-01-25,105.750000,105.849998,105.099998,105.250000,55.266350,207400
2005-01-26,105.309998,105.480003,105.250000,105.379997,55.334648,122100
2005-01-27,105.250000,105.449997,105.169998,105.349998,55.318851,106400
2005-01-28,105.599998,105.800003,105.449997,105.760002,55.534138,175800
2005-01-31,105.570000,105.830002,105.500000,105.820000,55.565704,166400
2005-02-01,105.599998,105.660004,105.360001,105.480003,55.472046,228600
2005-02-02,105.320000,105.470001,105.040001,105.300003,55.377365,154400
2005-02-03,105.010002,105.190002,105.000000,105.120003,55.282730,149800
2005-02-04,105.680000,106.099998,105.650002,105.800003,55.640347,130900
2005-02-07,105.800003,106.199997,105.760002,106.150002,55.824429,133700
2005-02-08,106.150002,106.669998,106.150002,106.669998,56.097885,111000
2005-02-09,106.639999,107.320000,106.639999,107.250000,56.402885,113100
2005-02-10,106.949997,107.080002,106.620003,106.629997,56.076847,108000
2005-02-11,106.620003,106.860001,106.580002,106.680000,56.103142,135000
2005-02-14,106.889999,107.120003,106.849998,107.080002,56.313499,138000
2005-02-15,106.750000,106.849998,106.430000,106.519997,56.018982,139000
2005-02-16,106.449997,106.459999,106.040001,106.239998,55.871738,142200
2005-02-17,105.989998,106.250000,105.949997,106.110001,55.803402,202200
2005-02-18,105.680000,106.029999,105.680000,106.000000,55.745506,172300
2005-02-22,105.830002,105.879997,105.620003,105.699997,55.587746,168000
2005-02-23,105.849998,105.949997,105.730003,105.930000,55.708706,150200
2005-02-24,106.139999,106.199997,105.639999,105.699997,55.587746,145200
2005-02-25,105.629997,105.709999,105.519997,105.650002,55.561478,122900
2005-02-28,105.610001,105.680000,104.900002,105.099998,55.272240,189300
2005-03-01,105.019997,105.300003,105.019997,105.150002,55.298531,100100
2005-03-02,105.230003,105.430000,105.180000,105.269997,55.361656,161600
2005-03-03,105.400002,105.650002,105.349998,105.419998,55.440483,181200
2005-03-04,105.470001,105.940002,105.360001,105.849998,55.666622,175000
2005-03-07,105.940002,106.199997,105.900002,106.150002,55.824429,226300
2005-03-08,105.769997,105.949997,105.709999,105.870003,55.677166,120100
2005-03-09,105.370003,105.370003,105.050003,105.160004,55.303783,196300
2005-03-10,105.089996,105.199997,104.550003,104.949997,55.193348,252800
2005-03-11,104.589996,104.699997,104.440002,104.500000,54.956711,132100
2005-03-14,104.400002,104.720001,104.400002,104.699997,55.061840,111600
2005-03-15,104.839996,104.900002,104.480003,104.559998,54.988220,136400
2005-03-16,104.690002,105.110001,104.650002,104.949997,55.193348,190300
2005-03-17,105.459999,105.629997,105.260002,105.320000,55.387924,383800
2005-03-18,105.250000,105.339996,105.099998,105.160004,55.303783,104000
2005-03-21,105.139999,105.150002,104.930000,104.970001,55.203838,122000
2005-03-22,105.180000,105.260002,104.250000,104.269997,54.835728,169900
2005-03-23,103.750000,104.099998,103.650002,103.949997,54.667416,287900
2005-03-24,104.230003,104.339996,104.070000,104.300003,54.851479,171500
2005-03-28,103.889999,103.980003,103.839996,103.860001,54.620132,149300
2005-03-29,103.980003,104.220001,103.809998,104.139999,54.767338,109600
2005-03-30,104.220001,104.559998,104.150002,104.559998,54.988220,160000
2005-03-31,104.849998,105.349998,104.800003,105.330002,55.393185,222700
2005-04-01,105.459999,105.519997,104.709999,105.169998,55.465443,234600
2005-04-04,105.199997,105.449997,105.160004,105.279999,55.523472,408800
2005-04-05,105.099998,105.199997,104.809998,105.000000,55.375755,102400
2005-04-06,105.129997,105.230003,105.010002,105.059998,55.407417,186200
2005-04-07,105.040001,105.260002,104.500000,104.650002,55.191208,127300
2005-04-08,104.459999,104.750000,104.199997,104.750000,55.243908,266000
2005-04-11,104.750000,105.150002,104.699997,105.029999,55.391575,93100
2005-04-12,104.849998,105.599998,104.800003,105.599998,55.692211,142500
2005-04-13,105.699997,105.750000,105.349998,105.500000,55.639458,150700
2005-04-14,105.449997,105.699997,105.080002,105.699997,55.744900,148900
2005-04-15,106.000000,106.300003,105.750000,106.300003,56.061367,165800
2005-04-18,106.519997,106.589996,106.199997,106.300003,56.061367,144200
2005-04-19,106.550003,106.900002,106.500000,106.900002,56.377796,132800
2005-04-20,106.540001,107.099998,106.500000,107.080002,56.472752,161100
2005-04-21,106.690002,106.790001,106.260002,106.260002,56.040291,122000
2005-04-22,106.820000,106.959999,106.620003,106.959999,56.409447,99400
2005-04-25,106.959999,107.000000,106.730003,106.800003,56.325066,129300
2005-04-26,106.830002,106.849998,106.250000,106.449997,56.140491,73100
2005-04-27,106.589996,106.680000,106.230003,106.449997,56.140491,86400
2005-04-28,106.540001,107.269997,106.459999,107.269997,56.572926,142500
2005-04-29,107.190002,107.449997,106.800003,106.900002,56.377796,80900
2005-05-02,106.540001,106.699997,106.209999,106.540001,56.409058,113300
2005-05-03,106.500000,106.589996,106.199997,106.500000,56.387867,87900
2005-05-04,106.000000,106.379997,105.900002,106.250000,56.255520,125200
2005-05-05,106.220001,106.419998,106.070000,106.360001,56.313728,106500
2005-05-06,105.809998,106.050003,105.769997,105.989998,56.117855,102000
2005-05-09,105.900002,106.040001,105.800003,106.040001,56.144325,113900
2005-05-10,106.150002,106.400002,106.099998,106.400002,56.334942,126200
2005-05-11,106.559998,106.800003,106.440002,106.510002,56.393139,104700
2005-05-12,106.320000,106.500000,106.000000,106.489998,56.382591,145700
2005-05-13,106.690002,106.790001,106.199997,106.519997,56.398445,141300
2005-05-16,106.610001,106.660004,106.440002,106.480003,56.377304,112900
2005-05-17,106.720001,107.000000,106.639999,106.709999,56.499043,132100
2005-05-18,107.029999,107.099998,106.550003,106.550003,56.414345,97700
2005-05-19,106.349998,106.599998,106.300003,106.440002,56.356144,141500
2005-05-20,106.620003,106.830002,106.480003,106.830002,56.562603,80700
2005-05-23,106.900002,107.199997,106.900002,106.959999,56.631432,185900
2005-05-24,107.349998,107.449997,107.050003,107.290001,56.806152,114700
2005-05-25,107.339996,107.430000,106.900002,106.900002,56.599682,93900
2005-05-26,106.790001,106.900002,106.500000,106.550003,56.414345,86700
2005-05-27,106.550003,106.949997,106.500000,106.820000,56.557278,75800
2005-05-31,107.070000,107.400002,107.050003,107.290001,56.806152,119600
2005-06-01,107.000000,107.720001,107.000000,107.720001,57.361019,141500
2005-06-02,107.449997,107.589996,107.300003,107.400002,57.190617,118300
2005-06-03,107.820000,107.900002,106.949997,107.050003,57.004211,116700
2005-06-06,107.110001,107.199997,106.830002,107.050003,57.004211,146500
2005-06-07,107.580002,107.650002,107.160004,107.250000,57.110767,142900
2005-06-08,107.239998,107.250000,106.900002,106.949997,56.951019,116700
2005-06-09,106.790001,107.019997,106.599998,106.870003,56.908390,102700
2005-06-10,106.610001,106.610001,106.160004,106.220001,56.562260,88900
2005-06-13,105.870003,105.970001,105.709999,105.900002,56.391853,157000
2005-06-14,105.849998,105.879997,105.599998,105.690002,56.280060,131500
2005-06-15,105.360001,105.750000,105.309998,105.720001,56.296017,124100
2005-06-16,105.760002,106.199997,105.610001,106.099998,56.498405,126700
2005-06-17,106.190002,106.500000,106.150002,106.160004,56.530293,96800
2005-06-20,106.089996,106.239998,105.940002,106.169998,56.535648,106700
2005-06-21,106.250000,106.470001,106.199997,106.300003,56.604839,86600
2005-06-22,106.650002,106.830002,106.449997,106.650002,56.791218,161800
2005-06-23,106.639999,106.849998,106.519997,106.800003,56.871090,105100
2005-06-24,106.900002,107.099998,106.800003,107.000000,56.977612,209400
2005-06-27,107.129997,107.400002,107.000000,107.300003,57.137390,106600
2005-06-28,107.000000,107.120003,106.849998,107.059998,57.009563,141100
2005-06-29,107.199997,107.199997,106.699997,106.779999,56.860420,97400
2005-06-30,106.959999,107.230003,106.699997,107.230003,57.100124,212200
2005-07-01,106.370003,106.449997,105.639999,105.839996,56.723312,115400
2005-07-05,105.430000,105.610001,105.150002,105.250000,56.407116,141400
2005-07-06,105.300003,105.470001,105.260002,105.459999,56.519653,92100
2005-07-07,105.760002,105.800003,105.430000,105.529999,56.557156,76500
2005-07-08,105.589996,105.589996,104.900002,105.040001,56.294571,104000
2005-07-11,104.800003,105.269997,104.709999,105.250000,56.407116,140100
2005-07-12,105.040001,105.199997,105.000000,105.040001,56.294571,107300
2005-07-13,104.959999,104.980003,104.709999,104.779999,56.155212,172800
2005-07-14,104.320000,104.419998,103.949997,104.110001,55.796165,203200
2005-07-15,103.739998,103.949997,103.699997,103.949997,55.710426,187200
2005-07-18,103.809998,103.900002,103.410004,103.589996,55.517475,141700
2005-07-19,103.580002,104.050003,103.580002,104.029999,55.753269,162900
2005-07-20,104.019997,104.349998,103.800003,104.330002,55.914047,162800
2005-07-21,104.180000,104.190002,103.699997,103.839996,55.651428,158400
2005-07-22,104.139999,104.580002,104.139999,104.250000,55.871208,218600
2005-07-25,104.290001,104.370003,103.750000,103.930000,55.699703,155300
2005-07-26,103.709999,104.029999,103.480003,104.029999,55.753269,183400
2005-07-27,103.949997,104.220001,103.820000,103.989998,55.731846,77800
2005-07-28,104.050003,104.379997,104.029999,104.220001,55.855125,94000
2005-07-29,104.089996,104.150002,103.790001,103.910004,55.688995,108700
2005-08-01,103.339996,103.379997,102.900002,103.080002,55.604275,145300
2005-08-02,102.900002,102.980003,102.680000,102.889999,55.501781,429300
2005-08-03,103.129997,103.389999,103.089996,103.360001,55.755295,112100
2005-08-04,103.300003,103.449997,103.169998,103.379997,55.766117,129200
2005-08-05,102.930000,102.930000,102.750000,102.800003,55.453243,144400
2005-08-08,102.860001,102.989998,102.750000,102.779999,55.442455,113500
2005-08-09,102.820000,102.830002,102.400002,102.699997,55.399296,179600
2005-08-10,102.889999,102.940002,102.550003,102.639999,55.366982,107200
2005-08-11,102.760002,103.190002,102.559998,103.169998,55.652805,104300
2005-08-12,103.339996,103.650002,103.320000,103.589996,55.879379,108600
2005-08-15,103.550003,103.669998,103.410004,103.589996,55.879379,183400
2005-08-16,103.970001,104.190002,103.790001,103.879997,56.035805,172200
2005-08-17,104.099998,104.150002,103.550003,103.650002,55.911736,98400
2005-08-18,103.879997,104.029999,103.760002,103.959999,56.078972,111800
2005-08-19,103.900002,104.169998,103.809998,104.150002,56.181469,110200
2005-08-22,103.940002,104.099998,103.760002,104.000000,56.100544,132600
2005-08-23,103.900002,104.320000,103.900002,104.279999,56.251595,179000
2005-08-24,104.250000,104.489998,104.250000,104.449997,56.343311,108800
2005-08-25,104.559998,104.629997,104.389999,104.610001,56.429588,105200
2005-08-26,104.650002,104.699997,104.410004,104.559998,56.402618,141300
2005-08-29,104.849998,104.870003,104.650002,104.730003,56.494350,85800
2005-08-30,104.930000,105.349998,104.809998,105.269997,56.785633,169100
2005-08-31,105.400002,105.860001,105.309998,105.849998,57.098454,119100
2005-09-01,105.419998,105.900002,105.419998,105.709999,57.248497,108700
2005-09-02,105.699997,106.000000,105.559998,105.750000,57.270172,140600
2005-09-06,105.750000,105.849998,105.110001,105.160004,56.950665,701900
2005-09-07,105.150002,105.180000,104.769997,105.019997,56.874863,176400
2005-09-08,105.209999,105.339996,105.050003,105.190002,56.966915,144100
2005-09-09,105.449997,105.720001,105.379997,105.470001,57.118546,128400
2005-09-12,105.239998,105.239998,104.919998,105.089996,56.912750,128700
2005-09-13,105.440002,105.699997,105.230003,105.449997,57.107723,129500
2005-09-14,105.389999,105.610001,105.209999,105.379997,57.069786,99100
2005-09-15,105.279999,105.379997,105.000000,105.169998,56.956070,97900
2005-09-16,105.120003,105.129997,104.870003,105.000000,56.863995,238700
2005-09-19,105.019997,105.470001,104.889999,105.349998,57.053596,134100
2005-09-20,104.870003,105.120003,104.830002,105.059998,56.896469,127600
2005-09-21,105.580002,105.720001,105.470001,105.650002,57.216022,179000
2005-09-22,105.839996,105.910004,105.610001,105.680000,57.232216,173900
2005-09-23,105.500000,105.529999,105.000000,105.160004,56.950665,161300
2005-09-26,104.629997,105.019997,104.610001,104.919998,56.820679,139900
2005-09-27,105.000000,105.190002,104.800003,105.129997,56.934387,207700
2005-09-28,105.110001,105.550003,105.050003,105.540001,57.156471,130800
2005-09-29,105.349998,105.480003,105.239998,105.440002,57.102314,93600
2005-09-30,105.510002,105.550003,105.000000,105.269997,57.010227,150600
2005-10-03,104.879997,104.889999,104.199997,104.260002,56.631615,147400
2005-10-04,104.250000,104.330002,104.029999,104.180000,56.588184,343100
2005-10-05,104.330002,104.510002,104.129997,104.160004,56.577290,116000
2005-10-06,103.940002,104.000000,103.680000,103.879997,56.425205,171000
2005-10-07,103.589996,104.180000,103.500000,104.050003,56.517567,99000
2005-10-10,104.080002,104.360001,103.919998,104.169998,56.582737,88500
2005-10-11,104.000000,104.010002,103.760002,103.849998,56.408928,111000
2005-10-12,103.889999,103.930000,103.470001,103.510002,56.224243,267700
2005-10-13,103.230003,103.580002,103.059998,103.459999,56.197090,184000
2005-10-14,103.779999,103.790001,103.260002,103.680000,56.316628,108400
2005-10-17,103.809998,103.930000,103.709999,103.879997,56.425205,134600
2005-10-18,104.040001,104.089996,103.849998,103.949997,56.463249,166400
2005-10-19,104.040001,104.300003,103.849998,103.959999,56.468678,231100
2005-10-20,103.800003,104.000000,103.660004,103.889999,56.430656,138000
2005-10-21,103.970001,104.230003,103.910004,104.220001,56.609909,126200
2005-10-24,103.919998,104.050003,103.550003,103.769997,56.365479,267400
2005-10-25,103.750000,103.900002,103.150002,103.230003,56.072144,188300
2005-10-26,103.019997,103.160004,102.800003,102.919998,55.903751,183700
2005-10-27,103.169998,103.449997,103.120003,103.339996,56.131889,166900
2005-10-28,103.519997,103.589996,103.150002,103.300003,56.110161,145200
2005-10-31,103.489998,103.709999,103.379997,103.580002,56.262295,104500
2005-11-01,103.339996,103.339996,103.010002,103.139999,56.257919,166400
2005-11-02,103.089996,103.290001,102.800003,102.940002,56.148823,121800
2005-11-03,103.040001,103.070000,102.629997,102.779999,56.061531,162200
2005-11-04,102.820000,103.010002,102.529999,102.699997,56.017914,140000
2005-11-07,103.029999,103.139999,102.900002,103.029999,56.197891,94300
2005-11-08,103.279999,103.360001,103.150002,103.220001,56.301540,150100
2005-11-09,102.720001,102.839996,102.570000,102.690002,56.012432,239000
2005-11-10,102.699997,103.010002,102.570000,102.919998,56.137894,208000
2005-11-11,102.919998,103.199997,102.910004,103.059998,56.214264,122300
2005-11-14,102.889999,102.900002,102.269997,102.349998,55.827000,341900
2005-11-15,102.360001,102.809998,102.250000,102.650002,55.990665,169600
2005-11-16,102.889999,103.290001,102.750000,103.250000,56.317921,129900
2005-11-17,103.300003,103.610001,103.199997,103.370003,56.383377,124400
2005-11-18,103.199997,103.400002,103.000000,103.180000,56.279720,280800
2005-11-21,103.339996,103.459999,103.230003,103.290001,56.339741,150200
2005-11-22,103.410004,103.699997,103.309998,103.699997,56.563351,148600
2005-11-23,103.760002,103.769997,103.150002,103.300003,56.345161,119800
2005-11-25,103.510002,103.650002,103.500000,103.650002,56.536114,38700
2005-11-28,103.610001,104.000000,103.519997,103.870003,56.656067,111800
2005-11-29,103.860001,103.889999,103.250000,103.349998,56.372456,115200
2005-11-30,103.309998,103.349998,103.099998,103.330002,56.361500,124500
2005-12-01,102.320000,102.419998,101.650002,101.900002,56.229065,284600
2005-12-02,101.699997,101.949997,101.650002,101.940002,56.251175,117300
2005-12-05,101.959999,101.959999,101.699997,101.879997,56.218105,134300
2005-12-06,101.970001,102.260002,101.900002,102.180000,56.383606,150000
2005-12-07,102.059998,102.059998,101.699997,101.790001,56.168385,172600
2005-12-08,101.949997,102.269997,101.860001,102.220001,56.405685,125300
2005-12-09,102.070000,102.199997,101.800003,101.860001,56.207035,127100
2005-12-12,102.019997,102.059998,101.699997,101.900002,56.229065,151800
2005-12-13,102.139999,102.250000,101.870003,102.089996,56.333950,180000
2005-12-14,102.449997,102.680000,102.290001,102.500000,56.560177,151300
2005-12-15,102.410004,102.500000,102.199997,102.500000,56.560177,225900
2005-12-16,102.500000,102.669998,102.449997,102.570000,56.598846,196200
2005-12-19,102.550003,102.750000,102.430000,102.650002,56.642994,154500
2005-12-20,102.449997,102.690002,102.349998,102.599998,56.615364,155600
2005-12-21,102.500000,102.550003,102.320000,102.500000,56.560177,114300
2005-12-22,102.639999,102.849998,102.589996,102.720001,56.681602,193100
2005-12-23,102.470001,103.230003,102.470001,103.150002,56.918861,154500
2005-12-27,103.019997,103.330002,102.949997,103.269997,56.985065,302700
2005-12-28,102.699997,102.940002,102.629997,102.669998,56.861031,104800
2005-12-29,102.800003,102.889999,102.550003,102.849998,56.960705,218200
2005-12-30,103.000000,103.099998,102.709999,102.820000,56.944138,128300
2006-01-03,102.690002,103.150002,102.610001,103.040001,57.065964,257000
2006-01-04,103.010002,103.139999,102.809998,103.050003,57.071495,162400
2006-01-05,102.769997,102.900002,102.669998,102.750000,56.905357,169200
2006-01-06,102.720001,102.830002,102.550003,102.699997,56.877625,315500
2006-01-09,102.639999,102.820000,102.529999,102.820000,56.944138,288300
2006-01-10,102.550003,102.750000,102.449997,102.589996,56.816715,209700
2006-01-11,102.699997,102.769997,102.410004,102.430000,56.728130,687800
2006-01-12,102.550003,102.930000,102.470001,102.830002,56.949623,667800
2006-01-13,102.970001,103.250000,102.889999,103.110001,57.104744,141800
2006-01-17,103.010002,103.400002,103.000000,103.349998,57.237610,591500
2006-01-18,103.360001,103.360001,103.059998,103.300003,57.209961,133700
2006-01-19,103.050003,103.290001,102.949997,103.220001,57.165607,437700
2006-01-20,103.400002,103.489998,103.129997,103.410004,57.270824,227900
2006-01-23,103.160004,103.389999,103.000000,103.250000,57.182289,179100
2006-01-24,103.000000,103.279999,102.809998,103.000000,57.043808,122000
2006-01-25,102.750000,102.839996,102.250000,102.349998,56.683846,162100
2006-01-26,102.199997,102.269997,102.010002,102.250000,56.628422,157900
2006-01-27,102.620003,102.639999,102.260002,102.519997,56.777950,129600
2006-01-30,102.500000,102.629997,102.349998,102.500000,56.766865,159200
2006-01-31,102.550003,102.940002,102.459999,102.849998,56.960705,158800
2006-02-01,102.760002,102.900002,102.349998,102.540001,56.789043,257300
2006-02-02,102.650002,102.690002,102.449997,102.550003,56.794575,370800
2006-02-03,102.449997,103.050003,102.360001,103.050003,57.071495,160000
2006-02-06,102.900002,103.199997,102.879997,103.120003,57.110260,151700
2006-02-07,103.070000,103.139999,102.610001,102.639999,56.844418,118300
2006-02-08,102.639999,102.699997,102.360001,102.449997,56.739151,112500
2006-02-09,102.400002,102.790001,102.349998,102.680000,56.866550,157100
2006-02-10,102.750000,102.900002,102.260002,102.260002,56.633942,172100
2006-02-13,102.309998,102.360001,102.099998,102.209999,56.606251,152400
2006-02-14,101.750000,101.949997,101.690002,101.750000,56.351532,187100
2006-02-15,101.900002,102.070000,101.690002,101.849998,56.406879,159500
2006-02-16,101.900002,102.250000,101.849998,102.160004,56.578571,120700
2006-02-17,102.550003,102.720001,102.480003,102.720001,56.888721,122700
2006-02-21,102.650002,102.739998,102.410004,102.500000,56.766865,140400
2006-02-22,102.629997,102.839996,102.550003,102.790001,56.927490,124600
2006-02-23,102.550003,102.610001,102.349998,102.550003,56.794575,112500
2006-02-24,102.750000,102.800003,102.519997,102.650002,56.849987,135400
2006-02-27,102.790001,102.820000,102.360001,102.470001,56.750282,146200
2006-02-28,102.470001,102.879997,102.400002,102.849998,56.960705,162200
2006-03-01,102.720001,102.800003,102.500000,102.639999,56.844418,136100
2006-03-02,102.540001,102.589996,102.160004,102.570000,56.805672,161400
2006-03-03,102.379997,102.500000,102.199997,102.489998,56.761349,158700
2006-03-06,102.269997,102.269997,101.629997,101.779999,56.368095,133700
2006-03-07,101.449997,101.779999,101.449997,101.779999,56.368095,151000
2006-03-08,101.680000,101.750000,101.320000,101.389999,56.152126,130800
2006-03-09,101.360001,101.449997,101.070000,101.220001,56.058002,172800
2006-03-10,100.849998,101.199997,100.769997,101.099998,55.991524,154500
2006-03-13,101.129997,101.150002,100.870003,101.150002,56.019226,216900
2006-03-14,101.230003,101.750000,101.230003,101.639999,56.290569,184600
2006-03-15,101.510002,101.599998,101.300003,101.449997,56.185387,156400
2006-03-16,101.580002,102.120003,101.459999,102.000000,56.489960,153400
2006-03-17,101.989998,102.010002,101.730003,101.889999,56.429043,153000
2006-03-20,102.000000,102.150002,101.739998,101.830002,56.395847,480400
2006-03-21,101.739998,101.760002,101.190002,101.330002,56.118881,124100
2006-03-22,101.440002,101.550003,101.269997,101.480003,56.201969,216300
2006-03-23,101.550003,101.589996,101.300003,101.370003,56.141083,92100
2006-03-24,101.480003,101.889999,101.430000,101.860001,56.412430,135300
2006-03-27,101.699997,101.699997,101.370003,101.529999,56.229668,119900
2006-03-28,101.250000,101.339996,100.910004,101.040001,55.958305,135600
2006-03-29,100.919998,101.050003,100.760002,100.849998,55.853077,190900
2006-03-30,100.739998,100.769997,100.320000,100.629997,55.731232,244200
2006-03-31,100.639999,100.830002,100.410004,100.650002,55.742275,138900
2006-04-03,99.760002,100.199997,99.669998,100.000000,55.667206,194000
2006-04-04,100.050003,100.260002,99.750000,99.919998,55.622650,125300
2006-04-05,100.000000,100.349998,99.949997,100.260002,55.811905,904600
2006-04-06,100.070000,100.080002,99.820000,99.980003,55.656044,107500
2006-04-07,99.570000,99.750000,99.400002,99.580002,55.433327,219100
2006-04-10,99.599998,99.750000,99.459999,99.650002,55.472324,733000
2006-04-11,100.000000,100.089996,99.830002,100.050003,55.694984,230800
2006-04-12,99.949997,100.040001,99.599998,99.699997,55.500145,110100
2006-04-13,99.099998,99.349998,99.000000,99.080002,55.155022,239900
2006-04-17,99.199997,99.680000,99.199997,99.599998,55.444496,171000
2006-04-18,99.730003,100.089996,99.699997,99.930000,55.628204,173000
2006-04-19,99.809998,100.080002,99.599998,100.029999,55.683849,145800
2006-04-20,100.019997,100.059998,99.620003,99.690002,55.494579,159200
2006-04-21,99.699997,100.050003,99.550003,100.050003,55.694984,145700
2006-04-24,99.900002,100.169998,99.849998,99.949997,55.639351,135300
2006-04-25,99.559998,99.779999,99.110001,99.209999,55.227417,140900
2006-04-26,98.919998,99.150002,98.910004,99.099998,55.166119,122900
2006-04-27,98.910004,99.580002,98.889999,99.540001,55.411102,231800
2006-04-28,99.610001,100.000000,99.500000,99.900002,55.611450,133300
2006-05-01,99.410004,99.410004,99.080002,99.080002,55.429661,165300
2006-05-02,98.970001,99.300003,98.900002,99.300003,55.552704,162000
2006-05-03,99.160004,99.209999,98.800003,99.019997,55.396091,183100
2006-05-04,99.029999,99.040001,98.620003,98.639999,55.183506,177100
2006-05-05,99.150002,99.290001,98.959999,99.199997,55.496784,172500
2006-05-08,99.300003,99.300003,99.010002,99.199997,55.496784,129800
2006-05-09,99.250000,99.410004,99.150002,99.349998,55.580711,139400
2006-05-10,99.389999,99.739998,99.349998,99.589996,55.714977,156200
2006-05-11,99.449997,99.639999,99.349998,99.639999,55.742977,168900
2006-05-12,99.300003,99.550003,99.250000,99.300003,55.552704,182600
2006-05-15,99.080002,99.440002,99.010002,99.250000,55.524807,124500
2006-05-16,99.260002,99.639999,99.250000,99.629997,55.737328,143000
2006-05-17,99.349998,99.440002,99.080002,99.300003,55.552704,416100
2006-05-18,99.650002,99.910004,99.580002,99.910004,55.894012,198800
2006-05-19,99.599998,100.139999,99.570000,99.830002,55.849266,269200
2006-05-22,99.980003,100.120003,99.849998,99.980003,55.933205,159700
2006-05-23,99.690002,99.940002,99.599998,99.889999,55.882858,187200
2006-05-24,100.050003,100.199997,99.849998,99.849998,55.860447,164600
2006-05-25,99.940002,100.080002,99.730003,99.839996,55.854858,113000
2006-05-26,99.769997,100.139999,99.750000,100.099998,56.000263,227300
2006-05-30,99.800003,99.949997,99.760002,99.839996,55.854858,146000
2006-05-31,100.000000,100.080002,99.570000,99.699997,55.776531,195500
2006-06-01,99.150002,99.279999,98.970001,99.220001,55.818146,255900
2006-06-02,99.800003,100.050003,99.709999,99.980003,56.245716,134800
2006-06-05,100.000000,100.059998,99.629997,99.730003,56.105061,198200
2006-06-06,99.599998,99.690002,99.500000,99.589996,56.026295,363100
2006-06-07,99.260002,99.300003,99.160004,99.250000,55.835003,441400
2006-06-08,99.290001,99.629997,99.269997,99.320000,55.874413,284900
2006-06-09,99.500000,99.769997,99.379997,99.720001,56.099422,172700
2006-06-12,99.510002,99.699997,99.500000,99.699997,56.088142,179600
2006-06-13,99.769997,99.809998,99.510002,99.769997,56.127533,213100
2006-06-14,99.570000,99.599998,99.309998,99.389999,55.913780,224800
2006-06-15,99.389999,99.480003,99.150002,99.180000,55.795631,221900
2006-06-16,99.400002,99.449997,99.169998,99.209999,55.812534,162800
2006-06-19,99.019997,99.139999,98.849998,99.000000,55.694378,272300
2006-06-20,98.910004,98.989998,98.820000,98.910004,55.643734,145600
2006-06-21,99.000000,99.019997,98.860001,98.949997,55.666264,234400
2006-06-22,98.889999,98.930000,98.699997,98.739998,55.548134,280900
2006-06-23,98.720001,98.820000,98.500000,98.610001,55.474995,205200
2006-06-26,98.599998,98.629997,98.349998,98.500000,55.413074,127900
2006-06-27,98.690002,98.800003,98.519997,98.660004,55.503117,331900
2006-06-28,98.650002,98.690002,98.300003,98.440002,55.379360,246600
2006-06-29,98.589996,99.050003,98.519997,99.040001,55.716858,235700
2006-06-30,98.830002,99.580002,98.830002,99.570000,56.015053,150000
2006-07-03,98.779999,98.870003,98.550003,98.809998,55.899628,114000
2006-07-05,98.489998,98.500000,98.209999,98.430000,55.684639,295200
2006-07-06,98.489998,98.790001,98.419998,98.769997,55.876999,134100
2006-07-07,99.050003,99.199997,98.970001,99.059998,56.041046,155900
2006-07-10,98.959999,99.070000,98.849998,99.070000,56.046749,144400
2006-07-11,99.160004,99.360001,99.050003,99.139999,56.086273,145600
2006-07-12,98.879997,99.160004,98.809998,99.120003,56.075001,178400
2006-07-13,99.139999,99.550003,99.120003,99.510002,56.295650,277300
2006-07-14,99.540001,99.699997,99.449997,99.580002,56.335224,282500
2006-07-17,99.529999,99.650002,99.400002,99.650002,56.374851,133500
2006-07-18,99.370003,99.379997,99.080002,99.150002,56.092007,112600
2006-07-19,98.949997,99.800003,98.900002,99.779999,56.448433,196500
2006-07-20,99.629997,100.099998,99.599998,100.089996,56.623756,508400
2006-07-21,100.139999,100.209999,99.709999,99.790001,56.454067,135700
2006-07-24,99.779999,99.879997,99.610001,99.709999,56.408791,190700
2006-07-25,99.610001,99.940002,99.599998,99.900002,56.516304,154500
2006-07-26,99.900002,100.260002,99.900002,100.230003,56.703007,117300
2006-07-27,100.330002,100.349998,100.160004,100.250000,56.714306,153000
2006-07-28,100.500000,100.720001,100.419998,100.550003,56.884010,131600
2006-07-31,100.500000,100.570000,100.269997,100.510002,56.861374,111600
2006-08-01,99.809998,100.129997,99.809998,100.120003,56.959244,140000
2006-08-02,100.050003,100.349998,100.019997,100.349998,57.090096,112300
2006-08-03,100.250000,100.459999,100.099998,100.300003,57.061626,196400
2006-08-04,100.800003,100.980003,100.650002,100.980003,57.448505,370300
2006-08-07,100.940002,100.980003,100.870003,100.949997,57.431412,227900
2006-08-08,100.949997,101.209999,100.820000,101.110001,57.522461,136500
2006-08-09,101.040001,101.370003,101.000000,101.150002,57.545219,189100
2006-08-10,101.099998,101.129997,100.750000,100.980003,57.448505,128800
2006-08-11,100.739998,100.839996,100.699997,100.739998,57.311943,200200
2006-08-14,100.620003,100.629997,100.400002,100.500000,57.175407,185600
2006-08-15,100.730003,100.949997,100.699997,100.849998,57.374538,381100
2006-08-16,101.269997,101.279999,101.000000,101.040001,57.482597,137100
2006-08-17,101.199997,101.260002,100.849998,100.919998,57.414322,162400
2006-08-18,100.989998,101.300003,100.989998,101.269997,57.613503,123600
2006-08-21,101.320000,101.529999,101.269997,101.529999,57.761402,114100
2006-08-22,101.559998,101.739998,101.500000,101.680000,57.846733,130500
2006-08-23,101.639999,101.669998,101.400002,101.529999,57.761402,145100
2006-08-24,101.620003,101.620003,101.260002,101.349998,57.659000,134000
2006-08-25,101.379997,101.599998,101.349998,101.580002,57.789864,80500
2006-08-28,101.330002,101.360001,101.169998,101.269997,57.613503,154700
2006-08-29,101.089996,101.320000,100.870003,101.300003,57.630524,249600
2006-08-30,101.389999,101.410004,101.150002,101.389999,57.681725,111700
2006-08-31,101.500000,101.690002,101.449997,101.610001,57.806885,159700
2006-09-01,100.910004,101.120003,100.849998,101.000000,57.785206,316300
2006-09-05,100.760002,100.809998,100.510002,100.570000,57.539169,178200
2006-09-06,100.339996,100.519997,100.279999,100.519997,57.510559,158200
2006-09-07,100.330002,100.470001,100.250000,100.360001,57.418999,154200
2006-09-08,100.489998,100.500000,100.300003,100.300003,57.384659,131700
2006-09-11,100.309998,100.330002,99.919998,100.040001,57.235912,188400
2006-09-12,99.970001,100.279999,99.910004,100.230003,57.344635,176200
2006-09-13,100.389999,100.540001,100.300003,100.449997,57.470531,159500
2006-09-14,100.519997,100.660004,100.360001,100.470001,57.481976,104100
2006-09-15,100.449997,100.489998,100.059998,100.150002,57.298855,245500
2006-09-18,99.839996,100.099998,99.800003,100.080002,57.258797,127900
2006-09-19,100.309998,100.440002,100.220001,100.309998,57.390373,223100
2006-09-20,100.349998,100.349998,100.110001,100.169998,57.310329,181200
2006-09-21,100.150002,100.750000,100.150002,100.750000,57.642155,137800
2006-09-22,100.949997,101.099998,100.879997,101.070000,57.825214,90900
2006-09-25,101.169998,101.449997,101.110001,101.349998,57.985439,172000
2006-09-26,101.330002,101.419998,101.120003,101.190002,57.893848,210600
2006-09-27,101.580002,101.599998,101.150002,101.169998,57.882450,197300
2006-09-28,101.199997,101.220001,101.019997,101.190002,57.893848,162900
2006-09-29,101.279999,101.349998,100.940002,101.150002,57.871017,123000
2006-10-02,100.709999,100.980003,100.620003,100.800003,57.931892,278600
2006-10-03,100.860001,100.910004,100.440002,100.449997,57.730789,256100
2006-10-04,100.599998,100.919998,100.559998,100.839996,57.954910,126100
2006-10-05,100.949997,100.949997,100.540001,100.680000,57.862926,100200
2006-10-06,100.470001,100.510002,100.120003,100.389999,57.696259,156200
2006-10-09,100.279999,100.330002,100.040001,100.190002,57.581303,94900
2006-10-10,100.010002,100.010002,99.699997,99.790001,57.351440,193000
2006-10-11,99.800003,99.879997,99.349998,99.500000,57.184746,195300
2006-10-12,99.510002,99.639999,99.360001,99.510002,57.190514,172900
2006-10-13,99.379997,99.410004,99.129997,99.339996,57.092796,206200
2006-10-16,99.489998,99.500000,99.320000,99.419998,57.138775,144700
2006-10-17,99.699997,99.809998,99.330002,99.410004,57.133057,181500
2006-10-18,99.430000,99.550003,99.199997,99.199997,57.012371,251000
2006-10-19,99.110001,99.339996,99.050003,99.230003,57.029598,161200
2006-10-20,99.220001,99.250000,99.099998,99.220001,57.023872,110700
2006-10-23,98.739998,98.959999,98.699997,98.930000,56.857162,276700
2006-10-24,98.820000,99.080002,98.820000,99.080002,56.943401,182600
2006-10-25,99.120003,99.639999,99.059998,99.540001,57.207767,178700
2006-10-26,99.779999,100.099998,99.779999,100.029999,57.489391,443500
2006-10-27,100.250000,100.370003,100.099998,100.250000,57.615829,168800
2006-10-30,100.150002,100.169998,100.000000,100.070000,57.512375,124500
2006-10-31,100.099998,100.620003,100.070000,100.620003,57.828465,249200
2006-11-01,100.099998,100.480003,99.919998,100.400002,58.026699,152200
2006-11-02,100.190002,100.199997,100.029999,100.139999,57.876442,130500
2006-11-03,99.650002,99.669998,99.400002,99.580002,57.552780,179100
2006-11-06,99.500000,99.889999,99.430000,99.870003,57.720387,160300
2006-11-07,100.180000,100.370003,100.080002,100.230003,57.928436,152100
2006-11-08,100.180000,100.410004,100.150002,100.410004,58.032505,156700
2006-11-09,100.400002,100.599998,100.360001,100.599998,58.142288,128400
2006-11-10,100.680000,100.730003,100.529999,100.559998,58.119156,136800
2006-11-13,100.370003,100.389999,100.080002,100.330002,57.986290,234300
2006-11-14,100.379997,100.500000,100.330002,100.449997,58.055584,163400
2006-11-15,100.250000,100.330002,100.129997,100.150002,57.882210,203600
2006-11-16,100.080002,100.089996,99.550003,99.589996,57.558537,289400
2006-11-17,99.550003,99.959999,99.550003,99.790001,57.674114,335900
2006-11-20,99.940002,99.940002,99.750000,99.820000,57.691471,200500
2006-11-21,99.860001,100.059998,99.709999,99.980003,57.783936,219300
2006-11-22,100.029999,100.180000,100.000000,100.110001,57.859066,206400
2006-11-24,100.279999,100.540001,100.279999,100.349998,57.997841,131100
2006-11-27,100.220001,100.580002,100.199997,100.510002,58.090267,214000
2006-11-28,100.730003,100.860001,100.510002,100.860001,58.292591,276100
2006-11-29,100.809998,101.010002,100.650002,100.730003,58.217426,162000
2006-11-30,100.860001,101.239998,100.809998,101.129997,58.448639,155700
2006-12-01,101.150002,101.650002,101.000000,101.449997,58.633556,275400
2006-12-04,101.400002,101.500000,101.330002,101.480003,58.650879,164600
2006-12-05,101.610001,101.610001,101.199997,101.410004,58.610443,223800
2006-12-06,101.190002,101.269997,101.050003,101.059998,58.408127,227000
2006-12-07,101.050003,101.059998,100.900002,100.919998,58.327225,175100
2006-12-08,100.980003,101.000000,100.550003,100.610001,58.148083,133500
2006-12-11,100.860001,100.870003,100.669998,100.839996,58.281006,172200
2006-12-12,100.940002,100.940002,100.699997,100.849998,58.286762,150900
2006-12-13,100.599998,100.680000,100.330002,100.449997,58.055584,219000
2006-12-14,100.370003,100.480003,100.279999,100.349998,57.997841,188200
2006-12-15,100.449997,100.559998,99.849998,99.849998,57.708847,231200
2006-12-18,99.839996,99.889999,99.519997,99.669998,57.604805,221500
2006-12-19,99.629997,99.760002,99.580002,99.599998,57.564342,198500
2006-12-20,99.519997,99.610001,99.430000,99.540001,57.529671,200100
2006-12-21,99.540001,99.800003,99.440002,99.760002,57.656784,575700
2006-12-22,99.610001,99.610001,99.269997,99.349998,57.419823,248500
2006-12-26,99.300003,99.500000,99.250000,99.290001,57.385166,188000
2006-12-27,99.250000,99.339996,98.500000,98.930000,57.177124,386900
2006-12-28,99.000000,99.000000,98.419998,98.750000,57.073059,490700
2006-12-29,98.760002,98.919998,98.620003,98.800003,57.102005,284200
2007-01-03,99.349998,99.400002,98.970001,99.230003,57.350468,521800
2007-01-04,99.349998,99.480003,99.190002,99.300003,57.390957,274800
2007-01-05,98.790001,99.129997,98.699997,99.019997,57.229122,150300
2007-01-08,99.019997,99.129997,98.779999,99.089996,57.269596,239500
2007-01-09,99.019997,99.050003,98.839996,99.019997,57.229122,180500
2007-01-10,98.800003,98.839996,98.660004,98.769997,57.084618,237700
2007-01-11,98.610001,98.690002,98.209999,98.440002,56.893909,451500
2007-01-12,98.209999,98.209999,97.769997,98.040001,56.662708,259600
2007-01-16,98.169998,98.279999,98.099998,98.209999,56.760967,343100
2007-01-17,98.279999,98.389999,98.080002,98.199997,56.755203,161800
2007-01-18,98.190002,98.440002,98.099998,98.269997,56.795643,178300
2007-01-19,98.290001,98.459999,98.150002,98.440002,56.893909,168000
2007-01-22,98.580002,98.739998,98.510002,98.599998,56.986359,152300
2007-01-23,98.550003,98.730003,98.459999,98.589996,56.980606,152400
2007-01-24,98.620003,98.820000,98.519997,98.720001,57.055737,132400
2007-01-25,98.820000,98.820000,98.230003,98.419998,56.882385,175900
2007-01-26,98.239998,98.529999,98.209999,98.339996,56.836117,207200
2007-01-29,98.400002,98.440002,98.150002,98.239998,56.778301,252900
2007-01-30,98.269997,98.550003,98.269997,98.519997,56.940132,188200
2007-01-31,98.529999,99.029999,98.500000,99.029999,57.234917,131500
2007-02-01,99.110001,99.379997,98.639999,98.699997,57.044174,242600
2007-02-02,98.709999,98.879997,98.699997,98.879997,57.148174,177300
2007-02-05,99.000000,99.040001,98.800003,98.930000,57.177124,164000
2007-02-06,98.790001,99.000000,98.699997,98.930000,57.177124,147600
2007-02-07,99.120003,99.150002,98.959999,99.099998,57.275379,176300
2007-02-08,98.970001,99.099998,98.900002,99.000000,57.217583,368600
2007-02-09,98.980003,98.980003,98.620003,98.750000,57.073059,425300
2007-02-12,98.620003,98.739998,98.459999,98.500000,56.928581,164200
2007-02-13,98.610001,98.610001,98.400002,98.510002,56.934395,182800
2007-02-14,98.760002,99.199997,98.730003,99.160004,57.310051,144900
2007-02-15,99.379997,99.379997,99.070000,99.129997,57.292690,265800
2007-02-16,99.199997,99.550003,99.070000,99.459999,57.483387,227300
2007-02-20,99.309998,99.470001,99.190002,99.470001,57.489212,173600
2007-02-21,99.519997,99.669998,99.449997,99.610001,57.570114,213200
2007-02-22,99.519997,99.550003,99.370003,99.550003,57.535427,140200
2007-02-23,99.750000,100.110001,99.739998,99.839996,57.703033,170800
2007-02-26,100.089996,100.370003,100.089996,100.260002,57.945786,450700
2007-02-27,100.470001,101.430000,100.400002,101.150002,58.460194,275400
2007-02-28,100.919998,101.000000,100.129997,100.989998,58.367718,395900
2007-03-01,100.970001,100.989998,99.720001,100.860001,58.453506,280800
2007-03-02,101.000000,101.190002,100.790001,101.059998,58.569332,166000
2007-03-05,101.279999,101.290001,100.949997,100.989998,58.528831,321900
2007-03-06,100.800003,101.000000,100.750000,100.849998,58.447639,172100
2007-03-07,101.000000,101.089996,100.750000,101.000000,58.534607,166800
2007-03-08,100.910004,100.970001,100.720001,100.910004,58.482460,150600
2007-03-09,100.660004,100.669998,100.330002,100.449997,58.215843,155400
2007-03-12,100.430000,100.610001,100.410004,100.540001,58.268009,98600
2007-03-13,100.699997,101.080002,100.669998,100.940002,58.499821,115900
2007-03-14,100.989998,101.250000,100.809998,100.949997,58.505604,154400
2007-03-15,101.050003,101.059998,100.809998,100.919998,58.488224,112900
2007-03-16,100.919998,101.169998,100.879997,100.980003,58.523010,108800
2007-03-19,100.949997,101.000000,100.730003,100.970001,58.517208,130600
2007-03-20,101.180000,101.199997,100.900002,100.989998,58.528831,116100
2007-03-21,100.830002,101.500000,100.769997,101.370003,58.749016,140400
2007-03-22,101.379997,101.419998,100.959999,101.070000,58.575169,99500
2007-03-23,101.129997,101.290001,100.900002,101.000000,58.534607,157200
2007-03-26,101.000000,101.480003,100.910004,101.360001,58.743233,200100
2007-03-27,101.260002,101.430000,101.169998,101.330002,58.725868,190800
2007-03-28,101.510002,101.660004,101.040001,101.190002,58.644714,176800
2007-03-29,101.129997,101.199997,100.989998,101.059998,58.569332,96800
2007-03-30,101.129997,101.290001,100.860001,101.040001,58.557758,139500
2007-04-02,101.180000,101.989998,100.519997,100.709999,58.580421,168400
2007-04-03,100.629997,100.629997,100.220001,100.269997,58.324524,181600
2007-04-04,100.440002,100.620003,100.150002,100.589996,58.510677,129500
2007-04-05,100.660004,100.680000,100.529999,100.570000,58.499035,79700
2007-04-09,100.330002,100.379997,100.050003,100.120003,58.237289,128000
2007-04-10,100.250000,100.459999,100.230003,100.360001,58.376881,120700
2007-04-11,100.360001,100.500000,100.180000,100.199997,58.283806,154400
2007-04-12,100.400002,100.470001,99.190002,100.199997,58.283806,210100
2007-04-13,100.330002,100.680000,99.940002,99.949997,58.138390,109800
2007-04-16,100.129997,100.290001,99.940002,100.269997,58.324524,216400
2007-04-17,100.250000,100.489998,100.250000,100.330002,58.359459,145700
2007-04-18,100.459999,100.660004,100.410004,100.660004,58.551384,169600
2007-04-19,100.720001,100.720001,100.440002,100.610001,58.522358,121500
2007-04-20,100.589996,100.660004,100.370003,100.650002,58.545525,150300
2007-04-23,100.639999,100.949997,100.529999,100.879997,58.679359,127000
2007-04-24,100.910004,101.139999,100.879997,101.050003,58.778236,149100
2007-04-25,101.000000,102.250000,100.910004,101.059998,58.784027,226800
2007-04-26,101.050003,101.080002,100.680000,100.779999,58.621216,188200
2007-04-27,100.980003,101.029999,100.800003,100.800003,58.632858,144700
2007-04-30,101.099998,101.349998,101.059998,101.339996,58.946922,422600
2007-05-01,101.070000,101.089996,100.629997,100.940002,58.938763,178800
2007-05-02,101.070000,101.070000,100.800003,100.930000,58.932930,283500
2007-05-03,100.830002,100.830002,100.589996,100.680000,58.786934,110200
2007-05-04,100.849998,100.930000,100.690002,100.730003,58.816135,115200
2007-05-07,100.680000,100.750000,100.480003,100.660004,58.775257,140200
2007-05-08,100.849998,100.849998,100.639999,100.779999,58.845356,164100
2007-05-09,100.820000,100.830002,100.430000,100.459999,58.658516,129800
2007-05-10,100.660004,100.769997,100.540001,100.680000,58.786934,130500
2007-05-11,100.830002,100.919998,100.489998,100.500000,58.681831,115300
2007-05-14,100.650002,100.680000,100.339996,100.339996,58.588409,129000
2007-05-15,100.199997,100.230003,99.900002,100.070000,58.430763,167200
2007-05-16,100.089996,100.150002,99.949997,99.970001,58.372345,232900
2007-05-17,99.940002,100.019997,99.820000,99.930000,58.349033,111500
2007-05-18,99.900002,100.000000,99.570000,99.669998,58.197197,116300
2007-05-21,99.629997,99.919998,99.529999,99.919998,58.343166,139100
2007-05-22,99.839996,99.879997,99.410004,99.529999,58.115456,195100
2007-05-23,99.559998,99.599998,99.260002,99.519997,58.109619,233800
2007-05-24,99.620003,99.699997,99.290001,99.639999,58.179710,247800
2007-05-25,99.639999,99.820000,99.589996,99.779999,58.261433,194500
2007-05-29,99.669998,99.690002,99.379997,99.480003,58.086220,249600
2007-05-30,99.709999,99.720001,99.419998,99.570000,58.138798,137000
2007-05-31,99.730003,99.730003,99.309998,99.629997,58.173843,181100
2007-06-01,98.989998,99.050003,98.809998,98.849998,57.978531,207300
2007-06-04,99.000000,99.199997,98.900002,99.110001,58.131031,174500
2007-06-05,98.949997,98.989998,98.650002,98.750000,57.919865,156200
2007-06-06,98.769997,98.900002,98.690002,98.830002,57.966835,143200
2007-06-07,98.610001,98.620003,97.919998,97.970001,57.462444,396800
2007-06-08,97.919998,98.269997,97.860001,98.150002,57.567940,287400
2007-06-11,97.900002,98.139999,97.849998,97.940002,57.444725,185800
2007-06-12,97.620003,97.690002,97.209999,97.330002,57.086987,313100
2007-06-13,97.419998,97.849998,97.419998,97.690002,57.298164,362200
2007-06-14,97.800003,98.099998,97.669998,97.750000,57.333344,235900
2007-06-15,97.730003,98.040001,97.589996,98.040001,57.503452,262600
2007-06-18,98.010002,98.089996,97.750000,97.959999,57.456520,185900
2007-06-19,98.220001,98.629997,98.150002,98.480003,57.761520,483200
2007-06-20,98.250000,98.290001,97.980003,98.110001,57.544483,247600
2007-06-21,98.000000,98.260002,98.000000,98.070000,57.521011,149500
2007-06-22,97.980003,98.559998,97.900002,98.470001,57.755619,183200
2007-06-25,98.720001,98.820000,98.500000,98.699997,57.890545,253700
2007-06-26,98.800003,98.809998,98.400002,98.500000,57.773235,173800
2007-06-27,98.769997,98.870003,98.510002,98.550003,57.802559,112500
2007-06-28,98.680000,98.760002,98.389999,98.389999,57.708725,162800
2007-06-29,98.849998,99.099998,98.580002,98.970001,58.048901,147200
2007-07-02,98.570000,98.910004,98.419998,98.830002,58.223885,239400
2007-07-03,98.879997,98.910004,98.419998,98.430000,57.988247,176300
2007-07-05,98.290001,98.320000,97.949997,98.019997,57.746708,149400
2007-07-06,97.870003,97.940002,97.730003,97.809998,57.622948,103500
2007-07-09,98.040001,98.160004,97.980003,98.120003,57.805614,126300
2007-07-10,98.680000,98.919998,98.489998,98.900002,58.265118,166300
2007-07-11,98.800003,98.919998,98.400002,98.470001,58.011765,100300
2007-07-12,98.589996,98.599998,98.070000,98.139999,57.817379,221400
2007-07-13,98.410004,98.489998,98.040001,98.290001,57.905754,143600
2007-07-16,98.389999,98.660004,98.339996,98.589996,58.082474,100200
2007-07-17,98.470001,98.620003,98.199997,98.510002,58.035400,152000
2007-07-18,98.650002,99.050003,98.610001,98.889999,58.259254,150600
2007-07-19,98.699997,99.029999,98.690002,99.010002,58.329910,121600
2007-07-20,99.169998,99.500000,99.099998,99.389999,58.553787,145600
2007-07-23,99.220001,99.269997,99.000000,99.180000,58.430119,380300
2007-07-24,99.279999,99.620003,99.080002,99.489998,58.612713,252400
2007-07-25,99.570000,99.820000,99.540001,99.790001,58.789433,135100
2007-07-26,100.139999,100.550003,100.070000,100.260002,59.066372,444900
2007-07-27,100.209999,100.570000,100.080002,100.410004,59.154697,308600
2007-07-30,100.459999,100.589996,100.250000,100.300003,59.089901,260900
2007-07-31,100.300003,100.809998,100.260002,100.800003,59.384506,327600
2007-08-01,100.260002,100.459999,99.919998,99.940002,59.138870,261700
2007-08-02,99.889999,100.099998,99.669998,99.989998,59.168484,122500
2007-08-03,100.150002,100.389999,100.070000,100.300003,59.351925,161000
2007-08-06,100.209999,100.209999,99.599998,99.639999,58.961403,238600
2007-08-07,99.870003,100.160004,99.550003,99.650002,58.967304,130200
2007-08-08,99.570000,99.570000,99.000000,99.279999,58.748367,237600
2007-08-09,99.599998,99.720001,99.300003,99.599998,58.937706,338600
2007-08-10,99.900002,99.940002,99.360001,99.379997,58.807487,179900
2007-08-13,99.400002,99.870003,99.400002,99.820000,59.067909,287700
2007-08-14,99.489998,100.010002,99.489998,99.940002,59.138870,318800
2007-08-15,100.040001,100.089996,99.669998,99.940002,59.138870,178600
2007-08-16,100.190002,100.680000,100.099998,100.160004,59.269131,268900
2007-08-17,100.489998,100.690002,99.949997,100.489998,59.464367,206300
2007-08-20,100.459999,100.599998,100.309998,100.480003,59.458481,181700
2007-08-21,100.760002,101.000000,100.599998,100.830002,59.665531,171200
2007-08-22,100.400002,100.779999,100.360001,100.599998,59.529446,113400
2007-08-23,100.589996,100.900002,100.500000,100.650002,59.559040,117600
2007-08-24,100.849998,100.879997,100.559998,100.779999,59.635986,109900
2007-08-27,100.830002,100.970001,100.730003,100.900002,59.706982,98800
2007-08-28,100.820000,101.230003,100.820000,101.199997,59.884449,139700
2007-08-29,101.019997,101.300003,100.750000,100.779999,59.635986,119100
2007-08-30,101.209999,101.370003,101.099998,101.220001,59.896362,142900
2007-08-31,101.129997,101.400002,101.089996,101.180000,59.872639,127700
2007-09-04,100.919998,100.919998,100.559998,100.820000,59.920223,154200
2007-09-05,101.059998,101.360001,100.959999,101.290001,60.199535,128300
2007-09-06,101.250000,101.330002,101.000000,101.070000,60.068775,90700
2007-09-07,101.459999,102.250000,101.459999,102.230003,60.758232,174200
2007-09-10,102.199997,102.720001,102.199997,102.610001,60.984104,362700
2007-09-11,102.379997,102.750000,102.379997,102.610001,60.984104,136200
2007-09-12,102.580002,102.610001,102.320000,102.570000,60.960281,108700
2007-09-13,102.349998,102.360001,101.900002,102.029999,60.639294,132300
2007-09-14,102.610001,102.610001,101.970001,102.199997,60.740368,139800
2007-09-17,102.239998,102.599998,102.099998,102.570000,60.960281,144500
2007-09-18,102.250000,102.639999,102.050003,102.639999,61.001923,225700
2007-09-19,102.190002,102.430000,101.930000,102.349998,60.829510,313100
2007-09-20,101.919998,101.980003,101.139999,101.199997,60.146015,154000
2007-09-21,101.470001,101.709999,101.389999,101.599998,60.383793,158600
2007-09-24,101.449997,101.599998,101.379997,101.440002,60.288700,201300
2007-09-25,101.529999,101.660004,101.199997,101.250000,60.175743,221100
2007-09-26,101.110001,101.500000,101.040001,101.349998,60.235226,157500
2007-09-27,101.639999,102.050003,101.550003,101.949997,60.591831,133700
2007-09-28,102.290001,102.379997,101.769997,102.029999,60.639294,203100
2007-10-01,101.610001,101.839996,101.440002,101.839996,60.773560,240200
2007-10-02,101.589996,102.040001,101.519997,101.940002,60.833302,199000
2007-10-03,101.989998,102.120003,101.540001,101.750000,60.719913,139000
2007-10-04,101.660004,101.930000,101.580002,101.900002,60.809383,123300
2007-10-05,101.330002,101.389999,100.980003,101.300003,60.451359,230100
2007-10-08,101.669998,101.669998,101.040001,101.480003,60.558746,127200
2007-10-09,101.199997,101.260002,100.980003,101.129997,60.349903,141900
2007-10-10,100.889999,101.360001,100.879997,101.199997,60.391663,224500
2007-10-11,100.820000,101.230003,100.769997,101.029999,60.290260,135000
2007-10-12,100.900002,101.220001,100.809998,100.900002,60.212673,139500
2007-10-15,100.830002,101.050003,100.779999,100.900002,60.212673,163000
2007-10-16,101.099998,101.269997,101.029999,101.190002,60.385689,156600
2007-10-17,101.400002,102.000000,101.330002,101.800003,60.749741,106600
2007-10-18,101.980003,102.209999,101.889999,102.099998,60.928745,188300
2007-10-19,102.419998,102.980003,102.360001,102.970001,61.447926,193600
2007-10-22,102.860001,103.000000,102.540001,102.720001,61.298744,139800
2007-10-23,102.639999,102.800003,102.459999,102.760002,61.322632,183200
2007-10-24,102.900002,103.410004,102.820000,103.150002,61.555374,138700
2007-10-25,103.379997,103.639999,103.209999,103.440002,61.728439,143200
2007-10-26,103.230003,103.629997,103.199997,103.349998,61.674744,138100
2007-10-29,103.320000,103.800003,103.199997,103.800003,61.943237,199800
2007-10-30,103.260002,103.370003,103.059998,103.290001,61.638905,160300
2007-10-31,103.150002,103.690002,102.760002,102.800003,61.346539,224900
2007-11-01,102.849998,103.510002,102.849998,103.419998,61.909184,160800
2007-11-02,103.339996,104.239998,103.320000,104.000000,62.256382,177100
2007-11-05,104.120003,104.379997,103.919998,104.050003,62.286369,124400
2007-11-06,104.089996,104.489998,104.000000,104.059998,62.292324,179900
2007-11-07,104.269997,104.370003,104.050003,104.120003,62.328255,212500
2007-11-08,104.300003,104.750000,104.239998,104.440002,62.519844,1582500
2007-11-09,104.870003,105.620003,104.709999,105.349998,63.064552,342700
2007-11-12,105.500000,105.690002,105.349998,105.690002,63.268066,195400
2007-11-13,105.029999,105.059998,104.599998,104.680000,62.663448,251000
2007-11-14,104.339996,104.690002,104.339996,104.690002,62.669441,350100
2007-11-15,104.650002,105.230003,104.650002,104.910004,62.801155,250500
2007-11-16,104.940002,105.379997,104.919998,105.120003,62.926842,215100
2007-11-19,105.230003,106.139999,105.120003,105.980003,63.441669,222400
2007-11-20,106.040001,106.250000,105.669998,105.870003,63.375797,342500
2007-11-21,106.300003,106.900002,106.300003,106.760002,63.908585,250100
2007-11-23,108.000000,108.000000,106.440002,106.690002,63.866688,201400
2007-11-26,106.180000,109.099998,106.180000,107.900002,64.591072,672900
2007-11-27,107.570000,107.570000,106.480003,106.930000,64.010368,405600
2007-11-28,106.750000,106.889999,105.879997,106.129997,63.531502,220900
2007-11-29,106.669998,107.269997,106.660004,106.779999,63.920544,168400
2007-11-30,106.150002,106.760002,106.150002,106.699997,63.872688,384600
2007-12-03,106.699997,106.970001,106.370003,106.629997,64.086067,144800
2007-12-04,106.820000,106.889999,106.059998,106.440002,63.971825,243100
2007-12-05,105.949997,106.050003,105.269997,105.309998,63.292721,283900
2007-12-06,105.430000,105.449997,104.900002,104.989998,63.100384,527800
2007-12-07,104.889999,104.919998,104.260002,104.449997,62.775829,335000
2007-12-10,104.449997,104.500000,103.989998,104.309998,62.691685,147900
2007-12-11,104.699997,105.470001,104.459999,105.449997,63.376873,288800
2007-12-12,104.610001,105.370003,104.349998,105.040001,63.130444,254300
2007-12-13,104.820000,104.919998,104.360001,104.400002,62.745773,207800
2007-12-14,104.610001,104.610001,104.199997,104.330002,62.703724,329200
2007-12-17,104.519997,105.089996,104.500000,105.089996,63.160450,209900
2007-12-18,105.150002,105.400002,104.959999,105.199997,63.226585,321100
2007-12-19,105.570000,105.980003,105.029999,105.860001,63.623291,363700
2007-12-20,105.779999,106.110001,105.589996,105.739998,63.551113,211800
2007-12-21,105.529999,105.580002,105.000000,105.099998,63.166489,271800
2007-12-24,104.720001,104.940002,104.589996,104.779999,62.974159,97300
2007-12-26,104.639999,104.970001,104.139999,104.320000,62.697697,192300
2007-12-27,104.370003,104.480003,104.010002,104.480003,63.115131,369900
2007-12-28,104.870003,105.279999,104.699997,105.110001,63.495682,314000
2007-12-31,105.459999,105.919998,105.320000,105.800003,63.912518,303700
2008-01-02,106.019997,106.709999,105.699997,106.639999,64.419960,379500
2008-01-03,106.449997,107.000000,106.269997,107.000000,64.637405,271200
2008-01-04,107.230003,107.230003,106.809998,106.970001,64.619263,344800
2008-01-07,107.019997,107.019997,106.680000,106.949997,64.607208,433400
2008-01-08,106.910004,107.150002,106.540001,107.029999,64.655540,358600
2008-01-09,107.070000,107.349998,106.910004,106.949997,64.607208,291100
2008-01-10,106.940002,107.029999,106.320000,106.470001,64.317253,265500
2008-01-11,106.680000,107.349998,106.639999,107.260002,64.794518,377100
2008-01-14,107.279999,107.720001,107.199997,107.709999,65.066292,400200
2008-01-15,108.050003,108.260002,107.800003,108.260002,65.398567,290700
2008-01-16,108.320000,108.320000,107.500000,107.620003,65.011932,443500
2008-01-17,107.669998,108.500000,107.570000,108.400002,65.483177,414500
2008-01-18,108.290001,108.529999,107.500000,108.500000,65.543579,508800
2008-01-22,109.330002,109.339996,108.500000,109.320000,66.038895,628900
2008-01-23,110.529999,110.570000,108.809998,109.059998,65.881844,664200
2008-01-24,108.839996,108.860001,108.139999,108.320000,65.434845,358200
2008-01-25,108.040001,109.199997,108.000000,109.199997,65.966393,338400
2008-01-28,108.980003,109.309998,108.779999,109.070000,65.887901,439100
2008-01-29,108.959999,109.089996,108.559998,109.029999,65.863747,322600
2008-01-30,108.910004,110.000000,108.510002,109.050003,65.875793,550600
2008-01-31,109.660004,109.839996,109.389999,109.580002,66.195976,729700
2008-02-01,109.410004,109.489998,108.900002,109.080002,66.232971,384200
2008-02-04,108.529999,108.650002,108.320000,108.449997,65.850479,544600
2008-02-05,109.080002,109.220001,108.669998,108.970001,66.166206,1598100
2008-02-06,108.730003,108.910004,108.440002,108.839996,66.087273,519000
2008-02-07,108.739998,108.809998,107.349998,107.540001,65.297966,603000
2008-02-08,108.129997,108.680000,108.019997,108.620003,65.953697,306900
2008-02-11,108.870003,109.160004,108.690002,108.900002,66.123764,319900
2008-02-12,108.440002,108.750000,108.169998,108.699997,66.002251,380400
2008-02-13,108.330002,108.540001,107.629997,107.709999,65.401146,610800
2008-02-14,107.430000,107.489998,106.690002,106.989998,64.963951,414000
2008-02-15,107.470001,107.669998,107.260002,107.529999,65.291855,281400
2008-02-19,107.300003,107.510002,106.709999,106.910004,64.915390,505900
2008-02-20,107.040001,107.400002,106.919998,107.269997,65.133949,972300
2008-02-21,107.720001,108.070000,107.419998,107.940002,65.540817,554800
2008-02-22,107.910004,108.230003,107.540001,107.639999,65.358658,883800
2008-02-25,107.620003,107.830002,107.099998,107.099998,65.030746,420600
2008-02-26,107.540001,107.889999,107.349998,107.809998,65.461884,603700
2008-02-27,108.199997,108.279999,107.449997,107.989998,65.571167,570800
2008-02-28,109.120003,109.470001,108.779999,109.419998,66.439415,525800
2008-02-29,109.980003,110.580002,109.820000,110.570000,67.137711,720300
2008-03-03,110.190002,110.260002,109.660004,110.010002,67.110909,1382900
2008-03-04,110.099998,110.480003,109.570000,109.760002,66.958359,1354000
2008-03-05,110.389999,110.389999,109.430000,109.690002,66.915695,450600
2008-03-06,110.230003,110.570000,109.959999,110.279999,67.275589,439000
2008-03-07,111.099998,111.160004,110.080002,110.690002,67.525688,613800
2008-03-10,111.059998,111.809998,110.910004,111.519997,68.032074,721400
2008-03-11,111.000000,111.059998,110.180000,110.440002,67.373199,853700
2008-03-12,110.680000,111.559998,110.440002,111.500000,68.019821,648800
2008-03-13,112.110001,112.110001,110.529999,110.779999,67.580627,888800
2008-03-14,110.790001,111.889999,110.349998,111.029999,67.733131,664800
2008-03-17,111.010002,111.120003,109.720001,109.839996,67.007164,788600
2008-03-18,110.050003,110.739998,109.669998,109.720001,66.933983,661700
2008-03-19,109.330002,110.309998,109.129997,110.180000,67.214622,723700
2008-03-20,110.029999,110.629997,109.959999,110.419998,67.360992,485900
2008-03-24,109.690002,109.690002,108.320000,108.470001,66.171402,804000
2008-03-25,108.470001,108.800003,108.190002,108.290001,66.061623,375700
2008-03-26,108.500000,108.699997,108.199997,108.610001,66.256874,672500
2008-03-27,108.610001,109.150002,108.550003,108.830002,66.391014,449500
2008-03-28,109.209999,109.669998,108.910004,109.639999,66.885155,214000
2008-03-31,109.889999,110.000000,109.650002,109.900002,67.043777,1296400
2008-04-01,108.919998,108.919998,108.099998,108.320000,66.462112,694200
2008-04-02,108.300003,108.620003,108.139999,108.320000,66.462112,422800
2008-04-03,108.620003,108.620003,108.080002,108.279999,66.827499,288300
2008-04-04,108.720001,109.000000,108.629997,108.900002,67.210175,391100
2008-04-07,108.610001,108.720001,108.139999,108.650002,67.055847,286100
2008-04-08,109.029999,109.040001,108.370003,108.459999,66.938568,320500
2008-04-09,108.620003,109.339996,108.510002,109.180000,67.382942,527000
2008-04-10,109.199997,109.419998,108.480003,108.709999,67.092857,753300
2008-04-11,109.349998,109.620003,109.230003,109.519997,67.592766,831200
2008-04-14,109.410004,109.580002,109.120003,109.180000,67.382942,479400
2008-04-15,109.010002,109.230003,108.739998,108.779999,67.136070,341600
2008-04-16,108.669998,108.790001,107.750000,108.110001,66.722565,575200
2008-04-17,108.120003,108.139999,107.459999,107.660004,66.444809,429400
2008-04-18,107.010002,107.629997,106.690002,107.559998,66.383141,650200
2008-04-21,107.349998,107.739998,107.220001,107.599998,66.407822,578300
2008-04-22,107.500000,107.949997,107.400002,107.870003,66.574448,704900
2008-04-23,107.699997,107.750000,107.250000,107.540001,66.370781,347000
2008-04-24,106.870003,106.970001,106.320000,106.570000,65.772110,443600
2008-04-25,106.449997,106.650002,106.250000,106.419998,65.679581,464500
2008-04-28,106.379997,106.709999,106.250000,106.599998,65.790634,389600
2008-04-29,106.760002,106.959999,106.519997,106.610001,65.796799,366500
2008-04-30,106.769997,107.129997,106.250000,107.110001,66.105415,353400
2008-05-01,107.110001,107.129997,106.400002,106.589996,66.058273,733100
2008-05-02,106.250000,106.669998,106.139999,106.320000,65.890976,614700
2008-05-05,106.540001,106.760002,106.199997,106.570000,66.045921,419800
2008-05-06,106.889999,107.029999,106.349998,106.489998,65.996353,300100
2008-05-07,106.360001,106.790001,106.169998,106.750000,66.157455,449800
2008-05-08,106.989998,107.540001,106.860001,107.540001,66.647072,384700
2008-05-09,108.070000,108.099998,107.639999,107.830002,66.826775,693600
2008-05-12,107.879997,108.199997,107.639999,107.660004,66.721375,544000
2008-05-13,107.199997,107.260002,106.769997,106.849998,66.219460,385500
2008-05-14,107.320000,107.389999,106.650002,106.949997,66.281349,342800
2008-05-15,107.089996,107.720001,107.010002,107.720001,66.758598,286400
2008-05-16,107.500000,108.379997,107.500000,107.720001,66.758598,751400
2008-05-19,107.980003,108.180000,107.580002,108.059998,66.969315,291800
2008-05-20,108.519997,108.769997,108.339996,108.709999,67.372147,584000
2008-05-21,108.419998,109.059998,108.360001,108.830002,67.446503,451600
2008-05-22,108.550003,108.550003,107.690002,108.070000,66.975510,412800
2008-05-23,108.529999,108.599998,108.239998,108.489998,67.235832,409000
2008-05-27,108.150002,108.150002,107.559998,107.739998,66.770981,529000
2008-05-28,107.129997,107.160004,106.610001,106.769997,66.169838,492200
2008-05-29,106.540001,106.540001,105.860001,106.360001,65.915741,445800
2008-05-30,106.830002,106.870003,106.599998,106.779999,66.176041,960100
2008-06-02,106.029999,106.500000,105.800003,106.309998,66.398399,460700
2008-06-03,106.099998,106.680000,105.820000,106.309998,66.398399,398200
2008-06-04,106.599998,106.599998,105.559998,105.760002,66.054886,364300
2008-06-05,105.500000,105.750000,105.309998,105.430000,65.848770,548700
2008-06-06,106.010002,106.800003,105.830002,106.720001,66.654465,588500
2008-06-09,106.269997,106.660004,106.000000,106.160004,66.304703,323100
2008-06-10,106.070000,106.180000,105.400002,105.589996,65.948708,482500
2008-06-11,105.849998,106.269997,105.550003,105.790001,66.073608,337000
2008-06-12,105.190002,105.239998,104.739998,104.800003,65.455292,463900
2008-06-13,105.000000,105.500000,104.669998,104.790001,65.449074,379700
2008-06-16,105.070000,105.320000,104.730003,105.050003,65.611427,884600
2008-06-17,105.269997,105.500000,105.110001,105.349998,65.798813,366400
2008-06-18,105.500000,105.940002,105.370003,105.919998,66.154808,387600
2008-06-19,105.599998,105.849998,105.199997,105.260002,65.742622,265300
2008-06-20,105.889999,106.000000,105.470001,105.599998,65.954941,331800
2008-06-23,105.730003,105.919998,105.440002,105.599998,65.954941,266900
2008-06-24,105.949997,106.349998,105.790001,106.239998,66.354683,354000
2008-06-25,106.379997,106.389999,105.620003,106.320000,66.404617,473500
2008-06-26,106.860001,107.400002,106.580002,107.239998,66.979233,490700
2008-06-27,107.820000,108.080002,107.449997,107.750000,67.297737,1065100
2008-06-30,107.930000,108.199997,107.650002,107.849998,67.360260,739400
2008-07-01,107.849998,107.849998,107.029999,107.150002,67.377228,678000
2008-07-02,107.559998,107.860001,107.239998,107.820000,67.798531,388200
2008-07-03,107.910004,108.150002,107.500000,108.099998,67.974586,429100
2008-07-07,108.099998,108.489998,107.540001,108.050003,67.943130,576600
2008-07-08,107.589996,108.040001,107.250000,107.970001,67.892792,633400
2008-07-09,108.180000,108.599998,107.889999,108.599998,68.288963,726400
2008-07-10,108.459999,108.610001,108.019997,108.589996,68.282700,363700
2008-07-11,108.900002,108.940002,107.480003,107.610001,67.666496,467300
2008-07-14,108.070000,108.500000,107.739998,108.410004,68.169525,546100
2008-07-15,108.680000,109.169998,108.300003,108.339996,68.125504,644900
2008-07-16,108.519997,108.559998,107.730003,107.790001,67.779678,696100
2008-07-17,107.860001,107.980003,106.900002,107.089996,67.339500,593700
2008-07-18,107.250000,107.379997,106.510002,106.599998,67.031372,497600
2008-07-21,106.650002,106.699997,106.199997,106.620003,67.043968,362700
2008-07-22,106.620003,106.680000,105.889999,106.110001,66.723259,446100
2008-07-23,105.790001,105.889999,105.160004,105.389999,66.270538,675000
2008-07-24,105.550003,106.239998,105.510002,106.139999,66.742088,522900
2008-07-25,105.970001,106.029999,105.410004,105.410004,66.283119,439900
2008-07-28,106.250000,106.550003,106.000000,106.309998,66.849030,661100
2008-07-29,106.029999,106.150002,105.500000,105.589996,66.396271,426600
2008-07-30,105.519997,106.269997,105.250000,106.029999,66.672935,448900
2008-07-31,106.589996,106.739998,106.339996,106.470001,66.949638,590400
2008-08-01,105.400002,106.000000,105.209999,105.949997,67.212227,895900
2008-08-04,105.769997,106.080002,105.599998,105.650002,67.021988,407200
2008-08-05,105.690002,105.690002,105.000000,105.080002,66.660355,584500
2008-08-06,104.980003,104.980003,104.260002,104.809998,66.489098,617600
2008-08-07,105.339996,105.980003,105.169998,105.889999,67.174179,337700
2008-08-08,106.000000,106.089996,105.400002,105.750000,67.085365,420900
2008-08-11,105.680000,105.680000,104.500000,104.800003,66.482712,601200
2008-08-12,105.139999,105.500000,105.139999,105.290001,66.793549,401100
2008-08-13,105.589996,105.779999,105.160004,105.279999,66.787201,365000
2008-08-14,105.900002,106.000000,105.660004,105.820000,67.129807,344300
2008-08-15,106.139999,106.199997,105.949997,106.080002,67.294701,354700
2008-08-18,106.070000,106.300003,106.029999,106.180000,67.358154,386800
2008-08-19,106.379997,106.400002,105.980003,106.070000,67.288383,515800
2008-08-20,106.440002,106.730003,106.330002,106.510002,67.567505,464600
2008-08-21,107.000000,107.000000,106.349998,106.690002,67.681702,421400
2008-08-22,106.650002,106.650002,106.139999,106.279999,67.421585,485000
2008-08-25,106.940002,106.940002,106.599998,106.680000,67.675316,345700
2008-08-26,106.620003,106.720001,106.449997,106.720001,67.700722,497800
2008-08-27,106.500000,107.010002,106.349998,107.000000,67.878380,318500
2008-08-28,106.839996,106.839996,106.449997,106.669998,67.669022,478000
2008-08-29,106.599998,106.720001,106.230003,106.360001,67.472343,306000
2008-09-02,105.139999,105.489998,104.389999,105.489998,67.437233,449100
2008-09-03,105.220001,105.360001,105.019997,105.309998,67.322105,484300
2008-09-04,105.470001,105.510002,105.050003,105.150002,67.219788,444800
2008-09-05,105.459999,105.610001,104.949997,105.180000,67.239021,426200
2008-09-08,105.239998,105.589996,104.860001,105.589996,67.501106,298900
2008-09-09,105.300003,105.820000,105.040001,105.769997,67.616211,509900
2008-09-10,105.370003,105.839996,105.150002,105.720001,67.584229,568700
2008-09-11,106.080002,106.220001,105.650002,105.800003,67.635391,574200
2008-09-12,105.779999,105.900002,104.870003,105.050003,67.155914,525200
2008-09-15,105.510002,105.860001,105.059998,105.669998,67.552216,928100
2008-09-16,106.320000,106.589996,104.500000,104.620003,66.881027,851400
2008-09-17,105.290001,105.650002,104.519997,105.000000,67.123909,1120800
2008-09-18,104.849998,104.940002,103.250000,103.610001,66.235352,825400
2008-09-19,103.180000,104.419998,102.250000,104.139999,66.574165,1403200
2008-09-22,105.220001,105.220001,103.650002,104.500000,66.804321,1033000
2008-09-23,104.500000,104.500000,102.900002,103.430000,66.120262,815700
2008-09-24,103.790001,104.000000,102.800003,102.919998,65.794250,768800
2008-09-25,103.000000,103.260002,102.500000,102.879997,65.768631,706300
2008-09-26,102.900002,103.050003,102.510002,102.660004,65.628067,484800
2008-09-29,102.870003,104.809998,102.510002,103.070000,65.890137,621800
2008-09-30,103.400002,103.750000,101.230003,101.300003,64.758583,946900
2008-10-01,101.500000,101.930000,100.779999,101.830002,65.615601,557100
2008-10-02,102.180000,102.180000,101.550003,101.620003,65.480347,459800
2008-10-03,101.800003,102.160004,101.129997,101.860001,65.634979,375800
2008-10-06,101.699997,102.599998,101.459999,101.779999,65.583397,865400
2008-10-07,101.050003,101.290001,100.500000,100.910004,65.022835,820400
2008-10-08,100.239998,100.500000,96.199997,97.930000,63.102634,1954700
2008-10-09,97.639999,97.930000,96.699997,97.339996,62.722378,967900
2008-10-10,94.989998,95.639999,84.139999,95.379997,61.459469,1831500
2008-10-13,95.000000,95.379997,91.360001,94.000000,60.570267,1030300
2008-10-14,94.989998,96.279999,94.129997,96.150002,61.955639,796100
2008-10-15,95.980003,96.870003,95.559998,96.480003,62.168262,613700
2008-10-16,96.430000,96.599998,95.489998,95.860001,61.768780,594300
2008-10-17,95.419998,95.849998,94.769997,95.470001,61.517483,591900
2008-10-20,95.989998,97.180000,95.510002,96.779999,62.361622,700700
2008-10-21,97.650002,97.790001,96.930000,96.930000,62.458229,696200
2008-10-22,97.150002,98.400002,96.849998,97.650002,62.922142,1455200
2008-10-23,98.129997,98.129997,96.599998,96.660004,62.284286,615200
2008-10-24,96.660004,96.839996,94.050003,94.349998,60.795765,809600
2008-10-27,94.110001,94.330002,93.290001,93.349998,60.151424,853800
2008-10-28,93.669998,93.750000,92.790001,92.790001,59.790585,748200
2008-10-29,93.699997,94.290001,93.040001,93.400002,60.183636,987000
2008-10-30,93.739998,94.150002,92.879997,92.879997,59.848583,1130700
2008-10-31,93.790001,93.790001,92.050003,92.370003,59.519894,1406600
2008-11-03,92.809998,93.300003,92.370003,93.150002,60.022560,1223300
2008-11-04,93.750000,94.720001,93.199997,94.589996,60.950451,898200
2008-11-05,94.720001,95.400002,94.599998,95.260002,61.382187,883900
2008-11-06,94.900002,95.459999,94.720001,94.860001,61.124413,540400
2008-11-07,94.790001,94.790001,94.250000,94.449997,60.860222,576100
2008-11-10,94.500000,95.019997,94.019997,94.779999,61.072895,523400
2008-11-11,95.199997,95.970001,94.820000,95.000000,61.214645,394300
2008-11-12,95.000000,95.739998,94.989998,95.150002,61.311275,516700
2008-11-13,95.150002,95.199997,94.260002,94.559998,60.931072,976500
2008-11-14,94.550003,95.599998,94.550003,95.519997,61.549759,633700
2008-11-17,95.269997,96.089996,95.000000,95.610001,61.607681,601600
2008-11-18,95.160004,95.639999,94.639999,94.639999,60.982643,521800
2008-11-19,95.000000,95.389999,94.250000,94.620003,60.969769,672700
2008-11-20,94.470001,95.230003,93.050003,93.480003,60.235188,896600
2008-11-21,92.870003,93.080002,91.949997,92.529999,59.623051,1039500
2008-11-24,92.500000,92.529999,90.650002,90.730003,58.463184,1006000
2008-11-25,91.610001,92.480003,91.250000,92.389999,59.532818,773100
2008-11-26,92.830002,92.949997,92.379997,92.889999,59.855019,710200
2008-11-28,92.919998,93.500000,92.260002,93.180000,60.041866,353200
2008-12-01,93.739998,95.080002,93.379997,95.050003,61.246841,605900
2008-12-02,95.290001,96.220001,94.529999,95.889999,61.788097,771300
2008-12-03,96.150002,97.250000,95.500000,97.160004,62.606480,662900
2008-12-04,97.099998,97.930000,96.910004,97.930000,63.102634,606700
2008-12-05,97.930000,97.989998,96.370003,97.250000,62.664433,721300
2008-12-08,96.970001,97.099998,96.000000,96.000000,61.858955,660200
2008-12-09,96.040001,96.779999,95.809998,96.570000,62.226265,799000
2008-12-10,96.070000,96.440002,95.500000,95.940002,61.820332,562600
2008-12-11,96.650002,97.040001,95.959999,97.000000,62.503345,687100
2008-12-12,96.660004,96.830002,95.589996,96.610001,62.252029,616100
2008-12-15,96.360001,96.839996,96.000000,96.199997,61.987816,535500
2008-12-16,96.000000,99.370003,96.000000,99.290001,63.978962,927300
2008-12-17,99.980003,101.250000,99.720001,101.190002,65.203239,986900
2008-12-18,101.309998,102.199997,101.010002,101.750000,65.564064,772000
2008-12-19,101.629997,101.720001,99.750000,100.010002,64.442879,681400
2008-12-22,100.339996,101.120003,100.330002,100.730003,64.906815,546500
2008-12-23,100.290001,101.190002,99.849998,100.480003,64.745743,659000
2008-12-24,100.410004,101.309998,100.379997,100.500000,64.758583,494900
2008-12-26,100.730003,100.989998,100.529999,100.730003,64.906815,291300
2008-12-29,100.839996,100.900002,100.260002,100.400002,64.694176,802200
2008-12-30,100.410004,100.660004,98.230003,98.940002,63.753441,786100
2008-12-31,99.029999,99.480003,98.290001,99.239998,63.946720,690000
2009-01-02,99.440002,99.440002,97.230003,97.379997,62.748177,525200
2009-01-05,97.330002,97.779999,96.870003,97.019997,62.516247,834100
2009-01-06,97.050003,98.220001,96.660004,97.739998,62.980171,997200
2009-01-07,97.900002,98.180000,97.360001,97.860001,63.057499,875000
2009-01-08,98.120003,98.680000,98.000000,98.639999,63.560059,564400
2009-01-09,98.620003,99.830002,98.620003,99.510002,64.120728,556600
2009-01-12,99.500000,100.070000,98.510002,100.010002,64.442879,840100
2009-01-13,100.180000,100.870003,99.949997,99.989998,64.429993,750300
2009-01-14,100.019997,100.820000,100.019997,100.110001,64.507294,645400
2009-01-15,100.150002,100.419998,99.839996,100.110001,64.507294,1478300
2009-01-16,98.769997,99.800003,98.769997,99.699997,64.243141,653900
2009-01-20,99.000000,99.910004,98.660004,99.639999,64.204468,953000
2009-01-21,99.029999,99.080002,98.050003,98.120003,63.224987,1017900
2009-01-22,98.120003,98.500000,98.000000,98.290001,63.334568,974200
2009-01-23,98.279999,98.650002,97.930000,98.650002,63.566574,871000
2009-01-26,98.720001,98.720001,97.989998,98.320000,63.353920,799700
2009-01-27,98.800003,99.650002,98.400002,99.169998,63.901661,840600
2009-01-28,99.599998,99.809998,98.750000,99.230003,63.940296,956200
2009-01-29,99.599998,99.639999,98.519997,98.739998,63.624550,1151600
2009-01-30,99.180000,99.379997,98.849998,99.199997,63.920994,986700
2009-02-02,99.480003,99.739998,98.699997,99.559998,64.152954,1078100
2009-02-03,99.279999,99.279999,98.839996,99.199997,63.920994,1570800
2009-02-04,99.110001,99.220001,98.760002,99.000000,63.792065,1455800
2009-02-05,99.290001,99.290001,98.669998,98.889999,63.721180,1570800
2009-02-06,98.870003,99.470001,98.660004,99.459999,64.088531,1401200
2009-02-09,99.480003,100.610001,99.300003,100.500000,64.758583,1480500
2009-02-10,100.500000,101.000000,100.160004,100.959999,65.055008,1588900
2009-02-11,101.019997,101.029999,100.320000,100.690002,64.881058,908400
2009-02-12,100.800003,100.800003,99.839996,100.330002,64.649071,1083200
2009-02-13,100.449997,100.449997,99.610001,99.910004,64.378441,985800
2009-02-17,100.519997,100.750000,100.099998,100.519997,64.771507,1384700
2009-02-18,100.150002,100.529999,99.769997,99.889999,64.365562,1140500
2009-02-19,99.940002,100.129997,99.400002,99.610001,64.185150,1193000
2009-02-20,100.589996,100.680000,99.610001,99.959999,64.410675,1499800
2009-02-23,99.680000,100.389999,99.400002,99.860001,64.346260,1151900
2009-02-24,99.980003,100.129997,98.949997,99.000000,63.792065,1089100
2009-02-25,99.139999,99.629997,98.320000,98.410004,63.411888,1024300
2009-02-26,98.480003,98.480003,97.290001,97.620003,62.902870,1020500
2009-02-27,97.349998,98.000000,97.019997,97.019997,62.516247,1155100
2009-03-02,97.309998,97.900002,97.309998,97.629997,62.909302,1033200
2009-03-03,97.660004,98.050003,97.279999,97.410004,62.767498,1079700
2009-03-04,97.250000,97.389999,96.949997,97.220001,62.645069,726800
2009-03-05,97.489998,98.150002,97.489998,98.120003,63.224987,904300
2009-03-06,97.860001,98.250000,97.290001,97.470001,62.806190,911500
2009-03-09,97.470001,97.629997,96.970001,97.099998,62.567799,714800
2009-03-10,97.050003,97.059998,96.349998,96.480003,62.168262,950200
2009-03-11,96.550003,97.379997,96.220001,96.959999,62.477554,1077500
2009-03-12,97.489998,98.489998,97.339996,98.430000,63.424812,734800
2009-03-13,98.440002,98.900002,98.260002,98.400002,63.405483,930700
2009-03-16,98.000000,98.580002,98.000000,98.300003,63.341038,715200
2009-03-17,98.540001,98.959999,98.150002,98.199997,63.276604,938500
2009-03-18,98.980003,101.980003,98.519997,101.830002,65.615601,1243100
2009-03-19,103.010002,103.010002,101.889999,102.300003,65.918442,1321200
2009-03-20,102.629997,102.870003,101.419998,101.790001,65.589844,1044000
2009-03-23,102.080002,102.260002,101.669998,101.769997,65.576988,1223800
2009-03-24,101.739998,102.839996,101.620003,102.349998,65.950714,1234000
2009-03-25,102.349998,102.419998,101.839996,102.199997,65.854050,1307300
2009-03-26,102.349998,103.480003,102.120003,103.339996,66.588623,1407100
2009-03-27,103.389999,103.529999,102.839996,103.080002,66.421082,1374900
2009-03-30,103.489998,103.650002,102.879997,103.269997,66.543533,1184000
2009-03-31,103.239998,103.290001,102.620003,102.750000,66.208450,1144600
2009-04-01,102.820000,102.849998,102.449997,102.639999,66.444092,872600
2009-04-02,102.529999,102.650002,101.790001,102.010002,66.036232,1060200
2009-04-03,101.910004,101.940002,101.019997,101.339996,65.602486,974700
2009-04-06,101.610001,101.610001,101.000000,101.260002,65.550751,962700
2009-04-07,101.370003,101.370003,100.879997,101.120003,65.460136,1054200
2009-04-08,101.150002,101.620003,101.139999,101.620003,65.783791,861700
2009-04-09,101.300003,101.430000,100.919998,101.309998,65.583099,1614000
2009-04-13,101.489998,101.769997,101.419998,101.769997,65.880905,950000
2009-04-14,101.779999,101.849998,101.610001,101.820000,65.913246,885800
2009-04-15,101.699997,102.040001,101.400002,101.879997,65.952110,872800
2009-04-16,101.760002,102.160004,101.330002,101.500000,65.706093,996800
2009-04-17,101.269997,102.849998,100.449997,100.500000,65.058754,1072600
2009-04-20,101.070000,101.070000,100.500000,100.589996,65.116974,936400
2009-04-21,100.980003,101.080002,100.220001,100.250000,64.896919,1267700
2009-04-22,100.540001,100.639999,100.059998,100.500000,65.058754,1271100
2009-04-23,100.500000,101.230003,100.260002,101.029999,65.401779,1006700
2009-04-24,100.889999,101.339996,100.889999,101.250000,65.544258,613000
2009-04-27,101.320000,101.669998,100.970001,101.349998,65.608994,974900
2009-04-28,101.699997,101.800003,101.010002,101.349998,65.608994,919700
2009-04-29,101.589996,101.739998,100.820000,100.930000,65.337082,1113100
2009-04-30,100.599998,101.279999,100.000000,100.440002,65.019920,1489200
2009-05-01,99.480003,99.489998,98.639999,98.849998,64.390007,1985300
2009-05-04,98.900002,99.430000,98.900002,99.029999,64.507271,1559700
2009-05-05,99.389999,99.400002,98.900002,99.059998,64.526817,1440000
2009-05-06,99.180000,99.879997,99.000000,99.459999,64.787392,993600
2009-05-07,99.500000,99.940002,99.459999,99.559998,64.852516,1137200
2009-05-08,99.680000,99.839996,99.449997,99.599998,64.878571,1395900
2009-05-11,99.900002,100.269997,99.709999,100.099998,65.204216,978400
2009-05-12,100.230003,100.570000,100.059998,100.410004,65.406174,1013900
2009-05-13,100.739998,100.800003,100.389999,100.389999,65.393166,1209400
2009-05-14,100.500000,100.949997,100.480003,100.949997,65.757965,1748100
2009-05-15,100.949997,101.230003,100.550003,101.160004,65.894707,1109800
2009-05-18,101.419998,101.480003,100.910004,101.129997,65.875183,803300
2009-05-19,101.120003,101.419998,100.970001,101.330002,66.005478,1149400
2009-05-20,101.190002,102.070000,101.190002,101.870003,66.357155,1362600
2009-05-21,101.989998,102.089996,100.690002,100.870003,65.705803,1567000
2009-05-22,100.919998,101.269997,100.660004,101.050003,65.823044,898700
2009-05-26,100.989998,101.260002,100.620003,100.620003,65.542992,924700
2009-05-27,101.040001,101.129997,100.180000,100.389999,65.393166,1646500
2009-05-28,100.900002,100.989998,99.620003,100.500000,65.464790,1202500
2009-05-29,100.540001,101.879997,100.470001,101.809998,66.318108,1078300
2009-06-01,100.949997,101.129997,100.410004,100.629997,65.789238,1303300
2009-06-02,101.059998,101.489998,100.690002,101.349998,66.259995,1682200
2009-06-03,101.540001,101.730003,101.040001,101.309998,66.233772,1597400
2009-06-04,100.949997,101.019997,100.150002,100.290001,65.566902,1770100
2009-06-05,99.940002,100.349998,99.769997,99.900002,65.311943,1536700
2009-06-08,100.169998,100.169998,99.309998,99.510002,65.056999,1289900
2009-06-09,99.870003,100.300003,99.690002,100.180000,65.495049,1370300
2009-06-10,100.150002,100.449997,99.809998,100.230003,65.527679,1315000
2009-06-11,100.110001,100.769997,99.889999,100.419998,65.651939,1684700
2009-06-12,100.440002,100.769997,100.129997,100.230003,65.527679,1460800
2009-06-15,100.540001,100.690002,100.050003,100.120003,65.455780,1018000
2009-06-16,100.260002,100.550003,100.029999,100.449997,65.671539,1098000
2009-06-17,100.220001,100.500000,99.739998,99.790001,65.240059,1211300
2009-06-18,99.650002,99.690002,99.339996,99.540001,65.076607,1330700
2009-06-19,99.550003,100.300003,99.459999,100.169998,65.488503,900000
2009-06-22,100.290001,100.459999,99.910004,100.339996,65.599609,1060100
2009-06-23,100.500000,100.989998,100.400002,100.830002,65.919983,1135900
2009-06-24,100.739998,101.110001,100.209999,100.309998,65.580009,1158000
2009-06-25,100.599998,101.250000,100.389999,100.889999,65.959190,1183800
2009-06-26,100.949997,100.980003,100.650002,100.889999,65.959190,752600
2009-06-29,100.919998,101.230003,100.750000,100.959999,66.004936,921800
2009-06-30,101.120003,101.750000,100.900002,101.639999,66.449532,1010200
2009-07-01,100.989998,101.279999,100.800003,101.040001,66.311066,929800
2009-07-02,100.900002,101.230003,100.680000,100.790001,66.147011,711000
2009-07-06,100.349998,100.650002,100.199997,100.550003,65.989479,613700
2009-07-07,100.459999,100.860001,100.419998,100.709999,66.094513,801500
2009-07-08,100.919998,101.230003,100.660004,101.070000,66.330772,752500
2009-07-09,100.599998,100.750000,99.860001,100.250000,65.792587,956600
2009-07-10,100.599998,100.849998,100.260002,100.650002,66.055115,527000
2009-07-13,100.779999,100.779999,100.160004,100.239998,65.786003,580300
2009-07-14,100.239998,100.470001,100.000000,100.160004,65.733574,974100
2009-07-15,100.169998,100.389999,99.870003,99.889999,65.556343,1032100
2009-07-16,100.349998,100.699997,100.290001,100.510002,65.963219,785800
2009-07-17,100.220001,100.620003,100.160004,100.470001,65.937004,1232700
2009-07-20,100.389999,101.250000,100.389999,101.050003,66.317627,862100
2009-07-21,100.820000,101.489998,100.660004,101.279999,66.468567,916800
2009-07-22,101.120003,101.160004,100.709999,101.010002,66.291397,760800
2009-07-23,101.089996,101.099998,100.349998,100.519997,65.969788,1258100
2009-07-24,100.589996,100.660004,100.370003,100.570000,66.002617,745700
2009-07-27,100.199997,100.449997,100.029999,100.379997,65.877937,839300
2009-07-28,100.440002,100.769997,100.029999,100.290001,65.818794,1205900
2009-07-29,100.459999,100.699997,99.980003,100.239998,65.786003,1336200
2009-07-30,100.330002,100.879997,100.190002,100.809998,66.160118,1017200
2009-07-31,101.230003,101.500000,101.000000,101.339996,66.507950,1045700
2009-08-03,100.459999,100.550003,100.029999,100.389999,66.164558,1255700
2009-08-04,100.589996,100.629997,99.779999,100.029999,65.927338,1591300
2009-08-05,100.080002,100.800003,99.970001,100.110001,65.980019,1334000
2009-08-06,100.150002,100.279999,99.849998,99.949997,65.874527,1374900
2009-08-07,99.750000,100.120003,99.620003,100.080002,65.960251,1368300
2009-08-10,100.250000,100.650002,100.029999,100.269997,66.085480,929600
2009-08-11,100.739998,100.790001,100.349998,100.709999,66.375473,957200
2009-08-12,100.849998,100.849998,100.000000,100.320000,66.118408,1126600
2009-08-13,100.440002,100.800003,100.180000,100.650002,66.335922,1304500
2009-08-14,100.809998,101.099998,100.389999,100.540001,66.263420,923000
2009-08-17,100.930000,101.000000,100.650002,100.900002,66.500732,1345900
2009-08-18,100.870003,101.250000,100.779999,101.120003,66.645729,2119900
2009-08-19,101.330002,101.739998,101.250000,101.629997,66.981850,790300
2009-08-20,101.860001,102.349998,101.599998,102.239998,67.383827,910200
2009-08-21,102.400002,102.470001,101.660004,101.830002,67.113602,1386900
2009-08-24,101.650002,102.269997,101.529999,102.190002,67.350945,1118400
2009-08-25,102.000000,102.050003,101.510002,101.889999,67.153191,1152100
2009-08-26,102.000000,102.190002,101.800003,102.180000,67.344307,908700
2009-08-27,102.089996,102.400002,101.709999,101.809998,67.100456,1320700
2009-08-28,101.730003,102.150002,101.599998,101.849998,67.126823,945800
2009-08-31,101.849998,102.019997,101.570000,101.760002,67.067474,909500
2009-09-01,100.779999,101.160004,100.500000,100.980003,67.160614,1290100
2009-09-02,101.019997,101.250000,100.800003,101.139999,67.267075,814500
2009-09-03,101.129997,101.570000,100.949997,101.269997,67.353485,941000
2009-09-04,101.500000,101.660004,101.120003,101.250000,67.340164,757900
2009-09-08,101.839996,102.000000,101.430000,101.459999,67.479904,969100
2009-09-09,101.570000,101.830002,101.360001,101.779999,67.692688,1411800
2009-09-10,102.000000,102.250000,101.790001,102.019997,67.852318,1169600
2009-09-11,102.389999,102.620003,102.040001,102.250000,68.005310,1205100
2009-09-14,102.260002,102.449997,102.000000,102.019997,67.852318,1072400
2009-09-15,102.000000,102.199997,101.879997,102.080002,67.892227,1452300
2009-09-16,102.260002,102.300003,101.699997,102.279999,68.025223,1647100
2009-09-17,102.230003,102.459999,101.910004,102.410004,68.111717,1506000
2009-09-18,102.110001,102.269997,101.809998,101.940002,67.799072,1840900
2009-09-21,101.989998,102.220001,101.589996,101.830002,67.725906,1865100
2009-09-22,101.900002,102.190002,101.839996,102.070000,67.885567,1734900
2009-09-23,101.980003,102.290001,101.699997,102.290001,68.031906,1619800
2009-09-24,102.389999,102.400002,102.089996,102.190002,67.965401,978800
2009-09-25,102.209999,102.449997,101.980003,102.339996,68.065155,1050000
2009-09-28,102.510002,102.650002,102.169998,102.550003,68.204765,996100
2009-09-29,102.360001,102.680000,102.260002,102.510002,68.178169,1298000
2009-09-30,102.529999,102.949997,102.470001,102.879997,68.424248,1653000
2009-10-01,103.059998,103.239998,102.849998,103.120003,68.615242,1462700
2009-10-02,103.370003,103.739998,102.879997,102.919998,68.482162,1332100
2009-10-05,103.169998,103.169998,102.739998,102.980003,68.522095,876200
2009-10-06,103.059998,103.099998,102.750000,102.970001,68.515427,1047800
2009-10-07,103.199997,103.500000,103.099998,103.419998,68.814865,1503300
2009-10-08,103.570000,103.629997,103.029999,103.320000,68.748291,1296400
2009-10-09,103.089996,103.190002,102.519997,102.790001,68.395683,1079600
2009-10-12,102.830002,103.150002,102.529999,103.040001,68.561996,765500
2009-10-13,103.300003,103.629997,103.209999,103.620003,68.947998,911700
2009-10-14,103.279999,103.500000,103.029999,103.169998,68.648514,1227400
2009-10-15,103.089996,103.400002,102.910004,103.250000,68.701736,1477400
2009-10-16,103.449997,103.610001,103.260002,103.580002,68.921288,1075900
2009-10-19,103.639999,104.239998,103.480003,104.239998,69.360474,1447000
2009-10-20,104.790001,104.790001,104.230003,104.330002,69.420387,1179500
2009-10-21,104.029999,104.040001,103.639999,103.919998,69.147575,1099100
2009-10-22,103.440002,103.470001,103.180000,103.410004,68.808197,1172400
2009-10-23,103.239998,103.440002,103.089996,103.190002,68.661835,1089000
2009-10-26,102.919998,103.059998,102.559998,102.720001,68.349113,1354000
2009-10-27,102.889999,103.570000,102.879997,103.540001,68.894730,1041600
2009-10-28,103.650002,103.830002,103.449997,103.620003,68.947998,1270200
2009-10-29,103.410004,103.629997,103.000000,103.629997,68.954636,1153600
2009-10-30,103.889999,104.199997,103.669998,104.010002,69.207458,1792800
2009-11-02,103.839996,104.029999,103.500000,103.870003,69.342300,1208300
2009-11-03,103.959999,103.970001,103.449997,103.660004,69.202126,1119300
2009-11-04,103.570000,103.949997,103.529999,103.860001,69.335617,1245400
2009-11-05,103.910004,104.169998,103.889999,104.059998,69.469162,1058400
2009-11-06,104.239998,104.349998,103.830002,104.320000,69.642700,907900
2009-11-09,104.720001,104.919998,104.620003,104.860001,70.003212,1028600
2009-11-10,105.000000,105.120003,104.459999,104.680000,69.883064,1110200
2009-11-11,104.809998,105.239998,104.699997,105.059998,70.136734,743800
2009-11-12,104.610001,104.690002,103.870003,104.570000,69.809631,1259500
2009-11-13,104.650002,104.720001,104.029999,104.610001,69.836311,1063700
2009-11-16,104.949997,105.559998,104.860001,105.400002,70.363701,1094000
2009-11-17,105.260002,105.690002,105.120003,105.680000,70.550621,1156200
2009-11-18,105.910004,106.019997,105.500000,105.650002,70.530609,979600
2009-11-19,105.699997,105.949997,105.580002,105.660004,70.537315,991300
2009-11-20,105.720001,105.790001,105.440002,105.660004,70.537315,806900
2009-11-23,105.540001,105.830002,105.430000,105.750000,70.597404,1125200
2009-11-24,105.849998,105.970001,105.690002,105.860001,70.670822,1084600
2009-11-25,105.889999,106.320000,105.760002,106.279999,70.951202,920900
2009-11-27,106.400002,106.540001,106.129997,106.510002,71.104721,496300
2009-11-30,106.370003,106.580002,106.000000,106.570000,71.144783,1039100
2009-12-01,106.389999,106.440002,106.129997,106.180000,71.023087,1181200
2009-12-02,106.169998,106.379997,106.000000,106.070000,70.949486,1120400
2009-12-03,105.769997,105.820000,105.570000,105.720001,70.715393,1193300
2009-12-04,105.220001,105.250000,104.750000,104.860001,70.140068,1255700
2009-12-07,104.879997,105.050003,104.800003,105.029999,70.253792,835000
2009-12-08,105.220001,105.339996,104.870003,104.980003,70.220406,897400
2009-12-09,104.959999,105.050003,104.330002,104.519997,69.912643,1464300
2009-12-10,104.320000,104.360001,103.790001,104.180000,69.685295,1309600
2009-12-11,104.190002,104.290001,103.800003,104.220001,69.711990,884300
2009-12-14,104.419998,104.620003,104.339996,104.580002,69.952820,831200
2009-12-15,104.519997,104.739998,104.440002,104.570000,69.946129,1263500
2009-12-16,104.739998,105.070000,104.610001,104.750000,70.066544,1486900
2009-12-17,105.040001,105.320000,104.949997,105.199997,70.367561,998000
2009-12-18,105.110001,105.309998,104.870003,105.040001,70.260506,1029700
2009-12-21,104.809998,104.860001,104.430000,104.550003,69.932739,1060800
2009-12-22,104.489998,104.540001,104.000000,104.209999,69.705338,1861200
2009-12-23,104.379997,104.430000,104.010002,104.059998,69.605011,1245700
2009-12-24,104.010002,104.059998,103.779999,103.779999,69.417679,515400
2009-12-28,103.699997,103.900002,103.599998,103.750000,69.397644,1300000
2009-12-29,103.680000,103.900002,103.599998,103.830002,69.611504,1020100
2009-12-30,103.930000,104.059998,103.779999,103.989998,69.718788,1220500
2009-12-31,103.750000,103.940002,103.330002,103.900002,69.658455,812600
2010-01-04,103.989998,104.199997,103.779999,104.169998,69.839424,3583200
2010-01-05,104.370003,104.599998,104.290001,104.510002,70.067406,1738200
2010-01-06,104.540001,104.540001,104.050003,104.239998,69.886383,1233900
2010-01-07,104.269997,104.559998,104.250000,104.400002,69.993683,982100
2010-01-08,104.809998,104.820000,104.400002,104.620003,70.141190,866700
2010-01-11,104.620003,104.769997,104.339996,104.389999,69.986977,1076700
2010-01-12,104.779999,105.059998,104.760002,104.870003,70.308754,1073000
2010-01-13,104.669998,104.809998,104.300003,104.400002,69.993683,1187500
2010-01-14,104.629997,104.870003,104.519997,104.669998,70.174675,1495900
2010-01-15,105.019997,105.160004,104.900002,105.010002,70.402634,1254600
2010-01-19,104.919998,105.000000,104.769997,104.930000,70.348999,1649700
2010-01-20,105.150002,105.290001,104.959999,105.089996,70.456268,1020500
2010-01-21,105.040001,105.400002,104.989998,105.290001,70.590363,1013000
2010-01-22,105.120003,105.220001,104.870003,105.190002,70.523293,828000
2010-01-25,105.029999,105.190002,104.919998,104.919998,70.342293,1131500
2010-01-26,105.220001,105.239998,104.940002,105.239998,70.556831,1100400
2010-01-27,105.370003,105.470001,104.879997,104.959999,70.369125,1118900
2010-01-28,104.739998,105.169998,104.739998,105.099998,70.462967,894200
2010-01-29,105.070000,105.500000,104.989998,105.489998,70.724419,1402400
2010-02-01,105.160004,105.309998,104.900002,105.239998,70.696228,1088100
2010-02-02,105.349998,105.470001,105.269997,105.430000,70.823845,1267600
2010-02-03,105.180000,105.209999,104.989998,105.000000,70.535019,1286900
2010-02-04,105.110001,105.349998,105.050003,105.279999,70.723099,1045500
2010-02-05,105.260002,105.400002,104.940002,105.089996,70.595474,1490100
2010-02-08,104.949997,105.089996,104.839996,104.930000,70.487984,920700
2010-02-09,104.820000,105.010002,104.550003,104.570000,70.246147,1331400
2010-02-10,104.739998,104.800003,104.040001,104.260002,70.037895,1369100
2010-02-11,104.220001,104.239998,103.849998,104.010002,69.869957,1004600
2010-02-12,104.230003,104.279999,104.010002,104.010002,69.869957,1036600
2010-02-16,103.900002,104.410004,103.870003,104.309998,70.071457,1029800
2010-02-17,104.180000,104.470001,103.900002,104.110001,69.937088,1021700
2010-02-18,104.199997,104.220001,103.750000,104.019997,69.876633,1079000
2010-02-19,103.639999,103.860001,103.410004,103.839996,69.755768,1450000
2010-02-22,103.779999,103.820000,103.489998,103.580002,69.581131,1573700
2010-02-23,103.650002,104.000000,103.629997,103.900002,69.796074,2013600
2010-02-24,103.970001,104.089996,103.550003,103.699997,69.661713,1188600
2010-02-25,103.910004,103.919998,103.540001,103.699997,69.661713,1360100
2010-02-26,103.730003,104.040001,103.730003,103.910004,69.802811,956900
2010-03-01,103.989998,104.019997,103.820000,103.919998,69.812157,820400
2010-03-02,103.830002,104.059998,103.760002,104.000000,69.865898,1154700
2010-03-03,103.930000,104.089996,103.769997,103.959999,69.839035,965700
2010-03-04,103.980003,104.269997,103.919998,104.070000,69.912949,1317500
2010-03-05,104.000000,104.040001,103.650002,103.839996,69.758438,1359600
2010-03-08,103.790001,103.830002,103.709999,103.750000,69.697945,1150900
2010-03-09,104.000000,104.000000,103.739998,103.930000,69.818855,895500
2010-03-10,103.790001,103.900002,103.699997,103.820000,69.744995,845900
2010-03-11,103.800003,103.970001,103.680000,103.940002,69.825630,950600
2010-03-12,104.019997,104.330002,103.949997,104.209999,70.006981,908400
2010-03-15,104.209999,104.260002,104.000000,104.190002,69.993591,790000
2010-03-16,104.250000,104.639999,104.220001,104.580002,70.255600,834100
2010-03-17,104.570000,104.830002,104.529999,104.800003,70.403374,776100
2010-03-18,104.589996,104.720001,104.379997,104.379997,70.121231,809700
2010-03-19,104.180000,104.559998,104.180000,104.180000,69.986862,765400
2010-03-22,104.330002,104.430000,104.320000,104.419998,70.148079,758200
2010-03-23,104.360001,104.489998,104.279999,104.339996,70.094330,979300
2010-03-24,103.809998,103.919998,103.230003,103.500000,69.530037,2156500
2010-03-25,103.410004,103.550003,103.070000,103.360001,69.435944,1128300
2010-03-26,103.290001,103.629997,103.290001,103.489998,69.523308,1088000
2010-03-29,103.480003,103.550003,103.160004,103.360001,69.435944,848000
2010-03-30,103.209999,103.449997,103.110001,103.449997,69.496468,613900
2010-03-31,103.529999,103.910004,103.389999,103.900002,69.798744,1926900
2010-04-01,103.300003,103.440002,103.129997,103.440002,69.786575,1129100
2010-04-05,102.809998,102.900002,102.290001,102.709999,69.294121,1868700
2010-04-06,103.000000,103.129997,102.900002,103.120003,69.570702,1041600
2010-04-07,103.160004,103.940002,103.120003,103.849998,70.063202,1380900
2010-04-08,103.959999,104.040001,103.680000,103.750000,69.995720,1672700
2010-04-09,103.699997,103.940002,103.550003,103.860001,70.069992,679600
2010-04-12,104.019997,104.209999,103.959999,104.150002,70.265633,852400
2010-04-13,104.379997,104.389999,104.070000,104.239998,70.326355,674600
2010-04-14,104.230003,104.279999,103.980003,104.110001,70.238647,645600
2010-04-15,104.019997,104.489998,104.019997,104.410004,70.441010,946100
2010-04-16,104.570000,104.830002,104.389999,104.650002,70.602913,1131600
2010-04-19,104.620003,104.669998,104.360001,104.400002,70.434311,784800
2010-04-20,104.389999,104.650002,104.339996,104.650002,70.602913,669900
2010-04-21,104.769997,105.000000,104.699997,104.970001,70.818840,845300
2010-04-22,105.070000,105.099998,104.589996,104.669998,70.616425,1003700
2010-04-23,104.570000,104.750000,104.440002,104.680000,70.623199,907400
2010-04-26,104.919998,105.000000,104.599998,104.769997,70.683891,1125000
2010-04-27,105.089996,105.599998,104.970001,105.379997,71.095444,1136300
2010-04-28,105.160004,105.290001,104.949997,105.169998,70.953743,900300
2010-04-29,105.370003,105.809998,105.339996,105.720001,71.324806,829100
2010-04-30,105.870003,106.150002,105.750000,106.059998,71.554207,1329500
2010-05-03,105.779999,105.779999,105.610001,105.709999,71.427887,801400
2010-05-04,106.019997,106.099998,105.809998,105.870003,71.535965,2792800
2010-05-05,105.910004,106.250000,105.699997,105.919998,71.569710,1439000
2010-05-06,106.110001,107.660004,105.870003,106.400002,71.894104,1636600
2010-05-07,106.190002,106.900002,105.889999,106.169998,71.738647,1719000
2010-05-10,105.480003,106.040001,105.449997,105.870003,71.535965,888000
2010-05-11,106.110001,106.190002,105.820000,106.070000,71.671089,773200
2010-05-12,105.970001,106.239998,105.900002,106.199997,71.758934,993500
2010-05-13,106.480003,106.599998,105.980003,106.290001,71.819771,992100
2010-05-14,106.489998,106.879997,106.430000,106.599998,72.029243,1044200
2010-05-17,106.580002,106.800003,106.169998,106.230003,71.779221,1030400
2010-05-18,106.419998,106.940002,106.279999,106.779999,72.150848,815900
2010-05-19,106.639999,106.940002,105.970001,106.099998,71.691391,1757600
2010-05-20,105.510002,106.110001,105.099998,106.089996,71.684578,2042400
2010-05-21,106.070000,106.220001,105.519997,106.160004,71.731903,1557900
2010-05-24,106.150002,106.309998,105.930000,106.050003,71.657600,730500
2010-05-25,106.000000,106.150002,105.620003,105.699997,71.421104,928100
2010-05-26,105.760002,105.940002,105.540001,105.900002,71.556236,1010500
2010-05-27,105.610001,105.800003,105.370003,105.510002,71.292709,759600
2010-05-28,105.879997,106.150002,105.629997,106.099998,71.691391,548100
2010-06-01,105.769997,105.769997,105.199997,105.360001,71.556198,1168900
2010-06-02,105.480003,105.589996,105.120003,105.250000,71.481567,544700
2010-06-03,105.239998,105.540001,105.099998,105.300003,71.515488,625000
2010-06-04,105.809998,106.000000,105.599998,105.970001,71.970505,2220100
2010-06-07,105.839996,106.120003,105.709999,106.059998,72.031654,627000
2010-06-08,105.830002,106.000000,105.709999,105.790001,71.848282,818400
2010-06-09,105.510002,105.900002,105.510002,105.900002,71.922974,626800
2010-06-10,105.500000,105.629997,105.070000,105.120003,71.393234,1092400
2010-06-11,105.410004,105.750000,105.269997,105.730003,71.807510,592700
2010-06-14,105.339996,105.730003,105.150002,105.730003,71.807510,719000
2010-06-15,105.730003,105.820000,105.410004,105.589996,71.712410,637600
2010-06-16,105.750000,105.919998,105.650002,105.919998,71.936531,715200
2010-06-17,106.010002,106.500000,105.989998,106.430000,72.282906,754900
2010-06-18,106.370003,106.379997,106.169998,106.250000,72.160683,551000
2010-06-21,105.820000,106.370003,105.750000,106.309998,72.201447,816200
2010-06-22,106.349998,106.720001,106.220001,106.559998,72.371231,583600
2010-06-23,106.559998,106.730003,106.360001,106.580002,72.384766,602400
2010-06-24,106.589996,106.709999,106.250000,106.279999,72.181038,660700
2010-06-25,106.459999,106.709999,106.279999,106.650002,72.432358,503300
2010-06-28,106.839996,106.900002,106.629997,106.900002,72.602135,573200
2010-06-29,106.839996,107.000000,106.750000,106.989998,72.663300,612400
2010-06-30,106.930000,107.010002,106.769997,106.910004,72.608932,628200
2010-07-01,106.370003,106.610001,106.010002,106.019997,72.194237,790100
2010-07-02,105.809998,106.120003,105.769997,105.820000,72.058029,460100
2010-07-06,105.699997,105.980003,105.470001,105.940002,72.139755,736700
2010-07-07,105.809998,105.809998,105.459999,105.500000,71.840134,495800
2010-07-08,105.430000,105.800003,105.230003,105.660004,71.949066,517600
2010-07-09,105.519997,105.870003,105.510002,105.739998,72.003540,475200
2010-07-12,105.860001,105.970001,105.650002,105.669998,71.955887,507600
2010-07-13,105.739998,105.750000,105.510002,105.550003,71.874176,436000
2010-07-14,105.699997,106.059998,105.610001,105.849998,72.078430,622200
2010-07-15,106.110001,106.300003,105.919998,105.980003,72.167000,437100
2010-07-16,106.050003,106.139999,105.730003,105.730003,71.996750,438100
2010-07-19,105.610001,105.660004,105.279999,105.320000,71.717537,519300
2010-07-20,105.459999,105.589996,105.250000,105.440002,71.799240,484800
2010-07-21,105.480003,106.110001,105.480003,105.989998,72.173790,482400
2010-07-22,105.889999,106.000000,105.750000,105.889999,72.105659,482000
2010-07-23,105.870003,105.959999,105.449997,105.620003,71.921852,643400
2010-07-26,105.550003,105.680000,105.410004,105.660004,71.949066,529700
2010-07-27,105.510002,105.800003,105.500000,105.510002,71.846931,537600
2010-07-28,105.500000,105.900002,105.419998,105.860001,72.085251,440100
2010-07-29,105.669998,106.199997,105.669998,105.989998,72.173790,548700
2010-07-30,106.349998,106.480003,106.150002,106.370003,72.432571,1074200
2010-08-02,106.099998,106.449997,106.059998,106.370003,72.563515,900400
2010-08-03,106.489998,106.949997,106.440002,106.930000,72.945572,822600
2010-08-04,106.889999,106.889999,106.480003,106.570000,72.699951,1365600
2010-08-05,106.750000,107.000000,106.629997,106.959999,72.966026,699900
2010-08-06,107.250000,107.250000,106.970001,107.059998,73.034264,578400
2010-08-09,106.809998,107.029999,106.760002,107.010002,73.000092,534700
2010-08-10,107.070000,107.730003,106.889999,107.669998,73.450386,750200
2010-08-11,107.589996,107.800003,107.480003,107.660004,73.443520,790600
2010-08-12,107.760002,107.760002,106.849998,106.949997,72.959198,1197200
2010-08-13,106.889999,107.430000,106.889999,107.230003,73.150230,769500
2010-08-16,107.599998,107.790001,107.529999,107.580002,73.388939,602500
2010-08-17,107.639999,107.639999,107.250000,107.339996,73.225243,676400
2010-08-18,107.629997,107.669998,107.150002,107.279999,73.184303,668200
2010-08-19,107.110001,107.489998,107.110001,107.290001,73.191147,790400
2010-08-20,107.339996,107.410004,107.089996,107.160004,73.102448,525000
2010-08-23,107.080002,107.220001,106.790001,107.160004,73.102448,590600
2010-08-24,107.379997,107.709999,107.279999,107.519997,73.348038,630700
2010-08-25,107.570000,107.699997,107.330002,107.519997,73.348038,623900
2010-08-26,107.650002,108.099998,107.629997,108.099998,73.743706,1086700
2010-08-27,107.980003,108.190002,107.339996,107.459999,73.307106,1150600
2010-08-30,107.680000,107.989998,107.680000,107.940002,73.634575,560700
2010-08-31,108.160004,108.309998,108.029999,108.239998,73.839241,756600
2010-09-01,107.760002,107.809998,107.129997,107.750000,73.525299,1331400
2010-09-02,107.650002,107.720001,107.400002,107.550003,73.388847,686700
2010-09-03,107.349998,107.540001,107.169998,107.379997,73.272850,770500
2010-09-07,107.809998,108.050003,107.690002,107.980003,73.682243,754200
2010-09-08,107.800003,107.940002,107.540001,107.660004,73.463921,1101300
2010-09-09,107.370003,107.570000,107.300003,107.419998,73.300117,526200
2010-09-10,107.419998,107.769997,107.379997,107.529999,73.375198,534000
2010-09-13,107.540001,108.260002,107.500000,108.260002,73.873344,834300
2010-09-14,108.300003,108.419998,108.150002,108.150002,73.798233,690300
2010-09-15,108.010002,108.180000,107.809998,107.919998,73.641289,629300
2010-09-16,107.690002,107.720001,107.320000,107.699997,73.491180,672000
2010-09-17,107.680000,107.800003,107.379997,107.389999,73.279663,559100
2010-09-20,107.620003,107.849998,107.480003,107.809998,73.566231,527400
2010-09-21,108.040001,109.230003,107.860001,109.190002,74.507912,625600
2010-09-22,109.660004,109.910004,109.330002,109.339996,74.610260,1046600
2010-09-23,109.580002,109.580002,108.949997,109.260002,74.555695,640000
2010-09-24,108.830002,109.059998,108.680000,108.709999,74.180382,669300
2010-09-27,108.760002,109.129997,108.709999,109.029999,74.398750,767100
2010-09-28,109.290001,109.959999,109.290001,109.790001,74.917366,1024200
2010-09-29,109.690002,109.730003,109.239998,109.300003,74.582985,613500
2010-09-30,109.269997,109.500000,108.580002,109.059998,74.419250,1078600
2010-10-01,108.800003,109.250000,108.680000,109.220001,74.620758,792800
2010-10-04,109.279999,109.470001,109.070000,109.389999,74.736908,929500
2010-10-05,109.470001,110.120003,109.470001,110.089996,75.215157,751700
2010-10-06,111.190002,111.779999,110.900002,111.059998,75.877899,1123800
2010-10-07,111.099998,111.209999,110.610001,110.809998,75.707054,978300
2010-10-08,111.120003,111.540001,111.059998,111.540001,76.205826,709100
2010-10-11,111.540001,111.720001,111.400002,111.540001,76.205826,447000
2010-10-12,111.500000,111.639999,111.050003,111.199997,75.973541,924200
2010-10-13,111.099998,111.870003,111.070000,111.870003,76.431297,671200
2010-10-14,111.919998,112.500000,111.919998,112.220001,76.670456,1056900
2010-10-15,111.930000,112.050003,111.480003,111.500000,76.178535,865900
2010-10-18,111.739998,111.910004,111.580002,111.750000,76.349304,545500
2010-10-19,111.300003,112.050003,111.250000,111.809998,76.390335,689300
2010-10-20,111.809998,111.919998,111.620003,111.779999,76.369812,501300
2010-10-21,111.769997,112.040001,111.699997,111.779999,76.369812,546400
2010-10-22,111.519997,111.900002,111.519997,111.809998,76.390335,546800
2010-10-25,112.180000,112.279999,112.050003,112.150002,76.622597,559300
2010-10-26,111.809998,111.889999,111.489998,111.540001,76.205826,856200
2010-10-27,111.120003,111.150002,110.750000,110.849998,75.734360,1188200
2010-10-28,111.199997,111.260002,110.919998,111.250000,76.007690,743200
2010-10-29,111.489998,111.669998,111.370003,111.620003,76.260483,701200
2010-11-01,111.800003,111.930000,111.320000,111.540001,76.380302,725300
2010-11-02,111.800003,111.949997,111.660004,111.809998,76.565254,538500
2010-11-03,112.230003,112.290001,111.199997,111.610001,76.428268,849900
2010-11-04,112.260002,112.480003,111.669998,111.879997,76.613136,752200
2010-11-05,111.660004,111.769997,111.459999,111.500000,76.352928,922500
2010-11-08,111.660004,111.849998,111.470001,111.650002,76.455673,932300
2010-11-09,111.669998,111.790001,110.620003,110.639999,75.764053,931600
2010-11-10,110.750000,111.000000,109.900002,110.910004,75.948936,964900
2010-11-11,111.110001,111.190002,110.830002,110.919998,75.955734,474700
2010-11-12,110.730003,110.889999,110.000000,110.010002,75.332588,757400
2010-11-15,109.599998,109.639999,108.500000,108.629997,74.387589,1495000
2010-11-16,108.839996,109.040001,108.180000,108.830002,74.524551,1077500
2010-11-17,108.830002,109.150002,108.779999,108.849998,74.538269,684000
2010-11-18,108.959999,109.040001,108.629997,109.029999,74.661560,932000
2010-11-19,109.120003,109.489998,108.980003,109.339996,74.873795,1008800
2010-11-22,109.849998,109.849998,109.500000,109.720001,75.134018,684800
2010-11-23,110.129997,110.279999,109.760002,109.760002,75.161415,632700
2010-11-24,109.410004,109.540001,109.019997,109.180000,74.764267,756200
2010-11-26,109.519997,109.680000,109.290001,109.500000,74.983391,189200
2010-11-29,109.800003,109.889999,109.580002,109.620003,75.065559,1577600
2010-11-30,110.029999,110.080002,109.419998,109.480003,74.969688,669700
2010-12-01,108.910004,108.989998,108.449997,108.589996,74.481972,712400
2010-12-02,108.410004,108.839996,108.379997,108.550003,74.454582,704200
2010-12-03,108.650002,108.839996,108.379997,108.540001,74.447708,629500
2010-12-06,108.639999,109.080002,108.639999,108.970001,74.742630,515500
2010-12-07,108.709999,108.709999,107.699997,107.889999,74.001862,1152000
2010-12-08,107.599998,107.680000,106.519997,106.839996,73.281708,2058300
2010-12-09,106.940002,107.040001,106.360001,106.709999,73.192528,1335200
2010-12-10,106.389999,106.639999,106.139999,106.190002,72.835831,1369800
2010-12-13,106.220001,106.959999,106.089996,106.830002,73.274849,1860600
2010-12-14,106.489998,106.559998,105.480003,105.809998,72.575218,1637600
2010-12-15,106.099998,106.389999,105.849998,106.139999,72.801559,1312600
2010-12-16,106.379997,106.699997,106.000000,106.610001,73.123917,760300
2010-12-17,106.800003,107.529999,106.800003,107.330002,73.617775,639900
2010-12-20,107.410004,107.650002,107.040001,107.320000,73.610901,872700
2010-12-21,107.370003,107.589996,107.099998,107.500000,73.734360,599900
2010-12-22,107.370003,107.500000,107.180000,107.419998,73.679451,769200
2010-12-23,107.260002,107.400002,107.000000,107.019997,73.405144,561600
2010-12-27,107.089996,107.379997,106.849998,107.250000,73.562866,383800
2010-12-28,107.050003,107.050003,106.120003,106.190002,73.014847,554800
2010-12-29,106.300003,107.120003,106.019997,106.879997,73.489296,526600
2010-12-30,106.860001,106.919998,106.510002,106.779999,73.420502,429500
2010-12-31,106.959999,107.519997,106.889999,107.519997,73.929375,533400
2011-01-03,106.970001,107.410004,106.730003,107.070000,73.619965,1217300
2011-01-04,107.180000,107.650002,107.139999,107.339996,73.805618,1049900
2011-01-05,107.300003,107.410004,106.699997,106.930000,73.523727,869400
2011-01-06,107.010002,107.339996,106.900002,107.239998,73.736847,827900
2011-01-07,107.419998,107.970001,107.269997,107.580002,73.970627,979300
2011-01-10,107.730003,107.919998,107.620003,107.889999,74.183815,639600
2011-01-11,107.959999,108.099998,107.620003,107.930000,74.211311,567700
2011-01-12,107.510002,108.029999,107.510002,107.900002,74.190697,534300
2011-01-13,107.809998,108.250000,107.680000,108.230003,74.417572,858200
2011-01-14,108.309998,108.339996,107.760002,107.760002,74.094414,713500
2011-01-18,107.599998,107.959999,107.410004,107.779999,74.108147,1125500
2011-01-19,107.919998,108.150002,107.779999,107.820000,74.135597,569400
2011-01-20,107.559998,107.599998,106.800003,106.800003,73.434280,793100
2011-01-21,106.879997,107.080002,106.750000,107.000000,73.571815,537400
2011-01-24,107.070000,107.320000,106.870003,106.930000,73.523727,797300
2011-01-25,106.940002,107.629997,106.930000,107.349998,73.812469,589600
2011-01-26,107.320000,107.330002,106.959999,107.169998,73.688713,652300
2011-01-27,107.070000,107.260002,106.849998,107.099998,73.640587,641700
2011-01-28,106.930000,107.599998,106.809998,107.510002,73.922508,649600
2011-01-31,107.400002,107.709999,107.279999,107.540001,73.943130,798100
2011-02-01,107.180000,107.440002,106.989998,107.279999,73.877022,934500
2011-02-02,107.389999,107.570000,106.830002,106.989998,73.677315,704500
2011-02-03,106.739998,106.800003,106.419998,106.430000,73.291641,826300
2011-02-04,106.309998,106.370003,105.739998,105.830002,72.878479,1221500
2011-02-07,105.709999,105.849998,105.510002,105.809998,72.864708,1016300
2011-02-08,105.839996,105.910004,105.180000,105.260002,72.485985,1186000
2011-02-09,105.360001,105.699997,105.110001,105.559998,72.692558,926200
2011-02-10,105.389999,105.440002,104.900002,104.910004,72.244972,858100
2011-02-11,105.339996,105.529999,105.139999,105.449997,72.616829,688000
2011-02-14,105.379997,105.580002,105.309998,105.529999,72.671928,561400
2011-02-15,105.500000,105.720001,105.400002,105.660004,72.761444,898400
2011-02-16,105.690002,105.739998,105.320000,105.510002,72.658104,708700
2011-02-17,105.690002,105.919998,105.430000,105.910004,72.933578,914200
2011-02-18,105.800003,106.459999,105.800003,106.459999,73.312363,869100
2011-02-22,106.919998,107.379997,106.870003,107.300003,73.890778,832000
2011-02-23,107.320000,107.830002,107.300003,107.690002,74.159340,700100
2011-02-24,108.000000,108.349998,107.919998,108.080002,74.427917,816200
2011-02-25,108.180000,108.440002,107.970001,108.440002,74.675827,677700
2011-02-28,108.440002,108.449997,108.150002,108.150002,74.476128,821400
2011-03-01,107.790001,108.510002,107.699997,108.500000,74.906891,1050500
2011-03-02,108.199997,108.660004,108.180000,108.180000,74.686012,881100
2011-03-03,107.970001,108.070000,107.769997,107.889999,74.485809,666100
2011-03-04,108.099998,108.690002,108.029999,108.610001,74.982864,758700
2011-03-07,108.349998,108.830002,108.120003,108.519997,74.920715,731500
2011-03-08,108.580002,108.709999,108.430000,108.589996,74.969101,866400
2011-03-09,108.650002,108.940002,108.480003,108.739998,75.072578,754300
2011-03-10,108.900002,109.440002,108.809998,109.360001,75.500633,687300
2011-03-11,109.290001,109.349998,109.000000,109.180000,75.376381,1253200
2011-03-14,109.120003,109.470001,109.120003,109.339996,75.486816,884100
2011-03-15,109.660004,109.709999,109.260002,109.309998,75.466156,851100
2011-03-16,109.800003,110.500000,109.769997,110.089996,76.004646,1425400
2011-03-17,110.080002,110.410004,109.919998,110.309998,76.156540,949700
2011-03-18,110.010002,110.360001,109.989998,110.230003,76.101288,630900
2011-03-21,110.019997,110.050003,109.629997,109.760002,75.776802,1268100
2011-03-22,109.650002,109.650002,109.400002,109.489998,75.590408,545100
2011-03-23,109.800003,109.800003,109.150002,109.309998,75.466156,647700
2011-03-24,109.139999,109.419998,108.989998,109.410004,75.535187,988300
2011-03-25,109.459999,109.620003,108.809998,108.900002,75.183090,764500
2011-03-28,108.879997,109.089996,108.769997,108.959999,75.224541,725900
2011-03-29,108.889999,109.010002,108.570000,108.739998,75.072578,653700
2011-03-30,108.709999,109.139999,108.699997,109.120003,75.334991,709700
2011-03-31,109.459999,109.470001,108.910004,109.160004,75.362587,856800
2011-04-01,108.519997,109.050003,108.309998,108.860001,75.558365,905700
2011-04-04,109.160004,109.500000,108.980003,109.349998,75.898422,578000
2011-04-05,109.300003,109.349998,109.099998,109.150002,75.759590,895400
2011-04-06,109.019997,109.029999,108.550003,108.559998,75.350090,824100
2011-04-07,108.639999,108.870003,108.459999,108.750000,75.481964,761100
2011-04-08,108.629997,109.099998,108.610001,108.980003,75.641602,650300
2011-04-11,109.040001,109.150002,108.889999,108.900002,75.586082,562400
2011-04-12,109.220001,109.620003,109.000000,109.449997,75.967834,822400
2011-04-13,109.330002,109.730003,109.209999,109.690002,76.134415,724400
2011-04-14,109.820000,109.820000,109.500000,109.550003,76.037262,834500
2011-04-15,109.889999,110.349998,109.889999,110.349998,76.592506,917500
2011-04-18,110.279999,110.489998,110.000000,110.379997,76.613327,911700
2011-04-19,110.489998,110.830002,110.330002,110.769997,76.884033,540800
2011-04-20,110.790001,110.790001,110.300003,110.389999,76.620262,635600
2011-04-21,110.120003,110.419998,110.080002,110.190002,76.481461,618900
2011-04-25,110.410004,110.489998,110.160004,110.489998,76.689667,900600
2011-04-26,110.639999,110.870003,110.440002,110.870003,76.953453,696700
2011-04-27,110.669998,110.750000,110.379997,110.599998,76.766029,843900
2011-04-28,110.839996,111.120003,110.730003,110.930000,76.995087,628400
2011-04-29,110.970001,111.309998,110.809998,111.160004,77.154678,933000
2011-05-02,110.680000,110.910004,110.519997,110.750000,77.283134,757600
2011-05-03,110.739998,110.930000,110.650002,110.930000,77.408730,823400
2011-05-04,111.129997,111.389999,111.010002,111.029999,77.478508,788000
2011-05-05,111.160004,111.160004,110.699997,110.900002,77.387817,880600
2011-05-06,110.570000,111.169998,110.449997,110.940002,77.415665,600500
2011-05-09,111.070000,111.180000,110.919998,111.169998,77.576210,596000
2011-05-10,111.000000,111.089996,110.830002,110.870003,77.366898,1336700
2011-05-11,110.750000,110.910004,110.519997,110.519997,77.122627,695500
2011-05-12,110.580002,110.660004,110.120003,110.389999,77.031876,809000
2011-05-13,110.480003,110.480003,110.139999,110.370003,77.017952,1341800
2011-05-16,110.610001,110.610001,110.220001,110.400002,77.038925,637800
2011-05-17,110.120003,110.500000,110.120003,110.489998,77.101685,660600
2011-05-18,110.559998,110.660004,110.279999,110.430000,77.059799,926300
2011-05-19,110.190002,110.410004,110.019997,110.139999,76.857437,970400
2011-05-20,110.120003,110.199997,109.870003,110.099998,76.829544,731900
2011-05-23,110.180000,110.309998,110.080002,110.110001,76.836510,635900
2011-05-24,110.330002,110.669998,110.330002,110.669998,77.227295,589100
2011-05-25,110.849998,110.849998,110.419998,110.699997,77.248230,583000
2011-05-26,110.839996,111.000000,110.739998,110.970001,77.436676,863400
2011-05-27,110.959999,111.150002,110.839996,111.150002,77.562248,504100
2011-05-31,110.879997,111.209999,110.860001,110.860001,77.359879,1510100
2011-06-01,110.180000,110.610001,110.070000,110.599998,77.915680,1316400
2011-06-02,110.220001,110.379997,110.019997,110.199997,77.633911,809300
2011-06-03,110.349998,110.500000,110.180000,110.370003,77.753654,639600
2011-06-06,110.099998,110.500000,110.099998,110.419998,77.788902,608000
2011-06-07,110.400002,110.629997,110.150002,110.580002,77.901657,511100
2011-06-08,110.699997,110.919998,110.510002,110.570000,77.894630,671400
2011-06-09,110.769997,110.839996,110.300003,110.440002,77.802979,621400
2011-06-10,110.540001,110.790001,110.320000,110.400002,77.774849,773600
2011-06-13,110.290001,110.650002,110.250000,110.389999,77.767776,554300
2011-06-14,110.190002,110.320000,109.949997,110.089996,77.556396,599400
2011-06-15,110.360001,110.940002,110.330002,110.660004,77.957993,513400
2011-06-16,110.699997,110.949997,110.580002,110.580002,77.901657,498900
2011-06-17,110.419998,110.690002,110.360001,110.519997,77.859344,673200
2011-06-20,110.690002,110.690002,110.129997,110.220001,77.648033,467800
2011-06-21,110.239998,110.580002,110.220001,110.489998,77.838226,590900
2011-06-22,110.580002,110.639999,110.150002,110.239998,77.662064,517100
2011-06-23,110.440002,111.150002,110.440002,111.040001,78.225655,676200
2011-06-24,111.139999,111.620003,111.120003,111.470001,78.528595,556900
2011-06-27,111.510002,111.610001,111.080002,111.290001,78.401848,590100
2011-06-28,111.199997,111.230003,110.680000,110.849998,78.091812,668400
2011-06-29,110.910004,110.989998,110.660004,110.889999,78.120010,669600
2011-06-30,110.940002,111.000000,110.300003,110.639999,77.943893,4825300
2011-07-01,110.169998,110.440002,109.650002,110.010002,78.032547,1451600
2011-07-05,110.019997,110.339996,109.989998,110.129997,78.117714,599900
2011-07-06,110.419998,110.550003,110.260002,110.449997,78.344658,896300
2011-07-07,110.300003,110.480003,110.120003,110.410004,78.316338,543400
2011-07-08,110.900002,111.050003,110.779999,110.910004,78.670975,1451300
2011-07-11,111.239998,111.669998,111.070000,111.529999,79.110748,900000
2011-07-12,111.790001,111.980003,111.510002,111.980003,79.429939,711700
2011-07-13,111.930000,112.260002,111.529999,112.190002,79.578903,1399100
2011-07-14,111.800003,111.940002,111.430000,111.519997,79.103622,702700
2011-07-15,111.410004,111.989998,111.269997,111.870003,79.351891,934900
2011-07-18,111.949997,112.000000,111.699997,111.970001,79.422852,1108200
2011-07-19,112.120003,112.599998,112.070000,112.529999,79.820053,685800
2011-07-20,112.180000,112.209999,110.940002,111.889999,79.366089,811800
2011-07-21,111.580002,111.769997,111.430000,111.660004,79.202957,762500
2011-07-22,111.980003,112.139999,111.750000,112.029999,79.465408,433400
2011-07-25,111.489998,112.330002,111.430000,112.150002,79.550545,2195600
2011-07-26,112.250000,112.440002,112.150002,112.190002,79.578903,838200
2011-07-27,112.059998,112.449997,112.059998,112.400002,79.727844,1217800
2011-07-28,112.589996,112.870003,112.440002,112.860001,80.054115,1250100
2011-07-29,113.290001,114.360001,113.139999,114.169998,80.983337,1316100
2011-08-01,113.639999,114.260002,113.440002,113.900002,81.205086,1461100
2011-08-02,114.309998,114.769997,113.900002,114.650002,81.739769,1112400
2011-08-03,114.720001,115.139999,113.830002,113.940002,81.233597,1435700
2011-08-04,114.110001,115.000000,113.639999,114.940002,81.946571,1454100
2011-08-05,114.239998,115.029999,113.620003,113.629997,81.012581,1921600
2011-08-08,113.940002,115.120003,113.790001,115.000000,81.989319,3026800
2011-08-09,115.489998,117.180000,114.889999,115.959999,82.673767,2672200
2011-08-10,116.949997,118.589996,116.879997,118.099998,84.199425,2136300
2011-08-11,117.300003,117.400002,114.849998,115.639999,82.445610,2414100
2011-08-12,116.110001,116.550003,115.970001,116.300003,82.916145,1359400
2011-08-15,116.230003,116.330002,115.570000,115.709999,82.495522,1247300
2011-08-16,115.540001,116.150002,115.519997,115.970001,82.680870,1114400
2011-08-17,115.989998,116.570000,115.800003,116.570000,83.108650,1002000
2011-08-18,117.019997,117.739998,115.519997,115.680000,82.474129,1371300
2011-08-19,115.709999,116.480003,115.680000,116.070000,82.752167,1790300
2011-08-22,115.970001,116.379997,115.889999,116.040001,82.730820,1382400
2011-08-23,115.930000,116.089996,115.040001,115.320000,82.217491,1287900
2011-08-24,115.129997,115.139999,113.599998,113.620003,81.005478,1760500
2011-08-25,114.029999,114.720001,113.930000,114.510002,81.639954,1262200
2011-08-26,115.050003,115.430000,114.440002,114.849998,81.882370,1665100
2011-08-29,114.279999,114.360001,114.050003,114.169998,81.397552,775000
2011-08-30,114.690002,115.000000,114.660004,114.839996,81.875191,1261400
2011-08-31,115.050003,115.050003,114.279999,114.320000,81.504524,1874000
2011-09-01,114.589996,115.739998,114.339996,115.349998,82.246048,2585400
2011-09-02,116.379997,116.699997,116.050003,116.610001,83.144409,1007500
2011-09-06,116.900002,117.070000,115.750000,115.919998,82.652458,1110200
2011-09-07,115.750000,115.930000,115.339996,115.610001,82.431419,675100
2011-09-08,115.730003,116.349998,115.550003,116.300003,82.923416,610600
2011-09-09,116.220001,116.650002,116.139999,116.440002,83.023239,1157300
2011-09-12,116.379997,116.519997,116.029999,116.040001,82.738014,693100
2011-09-13,116.000000,116.070000,115.519997,115.540001,82.381516,597300
2011-09-14,115.269997,115.540001,115.129997,115.400002,82.281715,703900
2011-09-15,115.190002,115.440002,115.059998,115.169998,82.117691,530600
2011-09-16,115.000000,115.529999,114.970001,115.209999,82.146240,949000
2011-09-19,115.940002,116.000000,115.470001,115.500000,82.353004,505000
2011-09-20,115.550003,116.000000,115.440002,116.000000,82.709518,542400
2011-09-21,116.000000,116.620003,115.750000,116.199997,82.852119,728900
2011-09-22,116.379997,116.650002,115.809998,115.930000,82.659607,1001700
2011-09-23,115.709999,115.879997,114.879997,115.260002,82.181885,1280800
2011-09-26,115.059998,115.290001,114.570000,114.709999,81.789726,803000
2011-09-27,114.339996,114.919998,114.190002,114.919998,81.939423,4817700
2011-09-28,114.580002,115.070000,114.510002,114.870003,81.903831,790600
2011-09-29,114.849998,115.059998,114.389999,114.510002,81.647133,2919800
2011-09-30,114.910004,115.019997,114.300003,114.300003,81.497353,945600
2011-10-03,114.629997,115.440002,114.489998,115.250000,82.299309,2661200
2011-10-04,115.500000,115.830002,115.089996,115.330002,82.356453,1700000
2011-10-05,115.550003,115.680000,114.800003,115.250000,82.299309,635300
2011-10-06,115.209999,115.349998,115.029999,115.239998,82.292145,1512100
2011-10-07,114.940002,115.279999,114.669998,114.849998,82.013580,976800
2011-10-10,114.790001,114.830002,113.769997,114.059998,81.449532,658600
2011-10-11,114.459999,114.769997,114.199997,114.330002,81.642357,748100
2011-10-12,114.040001,114.169998,113.500000,113.849998,81.299561,1126600
2011-10-13,114.040001,114.300003,113.720001,113.919998,81.349571,608700
2011-10-14,113.500000,113.919998,113.410004,113.750000,81.228203,716000
2011-10-17,113.820000,114.330002,113.820000,114.180000,81.535248,545600
2011-10-18,114.440002,114.739998,114.180000,114.730003,81.927948,648900
2011-10-19,114.370003,114.809998,114.180000,114.550003,81.799431,525700
2011-10-20,114.400002,114.930000,114.199997,114.570000,81.813705,599800
2011-10-21,114.570000,115.000000,114.449997,114.449997,81.727989,525500
2011-10-24,114.669998,114.900002,114.629997,114.790001,81.970848,636500
2011-10-25,114.660004,115.849998,114.660004,115.820000,82.706337,883700
2011-10-26,115.629997,116.000000,115.489998,115.720001,82.634911,711100
2011-10-27,115.190002,115.699997,114.750000,115.059998,82.163612,880400
2011-10-28,115.430000,115.500000,114.959999,115.459999,82.449249,679100
2011-10-31,116.070000,116.550003,116.029999,116.489998,83.184776,975600
2011-11-01,116.900002,117.550003,116.699997,117.550003,84.201981,1865300
2011-11-02,117.000000,117.699997,116.800003,117.589996,84.230621,1203400
2011-11-03,117.269997,117.449997,116.769997,116.769997,83.643204,801900
2011-11-04,117.040001,117.760002,116.970001,117.400002,84.094490,873100
2011-11-07,117.610001,118.320000,117.529999,117.989998,84.517128,620100
2011-11-08,117.870003,118.050003,117.180000,117.209999,83.958382,2446600
2011-11-09,117.889999,118.040001,117.190002,117.190002,83.944054,779700
2011-11-10,117.089996,117.449997,116.870003,117.419998,84.108833,860700
2011-11-11,117.269997,117.269997,116.839996,117.059998,83.850960,557900
2011-11-14,117.290001,117.379997,117.070000,117.220001,83.965576,516500
2011-11-15,117.260002,117.330002,116.419998,116.769997,83.643204,816000
2011-11-16,116.690002,116.699997,116.370003,116.440002,83.406815,655300
2011-11-17,116.019997,116.510002,115.910004,116.430000,83.399628,719100
2011-11-18,116.620003,116.660004,116.300003,116.459999,83.421150,660700
2011-11-21,116.589996,116.900002,116.160004,116.250000,83.270737,656800
2011-11-22,116.139999,116.610001,116.110001,116.610001,83.528580,558000
2011-11-23,116.540001,117.190002,116.489998,117.099998,83.879616,774900
2011-11-25,116.879997,116.910004,116.730003,116.730003,83.614578,421900
2011-11-28,116.480003,117.190002,116.470001,117.110001,83.886749,589700
2011-11-29,116.989998,117.389999,116.760002,117.080002,83.865288,1123000
2011-11-30,117.080002,117.260002,116.709999,116.739998,83.621712,869100
2011-12-01,116.519997,116.559998,116.180000,116.459999,83.593704,2561600
2011-12-02,116.129997,116.989998,116.129997,116.989998,83.974159,1398300
2011-12-05,116.739998,117.029999,116.250000,116.970001,83.959824,976700
2011-12-06,116.629997,116.949997,116.519997,116.680000,83.751656,686200
2011-12-07,116.709999,116.779999,116.430000,116.480003,83.608093,610400
2011-12-08,116.669998,116.870003,116.300003,116.529999,83.643967,508100
2011-12-09,116.370003,116.550003,115.910004,115.910004,83.198982,803600
2011-12-12,116.349998,116.720001,116.230003,116.449997,83.586586,965500
2011-12-13,116.290001,117.099998,116.279999,116.769997,83.816261,478500
2011-12-14,116.849998,117.190002,116.800003,117.000000,83.981331,780200
2011-12-15,116.849998,117.190002,116.620003,116.709999,83.773170,646000
2011-12-16,116.699997,117.180000,116.699997,116.970001,83.959824,1066400
2011-12-19,116.919998,117.570000,116.830002,117.440002,84.297173,549300
2011-12-20,117.080002,117.540001,117.070000,117.510002,84.347435,635500
2011-12-21,117.540001,117.750000,117.050003,117.050003,84.017242,598200
2011-12-22,117.410004,117.510002,116.870003,116.989998,83.974159,573100
2011-12-23,116.680000,116.959999,116.459999,116.849998,83.873657,675400
2011-12-27,117.089996,117.300003,116.360001,116.529999,83.643967,574300
2011-12-28,116.599998,117.029999,116.599998,116.830002,83.859306,609700
2011-12-29,116.830002,116.910004,116.650002,116.730003,83.787544,605700
2011-12-30,116.800003,117.089996,116.639999,116.690002,83.758820,758400
2012-01-03,116.440002,116.809998,116.400002,116.650002,83.730103,1242000
2012-01-04,116.550003,116.930000,116.510002,116.760002,83.809036,711100
2012-01-05,117.080002,117.379997,116.959999,116.980003,83.966980,2192900
2012-01-06,117.360001,117.550003,117.269997,117.370003,84.246941,614000
2012-01-09,117.330002,117.790001,117.330002,117.489998,84.333122,634900
2012-01-10,117.389999,117.529999,117.029999,117.129997,84.074646,657100
2012-01-11,117.129997,117.449997,117.000000,117.430000,84.289978,604900
2012-01-12,117.419998,117.459999,116.989998,117.250000,84.160774,754600
2012-01-13,117.629997,117.820000,117.550003,117.580002,84.397659,1052100
2012-01-17,117.699997,117.900002,117.589996,117.699997,84.483818,983600
2012-01-18,118.120003,118.129997,117.419998,117.610001,84.419228,732700
2012-01-19,117.360001,117.430000,117.000000,117.180000,84.110497,784100
2012-01-20,117.199997,117.239998,116.870003,116.940002,83.938278,662900
2012-01-23,116.500000,116.790001,116.489998,116.699997,83.765991,741100
2012-01-24,116.669998,116.870003,116.489998,116.709999,83.773170,805500
2012-01-25,116.830002,117.989998,116.629997,117.610001,84.419228,1116200
2012-01-26,118.379997,118.440002,117.970001,118.150002,84.806778,951500
2012-01-27,118.500000,118.529999,118.000000,118.400002,84.986259,785300
2012-01-30,118.900002,119.059998,118.699997,118.790001,85.266190,1165800
2012-01-31,118.919998,119.379997,118.830002,119.360001,85.675354,1983500
2012-02-01,119.180000,119.320000,118.860001,119.290001,85.625038,1974200
2012-02-02,119.260002,119.330002,119.059998,119.290001,85.625038,1353100
2012-02-03,118.580002,118.680000,118.160004,118.290001,84.907288,1090000
2012-02-06,118.389999,118.919998,118.230003,118.820000,85.287743,1064500
2012-02-07,118.720001,118.790001,118.330002,118.379997,84.971878,1571300
2012-02-08,118.360001,118.580002,118.230003,118.349998,84.950378,1327600
2012-02-09,118.339996,118.339996,117.690002,117.900002,84.627342,1965800
2012-02-10,118.290001,118.580002,118.029999,118.449997,85.022125,600200
2012-02-13,118.300003,118.709999,118.290001,118.690002,85.194412,601500
2012-02-14,118.680000,118.900002,118.540001,118.690002,85.194412,677900
2012-02-15,118.820000,119.059998,118.750000,118.910004,85.352333,566500
2012-02-16,118.809998,119.080002,118.330002,118.610001,85.137009,727200
2012-02-17,118.320000,118.620003,118.139999,118.330002,84.936020,653800
2012-02-21,118.459999,118.550003,118.190002,118.260002,84.885742,722500
2012-02-22,118.480003,118.930000,118.430000,118.930000,85.366646,1396200
2012-02-23,118.970001,119.099998,118.830002,118.970001,85.395378,1532500
2012-02-24,118.989998,119.000000,118.800003,119.000000,85.416916,647600
2012-02-27,119.339996,119.389999,119.010002,119.190002,85.553276,813200
2012-02-28,119.389999,119.440002,119.089996,119.209999,85.567673,1382900
2012-02-29,119.269997,119.320000,118.629997,118.669998,85.179993,2663900
2012-03-01,118.330002,118.489998,118.089996,118.379997,84.971878,3684100
2012-03-02,118.379997,118.629997,118.370003,118.389999,84.979057,656300
2012-03-05,118.550003,118.550003,117.830002,117.849998,84.591492,1089400
2012-03-06,118.059998,118.410004,118.059998,118.190002,84.835526,1576400
2012-03-07,118.400002,118.449997,118.190002,118.449997,85.022125,2018300
2012-03-08,118.349998,118.459999,118.180000,118.400002,84.986259,740500
2012-03-09,118.269997,118.610001,118.110001,118.610001,85.137009,513500
2012-03-12,118.809998,118.820000,118.669998,118.760002,85.244629,450800
2012-03-13,118.699997,118.790001,118.410004,118.470001,85.036537,857500
2012-03-14,118.139999,118.139999,117.260002,117.370003,84.246941,1383500
2012-03-15,117.279999,117.720001,117.279999,117.529999,84.361755,833600
2012-03-16,117.330002,117.739998,117.129997,117.599998,84.412025,824500
2012-03-19,117.449997,117.669998,117.010002,117.290001,84.189476,812300
2012-03-20,117.199997,117.410004,116.870003,117.180000,84.110497,1089600
2012-03-21,117.320000,117.500000,117.160004,117.400002,84.268463,635500
2012-03-22,117.599998,117.660004,117.239998,117.529999,84.361755,847600
2012-03-23,117.760002,117.970001,117.599998,117.910004,84.634544,929400
2012-03-26,117.900002,117.900002,117.330002,117.570000,84.390465,1142500
2012-03-27,117.639999,118.059998,117.570000,117.989998,84.691948,1090700
2012-03-28,117.800003,118.080002,117.699997,117.839996,84.584267,529500
2012-03-29,118.110001,118.199997,117.919998,118.040001,84.727821,592500
2012-03-30,118.010002,118.180000,117.480003,117.650002,84.447899,997200
2012-04-02,117.800003,117.980003,117.589996,117.919998,84.875458,1030200
2012-04-03,118.110001,118.360001,117.040001,117.050003,84.249229,1186300
2012-04-04,117.290001,117.440002,116.949997,117.070000,84.263618,619400
2012-04-05,117.430000,117.540001,117.250000,117.379997,84.486732,884500
2012-04-09,118.279999,118.290001,117.910004,117.919998,84.875458,3113800
2012-04-10,118.320000,118.769997,118.160004,118.599998,85.364868,904000
2012-04-11,118.419998,118.870003,118.250000,118.790001,85.501686,833800
2012-04-12,118.889999,118.910004,118.529999,118.570000,85.343285,1176700
2012-04-13,118.849998,119.129997,118.809998,119.070000,85.703186,526100
2012-04-16,119.000000,119.199997,118.889999,119.000000,85.652809,709800
2012-04-17,118.980003,119.309998,118.910004,119.260002,85.839958,1584100
2012-04-18,119.160004,119.260002,119.029999,119.120003,85.739197,485500
2012-04-19,119.089996,119.120003,118.809998,118.809998,85.516037,1008000
2012-04-20,118.760002,119.120003,118.680000,119.110001,85.731979,1013200
2012-04-23,119.400002,119.419998,119.209999,119.239998,85.825554,493700
2012-04-24,119.269997,119.400002,119.199997,119.269997,85.847145,669800
2012-04-25,118.989998,119.260002,118.820000,119.220001,85.811180,721600
2012-04-26,119.370003,119.669998,119.320000,119.669998,86.135056,1195800
2012-04-27,119.629997,119.769997,119.419998,119.550003,86.048714,858600
2012-04-30,119.529999,119.690002,119.419998,119.419998,85.955132,1005600
2012-05-01,119.239998,119.339996,118.860001,119.040001,85.988304,1679000
2012-05-02,119.230003,119.300003,119.099998,119.169998,86.082245,766700
2012-05-03,119.129997,119.360001,119.019997,119.019997,85.973869,565100
2012-05-04,119.160004,119.290001,118.949997,119.269997,86.154480,534900
2012-05-07,119.339996,119.430000,119.220001,119.260002,86.147278,545000
2012-05-08,119.540001,119.669998,119.419998,119.480003,86.306198,776200
2012-05-09,119.800003,119.879997,119.269997,119.339996,86.205032,783100
2012-05-10,119.209999,119.349998,119.099998,119.320000,86.190605,492400
2012-05-11,119.470001,119.500000,119.300003,119.379997,86.233910,837300
2012-05-14,119.550003,119.940002,119.540001,119.940002,86.638435,1140500
2012-05-15,119.940002,120.110001,119.790001,120.080002,86.739609,921900
2012-05-16,119.779999,119.959999,119.699997,119.839996,86.566223,1052700
2012-05-17,119.599998,120.540001,119.550003,120.230003,86.847954,1004500
2012-05-18,120.150002,121.000000,120.070000,120.510002,87.050194,853300
2012-05-21,120.480003,120.900002,120.419998,120.669998,87.165726,763800
2012-05-22,120.540001,120.550003,120.290001,120.419998,86.985153,702400
2012-05-23,120.540001,120.680000,120.419998,120.430000,86.992393,611000
2012-05-24,120.290001,120.419998,120.169998,120.260002,86.869583,532300
2012-05-25,120.269997,120.419998,120.250000,120.379997,86.956268,549400
2012-05-29,120.389999,120.389999,119.980003,120.029999,86.703430,662200
2012-05-30,120.330002,120.769997,120.250000,120.730003,87.209114,1540800
2012-05-31,120.839996,121.430000,120.839996,121.309998,87.628082,1411200
2012-06-01,120.639999,121.410004,120.620003,121.010002,87.994545,3270200
2012-06-04,120.860001,121.080002,120.660004,120.779999,87.827324,1643400
2012-06-05,120.739998,121.000000,120.589996,120.680000,87.754570,1289400
2012-06-06,120.940002,120.949997,120.080002,120.110001,87.340103,6265800
2012-06-07,120.070000,120.400002,119.980003,120.089996,87.325539,875900
2012-06-08,120.510002,120.589996,119.959999,120.180000,87.390991,1036400
2012-06-11,119.970001,120.440002,119.910004,120.169998,87.383743,573100
2012-06-12,120.000000,120.230003,119.760002,119.910004,87.194664,463000
2012-06-13,120.040001,120.320000,119.860001,120.180000,87.390991,563800
2012-06-14,120.209999,120.279999,119.820000,120.019997,87.274658,1362700
2012-06-15,120.370003,120.790001,120.370003,120.779999,87.827324,614000
2012-06-18,120.769997,120.839996,120.489998,120.720001,87.783653,1141100
2012-06-19,120.419998,120.629997,120.290001,120.589996,87.689133,665700
2012-06-20,120.470001,120.800003,120.209999,120.430000,87.572800,749100
2012-06-21,120.300003,120.360001,119.889999,119.919998,87.201927,1465000
2012-06-22,119.660004,119.760002,119.339996,119.339996,86.780174,1224600
2012-06-25,119.699997,119.919998,119.669998,119.889999,87.180145,713400
2012-06-26,119.650002,119.919998,119.550003,119.809998,87.121948,891100
2012-06-27,119.910004,120.000000,119.760002,119.930000,87.209221,637700
2012-06-28,120.089996,120.269997,119.870003,119.980003,87.245560,1219400
2012-06-29,119.559998,119.720001,119.199997,119.699997,87.041946,1011000
2012-07-02,119.430000,119.889999,119.400002,119.599998,87.227234,3269400
2012-07-03,119.610001,119.830002,119.610001,119.809998,87.380379,620000
2012-07-05,119.800003,120.190002,119.800003,120.070000,87.569984,717400
2012-07-06,120.300003,120.400002,120.110001,120.250000,87.701302,502100
2012-07-09,120.389999,120.610001,120.330002,120.480003,87.869049,1305300
2012-07-10,120.620003,120.980003,120.550003,120.790001,88.095108,498500
2012-07-11,120.839996,121.029999,120.660004,120.669998,88.007584,432600
2012-07-12,120.889999,120.919998,120.750000,120.910004,88.182602,430200
2012-07-13,120.809998,121.000000,120.580002,120.970001,88.226349,430600
2012-07-16,121.160004,121.459999,121.110001,121.110001,88.328506,485200
2012-07-17,121.099998,121.150002,120.709999,120.949997,88.211792,713200
2012-07-18,121.110001,121.110001,120.949997,120.980003,88.233696,446800
2012-07-19,120.889999,121.110001,120.800003,121.089996,88.313904,400800
2012-07-20,121.290001,121.559998,121.250000,121.470001,88.591049,424900
2012-07-23,121.599998,121.629997,121.360001,121.370003,88.518105,428300
2012-07-24,121.230003,121.519997,121.220001,121.440002,88.569153,497300
2012-07-25,121.440002,121.529999,121.150002,121.309998,88.474350,1313200
2012-07-26,121.070000,121.260002,120.860001,121.139999,88.350357,637800
2012-07-27,120.930000,120.949997,120.269997,120.790001,88.095108,657200
2012-07-30,120.709999,121.199997,120.690002,121.129997,88.343109,592800
2012-07-31,121.449997,121.519997,121.180000,121.440002,88.569153,614700
2012-08-01,121.370003,121.739998,121.279999,121.489998,88.605629,806900
2012-08-02,121.800003,121.970001,121.410004,121.470001,88.591049,523200
2012-08-03,121.139999,121.260002,120.879997,121.250000,88.430595,548800
2012-08-06,121.349998,121.559998,121.250000,121.330002,88.488922,340700
2012-08-07,121.059998,121.099998,120.940002,121.070000,88.299339,1396000
2012-08-08,121.019997,121.080002,120.620003,120.709999,88.036804,1390400
2012-08-09,120.639999,120.709999,120.300003,120.480003,87.869049,509200
2012-08-10,120.599998,120.669998,120.500000,120.559998,87.927383,415700
2012-08-13,120.779999,120.849998,120.400002,120.400002,87.810661,339700
2012-08-14,120.110001,120.230003,119.870003,119.870003,87.424126,514400
2012-08-15,119.370003,119.459999,118.910004,118.980003,86.775032,876600
2012-08-16,119.000000,119.209999,118.570000,118.690002,86.563477,1660700
2012-08-17,118.680000,118.989998,118.680000,118.849998,86.680206,1491500
2012-08-20,118.730003,118.940002,118.730003,118.790001,86.636467,730400
2012-08-21,118.660004,118.940002,118.430000,118.870003,86.694832,616300
2012-08-22,119.260002,119.930000,119.260002,119.839996,87.402267,551400
2012-08-23,120.330002,120.500000,120.199997,120.400002,87.810661,784400
2012-08-24,120.559998,120.669998,120.300003,120.379997,87.796043,1581300
2012-08-27,120.610001,120.809998,120.580002,120.769997,88.080544,491300
2012-08-28,120.959999,121.209999,120.879997,121.080002,88.306595,476700
2012-08-29,120.989998,120.989998,120.599998,120.669998,88.007584,636300
2012-08-30,120.900002,120.949997,120.500000,120.580002,87.941933,950200
2012-08-31,120.330002,121.169998,120.330002,121.139999,88.350357,1460500
2012-09-04,121.000000,121.239998,120.870003,120.980003,88.233696,1809600
2012-09-05,120.989998,121.220001,120.959999,121.180000,88.379570,1653300
2012-09-06,120.800003,120.900002,120.519997,120.519997,87.898163,1033500
2012-09-07,121.239998,121.410004,120.910004,120.910004,88.182602,795700
2012-09-10,121.099998,121.330002,120.959999,121.220001,88.408745,880100
2012-09-11,121.099998,121.250000,120.959999,121.099998,88.321182,702700
2012-09-12,120.730003,120.839996,120.400002,120.510002,87.890892,769800
2012-09-13,120.709999,121.620003,120.279999,121.519997,88.627510,1288500
2012-09-14,122.260002,122.349998,121.000000,121.930000,88.926575,1306700
2012-09-17,121.800003,122.199997,121.639999,121.820000,88.846306,1963100
2012-09-18,121.760002,121.930000,121.639999,121.660004,88.729622,1245100
2012-09-19,121.709999,121.970001,121.580002,121.809998,88.839020,612300
2012-09-20,122.129997,122.250000,121.230003,121.400002,88.540001,1310800
2012-09-21,121.309998,121.500000,121.239998,121.500000,88.612938,876200
2012-09-24,121.519997,121.739998,121.360001,121.419998,88.554573,816700
2012-09-25,121.620003,121.680000,121.419998,121.580002,88.671272,1157200
2012-09-26,121.900002,122.000000,121.750000,121.860001,88.875481,843900
2012-09-27,121.839996,122.160004,121.699997,121.839996,88.860878,928600
2012-09-28,121.980003,122.080002,121.620003,121.760002,88.802544,1538500
2012-10-01,121.870003,122.040001,121.610001,122.000000,88.977554,1715000
2012-10-02,121.739998,122.529999,121.739998,122.500000,89.342262,849300
2012-10-03,122.449997,122.750000,122.449997,122.629997,89.437050,6434400
2012-10-04,122.690002,123.000000,122.620003,122.809998,89.568321,457700
2012-10-05,122.699997,122.820000,122.419998,122.559998,89.386055,1001200
2012-10-08,122.580002,122.940002,122.580002,122.849998,89.597496,492000
2012-10-09,122.629997,123.139999,122.480003,122.540001,89.371460,685400
2012-10-10,122.279999,122.470001,122.120003,122.410004,89.276596,654900
2012-10-11,122.150002,122.389999,122.070000,122.300003,89.196381,497700
2012-10-12,122.410004,122.540001,122.110001,122.199997,89.123459,893200
2012-10-15,122.260002,122.419998,122.129997,122.190002,89.116150,460400
2012-10-16,122.070000,122.129997,121.620003,121.669998,88.736885,660700
2012-10-17,121.410004,121.559998,121.169998,121.309998,88.474350,573900
2012-10-18,121.169998,121.470001,121.089996,121.300003,88.467117,483300
2012-10-19,121.379997,121.959999,121.379997,121.709999,88.766083,566400
2012-10-22,121.690002,121.820000,121.500000,121.510002,88.620224,410800
2012-10-23,121.709999,121.970001,121.690002,121.769997,88.809837,566600
2012-10-24,121.739998,121.769997,121.529999,121.580002,88.671272,507800
2012-10-25,121.139999,121.360001,121.000000,121.220001,88.408745,417100
2012-10-26,121.480003,121.820000,121.480003,121.820000,88.846306,436900
2012-10-31,122.019997,122.580002,122.000000,122.519997,89.356819,947500
2012-11-01,122.019997,122.269997,122.000000,122.089996,89.255966,2064900
2012-11-02,121.779999,122.110001,121.769997,122.019997,89.204765,826100
2012-11-05,122.000000,122.250000,121.989998,122.180000,89.321716,980300
2012-11-06,122.180000,122.180000,121.769997,121.860001,89.087799,447000
2012-11-07,122.580002,122.699997,122.349998,122.559998,89.599571,610200
2012-11-08,122.599998,123.239998,122.470001,123.220001,90.082085,1113400
2012-11-09,123.019997,123.129997,122.680000,122.769997,89.753090,1660000
2012-11-12,122.769997,123.139999,122.769997,123.099998,89.994316,812400
2012-11-13,123.010002,123.099998,122.790001,122.959999,89.891968,1520000
2012-11-14,122.489998,122.870003,122.430000,122.839996,89.804276,538800
2012-11-15,122.680000,122.830002,122.519997,122.750000,89.738495,672300
2012-11-16,122.510002,122.980003,122.500000,122.830002,89.796951,581200
2012-11-19,122.440002,122.699997,122.440002,122.599998,89.628777,1234000
2012-11-20,122.309998,122.519997,122.209999,122.250000,89.372917,1320500
2012-11-21,122.080002,122.099998,121.889999,121.959999,89.160896,448800
2012-11-23,122.089996,122.099998,121.860001,121.870003,89.095139,681200
2012-11-26,122.099998,122.400002,122.099998,122.209999,89.343681,548600
2012-11-27,122.220001,122.339996,122.150002,122.209999,89.343681,824200
2012-11-28,122.550003,122.599998,122.379997,122.500000,89.555695,1119400
2012-11-29,122.440002,122.730003,122.379997,122.720001,89.716492,541100
2012-11-30,122.860001,123.050003,122.730003,122.910004,89.855431,670900
2012-12-03,122.379997,122.800003,122.309998,122.790001,90.123322,2222000
2012-12-04,122.599998,122.900002,122.599998,122.830002,90.152649,1463300
2012-12-05,122.919998,123.089996,122.860001,123.050003,90.314163,1839500
2012-12-06,123.150002,123.440002,123.150002,123.300003,90.497643,550900
2012-12-07,123.190002,123.279999,123.050003,123.150002,90.387581,532500
2012-12-10,123.190002,123.309998,123.099998,123.300003,90.497643,1448100
2012-12-11,123.089996,123.199997,122.900002,122.940002,90.233452,1500300
2012-12-12,123.050003,123.169998,122.559998,122.559998,89.954506,964200
2012-12-13,122.300003,122.500000,122.050003,122.220001,89.704971,2336300
2012-12-14,122.099998,122.430000,122.099998,122.349998,89.800377,437300
2012-12-17,122.400002,122.400002,121.779999,121.889999,89.462769,788900
2012-12-18,121.809998,121.820000,121.339996,121.540001,89.205856,2142200
2012-12-19,121.599998,121.970001,121.559998,121.639999,89.279297,1212000
2012-12-20,121.669998,121.919998,121.650002,121.699997,89.323326,1556300
2012-12-21,121.940002,122.190002,121.910004,122.040001,89.572845,2052300
2012-12-24,122.059998,122.089996,121.830002,121.900002,89.470100,531100
2012-12-26,121.889999,122.190002,121.889999,122.050003,89.586807,1440800
2012-12-27,121.949997,122.430000,121.949997,122.190002,89.689575,1164300
2012-12-28,122.199997,122.400002,122.070000,122.150002,89.660194,752900
2012-12-31,121.949997,121.989998,121.209999,121.410004,89.117020,1517900
2013-01-02,121.169998,121.360001,121.129997,121.339996,89.065666,2805000
2013-01-03,121.190002,121.260002,120.379997,120.510002,88.456398,3622300
2013-01-04,120.379997,120.500000,120.169998,120.459999,88.419746,940600
2013-01-07,120.510002,120.949997,120.489998,120.870003,88.720688,1237600
2013-01-08,120.980003,121.160004,120.980003,121.040001,88.845451,899300
2013-01-09,121.050003,121.389999,121.050003,121.260002,89.006927,692300
2013-01-10,121.180000,121.260002,121.029999,121.150002,88.926201,1017900
2013-01-11,120.940002,121.260002,120.830002,121.260002,89.006927,691100
2013-01-14,121.330002,121.349998,121.150002,121.300003,89.036301,709200
2013-01-15,121.430000,121.599998,121.370003,121.379997,89.095047,654100
2013-01-16,121.379997,121.459999,121.260002,121.349998,89.072998,968600
2013-01-17,121.199997,121.209999,121.000000,121.139999,88.918854,596900
2013-01-18,121.169998,121.379997,121.139999,121.339996,89.065666,892000
2013-01-22,121.129997,121.419998,121.110001,121.320000,89.051018,634700
2013-01-23,121.379997,121.500000,121.320000,121.339996,89.065666,1156300
2013-01-24,121.300003,121.379997,121.019997,121.269997,89.014290,947300
2013-01-25,121.000000,121.050003,120.629997,120.760002,88.639915,1141600
2013-01-28,120.379997,120.599998,120.330002,120.599998,88.522484,1373900
2013-01-29,120.629997,120.739998,120.360001,120.379997,88.361000,807100
2013-01-30,120.260002,120.500000,120.120003,120.419998,88.390350,1540300
2013-01-31,120.559998,120.860001,120.440002,120.779999,88.654602,1657800
2013-02-01,121.050003,121.150002,120.180000,120.190002,88.221535,4125100
2013-02-04,120.589996,121.010002,120.589996,120.970001,88.794067,2899100
2013-02-05,120.559998,120.629997,120.440002,120.620003,88.537178,978800
2013-02-06,120.680000,120.839996,120.589996,120.760002,88.639915,3383300
2013-02-07,120.650002,121.029999,120.650002,120.650002,88.559196,826400
2013-02-08,120.709999,120.730003,120.410004,120.610001,88.529808,1400100
2013-02-11,120.489998,120.690002,120.489998,120.519997,88.463753,733600
2013-02-12,120.400002,120.589996,120.370003,120.510002,88.456398,749900
2013-02-13,120.180000,120.330002,120.040001,120.169998,88.206871,1108600
2013-02-14,120.330002,120.500000,120.199997,120.379997,88.361000,633400
2013-02-15,120.129997,120.199997,119.900002,120.050003,88.118767,917900
2013-02-19,120.190002,120.239998,119.959999,119.989998,88.074715,1096300
2013-02-20,119.919998,120.230003,119.889999,120.019997,88.096741,1117900
2013-02-21,120.180000,120.290001,120.070000,120.169998,88.206871,1253000
2013-02-22,120.309998,120.470001,120.300003,120.430000,88.397697,758900
2013-02-25,120.190002,121.050003,120.169998,121.029999,88.838112,770200
2013-02-26,120.760002,121.059998,120.709999,120.739998,88.625206,768900
2013-02-27,121.059998,121.059998,120.660004,120.739998,88.625206,1033200
2013-02-28,120.809998,121.010002,120.779999,121.010002,88.823433,1255100
2013-03-01,120.940002,121.519997,120.919998,121.519997,89.197777,4043700
2013-03-04,121.209999,121.300003,121.089996,121.139999,88.918854,964500
2013-03-05,121.070000,121.180000,120.980003,121.110001,88.896843,3379200
2013-03-06,120.870003,120.980003,120.750000,120.839996,88.698654,665000
2013-03-07,120.570000,120.620003,120.349998,120.389999,88.368340,594000
2013-03-08,120.010002,120.220001,119.889999,120.000000,88.082085,2900200
2013-03-11,120.029999,120.150002,119.930000,119.940002,88.038025,1062100
2013-03-12,120.169998,120.279999,120.120003,120.160004,88.199493,1150700
2013-03-13,120.019997,120.269997,120.000000,120.190002,88.221535,961900
2013-03-14,120.070000,120.510002,120.050003,120.400002,88.375702,900500
2013-03-15,120.389999,120.610001,120.379997,120.559998,88.493118,741800
2013-03-18,120.849998,120.959999,120.769997,120.820000,88.683952,829400
2013-03-19,120.949997,121.129997,120.910004,120.940002,88.772034,701600
2013-03-20,120.790001,120.879997,120.550003,120.599998,88.522484,1002900
2013-03-21,120.750000,120.820000,120.610001,120.660004,88.566513,701000
2013-03-22,120.790001,120.940002,120.599998,120.870003,88.720688,1041300
2013-03-25,120.779999,121.040001,120.709999,120.879997,88.727982,639400
2013-03-26,120.730003,120.959999,120.620003,120.949997,88.779381,666000
2013-03-27,121.220001,121.379997,121.099998,121.320000,89.051018,636400
2013-03-28,121.220001,121.290001,121.050003,121.269997,89.014290,1139100
2013-04-01,121.019997,121.410004,121.019997,121.239998,89.051003,4659200
2013-04-02,121.300003,121.360001,121.059998,121.180000,89.007004,1313900
2013-04-03,121.279999,121.620003,121.260002,121.489998,89.234612,803300
2013-04-04,121.620003,122.080002,121.620003,122.059998,89.653290,2745400
2013-04-05,122.690002,122.809998,122.500000,122.570000,90.027924,886300
2013-04-08,122.599998,122.690002,122.010002,122.029999,89.631248,874800
2013-04-09,122.129997,122.230003,121.809998,121.919998,89.550461,1076200
2013-04-10,121.680000,121.690002,121.160004,121.239998,89.051003,976600
2013-04-11,121.440002,121.669998,121.389999,121.580002,89.300735,714000
2013-04-12,122.050003,122.180000,121.940002,122.080002,89.667992,614400
2013-04-15,122.000000,122.139999,121.919998,122.059998,89.653290,1087400
2013-04-16,121.699997,121.940002,121.690002,121.849998,89.499046,585400
2013-04-17,121.779999,121.940002,121.639999,121.830002,89.484299,621000
2013-04-18,121.820000,121.910004,120.900002,120.980003,88.860023,912100
2013-04-19,121.260002,121.570000,121.190002,121.449997,89.205254,870600
2013-04-22,121.739998,121.800003,121.610001,121.769997,89.440292,596300
2013-04-23,121.860001,122.199997,121.730003,121.830002,89.484299,550300
2013-04-24,121.760002,122.040001,121.760002,122.010002,89.616547,488400
2013-04-25,122.029999,122.199997,122.029999,122.099998,89.682655,872300
2013-04-26,122.389999,122.580002,122.389999,122.550003,90.013214,809900
2013-04-29,122.570000,122.629997,122.220001,122.220001,89.770813,660600
2013-04-30,122.230003,122.360001,121.940002,122.150002,89.719383,678300
2013-05-01,121.910004,121.910004,121.589996,121.809998,89.698051,2321400
2013-05-02,121.570000,121.699997,121.529999,121.680000,89.602333,506600
2013-05-03,121.239998,121.290001,120.750000,120.849998,88.991112,1425800
2013-05-06,120.900002,120.900002,120.519997,120.669998,88.858589,821100
2013-05-07,120.550003,120.690002,120.529999,120.660004,88.851196,768300
2013-05-08,120.459999,120.519997,120.339996,120.400002,88.659729,782600
2013-05-09,120.559998,120.599998,120.339996,120.349998,88.622940,679800
2013-05-10,120.209999,120.250000,119.690002,120.010002,88.372559,654500
2013-05-13,119.769997,119.860001,119.620003,119.650002,88.107460,834400
2013-05-14,119.720001,119.800003,119.139999,119.139999,87.731918,965800
2013-05-15,119.250000,119.349998,118.940002,119.180000,87.761406,985700
2013-05-16,119.099998,119.650002,119.080002,119.519997,88.011719,1047300
2013-05-17,119.330002,119.330002,118.900002,118.919998,87.569916,835400
2013-05-20,118.940002,119.040001,118.720001,118.889999,87.547798,1281000
2013-05-21,118.809998,119.180000,118.589996,119.139999,87.731918,1008300
2013-05-22,119.150002,119.449997,118.029999,118.070000,86.943977,1543400
2013-05-23,118.370003,118.449997,117.690002,118.099998,86.966095,1696500
2013-05-24,118.180000,118.379997,118.110001,118.199997,87.039719,792300
2013-05-28,118.120003,118.190002,117.129997,117.129997,86.251808,1264300
2013-05-29,117.209999,117.400002,116.849998,117.050003,86.192940,1974600
2013-05-30,117.110001,117.199997,116.489998,116.620003,85.876266,1562800
2013-05-31,116.820000,116.900002,116.010002,116.730003,85.957253,3125700
2013-06-03,115.910004,116.750000,115.500000,116.330002,85.878265,5215700
2013-06-04,116.180000,116.510002,116.059998,116.110001,85.715881,1703000
2013-06-05,116.339996,116.410004,116.139999,116.250000,85.819168,1543700
2013-06-06,115.690002,116.349998,115.610001,116.120003,85.723228,1286700
2013-06-07,115.699997,115.940002,115.349998,115.440002,85.221222,1275200
2013-06-10,115.180000,115.430000,114.599998,114.639999,84.630653,2052200
2013-06-11,113.870003,114.589996,113.790001,114.580002,84.586395,2558500
2013-06-12,114.410004,114.610001,113.669998,113.699997,83.936668,2283100
2013-06-13,113.980003,114.589996,113.519997,114.570000,84.578941,2234400
2013-06-14,114.980003,114.980003,114.470001,114.470001,84.505150,1083500
2013-06-17,114.620003,114.709999,114.000000,114.099998,84.232010,1590000
2013-06-18,114.099998,114.610001,114.099998,114.410004,84.460854,1267100
2013-06-19,114.709999,114.839996,112.849998,112.889999,83.338730,2040800
2013-06-20,112.470001,112.650002,111.260002,111.750000,82.497147,3001500
2013-06-21,111.550003,111.739998,110.430000,110.440002,81.530113,2374200
2013-06-24,108.919998,110.339996,108.809998,110.019997,81.220009,3696700
2013-06-25,110.300003,110.580002,110.050003,110.209999,81.360306,1629600
2013-06-26,110.809998,111.000000,110.470001,110.709999,81.729416,1148400
2013-06-27,111.260002,111.949997,111.260002,111.629997,82.408592,1227000
2013-06-28,111.250000,112.010002,111.080002,112.010002,82.689095,1407800
2013-07-01,111.370003,112.070000,111.349998,112.019997,82.806648,1048000
2013-07-02,112.220001,112.629997,112.220001,112.379997,83.072754,909700
2013-07-03,112.489998,112.690002,112.129997,112.169998,82.917542,772700
2013-07-05,111.019997,111.209999,110.610001,110.639999,81.786560,1234200
2013-07-08,110.959999,111.459999,110.959999,111.339996,82.303986,1845500
2013-07-09,111.559998,111.559998,111.250000,111.290001,82.267021,921900
2013-07-10,111.300003,111.480003,110.889999,110.910004,81.986107,1062800
2013-07-11,111.720001,111.860001,111.150002,111.680000,82.555321,1469400
2013-07-12,112.059998,112.209999,111.570000,111.720001,82.584885,830800
2013-07-15,111.839996,112.309998,111.839996,112.260002,82.984032,810600
2013-07-16,112.489998,112.779999,112.419998,112.709999,83.316681,814600
2013-07-17,113.080002,113.330002,112.900002,113.019997,83.545807,615400
2013-07-18,112.730003,112.839996,112.379997,112.610001,83.242798,795800
2013-07-19,112.949997,113.480003,112.940002,113.419998,83.841553,641200
2013-07-22,113.519997,113.550003,113.320000,113.379997,83.811981,639500
2013-07-23,113.120003,113.180000,112.879997,113.120003,83.619766,719700
2013-07-24,112.349998,112.449997,111.839996,112.199997,82.939713,753000
2013-07-25,112.010002,112.370003,111.830002,112.260002,82.984032,850600
2013-07-26,112.370003,112.480003,112.190002,112.290001,83.006264,1068200
2013-07-29,112.120003,112.250000,112.050003,112.209999,82.947075,694000
2013-07-30,112.300003,112.400002,112.080002,112.160004,82.910126,692900
2013-07-31,111.709999,112.870003,111.620003,112.870003,83.434982,1334900
2013-08-01,112.349998,112.419998,111.910004,112.010002,82.850616,1367000
2013-08-02,112.389999,112.629997,112.239998,112.580002,83.272232,768200
2013-08-05,112.470001,112.610001,112.320000,112.589996,83.279671,626300
2013-08-06,112.879997,112.879997,112.620003,112.860001,83.479355,614000
2013-08-07,113.000000,113.239998,112.940002,113.129997,83.679085,762700
2013-08-08,113.110001,113.489998,113.110001,113.250000,83.767838,573100
2013-08-09,113.129997,113.419998,113.120003,113.360001,83.849190,419500
2013-08-12,113.660004,113.660004,113.000000,113.059998,83.627258,557500
2013-08-13,112.669998,112.669998,112.040001,112.070000,82.895012,699500
2013-08-14,111.879997,112.110001,111.809998,111.830002,82.717514,685700
2013-08-15,111.010002,111.320000,110.809998,111.029999,82.125763,929100
2013-08-16,110.949997,111.029999,110.180000,110.510002,81.741142,940700
2013-08-19,110.169998,110.260002,109.760002,109.849998,81.252960,912100
2013-08-20,110.220001,110.589996,110.150002,110.529999,81.755928,719400
2013-08-21,110.360001,110.629997,109.750000,109.750000,81.179001,959800
2013-08-22,109.610001,109.809998,109.410004,109.800003,81.215981,1111600
2013-08-23,109.930000,110.620003,109.750000,110.570000,81.785522,617600
2013-08-26,110.800003,111.050003,110.750000,110.959999,82.073990,484700
2013-08-27,111.410004,111.739998,111.349998,111.639999,82.576958,564300
2013-08-28,111.419998,111.430000,111.070000,111.230003,82.273674,474000
2013-08-29,110.830002,111.309998,110.779999,111.080002,82.162735,661000
2013-08-30,111.169998,111.279999,110.589996,110.739998,81.911255,1035000
2013-09-03,110.180000,110.269997,109.680000,110.059998,81.484039,1211300
2013-09-04,110.160004,110.160004,109.449997,109.500000,81.069473,783900
2013-09-05,109.349998,109.349998,108.629997,108.709999,80.484573,976500
2013-09-06,109.209999,109.570000,109.059998,109.160004,80.817749,567300
2013-09-09,109.559998,109.669998,109.330002,109.360001,80.965828,652000
2013-09-10,109.059998,109.470001,109.029999,109.180000,80.832550,762400
2013-09-11,109.480003,109.860001,109.370003,109.800003,81.291611,754600
2013-09-12,110.230003,110.250000,109.709999,109.849998,81.328606,946300
2013-09-13,109.760002,109.930000,109.639999,109.839996,81.321205,868100
2013-09-16,110.709999,110.739998,110.070000,110.139999,81.543312,519400
2013-09-17,110.580002,110.620003,110.360001,110.570000,81.861656,554400
2013-09-18,110.449997,112.279999,110.190002,112.040001,82.949989,859900
2013-09-19,112.099998,112.129997,111.559998,111.680000,82.683456,778200
2013-09-20,111.699997,112.150002,111.580002,111.989998,82.912964,470900
2013-09-23,112.279999,112.430000,112.120003,112.379997,83.201691,703900
2013-09-24,112.470001,112.480003,112.290001,112.400002,83.216530,559100
2013-09-25,112.410004,112.559998,112.209999,112.500000,83.290550,459000
2013-09-26,112.309998,112.419998,112.160004,112.339996,83.172096,449900
2013-09-27,112.500000,112.559998,112.320000,112.370003,83.194321,360400
2013-09-30,112.400002,112.580002,112.099998,112.580002,83.349754,1100100
2013-10-01,112.510002,112.519997,112.269997,112.389999,83.243820,1383500
2013-10-02,112.629997,112.760002,112.470001,112.570000,83.377205,423700
2013-10-03,112.570000,112.849998,112.430000,112.650002,83.436424,480300
2013-10-04,112.599998,112.599998,112.330002,112.410004,83.258682,377300
2013-10-07,112.690002,112.750000,112.480003,112.529999,83.347542,405300
2013-10-08,112.519997,112.620003,112.230003,112.230003,83.125359,614800
2013-10-09,112.540001,112.540001,112.160004,112.239998,83.132729,859000
2013-10-10,112.080002,112.250000,111.970001,112.150002,83.066109,516000
2013-10-11,112.309998,112.459999,112.129997,112.129997,83.051285,641600
2013-10-14,112.089996,112.199997,111.610001,111.639999,82.688354,303800
2013-10-15,112.050003,112.110001,111.800003,111.860001,82.851280,517700
2013-10-16,111.699997,112.239998,111.639999,112.089996,83.021652,493600
2013-10-17,112.650002,112.660004,112.410004,112.529999,83.347542,503600
2013-10-18,112.720001,112.760002,112.589996,112.690002,83.466042,493500
2013-10-21,112.629997,112.660004,112.500000,112.599998,83.399406,391100
2013-10-22,113.120003,113.190002,112.980003,113.169998,83.821564,484300
2013-10-23,113.290001,113.419998,113.110001,113.120003,83.784538,369100
2013-10-24,113.209999,113.250000,112.900002,113.160004,83.814178,435300
2013-10-25,113.379997,113.459999,113.260002,113.410004,83.999352,538800
2013-10-28,113.349998,113.500000,113.330002,113.360001,83.962326,385300
2013-10-29,113.209999,113.389999,113.209999,113.290001,83.910469,409400
2013-10-30,113.320000,113.540001,113.040001,113.139999,83.799385,476600
2013-10-31,113.410004,113.419998,112.800003,112.919998,83.636368,1095000
2013-11-01,112.529999,112.639999,112.010002,112.040001,83.071472,951100
2013-11-04,112.220001,112.269997,112.080002,112.099998,83.115936,586000
2013-11-05,111.849998,111.930000,111.610001,111.660004,82.789680,506200
2013-11-06,112.050003,112.389999,112.029999,112.300003,83.264214,723800
2013-11-07,112.449997,112.629997,112.330002,112.449997,83.375435,524400
2013-11-08,111.589996,111.650002,111.360001,111.489998,82.663620,653800
2013-11-11,111.540001,111.540001,111.279999,111.279999,82.507912,809100
2013-11-12,111.519997,111.529999,111.300003,111.339996,82.552437,751500
2013-11-13,111.730003,111.750000,111.500000,111.529999,82.693283,413100
2013-11-14,111.750000,112.209999,111.739998,112.139999,83.145561,415200
2013-11-15,112.250000,112.250000,111.970001,112.190002,83.182640,565800
2013-11-18,112.209999,112.489998,112.120003,112.489998,83.405098,413100
2013-11-19,112.230003,112.290001,111.949997,112.050003,83.078835,531900
2013-11-20,111.879997,112.050003,111.220001,111.360001,82.567276,748000
2013-11-21,111.089996,111.599998,110.870003,111.550003,82.708130,814500
2013-11-22,111.800003,111.970001,111.730003,111.860001,82.937965,465500
2013-11-25,111.919998,112.070000,111.790001,111.930000,82.989883,372400
2013-11-26,112.059998,112.120003,111.919998,111.919998,82.982475,418700
2013-11-27,111.830002,111.870003,111.440002,111.699997,82.819359,333800
2013-11-29,111.580002,111.699997,111.459999,111.610001,82.752602,584300
2013-12-02,111.400002,111.419998,110.980003,111.029999,82.389023,550300
2013-12-03,111.250000,111.279999,111.050003,111.089996,82.433540,670700
2013-12-04,110.660004,110.730003,110.389999,110.470001,81.973412,670300
2013-12-05,110.430000,110.510002,110.220001,110.339996,81.876968,680900
2013-12-06,110.389999,110.500000,110.110001,110.330002,81.869568,809600
2013-12-09,110.410004,110.519997,110.290001,110.419998,81.936378,581700
2013-12-10,110.790001,110.839996,110.480003,110.709999,82.151550,1088900
2013-12-11,110.669998,110.779999,110.470001,110.529999,82.017975,1103600
2013-12-12,110.419998,110.449997,110.180000,110.220001,81.787926,754900
2013-12-13,110.430000,110.550003,110.360001,110.540001,82.025421,557200
2013-12-16,110.889999,110.889999,110.510002,110.620003,82.084763,563500
2013-12-17,110.639999,110.949997,110.599998,110.949997,82.329613,1164000
2013-12-18,110.639999,110.959999,110.320000,110.459999,81.966049,1143500
2013-12-19,110.230003,110.300003,110.010002,110.050003,81.661797,855300
2013-12-20,110.389999,110.470001,110.139999,110.419998,81.936378,783000
2013-12-23,110.370003,110.400002,110.169998,110.230003,81.795395,579700
2013-12-24,110.040001,110.089996,109.860001,109.860001,81.520828,297600
2013-12-26,109.809998,109.889999,109.720001,109.809998,81.483704,470300
2013-12-27,109.860001,109.989998,109.739998,109.750000,81.439209,466500
2013-12-30,109.980003,110.180000,109.900002,110.059998,81.669258,633200
2013-12-31,110.019997,110.089996,109.680000,109.900002,81.550499,1010000
2014-01-02,109.989998,110.370003,109.949997,110.260002,81.817642,681500
2014-01-03,110.150002,110.410004,110.150002,110.209999,81.780548,389700
2014-01-06,110.330002,110.699997,110.320000,110.580002,82.055054,1406700
2014-01-07,110.559998,110.680000,110.459999,110.599998,82.069939,392600
2014-01-08,110.379997,110.550003,110.330002,110.529999,82.017975,386500
2014-01-09,110.699997,110.970001,110.629997,110.949997,82.329613,740000
2014-01-10,111.400002,111.580002,111.330002,111.540001,82.767441,1542300
2014-01-13,111.489998,111.709999,111.449997,111.589996,82.804543,650000
2014-01-14,111.410004,111.519997,111.169998,111.209999,82.522614,586300
2014-01-15,111.019997,111.220001,110.970001,111.110001,82.448372,809800
2014-01-16,111.279999,111.400002,111.139999,111.199997,82.515129,506900
2014-01-17,111.199997,111.410004,111.050003,111.410004,82.670998,392900
2014-01-21,111.260002,111.379997,111.099998,111.199997,82.515129,1651400
2014-01-22,111.010002,111.199997,110.970001,111.010002,82.374153,1110400
2014-01-23,111.290001,111.650002,111.279999,111.489998,82.730354,669100
2014-01-24,111.650002,111.820000,111.550003,111.809998,82.967834,780000
2014-01-27,111.820000,111.879997,111.419998,111.419998,82.678421,1517800
2014-01-28,111.610001,111.639999,111.430000,111.639999,82.841690,770700
2014-01-29,111.820000,112.139999,111.669998,112.059998,83.153297,633400
2014-01-30,111.830002,112.050003,111.800003,111.989998,83.101395,472400
2014-01-31,112.180000,112.269997,112.059998,112.209999,83.264641,737000
2014-02-03,112.250000,112.879997,112.139999,112.870003,83.754364,670600
2014-02-04,112.559998,112.559998,112.230003,112.379997,83.390785,1405400
2014-02-05,112.279999,112.300003,111.860001,111.889999,83.027168,796300
2014-02-06,111.870003,111.910004,111.709999,111.910004,83.042015,353100
2014-02-07,112.019997,112.349998,111.970001,112.230003,83.279449,495500
2014-02-10,112.190002,112.379997,112.110001,112.330002,83.353668,411100
2014-02-11,112.040001,112.129997,111.879997,111.970001,83.086510,1149300
2014-02-12,111.820000,111.879997,111.599998,111.690002,82.878777,409000
2014-02-13,111.940002,112.110001,111.879997,112.070000,83.160728,375700
2014-02-14,111.959999,112.000000,111.750000,111.839996,82.990059,336700
2014-02-18,111.949997,112.230003,111.919998,112.050003,83.145889,401700
2014-02-19,112.209999,112.209999,111.739998,111.830002,82.982628,500400
2014-02-20,111.680000,111.830002,111.370003,111.489998,82.730354,512600
2014-02-21,111.459999,111.739998,111.459999,111.690002,82.878777,292000
2014-02-24,111.739998,111.809998,111.559998,111.690002,82.878777,354800
2014-02-25,111.879997,112.129997,111.879997,112.120003,83.197838,328700
2014-02-26,112.139999,112.419998,112.080002,112.379997,83.390785,366100
2014-02-27,112.500000,112.660004,112.419998,112.540001,83.509506,317300
2014-02-28,112.480003,112.760002,112.290001,112.699997,83.628235,928000
2014-03-03,112.940002,113.250000,112.930000,113.220001,84.014076,7719800
2014-03-04,112.820000,112.820000,112.459999,112.489998,83.472359,933100
2014-03-05,112.419998,112.660004,112.330002,112.650002,83.591125,1138100
2014-03-06,112.230003,112.500000,112.199997,112.370003,83.383369,308800
2014-03-07,112.059998,112.220001,112.010002,112.129997,83.205238,426400
2014-03-10,112.110001,112.220001,112.070000,112.180000,83.242416,358600
2014-03-11,112.080002,112.230003,112.000000,112.150002,83.220108,510000
2014-03-12,112.370003,112.540001,112.269997,112.389999,83.398193,435500
2014-03-13,112.150002,112.870003,112.089996,112.849998,83.739540,543000
2014-03-14,112.980003,113.040001,112.730003,112.830002,83.724686,391100
2014-03-17,112.669998,112.750000,112.529999,112.570000,83.531761,430500
2014-03-18,112.589996,112.790001,112.500000,112.790001,83.694992,542200
2014-03-19,112.620003,112.709999,111.660004,111.750000,82.923332,560100
2014-03-20,111.440002,111.480003,111.320000,111.400002,82.663567,643100
2014-03-21,111.550003,111.860001,111.529999,111.820000,82.975243,300500
2014-03-24,111.650002,112.059998,111.629997,111.959999,83.079071,352200
2014-03-25,111.900002,112.000000,111.800003,111.930000,83.056824,369700
2014-03-26,111.949997,112.320000,111.930000,112.320000,83.346207,376300
2014-03-27,112.290001,112.540001,112.220001,112.360001,83.375908,230500
2014-03-28,112.419998,112.419998,111.959999,112.080002,83.168167,303400
2014-03-31,111.820000,112.099998,111.760002,112.099998,83.183006,407700
2014-04-01,111.910004,111.930000,111.690002,111.709999,82.893600,6684900
2014-04-02,111.489998,111.639999,111.400002,111.459999,82.708099,867400
2014-04-03,111.550003,111.730003,111.529999,111.589996,82.804543,1901600
2014-04-04,111.800003,112.199997,111.800003,112.099998,83.183006,410200
2014-04-07,112.239998,112.449997,112.199997,112.269997,83.309120,583400
2014-04-08,112.239998,112.389999,112.059998,112.330002,83.353668,337900
2014-04-09,112.080002,112.500000,112.080002,112.410004,83.413071,347200
2014-04-10,112.489998,113.019997,112.489998,112.800003,83.702446,428700
2014-04-11,113.139999,113.199997,112.949997,113.089996,83.917610,509800
2014-04-14,112.989998,113.059998,112.830002,112.870003,83.754364,244600
2014-04-15,112.959999,113.300003,112.889999,113.150002,83.962143,324500
2014-04-16,112.949997,113.300003,112.940002,113.220001,84.014076,359500
2014-04-17,113.279999,113.330002,112.919998,113.080002,83.910194,688900
2014-04-21,113.160004,113.389999,113.040001,113.080002,83.910194,321500
2014-04-22,112.860001,113.150002,112.849998,113.080002,83.910194,324000
2014-04-23,113.370003,113.510002,113.260002,113.430000,84.169899,868400
2014-04-24,113.370003,113.540001,113.290001,113.500000,84.221855,617000
2014-04-25,113.610001,113.849998,113.510002,113.550003,84.258957,259000
2014-04-28,113.480003,113.529999,113.180000,113.209999,84.006653,297600
2014-04-29,112.970001,113.180000,112.910004,113.139999,83.954735,372200
2014-04-30,113.260002,113.589996,113.120003,113.580002,84.281242,757000
2014-05-01,113.419998,113.879997,113.400002,113.730003,84.584686,559700
2014-05-02,113.519997,114.160004,113.440002,114.029999,84.807785,1284500
2014-05-05,114.110001,114.129997,113.730003,113.790001,84.629265,332900
2014-05-06,113.940002,113.940002,113.699997,113.750000,84.599518,583700
2014-05-07,113.769997,113.910004,113.599998,113.820000,84.651550,274900
2014-05-08,113.849998,114.110001,113.750000,113.980003,84.770607,283300
2014-05-09,113.870003,114.000000,113.809998,113.910004,84.718567,230600
2014-05-12,113.820000,113.820000,113.470001,113.599998,84.487984,817700
2014-05-13,113.769997,113.889999,113.650002,113.889999,84.703659,475500
2014-05-14,114.279999,114.690002,114.279999,114.540001,85.187088,267600
2014-05-15,114.820000,115.239998,114.820000,115.070000,85.581284,568100
2014-05-16,115.139999,115.250000,114.940002,114.949997,85.491997,573500
2014-05-19,115.110001,115.150002,114.580002,114.610001,85.239166,503700
2014-05-20,114.620003,114.919998,114.510002,114.830002,85.402779,434800
2014-05-21,114.699997,114.779999,114.550003,114.760002,85.350708,410300
2014-05-22,114.650002,115.000000,114.570000,114.940002,85.484589,396300
2014-05-23,115.120003,115.300003,115.059998,115.209999,85.685387,426200
2014-05-27,115.199997,115.300003,114.980003,115.279999,85.737411,538700
2014-05-28,115.559998,115.949997,115.559998,115.910004,86.206017,366600
2014-05-29,115.949997,116.339996,115.849998,115.860001,86.168823,329800
2014-05-30,115.730003,115.830002,115.580002,115.589996,85.968048,804700
2014-06-02,114.779999,114.889999,114.360001,114.470001,85.620178,2089800
2014-06-03,114.230003,114.239998,113.730003,113.800003,85.119072,780600
2014-06-04,113.739998,113.800003,113.449997,113.500000,84.894653,827800
2014-06-05,113.589996,113.919998,113.550003,113.790001,85.111580,880600
2014-06-06,114.110001,114.139999,113.709999,113.790001,85.111580,518300
2014-06-09,113.690002,113.849998,113.589996,113.779999,85.104065,304500
2014-06-10,113.580002,113.699997,113.510002,113.589996,84.961983,673300
2014-06-11,113.680000,113.800003,113.599998,113.699997,85.044228,244600
2014-06-12,113.800003,114.160004,113.730003,114.040001,85.298584,794800
2014-06-13,113.669998,114.000000,113.610001,113.849998,85.156448,316600
2014-06-16,113.910004,114.040001,113.790001,113.959999,85.238708,369200
2014-06-17,114.000000,114.019997,113.730003,113.800003,85.119072,275400
2014-06-18,113.940002,114.400002,113.930000,114.360001,85.537956,282200
2014-06-19,114.639999,114.699997,114.059998,114.199997,85.418236,339600
2014-06-20,114.250000,114.620003,114.239998,114.620003,85.732391,377200
2014-06-23,114.760002,114.830002,114.489998,114.519997,85.657578,372500
2014-06-24,114.800003,115.050003,114.639999,115.040001,86.046532,374900
2014-06-25,115.209999,115.300003,115.029999,115.089996,86.083977,466800
2014-06-26,115.279999,115.459999,115.209999,115.309998,86.248489,315400
2014-06-27,115.500000,115.550003,115.300003,115.349998,86.278427,212200
2014-06-30,115.449997,115.449997,115.260002,115.360001,86.285896,358100
2014-07-01,114.760002,114.820000,114.510002,114.559998,85.943764,495000
2014-07-02,114.300003,114.330002,114.010002,114.019997,85.538681,596700
2014-07-03,113.860001,114.139999,113.800003,114.110001,85.606201,308900
2014-07-07,114.239998,114.440002,114.230003,114.330002,85.771217,466400
2014-07-08,114.550003,114.800003,114.550003,114.699997,86.048836,324400
2014-07-09,114.660004,115.070000,114.570000,114.980003,86.258873,517300
2014-07-10,115.320000,115.339996,115.029999,115.120003,86.363945,346900
2014-07-11,115.320000,115.430000,115.250000,115.290001,86.491440,804400
2014-07-14,115.190002,115.220001,114.980003,115.059998,86.318916,331300
2014-07-15,114.970001,115.199997,114.720001,114.809998,86.131325,356800
2014-07-16,114.790001,114.860001,114.699997,114.779999,86.108849,511700
2014-07-17,115.110001,115.540001,114.940002,115.500000,86.648994,542900
2014-07-18,115.449997,115.449997,115.129997,115.279999,86.483932,390900
2014-07-21,115.430000,115.650002,115.389999,115.489998,86.641502,670800
2014-07-22,115.410004,115.430000,115.209999,115.389999,86.566444,289300
2014-07-23,115.430000,115.529999,115.349998,115.379997,86.558975,426800
2014-07-24,115.089996,115.199997,114.989998,115.169998,86.401436,290200
2014-07-25,115.510002,115.680000,115.440002,115.669998,86.776512,226300
2014-07-28,115.570000,115.680000,115.389999,115.540001,86.679001,844400
2014-07-29,115.730003,115.739998,115.459999,115.709999,86.806511,291200
2014-07-30,115.339996,115.389999,114.930000,114.949997,86.236382,673400
2014-07-31,114.720001,115.190002,114.650002,114.910004,86.206352,585800
2014-08-01,114.779999,115.089996,114.410004,114.989998,86.534447,687300
2014-08-04,115.050003,115.129997,114.790001,114.820000,86.406555,822300
2014-08-05,114.680000,115.050003,114.500000,114.949997,86.504356,540700
2014-08-06,115.220001,115.279999,114.949997,114.959999,86.511902,470800
2014-08-07,115.050003,115.480003,114.910004,115.459999,86.888161,329200
2014-08-08,115.480003,115.720001,115.250000,115.360001,86.812897,349900
2014-08-11,115.440002,115.500000,115.279999,115.370003,86.820435,348500
2014-08-12,115.320000,115.349998,115.010002,115.019997,86.557045,626500
2014-08-13,115.120003,115.379997,115.040001,115.349998,86.805389,351600
2014-08-14,115.580002,115.620003,115.309998,115.470001,86.895714,458400
2014-08-15,115.519997,116.139999,115.510002,115.750000,87.106415,514800
2014-08-18,115.559998,115.599998,115.220001,115.300003,86.767761,514300
2014-08-19,115.519997,115.519997,114.970001,115.089996,86.609756,424300
2014-08-20,115.000000,115.059998,114.650002,114.750000,86.353836,409600
2014-08-21,114.730003,115.070000,114.730003,114.970001,86.519417,397300
2014-08-22,115.070000,115.169998,114.639999,114.919998,86.481804,406200
2014-08-25,115.000000,115.070000,114.860001,115.059998,86.587151,249200
2014-08-26,115.139999,115.180000,114.900002,114.970001,86.519417,658300
2014-08-27,115.169998,115.250000,115.019997,115.180000,86.677429,467100
2014-08-28,115.519997,115.540001,115.250000,115.360001,86.812897,243900
2014-08-29,115.330002,115.440002,115.180000,115.250000,86.730125,430500
2014-09-02,114.620003,114.620003,114.430000,114.440002,86.265778,1123900
2014-09-03,114.360001,114.680000,114.309998,114.650002,86.424095,1067500
2014-09-04,114.540001,114.730003,114.190002,114.220001,86.099937,312100
2014-09-05,114.459999,114.540001,114.059998,114.099998,86.009483,327800
2014-09-08,114.290001,114.339996,113.750000,113.820000,85.798401,320800
2014-09-09,113.610001,113.760002,113.480003,113.489998,85.549660,542000
2014-09-10,113.150002,113.209999,113.000000,113.059998,85.225540,1861100
2014-09-11,113.230003,113.389999,113.110001,113.110001,85.263199,808100
2014-09-12,112.800003,112.910004,112.650002,112.660004,84.923981,690800
2014-09-15,112.849998,112.919998,112.760002,112.790001,85.022018,650800
2014-09-16,112.860001,112.959999,112.720001,112.760002,84.999397,485400
2014-09-17,112.660004,112.720001,112.000000,112.000000,84.426476,648700
2014-09-18,112.080002,112.110001,111.669998,111.709999,84.207901,493400
2014-09-19,111.870003,112.080002,111.699997,112.040001,84.456680,391100
2014-09-22,112.150002,112.180000,111.860001,111.959999,84.396332,1131400
2014-09-23,112.129997,112.400002,112.099998,112.379997,84.712944,571300
2014-09-24,112.419998,112.540001,112.190002,112.279999,84.637573,927000
2014-09-25,112.500000,112.720001,112.449997,112.690002,84.946617,672800
2014-09-26,112.400002,112.400002,112.059998,112.110001,84.509460,338900
2014-09-29,112.269997,112.339996,112.139999,112.190002,84.569702,3329800
2014-09-30,112.129997,112.360001,112.059998,112.070000,84.479271,609400
2014-10-01,112.470001,113.010002,112.470001,112.870003,85.082352,1272600
2014-10-02,112.800003,112.919998,112.559998,112.589996,84.871262,2814300
2014-10-03,112.489998,112.559998,112.279999,112.410004,84.735558,631600
2014-10-06,112.459999,112.620003,112.360001,112.510002,84.810921,1593600
2014-10-07,112.750000,113.099998,112.660004,112.980003,85.165260,501800
2014-10-08,112.970001,113.660004,112.760002,113.599998,85.632584,753400
2014-10-09,113.750000,113.889999,113.449997,113.480003,85.542130,254200
2014-10-10,113.589996,113.800003,113.550003,113.790001,85.775826,307000
2014-10-13,113.970001,114.379997,113.720001,114.320000,86.175354,410900
2014-10-14,114.019997,114.160004,113.790001,114.050003,85.971802,411500
2014-10-15,115.029999,116.250000,113.930000,114.180000,86.069817,909900
2014-10-16,114.639999,114.690002,113.949997,114.040001,85.964272,455000
2014-10-17,113.989998,114.230003,113.820000,114.000000,85.934082,359900
2014-10-20,114.269997,114.269997,113.910004,114.040001,85.964272,271400
2014-10-21,113.809998,113.970001,113.720001,113.809998,85.790901,573000
2014-10-22,113.879997,113.959999,113.680000,113.760002,85.753197,389600
2014-10-23,113.550003,113.580002,113.199997,113.349998,85.444145,448900
2014-10-24,113.320000,113.489998,113.139999,113.290001,85.398911,409400
2014-10-27,113.230003,113.400002,113.180000,113.230003,85.353668,364100
2014-10-28,113.150002,113.330002,113.010002,113.180000,85.315971,437900
2014-10-29,113.250000,113.320000,112.669998,113.029999,85.202919,326100
2014-10-30,113.029999,113.239998,112.980003,112.989998,85.172760,297200
2014-10-31,113.150002,113.269997,112.959999,113.080002,85.240616,430300
2014-11-03,113.000000,113.080002,112.699997,113.080002,85.240616,2289200
2014-11-04,113.010002,113.239998,112.879997,113.040001,85.210480,1765900
2014-11-05,112.839996,113.150002,112.820000,113.150002,85.293373,370400
2014-11-06,113.000000,113.129997,112.910004,112.959999,85.150139,1014200
2014-11-07,113.150002,113.629997,113.139999,113.620003,85.647675,693100
2014-11-10,113.599998,113.620003,113.150002,113.220001,85.346130,444800
2014-11-11,113.150002,113.220001,113.029999,113.199997,85.331055,200800
2014-11-12,113.250000,113.360001,112.959999,113.040001,85.210480,451800
2014-11-13,112.970001,113.050003,112.820000,112.910004,85.112457,269100
2014-11-14,112.779999,113.220001,112.709999,113.199997,85.331055,462000
2014-11-17,113.199997,113.230003,112.779999,112.809998,85.037079,417400
2014-11-18,112.860001,112.910004,112.760002,112.910004,85.112457,565000
2014-11-19,112.559998,112.779999,112.330002,112.430000,84.750648,375700
2014-11-20,112.849998,112.879997,112.480003,112.720001,84.969284,306900
2014-11-21,112.889999,113.089996,112.889999,113.059998,85.225540,379200
2014-11-24,112.870003,113.169998,112.870003,113.150002,85.293373,446800
2014-11-25,113.080002,113.330002,112.989998,113.250000,85.368721,484700
2014-11-26,113.360001,113.440002,113.269997,113.309998,85.413986,421800
2014-11-28,113.150002,113.410004,113.110001,113.260002,85.376274,484100
2014-12-01,113.370003,113.459999,112.930000,112.930000,85.172646,3262700
2014-12-02,112.779999,112.779999,112.279999,112.290001,84.690002,1226000
2014-12-03,112.300003,112.449997,112.190002,112.430000,84.795578,1013100
2014-12-04,112.389999,112.699997,112.370003,112.650002,84.961487,332500
2014-12-05,112.430000,112.440002,111.800003,112.000000,84.471222,425400
2014-12-08,111.910004,112.639999,111.830002,112.089996,84.539108,376100
2014-12-09,112.360001,112.620003,112.339996,112.570000,84.901146,370100
2014-12-10,112.480003,112.870003,112.349998,112.800003,85.074608,1044100
2014-12-11,112.660004,112.730003,112.370003,112.650002,84.961487,309000
2014-12-12,112.650002,112.919998,112.260002,112.779999,85.059471,407500
2014-12-15,112.379997,112.570000,112.250000,112.339996,84.727707,369500
2014-12-16,112.730003,113.110001,112.529999,113.040001,85.255646,410500
2014-12-17,112.910004,113.250000,112.449997,112.510002,84.855881,771200
2014-12-18,112.190002,112.190002,111.730003,111.800003,84.320389,433300
2014-12-19,111.809998,112.349998,111.800003,112.349998,84.735222,349400
2014-12-22,112.279999,112.540001,112.250000,112.459999,84.818192,574500
2014-12-23,112.269997,112.360001,111.620003,111.650002,84.207268,464500
2014-12-24,111.279999,111.550003,111.190002,111.529999,84.116730,412100
2014-12-26,111.570000,111.720001,111.449997,111.570000,84.146957,303300
2014-12-29,111.750000,111.949997,111.519997,111.739998,84.275139,1033000
2014-12-30,111.839996,111.980003,111.669998,111.709999,84.252541,413300
2014-12-31,111.730003,112.160004,111.709999,112.010002,84.478775,493100
2015-01-02,112.220001,112.760002,112.220001,112.730003,85.021812,714500
2015-01-05,112.760002,113.040001,112.680000,112.820000,85.089699,866400
2015-01-06,113.040001,113.540001,112.730003,112.830002,85.097229,1043400
2015-01-07,112.589996,112.959999,112.360001,112.919998,85.165123,682500
2015-01-08,112.730003,112.870003,112.599998,112.739998,85.029350,567600
2015-01-09,112.620003,113.180000,112.610001,113.080002,85.285797,467400
2015-01-12,112.959999,113.150002,112.839996,113.050003,85.263161,421600
2015-01-13,112.580002,112.959999,112.500000,112.870003,85.127449,345300
2015-01-14,113.250000,113.680000,113.250000,113.540001,85.632751,450900
2015-01-15,113.709999,114.459999,113.690002,114.440002,86.311501,691300
2015-01-16,114.260002,114.430000,113.800003,113.800003,85.828812,1520200
2015-01-20,113.940002,114.360001,113.900002,114.070000,86.032463,654800
2015-01-21,114.099998,114.320000,113.529999,113.599998,85.677971,664300
2015-01-22,113.959999,113.970001,113.120003,113.629997,85.700592,676100
2015-01-23,114.000000,114.339996,113.980003,114.320000,86.221031,727100
2015-01-26,114.199997,114.370003,113.959999,114.129997,86.077698,368100
2015-01-27,114.459999,114.610001,114.320000,114.489998,86.349197,368700
2015-01-28,114.510002,115.070000,114.449997,114.930000,86.681068,426200
2015-01-29,114.709999,114.870003,114.470001,114.800003,86.583046,309700
2015-01-30,115.480003,115.709999,115.239998,115.629997,87.209000,1206900
2015-02-02,115.489998,115.760002,115.379997,115.550003,87.148689,1182900
2015-02-03,115.129997,115.160004,114.889999,115.019997,86.748970,1465900
2015-02-04,114.709999,115.330002,114.559998,115.260002,86.929970,531700
2015-02-05,115.029999,115.070000,114.680000,114.760002,86.552879,341500
2015-02-06,114.010002,114.180000,113.690002,113.860001,85.874054,556300
2015-02-09,113.980003,114.040001,113.660004,113.660004,85.723236,360200
2015-02-10,113.699997,113.750000,113.190002,113.279999,85.436646,457700
2015-02-11,113.300003,113.330002,112.800003,113.070000,85.278267,1501500
2015-02-12,113.070000,113.379997,112.860001,112.889999,85.142479,464000
2015-02-13,112.900002,112.949997,112.620003,112.660004,84.968994,506800
2015-02-17,112.510002,112.660004,111.940002,112.089996,84.539108,639800
2015-02-18,112.279999,112.839996,112.070000,112.559998,84.893578,586100
2015-02-19,112.349998,112.589996,112.230003,112.470001,84.825729,606600
2015-02-20,112.739998,113.000000,112.309998,112.480003,84.833305,505900
2015-02-23,112.599998,112.790001,112.529999,112.690002,84.991646,290100
2015-02-24,112.599998,113.430000,112.419998,113.370003,85.504501,504300
2015-02-25,113.330002,113.629997,113.120003,113.559998,85.647804,419800
2015-02-26,113.839996,113.989998,113.470001,113.480003,85.587471,532700
2015-02-27,113.870003,114.150002,113.529999,114.139999,86.085228,599500
2015-03-02,114.050003,114.050003,113.169998,113.209999,85.383827,960100
2015-03-03,113.190002,113.480003,113.169998,113.370003,85.504501,3945400
2015-03-04,113.540001,113.699997,113.300003,113.480003,85.587471,445200
2015-03-05,113.449997,113.550003,113.029999,113.279999,85.436646,429600
2015-03-06,112.580002,112.620003,111.930000,111.970001,84.448608,494000
2015-03-09,112.209999,112.269997,111.790001,111.800003,84.320389,660800
2015-03-10,111.889999,112.050003,111.779999,111.930000,84.418457,708500
2015-03-11,112.089996,112.180000,111.889999,112.120003,84.561729,360900
2015-03-12,112.330002,112.440002,111.790001,111.870003,84.373207,366300
2015-03-13,111.699997,111.870003,111.510002,111.510002,84.101707,291200
2015-03-16,111.910004,111.930000,111.500000,111.669998,84.222328,305400
2015-03-17,111.610001,111.800003,111.500000,111.779999,84.305328,287700
2015-03-18,111.970001,113.550003,111.830002,113.489998,85.595009,518700
2015-03-19,113.389999,113.690002,112.930000,113.419998,85.542259,390400
2015-03-20,113.690002,113.790001,113.529999,113.760002,85.798645,370700
2015-03-23,113.769997,113.860001,113.540001,113.709999,85.760918,402200
2015-03-24,113.940002,114.330002,113.849998,114.260002,86.175758,323300
2015-03-25,114.540001,114.610001,114.169998,114.230003,86.153122,369400
2015-03-26,114.230003,114.230003,113.519997,113.620003,85.693069,502800
2015-03-27,113.760002,113.889999,113.559998,113.669998,85.730797,522400
2015-03-30,113.669998,113.669998,113.269997,113.330002,85.474342,385500
2015-03-31,113.209999,113.680000,113.029999,113.589996,85.670425,450300
2015-04-01,114.080002,114.519997,114.010002,114.470001,86.334129,910600
2015-04-02,114.349998,114.449997,114.019997,114.050003,86.017372,1088300
2015-04-06,114.790001,114.889999,114.339996,114.500000,86.356766,708600
2015-04-07,114.349998,114.769997,114.279999,114.750000,86.545303,360100
2015-04-08,114.349998,114.559998,114.099998,114.470001,86.334129,966400
2015-04-09,114.449997,114.470001,113.970001,114.059998,86.024910,369200
2015-04-10,114.180000,114.260002,113.870003,113.949997,85.941902,399100
2015-04-13,113.790001,114.040001,113.769997,113.980003,85.964577,305700
2015-04-14,114.419998,114.599998,114.199997,114.279999,86.190842,328400
2015-04-15,114.519997,114.720001,114.430000,114.629997,86.454803,477900
2015-04-16,114.500000,114.790001,114.220001,114.760002,86.552879,362700
2015-04-17,114.870003,115.589996,114.849998,115.489998,87.103416,7973900
2015-04-20,115.300003,115.360001,115.059998,115.180000,86.869606,806100
2015-04-21,114.980003,115.099998,114.669998,114.769997,86.560402,2082000
2015-04-22,114.660004,114.690002,114.150002,114.239998,86.160683,360900
2015-04-23,114.320000,114.730003,114.290001,114.529999,86.379387,545200
2015-04-24,114.760002,115.029999,114.739998,115.019997,86.748970,405400
2015-04-27,115.010002,115.190002,114.849998,115.040001,86.764030,875900
2015-04-28,114.690002,114.910004,114.349998,114.379997,86.266266,1152900
2015-04-29,114.070000,114.410004,113.820000,114.169998,86.107864,583800
2015-04-30,114.040001,114.430000,113.779999,114.360001,86.251167,674700
2015-05-01,114.150002,114.230003,113.720001,113.889999,85.896690,939700
2015-05-04,113.959999,114.040001,113.309998,113.449997,85.564857,1155200
2015-05-05,113.580002,113.589996,113.050003,113.400002,85.527130,516400
2015-05-06,113.209999,113.220001,112.360001,112.489998,84.840790,1082200
2015-05-07,112.669998,113.010002,112.510002,112.779999,85.059471,353400
2015-05-08,113.470001,113.589996,113.160004,113.250000,85.413971,650700
2015-05-11,112.879997,112.889999,112.180000,112.220001,84.637169,656700
2015-05-12,112.160004,112.540001,112.040001,112.330002,84.720169,477800
2015-05-13,112.730003,112.790001,112.160004,112.160004,84.591904,391100
2015-05-14,112.330002,112.629997,112.230003,112.370003,84.750313,493800
2015-05-15,112.660004,113.199997,112.599998,113.150002,85.338585,289500
2015-05-18,112.769997,112.800003,112.459999,112.550003,84.886063,463400
2015-05-19,111.910004,112.389999,111.900002,112.010002,84.478775,393200
2015-05-20,112.250000,112.669998,112.129997,112.309998,84.705070,391400
2015-05-21,112.470001,112.839996,112.470001,112.739998,85.029350,498800
2015-05-22,112.970001,113.000000,112.660004,112.930000,85.172646,468900
2015-05-26,112.849998,113.199997,112.800003,113.019997,85.240524,408200
2015-05-27,112.830002,112.980003,112.639999,112.919998,85.165123,377300
2015-05-28,112.769997,112.910004,112.589996,112.849998,85.112320,377300
2015-05-29,113.089996,113.459999,113.040001,113.209999,85.383827,561300
2015-06-01,113.059998,113.110001,112.430000,112.510002,84.855881,1019100
2015-06-02,112.239998,112.260002,111.989998,112.050003,84.508934,1524800
2015-06-03,111.610001,111.690002,111.129997,111.360001,83.988548,564500
2015-06-04,111.540001,111.889999,111.489998,111.669998,84.222328,304400
2015-06-05,111.180000,111.580002,111.080002,111.360001,83.988548,295100
2015-06-08,111.610001,111.650002,111.400002,111.510002,84.101707,288500
2015-06-09,111.379997,111.449997,111.110001,111.260002,83.913124,311100
2015-06-10,111.180000,111.250000,110.750000,110.860001,83.611450,417900
2015-06-11,111.139999,111.430000,110.989998,111.410004,84.026268,427900
2015-06-12,111.290001,111.769997,111.269997,111.470001,84.071503,376300
2015-06-15,111.779999,111.879997,111.510002,111.830002,84.342995,298800
2015-06-16,112.010002,112.489998,111.910004,112.489998,84.840790,374400
2015-06-17,112.279999,112.650002,111.790001,112.620003,84.938850,867000
2015-06-18,112.120003,112.370003,111.970001,112.349998,84.735222,394900
2015-06-19,112.360001,112.739998,112.360001,112.610001,84.931335,446200
2015-06-22,112.290001,112.440002,112.019997,112.110001,84.554245,373800
2015-06-23,111.750000,112.169998,111.660004,111.860001,84.365646,407400
2015-06-24,111.959999,112.220001,111.849998,112.059998,84.516487,502800
2015-06-25,111.949997,112.099998,111.790001,111.940002,84.426003,402100
2015-06-26,111.559998,111.650002,111.370003,111.440002,84.048851,370300
2015-06-29,111.849998,112.410004,111.680000,112.260002,84.667397,564800
2015-06-30,112.080002,112.570000,112.050003,112.050003,84.508934,384600
2015-07-01,111.709999,111.940002,111.620003,111.639999,84.199738,1317500
2015-07-02,112.019997,112.309998,111.900002,112.129997,84.569283,850300
2015-07-06,112.580002,112.760002,112.250000,112.570000,84.901146,634400
2015-07-07,113.029999,113.290001,112.820000,112.940002,85.180237,995200
2015-07-08,113.110001,113.139999,112.849998,113.080002,85.285797,1842700
2015-07-09,112.690002,112.769997,112.309998,112.349998,84.735222,461300
2015-07-10,111.830002,112.089996,111.650002,111.820000,84.335510,699500
2015-07-13,111.510002,111.800003,111.419998,111.430000,84.041351,410400
2015-07-14,111.559998,111.720001,111.459999,111.610001,84.177040,359600
2015-07-15,111.599998,112.029999,111.500000,111.919998,84.410934,361100
2015-07-16,111.809998,112.169998,111.669998,112.059998,84.516487,716700
2015-07-17,111.889999,112.129997,111.889999,112.019997,84.486313,228400
2015-07-20,111.769997,111.870003,111.580002,111.720001,84.260033,355200
2015-07-21,111.650002,112.059998,111.589996,111.980003,84.456154,679900
2015-07-22,112.019997,112.309998,111.989998,112.029999,84.493881,320300
2015-07-23,111.959999,112.320000,111.910004,112.220001,84.637169,321000
2015-07-24,112.339996,112.360001,111.910004,112.099998,84.546677,632000
2015-07-27,112.370003,112.449997,112.129997,112.330002,84.720169,397000
2015-07-28,112.080002,112.250000,112.000000,112.059998,84.516487,389000
2015-07-29,112.019997,112.209999,111.820000,112.050003,84.508934,382700
2015-07-30,112.190002,112.360001,112.099998,112.209999,84.629646,290600
2015-07-31,112.550003,112.709999,112.449997,112.650002,84.961487,299000
2015-08-03,112.589996,112.680000,112.419998,112.550003,84.886063,1030500
2015-08-04,112.419998,112.500000,111.889999,111.919998,84.410934,2022400
2015-08-05,111.830002,111.870003,111.540001,111.570000,84.146957,424000
2015-08-06,111.599998,111.790001,111.480003,111.769997,84.297791,372200
2015-08-07,111.800003,112.209999,111.699997,112.080002,84.531586,475800
2015-08-10,111.910004,112.000000,111.830002,111.919998,84.410934,486700
2015-08-11,112.139999,112.500000,112.099998,112.379997,84.757843,1401500
2015-08-12,112.500000,112.839996,112.050003,112.120003,84.561729,461400
2015-08-13,111.720001,111.910004,111.540001,111.820000,84.335510,447700
2015-08-14,111.660004,111.959999,111.599998,111.699997,84.244987,1885400
2015-08-17,111.970001,112.089996,111.680000,111.690002,84.237419,393200
2015-08-18,111.470001,111.680000,111.389999,111.419998,84.033791,394900
2015-08-19,111.150002,111.910004,111.059998,111.800003,84.320389,500500
2015-08-20,111.760002,112.169998,111.610001,112.110001,84.554245,552300
2015-08-21,112.040001,112.209999,111.860001,112.150002,84.584373,586300
2015-08-24,112.580002,112.839996,111.639999,111.760002,84.290253,960300
2015-08-25,111.610001,111.739998,111.239998,111.489998,84.086601,1027200
2015-08-26,111.160004,111.669998,110.769997,110.820000,83.581299,562100
2015-08-27,111.129997,111.599998,111.089996,111.360001,83.988548,601600
2015-08-28,111.720001,112.000000,111.620003,111.680000,84.229881,452700
2015-08-31,111.860001,111.889999,111.379997,111.580002,84.154465,3113900
2015-09-01,111.180000,111.290001,110.900002,111.070000,84.001701,831300
2015-09-02,110.970001,111.070000,110.720001,110.720001,83.737015,2281900
2015-09-03,110.839996,110.930000,110.690002,110.730003,83.744568,478000
2015-09-04,110.849998,111.050003,110.690002,110.910004,83.880714,358200
2015-09-08,110.580002,110.610001,110.360001,110.410004,83.502556,415900
2015-09-09,110.220001,110.769997,110.190002,110.660004,83.691628,429400
2015-09-10,110.550003,110.699997,110.480003,110.690002,83.714302,576200
2015-09-11,110.940002,111.099998,110.830002,111.000000,83.948784,1127600
2015-09-14,111.080002,111.169998,110.760002,110.790001,83.789948,461600
2015-09-15,110.599998,110.680000,109.970001,110.040001,83.222717,316300
2015-09-16,110.019997,110.330002,109.919998,110.010002,83.200035,438800
2015-09-17,109.980003,110.889999,109.790001,110.870003,83.850433,380800
2015-09-18,110.900002,111.269997,110.809998,111.220001,84.115166,348400
2015-09-21,110.949997,110.949997,110.449997,110.519997,83.585739,398500
2015-09-22,110.599998,110.879997,110.440002,110.790001,83.789948,409400
2015-09-23,110.720001,110.900002,110.620003,110.709999,83.729439,254500
2015-09-24,110.940002,111.099998,110.690002,110.720001,83.737015,459500
2015-09-25,110.459999,110.570000,110.129997,110.129997,83.290779,436700
2015-09-28,110.199997,110.529999,110.120003,110.160004,83.313522,475600
2015-09-29,110.419998,110.589996,110.339996,110.470001,83.547928,373100
2015-09-30,110.529999,110.699997,110.459999,110.690002,83.714302,537900
2015-10-01,111.099998,111.290001,110.980003,111.029999,84.018494,529700
2015-10-02,111.800003,111.959999,111.519997,111.669998,84.502808,771300
2015-10-05,111.669998,111.730003,111.320000,111.330002,84.245514,617600
2015-10-06,111.330002,111.800003,111.309998,111.650002,84.487656,481200
2015-10-07,111.489998,111.730003,111.410004,111.629997,84.472542,458100
2015-10-08,111.660004,111.889999,111.430000,111.589996,84.442238,427000
2015-10-09,111.410004,111.610001,111.209999,111.279999,84.207703,607500
2015-10-12,111.470001,111.580002,111.349998,111.480003,84.359039,287700
2015-10-13,111.389999,111.540001,111.209999,111.419998,84.313614,395500
2015-10-14,111.500000,111.809998,111.389999,111.800003,84.601166,466400
2015-10-15,111.820000,111.849998,111.510002,111.589996,84.442238,1843800
2015-10-16,111.500000,111.500000,111.250000,111.290001,84.215279,467700
2015-10-19,111.120003,111.190002,110.919998,111.099998,84.071480,326600
2015-10-20,110.849998,110.980003,110.750000,110.970001,83.973076,420300
2015-10-21,111.120003,111.269997,111.040001,111.040001,84.026085,371800
2015-10-22,111.129997,111.510002,111.019997,111.419998,84.313614,368400
2015-10-23,111.260002,111.339996,111.139999,111.260002,84.192543,304000
2015-10-26,111.400002,111.449997,111.230003,111.230003,84.169868,256300
2015-10-27,111.500000,111.599998,111.400002,111.480003,84.359039,312300
2015-10-28,111.389999,111.430000,110.839996,110.919998,83.935272,387500
2015-10-29,110.690002,110.779999,110.480003,110.620003,83.708275,478200
2015-10-30,110.839996,110.980003,110.709999,110.959999,83.965561,807300
2015-11-02,110.709999,110.919998,110.629997,110.910004,83.927711,1377000
2015-11-03,110.860001,111.000000,110.629997,110.720001,83.783943,653700
2015-11-04,110.760002,110.930000,110.339996,110.570000,83.670433,533200
2015-11-05,110.400002,110.430000,110.029999,110.220001,83.405602,547900
2015-11-06,109.940002,109.940002,109.620003,109.760002,83.057480,455800
2015-11-09,109.610001,109.919998,109.610001,109.720001,83.027214,549900
2015-11-10,109.800003,110.019997,109.660004,109.680000,82.996941,856000
2015-11-11,109.589996,109.699997,109.510002,109.669998,82.989380,439200
2015-11-12,109.559998,109.739998,109.529999,109.669998,82.989380,569400
2015-11-13,109.870003,109.970001,109.760002,109.820000,83.102890,564500
2015-11-16,110.019997,110.019997,109.660004,109.760002,83.057480,544300
2015-11-17,109.709999,110.110001,109.680000,109.959999,83.208809,810100
2015-11-18,109.860001,110.160004,109.809998,110.120003,83.329941,558900
2015-11-19,110.349998,110.529999,110.250000,110.510002,83.625053,504000
2015-11-20,110.510002,110.690002,110.489998,110.599998,83.693138,445600
2015-11-23,110.570000,110.820000,110.449997,110.730003,83.791504,533200
2015-11-24,110.820000,110.980003,110.730003,110.849998,83.882301,578100
2015-11-25,110.739998,110.870003,110.599998,110.790001,83.836906,567100
2015-11-27,110.870003,110.930000,110.790001,110.849998,83.882301,309000
2015-11-30,110.889999,111.000000,110.669998,110.800003,83.844498,1383700
2015-12-01,110.820000,111.330002,110.790001,111.209999,84.154724,1398600
2015-12-02,110.940002,110.980003,110.730003,110.830002,83.867180,838600
2015-12-03,110.650002,110.650002,110.019997,110.139999,83.345047,1903800
2015-12-04,110.330002,110.629997,110.220001,110.419998,83.556915,950500
2015-12-07,110.230003,110.620003,110.199997,110.379997,83.526672,456200
2015-12-08,110.379997,110.580002,110.239998,110.410004,83.549347,375500
2015-12-09,110.260002,110.440002,110.110001,110.199997,83.390434,531100
2015-12-10,110.160004,110.230003,109.900002,109.959999,83.208809,392700
2015-12-11,110.300003,110.480003,110.099998,110.320000,83.481239,361700
2015-12-14,109.910004,110.000000,109.480003,109.529999,82.883438,645100
2015-12-15,109.500000,109.610001,109.389999,109.470001,82.838058,1634600
2015-12-16,109.330002,109.489998,108.980003,109.150002,82.595894,505100
2015-12-17,109.120003,109.669998,109.120003,109.529999,82.883438,1722200
2015-12-18,109.650002,109.970001,109.610001,109.830002,83.110489,825900
2015-12-21,109.739998,109.820000,109.550003,109.629997,82.959114,519700
2015-12-22,109.449997,109.540001,109.339996,109.480003,82.845619,758800
2015-12-23,109.230003,109.669998,109.230003,109.580002,82.921310,846900
2015-12-24,109.839996,109.839996,109.610001,109.769997,83.065063,302700
2015-12-28,109.739998,109.989998,109.650002,109.800003,83.087738,1357000
2015-12-29,109.760002,109.849998,109.300003,109.379997,82.769875,682900
2015-12-30,109.239998,109.599998,109.209999,109.500000,82.860733,574500
2015-12-31,109.660004,109.910004,109.589996,109.680000,82.996941,553300
2016-01-04,110.220001,110.370003,109.989998,110.110001,83.322357,1356200
2016-01-05,109.879997,110.129997,109.820000,110.040001,83.269371,648000
2016-01-06,110.120003,110.419998,110.059998,110.389999,83.534233,418200
2016-01-07,110.320000,110.430000,110.129997,110.300003,83.466103,877600
2016-01-08,110.129997,110.430000,110.110001,110.389999,83.534233,587300
2016-01-11,110.099998,110.239998,109.779999,109.809998,83.095322,758400
2016-01-12,109.910004,110.360001,109.839996,110.110001,83.322357,799100
2016-01-13,110.019997,110.589996,110.000000,110.339996,83.496422,544600
2016-01-14,110.269997,110.449997,110.120003,110.239998,83.420692,1006200
2016-01-15,110.519997,110.650002,110.209999,110.239998,83.420692,851400
2016-01-19,110.190002,110.400002,110.050003,110.129997,83.337471,967900
2016-01-20,110.470001,110.629997,110.089996,110.190002,83.382851,784300
2016-01-21,110.320000,110.430000,109.790001,109.790001,83.080162,1344300
2016-01-22,109.769997,110.070000,109.769997,109.949997,83.201279,1215200
2016-01-25,110.089996,110.220001,110.050003,110.160004,83.360199,810600
2016-01-26,110.320000,110.559998,110.230003,110.440002,83.572044,415100
2016-01-27,110.279999,110.790001,109.900002,110.720001,83.783943,567200
2016-01-28,110.769997,111.050003,110.680000,110.949997,83.957970,1020500
2016-01-29,111.410004,111.550003,111.220001,111.400002,84.298523,1017200
2016-02-01,111.260002,111.410004,111.040001,111.199997,84.147133,1366700
2016-02-02,111.480003,111.650002,111.430000,111.540001,84.404457,1061800
2016-02-03,111.709999,112.239998,111.580002,111.680000,84.510353,822800
2016-02-04,111.760002,111.910004,111.570000,111.699997,84.525505,608200
2016-02-05,111.480003,111.620003,111.320000,111.389999,84.290962,554800
2016-02-08,111.470001,111.830002,111.400002,111.470001,84.351448,782400
2016-02-09,111.410004,111.459999,110.919998,111.220001,84.162308,652100
2016-02-10,111.370003,111.709999,111.349998,111.629997,84.472542,795300
2016-02-11,111.860001,112.209999,111.660004,112.019997,84.767639,1290400
2016-02-12,111.839996,112.139999,111.449997,111.599998,84.449860,626700
2016-02-16,111.379997,111.529999,111.089996,111.139999,84.101753,1349900
2016-02-17,111.250000,111.269997,110.940002,110.949997,83.957970,718600
2016-02-18,111.000000,111.459999,110.800003,111.260002,84.192543,987400
2016-02-19,111.330002,111.589996,111.180000,111.349998,84.260643,659400
2016-02-22,111.470001,111.650002,111.360001,111.620003,84.465004,493400
2016-02-23,111.269997,111.959999,111.269997,111.959999,84.722260,497400
2016-02-24,112.150002,112.620003,112.080002,112.209999,84.911438,708600
2016-02-25,112.269997,112.830002,112.260002,112.669998,85.259560,1431300
2016-02-26,112.230003,112.470001,112.169998,112.379997,85.040085,860800
2016-02-29,112.489998,112.830002,112.360001,112.760002,85.327652,1823600
2016-03-01,112.870003,112.989998,112.230003,112.449997,85.093048,3510600
2016-03-02,112.220001,112.690002,112.220001,112.690002,85.274666,2099800
2016-03-03,112.669998,113.050003,112.629997,112.919998,85.448738,1068800
2016-03-04,112.860001,112.989998,112.370003,112.570000,85.183868,2049500
2016-03-07,112.440002,112.449997,112.040001,112.120003,84.843307,807400
2016-03-08,112.470001,112.639999,112.370003,112.550003,85.168732,763800
2016-03-09,112.260002,112.669998,112.239998,112.480003,85.115784,664000
2016-03-10,112.550003,112.680000,111.940002,112.089996,84.820625,1119700
2016-03-11,112.190002,112.190002,111.839996,112.050003,84.790359,580500
2016-03-14,112.029999,112.169998,111.900002,111.919998,84.692009,752000
2016-03-15,111.959999,112.089996,111.660004,111.699997,84.525505,828100
2016-03-16,111.959999,112.900002,111.919998,112.889999,85.426018,823500
2016-03-17,113.120003,113.510002,113.000000,113.139999,85.615211,1926700
2016-03-18,113.650002,113.779999,113.180000,113.519997,85.902763,1320200
2016-03-21,113.400002,113.809998,113.230003,113.550003,85.925453,1011700
2016-03-22,113.709999,113.709999,113.230003,113.260002,85.705963,1029000
2016-03-23,113.250000,113.550003,113.250000,113.379997,85.796799,753500
2016-03-24,113.269997,113.500000,113.120003,113.120003,85.600067,1225500
2016-03-28,113.150002,113.349998,113.080002,113.260002,85.705963,877500
2016-03-29,113.550003,114.500000,113.459999,114.449997,86.606499,1761200
2016-03-30,114.309998,114.540001,114.199997,114.519997,86.659477,752100
2016-03-31,114.599998,114.739998,114.459999,114.639999,86.750290,1702800
2016-04-01,114.790001,114.879997,114.410004,114.730003,86.818398,2303600
2016-04-04,114.860001,114.970001,114.739998,114.870003,86.924355,2679600
2016-04-05,115.000000,115.110001,114.790001,114.989998,87.015137,1817000
2016-04-06,114.800003,114.949997,114.389999,114.690002,86.788109,2744100
2016-04-07,114.980003,115.139999,114.900002,115.089996,87.090813,1217300
2016-04-08,114.989998,114.989998,114.730003,114.860001,86.916756,769500
2016-04-11,114.650002,114.879997,114.470001,114.570000,86.697311,686000
2016-04-12,114.339996,114.339996,114.029999,114.089996,86.334068,1314400
2016-04-13,113.980003,114.309998,113.910004,114.190002,86.409737,809600
2016-04-14,113.879997,114.540001,113.820000,113.919998,86.205429,1222500
2016-04-15,113.940002,114.419998,113.879997,114.330002,86.515663,541600
2016-04-18,114.110001,114.320000,114.029999,114.309998,86.500511,755000
2016-04-19,114.410004,114.570000,114.320000,114.510002,86.651878,619600
2016-04-20,114.519997,114.800003,114.010002,114.029999,86.288689,631500
2016-04-21,113.860001,114.029999,113.669998,113.889999,86.182732,838000
2016-04-22,114.000000,114.089996,113.820000,113.820000,86.129753,743300
2016-04-25,113.930000,114.070000,113.690002,113.690002,86.031357,1148000
2016-04-26,113.809998,113.820000,113.589996,113.639999,85.993561,816800
2016-04-27,114.059998,114.419998,113.739998,114.330002,86.515663,677700
2016-04-28,114.470001,114.959999,114.419998,114.930000,86.969696,1822300
2016-04-29,114.720001,115.089996,114.540001,114.879997,86.931870,798600
2016-05-02,114.660004,114.709999,114.300003,114.500000,86.644341,4130100
2016-05-03,114.830002,114.830002,114.550003,114.550003,86.682167,2645800
2016-05-04,114.699997,114.730003,114.440002,114.680000,86.780556,1321300
2016-05-05,114.680000,115.070000,114.559998,115.050003,87.060539,2363900
2016-05-06,115.019997,115.019997,114.580002,114.650002,86.757866,1271900
2016-05-09,114.790001,114.830002,114.550003,114.720001,86.810822,1020600
2016-05-10,115.019997,115.080002,114.680000,115.070000,87.075676,1118100
2016-05-11,115.089996,115.419998,114.949997,115.050003,87.060539,3774200
2016-05-12,114.870003,115.019997,114.720001,114.970001,86.999992,1327900
2016-05-13,115.059998,115.279999,114.959999,115.250000,87.211891,835500
2016-05-16,115.139999,115.220001,115.059998,115.120003,87.113518,704500
2016-05-17,115.160004,115.419998,115.129997,115.199997,87.174034,781000
2016-05-18,114.949997,114.980003,114.019997,114.199997,86.417290,1320600
2016-05-19,114.139999,114.330002,114.080002,114.150002,86.379486,795000
2016-05-20,114.199997,114.349998,114.089996,114.089996,86.334068,818200
2016-05-23,114.000000,114.230003,113.360001,114.150002,86.379486,748600
2016-05-24,114.010002,114.129997,113.839996,114.040001,86.296234,456700
2016-05-25,114.110001,114.199997,114.000000,114.129997,86.364342,546400
2016-05-26,114.400002,114.629997,114.339996,114.459999,86.614029,1096900
2016-05-27,114.510002,114.800003,114.250000,114.309998,86.500511,532800
2016-05-31,114.080002,114.320000,114.000000,114.139999,86.371910,588700
2016-06-01,114.260002,114.279999,113.919998,113.930000,86.240227,5882800
2016-06-02,114.059998,114.410004,113.970001,114.320000,86.535431,1874200
2016-06-03,115.199997,115.260002,115.000000,115.059998,87.095551,580400
2016-06-06,114.900002,115.269997,114.870003,115.190002,87.193970,543800
2016-06-07,115.339996,115.580002,115.339996,115.500000,87.428612,1030600
2016-06-08,115.760002,115.790001,115.610001,115.769997,87.632988,1086500
2016-06-09,115.949997,115.949997,115.709999,115.809998,87.663284,535500
2016-06-10,115.849998,116.000000,115.739998,115.809998,87.663284,662600
2016-06-13,115.699997,115.779999,115.570000,115.660004,87.549728,650500
2016-06-14,115.639999,115.699997,115.370003,115.370003,87.330231,659100
2016-06-15,115.410004,115.910004,115.129997,115.910004,87.738976,1116500
2016-06-16,115.879997,116.040001,115.629997,115.680000,87.564857,567100
2016-06-17,115.720001,115.730003,115.239998,115.389999,87.345345,747900
2016-06-20,115.169998,115.250000,114.940002,115.059998,87.095551,955400
2016-06-21,114.889999,114.959999,114.680000,114.709999,86.830627,1413800
2016-06-22,114.760002,115.139999,114.529999,115.019997,87.065308,3495300
2016-06-23,115.059998,115.279999,114.989998,115.059998,87.095551,510300
2016-06-24,115.769997,116.089996,115.629997,115.779999,87.640572,1366100
2016-06-27,116.000000,116.250000,115.839996,116.120003,87.897934,826100
2016-06-28,116.199997,116.529999,116.089996,116.519997,88.200714,729800
2016-06-29,116.629997,116.709999,116.349998,116.449997,88.147758,792200
2016-06-30,116.540001,116.860001,116.470001,116.669998,88.314278,1322400
2016-07-01,117.000000,117.400002,116.650002,117.059998,89.000046,2362500
2016-07-05,117.160004,117.330002,117.019997,117.250000,89.144493,691400
2016-07-06,117.480003,117.550003,117.220001,117.529999,89.357368,791300
2016-07-07,117.510002,117.550003,117.220001,117.290001,89.174927,1912700
2016-07-08,117.400002,117.550003,117.169998,117.550003,89.372597,1047800
2016-07-11,117.379997,117.430000,116.959999,116.980003,88.939247,904600
2016-07-12,116.849998,116.849998,116.540001,116.589996,88.642738,894100
2016-07-13,116.910004,117.150002,116.739998,116.839996,88.832771,813200
2016-07-14,116.610001,116.699997,116.330002,116.540001,88.604698,860500
2016-07-15,116.330002,116.440002,116.220001,116.410004,88.505913,2211600
2016-07-18,116.440002,116.559998,116.220001,116.330002,88.445023,928200
2016-07-19,116.489998,116.519997,116.269997,116.339996,88.452682,1040100
2016-07-20,116.070000,116.220001,115.860001,116.129997,88.292976,789600
2016-07-21,115.879997,116.269997,115.779999,116.180000,88.331017,645900
2016-07-22,115.970001,116.190002,115.660004,116.080002,88.254967,820600
2016-07-25,116.059998,116.099998,115.830002,115.830002,88.064903,770000
2016-07-26,116.010002,116.050003,115.730003,116.029999,88.216965,928800
2016-07-27,116.169998,116.480003,115.980003,116.480003,88.559067,714200
2016-07-28,116.459999,116.680000,116.269997,116.639999,88.680717,1113300
2016-07-29,116.949997,117.080002,116.830002,116.900002,88.878418,971500
2016-08-01,116.120003,116.169998,115.730003,115.750000,88.352524,3330800
2016-08-02,115.370003,115.589996,115.180000,115.180000,87.917389,1182500
2016-08-03,115.379997,115.559998,115.110001,115.510002,88.169319,968500
2016-08-04,116.019997,116.360001,115.930000,115.989998,88.535683,591000
2016-08-05,115.860001,115.959999,115.639999,115.709999,88.321945,628500
2016-08-08,115.779999,116.000000,115.629997,115.790001,88.382988,881300
2016-08-09,115.790001,116.099998,115.720001,116.070000,88.596764,633000
2016-08-10,116.180000,116.239998,116.040001,116.099998,88.619637,883800
2016-08-11,116.080002,116.110001,115.709999,115.790001,88.382988,690800
2016-08-12,116.279999,116.339996,116.080002,116.089996,88.612007,1798200
2016-08-15,116.050003,116.160004,115.790001,115.790001,88.382988,604700
2016-08-16,115.500000,115.720001,115.459999,115.629997,88.260880,800300
2016-08-17,115.709999,116.040001,115.620003,115.980003,88.528076,509500
2016-08-18,116.150002,116.339996,116.029999,116.180000,88.680725,895700
2016-08-19,116.000000,116.059998,115.760002,115.989998,88.535683,501300
2016-08-22,116.180000,116.309998,116.050003,116.230003,88.718864,576600
2016-08-23,116.370003,116.440002,116.220001,116.389999,88.840973,1067800
2016-08-24,116.540001,116.540001,116.209999,116.209999,88.703613,914200
2016-08-25,116.120003,116.320000,116.010002,116.150002,88.657806,1819600
2016-08-26,116.480003,116.760002,115.620003,115.699997,88.314308,1004500
2016-08-29,115.930000,116.120003,115.830002,116.120003,88.634933,696200
2016-08-30,116.120003,116.129997,115.949997,116.019997,88.558571,579500
2016-08-31,115.870003,116.169998,115.849998,116.040001,88.573845,690900
2016-09-01,115.379997,115.830002,115.330002,115.720001,88.648903,3705600
2016-09-02,115.680000,115.690002,115.339996,115.589996,88.549355,1089300
2016-09-06,115.639999,116.279999,115.529999,116.139999,88.970673,1670800
2016-09-07,116.410004,116.430000,116.209999,116.290001,89.085587,811800
2016-09-08,116.230003,116.320000,115.790001,115.879997,88.771492,668000
2016-09-09,115.339996,115.349998,115.080002,115.080002,88.158646,863400
2016-09-12,114.980003,115.260002,114.839996,115.120003,88.189301,776100
2016-09-13,115.180000,115.239998,114.370003,114.610001,87.798599,1087800
2016-09-14,114.660004,114.910004,114.599998,114.790001,87.936470,688100
2016-09-15,114.620003,114.849998,114.470001,114.760002,87.913536,698300
2016-09-16,115.099998,115.110001,114.839996,114.949997,88.059074,1003200
2016-09-19,115.040001,115.050003,114.760002,114.809998,87.951805,517700
2016-09-20,114.870003,115.040001,114.739998,114.790001,87.936470,485200
2016-09-21,114.779999,115.360001,114.720001,115.330002,88.350182,842600
2016-09-22,115.570000,116.000000,115.550003,115.900002,88.786774,746900
2016-09-23,116.059998,116.300003,115.980003,116.220001,89.031944,768400
2016-09-26,116.370003,116.410004,116.180000,116.269997,89.070251,813700
2016-09-27,116.279999,116.370003,116.080002,116.370003,89.146873,953100
2016-09-28,116.470001,116.699997,116.459999,116.510002,89.254112,1517400
2016-09-29,116.330002,116.680000,116.250000,116.489998,89.238800,973200
2016-09-30,116.510002,116.580002,116.239998,116.489998,89.238800,1450200
2016-10-03,116.629997,116.629997,116.339996,116.379997,89.154533,2319400
2016-10-04,116.480003,116.480003,115.790001,115.809998,88.717880,3761700
2016-10-05,115.900002,115.900002,115.580002,115.620003,88.572342,1071600
2016-10-06,115.730003,115.839996,115.559998,115.680000,88.618263,820100
2016-10-07,115.779999,115.870003,115.449997,115.650002,88.595291,990100
2016-10-10,115.650002,115.650002,115.379997,115.489998,88.472733,912500
2016-10-11,115.570000,115.650002,115.370003,115.400002,88.403809,839600
2016-10-12,115.349998,115.459999,115.230003,115.360001,88.373116,627100
2016-10-13,115.470001,115.730003,115.360001,115.540001,88.511040,727700
2016-10-14,115.400002,115.699997,115.400002,115.430000,88.426750,753500
2016-10-17,115.739998,115.989998,115.720001,115.949997,88.825104,616600
2016-10-18,115.839996,116.080002,115.800003,116.019997,88.878754,945300
2016-10-19,115.900002,116.190002,115.860001,116.180000,89.001305,910900
2016-10-20,116.300003,116.300003,116.000000,116.000000,88.863419,824400
2016-10-21,116.209999,116.209999,115.970001,116.129997,88.963020,690400
2016-10-24,116.129997,116.129997,115.790001,115.949997,88.825104,947700
2016-10-25,115.919998,116.160004,115.870003,116.129997,88.963020,1259600
2016-10-26,115.889999,116.110001,115.779999,116.010002,88.871094,926100
2016-10-27,115.809998,115.809998,115.449997,115.510002,88.488045,1716500
2016-10-28,115.550003,115.739998,115.470001,115.639999,88.587639,2316500
2016-10-31,115.769997,115.860001,115.669998,115.860001,88.756210,2417300
2016-11-01,115.599998,115.970001,115.500000,115.870003,88.763840,6073500
2016-11-02,115.959999,116.050003,115.800003,115.919998,88.802139,4758700
2016-11-03,115.800003,115.820000,115.529999,115.589996,88.549355,2431000
2016-11-04,115.709999,115.910004,115.629997,115.889999,88.779160,1724100
2016-11-07,115.699997,115.870003,115.650002,115.830002,88.733177,1905000
2016-11-08,115.839996,115.860001,115.540001,115.629997,88.579979,1208200
2016-11-09,115.809998,115.809998,114.720001,114.769997,87.921181,2309200
2016-11-10,114.900002,115.309998,114.570000,114.570000,87.767952,3905900
2016-11-11,114.730003,114.739998,114.199997,114.250000,87.522820,2395200
2016-11-14,114.150002,114.150002,113.309998,113.370003,86.848640,2709700
2016-11-15,113.790001,113.970001,113.440002,113.440002,86.902321,1920000
2016-11-16,113.349998,113.779999,113.250000,113.680000,87.086189,1426000
2016-11-17,113.930000,113.980003,113.449997,113.489998,86.940575,1901100
2016-11-18,113.650002,113.709999,113.129997,113.320000,86.810425,2542800
2016-11-21,113.589996,113.690002,113.459999,113.589996,87.017197,2991800
2016-11-22,113.779999,113.790001,113.529999,113.690002,87.093796,3390500
2016-11-23,113.309998,113.459999,112.910004,113.309998,86.802711,1824200
2016-11-25,113.430000,113.449997,113.000000,113.120003,86.657181,1007600
2016-11-28,113.470001,113.580002,113.190002,113.290001,86.787384,1351000
2016-11-29,112.930000,113.459999,112.830002,113.400002,86.871674,1593400
2016-11-30,113.089996,113.610001,112.989998,113.459999,86.917633,2367600
2016-12-01,112.849998,113.160004,112.629997,112.889999,86.667343,8524300
2016-12-02,113.180000,113.449997,112.910004,112.949997,86.713409,1330600
2016-12-05,112.989998,113.529999,112.779999,113.110001,86.836243,1701500
2016-12-06,113.139999,113.360001,113.029999,113.330002,87.005165,2123100
2016-12-07,113.540001,113.669998,113.379997,113.430000,87.081917,1835400
2016-12-08,113.430000,113.430000,113.139999,113.320000,86.997490,1227600
2016-12-09,113.300003,113.339996,112.690002,112.800003,86.598236,2218800
2016-12-12,112.910004,112.910004,112.650002,112.779999,86.582878,2026900
2016-12-13,113.019997,113.029999,112.540001,112.739998,86.552185,1867500
2016-12-14,113.050003,113.080002,111.809998,111.849998,85.868935,1320200
2016-12-15,111.410004,111.570000,111.120003,111.150002,85.331551,2909000
2016-12-16,111.279999,111.370003,110.900002,111.089996,85.285461,1240800
2016-12-19,111.430000,111.580002,111.300003,111.550003,85.638603,1320400
2016-12-20,111.389999,111.790001,111.330002,111.660004,85.723076,2541000
2016-12-21,112.050003,112.059998,111.839996,111.940002,85.938019,1438300
2016-12-22,111.849998,112.309998,111.800003,112.290001,86.206757,1563800
2016-12-23,112.339996,112.570000,112.339996,112.419998,86.306541,1777200
2016-12-27,112.250000,112.449997,112.199997,112.370003,86.268166,1666900
2016-12-28,112.489998,112.739998,112.389999,112.660004,86.490761,1290600
2016-12-29,112.790001,112.870003,112.620003,112.800003,86.598236,1297600
2016-12-30,112.760002,113.199997,112.750000,113.169998,86.882294,1024200
2017-01-03,112.959999,113.400002,112.940002,113.279999,86.966766,2957500
2017-01-04,113.230003,113.550003,113.190002,113.529999,87.158676,2976200
2017-01-05,113.519997,113.919998,113.370003,113.919998,87.458084,1775600
2017-01-06,113.580002,113.699997,113.419998,113.449997,87.097267,978200
2017-01-09,113.709999,113.730003,113.500000,113.629997,87.235458,1691600
2017-01-10,113.470001,113.820000,113.470001,113.720001,87.304535,2508700
2017-01-11,114.070000,114.500000,113.860001,114.080002,87.580956,1169100
2017-01-12,114.510002,114.620003,114.129997,114.180000,87.657722,1014300
2017-01-13,113.989998,114.110001,113.660004,113.980003,87.504166,1920400
2017-01-17,114.540001,114.540001,114.070000,114.339996,87.780525,1440800
2017-01-18,114.050003,114.290001,113.739998,113.779999,87.350601,1267200
2017-01-19,113.650002,113.839996,113.349998,113.690002,87.281509,2081100
2017-01-20,113.720001,113.860001,113.489998,113.709999,87.296822,2925600
2017-01-23,113.870003,114.279999,113.699997,114.169998,87.650009,4172500
2017-01-24,114.000000,114.169998,113.820000,113.980003,87.504166,1582900
2017-01-25,113.510002,113.699997,113.199997,113.610001,87.220093,2934800
2017-01-26,113.660004,113.809998,113.410004,113.779999,87.350601,1958900
2017-01-27,113.949997,114.050003,113.849998,113.970001,87.496475,2023000
2017-01-30,114.029999,114.120003,113.849998,113.940002,87.473465,1922800
2017-01-31,114.000000,114.250000,113.949997,114.180000,87.657722,7613100
2017-02-01,113.949997,114.169998,113.769997,113.940002,87.473465,1777700
2017-02-02,114.250000,114.279999,113.900002,113.949997,87.481133,3938800
2017-02-03,114.169998,114.349998,113.650002,113.830002,87.388992,1376800
2017-02-06,114.050003,114.169998,113.849998,114.110001,87.603951,1786400
2017-02-07,114.139999,114.239998,113.980003,114.059998,87.565605,1462300
2017-02-08,114.389999,114.480003,114.129997,114.330002,87.772858,1456400
2017-02-09,114.330002,114.330002,114.080002,114.110001,87.603951,1045300
2017-02-10,114.160004,114.290001,114.070000,114.199997,87.673027,1585600
2017-02-13,114.089996,114.139999,114.000000,114.019997,87.534843,1002400
2017-02-14,114.180000,114.190002,113.519997,113.750000,87.327568,1012100
2017-02-15,113.739998,113.940002,113.660004,113.900002,87.442711,1131900
2017-02-16,114.099998,114.379997,113.900002,113.900002,87.442711,1171100
2017-02-17,114.260002,114.260002,114.110001,114.160004,87.642365,983000
2017-02-21,114.150002,114.279999,114.050003,114.150002,87.634697,1061100
2017-02-22,114.349998,114.370003,113.980003,114.360001,87.795929,1082600
2017-02-23,114.620003,114.650002,114.500000,114.629997,88.003220,1042100
2017-02-24,114.830002,115.050003,114.760002,114.959999,88.256523,2409100
2017-02-27,114.940002,114.959999,114.599998,114.650002,88.018539,2523800
2017-02-28,114.629997,114.800003,114.510002,114.650002,88.018539,1599700
2017-03-01,113.900002,114.000000,113.769997,113.959999,87.488800,3412200
2017-03-02,113.750000,113.790001,113.510002,113.599998,87.212395,1967200
2017-03-03,113.730003,113.889999,113.440002,113.860001,87.412010,2882500
2017-03-06,113.940002,113.940002,113.669998,113.739998,87.319862,1553600
2017-03-07,113.699997,113.699997,113.470001,113.540001,87.166382,1545200
2017-03-08,113.180000,113.269997,113.010002,113.050003,86.790176,1357200
2017-03-09,112.949997,113.010002,112.699997,112.750000,86.559898,1098300
2017-03-10,113.070000,113.110001,112.699997,112.959999,86.721069,2424500
2017-03-13,112.830002,113.010002,112.699997,112.699997,86.521461,1040300
2017-03-14,112.660004,112.790001,112.610001,112.620003,86.460037,951400
2017-03-15,112.980003,113.709999,112.750000,113.639999,87.243126,1990000
2017-03-16,113.730003,113.730003,113.480003,113.559998,87.181702,2883700
2017-03-17,113.709999,113.830002,113.680000,113.809998,87.373680,1115400
2017-03-20,113.709999,113.980003,113.699997,113.980003,87.504166,791600
2017-03-21,113.980003,114.220001,113.980003,114.059998,87.565605,1479300
2017-03-22,114.209999,114.330002,114.010002,114.250000,87.711456,824500
2017-03-23,114.239998,114.300003,114.019997,114.120003,87.611641,913100
2017-03-24,114.129997,114.690002,114.110001,114.449997,87.864983,1379100
2017-03-27,114.769997,114.779999,114.540001,114.669998,88.033867,1078200
2017-03-28,114.730003,114.730003,114.180000,114.290001,87.742149,1658800
2017-03-29,114.470001,114.669998,114.389999,114.589996,87.972458,933900
2017-03-30,114.489998,114.570000,114.230003,114.309998,87.757469,996200
2017-03-31,114.370003,114.650002,114.300003,114.650002,88.018539,899400
2017-04-03,114.550003,114.919998,114.519997,114.769997,88.229950,3097500
2017-04-04,114.730003,114.820000,114.589996,114.639999,88.130005,1064900
2017-04-05,114.620003,114.970001,114.559998,114.860001,88.299133,1460600
2017-04-06,114.800003,114.889999,114.589996,114.800003,88.252983,774500
2017-04-07,114.820000,115.010002,114.349998,114.349998,87.907028,858500
2017-04-10,114.669998,114.669998,114.410004,114.410004,87.953186,752800
2017-04-11,114.599998,114.820000,114.529999,114.629997,88.122314,1540900
2017-04-12,114.839996,115.129997,114.750000,115.059998,88.452850,1050500
2017-04-13,115.300003,115.459999,115.169998,115.230003,88.583565,2870500
2017-04-17,115.169998,115.180000,114.860001,114.959999,88.375999,954400
2017-04-18,115.209999,115.309998,115.019997,115.209999,88.568169,1609700
2017-04-19,115.070000,115.150002,114.910004,115.000000,88.406731,1057800
2017-04-20,114.809998,114.959999,114.779999,114.879997,88.314507,1082500
2017-04-21,114.959999,115.000000,114.669998,114.720001,88.191505,700500
2017-04-24,114.699997,114.820000,114.570000,114.690002,88.168419,949300
2017-04-25,114.730003,114.760002,114.459999,114.500000,88.022400,926600
2017-04-26,114.510002,114.839996,114.510002,114.739998,88.206848,819100
2017-04-27,114.680000,114.849998,114.639999,114.839996,88.283752,2010300
2017-04-28,114.839996,115.070000,114.760002,115.010002,88.414436,2351000
2017-05-01,114.550003,114.709999,114.209999,114.339996,88.116928,1221700
2017-05-02,114.330002,114.459999,114.250000,114.339996,88.116928,1102100
2017-05-03,114.370003,114.370003,113.959999,114.089996,87.924294,908000
2017-05-04,113.690002,113.709999,113.410004,113.660004,87.592949,865000
2017-05-05,113.720001,113.769997,113.540001,113.750000,87.662262,632800
2017-05-08,113.559998,113.610001,113.239998,113.309998,87.323166,1983400
2017-05-09,113.309998,113.339996,113.139999,113.209999,87.246117,1319100
2017-05-10,113.470001,113.480003,113.180000,113.250000,87.276924,3910100
2017-05-11,113.290001,113.650002,113.260002,113.589996,87.538956,1350300
2017-05-12,113.680000,113.849998,113.580002,113.769997,87.677696,778600
2017-05-15,113.790001,113.790001,113.470001,113.470001,87.446533,733300
2017-05-16,113.489998,113.690002,113.440002,113.550003,87.508133,651300
2017-05-17,113.879997,114.339996,113.879997,114.209999,88.016785,1044200
2017-05-18,114.199997,114.389999,114.040001,114.389999,88.155518,2719600
2017-05-19,114.400002,114.589996,114.309998,114.589996,88.309639,712700
2017-05-22,114.459999,114.550003,114.290001,114.410004,88.170929,697600
2017-05-23,114.529999,114.540001,114.160004,114.239998,88.039917,822300
2017-05-24,114.180000,114.309998,114.029999,114.309998,88.093811,677200
2017-05-25,114.220001,114.279999,114.080002,114.129997,87.955147,1758400
2017-05-26,114.330002,114.440002,114.239998,114.400002,88.163208,780800
2017-05-30,114.540001,114.669998,114.449997,114.650002,88.355888,687000
2017-05-31,114.489998,114.779999,114.489998,114.680000,88.379013,1304700
2017-06-01,114.120003,114.470001,114.120003,114.370003,88.338829,1431000
2017-06-02,114.750000,114.940002,114.650002,114.830002,88.694130,1158700
2017-06-05,114.540001,114.650002,114.480003,114.529999,88.462410,586700
2017-06-06,114.769997,114.849998,114.629997,114.660004,88.562805,2650300
2017-06-07,114.589996,114.680000,114.360001,114.389999,88.354271,750500
2017-06-08,114.349998,114.379997,114.110001,114.269997,88.261536,737400
2017-06-09,114.209999,114.300003,114.169998,114.169998,88.184334,879600
2017-06-12,114.180000,114.239998,113.930000,113.930000,87.998962,620800
2017-06-13,113.860001,114.120003,113.809998,114.120003,88.145691,685800
2017-06-14,114.180000,114.470001,113.970001,114.139999,88.161179,1067900
2017-06-15,113.599998,113.790001,113.570000,113.580002,87.728622,1040100
2017-06-16,113.620003,113.779999,113.610001,113.680000,87.805862,825000
2017-06-19,113.750000,113.779999,113.500000,113.550003,87.705475,608500
2017-06-20,113.610001,113.779999,113.519997,113.669998,87.798157,530200
2017-06-21,113.709999,113.870003,113.680000,113.849998,87.937157,726400
2017-06-22,113.940002,114.230003,113.820000,114.220001,88.222931,759600
2017-06-23,114.279999,114.309998,114.160004,114.309998,88.292458,670600
2017-06-26,114.440002,114.529999,114.379997,114.489998,88.431480,738100
2017-06-27,114.279999,114.279999,113.889999,113.949997,88.014389,751000
2017-06-28,114.040001,114.089996,113.779999,114.040001,88.083939,1458800
2017-06-29,113.699997,113.760002,113.529999,113.589996,87.736359,899000
2017-06-30,113.720001,113.720001,113.320000,113.430000,87.612747,1673500
2017-07-03,113.209999,113.209999,112.889999,112.930000,87.451714,980000
2017-07-05,112.970001,113.239998,112.970001,113.099998,87.583336,2477900
2017-07-06,112.980003,113.000000,112.769997,112.809998,87.358765,1459300
2017-07-07,112.650002,112.660004,112.389999,112.459999,87.087738,1962000
2017-07-10,112.559998,112.650002,112.410004,112.410004,87.049042,1374600
2017-07-11,112.400002,112.800003,112.389999,112.769997,87.327827,1104400
2017-07-12,113.279999,113.309998,113.040001,113.099998,87.583336,743900
2017-07-13,113.080002,113.110001,112.910004,113.059998,87.552338,710800
2017-07-14,113.209999,113.300003,112.980003,113.050003,87.544624,903600
2017-07-17,113.169998,113.360001,113.099998,113.279999,87.722725,733000
2017-07-18,113.620003,113.720001,113.519997,113.599998,87.970535,1951300
2017-07-19,113.620003,113.739998,113.610001,113.690002,88.040207,729000
2017-07-20,113.970001,113.980003,113.400002,113.410004,87.823402,987400
2017-07-21,113.669998,113.699997,113.540001,113.580002,87.955048,529000
2017-07-24,113.629997,113.660004,113.470001,113.580002,87.955048,1042200
2017-07-25,113.330002,113.370003,113.139999,113.139999,87.614357,730000
2017-07-26,113.190002,113.570000,113.010002,113.470001,87.869896,726100
2017-07-27,113.400002,113.489998,113.260002,113.389999,87.807930,598700
2017-07-28,113.550003,113.730003,113.529999,113.660004,88.017014,464100
2017-07-31,113.620003,113.669998,113.550003,113.660004,88.017014,787000
2017-08-01,113.239998,113.639999,113.239998,113.540001,88.092285,2164200
2017-08-02,113.480003,113.629997,113.419998,113.480003,88.045685,2737200
2017-08-03,113.550003,113.790001,113.480003,113.790001,88.286217,649000
2017-08-04,113.550003,113.660004,113.400002,113.629997,88.162064,506800
2017-08-07,113.620003,113.790001,113.550003,113.760002,88.262970,631200
2017-08-08,113.800003,113.849998,113.669998,113.839996,88.325043,1252000
2017-08-09,114.120003,114.199997,114.010002,114.050003,88.487976,1047900
2017-08-10,114.129997,114.339996,114.089996,114.339996,88.712944,831600
2017-08-11,114.040001,114.269997,113.959999,114.269997,88.658623,629000
2017-08-14,114.010002,114.080002,113.720001,113.820000,88.309509,658400
2017-08-15,113.430000,113.650002,113.400002,113.480003,88.045685,801000
2017-08-16,113.489998,113.879997,113.440002,113.680000,88.200867,918600
2017-08-17,113.690002,114.070000,113.599998,113.959999,88.418106,833200
2017-08-18,114.040001,114.139999,113.860001,113.980003,88.433624,649900
2017-08-21,113.959999,114.059998,113.870003,114.019997,88.464676,549000
2017-08-22,113.980003,114.019997,113.800003,113.879997,88.356041,480200
2017-08-23,114.010002,114.190002,113.930000,114.190002,88.596603,751800
2017-08-24,114.010002,114.129997,113.900002,113.900002,88.371567,521100
2017-08-25,113.940002,114.129997,113.889999,114.089996,88.518990,483600
2017-08-28,114.080002,114.220001,114.029999,114.180000,88.588844,404300
2017-08-29,114.500000,114.599998,114.239998,114.360001,88.728462,483200
2017-08-30,114.309998,114.379997,114.169998,114.330002,88.705223,726200
2017-08-31,114.360001,114.629997,114.360001,114.620003,88.930214,663100
2017-09-01,114.349998,114.349998,114.080002,114.120003,88.725700,2215900
2017-09-05,114.400002,114.900002,114.400002,114.860001,89.301064,2288600
2017-09-06,114.839996,114.980003,114.620003,114.720001,89.192184,1877900
2017-09-07,114.870003,115.199997,114.820000,115.199997,89.565437,676900
2017-09-08,115.150002,115.260002,115.040001,115.220001,89.580948,819800
2017-09-11,114.889999,114.959999,114.779999,114.779999,89.238846,531300
2017-09-12,114.669998,114.730003,114.489998,114.589996,89.091133,794800
2017-09-13,114.559998,114.570000,114.370003,114.379997,88.927841,614500
2017-09-14,114.389999,114.589996,114.389999,114.559998,89.067772,534300
2017-09-15,114.570000,114.570000,114.379997,114.500000,89.021141,524300
2017-09-18,114.449997,114.559998,114.370003,114.449997,88.982277,525200
2017-09-19,114.480003,114.529999,114.300003,114.320000,88.881203,412500
2017-09-20,114.320000,114.370003,113.750000,114.000000,88.632423,731000
2017-09-21,113.970001,114.059998,113.730003,113.739998,88.430229,823500
2017-09-22,114.050003,114.110001,113.919998,114.029999,88.655762,663500
2017-09-25,114.160004,114.480003,114.099998,114.349998,88.904541,920200
2017-09-26,114.250000,114.309998,114.139999,114.260002,88.834587,716600
2017-09-27,113.940002,114.010002,113.760002,113.910004,88.562447,588500
2017-09-28,113.739998,113.900002,113.680000,113.830002,88.500244,677300
2017-09-29,113.989998,113.989998,113.559998,113.580002,88.305885,1030600
2017-10-02,113.639999,113.639999,113.349998,113.379997,88.187622,3499100
2017-10-03,113.309998,113.550003,113.300003,113.489998,88.273193,1376500
2017-10-04,113.629997,113.650002,113.459999,113.589996,88.350990,800800
2017-10-05,113.660004,113.660004,113.419998,113.470001,88.257660,1818700
2017-10-06,113.300003,113.550003,113.190002,113.379997,88.187622,810300
2017-10-09,113.410004,113.489998,113.389999,113.419998,88.218773,447600
2017-10-10,113.599998,113.860001,113.599998,113.620003,88.374336,850200
2017-10-11,113.809998,113.860001,113.709999,113.760002,88.483200,663600
2017-10-12,113.800003,114.029999,113.750000,113.970001,88.646538,653000
2017-10-13,114.089996,114.150002,113.959999,114.129997,88.770988,817700
2017-10-16,114.029999,114.070000,113.760002,113.870003,88.568779,1520700
2017-10-17,113.639999,113.769997,113.620003,113.660004,88.405434,656000
2017-10-18,113.519997,113.629997,113.489998,113.519997,88.296547,570600
2017-10-19,113.760002,113.820000,113.570000,113.669998,88.413246,1560100
2017-10-20,113.430000,113.550003,113.300003,113.410004,88.210983,748300
2017-10-23,113.430000,113.589996,113.400002,113.419998,88.218773,843400
2017-10-24,113.290001,113.360001,113.190002,113.260002,88.094292,980400
2017-10-25,113.000000,113.199997,112.940002,113.139999,88.000977,770100
2017-10-26,113.239998,113.250000,113.040001,113.089996,87.962090,675800
2017-10-27,113.230003,113.500000,113.169998,113.449997,88.242096,731800
2017-10-30,113.230003,113.779999,113.230003,113.750000,88.475410,551100
2017-10-31,113.830002,113.849998,113.739998,113.800003,88.514313,1142300
2017-11-01,113.639999,113.820000,113.580002,113.699997,88.606277,2406300
2017-11-02,113.800003,113.959999,113.769997,113.870003,88.738754,2208600
2017-11-03,113.940002,113.970001,113.699997,113.949997,88.801079,744200
2017-11-06,113.989998,114.150002,113.970001,114.139999,88.949173,944600
2017-11-07,114.209999,114.339996,114.160004,114.300003,89.073875,1139800
2017-11-08,114.349998,114.379997,114.190002,114.230003,89.019302,929800
2017-11-09,114.120003,114.320000,114.099998,114.209999,89.003716,799700
2017-11-10,113.860001,113.900002,113.669998,113.709999,88.614067,715300
2017-11-13,113.900002,113.900002,113.669998,113.699997,88.606277,590200
2017-11-14,113.699997,113.860001,113.690002,113.839996,88.715401,593400
2017-11-15,114.110001,114.230003,113.879997,114.160004,88.964783,1284400
2017-11-16,113.980003,114.080002,113.900002,113.919998,88.777733,921200
2017-11-17,114.110001,114.190002,114.000000,114.120003,88.933563,731900
2017-11-20,113.949997,114.070000,113.879997,113.949997,88.801079,569200
2017-11-21,114.110001,114.110001,113.779999,113.940002,88.793358,558300
2017-11-22,114.040001,114.290001,114.010002,114.279999,89.058281,581500
2017-11-24,114.290001,114.309998,114.120003,114.139999,88.949173,429600
2017-11-27,114.180000,114.250000,114.029999,114.120003,88.933563,2403500
2017-11-28,114.150002,114.250000,114.010002,114.110001,88.925812,743700
2017-11-29,113.800003,113.849998,113.699997,113.800003,88.684212,755100
2017-11-30,113.739998,113.839996,113.470001,113.680000,88.590698,1108600
2017-12-01,113.400002,113.970001,113.239998,113.610001,88.928055,3198300
2017-12-04,113.480003,113.660004,113.419998,113.650002,88.959396,1814100
2017-12-05,113.610001,113.809998,113.540001,113.769997,89.053322,965500
2017-12-06,113.980003,114.029999,113.849998,113.889999,89.147232,646600
2017-12-07,113.980003,114.010002,113.589996,113.739998,89.029785,602700
2017-12-08,113.739998,113.779999,113.570000,113.690002,88.990669,1173000
2017-12-11,113.690002,113.820000,113.570000,113.599998,88.920227,728100
2017-12-12,113.540001,113.709999,113.449997,113.690002,88.990669,792400
2017-12-13,113.690002,114.129997,113.559998,113.889999,89.147232,961300
2017-12-14,113.800003,113.989998,113.610001,113.889999,89.147232,1072200
2017-12-15,113.680000,113.940002,113.660004,113.889999,89.147232,1892500
2017-12-18,113.809998,113.849998,113.629997,113.690002,88.990669,660800
2017-12-19,113.480003,113.559998,113.169998,113.349998,88.724548,941200
2017-12-20,113.070000,113.250000,112.959999,112.970001,88.427086,749700
2017-12-21,112.820000,113.150002,112.790001,113.110001,88.659111,1139000
2017-12-22,113.180000,113.199997,113.050003,113.180000,88.713989,690700
2017-12-26,113.209999,113.349998,113.160004,113.279999,88.792358,648200
2017-12-27,113.389999,113.779999,113.330002,113.750000,89.160767,827600
2017-12-28,113.709999,113.800003,113.650002,113.790001,89.192116,741800
2017-12-29,113.800003,114.150002,113.790001,114.080002,89.419449,963200
2018-01-02,113.980003,113.980003,113.610001,113.800003,89.199959,1525000
2018-01-03,113.910004,113.989998,113.790001,113.910004,89.286179,3322400
2018-01-04,113.750000,113.970001,113.669998,113.940002,89.309723,1946500
2018-01-05,113.930000,113.980003,113.800003,113.919998,89.294006,1691200
2018-01-08,114.000000,114.000000,113.669998,113.800003,89.199959,1198100
2018-01-09,113.680000,113.680000,113.400002,113.430000,88.909958,1752700
2018-01-10,113.129997,113.440002,113.059998,113.389999,88.878593,2013500
2018-01-11,113.300003,113.440002,113.139999,113.269997,88.784523,1440000
2018-01-12,113.279999,113.410004,113.209999,113.379997,88.870743,1428300
2018-01-16,113.680000,113.690002,113.470001,113.570000,89.019699,1171900
2018-01-17,113.519997,113.680000,113.370003,113.489998,88.956978,1237400
2018-01-18,113.290001,113.480003,113.190002,113.389999,88.878593,2098900
2018-01-19,113.260002,113.349998,113.139999,113.199997,88.729652,1452100
2018-01-22,113.320000,113.349998,113.110001,113.139999,88.682625,876300
2018-01-23,113.309998,113.440002,113.199997,113.309998,88.815887,1297200
2018-01-24,113.169998,113.279999,113.070000,113.230003,88.753159,1050400
2018-01-25,113.279999,113.519997,113.080002,113.440002,88.917786,1039800
2018-01-26,113.430000,113.430000,113.220001,113.370003,88.862946,1435500
2018-01-29,113.260002,113.269997,113.059998,113.099998,88.651260,984600
2018-01-30,112.940002,112.970001,112.750000,112.830002,88.439651,1638300
2018-01-31,113.040001,113.110001,112.879997,113.110001,88.659111,4950600
2018-02-01,113.099998,113.099998,112.480003,112.510002,88.205208,4574600
2018-02-02,112.339996,112.410004,112.150002,112.370003,88.095459,3662900
2018-02-05,112.220001,112.989998,112.099998,112.790001,88.424736,4035300
2018-02-06,112.580002,112.680000,112.300003,112.330002,88.064102,2055500
2018-02-07,112.459999,112.510002,111.970001,112.080002,87.868118,1862700
2018-02-08,111.900002,112.120003,111.730003,111.849998,87.687790,1650000
2018-02-09,111.660004,111.889999,111.449997,111.500000,87.413383,2755000
2018-02-12,111.769997,111.949997,111.540001,111.580002,87.476105,1125000
2018-02-13,111.639999,111.750000,111.559998,111.660004,87.538826,1446900
2018-02-14,111.800003,111.800003,111.430000,111.559998,87.460426,1386300
2018-02-15,111.669998,111.870003,111.620003,111.620003,87.507454,1438800
2018-02-16,111.870003,111.980003,111.720001,111.800003,87.648590,1563900
2018-02-20,111.629997,111.730003,111.529999,111.709999,87.578026,1047400
2018-02-21,111.650002,111.699997,111.279999,111.389999,87.327187,987900
2018-02-22,111.540001,111.639999,111.449997,111.489998,87.405540,922600
2018-02-23,111.699997,111.900002,111.629997,111.900002,87.727020,678400
2018-02-26,112.070000,112.209999,112.019997,112.040001,87.836739,822100
2018-02-27,112.199997,112.199997,111.570000,111.760002,87.617233,2236800
2018-02-28,111.870003,111.980003,111.730003,111.919998,87.742653,840900
2018-03-01,111.980003,112.349998,111.830002,112.260002,88.009201,3639500
2018-03-02,112.150002,112.300003,112.010002,112.169998,87.938652,961900
2018-03-05,112.379997,112.400002,111.940002,112.099998,87.883781,765700
2018-03-06,112.220001,112.300003,112.040001,112.070000,87.860245,875300
2018-03-07,112.300003,112.300003,111.980003,112.070000,87.860245,2200500
2018-03-08,112.220001,112.339996,112.120003,112.180000,87.946487,818000
2018-03-09,112.070000,112.139999,111.900002,112.010002,87.813217,853800
2018-03-12,112.120003,112.120003,111.889999,112.089996,87.875931,3274200
2018-03-13,112.220001,112.250000,112.050003,112.180000,87.946487,1162500
2018-03-14,112.180000,112.459999,112.160004,112.370003,88.095459,1555500
2018-03-15,112.389999,112.550003,112.300003,112.379997,88.103287,3265100
2018-03-16,112.279999,112.290001,112.120003,112.190002,87.954353,1821100
2018-03-19,112.059998,112.360001,112.059998,112.120003,87.899467,1968000
2018-03-20,112.070000,112.120003,111.949997,111.949997,87.766151,1045900
2018-03-21,111.949997,112.260002,111.769997,112.190002,87.954353,980000
2018-03-22,112.459999,112.650002,112.349998,112.519997,88.213036,1004800
2018-03-23,112.430000,112.660004,112.410004,112.580002,88.260071,1075900
2018-03-26,112.470001,112.650002,112.360001,112.379997,88.103287,1430200
2018-03-27,112.489998,112.889999,112.489998,112.809998,88.440407,1120600
2018-03-28,112.940002,112.980003,112.639999,112.809998,88.440407,1476800
2018-03-29,112.870003,113.169998,112.860001,113.050003,88.628548,1146000
2018-04-02,112.800003,113.029999,112.629997,112.870003,88.716568,1599900
2018-04-03,112.760002,112.849998,112.639999,112.800003,88.661591,2938800
2018-04-04,112.949997,112.949997,112.669998,112.739998,88.614395,896600
2018-04-05,112.529999,112.610001,112.379997,112.419998,88.362900,1069200
2018-04-06,112.680000,112.870003,112.559998,112.870003,88.716568,1170900
2018-04-09,112.750000,112.849998,112.650002,112.849998,88.700844,1463300
2018-04-10,112.839996,112.870003,112.699997,112.800003,88.661591,874800
2018-04-11,113.040001,113.160004,112.949997,113.129997,88.920952,772000
2018-04-12,113.019997,113.089996,112.860001,112.949997,88.779472,791600
2018-04-13,112.919998,113.129997,112.919998,113.110001,88.905220,567700
2018-04-16,112.830002,113.019997,112.830002,113.010002,88.826630,778200
2018-04-17,113.000000,113.220001,112.949997,113.180000,88.960236,913100
2018-04-18,113.160004,113.199997,112.940002,112.949997,88.779472,881500
2018-04-19,112.800003,112.839996,112.639999,112.769997,88.637978,640200
2018-04-20,112.610001,112.620003,112.379997,112.379997,88.331429,730200
2018-04-23,112.410004,112.430000,112.239998,112.349998,88.307854,1036000
2018-04-24,112.250000,112.309998,112.000000,112.040001,88.064194,1033200
2018-04-25,111.949997,112.040001,111.760002,111.870003,87.930573,684400
2018-04-26,112.110001,112.230003,112.059998,112.160004,88.158524,848900
2018-04-27,112.389999,112.559998,112.389999,112.519997,88.441490,708100
2018-04-30,112.550003,112.790001,112.519997,112.610001,88.512207,2127900
2018-05-01,111.980003,112.029999,111.760002,111.790001,88.258789,868600
2018-05-02,111.910004,112.029999,111.809998,111.930000,88.369316,2014000
2018-05-03,112.059998,112.169998,112.000000,112.070000,88.479843,811700
2018-05-04,112.209999,112.220001,111.949997,112.099998,88.503532,672000
2018-05-07,112.129997,112.190002,112.059998,112.120003,88.519333,522800
2018-05-08,111.949997,112.019997,111.769997,111.919998,88.361427,1428300
2018-05-09,111.779999,111.970001,111.779999,111.849998,88.306183,721500
2018-05-10,112.010002,112.089996,111.910004,112.070000,88.479843,659100
2018-05-11,112.160004,112.160004,111.970001,112.070000,88.479843,580100
2018-05-14,111.940002,111.940002,111.779999,111.790001,88.258789,1333600
2018-05-15,111.540001,111.580002,111.269997,111.430000,87.974564,1059800
2018-05-16,111.459999,111.500000,111.269997,111.269997,87.848251,874900
2018-05-17,111.300003,111.360001,111.040001,111.059998,87.682449,719100
2018-05-18,111.129997,111.370003,111.120003,111.360001,87.919304,697400
2018-05-21,111.309998,111.440002,111.250000,111.400002,87.950890,673800
2018-05-22,111.440002,111.480003,111.339996,111.349998,87.911407,1301900
2018-05-23,111.589996,111.730003,111.519997,111.669998,88.164040,1330800
2018-05-24,111.800003,111.919998,111.739998,111.800003,88.266685,932900
2018-05-25,111.860001,111.980003,111.820000,111.959999,88.392982,547000
2018-05-29,112.239998,112.849998,112.139999,112.620003,88.914078,1573500
2018-05-30,112.449997,112.559998,112.260002,112.410004,88.748291,2219000
2018-05-31,112.440002,112.739998,112.339996,112.480003,88.803596,2374200
2018-06-01,111.919998,112.110001,111.830002,111.980003,88.673660,1556700
2018-06-04,111.849998,111.959999,111.739998,111.750000,88.491547,1710800
2018-06-05,111.889999,112.070000,111.849998,112.000000,88.689529,1207300
2018-06-06,111.870003,111.870003,111.639999,111.760002,88.499496,769000
2018-06-07,111.800003,112.250000,111.750000,112.099998,88.768723,3077200
2018-06-08,112.029999,112.089996,111.870003,111.910004,88.618225,1771400
2018-06-11,111.730003,111.910004,111.699997,111.910004,88.618225,791600
2018-06-12,111.800003,111.900002,111.750000,111.820000,88.546997,635700
2018-06-13,111.839996,111.970001,111.480003,111.750000,88.491547,692600
2018-06-14,111.959999,112.050003,111.849998,112.040001,88.721214,820300
2018-06-15,112.230003,112.260002,112.070000,112.080002,88.752876,1102300
2018-06-18,112.169998,112.199997,112.080002,112.169998,88.824142,645800
2018-06-19,112.370003,112.459999,112.290001,112.349998,88.966705,2233800
2018-06-20,112.370003,112.370003,112.010002,112.040001,88.721214,668500
2018-06-21,112.050003,112.269997,112.050003,112.239998,88.879578,738500
2018-06-22,112.220001,112.430000,112.150002,112.400002,89.006264,1630400
2018-06-25,112.430000,112.620003,112.400002,112.449997,89.045853,2901400
2018-06-26,112.440002,112.610001,112.400002,112.610001,89.172562,934100
2018-06-27,112.860001,112.989998,112.820000,112.980003,89.465576,990100
2018-06-28,113.010002,113.010002,112.739998,112.830002,89.346764,1883000
2018-06-29,112.839996,113.040001,112.800003,112.870003,89.378426,744300
2018-07-02,112.570000,112.580002,112.440002,112.480003,89.411049,2468800
2018-07-03,112.610001,112.760002,112.580002,112.720001,89.601822,996000
2018-07-05,112.769997,112.910004,112.709999,112.849998,89.705170,831900
2018-07-06,112.989998,113.050003,112.889999,113.010002,89.832321,671300
2018-07-09,112.790001,112.839996,112.730003,112.779999,89.649521,901700
2018-07-10,112.750000,112.830002,112.580002,112.610001,89.514381,944300
2018-07-11,112.800003,112.800003,112.610001,112.730003,89.609749,652300
2018-07-12,112.589996,112.690002,112.519997,112.639999,89.538208,1028100
2018-07-13,112.680000,112.910004,112.680000,112.860001,89.713135,1342000
2018-07-16,112.570000,112.599998,112.400002,112.559998,89.474632,967700
2018-07-17,112.580002,112.589996,112.389999,112.410004,89.355408,781700
2018-07-18,112.389999,112.389999,112.190002,112.230003,89.212303,2352400
2018-07-19,112.290001,112.459999,112.269997,112.389999,89.339508,1103300
2018-07-20,112.389999,112.480003,112.099998,112.120003,89.124863,671600
2018-07-23,112.010002,112.010002,111.559998,111.589996,88.703552,802600
2018-07-24,111.610001,111.699997,111.550003,111.650002,88.751266,794600
2018-07-25,111.849998,111.949997,111.620003,111.669998,88.767159,845100
2018-07-26,111.800003,111.860001,111.550003,111.559998,88.679726,768500
2018-07-27,111.820000,111.839996,111.660004,111.730003,88.814857,749200
2018-07-30,111.629997,111.779999,111.599998,111.669998,88.767159,930800
2018-07-31,111.839996,111.870003,111.760002,111.839996,88.902313,1370700
2018-08-01,111.110001,111.180000,111.010002,111.099998,88.685188,2501500
2018-08-02,111.180000,111.250000,111.050003,111.160004,88.733070,2167600
2018-08-03,111.260002,111.419998,111.260002,111.379997,88.908707,758000
2018-08-06,111.510002,111.620003,111.360001,111.400002,88.924667,772900
2018-08-07,111.370003,111.379997,111.250000,111.250000,88.804916,1549200
2018-08-08,111.250000,111.320000,111.180000,111.260002,88.812859,1605800
2018-08-09,111.440002,111.529999,111.370003,111.519997,89.020439,1095300
2018-08-10,111.820000,112.029999,111.800003,111.879997,89.307808,710000
2018-08-13,111.839996,111.900002,111.779999,111.860001,89.291862,1604600
2018-08-14,111.839996,111.839996,111.660004,111.720001,89.180084,845200
2018-08-15,111.839996,111.970001,111.830002,111.940002,89.355682,943100
2018-08-16,111.889999,111.910004,111.699997,111.870003,89.299828,861700
2018-08-17,111.940002,112.019997,111.809998,111.919998,89.339752,639100
2018-08-20,112.080002,112.190002,112.050003,112.139999,89.515335,611400
2018-08-21,112.059998,112.089996,111.970001,112.070000,89.459488,743100
2018-08-22,112.309998,112.330002,112.180000,112.309998,89.651085,1539900
2018-08-23,112.379997,112.430000,112.309998,112.400002,89.722900,718600
2018-08-24,112.250000,112.510002,112.199997,112.510002,89.810722,855800
2018-08-27,112.389999,112.440002,112.309998,112.339996,89.675034,906000
2018-08-28,112.150002,112.199997,112.050003,112.120003,89.499390,740100
2018-08-29,112.120003,112.169998,112.019997,112.120003,89.499390,945900
2018-08-30,112.230003,112.309998,112.160004,112.220001,89.579193,1451000
2018-08-31,112.370003,112.370003,112.059998,112.089996,89.475449,1978700
2018-09-04,111.580002,111.650002,111.470001,111.550003,89.352097,6260200
2018-09-05,111.440002,111.510002,111.370003,111.440002,89.263985,2167600
2018-09-06,111.470001,111.580002,111.419998,111.540001,89.344086,1579100
2018-09-07,111.260002,111.269997,111.099998,111.220001,89.087769,1453400
2018-09-10,111.239998,111.300003,111.190002,111.250000,89.111786,1832700
2018-09-11,111.080002,111.129997,110.970001,111.019997,88.927551,2553400
2018-09-12,111.190002,111.239998,111.110001,111.120003,89.007652,1251600
2018-09-13,111.120003,111.120003,110.959999,110.959999,88.879494,1556800
2018-09-14,110.779999,110.910004,110.720001,110.760002,88.719284,1328700
2018-09-17,110.709999,110.839996,110.690002,110.779999,88.735313,1468200
2018-09-18,110.709999,110.730003,110.510002,110.550003,88.551071,891400
2018-09-19,110.519997,110.519997,110.269997,110.430000,88.454956,986300
2018-09-20,110.449997,110.699997,110.419998,110.580002,88.575066,1030500
2018-09-21,110.510002,110.660004,110.510002,110.589996,88.583130,788600
2018-09-24,110.519997,110.650002,110.470001,110.480003,88.495003,1388500
2018-09-25,110.389999,110.459999,110.349998,110.440002,88.462975,873000
2018-09-26,110.470001,110.690002,110.410004,110.629997,88.615166,1131700
2018-09-27,110.589996,110.680000,110.540001,110.669998,88.647194,1064300
2018-09-28,110.709999,110.750000,110.540001,110.620003,88.607147,2204400
2018-10-01,110.410004,110.430000,110.180000,110.190002,88.343376,5181400
2018-10-02,110.300003,110.480003,110.290001,110.370003,88.487701,3800200
2018-10-03,110.250000,110.279999,109.730003,109.839996,88.062782,2775700
2018-10-04,109.699997,109.779999,109.489998,109.570000,87.846291,2102800
2018-10-05,109.370003,109.519997,109.190002,109.269997,87.605766,2703600
2018-10-08,109.290001,109.330002,109.220001,109.220001,87.565689,870000
2018-10-09,109.349998,109.529999,109.309998,109.529999,87.814217,2233600
2018-10-10,109.300003,109.440002,109.160004,109.419998,87.726059,2276900
2018-10-11,109.400002,109.680000,109.309998,109.599998,87.870354,3359300
2018-10-12,109.449997,109.639999,109.410004,109.430000,87.734055,1746800
2018-10-15,109.529999,109.599998,109.449997,109.500000,87.790184,1768600
2018-10-16,109.440002,109.550003,109.389999,109.510002,87.798187,1114400
2018-10-17,109.459999,109.510002,109.250000,109.250000,87.589760,1396900
2018-10-18,109.190002,109.400002,109.160004,109.169998,87.525627,1005600
2018-10-19,109.129997,109.180000,109.010002,109.070000,87.445450,1180700
2018-10-22,109.110001,109.160004,109.010002,109.010002,87.397331,832800
2018-10-23,109.309998,109.419998,109.010002,109.040001,87.421379,1228600
2018-10-24,109.260002,109.400002,109.180000,109.400002,87.710030,1121900
2018-10-25,109.250000,109.269997,108.910004,108.940002,87.341225,985300
2018-10-26,109.169998,109.529999,109.169998,109.489998,87.782188,2203900
2018-10-29,109.410004,109.500000,109.220001,109.379997,87.693947,1368500
2018-10-30,109.220001,109.269997,109.070000,109.089996,87.461479,1281100
2018-10-31,108.910004,109.050003,108.820000,108.839996,87.261032,1723100
2018-11-01,108.610001,108.830002,108.570000,108.610001,87.149498,2582200
2018-11-02,108.410004,108.489998,108.220001,108.279999,86.884705,1195600
2018-11-05,108.459999,108.589996,108.459999,108.480003,87.045189,1233000
2018-11-06,108.580002,108.620003,108.430000,108.440002,87.013100,827500
2018-11-07,108.690002,108.779999,108.459999,108.519997,87.077263,1101500
2018-11-08,108.589996,108.620003,107.529999,108.370003,86.956909,1232100
2018-11-09,108.440002,108.669998,108.440002,108.629997,87.165550,1232400
2018-11-12,108.839996,108.959999,108.790001,108.860001,87.350121,1111100
2018-11-13,108.730003,108.820000,108.650002,108.769997,87.277885,871900
2018-11-14,108.660004,108.989998,108.629997,108.779999,87.285919,926800
2018-11-15,108.879997,108.959999,108.709999,108.870003,87.358131,2124600
2018-11-16,109.099998,109.379997,109.070000,109.320000,87.719231,1218000
2018-11-19,109.180000,109.339996,109.180000,109.269997,87.679070,1502200
2018-11-20,109.180000,109.269997,109.080002,109.110001,87.550697,1094700
2018-11-21,108.970001,109.099998,108.820000,109.059998,87.510574,1251600
2018-11-23,109.059998,109.089996,108.879997,108.889999,87.374184,364700
2018-11-26,108.830002,108.879997,108.760002,108.769997,87.277885,1226800
2018-11-27,108.699997,108.820000,108.480003,108.480003,87.045189,1154000
2018-11-28,108.400002,108.830002,108.379997,108.610001,87.149498,1494600
2018-11-29,109.000000,109.250000,108.959999,109.250000,87.663048,940800
2018-11-30,109.290001,109.360001,109.190002,109.269997,87.679070,1270700
2018-12-03,109.129997,109.320000,109.070000,109.320000,87.843819,1250200
2018-12-04,109.470001,109.919998,109.459999,109.650002,88.108971,2015000
2018-12-06,109.690002,109.900002,109.559998,109.660004,88.117020,1503600
2018-12-07,109.690002,109.830002,109.610001,109.820000,88.245590,1221900
2018-12-10,109.769997,109.839996,109.459999,109.550003,88.028625,1282400
2018-12-11,109.459999,109.589996,109.010002,109.110001,87.675087,1499000
2018-12-12,109.070000,109.099998,108.900002,108.949997,87.546486,1876200
2018-12-13,108.980003,109.099998,108.930000,108.970001,87.562599,1542500
2018-12-14,109.110001,109.169998,109.029999,109.050003,87.626862,1231000
2018-12-17,109.080002,109.260002,109.080002,109.239998,87.779518,1578100
2018-12-18,109.160004,109.360001,109.120003,109.339996,88.008125,1194900
2018-12-19,109.489998,109.779999,109.480003,109.529999,88.161049,2779100
2018-12-20,109.519997,109.559998,109.169998,109.220001,87.911530,2968400
2018-12-21,109.349998,109.419998,109.150002,109.169998,87.871292,1960400
2018-12-24,109.250000,109.360001,109.199997,109.330002,88.000069,861700
2018-12-26,109.269997,109.449997,109.070000,109.110001,87.823006,1441300
2018-12-27,109.349998,109.449997,109.099998,109.110001,87.823006,1467200
2018-12-28,109.290001,109.430000,109.199997,109.430000,88.080574,2067600
2018-12-31,109.279999,109.540001,109.250000,109.510002,88.144943,1496100
2019-01-02,109.570000,109.730003,109.500000,109.680000,88.281784,1435200
2019-01-03,109.839996,110.400002,109.839996,110.320000,88.796944,1213900
2019-01-04,110.029999,110.099998,109.860001,110.089996,88.611832,1236700
2019-01-07,110.150002,110.209999,109.940002,110.019997,88.555473,1237700
2019-01-08,110.110001,110.180000,110.050003,110.110001,88.627930,792600
2019-01-09,110.040001,110.250000,110.000000,110.239998,88.732506,1079200
2019-01-10,110.230003,110.269997,109.919998,109.980003,88.523254,1346300
2019-01-11,110.070000,110.269997,110.070000,110.269997,88.756676,879400
2019-01-14,110.239998,110.320000,110.029999,110.070000,88.595703,975700
2019-01-15,110.070000,110.070000,109.879997,109.970001,88.515221,930800
2019-01-16,109.849998,109.989998,109.769997,109.959999,88.507156,1793000
2019-01-17,109.930000,110.070000,109.790001,109.870003,88.434700,1975400
2019-01-18,109.709999,109.849998,109.580002,109.739998,88.330093,1702600
2019-01-22,109.900002,109.930000,109.739998,109.809998,88.386421,3260300
2019-01-23,109.699997,109.769997,109.629997,109.680000,88.281784,921000
2019-01-24,109.889999,109.959999,109.809998,109.849998,88.418640,851000
2019-01-25,109.699997,109.760002,109.599998,109.680000,88.281784,576600
2019-01-28,109.559998,109.599998,109.500000,109.529999,88.161049,1318900
2019-01-29,109.589996,109.849998,109.570000,109.849998,88.418640,632200
2019-01-30,109.879997,110.519997,109.860001,110.449997,88.901543,947100
2019-01-31,110.690002,111.110001,110.690002,111.070000,89.400612,1430700
2019-02-01,110.989998,111.050003,110.680000,110.680000,89.086700,1474800
2019-02-04,110.519997,110.540001,110.370003,110.459999,88.909607,973000
2019-02-05,110.540001,110.650002,110.480003,110.610001,89.030373,1024600
2019-02-06,110.739998,110.790001,110.519997,110.540001,88.974007,3779300
2019-02-07,110.660004,110.750000,110.540001,110.709999,89.110832,916700
2019-02-08,110.830002,110.839996,110.720001,110.760002,89.151062,832700
2019-02-11,110.589996,110.620003,110.440002,110.529999,88.965950,653200
2019-02-12,110.620003,110.620003,110.430000,110.550003,88.982063,658700
2019-02-13,110.510002,110.589996,110.470001,110.529999,88.965950,642200
2019-02-14,110.839996,110.879997,110.709999,110.839996,89.215469,1780700
2019-02-15,110.760002,110.900002,110.760002,110.839996,89.215469,664200
2019-02-19,110.949997,111.110001,110.900002,111.099998,89.424744,602400
2019-02-20,111.059998,111.199997,111.029999,111.139999,89.456947,819800
2019-02-21,110.889999,110.989998,110.820000,110.949997,89.304031,959700
2019-02-22,111.059998,111.360001,111.050003,111.239998,89.537430,550100
2019-02-25,111.129997,111.190002,111.089996,111.160004,89.473061,556100
2019-02-26,111.330002,111.410004,111.239998,111.320000,89.601860,561100
2019-02-27,111.209999,111.230003,110.949997,111.059998,89.392540,825600
2019-02-28,111.089996,111.089996,110.790001,110.879997,89.247688,1155000
2019-03-01,110.820000,110.959999,110.610001,110.660004,89.070610,1334600
2019-03-04,110.790001,110.930000,110.730003,110.820000,89.199379,916700
2019-03-05,110.690002,110.779999,110.540001,110.779999,89.167145,973600
2019-03-06,110.709999,110.919998,110.709999,110.910004,89.271843,1891700
2019-03-07,111.059998,111.279999,111.059998,111.220001,89.521347,1168000
2019-03-08,111.199997,111.370003,111.150002,111.320000,89.601860,793500
2019-03-11,111.320000,111.379997,111.220001,111.300003,89.585732,620400
2019-03-12,111.260002,111.589996,111.250000,111.510002,89.754768,632400
2019-03-13,111.529999,111.650002,111.529999,111.639999,89.859398,607600
2019-03-14,111.660004,111.760002,111.519997,111.610001,89.835251,2511100
2019-03-15,111.820000,112.019997,111.809998,112.000000,90.149132,2015900
2019-03-18,111.910004,112.099998,111.910004,111.989998,90.141113,975900
2019-03-19,111.870003,111.980003,111.820000,111.889999,90.060616,746400
2019-03-20,111.910004,112.690002,111.910004,112.629997,90.656250,1213000
2019-03-21,112.629997,112.720001,112.550003,112.620003,90.648193,808900
2019-03-22,112.879997,113.050003,112.760002,112.959999,90.921867,1196700
2019-03-25,112.919998,113.300003,112.830002,112.930000,90.897720,1160000
2019-03-26,112.839996,113.019997,112.730003,112.730003,90.736771,991900
2019-03-27,112.709999,112.949997,112.680000,112.779999,90.776970,1237800
2019-03-28,112.720001,112.870003,112.620003,112.870003,90.849426,893300
2019-03-29,112.879997,113.089996,112.879997,113.070000,91.010414,998200
2019-04-01,112.910004,112.959999,112.570000,112.650002,90.672348,3808200
2019-04-02,112.639999,112.760002,112.620003,112.760002,90.760895,1183200
2019-04-03,112.500000,112.650002,112.410004,112.410004,90.479172,1168700
2019-04-04,112.440002,112.550003,112.410004,112.489998,90.543549,1860500
2019-04-05,112.440002,112.620003,112.430000,112.620003,90.648193,668500
2019-04-08,112.570000,112.629997,112.459999,112.510002,90.559677,786000
2019-04-09,112.699997,112.760002,112.589996,112.620003,90.648193,1135400
2019-04-10,112.919998,113.070000,112.910004,113.029999,90.978218,1665200
2019-04-11,112.860001,112.910004,112.739998,112.769997,90.768936,757500
2019-04-12,112.610001,112.720001,112.550003,112.559998,90.599915,1097200
2019-04-15,112.559998,112.660004,112.550003,112.620003,90.648193,563100
2019-04-16,112.480003,112.540001,112.330002,112.360001,90.438942,991200
2019-04-17,112.320000,112.419998,112.300003,112.339996,90.422836,1896900
2019-04-18,112.599998,112.730003,112.589996,112.660004,90.680397,872400
2019-04-22,112.650002,112.690002,112.510002,112.550003,90.591858,7154100
2019-04-23,112.690002,112.820000,112.669998,112.809998,90.801109,967800
2019-04-24,113.029999,113.220001,113.029999,113.199997,91.115051,577700
2019-04-25,113.220001,113.309998,113.169998,113.199997,91.115051,7567000
2019-04-26,113.400002,113.449997,113.320000,113.449997,91.316277,769500
2019-04-29,113.190002,113.209999,113.099998,113.129997,91.058708,811000
2019-04-30,113.099998,113.349998,113.099998,113.320000,91.211624,1004600
2019-05-01,113.269997,113.559998,113.029999,113.040001,91.014389,2289100
2019-05-02,112.720001,112.760002,112.459999,112.580002,90.644005,1103000
2019-05-03,112.800003,112.980003,112.800003,112.889999,90.893600,1040400
2019-05-06,113.089996,113.160004,113.050003,113.059998,91.030464,588700
2019-05-07,113.089996,113.250000,113.080002,113.120003,91.078789,1479000
2019-05-08,113.209999,113.239998,112.800003,112.830002,90.845291,2586100
2019-05-09,113.019997,113.129997,112.940002,113.019997,90.998283,781800
2019-05-10,113.099998,113.309998,113.029999,113.269997,91.199570,881100
2019-05-13,113.510002,113.709999,113.480003,113.510002,91.392822,952600
2019-05-14,113.519997,113.610001,113.470001,113.589996,91.457237,667700
2019-05-15,113.809998,113.839996,113.620003,113.820000,91.642380,505500
2019-05-16,113.720001,113.720001,113.570000,113.639999,91.497482,373600
2019-05-17,113.750000,113.760002,113.519997,113.529999,91.408920,589500
2019-05-20,113.510002,113.610001,113.360001,113.379997,91.288116,415400
2019-05-21,113.419998,113.459999,113.320000,113.440002,91.336441,788600
2019-05-22,113.500000,113.620003,113.419998,113.480003,91.368668,725100
2019-05-23,113.529999,113.860001,113.510002,113.720001,91.561882,780800
2019-05-24,113.919998,113.919998,113.760002,113.910004,91.714897,487500
2019-05-28,114.000000,114.040001,113.860001,113.970001,91.763145,4731600
2019-05-29,114.169998,114.419998,114.169998,114.169998,91.924179,1725100
2019-05-30,114.260002,114.570000,114.180000,114.550003,92.230164,700700
2019-05-31,114.879997,115.320000,114.870003,115.269997,92.809868,1622200
2019-06-03,114.730003,115.150002,114.650002,114.940002,93.060051,7087400
2019-06-04,114.639999,114.820000,114.480003,114.709999,92.873810,1603800
2019-06-05,114.879997,115.040001,114.720001,114.779999,92.930534,1182800
2019-06-06,114.849998,115.040001,114.470001,114.709999,92.873810,759100
2019-06-07,115.070000,115.129997,114.930000,115.129997,93.213905,770500
2019-06-10,114.849998,114.849998,114.480003,114.510002,92.711876,1606600
2019-06-11,114.410004,114.510002,114.339996,114.360001,92.590454,640900
2019-06-12,114.389999,114.570000,114.360001,114.419998,92.639046,506500
2019-06-13,114.550003,114.620003,114.440002,114.459999,92.671410,1625200
2019-06-14,114.349998,114.510002,114.110001,114.279999,92.525681,609600
2019-06-17,114.059998,114.190002,113.959999,114.059998,92.347572,1652400
2019-06-18,114.750000,114.839996,114.480003,114.529999,92.728088,860700
2019-06-19,114.360001,115.209999,114.320000,115.190002,93.262474,1191800
2019-06-20,115.730003,115.980003,115.690002,115.839996,93.788719,873800
2019-06-21,115.690002,115.690002,115.199997,115.320000,93.367729,1174700
2019-06-24,115.510002,115.550003,115.410004,115.540001,93.545807,528900
2019-06-25,115.540001,115.650002,115.309998,115.339996,93.383919,678900
2019-06-26,115.349998,115.400002,115.180000,115.230003,93.294861,1477300
2019-06-27,115.290001,115.529999,115.230003,115.449997,93.472954,462300
2019-06-28,115.339996,115.559998,115.309998,115.489998,93.505333,2422700
2019-07-01,114.980003,115.019997,114.480003,114.639999,93.311653,1708400
2019-07-02,114.639999,114.839996,114.580002,114.699997,93.360458,3109600
2019-07-03,114.900002,115.050003,114.889999,115.000000,93.604675,560500
2019-07-05,114.510002,114.720001,114.250000,114.650002,93.319771,708200
2019-07-08,114.879997,114.919998,114.669998,114.669998,93.336075,639700
2019-07-09,114.769997,114.889999,114.610001,114.790001,93.433716,436400
2019-07-10,115.000000,115.089996,114.849998,114.989998,93.596481,1635700
2019-07-11,115.080002,115.099998,114.620003,114.629997,93.303505,884700
2019-07-12,114.559998,114.910004,114.559998,114.830002,93.466278,809100
2019-07-15,114.839996,115.169998,114.839996,115.120003,93.702347,2156000
2019-07-16,114.900002,114.989998,114.849998,114.930000,93.547691,1411400
2019-07-17,115.050003,115.220001,115.050003,115.169998,93.743011,505800
2019-07-18,115.139999,115.430000,114.959999,115.410004,93.938385,599800
2019-07-19,115.230003,115.430000,115.230003,115.230003,93.791855,1135200
2019-07-22,115.360001,115.419998,115.260002,115.260002,93.816284,939700
2019-07-23,115.230003,115.330002,115.129997,115.230003,93.791855,377200
2019-07-24,115.250000,115.379997,115.199997,115.260002,93.816284,662200
2019-07-25,115.180000,115.220001,115.000000,115.070000,93.661629,669500
2019-07-26,115.180000,115.190002,114.900002,114.989998,93.596481,472600
2019-07-29,115.089996,115.099998,114.889999,114.889999,93.515106,620600
2019-07-30,115.059998,115.129997,114.940002,115.059998,93.653481,924200
2019-07-31,115.099998,115.559998,114.970001,115.239998,93.800011,1327500
2019-08-01,114.790001,115.510002,114.720001,115.389999,94.142670,2549100
2019-08-02,115.419998,115.500000,115.110001,115.470001,94.207924,2097600
2019-08-05,115.629997,115.919998,115.559998,115.870003,94.534271,3091200
2019-08-06,115.820000,116.300003,115.769997,116.300003,94.885117,2889600
2019-08-07,116.870003,117.080002,116.239998,116.360001,94.934059,2157800
2019-08-08,116.199997,116.690002,116.050003,116.660004,95.178818,1248300
2019-08-09,116.760002,116.989998,116.470001,116.540001,95.080917,678100
2019-08-12,116.930000,117.160004,116.779999,117.010002,95.464363,543200
2019-08-13,117.199997,117.220001,116.650002,116.820000,95.309334,1379100
2019-08-14,117.190002,117.250000,116.949997,117.040001,95.488823,619300
2019-08-15,117.190002,117.790001,117.029999,117.559998,95.913078,772700
2019-08-16,117.190002,117.300003,116.959999,117.220001,95.635674,548500
2019-08-19,116.720001,117.010002,116.720001,116.779999,95.276703,600000
2019-08-20,117.059998,117.129997,116.900002,116.930000,95.399117,607000
2019-08-21,116.809998,117.260002,116.730003,116.809998,95.301178,938100
2019-08-22,116.699997,116.910004,116.389999,116.709999,95.219604,961300
2019-08-23,116.730003,117.500000,116.660004,117.379997,95.766228,756500
2019-08-26,117.430000,117.550003,117.150002,117.250000,95.660172,1263700
2019-08-27,117.410004,117.809998,117.320000,117.800003,96.108910,954200
2019-08-28,118.129997,118.220001,117.989998,118.029999,96.296547,628600
2019-08-29,117.970001,118.139999,117.790001,118.099998,96.353653,1308700
2019-08-30,118.010002,118.050003,117.639999,117.650002,95.986519,955000
2019-09-03,117.510002,117.940002,117.389999,117.449997,95.871429,5779500
2019-09-04,117.500000,117.739998,117.470001,117.739998,96.108170,1538400
2019-09-05,117.269997,117.349998,116.900002,117.209999,95.675507,1541700
2019-09-06,117.120003,117.379997,117.110001,117.309998,95.757164,1216900
2019-09-09,116.910004,116.940002,116.690002,116.709999,95.267342,1059600
2019-09-10,116.720001,116.839996,116.040001,116.040001,94.720505,834000
2019-09-11,116.129997,116.269997,115.910004,115.910004,94.614380,1774100
2019-09-12,116.449997,116.570000,115.750000,115.820000,94.540901,1058200
2019-09-13,115.580002,115.750000,115.139999,115.139999,93.985832,953300
2019-09-16,115.769997,115.959999,115.639999,115.830002,94.549057,1516500
2019-09-17,115.830002,116.169998,115.769997,115.980003,94.671539,2191700
2019-09-18,116.300003,116.389999,115.540001,115.620003,94.377640,941800
2019-09-19,115.940002,116.040001,115.809998,115.849998,94.565399,1742100
2019-09-20,116.050003,116.500000,116.050003,116.489998,95.087807,630000
2019-09-23,116.540001,116.889999,116.489998,116.650002,95.218399,691600
2019-09-24,116.720001,116.989998,116.699997,116.910004,95.430603,533600
2019-09-25,116.750000,116.769997,116.180000,116.300003,94.932724,736600
2019-09-26,116.410004,116.570000,116.309998,116.370003,94.989853,931500
2019-09-27,116.309998,116.430000,116.150002,116.190002,94.842949,675600
2019-09-30,116.019997,116.360001,115.809998,116.290001,94.924530,2129700
2019-10-01,115.639999,116.339996,115.580002,116.320000,95.109322,3965000
2019-10-02,116.269997,116.510002,116.180000,116.320000,95.109322,2123800
2019-10-03,116.430000,116.970001,116.430000,116.690002,95.411850,1389300
2019-10-04,116.790001,117.160004,116.760002,117.050003,95.706238,792900
2019-10-07,116.919998,117.089996,116.730003,116.730003,95.444572,635000
2019-10-08,116.910004,116.949997,116.500000,116.620003,95.354622,839100
2019-10-09,116.500000,116.540001,116.190002,116.379997,95.158394,1180600
2019-10-10,116.269997,116.269997,115.839996,116.010002,94.855835,776900
2019-10-11,115.690002,115.949997,115.529999,115.650002,94.561493,2313100
2019-10-14,115.959999,115.959999,115.699997,115.839996,94.716873,772600
2019-10-15,115.809998,115.879997,115.410004,115.449997,94.397980,1165000
2019-10-16,115.459999,115.800003,115.379997,115.629997,94.545143,981200
2019-10-17,115.540001,115.910004,115.489998,115.790001,94.675980,1122200
2019-10-18,115.900002,116.059998,115.830002,115.970001,94.823166,525000
2019-10-21,115.680000,115.879997,115.589996,115.599998,94.520638,1151000
2019-10-22,115.860001,115.949997,115.690002,115.949997,94.806778,1075700
2019-10-23,116.089996,116.209999,115.980003,116.029999,94.872231,946600
2019-10-24,116.099998,116.309998,116.019997,116.099998,94.929451,928100
2019-10-25,116.129997,116.199997,115.949997,116.120003,94.945786,807700
2019-10-28,115.739998,115.790001,115.540001,115.559998,94.487915,1007800
2019-10-29,115.559998,115.610001,115.269997,115.269997,94.250801,776500
2019-10-30,115.449997,115.709999,115.400002,115.699997,94.602394,738500
2019-10-31,115.949997,116.349998,115.949997,116.059998,94.896759,1396700
2019-11-01,116.089996,116.339996,115.980003,116.209999,95.035782,7946400
2019-11-04,116.040001,116.190002,115.989998,116.129997,94.970360,1705200
2019-11-05,115.910004,116.000000,115.739998,115.910004,94.790428,967000
2019-11-06,116.029999,116.279999,116.029999,116.279999,95.093033,1009800
2019-11-07,115.989998,116.000000,115.410004,115.629997,94.561455,1245500
2019-11-08,115.410004,115.650002,115.400002,115.559998,94.504196,742200
2019-11-11,115.699997,115.720001,115.540001,115.620003,94.553276,530200
2019-11-12,115.620003,115.720001,115.519997,115.599998,94.536942,1609600
2019-11-13,115.790001,115.809998,115.629997,115.699997,94.618698,614600
2019-11-14,115.940002,116.099998,115.889999,115.970001,94.839508,1247400
2019-11-15,115.769997,116.000000,115.739998,115.830002,94.724998,813300
2019-11-18,115.879997,116.099998,115.870003,116.059998,94.913116,613900
2019-11-19,116.099998,116.300003,116.089996,116.269997,95.084831,437300
2019-11-20,116.419998,116.720001,116.419998,116.720001,95.452843,666100
2019-11-21,116.410004,116.559998,116.290001,116.459999,95.240234,803500
2019-11-22,116.480003,116.599998,116.389999,116.500000,95.272934,2323700
2019-11-25,116.570000,116.690002,116.540001,116.629997,95.379272,818000
2019-11-26,116.779999,116.889999,116.779999,116.879997,95.583694,620200
2019-11-27,116.709999,116.769997,116.620003,116.650002,95.395599,510800
2019-11-29,116.620003,116.650002,116.250000,116.379997,95.174782,1013000
2019-12-02,115.860001,116.120003,115.769997,116.110001,95.038940,2283500
2019-12-03,116.419998,116.970001,116.419998,116.830002,95.628288,1277600
2019-12-04,116.699997,116.839996,116.599998,116.750000,95.562767,773500
2019-12-05,116.500000,116.629997,116.449997,116.580002,95.423615,679800
2019-12-06,116.349998,116.550003,116.290001,116.500000,95.358147,524000
2019-12-09,116.669998,116.720001,116.470001,116.529999,95.382706,493200
2019-12-10,116.570000,116.599998,116.360001,116.500000,95.358147,432700
2019-12-11,116.730003,116.949997,116.650002,116.910004,95.693748,860700
2019-12-12,116.779999,116.870003,116.120003,116.339996,95.227180,1439800
2019-12-13,116.449997,116.830002,116.239998,116.809998,95.611877,1093900
2019-12-16,116.650002,116.730003,116.480003,116.540001,95.390892,852800
2019-12-17,116.540001,116.699997,116.510002,116.699997,95.521858,1612300
2019-12-18,116.650002,116.720001,116.519997,116.570000,95.415436,1277000
2019-12-19,116.339996,116.790001,116.279999,116.650002,95.570290,1410000
2019-12-20,116.650002,116.730003,116.570000,116.589996,95.521133,1218100
2019-12-23,116.580002,116.589996,116.300003,116.389999,95.357254,1067600
2019-12-24,116.269997,116.589996,116.250000,116.529999,95.471985,340800
2019-12-26,116.540001,116.629997,116.449997,116.610001,95.537521,385800
2019-12-27,116.599998,116.699997,116.599998,116.650002,95.570290,657900
2019-12-30,116.470001,116.690002,116.400002,116.690002,95.603035,932600
2019-12-31,116.480003,116.750000,116.440002,116.570000,95.504730,1277000
2020-01-02,116.930000,117.190002,116.930000,117.139999,95.971764,2150700
2020-01-03,117.559998,117.830002,117.500000,117.680000,96.414169,1259900
2020-01-06,117.839996,117.839996,117.330002,117.379997,96.168388,917500
2020-01-07,117.230003,117.260002,117.019997,117.019997,95.873444,810500
2020-01-08,117.050003,117.180000,116.760002,116.910004,95.783302,2121500
2020-01-09,116.660004,116.919998,116.589996,116.900002,95.775093,1814000
2020-01-10,117.050003,117.269997,117.019997,117.250000,96.061874,1609300
2020-01-13,117.169998,117.269997,117.050003,117.230003,96.045479,1422700
2020-01-14,117.279999,117.430000,117.250000,117.389999,96.176582,3290000
2020-01-15,117.599998,117.599998,117.470001,117.480003,96.250313,1601600
2020-01-16,117.430000,117.449997,117.279999,117.290001,96.094658,1205800
2020-01-17,117.129997,117.190002,117.019997,117.099998,95.938950,920500
2020-01-21,117.309998,117.540001,117.300003,117.480003,96.250313,1109700
2020-01-22,117.550003,117.589996,117.389999,117.400002,96.184746,1154700
2020-01-23,117.620003,117.750000,117.599998,117.639999,96.381386,2230200
2020-01-24,117.739998,117.970001,117.739998,117.900002,96.594421,963300
2020-01-27,118.139999,118.239998,118.089996,118.169998,96.815590,1111600
2020-01-28,118.190002,118.209999,117.989998,117.989998,96.668152,743100
2020-01-29,118.129997,118.510002,118.120003,118.419998,97.020447,1096400
2020-01-30,118.480003,118.849998,118.360001,118.550003,97.126961,1199500
2020-01-31,118.720001,119.099998,118.699997,119.059998,97.544785,2343900
2020-02-03,118.559998,118.680000,118.370003,118.650002,97.312668,3061900
2020-02-04,118.330002,118.330002,118.010002,118.139999,96.894379,1635700
2020-02-05,117.860001,117.980003,117.779999,117.790001,96.607353,1443800
2020-02-06,117.800003,118.050003,117.800003,118.010002,96.787781,1222400
2020-02-07,118.290001,118.500000,118.250000,118.489998,97.181458,1071900
2020-02-10,118.580002,118.739998,118.519997,118.669998,97.329041,627100
2020-02-11,118.480003,118.480003,118.279999,118.320000,97.042015,600200
2020-02-12,118.099998,118.260002,118.059998,118.199997,96.943581,1242900
2020-02-13,118.419998,118.500000,118.360001,118.449997,97.148651,1314600
2020-02-14,118.529999,118.639999,118.510002,118.540001,97.222458,817500
2020-02-18,118.690002,118.870003,118.639999,118.800003,97.435707,1078500
2020-02-19,118.760002,118.800003,118.660004,118.750000,97.394707,787100
2020-02-20,118.820000,118.989998,118.790001,118.980003,97.583328,809600
2020-02-21,119.080002,119.330002,119.080002,119.199997,97.763779,930200
2020-02-24,119.760002,119.830002,119.660004,119.750000,98.214874,1489600
2020-02-25,119.629997,119.930000,119.519997,119.550003,98.050819,1462300
2020-02-26,119.330002,119.779999,119.239998,119.489998,98.001633,2459700
2020-02-27,119.809998,119.970001,119.639999,119.839996,98.288681,3634200
2020-02-28,120.180000,120.489998,119.919998,120.029999,98.444511,5021700
2020-03-02,120.260002,120.650002,120.080002,120.309998,98.674149,12076100
2020-03-03,120.309998,122.169998,120.239998,121.529999,99.674744,7529700
2020-03-04,121.739998,121.970001,121.230003,121.349998,99.527115,4020600
2020-03-05,121.930000,122.080002,121.650002,121.730003,99.838783,3796000
2020-03-06,122.919998,123.160004,121.980003,122.540001,100.503136,3888600
2020-03-09,122.889999,123.120003,120.000000,120.019997,98.436317,5756500
2020-03-10,120.180000,120.500000,116.290001,116.580002,95.614906,9542100
2020-03-11,117.099998,117.790001,113.489998,113.940002,93.449684,8568300
2020-03-12,113.379997,118.419998,107.370003,113.669998,93.228287,12654600
2020-03-13,114.800003,115.949997,113.699997,114.120003,93.597359,5230400
2020-03-16,113.720001,114.190002,112.510002,113.330002,92.949394,5894300
2020-03-17,113.180000,114.389999,110.160004,110.160004,90.349472,4496400
2020-03-18,110.209999,111.349998,108.370003,108.809998,89.242256,4942100
2020-03-19,109.639999,111.099998,109.639999,110.919998,90.972748,3017500
2020-03-20,112.129997,116.099998,111.169998,115.860001,95.024414,3326900
2020-03-23,115.419998,118.059998,115.010002,118.040001,96.812363,4261400
2020-03-24,117.349998,119.139999,117.000000,118.110001,96.869774,3533400
2020-03-25,118.709999,119.900002,118.519997,119.250000,97.804802,2921800
2020-03-26,120.279999,121.720001,119.480003,119.860001,98.305077,4072700
2020-03-27,120.000000,120.370003,118.529999,120.250000,98.624924,2621800
2020-03-30,120.150002,120.379997,118.290001,118.339996,97.058403,3484400
2020-03-31,118.930000,119.000000,117.750000,117.919998,96.713959,3063200
2020-04-01,118.760002,119.129997,118.320000,118.459999,97.302078,8058800
2020-04-02,119.660004,120.580002,119.250000,120.269997,98.788788,2813500
2020-04-03,121.430000,121.589996,120.809998,121.330002,99.659454,2990600
2020-04-06,121.470001,121.529999,121.029999,121.250000,99.593750,2141600
2020-04-07,121.250000,121.519997,120.669998,121.169998,99.528038,1655400
2020-04-08,121.040001,121.309998,120.250000,120.339996,98.846260,11109900
2020-04-09,121.040001,121.849998,120.860001,121.529999,99.823723,3010100
2020-04-13,121.669998,121.910004,121.570000,121.750000,100.004463,1462100
2020-04-14,121.919998,122.269997,121.870003,122.110001,100.300156,2983400
2020-04-15,122.620003,122.650002,122.110001,122.239998,100.406944,1527200
2020-04-16,122.220001,122.379997,120.930000,121.180000,99.536232,1914800
2020-04-17,121.290001,121.440002,120.339996,120.599998,99.059860,2183500
2020-04-20,120.040001,120.690002,119.949997,120.230003,98.755959,2014800
2020-04-21,120.709999,121.070000,120.599998,120.839996,99.256996,1280000
2020-04-22,121.120003,121.570000,120.849998,121.570000,99.856613,1830300
2020-04-23,121.779999,121.900002,121.349998,121.500000,99.799103,2614500
2020-04-24,121.629997,122.230003,121.540001,122.190002,100.365883,1119600
2020-04-27,122.129997,122.320000,121.900002,121.949997,100.168739,2086200
2020-04-28,122.160004,122.449997,122.120003,122.370003,100.513733,1362200
2020-04-29,122.309998,122.459999,122.099998,122.220001,100.390541,1664900
2020-04-30,122.309998,122.360001,121.309998,121.309998,99.643036,2968200
2020-05-01,121.050003,121.120003,120.620003,121.010002,99.641403,1910900
2020-05-04,121.169998,121.300003,121.010002,121.129997,99.740204,1484100
2020-05-05,121.029999,121.379997,120.910004,121.269997,99.855476,3873000
2020-05-06,120.970001,120.989998,120.610001,120.680000,99.369675,1844900
2020-05-07,120.910004,121.540001,120.820000,121.440002,99.995453,1552100
2020-05-08,121.370003,121.550003,121.250000,121.400002,99.962540,1113900
2020-05-11,121.250000,121.330002,120.980003,120.980003,99.616692,1065800
2020-05-12,121.059998,121.180000,120.849998,121.089996,99.707260,1582900
2020-05-13,121.230003,121.430000,121.029999,121.199997,99.797867,1563900
2020-05-14,121.239998,121.400002,121.120003,121.339996,99.913116,1141500
2020-05-15,121.459999,121.559998,121.320000,121.550003,100.086044,1011500
2020-05-18,121.570000,121.699997,121.290001,121.540001,100.077827,1561200
2020-05-19,121.440002,121.570000,121.360001,121.400002,99.962540,1356200
2020-05-20,121.379997,121.830002,121.379997,121.760002,100.258942,880500
2020-05-21,121.709999,121.980003,121.529999,121.629997,100.151886,1345700
2020-05-22,121.580002,121.750000,121.480003,121.699997,100.209541,1358500
2020-05-26,121.599998,121.620003,121.250000,121.250000,99.839020,1170900
2020-05-27,121.260002,121.519997,121.160004,121.370003,99.937820,1079300
2020-05-28,121.400002,121.769997,121.339996,121.750000,100.250717,967800
2020-05-29,121.779999,121.980003,121.599998,121.800003,100.291916,2454500
2020-06-01,121.830002,121.970001,121.750000,121.949997,100.415405,1528000
2020-06-02,121.900002,121.930000,121.519997,121.680000,100.193085,1031900
2020-06-03,121.459999,121.470001,121.080002,121.279999,99.863701,1743600
2020-06-04,121.169998,121.209999,120.790001,120.820000,99.484924,1541500
2020-06-05,120.589996,120.839996,120.260002,120.809998,99.476715,1451600
2020-06-08,120.769997,121.070000,120.760002,121.070000,99.690811,1572700
2020-06-09,121.599998,121.690002,121.160004,121.190002,99.789619,1943600
2020-06-10,121.660004,122.150002,121.550003,122.120003,100.555389,1472000
2020-06-11,122.269997,122.449997,122.110001,122.160004,100.588348,1569800
2020-06-12,122.010002,122.129997,121.769997,121.830002,100.316605,1450900
2020-06-15,122.029999,122.080002,121.820000,121.879997,100.357750,1898700
2020-06-16,121.709999,121.980003,121.510002,121.820000,100.308365,2475800
2020-06-17,121.709999,121.809998,121.580002,121.739998,100.242516,1574600
2020-06-18,121.940002,122.360001,121.820000,122.290001,100.695335,1553800
2020-06-19,122.209999,122.529999,122.180000,122.529999,100.892998,1673400
2020-06-22,122.639999,122.839996,122.580002,122.839996,101.148247,1612300
2020-06-23,122.900002,122.949997,122.809998,122.910004,101.205872,1556800
2020-06-24,122.889999,123.019997,122.709999,122.739998,101.065895,1152100
2020-06-25,122.839996,122.970001,122.739998,122.849998,101.156464,1291000
2020-06-26,122.959999,123.080002,122.910004,123.059998,101.329407,1017400
2020-06-29,123.080002,123.199997,123.040001,123.199997,101.444664,959700
2020-06-30,123.279999,123.360001,122.809998,123.000000,101.279991,2665300
2020-07-01,122.860001,123.080002,122.720001,123.080002,101.345871,1755100
2020-07-02,123.129997,123.599998,122.970001,123.419998,101.625839,1557800
2020-07-06,123.339996,123.699997,123.190002,123.660004,101.823433,1295700
2020-07-07,123.709999,123.800003,123.440002,123.690002,101.848160,1148200
2020-07-08,123.550003,123.690002,123.470001,123.470001,101.666992,1223100
2020-07-09,123.550003,123.919998,123.500000,123.790001,101.930481,1168200
2020-07-10,123.849998,123.900002,123.629997,123.660004,101.823433,832000
2020-07-13,123.500000,123.930000,123.400002,123.930000,102.045753,1041000
2020-07-14,124.089996,124.239998,123.919998,123.949997,102.062241,1037600
2020-07-15,123.849998,124.070000,123.820000,123.879997,102.004593,1098400
2020-07-16,124.089996,124.180000,123.989998,124.129997,102.210442,950900
2020-07-17,124.269997,124.360001,124.169998,124.360001,102.399841,1058800
2020-07-20,124.650002,124.750000,124.449997,124.529999,102.539810,1543800
2020-07-21,124.750000,124.870003,124.650002,124.809998,102.770340,1066500
2020-07-22,125.129997,125.129997,124.809998,124.809998,102.770340,1595300
2020-07-23,125.000000,125.070000,124.730003,124.870003,102.819778,2465500
2020-07-24,124.860001,124.980003,124.809998,124.839996,102.795074,1168000
2020-07-27,125.000000,125.050003,124.779999,124.839996,102.795074,1888800
2020-07-28,124.879997,125.080002,124.860001,125.070000,102.984451,853200
2020-07-29,125.110001,125.360001,125.089996,125.360001,103.223244,1080100
2020-07-30,125.470001,125.510002,125.339996,125.489998,103.330269,1497300
2020-07-31,125.540001,125.919998,125.370003,125.860001,103.634964,2701700
2020-08-03,125.849998,126.029999,125.760002,126.029999,103.774925,3755800
2020-08-04,126.260002,126.370003,126.139999,126.309998,104.005486,1536500
2020-08-05,126.269997,126.459999,126.260002,126.370003,104.054916,1778700
2020-08-06,126.650002,126.879997,126.440002,126.510002,104.170174,1895900
2020-08-07,126.589996,126.599998,126.099998,126.169998,103.890213,2206800
2020-08-10,126.389999,126.410004,125.980003,126.019997,103.766663,1692400
2020-08-11,125.790001,125.830002,125.570000,125.739998,103.536148,2608600
2020-08-12,125.839996,125.949997,125.629997,125.820000,103.602028,2302200
2020-08-13,125.900002,126.050003,125.459999,125.500000,103.338547,1879700
2020-08-14,125.480003,125.519997,125.290001,125.290001,103.165619,2057200
2020-08-17,125.480003,125.639999,125.400002,125.559998,103.387955,1587400
2020-08-18,125.809998,126.129997,125.739998,126.120003,103.849060,1388200
2020-08-19,126.379997,126.510002,125.699997,125.739998,103.536148,2010900
2020-08-20,125.860001,126.150002,125.330002,125.620003,103.437340,1650300
2020-08-21,125.809998,126.050003,125.699997,126.050003,103.791397,2029400
2020-08-24,126.389999,126.480003,126.260002,126.300003,103.997246,2014100
2020-08-25,126.139999,126.349998,125.900002,126.260002,103.964325,2188200
2020-08-26,126.320000,126.540001,126.169998,126.510002,104.170174,1316200
2020-08-27,126.430000,126.459999,125.919998,126.010002,103.758492,1804700
2020-08-28,126.410004,126.610001,126.220001,126.410004,104.087822,2553500
2020-08-31,126.650002,127.150002,126.580002,126.980003,104.557182,3307900
2020-09-01,127.040001,127.209999,126.830002,127.050003,104.614822,3560800
2020-09-02,127.230003,127.279999,126.949997,127.099998,104.655952,3262400
2020-09-03,126.980003,127.010002,126.559998,126.660004,104.293694,2666100
2020-09-04,126.739998,126.739998,126.110001,126.269997,103.972557,2048300
2020-09-08,126.339996,126.550003,126.330002,126.389999,104.071358,1821400
2020-09-09,126.650002,126.809998,126.320000,126.459999,104.128998,2012100
2020-09-10,126.459999,126.580002,126.309998,126.570000,104.219597,1845100
2020-09-11,126.599998,126.669998,126.430000,126.500000,104.161964,1634800
2020-09-14,126.489998,126.610001,126.330002,126.419998,104.096046,1450000
2020-09-15,126.419998,126.589996,126.400002,126.510002,104.170174,1797600
2020-09-16,126.669998,126.820000,126.470001,126.510002,104.170174,2265000
2020-09-17,126.540001,126.620003,126.349998,126.580002,104.227814,1949700
2020-09-18,126.669998,126.680000,126.459999,126.470001,104.137260,1311800
2020-09-21,126.480003,126.570000,126.209999,126.239998,103.947853,4146000
2020-09-22,126.260002,126.389999,126.129997,126.279999,103.980804,2661200
2020-09-23,126.309998,126.379997,126.080002,126.150002,103.873749,2519400
2020-09-24,126.139999,126.260002,126.089996,126.239998,103.947853,3391000
2020-09-25,126.199997,126.410004,126.150002,126.410004,104.087822,2756300
2020-09-28,126.550003,126.690002,126.480003,126.669998,104.301918,2220900
2020-09-29,126.769997,126.949997,126.709999,126.879997,104.474838,1141400
2020-09-30,126.900002,126.900002,126.489998,126.500000,104.161964,6230600
2020-10-01,126.070000,126.300003,125.930000,126.059998,104.142960,10675700
2020-10-02,126.099998,126.150002,125.970001,126.080002,104.159454,3120100
2020-10-05,126.059998,126.059998,125.690002,125.699997,103.845528,2675300
2020-10-06,125.800003,125.940002,125.550003,125.720001,103.862038,2184700
2020-10-07,125.750000,125.809998,125.610001,125.709999,103.853775,1491200
2020-10-08,125.949997,126.209999,125.870003,126.209999,104.266869,1923000
2020-10-09,126.190002,126.269997,126.000000,126.250000,104.299896,1912700
2020-10-12,126.190002,126.339996,126.160004,126.330002,104.366013,1263600
2020-10-13,126.290001,126.470001,126.260002,126.330002,104.366013,1761000
2020-10-14,126.489998,126.510002,126.250000,126.330002,104.366013,1135300
2020-10-15,126.370003,126.379997,126.220001,126.290001,104.332947,923100
2020-10-16,126.360001,126.419998,126.250000,126.339996,104.374245,1468800
2020-10-19,126.209999,126.260002,126.040001,126.040001,104.126396,1577600
2020-10-20,126.050003,126.110001,125.870003,125.930000,104.035538,2015700
2020-10-21,126.010002,126.050003,125.879997,125.889999,104.002525,1617500
2020-10-22,125.900002,125.900002,125.660004,125.699997,103.845528,2517000
2020-10-23,125.720001,125.879997,125.650002,125.849998,103.969460,2846900
2020-10-26,125.980003,126.029999,125.839996,125.949997,104.052063,2135600
2020-10-27,126.120003,126.239998,126.120003,126.199997,104.258583,1521300
2020-10-28,126.139999,126.160004,125.940002,126.040001,104.126396,2275700
2020-10-29,125.970001,125.970001,125.589996,125.610001,103.771172,2698400
2020-10-30,125.610001,125.660004,125.169998,125.230003,103.457253,3330300
2020-11-02,125.250000,125.459999,125.199997,125.370003,103.836594,6642000
2020-11-03,125.290001,125.290001,124.970001,125.269997,103.753784,5226500
2020-11-04,125.599998,125.680000,125.349998,125.480003,103.927666,4789700
2020-11-05,125.580002,125.669998,125.459999,125.580002,104.010521,3977000
2020-11-06,125.300003,125.300003,124.970001,125.010002,103.538414,2495900
2020-11-09,124.610001,124.680000,124.320000,124.650002,103.240250,3235600
2020-11-10,124.690002,124.980003,124.639999,124.769997,103.339645,2641400
2020-11-11,124.889999,124.989998,124.809998,124.989998,103.521843,1309000
2020-11-12,125.199997,125.349998,125.120003,125.339996,103.811745,1726600
2020-11-13,125.449997,125.449997,125.230003,125.330002,103.803452,1362600
2020-11-16,125.300003,125.410004,125.110001,125.160004,103.662659,2750800
2020-11-17,125.309998,125.400002,125.239998,125.370003,103.836594,1310200
2020-11-18,125.500000,125.580002,125.260002,125.410004,103.869713,1385900
2020-11-19,125.519997,125.650002,125.360001,125.540001,103.977409,4095400
2020-11-20,125.639999,125.830002,125.589996,125.820000,104.209282,1137500
2020-11-23,125.739998,125.800003,125.639999,125.720001,104.126427,1331200
2020-11-24,125.720001,125.809998,125.639999,125.760002,104.159615,1662300
2020-11-25,125.930000,126.050003,125.879997,125.970001,104.333534,1045600
2020-11-27,126.070000,126.279999,126.070000,126.279999,104.590286,1015400
2020-11-30,126.339996,126.510002,126.220001,126.419998,104.706230,3271000
2020-12-01,126.120003,126.169998,125.800003,126.000000,104.468269,6034200
2020-12-02,125.860001,126.120003,125.680000,126.089996,104.542885,3320300
2020-12-03,126.349998,126.470001,126.209999,126.440002,104.833084,3802200
2020-12-04,126.230003,126.269997,126.010002,126.169998,104.609222,1773400
2020-12-07,126.489998,126.669998,126.440002,126.500000,104.882843,3853700
2020-12-08,126.709999,126.800003,126.610001,126.709999,105.056931,1535400
2020-12-09,126.669998,126.680000,126.510002,126.550003,104.924278,2271100
2020-12-10,126.690002,126.849998,126.620003,126.839996,105.164742,2169200
2020-12-11,126.849998,126.930000,126.699997,126.830002,105.156433,1228400
2020-12-14,126.680000,126.910004,126.570000,126.830002,105.156433,1327400
2020-12-15,126.879997,127.059998,126.830002,127.059998,105.347137,1766300
2020-12-16,126.900002,127.120003,126.790001,127.050003,105.338860,1915400
2020-12-17,127.330002,127.389999,127.010002,127.099998,105.399376,1410500
2020-12-18,127.150002,127.239998,127.000000,127.040001,105.349640,1912000
2020-12-21,127.139999,127.190002,126.980003,127.019997,105.333038,1705700
2020-12-22,127.150002,127.169998,127.029999,127.139999,105.432549,947600
2020-12-23,126.940002,127.199997,126.750000,127.199997,105.482307,1639500
2020-12-24,127.269997,127.320000,127.209999,127.250000,105.523796,768900
2020-12-28,127.209999,127.349998,127.110001,127.339996,105.598396,1081200
2020-12-29,127.180000,127.290001,127.160004,127.279999,105.548660,1321500
2020-12-30,127.180000,127.389999,127.129997,127.379997,105.631569,2329400
2020-12-31,127.430000,127.680000,127.389999,127.650002,105.855469,2360900
2021-01-04,127.489998,127.919998,127.459999,127.790001,105.971573,3859900
2021-01-05,127.690002,127.800003,127.580002,127.750000,105.938408,3888000
2021-01-06,127.519997,127.519997,127.129997,127.370003,105.623283,3917200
2021-01-07,127.180000,127.370003,127.180000,127.290001,105.556938,3264000
2021-01-08,127.150002,127.180000,126.580002,126.790001,105.142311,2292500
2021-01-11,126.459999,126.599998,126.360001,126.519997,104.918388,2786800
2021-01-12,126.690002,126.800003,126.400002,126.690002,105.059395,3489100
2021-01-13,126.779999,127.139999,126.690002,126.970001,105.291588,2524100
2021-01-14,126.970001,127.150002,126.849998,127.029999,105.341316,2214400
2021-01-15,127.169998,127.239998,127.059998,127.169998,105.457436,2681100
2021-01-19,127.349998,127.519997,127.160004,127.470001,105.706223,2581100
2021-01-20,127.470001,127.709999,127.400002,127.660004,105.863762,2619800
2021-01-21,127.660004,127.970001,127.500000,127.970001,106.120827,3029400
2021-01-22,127.839996,127.900002,127.730003,127.769997,105.954971,1648100
2021-01-25,127.940002,128.229996,127.889999,128.100006,106.228676,2102900
2021-01-26,128.110001,128.149994,127.820000,127.910004,106.071121,2696200
2021-01-27,127.970001,128.050003,127.820000,127.870003,106.037918,2070300
2021-01-28,128.020004,128.160004,127.919998,128.119995,106.245232,1823800
2021-01-29,128.130005,128.270004,127.739998,127.989998,106.137413,3341300
2021-02-01,127.849998,127.940002,127.709999,127.709999,105.905235,7800000
2021-02-02,127.680000,128.020004,127.589996,127.900002,106.062798,3343600
2021-02-03,127.879997,127.980003,127.830002,127.830002,106.004738,1888700
2021-02-04,127.699997,127.889999,127.580002,127.739998,105.930115,1943800
2021-02-05,127.709999,127.809998,127.610001,127.709999,105.905235,1734000
2021-02-08,127.739998,127.949997,127.639999,127.830002,106.004738,2188800
2021-02-09,127.930000,128.020004,127.839996,127.900002,106.062798,2434400
2021-02-10,127.910004,128.039993,127.870003,128.009995,106.154007,1599000
2021-02-11,128.059998,128.059998,127.730003,127.860001,106.029625,1802900
2021-02-12,127.750000,127.849998,127.559998,127.650002,105.855469,1995300
2021-02-16,127.330002,127.480003,126.980003,127.029999,105.341316,2828100
2021-02-17,127.129997,127.180000,126.860001,126.980003,105.299858,2404700
2021-02-18,126.800003,126.800003,126.440002,126.449997,104.860367,2611800
2021-02-19,126.230003,126.309998,125.550003,125.910004,104.412575,3543500
2021-02-22,125.860001,126.029999,125.779999,125.900002,104.404259,2735700
2021-02-23,125.919998,126.070000,125.720001,125.930000,104.429146,3199400
2021-02-24,125.629997,125.959999,125.540001,125.830002,104.346237,3131500
2021-02-25,125.290001,125.370003,123.510002,124.290001,103.069145,7721400
2021-02-26,124.489998,125.830002,124.300003,125.830002,104.346237,6399400
2021-03-01,125.599998,125.790001,125.180000,125.410004,103.997925,13489200
2021-03-02,125.339996,125.949997,125.339996,125.919998,104.420853,3671500
2021-03-03,125.669998,125.739998,125.449997,125.599998,104.155495,4606700
2021-03-04,125.699997,125.769997,124.889999,125.120003,103.757462,5701600
2021-03-05,124.940002,125.400002,124.910004,125.250000,103.865227,2570700
2021-03-08,125.190002,125.230003,124.559998,124.559998,103.293076,3776600
2021-03-09,125.160004,125.339996,125.019997,125.339996,103.939880,1801500
2021-03-10,125.400002,125.910004,125.400002,125.910004,104.412575,1828000
2021-03-11,126.000000,126.099998,125.769997,126.019997,104.503738,1612600
2021-03-12,125.279999,125.279999,124.860001,125.029999,103.682785,2812300
2021-03-15,125.089996,125.459999,125.019997,125.400002,103.989647,2098100
2021-03-16,125.650002,125.779999,125.449997,125.660004,104.205223,1831300
2021-03-17,125.419998,125.730003,125.089996,125.550003,104.114021,2518500
2021-03-18,124.860001,124.989998,124.660004,124.660004,103.375992,4499200
2021-03-19,124.599998,124.940002,124.540001,124.900002,103.574989,1474300
2021-03-22,125.099998,125.519997,125.089996,125.500000,104.072563,1424600
2021-03-23,125.500000,125.769997,125.400002,125.760002,104.288200,2294100
2021-03-24,125.769997,126.099998,125.720001,126.089996,104.561813,1482500
2021-03-25,126.099998,126.209999,125.860001,126.000000,104.487183,2120500
2021-03-26,125.980003,126.269997,125.970001,126.029999,104.512070,1658600
2021-03-29,126.150002,126.150002,125.570000,125.690002,104.230110,1629000
2021-03-30,125.389999,125.559998,125.320000,125.470001,104.047668,1597100
2021-03-31,125.570000,125.800003,125.309998,125.500000,104.072563,2781800
2021-04-01,125.379997,125.589996,125.269997,125.559998,104.371788,3026600
2021-04-05,125.089996,125.250000,124.989998,125.199997,104.072548,2094900
2021-04-06,125.349998,125.529999,125.269997,125.269997,104.130753,2050100
2021-04-07,125.410004,125.599998,125.330002,125.349998,104.197266,1519600
2021-04-08,125.570000,125.709999,125.500000,125.629997,104.430000,1299600
2021-04-09,125.459999,125.570000,125.269997,125.360001,104.205559,2891500
2021-04-12,125.379997,125.430000,125.250000,125.379997,104.222168,1504700
2021-04-13,125.589996,125.849998,125.510002,125.839996,104.604561,2062600
2021-04-14,125.699997,125.889999,125.660004,125.839996,104.604561,1890100
2021-04-15,126.220001,126.570000,126.220001,126.519997,105.169792,2047400
2021-04-16,126.360001,126.589996,126.300003,126.480003,105.136597,1980900
2021-04-19,126.300003,126.360001,126.150002,126.260002,104.953651,1829400
2021-04-20,126.040001,126.389999,126.040001,126.339996,105.020187,1262000
2021-04-21,126.339996,126.470001,126.260002,126.459999,105.119926,2158300
2021-04-22,126.599998,126.690002,126.370003,126.610001,105.244606,2036200
2021-04-23,126.669998,126.680000,126.410004,126.669998,105.294495,1564200
2021-04-26,126.559998,126.779999,126.519997,126.739998,105.352669,1708800
2021-04-27,126.839996,126.900002,126.629997,126.730003,105.344360,5229700
2021-04-28,126.970001,127.160004,126.790001,127.129997,105.676872,2787900
2021-04-29,126.930000,127.070000,126.800003,127.070000,105.627022,2167400
2021-04-30,126.959999,127.059998,126.839996,126.989998,105.560516,2351500
2021-05-03,126.559998,126.860001,126.510002,126.790001,105.823402,6701000
2021-05-04,127.180000,127.290001,126.940002,127.080002,106.065437,5103200
2021-05-05,127.129997,127.660004,127.129997,127.650002,106.541206,3928200
2021-05-06,127.660004,127.870003,127.449997,127.500000,106.415993,4559100
2021-05-07,127.650002,127.900002,127.570000,127.769997,106.641357,4880500
2021-05-10,128.009995,128.289993,127.779999,127.830002,106.691429,2745000
2021-05-11,127.470001,127.599998,127.279999,127.489998,106.407661,2535700
2021-05-12,127.690002,127.760002,127.250000,127.269997,106.224045,3611900
2021-05-13,127.349998,127.440002,127.169998,127.300003,106.249077,2992400
2021-05-14,127.489998,127.790001,127.449997,127.750000,106.624634,2595200
2021-05-17,127.760002,128.020004,127.699997,128.000000,106.833321,2225000
2021-05-18,127.849998,128.059998,127.779999,127.809998,106.674736,2486300
2021-05-19,127.639999,127.760002,126.940002,126.940002,105.948616,3527000
2021-05-20,127.089996,127.260002,126.949997,127.089996,106.073784,2583000
2021-05-21,127.269997,127.349998,127.099998,127.320000,106.265762,2021100
2021-05-24,127.430000,127.660004,127.379997,127.629997,106.524506,2740200
2021-05-25,127.919998,128.039993,127.839996,127.989998,106.824974,1545700
2021-05-26,128.000000,128.029999,127.610001,127.699997,106.582916,2570900
2021-05-27,127.459999,127.690002,127.370003,127.690002,106.574562,3046600
2021-05-28,127.769997,127.970001,127.699997,127.769997,106.641357,3884000
2021-06-01,127.169998,127.459999,127.019997,127.459999,106.952652,6261000
2021-06-02,127.510002,127.550003,127.300003,127.300003,106.818413,3177900
2021-06-03,127.120003,127.150002,126.870003,126.870003,106.457596,3777400
2021-06-04,127.250000,127.529999,127.250000,127.480003,106.969460,3445400
2021-06-07,127.489998,127.510002,127.199997,127.199997,106.734482,2713000
2021-06-08,127.389999,127.449997,127.260002,127.330002,106.843582,1870800
2021-06-09,127.519997,127.669998,127.230003,127.339996,106.851959,3332300
2021-06-10,127.389999,128.020004,127.320000,128.000000,107.405769,3485000
2021-06-11,128.039993,128.100006,127.510002,127.669998,107.128876,2573700
2021-06-14,127.720001,127.760002,127.370003,127.599998,107.070122,2169000
2021-06-15,127.639999,127.839996,127.610001,127.809998,107.246346,6562100
2021-06-16,127.879997,128.240005,126.639999,126.650002,106.273003,3990600
2021-06-17,126.650002,127.169998,126.449997,127.129997,106.675766,4873500
2021-06-18,126.989998,127.250000,126.709999,127.180000,106.717690,4629400
2021-06-21,126.970001,127.089996,126.790001,126.959999,106.533112,2607600
2021-06-22,127.040001,127.660004,127.029999,127.660004,107.120468,1933000
2021-06-23,127.650002,127.720001,127.500000,127.690002,107.145668,2633100
2021-06-24,127.709999,127.779999,127.440002,127.449997,106.944283,2077500
2021-06-25,127.559998,127.610001,127.279999,127.580002,107.053360,2426700
2021-06-28,127.779999,127.970001,127.769997,127.769997,107.212776,1780700
2021-06-29,127.809998,127.900002,127.750000,127.839996,107.271545,1613100
2021-06-30,128.009995,128.210007,127.989998,128.009995,107.414185,2726500
2021-07-01,127.349998,127.389999,127.160004,127.300003,107.518074,6201200
2021-07-02,127.459999,127.860001,127.410004,127.839996,107.974136,5318400
2021-07-06,127.980003,128.259995,127.959999,128.169998,108.252838,5628600
2021-07-07,128.360001,128.429993,127.989998,128.080002,108.176872,3739500
2021-07-08,128.020004,128.080002,127.839996,127.910004,108.033272,3737400
2021-07-09,127.800003,127.959999,127.720001,127.930000,108.050148,2704000
2021-07-12,127.989998,128.309998,127.930000,128.270004,108.337326,2775100
2021-07-13,128.580002,128.660004,128.210007,128.270004,108.337326,2543200
2021-07-14,128.669998,128.720001,128.419998,128.610001,108.624458,1730300
2021-07-15,128.869995,129.009995,128.630005,129.000000,108.953888,2419100
2021-07-16,128.960007,129.100006,128.940002,129.000000,108.953888,1607200
2021-07-19,129.350006,129.529999,128.990005,129.050003,108.996132,4835400
2021-07-20,129.160004,129.289993,128.880005,129.029999,108.979218,4167500
2021-07-21,128.809998,128.860001,128.600006,128.699997,108.700493,4654800
2021-07-22,128.820007,129.190002,128.759995,129.059998,109.004562,3061800
2021-07-23,129.190002,129.669998,129.149994,129.639999,109.494431,17991800
2021-07-26,129.910004,130.259995,129.759995,130.199997,109.967407,6587900
2021-07-27,130.199997,130.279999,129.970001,130.169998,109.942070,3591100
2021-07-28,130.119995,130.610001,129.720001,130.610001,110.313698,3485700
2021-07-29,130.479996,130.630005,130.369995,130.380005,110.119461,3453100
2021-07-30,130.490005,130.649994,130.449997,130.580002,110.288361,3894300
2021-08-02,129.880005,130.149994,129.779999,129.850006,110.328300,10418900
2021-08-03,129.740005,129.970001,129.570007,129.970001,110.430275,2642800
2021-08-04,129.970001,130.089996,129.520004,129.720001,110.217842,3618200
2021-08-05,129.429993,129.460007,129.110001,129.259995,109.826988,2912400
2021-08-06,128.770004,129.029999,128.720001,128.970001,109.580582,2789800
2021-08-09,128.949997,129.080002,128.720001,128.740005,109.385185,3077000
2021-08-10,128.820007,128.990005,128.729996,128.860001,109.487122,2786300
2021-08-11,128.789993,129.130005,128.639999,129.070007,109.665565,2780600
2021-08-12,129.029999,129.070007,128.830002,128.970001,109.580582,2904100
2021-08-13,129.110001,129.320007,129.059998,129.300003,109.860992,1947900
2021-08-16,129.410004,129.570007,129.360001,129.429993,109.971428,2545000
2021-08-17,129.500000,129.570007,129.080002,129.080002,109.674072,3217300
2021-08-18,129.089996,129.130005,128.789993,129.100006,109.691055,4831500
2021-08-19,129.080002,129.149994,128.899994,129.149994,109.733543,5415900
2021-08-20,129.070007,129.149994,128.729996,128.750000,109.393684,2270000
2021-08-23,128.979996,129.080002,128.889999,129.050003,109.648575,2436800
2021-08-24,129.050003,129.250000,129.000000,129.050003,109.648575,3136100
2021-08-25,129.080002,129.130005,128.880005,129.000000,109.606087,4473400
2021-08-26,129.050003,129.080002,128.899994,129.020004,109.623093,2627200
2021-08-27,129.149994,130.009995,129.050003,129.990005,110.447258,3107000
2021-08-30,130.149994,130.220001,129.809998,129.970001,110.430275,2765400
2021-08-31,129.839996,129.889999,129.470001,129.589996,110.107368,4555100
2021-09-01,128.479996,128.759995,128.410004,128.750000,110.155304,11817000
2021-09-02,128.720001,128.800003,128.660004,128.800003,110.198090,2925300
2021-09-03,128.690002,128.729996,128.570007,128.619995,110.044067,3100300
2021-09-07,128.360001,128.500000,128.229996,128.300003,109.770287,3480300
2021-09-08,128.679993,128.889999,128.589996,128.820007,110.215179,2281400
2021-09-09,128.990005,129.529999,128.910004,129.500000,110.796982,3040300
2021-09-10,129.449997,129.529999,129.070007,129.139999,110.488960,2426500
2021-09-13,129.460007,129.470001,129.059998,129.139999,110.488960,3171600
2021-09-14,129.119995,129.419998,129.039993,129.210007,110.548866,3987700
2021-09-15,129.470001,129.520004,129.149994,129.279999,110.608772,2575600
2021-09-16,129.089996,129.190002,128.990005,129.070007,110.429085,1554600
2021-09-17,128.949997,128.949997,128.639999,128.699997,110.112511,2162100
2021-09-20,128.860001,128.940002,128.710007,128.820007,110.215179,3272700
2021-09-21,128.860001,128.899994,128.630005,128.729996,110.138199,2819300
2021-09-22,128.759995,128.910004,128.460007,128.600006,110.026947,2912800
2021-09-23,128.350006,128.440002,128.020004,128.139999,109.633385,3702000
2021-09-24,127.889999,127.970001,127.699997,127.820000,109.359589,3238700
2021-09-27,127.760002,128.050003,127.760002,127.879997,109.410942,3169500
2021-09-28,127.800003,127.809998,127.580002,127.599998,109.171394,3809600
2021-09-29,127.800003,127.930000,127.470001,127.669998,109.231270,3307000
2021-09-30,127.500000,127.750000,127.400002,127.690002,109.248405,3764700
2021-10-01,127.580002,127.820000,127.480003,127.809998,109.722282,7280000
2021-10-04,127.680000,127.860001,127.580002,127.800003,109.713707,9127100
2021-10-05,127.940002,128.009995,127.820000,127.930000,109.825264,6185400
2021-10-06,127.970001,128.039993,127.809998,127.860001,109.765182,2864100
2021-10-07,127.650002,127.750000,127.480003,127.750000,109.670753,2616400
2021-10-08,127.809998,127.879997,127.650002,127.779999,109.696510,2843300
2021-10-11,127.750000,127.919998,127.669998,127.699997,109.627823,2967800
2021-10-12,127.889999,128.100006,127.760002,127.940002,109.833878,3651800
2021-10-13,128.070007,128.529999,128.029999,128.520004,110.331802,4373700
2021-10-14,128.669998,128.839996,128.539993,128.770004,110.546417,4197400
2021-10-15,128.740005,128.750000,128.440002,128.559998,110.366142,2197100
2021-10-18,128.350006,128.490005,128.080002,128.289993,110.134331,2868700
2021-10-19,128.119995,128.130005,127.870003,127.980003,109.868217,2126800
2021-10-20,127.870003,128.369995,127.839996,128.210007,110.065666,5177800
2021-10-21,128.339996,128.679993,128.139999,128.500000,110.314621,8850800
2021-10-22,128.740005,128.880005,128.460007,128.759995,110.537842,4742400
2021-10-25,128.770004,129.179993,128.759995,129.070007,110.803947,3460700
2021-10-26,129.199997,129.539993,128.979996,129.520004,111.190292,4175200
2021-10-27,129.800003,130.220001,129.559998,130.130005,111.713959,4194800
2021-10-28,129.470001,129.610001,128.779999,129.000000,110.743858,7306900
2021-10-29,128.210007,128.820007,128.139999,128.669998,110.460579,4994500
2021-11-01,128.699997,128.750000,127.860001,128.039993,110.024033,5649200
2021-11-02,128.270004,128.559998,128.229996,128.550003,110.462303,4797900
2021-11-03,128.500000,128.800003,128.229996,128.369995,110.307571,3335000
2021-11-04,129.050003,129.289993,128.940002,129.220001,111.037994,2985500
2021-11-05,129.520004,129.779999,129.399994,129.669998,111.424690,3862900
2021-11-08,129.880005,130.130005,129.789993,130.100006,111.794182,3581000
2021-11-09,130.559998,130.949997,130.360001,130.860001,112.447273,3084900
2021-11-10,131.300003,131.369995,130.000000,130.460007,112.103554,6254600
2021-11-11,130.570007,130.600006,130.399994,130.440002,112.086372,2426600
2021-11-12,130.610001,130.949997,130.399994,130.419998,112.069153,4085300
2021-11-15,130.550003,130.759995,130.410004,130.440002,112.086372,4261600
2021-11-16,130.529999,130.639999,130.139999,130.250000,111.923096,2772300
2021-11-17,130.080002,130.539993,130.000000,130.509995,112.146492,4037100
2021-11-18,130.429993,130.740005,130.429993,130.589996,112.215271,3099700
2021-11-19,130.660004,130.960007,130.300003,130.350006,112.009033,2518200
2021-11-22,129.429993,129.699997,129.100006,129.300003,111.106750,3503900
2021-11-23,128.990005,129.029999,128.429993,128.800003,110.677132,3859500
2021-11-24,128.869995,129.240005,128.610001,129.199997,111.020813,2725300
2021-11-26,129.399994,129.880005,129.250000,129.839996,111.570786,2056900
2021-11-29,129.690002,129.919998,129.470001,129.539993,111.312958,3803400
2021-11-30,129.960007,130.220001,129.399994,129.660004,111.416115,5051400
2021-12-01,129.149994,129.229996,128.570007,129.070007,111.068466,7504200
2021-12-02,129.070007,129.520004,128.889999,129.449997,111.395447,3391400
2021-12-03,129.270004,129.990005,129.229996,129.720001,111.627800,4030700
2021-12-06,129.850006,129.940002,129.100006,129.130005,111.120094,6855000
2021-12-07,129.369995,129.539993,129.199997,129.339996,111.300743,3824700
2021-12-08,129.300003,129.320007,128.970001,129.119995,111.111488,3123600
2021-12-09,129.259995,129.369995,128.559998,128.589996,110.655403,3774000
2021-12-10,128.630005,128.889999,128.539993,128.580002,110.646782,2247700
2021-12-13,128.830002,129.110001,128.679993,128.710007,110.758659,3605600
2021-12-14,128.380005,128.410004,128.020004,128.300003,110.405830,4148200
2021-12-15,128.089996,128.479996,127.690002,128.410004,110.500519,4290800
2021-12-16,128.009995,128.059998,127.570000,127.889999,110.730820,3896900
2021-12-17,128.020004,128.139999,127.830002,127.900002,110.739464,4022300
2021-12-20,127.860001,127.989998,127.779999,127.830002,110.678886,4403300
2021-12-21,127.839996,128.110001,127.599998,128.110001,110.921288,3902300
2021-12-22,128.130005,128.710007,127.989998,128.520004,111.276299,3170000
2021-12-23,128.490005,128.500000,128.050003,128.229996,111.025185,2785500
2021-12-27,128.270004,128.710007,128.220001,128.660004,111.397507,3388800
2021-12-28,128.970001,129.050003,128.539993,128.580002,111.328239,2866100
2021-12-29,128.279999,128.699997,128.020004,128.690002,111.423477,4320200
2021-12-30,128.940002,129.360001,128.809998,129.360001,112.003578,2926000
2021-12-31,129.220001,129.309998,129.070007,129.199997,111.865036,3820400
2022-01-03,128.690002,128.710007,128.380005,128.460007,111.224350,4573600
2022-01-04,128.320007,128.460007,127.760002,127.970001,110.800072,5740700
2022-01-05,128.020004,128.039993,126.919998,126.930000,109.899612,6622800
2022-01-06,126.449997,126.470001,126.000000,126.379997,109.423409,7615500
2022-01-07,126.330002,126.410004,126.040001,126.230003,109.293556,8132900
2022-01-10,126.029999,126.400002,125.849998,126.389999,109.432068,6633200
2022-01-11,126.419998,127.279999,126.349998,127.269997,110.193993,10839700
2022-01-12,127.110001,127.169998,126.430000,126.449997,109.483994,7161900
2022-01-13,126.320000,126.660004,126.230003,126.480003,109.510002,4735600
2022-01-14,126.260002,126.320000,125.849998,125.910004,109.016487,6159500
2022-01-18,125.540001,125.629997,125.300003,125.309998,108.496979,6517400
2022-01-19,125.370003,125.440002,125.050003,125.050003,108.271858,7744200
2022-01-20,125.419998,125.669998,125.169998,125.199997,108.401741,7190000
2022-01-21,125.690002,126.050003,125.540001,125.980003,109.077049,6552400
2022-01-24,126.050003,126.389999,125.870003,126.269997,109.328156,11250900
2022-01-25,126.239998,126.489998,125.959999,126.050003,109.137680,6601000
2022-01-26,126.070000,126.279999,125.139999,125.250000,108.445038,9557800
2022-01-27,125.570000,125.870003,125.370003,125.760002,108.886604,17300800
2022-01-28,125.940002,126.300003,125.870003,126.199997,109.267555,8506800
2022-01-31,126.080002,126.540001,126.070000,126.540001,109.561943,7743300
2022-02-01,125.900002,125.919998,125.250000,125.279999,108.848625,18785900
2022-02-02,125.300003,125.690002,125.239998,125.419998,108.970261,8558200
2022-02-03,124.779999,124.949997,124.599998,124.629997,108.283867,8142200
2022-02-04,124.080002,124.290001,123.779999,123.910004,107.658325,9560900
2022-02-07,123.959999,123.970001,123.480003,123.860001,107.614868,9979000
2022-02-08,123.650002,123.889999,123.540001,123.699997,107.475838,5654300
2022-02-09,123.949997,124.269997,123.820000,123.940002,107.684387,6164600
2022-02-10,123.629997,123.739998,122.919998,122.949997,106.824226,13043800
2022-02-11,123.629997,124.110001,123.099998,124.050003,107.779945,14075400
2022-02-14,123.540001,124.080002,123.430000,123.720001,107.493210,8381800
2022-02-15,123.370003,123.489998,123.199997,123.209999,107.050117,7243800
2022-02-16,123.459999,123.650002,123.290001,123.449997,107.258652,5819200
2022-02-17,123.699997,123.970001,123.070000,123.730003,107.501923,7624000
2022-02-18,124.029999,124.160004,123.919998,124.139999,107.858131,8066300
2022-02-22,124.190002,124.529999,124.080002,124.519997,108.188286,4772200
2022-02-23,124.269997,124.800003,124.070000,124.610001,108.266525,4752600
2022-02-24,126.260002,126.500000,124.769997,125.120003,108.709595,10218600
2022-02-25,124.919998,125.040001,124.629997,125.010002,108.614021,4615600
2022-02-28,125.839996,127.250000,125.830002,127.180000,110.499443,7282300
2022-03-01,127.290001,128.300003,127.279999,127.860001,111.290627,8968800
2022-03-02,127.620003,127.739998,127.000000,127.029999,110.568184,5829800
2022-03-03,127.199997,127.400002,126.839996,126.879997,110.437622,4892900
2022-03-04,127.660004,128.479996,127.660004,127.849998,111.281906,4735200
2022-03-07,127.940002,128.759995,127.889999,128.539993,111.882492,6720100
2022-03-08,128.750000,129.479996,128.330002,129.160004,112.422150,6291000
2022-03-09,128.330002,128.520004,127.410004,127.879997,111.308044,8093400
2022-03-10,127.279999,127.860001,126.779999,127.599998,111.064339,4035000
2022-03-11,127.989998,128.600006,127.949997,128.500000,111.847702,5043700
2022-03-14,127.769997,127.769997,127.080002,127.080002,110.611687,3650600
2022-03-15,127.209999,127.279999,126.110001,126.129997,109.784821,4662200
2022-03-16,125.919998,126.180000,124.550003,125.400002,109.149429,5880300
2022-03-17,126.029999,127.150002,125.830002,127.110001,110.637794,3732400
2022-03-18,126.639999,127.360001,126.480003,126.720001,110.298363,4485100
2022-03-21,126.120003,126.470001,125.449997,125.599998,109.323502,3459200
2022-03-22,125.449997,125.690002,124.959999,125.019997,108.818680,3683400
2022-03-23,125.620003,126.620003,125.570000,126.589996,110.185211,4621600
2022-03-24,126.239998,126.500000,125.769997,125.809998,109.506302,5085900
2022-03-25,125.110001,125.320000,124.730003,124.949997,108.757721,2761800
2022-03-28,125.019997,125.370003,124.800003,124.809998,108.635880,2815400
2022-03-29,124.339996,124.839996,124.290001,124.360001,108.244179,3139300
2022-03-30,124.440002,125.089996,124.410004,124.970001,108.775139,2728100
2022-03-31,124.940002,125.519997,124.349998,124.570000,108.426956,5546400
2022-04-01,122.750000,123.580002,122.540001,123.089996,107.829529,5399200
2022-04-04,123.230003,123.300003,122.900002,123.000000,107.750671,3284100
2022-04-05,122.870003,122.970001,122.070000,122.110001,106.971031,4752300
2022-04-06,121.790001,122.050003,121.040001,121.570000,106.497963,4662400
2022-04-07,121.540001,121.790001,121.199997,121.410004,106.357826,3109300
2022-04-08,121.300003,121.629997,121.239998,121.629997,106.550522,5256300
2022-04-11,121.010002,121.470001,120.900002,121.419998,106.366554,4074400
2022-04-12,121.820000,122.120003,121.389999,121.410004,106.357826,6454400
2022-04-13,121.559998,121.760002,121.120003,121.180000,106.156311,4781400
2022-04-14,121.150002,121.320000,120.830002,121.169998,106.147560,4916900
2022-04-18,121.330002,121.389999,121.019997,121.129997,106.112526,3969600
2022-04-19,120.910004,121.070000,120.430000,120.529999,105.586922,6102300
2022-04-20,120.820000,121.589996,120.739998,121.419998,106.366554,6580000
2022-04-21,121.400002,121.940002,120.680000,121.900002,106.787025,7096200
2022-04-22,121.779999,122.349998,121.349998,121.419998,106.366554,4678600
2022-04-25,121.790001,122.029999,121.279999,121.330002,106.287720,5231500
2022-04-26,121.559998,121.699997,121.239998,121.589996,106.515480,4330300
2022-04-27,121.680000,121.709999,121.150002,121.389999,106.340294,6335700
2022-04-28,121.379997,122.120003,121.290001,122.080002,106.944756,4564500
2022-04-29,121.849998,122.239998,120.820000,121.070000,106.059959,8607200
2022-05-02,119.550003,119.620003,118.250000,118.389999,104.522011,8579900
2022-05-03,119.290001,119.650002,118.790001,118.820000,104.901634,6260800
2022-05-04,118.760002,120.040001,118.309998,119.750000,105.722687,5375800
2022-05-05,118.949997,119.190002,118.089996,118.489998,104.610298,4817100
2022-05-06,117.940002,118.650002,117.739998,118.180000,104.336609,4995400
2022-05-09,117.940002,117.989998,117.519997,117.720001,103.930519,5652000
2022-05-10,117.580002,117.980003,117.129997,117.190002,103.462601,5760700
2022-05-11,117.360001,118.739998,117.019997,118.610001,104.716255,5965600
2022-05-12,118.849998,119.070000,118.019997,118.099998,104.265968,5169700
2022-05-13,118.209999,118.739998,118.010002,118.709999,104.804535,4551800
2022-05-16,118.989998,119.080002,118.699997,118.750000,104.839836,3105100
2022-05-17,118.559998,118.669998,118.050003,118.150002,104.310135,3363700
2022-05-18,118.629997,119.190002,118.610001,118.970001,105.034103,14954600
2022-05-19,119.419998,119.519997,118.169998,118.550003,104.663277,8812500
2022-05-20,118.510002,118.739998,118.290001,118.599998,104.707420,5597600
2022-05-23,118.430000,118.699997,118.160004,118.180000,104.336609,3149600
2022-05-24,118.400002,119.040001,118.349998,118.820000,104.901634,3232900
2022-05-25,119.070000,119.070000,118.599998,118.919998,104.989922,3612600
2022-05-26,119.230003,119.629997,119.059998,119.410004,105.422523,5993700
2022-05-27,119.739998,119.860001,119.610001,119.790001,105.758034,3204900
2022-05-31,119.440002,119.449997,118.779999,118.940002,105.007584,4760000
2022-06-01,117.599998,117.690002,116.989998,117.089996,104.576195,4283200
2022-06-02,117.500000,117.629997,117.260002,117.629997,105.058510,5457900
2022-06-03,117.309998,118.360001,117.309998,118.309998,105.665840,4692400
2022-06-06,118.010002,118.080002,117.470001,117.540001,104.978119,3466300
2022-06-07,117.669998,117.910004,117.570000,117.820000,105.228195,2638200
2022-06-08,117.699997,117.839996,117.529999,117.529999,104.969177,1961100
2022-06-09,117.449997,117.690002,117.309998,117.510002,104.951332,2866800
2022-06-10,117.430000,117.589996,116.940002,116.989998,104.486900,3241000
2022-06-13,115.629997,115.870003,114.580002,115.019997,102.727440,7081800
2022-06-14,114.500000,114.550003,113.010002,113.440002,101.316322,12801700
2022-06-15,113.870003,115.290001,113.680000,115.010002,102.718506,10128000
2022-06-16,113.580002,114.980003,113.250000,114.669998,102.414856,5934500
2022-06-17,114.610001,114.830002,114.260002,114.730003,102.468414,5015900
2022-06-21,114.339996,114.669998,114.230003,114.330002,102.111191,2628700
2022-06-22,114.910004,115.129997,114.790001,114.989998,102.700638,5163300
2022-06-23,115.540001,115.790001,115.199997,115.330002,103.004311,5523500
2022-06-24,115.459999,115.800003,115.279999,115.440002,103.102554,3581400
2022-06-27,115.089996,115.309998,114.580002,114.610001,102.361259,3885600
2022-06-28,114.570000,114.599998,114.120003,114.209999,102.004013,3469600
2022-06-29,114.029999,114.550003,113.690002,114.010002,101.825394,6274800
2022-06-30,114.580002,114.760002,113.889999,113.910004,101.736076,8033400
2022-07-01,114.790001,115.400002,114.489998,115.169998,103.374146,7041500
2022-07-05,115.300003,115.349998,114.709999,114.849998,103.086922,4716100
2022-07-06,114.820000,114.870003,113.769997,113.809998,102.153465,2909400
2022-07-07,114.279999,114.290001,113.480003,113.629997,101.991882,2511700
2022-07-08,113.739998,113.809998,113.339996,113.510002,101.884193,1919900
2022-07-11,113.830002,114.099998,113.580002,113.690002,102.045746,2034200
2022-07-12,113.730003,114.129997,113.629997,113.650002,102.009834,2604400
2022-07-13,113.610001,114.540001,113.470001,114.239998,102.539391,3245600
2022-07-14,113.639999,114.180000,113.470001,113.959999,102.288048,5758800
2022-07-15,114.190002,114.709999,114.099998,114.620003,102.880470,4638600
2022-07-18,114.669998,114.720001,114.269997,114.470001,102.745850,2302000
2022-07-19,114.430000,114.669998,114.320000,114.349998,102.638123,4571400
2022-07-20,114.690002,114.809998,114.150002,114.250000,102.548393,2787400
2022-07-21,114.290001,114.959999,114.000000,114.959999,103.185669,8560600
2022-07-22,115.559998,116.120003,115.519997,115.930000,104.056320,5918500
2022-07-25,115.580002,115.989998,115.559998,115.709999,103.858849,11366300
2022-07-26,116.440002,116.540001,115.699997,115.709999,103.858849,1796100
2022-07-27,116.000000,116.699997,115.959999,116.449997,104.523048,2378500
2022-07-28,117.500000,117.690002,117.089996,117.639999,105.591164,3283100
2022-07-29,117.919998,118.480003,117.779999,118.230003,106.120750,3256700
2022-08-01,117.040001,117.320000,116.769997,117.129997,106.169708,3576300
2022-08-02,116.900002,117.190002,115.599998,115.750000,104.918816,3650800
2022-08-03,115.800003,116.419998,115.489998,116.360001,105.471725,2442200
2022-08-04,116.150002,116.449997,116.040001,116.339996,105.453606,2238700
2022-08-05,115.250000,115.430000,115.080002,115.169998,104.393089,3098100
2022-08-08,115.750000,116.000000,115.690002,115.959999,105.109161,3473200
2022-08-09,115.779999,115.879997,115.570000,115.629997,104.810043,1453300
2022-08-10,115.680000,116.019997,115.419998,115.430000,104.628761,1950500
2022-08-11,115.620003,115.769997,114.949997,115.040001,104.275253,3714600
2022-08-12,115.480003,115.570000,115.160004,115.489998,104.683159,2563100
2022-08-15,115.540001,115.660004,115.370003,115.370003,104.574371,1950800
2022-08-16,115.389999,115.489998,115.089996,115.400002,104.601563,2658100
2022-08-17,115.309998,115.320000,114.900002,115.050003,104.284332,2086600
2022-08-18,115.290001,115.879997,115.019997,115.639999,104.819122,3706400
2022-08-19,115.500000,115.629997,115.339996,115.440002,104.637833,3423400
2022-08-22,115.470001,115.489998,115.199997,115.220001,104.438408,3771500
2022-08-23,115.300003,115.709999,115.199997,115.410004,104.610626,1664900
2022-08-24,115.230003,115.400002,115.110001,115.389999,104.592491,1795000
2022-08-25,115.650002,115.830002,115.529999,115.750000,104.918816,1468300
2022-08-26,115.720001,115.830002,115.330002,115.580002,104.764732,1887800
2022-08-29,115.230003,115.250000,115.019997,115.129997,104.356834,2117300
2022-08-30,114.949997,115.209999,114.690002,114.930000,104.175529,2144200
2022-08-31,114.750000,114.959999,113.720001,113.910004,103.251007,7620800
2022-09-01,111.839996,112.029999,111.510002,111.620003,102.468864,5405500
2022-09-02,112.059998,112.330002,111.730003,112.279999,103.074738,6140400
2022-09-06,111.809998,111.879997,111.180000,111.209999,102.092453,3399100
2022-09-07,111.510002,111.690002,111.339996,111.669998,102.514748,3352800
2022-09-08,111.379997,111.570000,110.980003,111.050003,101.945564,3303200
2022-09-09,111.059998,111.279999,110.849998,111.099998,101.991493,1903900
2022-09-12,111.199997,111.260002,110.519997,110.769997,101.688530,3090300
2022-09-13,110.070000,110.480003,110.070000,110.440002,101.385582,3606700
2022-09-14,110.480003,110.790001,110.449997,110.720001,101.642647,1815400
2022-09-15,110.470001,110.620003,110.089996,110.160004,101.128555,2617700
2022-09-16,110.000000,110.180000,109.639999,109.699997,100.706284,2758100
2022-09-19,109.330002,109.550003,109.029999,109.199997,100.247246,1639600
2022-09-20,108.769997,109.169998,108.720001,109.029999,100.091202,2118800
2022-09-21,109.160004,109.480003,108.449997,109.239998,100.283997,2939000
2022-09-22,108.709999,108.790001,107.870003,108.000000,99.145638,3088400
2022-09-23,107.599998,107.889999,107.389999,107.540001,98.723358,4059300
2022-09-26,107.349998,107.379997,105.790001,105.820000,97.144371,5419000
2022-09-27,105.970001,106.089996,105.110001,105.260002,96.630272,5123500
2022-09-28,106.150002,107.180000,105.809998,107.120003,98.337807,2881900
2022-09-29,106.209999,106.410004,105.540001,105.620003,96.960754,3468800
2022-09-30,105.480003,105.610001,104.629997,104.900002,96.299789,5533400
2022-10-03,105.610001,106.519997,105.510002,106.250000,97.539108,5368700
2022-10-04,106.889999,107.050003,106.540001,106.669998,97.924675,3470600
2022-10-05,106.269997,106.309998,105.580002,105.830002,97.153542,3467200
2022-10-06,105.849998,105.949997,105.449997,105.480003,96.832260,3821900
2022-10-07,105.160004,105.790001,105.139999,105.510002,96.859779,3308600
2022-10-10,105.430000,105.510002,104.879997,104.910004,96.308952,2910900
2022-10-11,105.260002,105.910004,105.180000,105.510002,96.859779,4508600
2022-10-12,105.610001,105.879997,105.339996,105.720001,97.052559,10208100
2022-10-13,104.790001,105.849998,104.790001,105.599998,96.942413,4180400
2022-10-14,105.849998,105.870003,105.290001,105.690002,97.025017,3884900
2022-10-17,106.250000,106.459999,105.900002,105.980003,97.291237,2767500
2022-10-18,106.040001,106.180000,105.449997,105.699997,97.034218,3003300
2022-10-19,105.110001,105.300003,104.919998,105.160004,96.538490,2803800
2022-10-20,105.080002,105.459999,104.769997,105.059998,96.446678,15171500
2022-10-21,105.000000,105.730003,104.860001,105.330002,96.694534,6788500
2022-10-24,105.400002,105.860001,105.250000,105.580002,96.924042,3027900
2022-10-25,105.980003,106.230003,105.820000,106.010002,97.318779,3423300
2022-10-26,106.050003,106.480003,105.709999,105.849998,97.171906,3923000
2022-10-27,106.410004,106.790001,106.120003,106.669998,97.924675,2817100
2022-10-28,106.589996,106.919998,106.290001,106.540001,97.805328,3409500
2022-10-31,106.370003,106.610001,106.010002,106.389999,97.667625,3145400
2022-11-01,107.059998,107.089996,106.209999,106.370003,97.649261,2175700
2022-11-02,106.480003,107.070000,105.989998,106.129997,97.428955,2056900
2022-11-03,105.160004,105.559998,104.910004,104.949997,96.345695,3149800
2022-11-04,105.190002,105.500000,105.059998,105.339996,96.703712,2209000
2022-11-07,105.639999,105.709999,105.419998,105.470001,96.823074,2295300
2022-11-08,105.580002,105.889999,105.500000,105.620003,96.960754,1681800
2022-11-09,105.480003,105.779999,105.070000,105.400002,96.758797,2280600
2022-11-10,106.160004,107.180000,106.160004,107.150002,98.365326,4163400
2022-11-11,106.970001,107.129997,106.809998,107.089996,98.310226,2465600
2022-11-14,106.849998,106.849998,106.230003,106.300003,97.585014,3491700
2022-11-15,106.660004,107.110001,106.550003,106.989998,98.218414,2397500
2022-11-16,107.160004,107.370003,107.070000,107.260002,98.466316,1985700
2022-11-17,106.779999,106.849998,106.360001,106.529999,97.796135,2853300
2022-11-18,106.430000,106.580002,105.900002,105.989998,97.300438,1851100
2022-11-21,106.379997,106.620003,106.110001,106.550003,97.814514,2194900
2022-11-22,106.989998,107.129997,106.739998,106.980003,98.209267,3023400
2022-11-23,106.930000,107.570000,106.889999,107.570000,98.750885,1786500
2022-11-25,107.480003,107.529999,107.360001,107.470001,98.659081,665300
2022-11-28,107.489998,107.589996,107.070000,107.220001,98.429573,3710000
2022-11-29,106.870003,107.080002,106.690002,106.760002,98.007309,2090100
2022-11-30,106.849998,108.370003,106.680000,108.339996,99.457771,4520200
2022-12-01,108.480003,109.379997,108.459999,109.370003,100.524872,9839800
2022-12-02,108.889999,110.199997,108.589996,110.180000,101.269341,3393800
2022-12-05,109.459999,109.480003,108.790001,109.050003,100.230774,3276700
2022-12-06,109.040001,109.150002,108.769997,109.029999,100.212349,4906900
2022-12-07,109.169998,109.529999,108.959999,109.500000,100.644356,2900600
2022-12-08,109.500000,109.550003,109.209999,109.470001,100.616791,3183900
2022-12-09,108.930000,109.059998,108.360001,108.430000,99.660896,2613000
2022-12-12,108.709999,108.779999,108.400002,108.440002,99.670067,2735800
2022-12-13,109.169998,109.309998,108.650002,108.760002,99.964195,4767700
2022-12-14,108.650002,108.760002,108.029999,108.489998,99.716026,2882400
2022-12-15,108.269997,108.339996,107.730003,108.160004,99.733536,2669900
2022-12-16,107.510002,107.970001,107.480003,107.580002,99.198730,2290100
2022-12-19,107.500000,107.510002,107.180000,107.209999,98.857544,2681700
2022-12-20,107.050003,107.339996,106.989998,107.180000,98.829918,2942600
2022-12-21,107.839996,107.900002,107.410004,107.760002,99.364723,6070000
2022-12-22,107.720001,107.800003,107.120003,107.169998,98.820686,3674600
2022-12-23,107.019997,107.110001,106.739998,106.930000,98.599380,2523500
2022-12-27,106.739998,106.930000,106.430000,106.440002,98.147552,2464500
2022-12-28,106.629997,106.779999,106.290001,106.320000,98.036903,3091400
2022-12-29,106.589996,106.839996,106.529999,106.760002,98.442619,3141300
2022-12-30,106.389999,106.800003,106.279999,106.440002,98.147552,4694700
2023-01-03,107.199997,107.250000,106.669998,106.820000,98.497963,3740300
2023-01-04,107.180000,107.300003,106.790001,106.889999,98.562492,3247800
2023-01-05,106.489998,106.949997,106.360001,106.919998,98.590172,2377500
2023-01-06,107.019997,107.949997,106.940002,107.900002,99.493790,3855300
2023-01-09,107.900002,108.349998,107.849998,108.150002,99.724319,2640200
2023-01-10,107.860001,108.000000,107.639999,107.709999,99.318604,2302000
2023-01-11,107.820000,108.180000,107.750000,108.169998,99.742752,7551700
2023-01-12,108.480003,109.029999,108.099998,109.019997,100.526558,3943700
2023-01-13,108.760002,108.930000,108.070000,108.169998,99.742752,2833100
2023-01-17,107.870003,108.209999,107.830002,107.860001,99.456932,2711500
2023-01-18,108.669998,108.800003,108.449997,108.599998,100.139259,3919000
2023-01-19,108.610001,109.290001,108.440002,109.269997,100.757065,4591500
2023-01-20,108.550003,108.910004,108.550003,108.650002,100.185364,2878100
2023-01-23,108.589996,108.809998,108.529999,108.550003,100.093163,3170400
2023-01-24,108.709999,109.190002,108.500000,109.169998,100.664864,2913900
2023-01-25,109.150002,109.389999,108.970001,109.389999,100.867722,2996900
2023-01-26,109.330002,109.610001,109.199997,109.379997,100.858505,4193500
2023-01-27,109.080002,109.260002,109.010002,109.139999,100.637207,2408700
2023-01-30,108.940002,109.110001,108.610001,108.610001,100.148491,2462300
2023-01-31,108.860001,108.900002,108.330002,108.650002,100.185364,4134300
2023-02-01,108.980003,109.489998,108.440002,109.379997,100.858505,5419300
2023-02-02,109.669998,109.809998,109.180000,109.230003,100.720207,5030900
2023-02-03,108.629997,108.839996,108.169998,108.209999,99.779655,5375200
2023-02-06,107.800003,107.959999,107.699997,107.779999,99.383156,5195500
2023-02-07,107.809998,108.550003,107.769997,108.059998,99.641350,3758700
2023-02-08,108.279999,108.669998,108.150002,108.620003,100.157715,2821200
2023-02-09,108.699997,108.760002,108.059998,108.070000,99.650558,2648200
2023-02-10,108.110001,108.160004,107.660004,107.680000,99.290970,3105600
2023-02-13,107.709999,107.940002,107.680000,107.860001,99.456932,2259000
2023-02-14,107.769997,108.010002,107.169998,107.500000,99.124992,3037800
2023-02-15,107.470001,107.730003,107.300003,107.500000,99.124992,2631900
2023-02-16,107.389999,107.660004,107.199997,107.239998,98.885231,4054900
2023-02-17,107.080002,107.510002,107.029999,107.449997,99.078873,5304300
2023-02-21,107.099998,107.260002,106.870003,106.970001,98.636269,2344000
2023-02-22,107.349998,107.510002,106.830002,106.910004,98.580940,5106800
2023-02-23,107.000000,107.379997,106.959999,107.260002,98.903694,3038100
2023-02-24,106.730003,106.769997,106.349998,106.559998,98.258202,3524300
2023-02-27,106.769997,106.870003,106.639999,106.779999,98.461075,1614400
2023-02-28,106.599998,107.260002,106.519997,107.180000,98.829918,3852500
2023-03-01,106.879997,106.980003,106.589996,106.779999,98.461075,5948400
2023-03-02,106.660004,106.910004,106.650002,106.860001,98.534828,3979000
2023-03-03,107.209999,108.010002,107.110001,108.010002,99.595238,3710700
2023-03-06,107.989998,108.019997,107.430000,107.430000,99.060432,3128600
2023-03-07,107.389999,107.430000,106.660004,106.750000,98.433395,3565900
2023-03-08,106.830002,107.029999,106.199997,106.239998,97.963135,4268100
2023-03-09,106.559998,106.750000,106.400002,106.519997,98.221313,4310100
2023-03-10,107.250000,108.089996,107.239998,108.089996,99.668999,5856500
2023-03-13,108.889999,109.639999,108.370003,108.910004,100.425117,6223200
2023-03-14,108.959999,109.160004,108.269997,108.309998,99.871864,5222800
2023-03-15,109.129997,109.889999,108.970001,109.629997,101.089012,5923000
2023-03-16,109.970001,110.010002,108.360001,108.389999,99.945633,7644200
2023-03-17,108.779999,109.230003,108.620003,108.620003,100.157715,4457300
2023-03-20,108.970001,108.970001,108.459999,108.720001,100.249924,2988800
2023-03-21,108.449997,108.910004,108.370003,108.489998,100.037827,2988900
2023-03-22,108.699997,110.110001,108.629997,109.980003,101.411774,5961800
2023-03-23,109.989998,110.220001,109.750000,110.180000,101.596169,5372300
2023-03-24,110.349998,110.510002,109.860001,109.900002,101.337982,8001000
2023-03-27,109.470001,109.540001,109.010002,109.040001,100.544998,6509500
2023-03-28,109.099998,109.620003,109.070000,109.379997,100.858505,3953300
2023-03-29,109.260002,109.599998,109.239998,109.589996,101.052147,2400900
2023-03-30,109.660004,109.820000,109.620003,109.699997,101.153580,2101300
2023-03-31,109.870003,110.440002,109.760002,110.250000,101.660713,5667300
2023-04-03,110.379997,110.800003,110.150002,110.320000,101.842590,6515100
2023-04-04,110.129997,110.769997,110.120003,110.639999,102.137978,4266100
2023-04-05,110.930000,111.260002,110.709999,110.900002,102.378006,5296400
2023-04-06,111.080002,111.260002,110.980003,111.150002,102.608803,3074800
2023-04-10,110.529999,110.589996,110.349998,110.360001,101.879517,2572900
2023-04-11,110.529999,110.570000,110.330002,110.550003,102.054916,2317600
2023-04-12,110.389999,110.680000,110.250000,110.589996,102.091827,3461900
2023-04-13,110.709999,110.930000,110.279999,110.320000,101.842590,3396900
2023-04-14,110.019997,110.160004,109.779999,109.839996,101.399460,3325700
2023-04-17,109.830002,109.879997,109.320000,109.339996,100.937897,4215800
2023-04-18,109.370003,109.599998,109.320000,109.449997,101.039452,3523900
2023-04-19,109.339996,109.449997,109.180000,109.339996,100.937897,4609500
2023-04-20,109.639999,109.900002,109.599998,109.690002,101.261002,3856700
2023-04-21,109.930000,109.980003,109.559998,109.739998,101.307159,2523200
2023-04-24,109.940002,110.190002,109.910004,110.160004,101.694885,1651400
2023-04-25,110.480003,110.849998,110.480003,110.809998,102.294922,3446500
2023-04-26,110.769997,110.879997,110.349998,110.419998,101.934906,3114100
2023-04-27,110.330002,110.379997,109.970001,110.050003,101.593338,2242800
2023-04-28,110.279999,110.389999,109.989998,110.180000,101.713348,4474500
2023-05-01,109.349998,109.389999,108.550003,108.699997,100.867996,3140600
2023-05-02,108.919998,109.599998,108.910004,109.529999,101.638168,3033700
2023-05-03,109.660004,110.080002,109.620003,110.029999,102.102165,3895900
2023-05-04,109.800003,110.480003,109.779999,110.000000,102.074310,4109800
2023-05-05,109.769997,109.879997,109.589996,109.779999,101.870155,1955000
2023-05-08,109.410004,109.500000,109.339996,109.370003,101.489716,2510600
2023-05-09,109.360001,109.410004,109.099998,109.209999,101.341217,2162400
2023-05-10,109.419998,109.680000,109.320000,109.570000,101.675285,2983400
2023-05-11,109.919998,109.989998,109.669998,109.809998,101.898003,5607100
2023-05-12,109.870003,109.930000,109.389999,109.419998,101.536110,1924300
2023-05-15,109.360001,109.410004,109.209999,109.260002,101.387642,2404800
2023-05-16,109.099998,109.220001,108.800003,108.970001,101.118546,4087900
2023-05-17,109.070000,109.089996,108.830002,108.919998,101.072136,2766900
2023-05-18,108.639999,108.779999,108.410004,108.559998,100.738052,6186100
2023-05-19,108.360001,108.669998,108.190002,108.300003,100.496819,3543300
2023-05-22,108.389999,108.519997,108.040001,108.099998,100.311211,3120200
2023-05-23,108.059998,108.470001,108.010002,108.430000,100.617432,3191000
2023-05-24,108.599998,108.639999,108.080002,108.089996,100.301933,2791700
2023-05-25,107.989998,108.050003,107.510002,107.599998,99.847237,4197100
2023-05-26,107.639999,107.800003,107.419998,107.730003,99.967880,3035100
2023-05-30,107.970001,108.209999,107.870003,108.160004,100.366890,4166100
2023-05-31,108.239998,108.400002,108.050003,108.300003,100.496819,6155400
2023-06-01,108.040001,108.209999,107.959999,108.160004,100.657806,5326300
2023-06-02,108.120003,108.150002,107.599998,107.629997,100.164558,2367500
2023-06-05,107.540001,107.980003,107.470001,107.769997,100.294853,2160500
2023-06-06,107.699997,107.860001,107.510002,107.830002,100.350708,2087000
2023-06-07,107.860001,107.949997,107.250000,107.330002,99.885368,3181600
2023-06-08,107.500000,107.900002,107.489998,107.860001,100.378624,2327600
2023-06-09,107.709999,107.769997,107.540001,107.559998,100.099419,1903300
2023-06-12,107.650002,107.660004,107.309998,107.650002,100.183189,3835000
2023-06-13,107.669998,107.790001,107.040001,107.099998,99.671318,2959000
2023-06-14,107.459999,107.739998,107.120003,107.370003,99.922600,2879900
2023-06-15,108.010002,108.180000,107.860001,108.050003,100.555412,3435000
2023-06-16,107.680000,107.870003,107.449997,107.769997,100.294853,2392000
2023-06-20,107.839996,108.099998,107.839996,108.000000,100.508904,2826300
2023-06-21,107.779999,108.120003,107.639999,108.010002,100.518219,3169900
2023-06-22,107.769997,107.959999,107.589996,107.629997,100.164558,4519900
2023-06-23,108.199997,108.230003,107.860001,107.889999,100.406532,2758200
2023-06-26,108.110001,108.150002,107.870003,107.940002,100.453079,2912500
2023-06-27,108.080002,108.230003,107.570000,107.639999,100.173859,3316800
2023-06-28,107.870003,107.980003,107.660004,107.860001,100.378624,3616900
2023-06-29,107.250000,107.320000,107.010002,107.150002,99.717857,2812800
2023-06-30,107.250000,107.669998,107.160004,107.620003,100.155266,6657300
2023-07-03,107.260002,107.419998,106.959999,106.989998,100.037430,1851800
2023-07-05,106.830002,106.919998,106.389999,106.480003,99.560600,2609300
2023-07-06,106.010002,106.099998,105.589996,105.919998,99.036972,3030500
2023-07-07,105.889999,106.139999,105.830002,105.849998,98.971535,2395600
2023-07-10,105.940002,106.190002,105.910004,106.099998,99.205269,1965300
2023-07-11,106.160004,106.209999,105.910004,105.980003,99.093079,1460400
2023-07-12,106.489998,107.180000,106.440002,107.150002,100.187050,3071800
2023-07-13,107.559998,107.699997,107.349998,107.699997,100.701279,2665700
2023-07-14,107.449997,107.550003,107.089996,107.129997,100.168343,2393100
2023-07-17,107.209999,107.440002,107.099998,107.330002,100.355347,1768300
2023-07-18,107.449997,107.559998,107.199997,107.279999,100.308586,1777500
2023-07-19,107.370003,107.650002,107.250000,107.650002,100.654572,1842700
2023-07-20,107.430000,107.620003,107.129997,107.610001,100.617142,17993300
2023-07-21,107.730003,107.830002,107.550003,107.610001,100.617142,3073400
2023-07-24,107.599998,107.720001,107.480003,107.660004,100.663902,2912400
2023-07-25,107.620003,107.730003,107.279999,107.470001,100.486244,2052500
2023-07-26,107.430000,107.599998,107.230003,107.510002,100.523674,2231400
2023-07-27,107.330002,107.440002,106.580002,106.720001,99.785004,2826500
2023-07-28,106.779999,107.129997,106.760002,107.129997,100.168343,1584800
2023-07-31,107.089996,107.309998,106.959999,107.160004,100.196404,5960700
2023-08-01,106.559998,106.620003,106.239998,106.300003,99.597679,2259800
2023-08-02,106.019997,106.169998,105.739998,106.110001,99.419662,2257100
2023-08-03,105.650002,105.690002,105.419998,105.449997,98.801270,2828200
2023-08-04,105.849998,106.510002,105.849998,106.470001,99.756966,2067500
2023-08-07,106.430000,106.650002,106.300003,106.559998,99.841278,8487200
2023-08-08,106.739998,106.910004,106.480003,106.540001,99.822556,1922100
2023-08-09,106.540001,106.610001,106.430000,106.489998,99.775703,1383000
2023-08-10,106.510002,106.699997,105.940002,105.940002,99.260391,2808000
2023-08-11,105.779999,106.029999,105.739998,105.790001,99.119850,1967200
2023-08-14,105.769997,105.849998,105.540001,105.570000,98.913712,1688600
2023-08-15,105.510002,105.720001,105.230003,105.239998,98.604492,1615700
2023-08-16,105.230003,105.400002,104.919998,104.930000,98.314072,2197800
2023-08-17,105.029999,105.099998,104.709999,104.900002,98.285973,2168400
2023-08-18,105.019997,105.320000,105.010002,105.080002,98.454605,1431000
2023-08-21,104.720001,104.820000,104.570000,104.800003,98.192253,1499800
2023-08-22,104.809998,105.000000,104.760002,104.980003,98.360924,1351000
2023-08-23,105.389999,105.930000,105.389999,105.930000,99.251015,5432600
2023-08-24,105.669998,105.849998,105.300003,105.449997,98.801270,9117500
2023-08-25,105.360001,105.660004,105.120003,105.430000,98.782562,3501800
2023-08-28,105.599998,105.610001,105.370003,105.489998,98.838745,1410900
2023-08-29,105.300003,106.080002,105.300003,106.010002,99.325966,2281400
2023-08-30,106.040001,106.099998,105.830002,105.849998,99.176079,1741200
2023-08-31,105.949997,106.129997,105.879997,106.070000,99.382164,6068200
2023-09-01,105.690002,105.699997,105.180000,105.199997,98.868134,1697100
2023-09-05,105.180000,105.190002,104.889999,104.989998,98.670753,1999600
2023-09-06,105.169998,105.209999,104.790001,104.830002,98.520386,2037700
2023-09-07,105.059998,105.250000,105.000000,105.209999,98.877525,1257400
2023-09-08,105.459999,105.629997,105.389999,105.449997,99.103065,1899300
2023-09-11,105.250000,105.410004,105.199997,105.349998,99.009079,1660200
2023-09-12,105.379997,105.459999,105.330002,105.400002,99.056076,1589300
2023-09-13,105.419998,105.669998,105.400002,105.540001,99.187653,2328400
2023-09-14,105.540001,105.629997,105.279999,105.370003,99.027878,1817900
2023-09-15,105.190002,105.300003,105.070000,105.110001,98.783516,1822200
2023-09-18,105.080002,105.349998,105.050003,105.330002,98.990288,1521400
2023-09-19,105.190002,105.300003,105.019997,105.029999,98.708351,2313000
2023-09-20,105.209999,105.360001,104.809998,104.809998,98.501579,1818500
2023-09-21,104.389999,104.540001,104.230003,104.260002,97.984680,6247300
2023-09-22,104.360001,104.720001,104.320000,104.620003,98.323029,1641800
2023-09-25,104.099998,104.209999,103.830002,103.830002,97.580582,1780100
2023-09-26,103.889999,103.930000,103.489998,103.570000,97.336227,2208800
2023-09-27,103.800003,103.879997,103.199997,103.400002,97.176453,2139400
2023-09-28,103.290001,103.949997,103.089996,103.930000,97.674545,1709800
2023-09-29,104.199997,104.320000,103.610001,103.720001,97.477196,5679300
2023-10-02,103.239998,103.360001,102.860001,102.919998,96.885086,6662900
2023-10-03,102.690002,102.820000,102.150002,102.190002,96.197891,5004600
2023-10-04,102.430000,102.680000,102.300003,102.639999,96.621483,2644600
2023-10-05,102.699997,102.760002,102.480003,102.489998,96.480293,2283200
2023-10-06,101.800003,102.379997,101.739998,102.120003,96.131981,2164800
2023-10-09,102.660004,103.190002,102.589996,103.129997,97.082756,1424000
2023-10-10,102.849998,103.300003,102.760002,103.169998,97.120399,3710500
2023-10-11,103.470001,103.660004,103.349998,103.629997,97.553436,2106900
2023-10-12,103.529999,103.610001,102.820000,102.970001,96.932137,2852600
2023-10-13,103.779999,103.860001,103.519997,103.639999,97.562851,2463800
2023-10-16,103.260002,103.389999,103.160004,103.339996,97.280457,1538400
2023-10-17,102.769997,102.970001,102.610001,102.839996,96.809753,1930800
2023-10-18,102.769997,102.889999,102.440002,102.620003,96.602661,1575400
2023-10-19,102.379997,102.889999,102.379997,102.529999,96.517944,12019700
2023-10-20,102.680000,102.949997,102.629997,102.839996,96.809753,3301500
2023-10-23,102.459999,102.940002,102.320000,102.860001,96.828575,2632000
2023-10-24,102.769997,102.980003,102.550003,102.949997,96.913315,2951400
2023-10-25,102.620003,102.660004,102.400002,102.519997,96.508514,2265400
2023-10-26,102.629997,103.110001,102.580002,103.070000,97.026276,1941900
2023-10-27,103.019997,103.239998,102.849998,103.220001,97.167473,2640900
2023-10-30,102.860001,103.160004,102.769997,103.059998,97.016853,1582200
2023-10-31,103.099998,103.239998,102.769997,102.800003,96.772125,5219300
2023-11-01,102.510002,103.279999,102.459999,103.239998,97.615524,3244500
2023-11-02,103.809998,103.980003,103.529999,103.709999,98.059906,2869700
2023-11-03,104.459999,104.629997,104.209999,104.239998,98.561012,3444000
2023-11-06,104.070000,104.120003,103.820000,103.970001,98.305748,2356100
2023-11-07,104.099998,104.389999,104.050003,104.250000,98.570473,1600400
2023-11-08,104.180000,104.500000,104.139999,104.480003,98.787956,1835300
2023-11-09,104.279999,104.330002,103.529999,103.599998,97.955902,2328000
2023-11-10,103.820000,103.860001,103.540001,103.639999,97.993721,2920900
2023-11-13,103.300003,103.599998,103.190002,103.570000,97.927528,1329700
2023-11-14,104.419998,104.639999,104.279999,104.419998,98.731239,2794300
2023-11-15,104.070000,104.080002,103.769997,103.970001,98.305748,2358300
2023-11-16,104.180000,104.489998,104.180000,104.349998,98.665024,2540100
2023-11-17,104.540001,104.580002,104.279999,104.459999,98.769043,2073700
2023-11-20,104.300003,104.790001,104.290001,104.769997,99.062164,1511500
2023-11-21,104.660004,104.739998,104.290001,104.550003,98.854156,7051400
2023-11-22,104.599998,104.669998,104.309998,104.650002,98.948708,1395400
2023-11-24,104.360001,104.419998,104.190002,104.209999,98.532669,498200
2023-11-27,104.389999,104.559998,104.250000,104.550003,98.854156,2231700
2023-11-28,104.370003,104.989998,104.360001,104.959999,99.241806,3241400
2023-11-29,105.190002,105.459999,105.110001,105.379997,99.638924,3617200
2023-11-30,105.190002,105.279999,104.970001,105.190002,99.459274,6295600
2023-12-01,104.790001,105.529999,104.790001,105.470001,99.967316,5444600
2023-12-04,105.139999,105.279999,104.930000,105.029999,99.550270,2523700
2023-12-05,105.339996,105.769997,105.339996,105.599998,100.090538,10909800
2023-12-06,105.550003,105.790001,105.470001,105.709999,100.194801,3262400
2023-12-07,105.580002,105.900002,105.580002,105.620003,100.109482,2956600
2023-12-08,105.230003,105.510002,105.110001,105.489998,99.986282,1657400
2023-12-11,105.220001,105.290001,104.980003,105.269997,99.777756,1898300
2023-12-12,105.150002,105.309998,105.040001,105.209999,99.720879,1860800
2023-12-13,105.300003,106.660004,105.250000,106.639999,101.076279,2778900
2023-12-14,107.489998,108.059998,107.480003,107.809998,102.185211,4948700
2023-12-15,107.400002,107.699997,107.349998,107.629997,102.014626,3185200
2023-12-18,107.459999,107.500000,107.309998,107.309998,101.711327,1608200
2023-12-19,107.440002,107.650002,107.309998,107.379997,101.777657,1624700
2023-12-20,107.629997,107.839996,107.449997,107.809998,102.185211,1843200
2023-12-21,107.820000,107.910004,107.480003,107.629997,102.014626,4795900
2023-12-22,107.769997,107.779999,107.320000,107.419998,101.815590,1187800
2023-12-26,107.440002,107.559998,107.389999,107.480003,101.872452,1307100
2023-12-27,107.730003,108.010002,107.669998,107.970001,102.336891,1472400
2023-12-28,107.820000,108.050003,107.589996,107.620003,102.005135,2011500
2023-12-29,107.379997,107.769997,107.360001,107.489998,101.881920,5159200
2024-01-02,107.160004,107.410004,107.070000,107.339996,101.739738,2635700
2024-01-03,106.949997,107.540001,106.910004,107.510002,101.900887,1920700
2024-01-04,107.050003,107.129997,106.940002,107.010002,101.426971,1897600
2024-01-05,106.779999,107.250000,106.680000,106.769997,101.199478,2040600
2024-01-08,106.680000,107.220001,106.680000,107.059998,101.474342,1399400
2024-01-09,106.919998,107.150002,106.849998,106.849998,101.275307,1535600
2024-01-10,107.029999,107.070000,106.739998,106.760002,101.190010,1427300
2024-01-11,107.050003,107.370003,106.940002,107.330002,101.730278,2352100
2024-01-12,107.599998,107.839996,107.540001,107.790001,102.166290,1741200
2024-01-16,107.500000,107.629997,107.099998,107.239998,101.644958,2383300
2024-01-17,106.889999,107.019997,106.750000,106.910004,101.332184,2933200
2024-01-18,106.919998,107.019997,106.750000,106.940002,101.360619,5550300
2024-01-19,106.870003,107.019997,106.669998,107.019997,101.436432,1461900
2024-01-22,107.019997,107.199997,106.989998,107.070000,101.483841,1443200
2024-01-23,106.620003,106.769997,106.510002,106.720001,101.152100,1191300
2024-01-24,106.919998,106.940002,106.459999,106.470001,100.915138,1282300
2024-01-25,106.769997,106.860001,106.620003,106.830002,101.256355,1717800
2024-01-26,106.860001,106.860001,106.650002,106.730003,101.161575,1706300
2024-01-29,107.000000,107.290001,106.940002,107.199997,101.607056,1275600
2024-01-30,107.250000,107.349998,107.010002,107.150002,101.559669,2152100
2024-01-31,107.480003,107.860001,107.330002,107.849998,102.223152,8965800
2024-02-01,108.139999,108.540001,107.949997,108.040001,102.403221,2966600
2024-02-02,107.160004,107.290001,106.800003,107.000000,101.417503,3070100
2024-02-05,106.610001,106.709999,106.339996,106.400002,100.848808,1869800
2024-02-06,106.510002,106.930000,106.500000,106.760002,101.190010,2163600
2024-02-07,106.639999,106.849998,106.559998,106.559998,101.000450,1489700
2024-02-08,106.440002,106.589996,106.370003,106.480003,100.924637,1603900
2024-02-09,106.309998,106.480003,106.269997,106.330002,100.782440,1506700
2024-02-12,106.339996,106.400002,106.190002,106.370003,100.820374,1134700
2024-02-13,105.889999,106.019997,105.680000,105.690002,100.175835,1771000
2024-02-14,105.949997,106.260002,105.949997,106.139999,100.602356,1606700
2024-02-15,106.419998,106.470001,106.260002,106.269997,100.725571,1894000
2024-02-16,106.019997,106.190002,105.989998,106.160004,100.621323,1063600
2024-02-20,106.230003,106.349998,106.180000,106.209999,100.668709,1013900
2024-02-21,106.239998,106.300003,105.980003,106.089996,100.554947,1772800
2024-02-22,106.029999,106.260002,105.769997,105.949997,100.422287,5515200
2024-02-23,105.919998,106.339996,105.919998,106.220001,100.678185,1160500
2024-02-26,106.239998,106.250000,106.019997,106.180000,100.640266,1413600
2024-02-27,106.190002,106.309998,106.019997,106.050003,100.517075,2781900
2024-02-28,106.190002,106.410004,106.150002,106.389999,100.839333,1485700
2024-02-29,106.480003,106.730003,106.470001,106.720001,101.152100,6257500
2024-03-01,106.610001,107.150002,106.419998,107.120003,101.531235,2949700
2024-03-04,106.849998,107.050003,106.830002,107.029999,101.445923,1857200
2024-03-05,107.349998,107.599998,107.260002,107.519997,101.910355,1512900
2024-03-06,107.599998,107.820000,107.489998,107.559998,101.948280,2931800
2024-03-07,107.650002,107.660004,107.360001,107.500000,101.891396,2014800
2024-03-08,107.669998,107.790001,107.529999,107.589996,101.976707,1313800
2024-03-11,107.629997,107.629997,107.370003,107.400002,101.796623,1928900
2024-03-12,107.360001,107.389999,107.169998,107.190002,101.597580,2379800
2024-03-13,107.169998,107.220001,106.970001,107.040001,101.455399,1696100
2024-03-14,106.790001,106.790001,106.339996,106.389999,100.839333,1954300
2024-03-15,106.440002,106.510002,106.320000,106.320000,100.772957,1288400
2024-03-18,106.320000,106.360001,106.150002,106.220001,100.678185,1908100
2024-03-19,106.370003,106.580002,106.330002,106.370003,100.820374,1518000
2024-03-20,106.430000,106.820000,106.370003,106.790001,101.218452,1758700
2024-03-21,107.180000,107.239998,106.900002,106.980003,101.398552,2337500
2024-03-22,107.480003,107.480003,107.290001,107.349998,101.749214,2385700
2024-03-25,107.320000,107.330002,106.989998,107.010002,101.426971,1902700
2024-03-26,107.029999,107.150002,106.919998,107.040001,101.455399,932200
2024-03-27,107.160004,107.449997,107.150002,107.370003,101.768204,1758100
2024-03-28,107.190002,107.550003,107.190002,107.410004,101.806122,2137800
2024-04-01,107.019997,107.029999,106.620003,106.650002,101.146957,1639800
2024-04-02,106.430000,106.709999,106.269997,106.680000,101.175423,1899400
2024-04-03,106.379997,106.699997,106.300003,106.680000,101.175423,1396200
2024-04-04,106.860001,107.089996,106.650002,107.080002,101.554787,1971100
2024-04-05,106.760002,106.959999,106.620003,106.629997,101.127991,1608800
2024-04-08,106.500000,106.650002,106.419998,106.589996,101.090057,1830200
2024-04-09,106.800003,106.919998,106.750000,106.870003,101.355606,1309500
2024-04-10,106.360001,106.430000,105.830002,105.839996,100.378754,2194300
2024-04-11,106.040001,106.070000,105.650002,105.750000,100.293411,5224100
2024-04-12,106.220001,106.400002,106.120003,106.120003,100.644310,5867200
2024-04-15,105.730003,105.779999,105.459999,105.779999,100.321861,1793900
2024-04-16,105.459999,105.620003,105.309998,105.349998,99.914032,4094600
2024-04-17,105.470001,105.839996,105.449997,105.760002,100.302872,2567400
2024-04-18,105.730003,105.739998,105.449997,105.620003,100.170097,1491900
2024-04-19,105.830002,105.919998,105.739998,105.779999,100.321861,1484700
2024-04-22,105.589996,105.830002,105.589996,105.790001,100.331345,1561200
2024-04-23,105.669998,106.059998,105.599998,105.889999,100.426178,2243100
2024-04-24,105.730003,105.769997,105.510002,105.669998,100.217506,1970900
2024-04-25,105.279999,105.559998,105.250000,105.510002,100.065796,2417600
2024-04-26,105.709999,105.910004,105.709999,105.779999,100.321861,1382600
2024-04-29,105.940002,106.120003,105.889999,106.040001,100.568451,1333900
2024-04-30,105.720001,105.839996,105.489998,105.529999,100.084763,3238400
2024-05-01,105.019997,105.360001,104.669998,105.010002,100.249931,3188300
2024-05-02,105.040001,105.470001,105.019997,105.389999,100.612686,2093000
2024-05-03,106.029999,106.120003,105.669998,105.930000,101.128227,2388300
2024-05-06,105.940002,106.040001,105.860001,105.980003,101.175934,1027400
2024-05-07,106.290001,106.290001,105.919998,105.959999,101.156845,2088700
2024-05-08,105.849998,105.940002,105.790001,105.839996,101.042290,1508100
2024-05-09,105.839996,106.250000,105.839996,106.220001,101.405075,2047100
2024-05-10,106.160004,106.220001,105.980003,106.050003,101.242783,1922100
2024-05-13,106.190002,106.239998,106.040001,106.089996,101.280945,1492900
2024-05-14,106.139999,106.320000,106.099998,106.290001,101.471893,1609500
2024-05-15,106.620003,106.919998,106.540001,106.830002,101.987411,2707600
2024-05-16,106.900002,106.910004,106.680000,106.680000,101.844223,1492400
2024-05-17,106.599998,106.730003,106.570000,106.580002,101.748741,2103100
2024-05-20,106.480003,106.610001,106.459999,106.540001,101.710556,2841700
2024-05-21,106.779999,106.839996,106.709999,106.739998,101.901497,1827900
2024-05-22,106.580002,106.790001,106.580002,106.720001,101.882408,2187700
2024-05-23,106.779999,106.779999,106.239998,106.309998,101.490997,1413600
2024-05-24,106.279999,106.500000,106.279999,106.440002,101.615089,592900
2024-05-28,106.589996,106.610001,106.099998,106.120003,101.309601,1829800
2024-05-29,105.919998,105.940002,105.660004,105.870003,101.070930,1883700
2024-05-30,106.160004,106.320000,106.150002,106.279999,101.462334,1055200
2024-05-31,106.610001,106.720001,106.449997,106.699997,101.863312,1867600
2024-06-03,106.029999,106.430000,106.010002,106.419998,102.292969,1880200
2024-06-04,106.599998,106.800003,106.519997,106.750000,102.610176,1787900
2024-06-05,106.849998,107.019997,106.580002,107.019997,102.869682,2253400
2024-06-06,106.860001,106.989998,106.779999,106.930000,102.783203,1778500
2024-06-07,106.300003,106.300003,106.050003,106.050003,101.937317,2165200
2024-06-10,105.980003,106.019997,105.860001,105.900002,101.793137,2040200
2024-06-11,105.989998,106.250000,105.900002,106.190002,102.071884,2400400
2024-06-12,106.779999,106.910004,106.300003,106.349998,102.225685,1989800
2024-06-13,106.629997,107.000000,106.580002,106.769997,102.629379,1906100
2024-06-14,106.870003,107.000000,106.769997,106.900002,102.754364,1395600
2024-06-17,106.650002,106.760002,106.570000,106.750000,102.610176,1020400
2024-06-18,106.989998,107.239998,106.940002,107.180000,103.023491,1401800
2024-06-20,106.809998,107.209999,106.800003,107.199997,103.042732,3173500
2024-06-21,107.290001,107.370003,107.019997,107.040001,102.888939,1022800
2024-06-24,107.070000,107.120003,106.959999,107.099998,102.946602,950100
2024-06-25,107.029999,107.230003,107.019997,107.230003,103.071556,2228700
2024-06-26,106.860001,106.970001,106.779999,106.910004,102.763962,1982200
2024-06-27,107.139999,107.239998,107.080002,107.110001,102.956223,779900
2024-06-28,107.349998,107.379997,106.760002,106.779999,102.639015,1960900
2024-07-01,105.989998,106.309998,105.849998,105.919998,102.230751,4132700
2024-07-02,106.250000,106.300003,105.989998,106.120003,102.423759,2341900
2024-07-03,106.269997,106.639999,106.269997,106.540001,102.829163,854300
2024-07-05,106.879997,107.139999,106.739998,107.019997,103.292427,1192500
2024-07-08,106.940002,107.089996,106.830002,106.980003,103.253815,1156500
2024-07-09,106.900002,106.959999,106.690002,106.820000,103.099396,4961700
2024-07-10,106.900002,107.040001,106.860001,107.019997,103.292427,1476000
2024-07-11,107.430000,107.519997,107.260002,107.339996,103.601273,1321100
2024-07-12,107.410004,107.519997,107.279999,107.510002,103.765358,1678800
2024-07-15,107.419998,107.570000,107.330002,107.440002,103.697807,930200
2024-07-16,107.589996,107.860001,107.529999,107.769997,104.016296,818200
2024-07-17,107.750000,107.900002,107.650002,107.809998,104.054909,956000
2024-07-18,107.680000,107.830002,107.559998,107.570000,103.823273,1272900
2024-07-19,107.459999,107.480003,107.290001,107.309998,103.572334,1948200
2024-07-22,107.290001,107.349998,107.010002,107.180000,103.446846,2347900
2024-07-23,107.199997,107.349998,107.110001,107.120003,103.388954,2039600
2024-07-24,107.230003,107.339996,106.800003,106.800003,103.080093,1252900
2024-07-25,106.940002,107.239998,106.930000,107.059998,103.331024,1073200
2024-07-26,107.360001,107.440002,107.230003,107.400002,103.659187,1458800
2024-07-29,107.589996,107.599998,107.419998,107.510002,103.765358,973300
2024-07-30,107.610001,107.709999,107.449997,107.589996,103.842583,693500
2024-07-31,107.889999,108.199997,107.639999,108.180000,104.412033,1585700
2024-08-01,108.190002,108.459999,108.120003,108.150002,104.550255,3247900
2024-08-02,108.589996,108.809998,108.379997,108.669998,105.052948,1393900
2024-08-05,108.720001,109.129997,108.430000,108.980003,105.352646,3172500
2024-08-06,108.720001,108.750000,108.330002,108.349998,104.743607,2115100
2024-08-07,108.190002,108.370003,107.949997,108.019997,104.424591,1239900
2024-08-08,107.790001,107.949997,107.650002,107.919998,104.327911,1189900
2024-08-09,108.309998,108.309998,108.110001,108.199997,104.598587,804900
2024-08-12,108.110001,108.529999,108.059998,108.489998,104.878944,611300
2024-08-13,108.730003,108.750000,108.580002,108.720001,105.101303,717700
2024-08-14,108.790001,108.949997,108.599998,108.660004,105.043289,516100
2024-08-15,108.209999,108.430000,108.139999,108.430000,104.820938,443800
2024-08-16,108.610001,108.629997,108.339996,108.389999,104.782280,840100
2024-08-19,108.370003,108.639999,108.370003,108.459999,104.849937,1159300
2024-08-20,108.699997,108.949997,108.650002,108.889999,105.265625,1449500
2024-08-21,108.989998,109.199997,108.790001,109.129997,105.497658,2223600
2024-08-22,108.820000,108.820000,108.470001,108.790001,105.168968,1018100
2024-08-23,108.930000,109.489998,108.860001,109.370003,105.729668,790400
2024-08-26,109.559998,109.610001,109.379997,109.379997,105.739319,1096600
2024-08-27,109.160004,109.459999,109.129997,109.379997,105.739319,1599400
2024-08-28,109.440002,109.510002,109.309998,109.370003,105.729668,687600
2024-08-29,109.230003,109.290001,109.129997,109.220001,105.584656,746100
2024-08-30,109.169998,109.250000,108.800003,108.870003,105.246300,1160900
2024-09-03,109.120003,109.370003,109.000000,109.059998,105.459030,2892600
2024-09-04,109.050003,109.400002,109.000000,109.349998,105.739449,2176700
2024-09-05,109.550003,109.550003,109.260002,109.419998,105.807159,6292500
2024-09-06,109.650002,109.989998,109.430000,109.489998,105.874832,2264200
2024-09-09,109.559998,109.809998,109.459999,109.739998,106.116577,1377500
2024-09-10,109.690002,110.019997,109.650002,109.980003,106.348656,2782200
2024-09-11,110.019997,110.330002,109.970001,110.050003,106.416351,1550000
2024-09-12,109.980003,110.139999,109.860001,110.070000,106.435692,1787300
2024-09-13,110.519997,110.529999,110.309998,110.440002,106.793488,1689400
2024-09-16,110.660004,110.870003,110.570000,110.820000,107.160927,944400
2024-09-17,110.849998,110.910004,110.720001,110.779999,107.122246,2195700
2024-09-18,110.589996,111.059998,110.330002,110.370003,106.725784,1191400
2024-09-19,110.330002,110.730003,110.279999,110.699997,107.044876,1789600
2024-09-20,110.510002,110.680000,110.320000,110.550003,106.899849,1088700
2024-09-23,110.360001,110.680000,110.190002,110.559998,106.909508,1208900
2024-09-24,110.470001,110.889999,110.379997,110.830002,107.170601,1880400
2024-09-25,110.620003,110.629997,110.389999,110.410004,106.764473,1181600
2024-09-26,110.389999,110.430000,110.110001,110.269997,106.629082,2141700
2024-09-27,110.480003,110.650002,110.400002,110.540001,106.890152,892400
2024-09-30,110.550003,110.589996,110.269997,110.470001,106.822479,1592400
2024-10-01,110.660004,111.029999,110.620003,110.709999,107.172905,3069000
2024-10-02,110.389999,110.680000,110.309998,110.610001,107.076111,2561600
2024-10-03,110.379997,110.629997,110.120003,110.139999,106.621132,1590600
2024-10-04,109.589996,109.720001,109.370003,109.389999,105.895081,1919500
2024-10-07,109.209999,109.360001,109.160004,109.269997,105.778915,1643900
2024-10-08,109.080002,109.470001,109.040001,109.449997,105.953171,1951200
2024-10-09,109.139999,109.279999,109.010002,109.250000,105.759567,2538600
2024-10-10,109.269997,109.489998,109.190002,109.470001,105.972534,1854500
2024-10-11,109.419998,109.680000,109.349998,109.480003,105.982224,1716200
2024-10-14,109.099998,109.400002,109.089996,109.370003,105.875725,1095800
2024-10-15,109.449997,109.639999,109.410004,109.489998,105.991882,911200
2024-10-16,109.629997,109.650002,109.480003,109.510002,106.011253,681000
2024-10-17,109.239998,109.330002,109.110001,109.180000,105.691788,1163900
2024-10-18,109.330002,109.480003,109.330002,109.360001,105.866051,964800
2024-10-21,109.059998,109.089996,108.540001,108.570000,105.101288,1783100
2024-10-22,108.800003,108.870003,108.620003,108.720001,105.246498,1464100
2024-10-23,108.480003,108.529999,108.309998,108.449997,104.985107,1311000
2024-10-24,108.510002,108.760002,108.440002,108.559998,105.091606,1505000
2024-10-25,108.690002,108.690002,108.220001,108.269997,104.810852,1677500
2024-10-28,108.209999,108.220001,107.879997,108.059998,104.607567,1848300
2024-10-29,107.839996,108.239998,107.709999,108.220001,104.762466,8300200
2024-10-30,108.330002,108.760002,108.309998,108.430000,104.965759,1174900
2024-10-31,108.330002,108.489998,108.080002,108.309998,104.849594,3683800
2024-11-01,108.360001,108.489998,107.669998,107.760002,104.402939,2613400
2024-11-04,108.230003,108.290001,107.800003,107.940002,104.577347,1901900
2024-11-05,107.849998,108.150002,107.629997,108.040001,104.674232,3188100
2024-11-06,107.419998,108.110001,107.379997,107.870003,104.509529,1828500
2024-11-07,107.989998,108.370003,107.970001,108.269997,104.897049,4425600
2024-11-08,108.540001,108.690002,108.370003,108.570000,105.187721,2767200
2024-11-11,108.279999,108.330002,108.120003,108.209999,104.838928,1465400
2024-11-12,108.019997,108.190002,107.570000,107.639999,104.286697,3034500
2024-11-13,108.000000,108.089996,107.349998,107.440002,104.092911,2857900
2024-11-14,107.730003,107.860001,107.370003,107.419998,104.073540,2095500
2024-11-15,107.209999,107.639999,107.059998,107.449997,104.102608,3513200
2024-11-18,107.430000,107.769997,107.370003,107.709999,104.354515,1572000
2024-11-19,107.930000,108.059998,107.839996,107.879997,104.519203,1349300
2024-11-20,107.779999,108.099998,107.739998,107.830002,104.470772,2465200
2024-11-21,107.830002,107.980003,107.589996,107.690002,104.335129,2007300
2024-11-22,107.699997,107.900002,107.620003,107.769997,104.412651,1541900
2024-11-25,108.279999,108.400002,108.050003,108.360001,104.984268,2028500
2024-11-26,108.320000,108.379997,108.050003,108.110001,104.742058,2612500
2024-11-27,108.489998,108.529999,108.279999,108.449997,105.071457,2106700
2024-11-29,108.699997,108.769997,108.540001,108.760002,105.371803,2221400
2024-12-02,108.250000,108.760002,108.250000,108.510002,105.313568,10473300
2024-12-03,108.669998,108.730003,108.480003,108.559998,105.362091,2072500
2024-12-04,108.459999,108.949997,108.449997,108.870003,105.662956,2743300
2024-12-05,108.629997,108.820000,108.599998,108.739998,105.536789,1712900
2024-12-06,109.050003,109.110001,108.750000,108.830002,105.624138,1557400
2024-12-09,108.709999,108.730003,108.570000,108.629997,105.430038,1239200
2024-12-10,108.449997,108.660004,108.389999,108.589996,105.391205,1925100
2024-12-11,108.589996,108.699997,108.370003,108.430000,105.235924,1200500
2024-12-12,108.279999,108.370003,108.040001,108.080002,104.896240,1836700
2024-12-13,108.099998,108.110001,107.730003,107.779999,104.605072,1480300
2024-12-16,107.849998,107.889999,107.639999,107.660004,104.488609,2852400
2024-12-17,107.580002,107.739998,107.550003,107.599998,104.430374,1375700
2024-12-18,107.480003,107.669998,106.739998,106.760002,103.769432,2634500
2024-12-19,106.650002,106.699997,106.040001,106.330002,103.351471,5926400
2024-12-20,106.680000,106.839996,106.519997,106.540001,103.555588,3304900
2024-12-23,106.500000,106.540001,106.320000,106.400002,103.419502,2272500
2024-12-24,106.269997,106.639999,106.260002,106.639999,103.652779,704400
2024-12-26,106.389999,106.709999,106.379997,106.639999,103.652779,1175800
2024-12-27,106.550003,106.650002,106.339996,106.370003,103.390350,1359200
2024-12-30,106.739998,106.820000,106.570000,106.680000,103.691658,6392500
2024-12-31,106.849998,106.919998,106.540001,106.550003,103.565308,2971800
2025-01-02,106.779999,106.970001,106.629997,106.709999,103.720825,3753600
2025-01-03,106.739998,106.800003,106.480003,106.489998,103.506981,2283800
2025-01-06,106.400002,106.559998,106.339996,106.489998,103.506981,4278000
2025-01-07,106.440002,106.519997,106.190002,106.320000,103.341751,6720600
2025-01-08,106.379997,106.720001,106.339996,106.599998,103.613907,2661800
2025-01-10,106.300003,106.430000,106.089996,106.220001,103.244560,4238600
2025-01-13,106.339996,106.349998,106.089996,106.220001,103.244560,1671800
2025-01-14,106.290001,106.300003,106.120003,106.260002,103.283424,1100800
2025-01-15,106.900002,107.050003,106.800003,107.000000,104.002701,2803400
2025-01-16,107.029999,107.330002,106.889999,107.139999,104.138779,2669400
2025-01-17,107.230003,107.339996,107.099998,107.180000,104.177658,1068100
2025-01-21,107.269997,107.379997,107.139999,107.260002,104.255424,2552600
2025-01-22,107.300003,107.320000,107.070000,107.139999,104.138779,1549800
2025-01-23,106.839996,107.239998,106.820000,107.239998,104.235977,2548900
2025-01-24,107.139999,107.449997,107.110001,107.430000,104.420654,1654800
2025-01-27,107.889999,107.949997,107.699997,107.879997,104.858032,3059000
2025-01-28,107.800003,107.970001,107.690002,107.949997,104.926079,1363400
2025-01-29,108.000000,108.050003,107.519997,107.820000,104.799728,941400
2025-01-30,107.980003,108.110001,107.809998,107.930000,104.906647,1530500
2025-01-31,107.930000,108.050003,107.709999,108.010002,104.984413,2848200
2025-02-03,108.650002,108.870003,108.129997,108.260002,105.227402,5060500
2025-02-04,107.900002,108.459999,107.860001,108.440002,105.402374,3018800
2025-02-05,108.730003,108.980003,108.680000,108.919998,105.868912,2186500
2025-02-06,108.860001,108.900002,108.639999,108.730003,105.684242,1366000
2025-02-07,108.419998,108.570000,108.239998,108.440002,105.402374,3189500
2025-02-10,108.610001,108.690002,108.410004,108.489998,105.450958,1028500
2025-02-11,108.360001,108.459999,108.300003,108.459999,105.421806,1493200
2025-02-12,108.080002,108.089996,107.790001,107.809998,104.790009,1680900
2025-02-13,108.199997,108.459999,108.029999,108.410004,105.373199,1669600
2025-02-14,108.690002,108.790001,108.570000,108.610001,105.567604,2046800
2025-02-18,108.410004,108.540001,108.250000,108.260002,105.227402,1330100
2025-02-19,108.320000,108.519997,108.290001,108.480003,105.441246,1030600
2025-02-20,108.589996,108.820000,108.559998,108.699997,105.655067,2129300
2025-02-21,108.809998,109.120003,108.779999,108.919998,105.868912,1114500
2025-02-24,108.870003,109.180000,108.870003,109.160004,106.102203,1137700
2025-02-25,109.599998,109.720001,109.529999,109.620003,106.549309,1629900
2025-02-26,109.650002,109.839996,109.529999,109.709999,106.636780,1728200
2025-02-27,109.550003,109.760002,109.500000,109.580002,106.510422,1194400
2025-02-28,109.989998,110.410004,109.889999,110.339996,107.249130,2418600
2025-03-03,110.360001,110.690002,110.019997,110.639999,107.540733,2632500
2025-03-04,110.889999,110.900002,110.169998,110.250000,107.161659,3752200
2025-03-05,110.260002,110.330002,109.660004,109.690002,106.617348,2822000
2025-03-06,109.519997,109.709999,109.199997,109.639999,106.568748,1945000
2025-03-07,109.919998,109.989998,109.370003,109.459999,106.393784,2422200
2025-03-10,109.970001,110.129997,109.860001,109.949997,106.870056,1903400
2025-03-11,109.940002,110.150002,109.580002,109.650002,106.578468,2341300
2025-03-12,109.559998,109.790001,109.500000,109.519997,106.452103,3293300
2025-03-13,109.430000,109.760002,109.339996,109.680000,106.607620,2152200
2025-03-14,109.489998,109.580002,109.379997,109.419998,106.354912,1042900
2025-03-17,109.550003,109.699997,109.389999,109.449997,106.384071,1838400
2025-03-18,109.400002,109.680000,109.389999,109.570000,106.500702,1172200
2025-03-19,109.500000,110.129997,109.400002,110.129997,107.045021,1391800
2025-03-20,110.459999,110.480003,110.080002,110.230003,107.142220,2287100
2025-03-21,110.430000,110.470001,110.099998,110.099998,107.015862,1228400
2025-03-24,110.000000,110.029999,109.760002,109.820000,106.743706,1977500
2025-03-25,109.860001,110.050003,109.809998,110.000000,106.918663,1165300
2025-03-26,109.919998,110.040001,109.809998,109.860001,106.782593,1548100
2025-03-27,109.949997,110.139999,109.870003,110.089996,107.006126,2945700
2025-03-28,110.419998,110.769997,110.410004,110.650002,107.550453,1558500
2025-03-31,111.070000,111.230003,110.940002,111.089996,107.978127,2755600
2025-04-01,110.489998,110.809998,110.379997,110.449997,108.045616,3953100
2025-04-02,110.790001,110.790001,110.089996,110.279999,107.879341,1679800
2025-04-03,111.220001,111.449997,110.900002,110.970001,108.554306,3547500
2025-04-04,111.430000,111.510002,110.559998,110.599998,108.192360,4726000
2025-04-07,110.300003,110.489998,109.230003,109.269997,106.891319,5648000
2025-04-08,109.500000,109.830002,108.949997,109.000000,106.627197,3549100
2025-04-09,108.349998,109.260002,107.790001,109.230003,106.852188,4559100
2025-04-10,108.900002,109.080002,107.870003,107.930000,105.580490,4609000
2025-04-11,107.099998,107.970001,106.470001,107.970001,105.619614,2989200
2025-04-14,108.629997,108.739998,108.250000,108.489998,106.128296,3639200
2025-04-15,108.480003,108.760002,108.389999,108.480003,106.118507,2982000
2025-04-16,108.559998,108.879997,108.430000,108.779999,106.411980,2294400
2025-04-17,108.820000,109.089996,108.760002,109.029999,106.656532,1942000
2025-04-21,108.809998,109.169998,108.430000,108.470001,106.108734,2079200
2025-04-22,108.849998,108.989998,108.739998,108.870003,106.500038,2639700
2025-04-23,109.820000,109.879997,109.010002,109.190002,106.813065,1740500
2025-04-24,109.550003,109.769997,109.480003,109.769997,107.380424,1658300
2025-04-25,109.940002,109.970001,109.760002,109.820000,107.429344,1930700
2025-04-28,109.879997,110.230003,109.860001,110.199997,107.801064,1204800
2025-04-29,110.150002,110.410004,110.139999,110.389999,107.986938,1106100
2025-04-30,110.360001,110.629997,110.239998,110.519997,108.114098,2729600
2025-05-01,110.019997,110.230003,109.459999,109.610001,107.745476,2383600
2025-05-02,109.370003,109.400002,108.989998,109.040001,107.185173,1794200
2025-05-05,108.940002,109.000000,108.669998,108.930000,107.077042,1751500
2025-05-06,108.970001,109.279999,108.889999,109.260002,107.401443,1772200
2025-05-07,109.410004,109.629997,109.260002,109.370003,107.509575,2185800
2025-05-08,109.440002,109.449997,108.910004,108.980003,107.126198,1132500
2025-05-09,109.180000,109.330002,109.010002,109.080002,107.224495,867200
2025-05-12,108.489998,108.669998,108.209999,108.230003,106.388962,1481000
2025-05-13,108.220001,108.489998,108.080002,108.489998,106.644539,2724200
2025-05-14,108.489998,108.500000,108.279999,108.379997,106.536392,1815200
2025-05-15,108.510002,108.779999,108.389999,108.690002,106.841141,1668000
2025-05-16,108.980003,109.000000,108.750000,108.879997,107.027901,1120900
2025-05-19,108.449997,108.949997,108.400002,108.889999,107.037735,2179300
2025-05-20,108.620003,108.790001,108.480003,108.730003,106.880455,1851600
2025-05-21,108.470001,108.570000,108.070000,108.139999,106.300491,1870000
2025-05-22,108.050003,108.480003,107.980003,108.459999,106.615044,2654500
2025-05-23,108.620003,108.660004,108.440002,108.559998,106.713341,1596900
2025-05-27,108.750000,108.959999,108.669998,108.870003,107.018074,2875500
2025-05-28,108.709999,108.790001,108.529999,108.620003,106.772324,2367900
2025-05-29,108.699997,108.970001,108.650002,108.930000,107.077042,1714500
2025-05-30,108.959999,109.360001,108.900002,109.290001,107.430923,3950200
2025-06-02,108.639999,108.800003,108.480003,108.650002,107.069260,2797100
2025-06-03,108.779999,108.839996,108.440002,108.550003,106.970726,3669800
2025-06-04,108.779999,109.070000,108.720001,108.970001,107.384605,2432200
2025-06-05,109.019997,109.089996,108.629997,108.650002,107.069260,2596700
2025-06-06,108.419998,108.580002,108.070000,108.070000,106.497704,2031700
2025-06-09,108.139999,108.349998,108.080002,108.220001,106.645523,2846000
2025-06-10,108.440002,108.449997,108.190002,108.269997,106.694794,1757100
2025-06-11,108.250000,108.540001,108.180000,108.449997,106.872169,1820500
2025-06-12,108.750000,108.839996,108.650002,108.760002,107.177658,2207700
2025-06-13,109.040001,109.040001,108.379997,108.599998,107.019989,1633700
2025-06-16,108.500000,108.760002,108.440002,108.449997,106.872169,1684500
2025-06-17,108.680000,109.059998,108.570000,109.019997,107.433868,3579200
2025-06-18,109.160004,109.220001,108.980003,109.099998,107.512703,2168800
2025-06-20,108.989998,109.379997,108.930000,109.290001,107.699944,1740800
2025-06-23,109.500000,109.779999,109.379997,109.379997,107.788635,2846600
2025-06-24,109.220001,109.599998,109.129997,109.519997,107.926598,2604700
2025-06-25,109.459999,109.629997,109.160004,109.580002,107.985725,2096200
2025-06-26,109.699997,109.919998,109.620003,109.900002,108.301086,2620800
2025-06-27,109.720001,110.040001,109.669998,109.760002,108.163124,1547100
2025-06-30,110.000000,110.160004,109.889999,110.040001,108.439041,4252900
2025-07-01,109.599998,109.779999,109.480003,109.599998,108.379700,5945000
2025-07-02,109.449997,109.559998,109.400002,109.550003,108.330269,3416700
2025-07-03,109.389999,109.470001,109.239998,109.360001,108.142380,1776100
2025-07-07,109.209999,109.260002,109.099998,109.220001,108.003944,1758700
2025-07-08,109.050003,109.160004,109.029999,109.129997,107.914948,1577300
2025-07-09,109.180000,109.540001,109.160004,109.540001,108.320374,3659600
2025-07-10,109.470001,109.550003,109.339996,109.510002,108.290710,2378200
2025-07-11,109.339996,109.370003,109.239998,109.330002,108.112724,2269800
2025-07-14,109.300003,109.459999,109.230003,109.400002,108.181938,1530500
2025-07-15,109.720001,109.720001,109.029999,109.110001,107.895164,2408100
2025-07-16,109.160004,109.489998,109.120003,109.480003,108.261047,4479200
2025-07-17,109.570000,109.680000,109.529999,109.580002,108.359940,1618100
2025-07-18,109.870003,109.879997,109.650002,109.699997,108.478592,1720400
2025-07-21,109.980003,110.150002,109.900002,109.980003,108.755486,3055900
2025-07-22,110.000000,110.190002,109.980003,110.080002,108.854362,3951300
2025-07-23,109.839996,109.879997,109.610001,109.650002,108.429161,2282900
2025-07-24,109.519997,109.820000,109.300003,109.730003,108.508255,2321000
2025-07-25,109.730003,109.889999,109.650002,109.830002,108.607147,1093400
2025-07-28,109.709999,109.839996,109.669998,109.690002,108.468704,1656400
2025-07-29,109.820000,110.279999,109.809998,110.279999,109.052139,2326800
2025-07-30,110.050003,110.239998,109.809998,109.849998,108.626930,3846800
2025-07-31,109.989998,110.080002,109.660004,109.669998,108.448929,3608800
2025-08-01,110.019997,110.199997,109.800003,110.169998,109.206238,3766800
2025-08-04,110.250000,110.580002,110.199997,110.489998,109.523445,3014900
2025-08-05,110.400002,110.529999,110.370003,110.389999,109.424316,1800300
2025-08-06,110.300003,110.449997,110.080002,110.300003,109.335106,1856200
2025-08-07,110.339996,110.419998,110.230003,110.419998,109.454048,1606300
2025-08-08,110.260002,110.419998,110.129997,110.349998,109.384666,1831600
2025-08-11,110.430000,110.529999,110.349998,110.349998,109.384666,1624700
2025-08-12,110.029999,110.230003,109.949997,110.160004,109.196327,2526100
2025-08-13,110.500000,110.650002,110.489998,110.580002,109.612663,1598200
2025-08-14,110.449997,110.489998,110.239998,110.250000,109.285538,2203400
2025-08-15,110.239998,110.279999,109.949997,110.040001,109.077377,1745900
2025-08-18,110.059998,110.059998,109.790001,109.919998,108.958427,1721300
2025-08-19,110.029999,110.110001,110.010002,110.029999,109.067467,2263600
2025-08-20,110.050003,110.260002,110.050003,110.150002,109.186424,2369300
2025-08-21,110.099998,110.220001,109.930000,110.169998,109.206238,3563000
2025-08-22,110.300003,110.949997,110.269997,110.919998,109.949677,3388300
2025-08-25,110.739998,110.820000,110.669998,110.709999,109.741524,4332700
2025-08-26,110.760002,111.029999,110.699997,110.970001,109.999252,5345700
2025-08-27,110.959999,111.269997,110.889999,111.220001,110.247063,2106700
2025-08-28,111.239998,111.349998,111.199997,111.290001,110.316444,3876100
2025-08-29,111.320000,111.339996,111.160004,111.169998,110.197495,2847300
2025-09-02,110.480003,110.599998,110.440002,110.550003,109.995514,5710700
2025-09-03,110.550003,110.919998,110.540001,110.800003,110.244263,4699700
2025-09-04,110.910004,110.989998,110.779999,110.970001,110.413414,3919500
2025-09-05,111.370003,111.459999,111.330002,111.459999,110.900955,4068800
2025-09-08,111.639999,111.720001,111.550003,111.690002,111.129799,3818200
2025-09-09,111.669998,111.760002,111.449997,111.470001,110.910896,4938800
2025-09-10,111.570000,111.790001,111.480003,111.639999,111.080048,4601200
2025-09-11,111.769997,111.959999,111.760002,111.820000,111.259148,4158700
2025-09-12,111.699997,111.720001,111.570000,111.669998,111.109894,2049100
2025-09-15,111.739998,111.889999,111.739998,111.779999,111.219345,3587000
2025-09-16,111.860001,111.959999,111.800003,111.879997,111.318840,5346500
2025-09-17,111.940002,112.260002,111.660004,111.809998,111.249191,5676100
2025-09-18,111.570000,111.709999,111.330002,111.500000,110.940750,4223100
2025-09-19,111.480003,111.540001,111.309998,111.440002,110.881050,1336600
2025-09-22,111.330002,111.360001,111.150002,111.169998,110.612404,2076400
2025-09-23,111.300003,111.470001,111.199997,111.470001,110.910896,2856900
2025-09-24,111.410004,111.430000,111.230003,111.269997,110.711899,2236400
2025-09-25,111.110001,111.169998,110.940002,111.089996,110.532806,4019900
2025-09-26,111.160004,111.290001,111.010002,111.110001,110.552704,2790000
2025-09-29,111.209999,111.300003,111.160004,111.250000,110.692009,2524800
2025-09-30,111.260002,111.400002,111.180000,111.220001,110.662163,2985100
2025-10-01,111.300003,111.360001,111.110001,111.220001,110.859520,3796100
2025-10-02,111.199997,111.309998,111.150002,111.169998,110.809677,3162400
2025-10-03,111.260002,111.290001,111.040001,111.050003,110.690071,2184000
2025-10-06,110.919998,111.059998,110.839996,110.860001,110.500687,2262400
2025-10-07,110.989998,111.239998,110.949997,111.169998,110.809677,2714900
2025-10-08,111.370003,111.379997,111.209999,111.250000,110.889420,2273300
2025-10-09,111.239998,111.269997,111.089996,111.120003,110.759842,2491400
2025-10-10,111.419998,111.660004,111.370003,111.510002,111.148575,4018900
2025-10-13,111.559998,111.790001,111.449997,111.790001,111.427666,2206300
2025-10-14,111.599998,111.760002,111.570000,111.669998,111.308052,4469200
2025-10-15,111.809998,111.889999,111.510002,111.639999,111.278152,3018700
2025-10-16,111.570000,111.919998,111.540001,111.900002,111.537315,2687300
2025-10-17,111.910004,111.919998,111.650002,111.680000,111.318024,1739700
2025-10-20,111.769997,111.800003,111.699997,111.779999,111.417702,2108500
2025-10-21,112.040001,112.110001,112.000000,112.019997,111.656921,2702400
2025-10-22,112.120003,112.239998,112.029999,112.199997,111.836334,2898200
2025-10-23,112.110001,112.169998,111.940002,111.980003,111.617058,2645900
2025-10-24,111.910004,112.019997,111.760002,111.970001,111.607086,1706700
2025-10-27,111.919998,111.980003,111.779999,111.940002,111.577187,2753600
2025-10-28,111.940002,112.040001,111.910004,112.029999,111.666893,2608700
2025-10-29,111.930000,112.040001,111.389999,111.440002,111.078804,2976500
2025-10-30,111.160004,111.400002,111.150002,111.199997,110.839577,3977100
2025-10-31,111.320000,111.410004,111.260002,111.379997,111.018997,2249300
2025-11-03,110.940002,111.029999,110.839996,110.940002,110.940002,3887200
2025-11-04,110.959999,111.089996,110.930000,110.989998,110.989998,4858700
2025-11-05,110.830002,110.870003,110.550003,110.580002,110.580002,3908700
2025-11-06,110.849998,110.959999,110.820000,110.879997,110.879997,2394500
2025-11-07,110.699997,110.989998,110.699997,110.900002,110.900002,3097600
2025-11-10,110.879997,110.940002,110.820000,110.919998,110.919998,2354200
2025-11-11,111.150002,111.370003,111.089996,111.370003,111.370003,3902000
2025-11-12,111.150002,111.239998,111.080002,111.129997,111.129997,3297900
2025-11-13,111.000000,111.089996,110.879997,110.879997,110.879997,2215500
2025-11-14,111.089996,111.129997,110.730003,110.750000,110.750000,3059200
2025-11-17,110.849998,110.870003,110.760002,110.769997,110.769997,2044000
2025-11-18,110.910004,110.980003,110.730003,110.849998,110.849998,4616900
2025-11-19,110.889999,110.910004,110.680099,110.714996,110.714996,1856586