Date,Open,High,Low,Close,Adj Close,Volume
1997-10-09,5.646040,6.562691,5.646040,6.323565,3.139038,10201979
1997-10-10,7.014374,7.040944,6.363419,6.615830,3.284118,10669148
1997-10-13,6.629115,6.629115,6.443128,6.469698,3.211579,3044363
1997-10-14,6.416558,6.429843,6.031299,6.204002,3.079686,2549907
1997-10-15,5.818742,6.044584,5.805458,6.031299,2.993956,3167153
1997-10-16,6.031299,6.031299,5.818742,5.845312,2.901631,1770821
1997-10-17,5.579616,5.592901,5.327205,5.340490,2.651036,3287121
1997-10-20,4.463693,4.782528,4.450408,4.676250,2.321306,11499985
1997-10-21,4.888806,5.340490,4.862237,5.340490,2.651036,6924737
1997-10-22,4.915376,4.928661,4.702819,4.716104,2.341089,4458573
1997-10-23,4.569971,4.569971,4.251136,4.437123,2.202602,12494072
1997-10-24,4.543402,4.569971,4.091718,4.197997,2.083899,9498638
1997-10-27,4.091718,4.091718,3.626750,3.640035,1.806924,4905042
1997-10-28,3.347770,4.463693,3.321200,4.463693,2.215791,10417921
1997-10-29,4.091718,4.211282,4.038579,4.051864,2.011358,7548100
1997-10-30,3.826022,3.985440,3.812738,3.945586,1.958602,2797370
1997-10-31,4.091718,4.290990,4.078434,4.197997,2.083899,3611270
1997-11-03,4.569971,4.888806,4.569971,4.822382,2.393846,6205871
1997-11-04,4.782528,4.875522,4.689534,4.822382,2.393846,3145042
1997-11-05,4.915376,5.247496,4.915376,5.207642,2.585091,3979642
1997-11-06,5.393629,5.420198,5.127933,5.181072,2.571901,3649848
1997-11-07,4.809098,5.088078,4.782528,5.061509,2.512549,4470805
1997-11-10,5.260781,5.287350,5.074794,5.088078,2.525739,2435114
1997-11-11,4.995085,5.074794,4.968515,4.981800,2.472982,2194707
1997-11-12,4.822382,4.822382,4.689534,4.702819,2.334494,3905309
1997-11-13,4.755958,4.928661,4.596541,4.662965,2.314711,2482160
1997-11-14,4.755958,4.822382,4.596541,4.662965,2.314711,2205999
1997-11-17,4.981800,4.995085,4.888806,4.995085,2.479576,3290415
1997-11-18,4.835667,4.835667,4.649680,4.676250,2.321306,2240813
1997-11-19,4.623110,4.623110,4.490262,4.543402,2.255359,1442908
1997-11-20,4.450408,4.516832,4.423838,4.437123,2.202602,2578134
1997-11-21,4.463693,4.662965,4.463693,4.662965,2.314711,4223342
1997-11-24,4.437123,4.569971,4.437123,4.556686,2.261954,2254927
1997-11-25,4.583256,4.742674,4.583256,4.676250,2.321306,1083946
1997-11-26,4.623110,4.636395,4.543402,4.596541,2.281738,1136637
1997-11-28,4.676250,4.676250,4.662965,4.676250,2.321306,1083475
1997-12-01,4.463693,4.463693,4.397269,4.463693,2.215791,2365485
1997-12-02,4.503547,4.543402,4.450408,4.463693,2.215791,2203176
1997-12-03,4.543402,4.543402,4.423838,4.490262,2.228981,2783727
1997-12-04,4.702819,4.742674,4.676250,4.676250,2.321306,2721625
1997-12-05,4.676250,4.729389,4.649680,4.689534,2.327900,1796226
1997-12-08,4.862237,4.995085,4.862237,4.888806,2.426819,2020166
1997-12-09,4.782528,4.782528,4.676250,4.676250,2.321306,1487132
1997-12-10,4.742674,4.742674,4.463693,4.476978,2.222386,1393980
1997-12-11,4.277706,4.290990,4.211282,4.277706,2.123467,3128576
1997-12-12,4.264421,4.330845,4.237851,4.237851,2.103683,2271863
1997-12-15,4.211282,4.211282,3.879162,3.879162,1.925628,5162855
1997-12-16,3.879162,4.065149,3.852592,3.998725,1.984980,3736884
1997-12-17,4.012010,4.051864,3.852592,3.865877,1.919034,3310174
1997-12-18,3.839307,3.839307,3.719744,3.719744,1.846493,1023256
1997-12-19,3.693174,3.998725,3.666605,3.945586,1.958602,3056124
1997-12-22,3.919016,3.985440,3.865877,3.905731,1.938818,1266485
1997-12-23,3.839307,3.839307,3.772883,3.786168,1.879466,813430
1997-12-24,3.786168,3.839307,3.759598,3.772883,1.872871,742860
1997-12-26,3.772883,3.839307,3.772883,3.826022,1.899250,292628
1997-12-29,3.879162,3.905731,3.839307,3.852592,1.912439,951275
1997-12-30,3.879162,3.985440,3.879162,3.985440,1.978385,1465491
1997-12-31,3.985440,3.985440,3.826022,3.865877,1.919034,917402
1998-01-02,3.852592,3.919016,3.839307,3.919016,1.945412,568789
1998-01-05,3.919016,3.945586,3.839307,3.905731,1.938818,1749650
1998-01-06,3.865877,3.865877,3.812738,3.826022,1.899250,1504069
1998-01-07,3.746314,3.746314,3.454048,3.454048,1.714600,1337054
1998-01-08,3.400909,3.414194,3.294630,3.294630,1.635465,4584186
1998-01-09,3.294630,3.307915,3.082074,3.095358,1.536546,5332692
1998-01-12,3.028934,3.241491,2.842947,3.201637,1.589303,3469190
1998-01-13,3.334485,3.600181,3.321200,3.573611,1.773952,2123668
1998-01-14,3.786168,3.786168,3.547042,3.640035,1.806924,2803486
1998-01-15,3.613466,3.640035,3.533757,3.586896,1.780547,1833863
1998-01-16,3.733029,3.733029,3.693174,3.706459,1.839899,2319380
1998-01-20,3.799453,3.972155,3.799453,3.919016,1.945412,3270655
1998-01-21,3.905731,4.012010,3.892446,3.998725,1.984980,2871233
1998-01-22,3.998725,4.118288,3.932301,4.105003,2.037737,1798578
1998-01-23,4.211282,4.224566,4.118288,4.197997,2.083899,1195445
1998-01-26,4.490262,4.516832,4.397269,4.516832,2.242170,3288062
1998-01-27,4.543402,4.676250,4.530117,4.649680,2.308116,2171655
1998-01-28,4.676250,4.888806,4.676250,4.888806,2.426819,3175151
1998-01-29,4.888806,4.888806,4.676250,4.676250,2.321306,3233489
1998-01-30,4.729389,5.074794,4.716104,5.048224,2.505955,4949265
1998-02-02,5.127933,5.260781,5.114648,5.207642,2.585091,2354194
1998-02-03,5.420198,5.566331,5.353774,5.553046,2.756550,5174617
1998-02-04,5.473338,5.473338,5.181072,5.247496,2.604874,2420059
1998-02-05,5.473338,5.526477,5.274066,5.287350,2.624657,1634387
1998-02-06,5.247496,5.287350,5.114648,5.260781,2.611468,1084886
1998-02-09,5.260781,5.287350,5.061509,5.074794,2.519143,1854563
1998-02-10,5.154502,5.300635,5.141218,5.234211,2.598279,1728950
1998-02-11,5.406914,5.406914,5.287350,5.393629,2.677415,3018958
1998-02-12,5.513192,5.632755,5.486622,5.632755,2.796118,3442374
1998-02-13,5.553046,5.553046,5.473338,5.499907,2.730171,1759530
1998-02-17,5.712464,5.765603,5.672610,5.699179,2.829091,2100145
1998-02-18,5.712464,5.805458,5.699179,5.792173,2.875253,1625918
1998-02-19,5.925021,5.925021,5.871882,5.925021,2.941200,1120642
1998-02-20,5.951590,5.951590,5.752318,5.765603,2.862064,1716718
1998-02-23,5.739034,5.765603,5.606186,5.632755,2.796118,1026549
1998-02-24,5.685894,5.792173,5.646040,5.752318,2.855469,2524972
1998-02-25,5.845312,6.257141,5.832027,6.177432,3.066496,3695012
1998-02-26,6.456413,6.456413,6.296995,6.323565,3.139038,1549703
1998-02-27,6.243856,6.243856,6.031299,6.097723,3.026930,980914
1998-03-02,6.097723,6.111008,5.991445,5.991445,2.974172,777204
1998-03-03,5.925021,6.004730,5.818742,5.938306,2.947794,2350431
1998-03-04,5.685894,5.739034,5.632755,5.646040,2.802712,1772232
1998-03-05,5.300635,5.313920,5.114648,5.127933,2.545523,2942272
1998-03-06,5.327205,5.699179,5.327205,5.606186,2.782928,2974264
1998-03-09,5.367059,5.513192,5.313920,5.446768,2.703793,866592
1998-03-10,5.473338,5.566331,5.473338,5.566331,2.763145,1178038
1998-03-11,5.792173,5.845312,5.778888,5.792173,2.875253,1091002
1998-03-12,5.792173,5.792173,5.632755,5.712464,2.835686,471874
1998-03-13,5.765603,5.778888,5.659325,5.712464,2.835686,891056
1998-03-16,5.792173,5.792173,5.685894,5.685894,2.822495,1242491
1998-03-17,5.699179,5.699179,5.446768,5.460053,2.710388,2250222
1998-03-18,5.393629,5.393629,5.327205,5.340490,2.651036,2122256
1998-03-19,5.393629,5.499907,5.393629,5.473338,2.716982,1310238
1998-03-20,5.486622,5.526477,5.433483,5.460053,2.710388,1988174
1998-03-23,5.300635,5.340490,5.287350,5.313920,2.637847,727335
1998-03-24,5.420198,5.526477,5.420198,5.499907,2.730171,931045
1998-03-25,5.739034,5.792173,5.685894,5.739034,2.848876,2439818
1998-03-26,5.685894,5.712464,5.659325,5.699179,2.829091,907522
1998-03-27,5.739034,5.765603,5.659325,5.685894,2.822495,705694
1998-03-30,5.659325,5.672610,5.553046,5.592901,2.776335,666175
1998-03-31,5.592901,5.592901,5.486622,5.499907,2.730171,3265951
1998-04-01,5.473338,5.473338,5.406914,5.460053,2.710388,1167217
1998-04-02,5.446768,5.460053,5.327205,5.446768,2.703793,1446672
1998-04-03,5.446768,5.446768,5.367059,5.393629,2.677415,600310
1998-04-06,5.406914,5.446768,5.380344,5.380344,2.670820,330735
1998-04-07,5.313920,5.313920,5.207642,5.207642,2.585091,1165336
1998-04-08,5.247496,5.313920,5.247496,5.260781,2.611468,1172863
1998-04-09,5.154502,5.260781,5.154502,5.220926,2.591685,829425
1998-04-13,5.114648,5.114648,4.941946,4.981800,2.472982,1350227
1998-04-14,4.955230,5.074794,4.915376,5.074794,2.519143,1475370
1998-04-15,5.114648,5.154502,5.074794,5.127933,2.545523,1158749
1998-04-16,5.034939,5.034939,4.915376,4.968515,2.466387,1011494
1998-04-17,4.862237,4.875522,4.809098,4.835667,2.400441,1130521
1998-04-20,4.822382,4.835667,4.729389,4.809098,2.387251,1067950
1998-04-21,4.862237,5.021654,4.862237,4.995085,2.479576,1178979
1998-04-22,5.101363,5.287350,5.034939,5.274066,2.618063,2119904
1998-04-23,5.181072,5.220926,5.154502,5.167787,2.565307,2294916
1998-04-24,5.207642,5.287350,5.207642,5.274066,2.618063,1254253
1998-04-27,5.141218,5.141218,4.995085,5.034939,2.499360,882117
1998-04-28,5.154502,5.207642,5.154502,5.194357,2.578496,1609452
1998-04-29,5.141218,5.181072,5.074794,5.181072,2.571901,819075
1998-04-30,5.260781,5.260781,5.207642,5.220926,2.591685,1226025
1998-05-01,5.181072,5.194357,5.114648,5.154502,2.558711,359433
1998-05-04,5.127933,5.274066,5.127933,5.220926,2.591685,926811
1998-05-05,5.088078,5.127933,5.088078,5.127933,2.545523,715103
1998-05-06,5.154502,5.207642,5.088078,5.141218,2.552116,850596
1998-05-07,5.141218,5.141218,5.088078,5.114648,2.538928,399423
1998-05-08,5.101363,5.127933,5.074794,5.114648,2.538928,371665
1998-05-11,5.154502,5.247496,5.154502,5.167787,2.565307,1157808
1998-05-12,5.167787,5.167787,5.101363,5.101363,2.532333,1122994
1998-05-13,5.141218,5.141218,5.101363,5.101363,2.532333,746624
1998-05-14,5.114648,5.127933,5.101363,5.114648,2.538928,2121315
1998-05-15,5.101363,5.101363,5.021654,5.034939,2.499360,1482427
1998-05-18,4.928661,4.928661,4.888806,4.902091,2.433413,828484
1998-05-19,4.862237,4.862237,4.848952,4.848952,2.407035,895761
1998-05-20,4.862237,4.888806,4.795813,4.809098,2.387251,2110024
1998-05-21,4.809098,4.809098,4.782528,4.782528,2.374063,780027
1998-05-22,4.795813,4.822382,4.782528,4.822382,2.393846,1144635
1998-05-26,4.304275,4.410554,4.251136,4.251136,2.110278,3804160
1998-05-27,4.012010,4.144858,4.012010,4.051864,2.011358,4008340
1998-05-28,4.131573,4.144858,4.038579,4.051864,2.011358,1392569
1998-05-29,4.038579,4.065149,4.012010,4.012010,1.991575,708987
1998-06-01,3.733029,3.799453,3.733029,3.772883,1.872871,1521946
1998-06-02,3.679890,3.719744,3.666605,3.666605,1.820115,1113114
1998-06-03,3.719744,3.852592,3.719744,3.799453,1.886061,1964181
1998-06-04,3.706459,3.746314,3.613466,3.746314,1.859683,2058744
1998-06-05,3.799453,3.879162,3.786168,3.865877,1.919034,1428324
1998-06-08,3.852592,3.852592,3.812738,3.826022,1.899250,485047
1998-06-09,3.799453,3.799453,3.653320,3.719744,1.846493,837423
1998-06-10,3.560326,3.560326,3.467333,3.507187,1.740979,2057332
1998-06-11,3.507187,3.533757,3.387624,3.440763,1.708006,2420059
1998-06-12,3.467333,3.480618,3.374339,3.480618,1.727790,1160160
1998-06-15,3.347770,3.480618,3.347770,3.467333,1.721195,809666
1998-06-16,3.480618,3.693174,3.480618,3.666605,1.820115,1420326
1998-06-17,3.826022,4.038579,3.826022,3.958870,1.965196,2269041
1998-06-18,3.958870,3.958870,3.905731,3.919016,1.945412,558439
1998-06-19,3.905731,4.025294,3.879162,3.998725,1.984980,1015729
1998-06-22,3.786168,3.839307,3.746314,3.826022,1.899250,652061
1998-06-23,3.733029,3.905731,3.733029,3.879162,1.925628,1544528
1998-06-24,3.879162,3.879162,3.719744,3.839307,1.905844,1180861
1998-06-25,3.865877,3.985440,3.839307,3.839307,1.905844,1187918
1998-06-26,3.865877,3.932301,3.852592,3.919016,1.945412,884940
1998-06-29,3.693174,3.706459,3.666605,3.693174,1.833303,1479134
1998-06-30,3.640035,3.640035,3.573611,3.586896,1.780547,1034547
1998-07-01,3.640035,3.706459,3.640035,3.693174,1.833303,2183416
1998-07-02,3.666605,3.666605,3.626750,3.626750,1.800330,608308
1998-07-06,3.573611,3.573611,3.520472,3.533757,1.754168,894349
1998-07-07,3.533757,3.719744,3.520472,3.719744,1.846493,1214264
1998-07-08,3.719744,3.879162,3.693174,3.852592,1.912439,1397744
1998-07-09,3.865877,3.932301,3.812738,3.932301,1.952007,1223202
1998-07-10,3.799453,3.799453,3.719744,3.733029,1.853088,2306678
1998-07-13,3.666605,3.666605,3.533757,3.560326,1.767357,2275157
1998-07-14,3.547042,3.653320,3.547042,3.613466,1.793736,2037573
1998-07-15,3.653320,3.759598,3.613466,3.746314,1.859683,3286651
1998-07-16,3.879162,4.197997,3.852592,4.197997,2.083899,6345598
1998-07-17,4.197997,4.197997,4.118288,4.131573,2.050926,1444790
1998-07-20,4.131573,4.184712,4.131573,4.144858,2.057520,934809
1998-07-21,4.051864,4.065149,4.038579,4.051864,2.011358,747565
1998-07-22,4.038579,4.038579,3.985440,4.012010,1.991575,2061096
1998-07-23,3.972155,3.972155,3.879162,3.879162,1.925628,1383630
1998-07-24,3.958870,4.038579,3.958870,3.998725,1.984980,445058
1998-07-27,3.998725,3.998725,3.905731,3.945586,1.958602,1040663
1998-07-28,3.945586,3.945586,3.892446,3.905731,1.938818,676996
1998-07-29,3.905731,3.972155,3.905731,3.945586,1.958602,1097119
1998-07-30,3.945586,4.025294,3.945586,3.985440,1.978385,1337054
1998-07-31,3.958870,3.972155,3.905731,3.905731,1.938818,604074
1998-08-03,3.879162,3.879162,3.640035,3.706459,1.839899,1775055
1998-08-04,3.826022,3.826022,3.733029,3.733029,1.853088,1380337
1998-08-05,3.746314,3.852592,3.719744,3.759598,1.866276,684993
1998-08-06,3.746314,3.932301,3.746314,3.905731,1.938818,1489014
1998-08-07,4.038579,4.038579,3.932301,3.972155,1.971790,851067
1998-08-10,3.958870,3.958870,3.772883,3.772883,1.872871,1239669
1998-08-11,3.746314,3.746314,3.613466,3.626750,1.800330,1431147
1998-08-12,3.666605,3.852592,3.666605,3.852592,1.912439,1200620
1998-08-13,3.839307,3.852592,3.799453,3.812738,1.892656,641711
1998-08-14,3.905731,3.972155,3.905731,3.972155,1.971790,1967945
1998-08-17,3.892446,3.972155,3.865877,3.972155,1.971790,1356343
1998-08-18,3.826022,3.972155,3.826022,3.972155,1.971790,1937835
1998-08-19,3.972155,4.012010,3.932301,3.945586,1.958602,793670
1998-08-20,3.826022,3.839307,3.826022,3.826022,1.899250,685464
1998-08-21,3.719744,3.733029,3.693174,3.693174,1.833303,585726
1998-08-24,3.573611,3.586896,3.560326,3.560326,1.767357,724983
1998-08-25,3.613466,3.719744,3.613466,3.719744,1.846493,705223
1998-08-26,3.544385,3.640699,3.467333,3.544385,1.759444,1463625
1998-08-27,3.525122,3.525122,3.390281,3.428807,1.702070,1047671
1998-08-28,3.390281,3.428807,3.216914,3.428807,1.702070,975317
1998-08-31,3.409544,3.467333,3.274703,3.274703,1.625573,416278
1998-09-01,3.293966,3.293966,3.178388,3.197651,1.587324,1879903
1998-09-02,3.197651,3.274703,3.178388,3.178388,1.577762,2026558
1998-09-03,3.159125,3.159125,3.082074,3.101337,1.539514,1403276
1998-09-04,3.120600,3.197651,3.120600,3.120600,1.549076,1047996
1998-09-08,3.448070,3.544385,3.409544,3.467333,1.721195,2580406
1998-09-09,3.428807,3.448070,3.351755,3.390281,1.682946,757931
1998-09-10,3.313229,3.351755,3.293966,3.313229,1.644697,516211
1998-09-11,3.390281,3.659962,3.351755,3.563648,1.769006,1990867
1998-09-14,3.563648,3.698488,3.563648,3.659962,1.816817,2340632
1998-09-15,3.659962,3.737014,3.621436,3.679225,1.826379,1809172
1998-09-16,3.679225,3.737014,3.621436,3.659962,1.816817,614197
1998-09-17,3.602174,3.679225,3.544385,3.679225,1.826379,408491
1998-09-18,3.621436,3.737014,3.602174,3.698488,1.835941,756309
1998-09-21,3.563648,3.717751,3.544385,3.698488,1.835941,861757
1998-09-22,3.756277,3.775540,3.679225,3.698488,1.835941,373450
1998-09-23,3.737014,3.910381,3.737014,3.871855,1.922001,1207953
1998-09-24,3.871855,3.871855,3.737014,3.775540,1.874190,459755
1998-09-25,3.794803,3.891118,3.756277,3.871855,1.922001,887390
1998-09-28,3.852592,4.006696,3.847776,3.968170,1.969813,1308535
1998-09-29,4.006696,4.025959,3.910381,3.929644,1.950688,734570
1998-09-30,3.871855,3.910381,3.775540,3.775540,1.874190,3648842
1998-10-01,3.698488,3.698488,3.409544,3.409544,1.692508,1345847
1998-10-02,3.409544,3.428807,3.082074,3.178388,1.577762,7057262
1998-10-05,3.178388,3.236177,3.082074,3.082074,1.529952,1775104
1998-10-06,3.216914,3.390281,3.197651,3.313229,1.644697,824769
1998-10-07,3.293966,3.409544,3.293966,3.371018,1.673384,1192379
1998-10-08,3.390281,3.505859,3.390281,3.409544,1.692508,712832
1998-10-09,3.698488,3.717751,3.640699,3.717751,1.845504,1846484
1998-10-12,3.814066,3.929644,3.814066,3.910381,1.941126,999652
1998-10-13,3.871855,3.871855,3.737014,3.775540,1.874190,521078
1998-10-14,3.698488,3.852592,3.582911,3.717751,1.845504,1791975
1998-10-15,3.737014,3.891118,3.698488,3.852592,1.912439,718672
1998-10-16,3.852592,3.968170,3.852592,3.929644,1.950688,1687176
1998-10-19,3.852592,3.891118,3.775540,3.833329,1.902877,408491
1998-10-20,3.871855,3.948907,3.833329,3.871855,1.922001,1165774
1998-10-21,3.891118,3.929644,3.698488,3.775540,1.874190,1415605
1998-10-22,3.737014,3.756277,3.659962,3.659962,1.816817,1044751
1998-10-23,3.621436,3.698488,3.505859,3.505859,1.740320,1511969
1998-10-26,3.544385,3.794803,3.544385,3.737014,1.855066,1240074
1998-10-27,3.775540,3.814066,3.737014,3.756277,1.864628,1082064
1998-10-28,3.737014,3.794803,3.737014,3.794803,1.883753,494797
1998-10-29,3.814066,4.006696,3.794803,4.006696,1.988937,2697859
1998-10-30,4.122273,4.603847,4.122273,4.603847,2.285364,6619894
1998-11-02,4.584584,4.777214,4.391955,4.757951,2.361862,2396114
1998-11-03,4.700162,4.757951,4.546059,4.584584,2.275803,2725438
1998-11-04,4.603847,4.680899,4.565322,4.584584,2.275803,1565504
1998-11-05,4.603847,4.603847,4.430481,4.507533,2.237554,2696886
1998-11-06,4.391955,4.469007,4.257114,4.334166,2.151494,1804305
1998-11-09,4.314903,4.353429,4.218588,4.257114,2.113245,819254
1998-11-10,4.141536,4.160799,4.064485,4.064485,2.017623,1825719
1998-11-11,4.045222,4.237851,4.045222,4.103010,2.036747,4605341
1998-11-12,4.083748,4.334166,4.083748,4.314903,2.141932,2330574
1998-11-13,4.430481,4.623110,4.391955,4.526796,2.247116,1615795
1998-11-16,4.603847,5.085421,4.584584,5.085421,2.524419,3845463
1998-11-17,5.066158,5.066158,4.892792,5.008370,2.486172,2208254
1998-11-18,5.008370,5.008370,4.931318,4.969844,2.467046,1737467
1998-11-19,5.104684,5.586258,5.104684,5.432155,2.696539,3586546
1998-11-20,5.008370,5.123947,4.969844,5.066158,2.514858,11671363
1998-11-23,5.104684,5.104684,4.931318,5.027633,2.495733,3563186
1998-11-24,5.008370,5.027633,4.854266,4.912055,2.438360,5037193
1998-11-25,4.835003,4.873529,4.546059,4.757951,2.361862,4066094
1998-11-27,4.777214,4.854266,4.777214,4.796477,2.380986,506477
1998-11-30,4.700162,4.719425,4.603847,4.623110,2.294927,1336438
1998-12-01,4.623110,4.700162,4.507533,4.700162,2.333175,2410066
1998-12-02,4.700162,4.854266,4.661636,4.777214,2.371424,2912974
1998-12-03,4.623110,5.008370,4.623110,4.835003,2.400111,6401210
1998-12-04,5.085421,5.239525,5.008370,5.239525,2.600917,4416507
1998-12-07,5.220262,5.239525,4.931318,5.066158,2.514858,1930843
1998-12-08,4.989107,5.066158,4.835003,4.912055,2.438360,921458
1998-12-09,4.642373,4.815740,4.565322,4.584584,2.275803,2228694
1998-12-10,4.584584,4.584584,4.334166,4.353429,2.161056,2005144
1998-12-11,4.314903,4.391955,4.199325,4.295640,2.132369,2552178
1998-12-14,4.237851,4.276377,4.122273,4.122273,2.046310,1868872
1998-12-15,4.160799,4.507533,4.141536,4.488270,2.227992,4787037
1998-12-16,4.391955,4.391955,4.276377,4.295640,2.132369,1990219
1998-12-17,4.257114,4.526796,4.199325,4.526796,2.247116,2753990
1998-12-18,4.700162,4.854266,4.642373,4.835003,2.400111,3291615
1998-12-21,4.777214,4.777214,4.700162,4.757951,2.361862,1670304
1998-12-22,4.835003,4.835003,4.680899,4.738688,2.352300,649563
1998-12-23,4.757951,4.757951,4.661636,4.680899,2.323613,450671
1998-12-24,4.719425,4.719425,4.642373,4.661636,2.314052,160282
1998-12-28,4.661636,4.661636,4.469007,4.507533,2.237554,343600
1998-12-29,4.507533,4.507533,4.353429,4.430481,2.199305,1201788
1998-12-30,4.430481,4.469007,4.391955,4.430481,2.199305,443208
1998-12-31,4.391955,4.488270,4.353429,4.372692,2.170618,718023
1999-01-04,4.469007,4.584584,4.430481,4.430481,2.199305,1972049
1999-01-05,4.391955,4.391955,4.180062,4.391955,2.180180,4110544
1999-01-06,4.469007,4.950581,4.469007,4.835003,2.400111,8977398
1999-01-07,4.873529,5.008370,4.815740,4.950581,2.457484,2373402
1999-01-08,5.393629,5.952255,5.355103,5.605521,2.782599,14079482
1999-01-11,5.566995,5.586258,5.412892,5.470681,2.715663,7098468
1999-01-12,5.509207,5.547732,5.470681,5.528470,2.744350,8473840
1999-01-13,5.258788,5.663310,5.162473,5.663310,2.811285,7953412
1999-01-14,5.759625,6.106358,5.740362,6.106358,3.031215,7397293
1999-01-15,6.106358,6.953929,6.106358,6.934666,3.442390,8724970
1999-01-19,6.472355,6.857614,6.395303,6.857614,3.404141,5921014
1999-01-20,6.973192,7.050243,6.607195,6.742036,3.346768,6156894
1999-01-21,6.549406,6.664984,6.318251,6.472355,3.212898,4765947
1999-01-22,6.241199,6.241199,6.087095,6.144884,3.050340,3429509
1999-01-25,5.894466,5.971518,5.855940,5.913729,2.935594,2226099
1999-01-26,6.010044,6.414566,6.010044,6.376040,3.165087,3154694
1999-01-27,6.453092,6.491618,6.202673,6.221936,3.088589,2071008
1999-01-28,6.221936,6.337514,6.125621,6.241199,3.098151,2934388
1999-01-29,6.221936,6.221936,6.067832,6.164147,3.059903,2887342
1999-02-01,5.971518,5.990781,5.778888,5.932992,2.945156,4225726
1999-02-02,5.855940,5.875203,5.701836,5.836677,2.897346,3845787
1999-02-03,5.894466,6.491618,5.894466,6.414566,3.184212,5719526
1999-02-04,6.260462,6.279725,6.048569,6.048569,3.002530,1935710
1999-02-05,5.990781,6.087095,5.875203,5.913729,2.935594,2779622
1999-02-08,6.164147,6.260462,6.010044,6.048569,3.002530,1578158
1999-02-09,5.971518,5.971518,5.586258,5.663310,2.811285,2355557
1999-02-10,5.624784,5.682573,5.470681,5.644047,2.801723,1849729
1999-02-11,5.644047,6.202673,5.644047,6.202673,3.079027,3959347
1999-02-12,5.971518,5.990781,5.836677,5.855940,2.906908,3693617
1999-02-16,5.855940,5.932992,5.836677,5.836677,2.897346,407518
1999-02-17,5.855940,5.875203,5.778888,5.836677,2.897346,1163178
1999-02-18,5.836677,5.952255,5.759625,5.759625,2.859096,1021066
1999-02-19,5.836677,5.971518,5.836677,5.894466,2.926032,2560938
1999-02-22,6.087095,6.318251,6.087095,6.202673,3.079027,1931816
1999-02-23,6.164147,6.221936,6.087095,6.202673,3.079027,2734523
1999-02-24,6.298988,6.703510,6.298988,6.453092,3.203336,4004771
1999-02-25,6.395303,6.491618,6.202673,6.298988,3.126837,3649167
1999-02-26,6.337514,6.337514,5.932992,6.010044,2.983406,6250986
1999-03-01,5.971518,6.048569,5.855940,5.971518,2.964281,2850354
1999-03-02,5.913729,5.913729,5.740362,5.778888,2.868659,1355581
1999-03-03,5.836677,5.836677,5.682573,5.740362,2.849535,1485364
1999-03-04,5.932992,6.048569,5.778888,5.894466,2.926032,3444759
1999-03-05,6.048569,6.125621,6.010044,6.087095,3.021653,1167071
1999-03-08,6.087095,6.260462,6.087095,6.202673,3.079027,1174209
1999-03-09,6.221936,6.433829,6.067832,6.067832,3.012091,1790029
1999-03-10,6.202673,6.549406,6.183410,6.549406,3.251146,3098563
1999-03-11,6.703510,6.819088,6.626458,6.722773,3.337207,3502837
1999-03-12,6.703510,6.819088,6.626458,6.780562,3.365893,1039884
1999-03-15,7.242873,7.242873,7.108032,7.185084,3.566699,2503834
1999-03-16,7.185084,7.396977,7.088769,7.358451,3.652758,3347746
1999-03-17,7.396977,8.013391,7.396977,7.974865,3.958749,5259446
1999-03-18,7.974865,8.013391,7.743710,7.917077,3.930063,3207905
1999-03-19,7.994128,8.244547,7.994128,8.051917,3.996998,2439267
1999-03-22,7.955602,7.974865,7.647395,7.705184,3.824878,879603
1999-03-23,7.551080,7.551080,7.204347,7.204347,3.576261,1168045
1999-03-24,7.242873,7.377714,7.185084,7.262136,3.604949,2149527
1999-03-25,7.454766,7.570343,7.358451,7.396977,3.671883,2067115
1999-03-26,7.377714,7.377714,7.185084,7.204347,3.576261,1888015
1999-03-29,7.165821,7.242873,7.127295,7.204347,3.576261,956823
1999-03-30,7.146558,7.204347,7.030980,7.030980,3.490200,1035017
1999-03-31,7.069506,7.300662,7.050243,7.281399,3.614508,1654730
1999-04-01,7.396977,7.743710,7.396977,7.724447,3.834440,2664115
1999-04-05,7.724447,7.974865,7.685921,7.897814,3.920501,1081415
1999-04-06,7.955602,8.109706,7.878551,7.955602,3.949187,1892881
1999-04-07,7.994128,7.994128,7.801499,7.859288,3.901376,974668
1999-04-08,8.090443,8.148232,7.974865,7.974865,3.958749,1564856
1999-04-09,8.051917,8.321599,7.974865,8.321599,4.130868,2262762
1999-04-12,7.974865,8.360125,7.974865,8.225284,4.083057,3250409
1999-04-13,8.206021,8.225284,7.936340,7.936340,3.939626,3723143
1999-04-14,7.936340,7.936340,7.705184,7.820762,3.882252,5186443
1999-04-15,7.840025,8.051917,7.551080,7.820762,3.882252,6332749
1999-04-16,7.820762,8.109706,7.762973,7.878551,3.910938,4246816
1999-04-19,8.013391,8.013391,7.416240,7.435503,3.691008,7368416
1999-04-20,7.666658,7.685921,7.454766,7.570343,3.757942,5729584
1999-04-21,7.705184,7.994128,7.705184,7.782236,3.863127,3106675
1999-04-22,7.974865,7.994128,7.820762,7.917077,3.930063,1227420
1999-04-23,7.994128,8.552754,7.994128,8.533491,4.236053,2540822
1999-04-26,8.706858,8.726121,8.494965,8.591280,4.264739,1891584
1999-04-27,8.552754,8.552754,8.206021,8.302336,4.121306,2639132
1999-04-28,8.283073,8.283073,7.936340,7.936340,3.939626,1622933
1999-04-29,7.628132,7.705184,7.377714,7.396977,3.671883,7252260
1999-04-30,7.396977,7.454766,7.262136,7.396977,3.671883,3157290
1999-05-03,7.377714,7.377714,7.242873,7.358451,3.652758,965584
1999-05-04,7.589606,7.628132,7.435503,7.570343,3.757942,5423621
1999-05-05,7.570343,7.936340,7.551080,7.936340,3.939626,6918070
1999-05-06,7.859288,7.859288,7.608869,7.628132,3.786629,2996359
1999-05-07,7.512554,7.512554,7.146558,7.146558,3.547575,3852601
1999-05-10,7.146558,7.146558,6.992454,6.992454,3.471077,3225750
1999-05-11,6.703510,6.915403,6.549406,6.780562,3.365893,9290498
1999-05-12,6.819088,6.973192,6.742036,6.934666,3.442390,5775008
1999-05-13,7.050243,7.377714,7.050243,7.185084,3.566699,2981110
1999-05-14,7.165821,7.319925,7.050243,7.281399,3.614508,3331199
1999-05-17,7.204347,7.204347,7.050243,7.069506,3.509326,1857191
1999-05-18,7.165821,7.396977,7.108032,7.396977,3.671883,2595006
1999-05-19,7.474028,7.474028,7.165821,7.242873,3.595386,3602445
1999-05-20,7.319925,7.551080,7.281399,7.377714,3.662321,2957100
1999-05-21,7.493291,7.551080,7.377714,7.416240,3.681445,1886068
1999-05-24,7.416240,7.512554,7.416240,7.474028,3.710131,1382186
1999-05-25,7.454766,7.589606,7.358451,7.396977,3.671883,2809472
1999-05-26,7.474028,7.570343,7.474028,7.551080,3.748381,1260839
1999-05-27,7.531817,8.148232,7.512554,8.109706,4.025683,4805206
1999-05-28,8.051917,8.109706,8.013391,8.071180,4.006561,812764
1999-06-01,8.071180,8.071180,7.994128,8.032654,3.987435,514913
1999-06-02,8.225284,8.417914,8.225284,8.398651,4.169117,3630997
1999-06-03,8.475702,8.783910,8.398651,8.745384,4.341236,3072931
1999-06-04,8.783910,8.976539,8.783910,8.918750,4.427297,1669655
1999-06-07,9.284747,9.573691,9.207695,9.573691,4.752412,1812741
1999-06-08,9.785584,10.055265,9.631480,9.689269,4.809784,1739738
1999-06-09,9.843373,10.382735,9.843373,10.305684,5.115774,1904562
1999-06-10,10.016739,10.036002,9.727795,9.920424,4.924531,4168622
1999-06-11,9.727795,9.862636,9.631480,9.631480,4.781097,1503858
1999-06-14,9.592954,9.862636,9.592954,9.843373,4.886282,942547
1999-06-15,9.958950,10.170843,9.958950,10.093791,5.010592,827041
1999-06-16,10.382735,10.613891,10.363472,10.517576,5.220958,2193004
1999-06-17,10.710206,10.748732,10.517576,10.594628,5.259209,2300075
1999-06-18,10.613891,10.671680,10.479050,10.633154,5.278331,935409
1999-06-21,10.633154,10.710206,10.556102,10.671680,5.297456,2043754
1999-06-22,10.652417,10.690943,10.363472,10.382735,5.154023,948063
1999-06-23,10.190106,10.286421,10.132317,10.209369,5.067963,980833
1999-06-24,10.382735,10.633154,10.324947,10.594628,5.259209,1540846
1999-06-25,10.093791,10.170843,10.055265,10.093791,5.010592,1179401
1999-06-28,10.093791,10.190106,10.093791,10.093791,5.010592,794919
1999-06-29,10.324947,10.633154,10.286421,10.633154,5.278331,1168694
1999-06-30,10.363472,10.556102,10.190106,10.479050,5.201834,1669980
1999-07-01,10.517576,10.690943,10.479050,10.671680,5.297456,1526894
1999-07-02,10.671680,10.671680,10.479050,10.556102,5.240083,647940
1999-07-06,10.613891,10.613891,10.344210,10.440524,5.182708,2057057
1999-07-07,10.363472,10.401998,10.055265,10.093791,5.010592,2145958
1999-07-08,10.055265,10.074528,9.862636,9.920424,4.924531,1781593
1999-07-09,9.997476,10.093791,9.708532,9.939687,4.934092,1666086
1999-07-12,9.862636,9.901161,9.689269,9.689269,4.809784,1964911
1999-07-13,9.554428,9.554428,9.265484,9.284747,4.608977,4178680
1999-07-14,9.342536,9.862636,9.323273,9.843373,4.886282,3148530
1999-07-15,9.862636,10.247895,9.824110,10.036002,4.981904,8948196
1999-07-16,9.554428,9.862636,9.496639,9.785584,4.857595,5070612
1999-07-19,9.939687,9.939687,9.631480,9.785584,4.857595,3625157
1999-07-20,9.901161,10.036002,9.689269,9.689269,4.809784,4214370
1999-07-21,9.708532,9.997476,9.708532,9.939687,4.934092,739762
1999-07-22,9.824110,9.862636,9.342536,9.342536,4.637663,1772832
1999-07-23,9.438850,9.515902,9.246221,9.304010,4.618541,2355881
1999-07-26,9.284747,9.477376,9.188432,9.342536,4.637663,1786784
1999-07-27,9.419587,9.592954,9.265484,9.573691,4.752412,2122597
1999-07-28,9.747058,9.881898,9.727795,9.843373,4.886282,2377945
1999-07-29,9.785584,9.785584,9.246221,9.265484,4.599416,2139793
1999-07-30,9.400324,9.592954,9.400324,9.573691,4.752412,2194626
1999-08-02,9.323273,9.419587,9.284747,9.361799,4.647227,881874
1999-08-03,9.361799,9.381062,8.995802,9.053591,4.494232,3131982
1999-08-04,8.995802,8.995802,8.610543,8.629806,4.283864,2902591
1999-08-05,8.649069,8.668332,8.437176,8.610543,4.274302,2187813
1999-08-06,8.552754,8.860962,8.514228,8.822436,4.379486,802706
1999-08-09,9.072854,9.400324,9.015065,9.400324,4.666351,1824421
1999-08-10,9.804847,10.016739,9.554428,9.862636,4.895844,1746551
1999-08-11,10.055265,10.671680,10.055265,10.440524,5.182708,3236133
1999-08-12,11.480724,11.538513,10.941361,11.191780,5.555636,4358429
1999-08-13,11.480724,11.480724,10.633154,10.825784,5.373953,1961017
1999-08-16,11.467625,11.515012,11.135917,11.325465,5.621997,2577981
1999-08-17,11.278078,11.325465,11.088530,11.254384,5.586712,1306269
1999-08-18,11.206998,11.230691,10.804209,10.851596,5.386767,1850987
1999-08-19,10.970063,10.993757,10.638355,10.733129,5.327960,2309711
1999-08-20,10.875289,10.993757,10.756822,10.851596,5.386767,3144330
1999-08-23,10.898983,10.993757,10.851596,10.898983,5.410291,3971563
1999-08-24,10.851596,10.993757,10.756822,10.780516,5.351482,3762117
1999-08-25,11.183304,11.254384,10.946370,10.970063,5.445576,5155963
1999-08-26,10.970063,11.230691,10.946370,10.970063,5.445576,2690090
1999-08-27,11.088530,11.135917,10.875289,10.898983,5.410291,1490655
1999-08-30,10.946370,10.970063,10.780516,10.875289,5.398530,1011620
1999-08-31,10.898983,11.041143,10.804209,10.970063,5.445576,2193118
1999-09-01,11.420238,11.420238,11.230691,11.230691,5.574951,2833063
1999-09-02,11.159611,11.183304,10.970063,10.993757,5.457338,1591949
1999-09-03,11.467625,11.823027,11.396545,11.823027,5.868989,2184413
1999-09-07,11.728253,12.083655,11.704560,11.988881,5.951319,2576135
1999-09-08,12.107348,12.510137,12.083655,12.273202,6.092457,3422097
1999-09-09,12.320589,12.415363,12.131042,12.320589,6.115980,1914823
1999-09-10,12.652297,12.770765,12.510137,12.770765,6.339448,1422862
1999-09-13,12.747071,12.770765,11.941494,12.107348,6.010127,1716456
1999-09-14,11.894107,12.415363,11.751947,12.344283,6.127742,2372228
1999-09-15,12.367976,12.415363,11.941494,11.941494,5.927797,2961263
1999-09-16,12.296896,12.296896,11.657173,11.894107,5.904273,2103166
1999-09-17,12.036268,12.202122,12.036268,12.202122,6.057173,879463
1999-09-20,12.154735,12.604911,11.372852,11.562399,5.739611,3300755
1999-09-21,11.515012,11.823027,11.301771,11.728253,5.821943,3313153
1999-09-22,11.657173,11.704560,11.183304,11.325465,5.621997,3906408
1999-09-23,11.443932,11.538706,11.088530,11.088530,5.504381,3267518
1999-09-24,11.183304,11.183304,10.733129,10.993757,5.457338,2232685
1999-09-27,11.230691,11.562399,11.183304,11.301771,5.610234,3368285
1999-09-28,11.325465,11.420238,11.017450,11.183304,5.551427,3192603
1999-09-29,11.562399,11.988881,11.562399,11.751947,5.833704,2941742
1999-09-30,11.657173,11.704560,11.183304,11.183304,5.551427,4417098
1999-10-01,11.159611,11.609786,11.135917,11.586093,5.751373,2867619
1999-10-04,11.538706,11.941494,11.538706,11.917801,5.916035,2104485
1999-10-05,11.751947,12.178429,11.704560,12.178429,6.045413,2958889
1999-10-06,12.131042,12.344283,12.107348,12.273202,6.092457,3078120
1999-10-07,12.320589,12.320589,11.704560,11.894107,5.904273,3147232
1999-10-08,11.751947,11.751947,11.420238,11.467625,5.692567,3517851
1999-10-11,11.751947,12.036268,11.751947,11.965188,5.939557,1586410
1999-10-12,12.273202,12.320589,11.870414,11.894107,5.904273,2952030
1999-10-13,11.823027,12.083655,11.769717,11.769717,5.842525,2270934
1999-10-14,12.036268,12.178429,11.965188,12.059961,5.986604,1436843
1999-10-15,11.751947,11.870414,11.657173,11.751947,5.833704,1637584
1999-10-18,11.751947,11.751947,11.396545,11.443932,5.680805,3230061
1999-10-19,11.751947,11.846720,11.467625,11.467625,5.692567,2312876
1999-10-20,11.491319,11.894107,11.443932,11.846720,5.880747,1432886
1999-10-21,11.704560,11.870414,11.491319,11.823027,5.868989,1151162
1999-10-22,11.799334,12.107348,11.657173,11.941494,5.927797,1456627
1999-10-25,12.202122,12.273202,12.154735,12.273202,6.092457,1756815
1999-10-26,12.273202,12.628604,12.273202,12.510137,6.210073,1529959
1999-10-27,12.533830,12.557524,12.202122,12.273202,6.092457,790567
1999-10-28,12.249509,12.652297,12.178429,12.628604,6.268881,1311808
1999-10-29,12.723378,13.220940,12.723378,13.126166,6.515870,3267254
1999-11-01,13.031392,13.363101,12.699684,12.912925,6.410018,3106873
1999-11-02,13.268327,13.457874,13.220940,13.363101,6.633486,2467983
1999-11-03,13.268327,13.434181,13.220940,13.434181,6.668771,1577968
1999-11-04,13.434181,13.552648,13.173553,13.268327,6.586440,1109484
1999-11-05,13.363101,13.694809,13.315714,13.457874,6.680534,2345322
1999-11-08,13.363101,13.789583,13.339407,13.694809,6.798147,2602514
1999-11-09,13.836969,13.979130,13.694809,13.694809,6.798147,2168585
1999-11-10,13.671115,14.595160,13.647422,14.452999,7.174516,3012173
1999-11-11,14.879481,14.879481,14.310838,14.358225,7.127469,2782152
1999-11-12,14.405612,14.452999,13.647422,13.836969,6.868717,2960207
1999-11-15,14.026517,14.121291,13.955437,13.979130,6.939285,1794537
1999-11-16,14.144984,14.405612,14.026517,14.405612,7.150991,1495667
1999-11-17,14.287145,14.310838,13.884356,14.002824,6.951047,2151176
1999-11-18,14.026517,14.192371,14.002824,14.144984,7.021616,1858901
1999-11-19,14.144984,14.358225,13.979130,14.073904,6.986330,1609095
1999-11-22,14.073904,14.192371,13.836969,14.121291,7.009854,2259328
1999-11-23,13.979130,14.192371,13.765889,14.121291,7.009854,1329746
1999-11-24,14.168678,14.168678,13.742196,14.121291,7.009854,1599071
1999-11-26,13.647422,13.789583,13.600035,13.789583,6.845193,1055408
1999-11-29,13.860663,13.884356,13.718502,13.742196,6.821671,1140611
1999-11-30,13.742196,13.836969,13.576342,13.576342,6.739340,675820
1999-12-01,13.623728,13.789583,13.576342,13.718502,6.809909,1494612
1999-12-02,14.002824,14.808401,13.979130,14.808401,7.350939,3680607
1999-12-03,15.258576,15.542897,15.069028,15.424430,7.656735,3041717
1999-12-06,14.832094,15.187496,14.689933,15.163802,7.527361,2548965
1999-12-07,15.069028,15.116415,14.879481,15.021641,7.456790,1042219
1999-12-08,14.832094,14.832094,14.452999,14.476692,7.186278,1454516
1999-12-09,14.595160,14.689933,14.500386,14.642546,7.268607,1764729
1999-12-10,14.642546,14.784707,14.239758,14.595160,7.245082,1252720
1999-12-13,14.595160,14.737320,14.216064,14.381919,7.139231,1382239
1999-12-14,14.405612,14.405612,13.955437,13.955437,6.927522,1881850
1999-12-15,13.931743,14.192371,13.860663,13.860663,6.880478,1861538
1999-12-16,13.931743,14.216064,13.931743,14.216064,7.056901,4116118
1999-12-17,14.595160,14.689933,14.429305,14.429305,7.162753,1043010
1999-12-20,14.476692,14.855787,14.476692,14.784707,7.339176,974162
1999-12-21,15.021641,15.448123,14.997948,15.377043,7.633213,1903217
1999-12-22,15.400737,15.400737,15.069028,15.140109,7.515598,616204
1999-12-23,15.258576,15.519204,15.211189,15.519204,7.703784,752054
1999-12-27,16.395861,16.395861,16.158928,16.301086,8.091914,808504
1999-12-28,16.206314,16.774956,16.158928,16.680182,8.280095,1002651
1999-12-29,16.703876,17.343599,16.703876,16.893423,8.385950,798480
1999-12-30,17.035583,17.059277,16.798651,16.822344,8.350663,474287
1999-12-31,16.846037,17.154051,16.798651,17.059277,8.468281,428125
2000-01-03,17.912241,18.007015,17.462067,17.959627,8.915217,2062807
2000-01-04,17.959627,18.670431,17.912241,18.078094,8.974024,2557142
2000-01-05,18.243950,18.362417,18.078094,18.196564,9.032834,2295467
2000-01-06,17.770081,17.793774,17.059277,17.438372,8.656464,1539456
2000-01-07,18.054401,18.196564,17.817467,18.101789,8.985785,1511230
2000-01-10,18.694124,18.836285,18.433496,18.836285,9.350392,1102626
2000-01-11,18.812592,18.812592,18.528271,18.575659,9.221016,2573761
2000-01-12,19.002140,19.002140,18.788898,18.883673,9.373914,1407826
2000-01-13,18.954754,19.286461,18.954754,19.262768,9.562101,1751803
2000-01-14,19.523396,20.992390,19.523396,20.921309,10.385403,4445851
2000-01-18,20.044651,20.565907,20.044651,20.400053,10.126653,2009786
2000-01-19,20.400053,20.518520,20.234198,20.257893,10.056082,1653939
2000-01-20,20.684374,20.708067,19.949877,19.949877,9.903182,3375671
2000-01-21,20.945002,21.229322,20.660681,20.708067,10.279553,2109234
2000-01-24,21.371485,23.219572,21.324097,22.627235,11.232234,3403896
2000-01-25,22.627235,24.925501,22.603542,24.830727,12.326051,3588546
2000-01-26,25.494143,27.294844,23.788216,23.977762,11.902638,7180257
2000-01-27,22.887863,22.911556,21.892738,22.319221,11.079330,5966841
2000-01-28,21.797966,21.845352,20.494825,20.589600,10.220742,2885028
2000-01-31,20.186811,20.186811,19.286461,19.665556,9.762043,5711760
2000-02-01,19.902491,22.058594,19.831409,22.034901,10.938192,3431066
2000-02-02,22.058594,22.935251,21.418871,21.963820,10.902912,2395969
2000-02-03,23.314346,26.157558,23.266958,26.015398,12.914125,5274930
2000-02-04,26.204947,26.726200,25.115047,25.375675,12.596563,2517311
2000-02-07,25.375675,25.375675,24.830727,25.233515,12.525995,1274351
2000-02-08,23.740828,24.427937,23.669746,24.262083,12.043776,2094989
2000-02-09,23.835602,23.859295,22.508768,23.124798,11.479221,2509925
2000-02-10,22.556156,24.593792,22.034901,24.522711,12.173152,3035123
2000-02-11,23.882988,24.262083,23.077412,23.314346,11.573318,1776599
2000-02-14,22.935251,24.262083,22.840477,23.503893,11.667407,1560295
2000-02-15,23.503893,23.598667,23.172186,23.456507,11.643887,1512286
2000-02-16,23.480200,23.977762,23.338039,23.527588,11.679170,1560558
2000-02-17,23.527588,23.764521,23.409121,23.740828,11.785024,1383030
2000-02-18,22.745703,22.840477,22.413996,22.650928,11.243994,2233741
2000-02-22,21.703192,22.129675,21.253016,21.418871,10.632396,2169113
2000-02-23,21.229322,21.395178,20.850227,20.850227,10.350121,10828683
2000-02-24,21.039776,21.324097,20.636988,21.229322,10.538303,3039079
2000-02-25,21.466257,22.366608,21.418871,22.105980,10.973481,6144633
2000-02-28,22.200754,22.366608,21.726885,21.750580,10.797061,2190743
2000-02-29,22.319221,22.722010,22.177061,22.674623,11.255756,3062293
2000-03-01,23.077412,23.456507,22.650928,23.314346,11.573318,2967330
2000-03-02,23.219572,23.409121,22.650928,22.935251,11.385136,2227410
2000-03-03,23.219572,24.641178,23.077412,24.641178,12.231960,6426884
2000-03-06,23.906681,23.977762,22.650928,23.314346,11.573318,1922209
2000-03-07,23.361732,23.409121,21.916433,21.963820,10.902912,997903
2000-03-08,22.177061,23.314346,21.845352,22.698317,11.267517,1222385
2000-03-09,22.935251,23.219572,22.082287,22.342915,11.091091,1904272
2000-03-10,22.413996,22.650928,20.660681,21.087162,10.467731,7170233
2000-03-13,19.997265,20.850227,19.452314,20.850227,10.350121,3268573
2000-03-14,20.281586,21.039776,19.997265,20.092037,9.973753,2343212
2000-03-15,19.997265,20.092037,19.144300,19.239075,9.550337,3456389
2000-03-16,20.092037,21.039776,19.570782,20.850227,10.350121,3658713
2000-03-17,21.276711,23.030024,21.039776,22.556156,11.196947,4302351
2000-03-20,20.376360,20.802841,19.049526,19.523396,9.691476,12210394
2000-03-21,20.897615,21.418871,20.281586,21.205629,10.526545,9370209
2000-03-22,21.110855,21.869045,21.039776,21.324097,10.585350,4180746
2000-03-23,21.750580,22.342915,21.655806,22.011208,10.926435,4402590
2000-03-24,22.129675,22.129675,21.561031,21.561031,10.702964,2924333
2000-03-27,22.650928,23.172186,22.579849,22.793091,11.314563,2431580
2000-03-28,22.887863,23.006330,22.579849,22.650928,11.243994,1304422
2000-03-29,22.603542,22.650928,21.347790,21.726885,10.785295,2030098
2000-03-30,21.418871,21.845352,20.850227,21.087162,10.467731,1887389
2000-03-31,21.608418,21.750580,20.873920,21.608418,10.726486,2042759
2000-04-03,21.987513,22.034901,20.613295,20.660681,10.256032,3255120
2000-04-04,21.371485,21.418871,19.096912,19.712942,9.785567,7899338
2000-04-05,19.712942,21.395178,19.712942,20.447439,10.150172,2829897
2000-04-06,20.613295,21.466257,20.565907,21.276711,10.561829,3536844
2000-04-07,21.466257,21.703192,20.660681,20.826534,10.338362,5655310
2000-04-10,21.324097,21.371485,20.139425,20.305279,10.079608,2267769
2000-04-11,19.949877,20.328972,19.712942,19.926184,9.891423,2960207
2000-04-12,19.641863,19.641863,17.817467,18.007015,8.938740,12369721
2000-04-13,18.291336,18.528271,16.632795,17.059277,8.468281,8636620
2000-04-14,15.566591,16.917116,14.855787,15.092722,7.492074,7031482
2000-04-17,15.163802,17.343599,15.163802,16.774956,8.327143,6777983
2000-04-18,17.390985,18.670431,17.248825,18.575659,9.221016,5738403
2000-04-19,18.575659,18.575659,17.533146,17.604227,8.738795,3183107
2000-04-20,17.912241,18.125483,17.438372,17.651613,8.762317,1494084
2000-04-24,17.438372,17.698999,16.680182,16.940809,8.409472,2207098
2000-04-25,18.575659,19.618170,17.841162,18.954754,9.409203,5241693
2000-04-26,18.954754,18.954754,18.243950,18.386110,9.126925,2808267
2000-04-27,17.627920,19.191687,17.627920,19.167994,9.515052,2373020
2000-04-28,19.807716,19.997265,19.523396,19.831409,9.844374,2070457
2000-05-01,19.973572,20.186811,19.262768,19.357540,9.609144,2111344
2000-05-02,19.310154,19.310154,18.575659,18.575659,9.221016,1697463
2000-05-03,18.480885,18.480885,17.296211,17.627920,8.750558,3723077
2000-05-04,17.627920,17.912241,17.106665,17.438372,8.656464,2139305
2000-05-05,17.651613,18.575659,17.651613,18.196564,9.032834,1948060
2000-05-08,18.149176,18.149176,17.722694,18.054401,8.962261,2059378
2000-05-09,18.054401,18.196564,17.627920,17.722694,8.797602,1132961
2000-05-10,17.343599,17.390985,16.324781,16.395861,8.138957,3201572
2000-05-11,16.680182,16.940809,16.372168,16.727570,8.303618,2622561
2000-05-12,16.727570,17.248825,16.585409,16.632795,8.256574,2926707
2000-05-15,17.044113,17.468700,16.589199,17.468700,8.671520,2156657
2000-05-16,18.772787,19.712942,18.469511,19.712942,9.785567,3985231
2000-05-17,19.409666,19.409666,18.439182,18.742458,9.303816,2549039
2000-05-18,18.621149,18.651478,18.014597,18.348202,9.108108,1715022
2000-05-19,18.196564,18.257217,17.650665,18.105579,8.987668,1802607
2000-05-22,18.439182,18.439182,17.226080,17.468700,8.671520,2722561
2000-05-23,17.226080,17.377716,16.498217,16.831820,8.355371,3303096
2000-05-24,16.498217,16.649855,15.163802,16.012976,7.948893,4368751
2000-05-25,16.376905,16.710510,16.043303,16.043303,7.963949,2234557
2000-05-26,16.073629,16.073629,15.376095,15.831009,7.858563,1817857
2000-05-30,17.165424,17.741648,16.983458,17.741648,8.807010,2242388
2000-05-31,17.832630,17.832630,17.044113,17.135096,8.505919,2163458
2000-06-01,17.135096,18.044926,17.104769,17.771976,8.822066,4799052
2000-06-02,18.196564,18.681805,17.711321,18.135906,9.002721,11749815
2000-06-05,18.166235,18.257217,17.771976,18.226891,9.047883,4367721
2000-06-06,18.075253,18.075253,17.468700,17.590010,8.731736,3029006
2000-06-07,17.559683,18.196564,17.559683,18.196564,9.032834,2730804
2000-06-08,18.196564,18.651478,18.014597,18.469511,9.168323,5290560
2000-06-09,18.924425,19.925236,18.924425,19.773598,9.815679,7268131
2000-06-12,19.894909,19.894909,18.408855,18.560493,9.213490,4369781
2000-06-13,18.590820,18.803116,18.014597,18.317873,9.093050,2745024
2000-06-14,18.833443,18.863770,18.499840,18.499840,9.183379,2479177
2000-06-15,17.953941,18.044926,17.711321,17.802303,8.837120,2525340
2000-06-16,17.771976,17.893288,17.468700,17.499027,8.686574,1501520
2000-06-19,17.529354,18.742458,17.499027,18.681805,9.273708,3017259
2000-06-20,18.590820,19.136719,18.257217,18.651478,9.258654,3632005
2000-06-21,18.530167,18.560493,17.984268,18.196564,9.032834,1719143
2000-06-22,18.317873,18.378529,17.771976,17.953941,8.912393,2129454
2000-06-23,18.196564,18.196564,17.559683,17.862959,8.867231,5211218
2000-06-26,17.862959,18.014597,17.711321,17.984268,8.927449,3649316
2000-06-27,18.075253,18.469511,18.014597,18.196564,9.032834,3036013
2000-06-28,18.317873,18.894096,18.287544,18.439182,9.153271,2108434
2000-06-29,18.439182,18.469511,17.984268,18.075253,8.972614,1781999
2000-06-30,18.681805,19.349012,18.621149,18.712132,9.288763,2279483
2000-07-03,18.924425,18.985081,18.651478,18.803116,9.333927,933968
2000-07-05,18.257217,18.408855,17.771976,17.771976,8.822066,3300211
2000-07-06,17.893288,18.166235,17.893288,18.135906,9.002721,2220749
2000-07-07,18.135906,18.135906,17.620338,17.802303,8.837120,2330179
2000-07-10,17.256407,17.408045,16.922804,16.983458,8.430647,4183276
2000-07-11,17.226080,17.771976,16.983458,17.771976,8.822066,2486802
2000-07-12,17.408045,17.620338,17.195751,17.438372,8.656464,2177472
2000-07-13,17.438372,17.438372,17.135096,17.135096,8.505919,2023116
2000-07-14,17.256407,17.711321,17.256407,17.590010,8.731736,2328530
2000-07-17,17.771976,17.802303,17.590010,17.711321,8.791958,2625290
2000-07-18,17.195751,17.286734,17.044113,17.195751,8.536026,2165313
2000-07-19,17.074442,17.286734,17.044113,17.165424,8.520972,4139587
2000-07-20,16.953131,16.953131,16.316252,16.467890,8.174714,3076817
2000-07-21,16.012976,16.012976,15.467078,15.497406,7.692962,2812001
2000-07-24,15.285113,15.345768,14.708888,14.739216,7.316594,4604304
2000-07-25,15.042492,15.224457,14.739216,14.981836,7.437032,3485274
2000-07-26,15.163802,15.163802,14.708888,15.042492,7.467140,2573151
2000-07-27,14.799871,14.799871,13.374473,13.526111,6.714405,6442357
2000-07-28,14.314629,14.314629,13.495784,13.708077,6.804733,5364543
2000-07-31,14.375284,14.739216,13.950698,14.739216,7.316594,4064573
2000-08-01,14.557250,14.860526,14.344957,14.375284,7.135935,2854660
2000-08-02,14.405612,14.678560,14.375284,14.466267,7.181100,2073194
2000-08-03,14.253974,14.466267,13.586767,14.193319,7.045610,3187896
2000-08-04,14.617905,14.769543,14.223646,14.526922,7.211210,2822717
2000-08-07,14.526922,14.557250,14.314629,14.496595,7.196158,2129660
2000-08-08,14.617905,14.799871,14.435940,14.526922,7.211210,1848976
2000-08-09,15.042492,15.042492,14.557250,14.557250,7.226264,3829432
2000-08-10,14.678560,14.799871,14.132664,14.223646,7.060662,3771317
2000-08-11,14.314629,15.163802,14.072008,15.163802,7.527361,2170465
2000-08-14,15.072819,15.467078,14.921181,15.436751,7.662852,2374281
2000-08-15,15.376095,15.497406,15.224457,15.406423,7.647798,3233440
2000-08-16,15.740027,16.498217,15.649044,16.498217,8.189770,4448093
2000-08-17,16.862148,17.226080,16.558872,17.226080,8.551082,3210771
2000-08-18,17.468700,17.711321,17.347389,17.711321,8.791958,4030981
2000-08-21,17.468700,17.650665,17.286734,17.650665,8.761847,3119064
2000-08-22,17.590010,18.044926,16.983458,16.983458,8.430647,2613955
2000-08-23,17.165424,17.468700,16.771166,17.408045,8.641410,2120799
2000-08-24,17.802303,18.196564,17.590010,18.196564,9.032834,3623143
2000-08-25,18.105579,18.135906,17.317062,17.347389,8.611299,2501228
2000-08-28,17.377716,17.893288,17.347389,17.711321,8.791958,3195315
2000-08-29,17.650665,17.650665,17.438372,17.590010,8.731736,1661440
2000-08-30,17.377716,17.377716,16.680182,16.680182,8.280095,1777259
2000-08-31,16.922804,17.195751,16.862148,16.983458,8.430647,1996119
2000-09-01,16.498217,16.922804,15.740027,15.800682,7.843507,4723007
2000-09-05,15.800682,16.225267,15.800682,15.800682,7.843507,3627059
2000-09-06,15.224457,15.497406,14.860526,15.012164,7.452086,4609456
2000-09-07,15.012164,15.133475,14.557250,15.072819,7.482197,3166876
2000-09-08,15.254785,15.254785,14.375284,14.375284,7.135935,2056089
2000-09-11,14.557250,14.769543,14.466267,14.496595,7.196158,1732745
2000-09-12,14.587578,14.617905,13.829388,13.890043,6.895061,2722561
2000-09-13,13.647422,14.072008,13.617094,13.859715,6.880006,2423535
2000-09-14,14.072008,14.526922,13.768732,13.829388,6.864952,2827869
2000-09-15,13.950698,13.981026,13.131853,13.253163,6.578915,5172886
2000-09-18,13.313818,13.404801,12.070386,12.434318,6.172435,10746192
2000-09-19,12.373663,12.980215,12.252352,12.919559,6.413311,7793024
2000-09-20,12.858904,12.949887,12.252352,12.949887,6.428365,4664480
2000-09-21,12.858904,13.040870,10.917938,10.917938,5.419700,3060331
2000-09-22,12.131042,12.464645,11.676128,12.434318,6.172435,3014374
2000-09-25,12.585956,12.798249,12.252352,12.282680,6.097163,3773171
2000-09-26,12.373663,12.555628,11.160558,11.463834,5.690684,7117484
2000-09-27,12.131042,12.131042,10.675317,11.160558,5.540138,6307167
2000-09-28,10.705644,11.403179,10.584334,10.675317,5.299261,8011472
2000-09-29,10.432696,10.675317,9.886799,9.917127,4.922896,5657387
2000-10-02,10.068765,10.311385,9.371230,9.431885,4.682019,5987326
2000-10-03,10.038437,10.038437,9.431885,9.613851,4.772347,10720637
2000-10-04,9.583523,9.947454,9.401557,9.947454,4.937947,10432740
2000-10-05,10.190075,10.735972,9.947454,10.584334,5.254098,12118085
2000-10-06,11.221214,11.858093,11.008920,11.039248,5.479919,7063697
2000-10-09,10.917938,10.948265,9.947454,10.402368,5.163768,3098456
2000-10-10,10.402368,10.402368,9.977782,10.008109,4.968058,2928644
2000-10-11,9.644178,10.008109,9.462213,9.735161,4.832567,4421096
2000-10-12,9.826144,9.886799,9.158936,9.158936,4.546525,5001425
2000-10-13,9.462213,10.250730,9.340902,10.190075,5.058385,8488760
2000-10-16,9.886799,10.190075,9.249919,9.310575,4.621799,5354651
2000-10-17,9.158936,9.249919,8.734350,8.976971,4.456196,8855175
2000-10-18,8.552384,8.764678,7.824522,8.400746,4.170157,6549314
2000-10-19,9.158936,10.675317,8.916316,10.311385,5.118605,13299765
2000-10-20,10.008109,11.281869,9.947454,11.069576,5.494974,8650123
2000-10-23,11.099903,11.130231,10.735972,10.887610,5.404645,4800907
2000-10-24,11.403179,11.554817,11.099903,11.221214,5.570247,4757217
2000-10-25,10.857282,11.069576,10.463023,10.523679,5.223989,4090127
2000-10-26,10.644989,11.372852,10.614661,11.221214,5.570247,3391300
2000-10-27,10.917938,10.948265,10.493351,10.523679,5.223989,3289083
2000-10-30,10.129420,10.220403,9.795816,10.220403,5.073442,3558433
2000-10-31,10.311385,11.008920,10.220403,11.008920,5.464863,2532965
2000-11-01,10.432696,10.675317,10.311385,10.372041,5.148715,3091243
2000-11-02,11.403179,11.645800,11.160558,11.433507,5.675630,3166670
2000-11-03,11.736783,11.888421,11.342524,11.615472,5.765956,3716293
2000-11-06,11.827766,12.040059,11.615472,11.888421,5.901450,3375844
2000-11-07,12.131042,12.343335,12.040059,12.161369,6.036943,3470436
2000-11-08,12.373663,12.494973,11.797438,11.858093,5.886395,6720569
2000-11-09,11.554817,11.585145,11.251541,11.403179,5.660574,4869532
2000-11-10,11.008920,11.039248,10.190075,10.341713,5.133659,6890175
2000-11-13,9.947454,10.675317,9.826144,10.432696,5.178825,4183482
2000-11-14,10.766300,11.433507,10.766300,11.281869,5.600358,2482474
2000-11-15,11.099903,11.403179,10.917938,11.160558,5.540138,2754916
2000-11-16,10.220403,10.372041,9.704833,9.856471,4.892784,4617699
2000-11-17,9.795816,10.129420,9.644178,9.856471,4.892784,2285871
2000-11-20,9.219592,9.613851,8.734350,8.825333,4.380923,4168232
2000-11-21,9.098281,9.401557,9.037626,9.219592,4.576636,3637363
2000-11-22,8.976971,9.098281,8.734350,8.946643,4.441144,1972831
2000-11-24,9.947454,9.947454,9.553195,9.856471,4.892784,1870820
2000-11-27,9.856471,9.977782,9.189264,9.462213,4.697073,2371808
2000-11-28,9.280247,9.310575,8.885988,8.885988,4.411033,3275275
2000-11-29,8.855660,8.976971,8.613040,8.825333,4.380923,6010819
2000-11-30,8.491729,8.552384,8.127798,8.158126,4.049719,4882722
2000-12-01,8.855660,8.885988,8.491729,8.582712,4.260486,3360594
2000-12-04,8.491729,8.552384,8.309764,8.370419,4.155102,1777671
2000-12-05,8.552384,9.189264,8.552384,9.158936,4.546525,3725154
2000-12-06,8.855660,8.946643,8.370419,8.795005,4.365868,2409521
2000-12-07,8.734350,8.764678,8.552384,8.734350,4.335760,3104226
2000-12-08,9.067954,9.674506,8.885988,9.613851,4.772347,4754950
2000-12-11,9.613851,9.765489,9.462213,9.735161,4.832567,3559257
2000-12-12,9.704833,9.704833,9.371230,9.371230,4.651908,2584485
2000-12-13,9.462213,9.462213,9.067954,9.067954,4.501361,1415789
2000-12-14,8.885988,9.037626,8.764678,9.037626,4.486307,3509385
2000-12-15,9.037626,9.037626,8.855660,9.037626,4.486307,3449827
2000-12-18,8.976971,9.007298,8.613040,8.613040,4.275541,2673719
2000-12-19,8.461402,8.946643,8.340091,8.764678,4.350814,3400574
2000-12-20,8.370419,8.370419,8.127798,8.309764,4.124994,4990091
2000-12-21,8.067143,8.279436,8.036815,8.067143,4.004556,3488983
2000-12-22,8.067143,8.340091,8.067143,8.309764,4.124994,2733277
2000-12-26,8.249108,8.279436,8.127798,8.218781,4.079831,2609834
2000-12-27,8.097470,8.400746,8.067143,8.340091,4.140048,3708667
2000-12-28,8.491729,8.795005,8.249108,8.400746,4.170157,2554397
2000-12-29,8.309764,8.491729,8.158126,8.370419,4.155102,2611276
2001-01-02,8.795005,8.795005,8.431074,8.552384,4.245432,2782737
2001-01-03,8.340091,9.583523,8.188453,9.371230,4.651908,6085215
2001-01-04,9.371230,9.522868,9.280247,9.371230,4.651908,6000309
2001-01-05,9.704833,10.008109,9.704833,9.765489,4.847621,5165880
2001-01-08,9.704833,9.704833,9.462213,9.644178,4.787400,3272802
2001-01-09,9.765489,10.372041,9.765489,10.190075,5.058385,2632091
2001-01-10,10.190075,10.675317,10.038437,10.675317,5.299261,6104381
2001-01-11,10.372041,10.735972,10.129420,10.675317,5.299261,5024095
2001-01-12,10.857282,10.978593,10.675317,10.857282,5.389589,3190781
2001-01-16,10.948265,10.948265,10.493351,10.584334,5.254098,4018204
2001-01-17,11.281869,11.433507,11.069576,11.433507,5.675630,4698690
2001-01-18,11.372852,12.464645,11.372852,12.252352,6.082106,5319411
2001-01-19,12.373663,12.919559,12.070386,12.161369,6.036943,5659242
2001-01-22,12.009731,12.100714,11.615472,11.645800,5.781012,2203644
2001-01-23,11.676128,12.161369,11.524490,12.100714,6.006833,2292054
2001-01-24,12.191697,12.343335,12.009731,12.009731,5.961668,1495337
2001-01-25,12.070386,12.131042,11.554817,11.706455,5.811121,2416322
2001-01-26,11.039248,11.069576,10.675317,10.826955,5.374536,6741383
2001-01-29,10.830594,10.830594,10.277419,10.568564,5.246269,6380326
2001-01-30,10.743251,11.374065,10.743251,11.194525,5.556998,6575486
2001-01-31,11.573014,12.111632,11.553604,11.713734,5.814735,3775851
2001-02-01,11.403179,11.742848,11.291574,11.573014,5.744882,3349465
2001-02-02,11.456556,11.694324,11.223640,11.223640,5.571452,2991911
2001-02-05,10.675317,10.782070,10.554006,10.670464,5.296852,3880335
2001-02-06,10.005683,10.384172,9.986274,9.986274,4.957220,7650415
2001-02-07,9.777620,9.860111,9.646604,9.729095,4.829554,4502293
2001-02-08,10.165813,10.408434,10.078469,10.224042,5.075247,3500730
2001-02-09,10.185223,10.185223,9.962011,9.962011,4.945175,1624345
2001-02-12,9.947454,10.384172,9.947454,10.321090,5.123422,2033214
2001-02-13,10.675317,10.869413,10.529744,10.554006,5.239045,3050439
2001-02-14,10.287123,10.908233,10.190075,10.903380,5.412472,6172800
2001-02-15,11.160558,11.466261,11.048953,11.291574,5.605173,3260437
2001-02-16,10.723841,10.879118,10.675317,10.811184,5.366706,2901647
2001-02-20,10.811184,10.883971,10.190075,10.243452,5.084882,2767693
2001-02-21,10.214337,10.481220,10.049355,10.078469,5.002986,2998918
2001-02-22,10.005683,10.190075,9.724243,10.020240,4.974079,3160075
2001-02-23,9.753358,9.801882,9.437950,9.777620,4.853642,3137200
2001-02-26,9.947454,9.947454,9.602933,9.826144,4.877728,1761596
2001-02-27,9.787324,9.787324,9.399131,9.399131,4.665758,2114410
2001-02-28,9.399131,9.462213,9.132248,9.137101,4.535686,2020643
2001-03-01,8.734350,8.787727,8.321895,8.695531,4.316489,4545776
2001-03-02,8.588778,9.549556,8.559663,9.025495,4.480286,3508767
2001-03-05,9.224444,9.462213,9.224444,9.229297,4.581452,1854540
2001-03-06,9.753358,10.476368,9.714538,10.413286,5.169189,7236806
2001-03-07,10.335648,10.335648,10.112436,10.112436,5.019845,5045321
2001-03-08,9.753358,9.947454,9.627195,9.632047,4.781380,2332240
2001-03-09,9.389426,9.389426,9.006085,9.006085,4.470650,2597675
2001-03-12,8.976971,9.243854,8.744055,8.744055,4.340577,2748321
2001-03-13,9.122543,9.636900,9.122543,9.617490,4.774153,2246303
2001-03-14,8.879923,9.559261,8.879923,9.486475,4.709116,5715709
2001-03-15,9.826144,9.947454,9.714538,9.719391,4.824737,4300538
2001-03-16,9.656309,9.753358,9.510737,9.602933,4.766926,2518333
2001-03-19,9.486475,9.549556,9.205034,9.491327,4.711525,3709698
2001-03-20,9.413688,9.447655,9.166215,9.171068,4.552547,2932765
2001-03-21,9.171068,9.413688,9.025495,9.098281,4.516416,3135757
2001-03-22,9.146805,9.704833,9.127396,9.656309,4.793424,4317642
2001-03-23,9.947454,10.185223,9.777620,10.165813,5.046343,3615930
2001-03-26,10.141551,10.141551,9.874668,9.894078,4.911451,2012605
2001-03-27,9.632047,9.879520,9.481622,9.830996,4.880137,2801078
2001-03-28,9.753358,9.753358,9.496179,9.496179,4.713933,2789332
2001-03-29,9.496179,9.777620,9.462213,9.534999,4.733205,3577599
2001-03-30,9.534999,9.534999,9.316640,9.462213,4.697073,2439815
2001-04-02,9.195330,9.195330,8.515991,8.515991,4.227366,4307544
2001-04-03,8.530549,8.579073,8.161765,8.161765,4.051526,3499493
2001-04-04,8.249108,8.486877,8.035602,8.050159,3.996125,3775232
2001-04-05,8.613040,8.928447,8.554811,8.928447,4.432110,4467052
2001-04-06,8.710088,8.710088,8.409238,8.486877,4.212914,2211888
2001-04-09,8.588778,8.637302,8.161765,8.317042,4.128607,1796012
2001-04-10,8.564515,8.826546,8.535401,8.826546,4.381525,4819660
2001-04-11,9.583523,9.743653,9.462213,9.612637,4.771742,7760051
2001-04-12,9.365164,9.850406,9.253559,9.835849,4.882546,5181542
2001-04-16,9.680571,9.680571,9.292378,9.326345,4.629627,3018908
2001-04-17,9.025495,9.403984,8.996381,9.190477,4.562184,3583369
2001-04-18,9.656309,11.058658,9.627195,10.786922,5.354663,13422590
2001-04-19,10.675317,10.675317,10.364762,10.568564,5.246269,5596181
2001-04-20,10.422991,10.466663,9.981421,10.141551,5.034299,5445328
2001-04-23,9.995978,9.995978,9.666014,9.777620,4.853642,4475090
2001-04-24,9.801882,10.093027,9.758210,9.801882,4.865685,3334833
2001-04-25,9.729095,9.937749,9.656309,9.894078,4.911451,4793694
2001-04-26,9.923192,10.063912,9.826144,9.918340,4.923495,3468993
2001-04-27,10.020240,10.578268,9.898930,10.578268,5.251086,11742809
2001-04-30,11.039248,11.888421,10.990724,11.762258,5.838823,13056999
2001-05-01,11.670062,12.033993,11.354655,12.029141,5.971305,15228700
2001-05-02,11.839897,12.121337,11.670062,11.917535,5.915901,8730495
2001-05-03,11.597276,11.888421,11.354655,11.403179,5.660574,7867832
2001-05-04,10.723841,11.349803,10.704431,11.160558,5.540138,5668310
2001-05-07,11.165411,11.441999,11.039248,11.039248,5.479919,2738429
2001-05-08,11.136296,11.170263,10.845151,11.053805,5.487144,3581102
2001-05-09,10.840299,10.985871,10.733546,10.772365,5.347438,5023064
2001-05-10,11.014986,11.102329,10.723841,10.772365,5.347438,4777001
2001-05-11,10.777217,10.777217,10.379319,10.432696,5.178825,5642961
2001-05-14,10.165813,10.165813,9.860111,9.903782,4.916268,11792062
2001-05-15,9.947454,9.947454,9.709686,9.767915,4.848825,7476069
2001-05-16,9.680571,9.986274,9.559261,9.884373,4.906634,10381425
2001-05-17,9.947454,10.374467,9.942602,10.321090,5.123422,8503186
2001-05-18,10.287123,10.287123,10.020240,10.068765,4.998167,4265710
2001-05-21,9.632047,10.238599,9.583523,10.238599,5.082473,9289392
2001-05-22,10.287123,10.670464,10.287123,10.384172,5.154737,11670267
2001-05-23,10.505482,10.505482,10.262861,10.262861,5.094517,6363839
2001-05-24,10.267714,10.355057,10.136698,10.335648,5.130648,5375054
2001-05-25,10.262861,10.408434,10.093027,10.117289,5.022256,4681585
2001-05-29,10.000831,10.034798,9.874668,9.957159,4.942767,3514125
2001-05-30,9.559261,9.646604,9.462213,9.476770,4.704298,5321678
2001-05-31,9.510737,9.714538,9.510737,9.636900,4.783788,4378437
2001-06-01,9.656309,9.753358,9.510737,9.651457,4.791013,3976575
2001-06-04,9.695129,9.714538,9.467065,9.510737,4.721161,4274571
2001-06-05,9.656309,10.287123,9.656309,10.180370,5.053569,7064315
2001-06-06,10.122141,10.136698,9.947454,9.971716,4.949992,12601968
2001-06-07,9.995978,10.942200,9.995978,10.820889,5.371524,13007539
2001-06-08,10.714136,10.913085,10.505482,10.752955,5.337802,6320356
2001-06-11,10.752955,10.806332,10.442401,10.471515,5.198093,4704460
2001-06-12,10.311385,10.505482,10.146403,10.359910,5.142694,5315290
2001-06-13,10.384172,10.495777,10.199780,10.340500,5.133057,2329355
2001-06-14,10.311385,10.311385,10.020240,10.141551,5.034299,4400488
2001-06-15,10.141551,10.321090,9.995978,10.296828,5.111378,6554466
2001-06-18,10.093027,10.592826,9.797029,9.797029,4.863277,4431194
2001-06-19,9.947454,10.054207,9.641752,9.675719,4.803060,6066462
2001-06-20,9.462213,9.530146,9.175920,9.277821,4.605539,11151557
2001-06-21,9.243854,9.243854,9.064314,9.098281,4.516416,5513335
2001-06-22,9.171068,9.389426,8.875070,9.316640,4.624809,4234591
2001-06-25,9.583523,9.583523,9.423393,9.481622,4.706709,5361864
2001-06-26,9.272968,9.374869,9.143894,9.306935,4.619992,4991769
2001-06-27,9.476770,9.578671,9.436009,9.503943,4.717788,4986175
2001-06-28,9.544704,9.945513,9.544704,9.850406,4.889774,12659966
2001-06-29,9.986274,10.543331,9.952307,10.319149,5.122459,6481159
2001-07-02,10.325943,10.393877,10.196868,10.291976,5.108970,2611070
2001-07-03,10.291976,10.380290,10.203662,10.339529,5.132575,2447823
2001-07-05,10.088174,10.122141,9.857199,9.891166,4.910007,5451775
2001-07-06,9.891166,9.891166,9.469976,9.517530,4.724532,4156250
2001-07-09,9.544704,9.707745,9.469976,9.687365,4.808837,6517960
2001-07-10,9.904753,9.925133,9.605844,9.605844,4.768372,6158934
2001-07-11,9.490357,9.748505,9.334109,9.633018,4.781861,4358800
2001-07-12,9.918340,10.264802,9.884373,10.217249,5.071875,6180278
2001-07-13,9.986274,10.230835,9.952307,10.061001,4.994313,5373022
2001-07-16,10.061001,10.074588,9.660191,9.660191,4.795350,4409143
2001-07-17,9.653398,9.999860,9.558290,9.959100,4.943729,6661629
2001-07-18,9.612637,9.870786,9.558290,9.558290,4.744766,4002424
2001-07-19,9.843612,9.986274,9.843612,9.986274,4.957220,4410910
2001-07-20,9.748505,9.748505,9.476770,9.551497,4.741394,4079558
2001-07-23,9.551497,9.551497,9.103134,9.103134,4.518826,4460811
2001-07-24,9.130307,9.150687,8.933299,8.940092,4.437891,3598501
2001-07-25,9.103134,9.266175,9.001233,9.252588,4.593015,4754038
2001-07-26,9.510737,9.843612,9.395249,9.782472,4.856050,10751049
2001-07-27,10.461810,10.699579,10.196868,10.325943,5.125833,8593509
2001-07-30,10.325943,10.543331,10.325943,10.400670,5.162926,6025275
2001-07-31,10.325943,11.188702,10.325943,11.073215,5.496779,10831569
2001-08-01,11.378917,11.677826,11.351744,11.582719,5.749699,11052666
2001-08-02,11.888421,11.888421,11.446851,11.541958,5.729464,13317076
2001-08-03,11.209083,11.209083,10.903380,11.175116,5.547364,6254763
2001-08-06,11.168322,11.175116,10.699579,10.815066,5.368634,7077180
2001-08-07,10.747132,10.753926,10.421050,10.618058,5.270838,5669634
2001-08-08,10.631645,10.937347,10.414257,10.475397,5.200020,6439501
2001-08-09,10.427843,10.597678,10.244422,10.522951,5.223627,6951323
2001-08-10,10.733546,11.209083,10.495777,10.808273,5.365261,4574893
2001-08-13,10.916967,11.073215,10.719959,10.828653,5.375378,4079705
2001-08-14,10.923760,11.141149,10.876207,10.971314,5.446196,4220725
2001-08-15,10.978107,11.005281,10.672405,10.679199,5.301188,3507972
2001-08-16,10.529744,10.910174,10.427843,10.869413,5.395612,4367043
2001-08-17,10.427843,10.550124,10.088174,10.135728,5.031406,6668695
2001-08-20,10.190075,10.190075,10.027034,10.101761,5.014547,3750708
2001-08-21,10.020240,10.020240,9.340902,9.442803,4.687438,17759045
2001-08-22,9.510737,9.714538,8.423795,8.423795,4.181598,24537552
2001-08-23,8.729498,8.919712,8.253961,8.328688,4.134387,23277650
2001-08-24,8.328688,8.450969,8.043366,8.152060,4.046709,19982385
2001-08-27,8.369448,8.457762,8.226787,8.321895,4.131016,16305277
2001-08-28,8.287928,8.851779,8.253961,8.749878,4.343468,19172037
2001-08-29,8.885745,8.967266,8.464556,8.525696,4.232182,12699121
2001-08-30,8.457762,8.627597,8.328688,8.505316,4.222066,6468500
2001-08-31,8.498523,8.824605,8.498523,8.817812,4.377189,5541716
2001-09-04,8.865365,9.177861,8.593630,8.661564,4.299630,6661923
2001-09-05,8.797431,8.831398,8.355862,8.512109,4.225440,5945933
2001-09-06,8.321895,8.641184,8.253961,8.627597,4.282767,4673518
2001-09-07,8.566456,8.858572,8.566456,8.790638,4.363700,4095897
2001-09-10,8.790638,8.817812,8.525696,8.607217,4.272651,2759303
2001-09-17,7.472722,7.812391,6.956425,7.167019,3.557731,7450190
2001-09-18,6.929251,7.031152,6.623549,6.691483,3.321673,6579343
2001-09-19,6.725450,6.779797,6.175185,6.494474,3.223878,8791348
2001-09-20,6.080078,6.290673,6.066491,6.134425,3.045148,5653442
2001-09-21,5.774376,6.446921,5.699649,6.419747,3.186783,8776039
2001-09-24,6.691483,6.976805,6.691483,6.976805,3.463308,8594392
2001-09-25,6.793383,6.820557,6.114045,6.304260,3.129455,9280501
2001-09-26,6.385780,6.501268,6.277086,6.351813,3.153061,3457482
2001-09-27,6.148012,6.181979,5.917037,6.032524,2.994565,6145097
2001-09-28,6.249913,6.446921,6.127632,6.446921,3.200272,5647554
2001-10-01,6.249913,6.249913,6.120838,6.229533,3.092360,2467106
2001-10-02,6.012144,6.039318,5.930624,6.012144,2.984448,3178387
2001-10-03,5.808343,6.650722,5.740409,6.521648,3.237368,8595717
2001-10-04,6.453714,6.630342,6.263499,6.290673,3.122710,10657723
2001-10-05,6.487681,6.501268,6.134425,6.311053,3.132827,7778304
2001-10-08,6.311053,6.752623,6.229533,6.548822,3.250856,6647939
2001-10-09,6.793383,6.834144,6.480888,6.480888,3.217134,6148924
2001-10-10,6.426541,6.813764,6.392574,6.793383,3.372257,6646026
2001-10-11,7.133053,7.642556,7.099086,7.608589,3.776928,9768476
2001-10-12,7.404788,7.574622,7.200986,7.404788,3.675761,4486719
2001-10-15,7.411581,7.445548,7.139846,7.167019,3.557731,3792955
2001-10-16,7.628970,7.907498,7.479515,7.887118,3.915190,7058780
2001-10-17,8.186027,8.274341,7.812391,8.016192,3.979263,9237371
2001-10-18,7.982225,7.982225,7.608589,7.669730,3.807279,7250584
2001-10-19,7.601796,7.778424,7.513482,7.696903,3.820767,3810325
2001-10-22,7.764837,8.240374,7.683317,8.240374,4.090549,4048204
2001-10-23,8.219994,8.417002,8.097713,8.349068,4.144504,7596657
2001-10-24,8.525696,8.817812,8.491729,8.763465,4.350213,6551375
2001-10-25,8.491729,9.035200,8.247167,9.001233,4.468240,8835656
2001-10-26,9.205034,9.558290,9.191448,9.442803,4.687438,12764038
2001-10-29,9.313729,9.402043,9.035200,9.041993,4.488474,6238865
2001-10-30,8.797431,8.831398,8.518903,8.532489,4.235555,5443090
2001-10-31,8.627597,9.035200,8.627597,8.770258,4.353584,6050888
2001-11-01,8.831398,9.116720,8.593630,9.014820,4.474986,8697728
2001-11-02,9.021613,9.198241,8.912919,9.137101,4.535686,4187310
2001-11-05,9.408836,9.782472,9.381662,9.694158,4.812211,7393959
2001-11-06,9.639811,9.687365,9.340902,9.646604,4.788606,8308673
2001-11-07,9.544704,10.210455,9.544704,9.850406,4.889774,9245172
2001-11-08,10.054207,10.509364,10.020240,10.054207,4.990941,11271556
2001-11-09,9.884373,10.020240,9.700951,9.843612,4.886401,6693278
2001-11-12,9.843612,9.952307,9.551497,9.816439,4.872912,4669102
2001-11-13,10.054207,10.427843,10.054207,10.421050,5.173045,10705858
2001-11-14,10.835446,10.910174,10.298769,10.325943,5.125833,10725731
2001-11-15,10.665612,10.937347,10.461810,10.604471,5.264092,8883644
2001-11-16,10.869413,11.052835,10.781099,11.039248,5.479919,5748682
2001-11-19,11.209083,11.304190,10.903380,10.984901,5.452941,5144712
2001-11-20,10.618058,10.733546,10.332736,10.339529,5.132575,8715687
2001-11-21,10.495777,10.815066,10.468604,10.767513,5.345028,10276323
2001-11-23,10.468604,10.821860,10.332736,10.665612,5.294443,1934824
2001-11-26,11.243049,11.344950,11.120769,11.277016,5.597947,9572403
2001-11-27,11.005281,11.372124,10.950934,11.113975,5.517014,6829587
2001-11-28,10.869413,10.903380,10.387083,10.407463,5.166296,8177369
2001-11-29,10.448224,11.018868,10.393877,10.937347,5.429335,20882231
2001-11-30,10.835446,10.930554,10.570504,10.821860,5.372005,7774329
2001-12-03,11.141149,11.168322,10.869413,11.073215,5.496779,6985326
2001-12-04,11.548752,11.935975,11.412884,11.908801,5.911567,11133775
2001-12-05,12.907428,13.240304,12.703627,12.961775,6.434269,15103520
2001-12-06,12.975362,13.043296,12.798734,12.798734,6.353332,7503772
2001-12-07,12.873461,13.138403,12.696833,12.724007,6.316238,8670054
2001-12-10,12.329991,12.615313,12.085429,12.207710,6.059946,6880371
2001-12-11,12.302817,12.798734,12.302817,12.506619,6.208326,5127784
2001-12-12,12.703627,12.954982,12.513412,12.873461,6.390428,6048385
2001-12-13,12.214503,12.397925,12.092222,12.160156,6.036340,5523316
2001-12-14,12.275644,12.547379,12.234883,12.513412,6.211699,4268712
2001-12-17,12.228090,12.567759,12.228090,12.506619,6.208326,7767853
2001-12-18,12.506619,12.608519,12.194123,12.418305,6.164487,4225729
2001-12-19,12.126189,12.194123,11.854454,11.888421,5.901450,9435063
2001-12-20,11.922388,11.922388,11.399297,11.555545,5.736210,11824594
2001-12-21,11.310983,11.501198,10.828653,11.005281,5.463055,13805345
2001-12-24,10.937347,10.984901,10.774306,10.869413,5.395612,3144089
2001-12-26,10.971314,11.277016,10.937347,11.100388,5.510268,5606338
2001-12-27,11.310983,11.467231,11.175116,11.385710,5.651903,4027448
2001-12-28,11.412884,11.840867,11.372124,11.514785,5.715976,6086658
2001-12-31,11.582719,11.915594,11.582719,11.664239,5.790165,3947518
2002-01-02,11.888421,11.888421,11.732173,11.874834,5.894707,5303837
2002-01-03,11.881627,12.669660,11.868041,12.622106,6.265653,14104459
2002-01-04,12.737594,13.111230,12.737594,13.022916,6.464617,14525163
2002-01-07,13.281064,13.315031,12.805528,12.805528,6.356706,7267660
2002-01-08,12.825908,13.247098,12.656073,13.240304,6.572529,9179373
2002-01-09,13.382965,13.681874,12.907428,13.247098,6.575903,10260867
2002-01-10,13.145197,13.145197,12.635693,12.635693,6.272398,7135620
2002-01-11,12.499825,12.832701,12.486239,12.594933,6.252164,6041172
2002-01-14,12.594933,12.703627,12.370751,12.370751,6.140881,4193787
2002-01-15,12.465858,12.703627,12.228090,12.323197,6.117274,6579049
2002-01-16,11.990322,12.024289,11.752553,11.793313,5.854239,9998700
2002-01-17,12.058255,12.377544,11.915594,12.289230,6.100413,7762553
2002-01-18,12.024289,12.214503,11.861247,11.949561,5.931800,7827764
2002-01-22,12.234883,12.329991,11.949561,12.003908,5.958778,8587621
2002-01-23,12.024289,12.397925,12.024289,12.282437,6.097040,4538681
2002-01-24,12.567759,12.730800,12.363958,12.397925,6.154371,6620707
2002-01-25,12.058255,12.431892,12.058255,12.404718,6.157742,8778689
2002-01-28,12.404718,12.493032,12.323197,12.438685,6.174604,3009988
2002-01-29,12.262057,12.493032,12.024289,12.092222,6.002617,5255408
2002-01-30,12.099016,12.194123,11.616686,12.003908,5.958778,10015628
2002-01-31,12.024289,12.065049,11.453644,11.528372,5.722721,14361621
2002-02-01,11.412884,11.738966,11.378917,11.562338,5.739581,37969004
2002-02-04,11.616686,11.691413,11.419677,11.433264,5.675509,9408567
2002-02-05,11.378917,11.643859,11.277016,11.480818,5.699115,8435561
2002-02-06,11.650652,11.779727,11.514785,11.725380,5.820516,7305491
2002-02-07,11.820487,11.827280,11.283810,11.283810,5.601319,5231855
2002-02-08,11.344950,11.406091,10.937347,11.290603,5.604691,11151439
2002-02-11,11.446851,11.684619,11.378917,11.684619,5.800282,4858993
2002-02-12,11.616686,11.786520,11.480818,11.738966,5.827260,8019568
2002-02-13,11.881627,12.058255,11.800107,11.990322,5.952034,6663395
2002-02-14,12.255264,12.567759,12.228090,12.465858,6.188094,11861689
2002-02-15,12.248470,12.329991,11.854454,12.010702,5.962151,6674141
2002-02-19,11.582719,11.718586,11.290603,11.310983,5.614810,5205506
2002-02-20,11.317777,11.378917,10.767513,11.372124,5.645158,9315682
2002-02-21,11.209083,11.215876,10.842240,10.876207,5.398985,7034050
2002-02-22,10.869413,11.086802,10.801480,10.991694,5.456313,6710059
2002-02-25,10.998488,11.392504,10.998488,11.304190,5.611435,5469881
2002-02-26,11.154735,11.175116,10.869413,11.032455,5.476545,4827786
2002-02-27,11.412884,11.412884,10.978107,11.249843,5.584458,8054749
2002-02-28,11.304190,11.344950,11.018868,11.039248,5.479919,5689654
2002-03-01,11.039248,11.888421,11.039248,11.827280,5.871099,7147101
2002-03-04,12.221297,12.988949,12.092222,12.982156,6.444383,12734744
2002-03-05,12.805528,13.348998,12.785147,13.247098,6.575903,10776957
2002-03-06,13.111230,13.586767,12.941395,13.328618,6.616372,6946023
2002-03-07,13.498453,13.634320,13.111230,13.355792,6.629859,9141542
2002-03-08,13.498453,13.776981,13.450899,13.654701,6.778238,8544049
2002-03-11,13.756601,13.980783,13.484866,13.797362,6.849054,5927238
2002-03-12,13.416932,13.437312,13.199544,13.382965,6.643345,6191466
2002-03-13,13.213131,13.315031,12.832701,12.859875,6.383683,6234007
2002-03-14,12.771561,12.934602,12.683247,12.717214,6.312865,6462170
2002-03-15,12.696833,13.063676,12.493032,12.975362,6.441013,6946023
2002-03-18,13.348998,13.376172,12.907428,13.070470,6.488224,4737698
2002-03-19,13.247098,13.281064,13.043296,13.213131,6.559042,3008368
2002-03-20,13.219924,13.348998,13.016122,13.077263,6.491595,4364541
2002-03-21,13.043296,13.552800,13.036503,13.552800,6.727654,4642164
2002-03-22,13.546006,13.586767,13.267478,13.294651,6.599508,3318082
2002-03-25,13.430519,13.539213,13.172370,13.199544,6.552294,3807528
2002-03-26,13.247098,13.654701,13.179164,13.423725,6.663579,3940305
2002-03-27,13.348998,13.532420,13.281064,13.478073,6.690558,5280432
2002-03-28,13.858502,14.259312,13.824535,14.096270,6.997434,9659988
2002-04-01,13.926436,14.069097,13.824535,13.994370,6.946852,5675817
2002-04-02,13.824535,13.994370,13.607147,13.620734,6.761375,5799172
2002-04-03,13.552800,13.675081,13.274271,13.423725,6.663579,5480627
2002-04-04,13.226717,13.573180,13.206337,13.471279,6.687187,4154925
2002-04-05,13.566387,13.573180,13.389759,13.423725,6.663579,5495053
2002-04-08,13.043296,13.342205,12.975362,13.301445,6.602880,5320766
2002-04-09,13.348998,13.552800,12.975362,13.016122,6.461244,7244549
2002-04-10,13.009329,13.430519,12.472652,12.737594,6.322984,10786820
2002-04-11,12.730800,12.737594,12.296024,12.493032,6.201583,8963280
2002-04-12,12.839495,12.907428,12.635693,12.907428,6.407289,4524697
2002-04-15,13.009329,13.111230,12.907428,13.043296,6.474735,2716614
2002-04-16,13.586767,13.722634,13.382965,13.722634,6.811961,7733260
2002-04-17,14.028337,14.130237,13.872089,13.994370,6.946852,8404796
2002-04-18,13.885676,13.892469,13.382965,13.620734,6.761375,6575369
2002-04-19,13.844915,13.878882,13.328618,13.335412,6.619740,7998518
2002-04-22,13.226717,13.233511,12.948189,13.138403,6.521943,5132200
2002-04-23,13.179164,13.342205,13.077263,13.158784,6.532065,3862729
2002-04-24,13.179164,13.464486,12.934602,12.975362,6.441013,5963155
2002-04-25,12.771561,12.805528,12.445478,12.567759,6.238675,9919652
2002-04-26,12.771561,12.825908,12.058255,12.194123,6.053201,10522297
2002-04-29,12.160156,12.370751,11.976735,12.037875,5.975641,8117457
2002-04-30,11.922388,12.336784,11.895214,12.024289,5.968898,6899066
2002-05-01,12.024289,12.425098,11.834074,12.363958,6.137507,7828058
2002-05-02,11.990322,12.228090,11.603099,11.732173,5.823889,6676938
2002-05-03,11.732173,11.772933,11.154735,11.175116,5.547364,14141996
2002-05-06,10.903380,11.317777,10.883000,10.971314,5.446196,7094698
2002-05-07,11.243049,11.372124,10.937347,11.331363,5.624925,9238695
2002-05-08,11.752553,12.465858,11.752553,12.459065,6.184720,11205021
2002-05-09,12.126189,12.567759,11.956355,11.963148,5.938546,10359050
2002-05-10,12.228090,12.275644,11.718586,12.132983,6.022852,6269483
2002-05-13,12.194123,12.350371,12.119396,12.228090,6.070063,7211134
2002-05-14,12.669660,12.893842,12.547379,12.805528,6.356706,10263663
2002-05-15,12.696833,12.961775,12.465858,12.465858,6.188094,6616732
2002-05-16,12.438685,12.567759,12.296024,12.465858,6.188094,4635982
2002-05-17,12.771561,12.873461,12.547379,12.805528,6.356706,4659828
2002-05-20,12.567759,12.567759,12.302817,12.357164,6.134136,3544037
2002-05-21,12.377544,12.391131,11.949561,12.024289,5.968898,5694659
2002-05-22,12.132983,12.302817,11.800107,11.956355,5.935173,6722718
2002-05-23,12.024289,12.031082,11.677826,11.861247,5.887961,5849663
2002-05-24,11.820487,11.847661,11.677826,11.813694,5.864357,4835735
2002-05-28,12.092222,12.092222,11.650652,11.738966,5.827260,3700660
2002-05-29,11.616686,11.643859,11.385710,11.446851,5.682253,4709288
2002-05-30,11.378917,11.616686,11.317777,11.344950,5.631670,7607697
2002-05-31,11.446851,11.467231,11.127562,11.263430,5.591203,7071587
2002-06-03,11.175116,11.215876,10.509364,10.529744,5.226999,10646830
2002-06-04,10.393877,10.427843,9.918340,10.400670,5.162926,16332951
2002-06-05,10.509364,10.556918,10.156108,10.427843,5.176416,9978091
2002-06-06,10.054207,10.108554,9.666985,9.789265,4.859423,17669252
2002-06-07,9.123514,9.816439,9.069167,9.748505,4.839188,14755681
2002-06-10,9.748505,10.061001,9.619431,9.748505,4.839188,6056776
2002-06-11,9.884373,9.972687,9.510737,9.612637,4.771742,5702902
2002-06-12,9.510737,9.918340,9.374869,9.918340,4.923495,9008471
2002-06-13,9.918340,10.346323,9.884373,10.122141,5.024664,9914059
2002-06-14,9.952307,10.122141,9.612637,9.986274,4.957220,6816486
2002-06-17,9.986274,10.271596,9.986274,10.088174,5.007802,5339019
2002-06-18,10.088174,10.325943,9.904753,9.972687,4.950474,5375083
2002-06-19,9.901356,9.953665,9.370793,9.408157,4.670240,5439116
2002-06-20,9.677175,9.804211,9.355848,9.385738,4.659110,6759652
2002-06-21,9.639811,9.684647,9.206393,9.236284,4.584921,7610346
2002-06-24,9.415629,9.490357,9.071884,9.490357,4.711042,8231940
2002-06-25,9.863993,9.946193,9.497829,9.707065,4.818618,6375589
2002-06-26,9.303538,9.714538,9.266175,9.639811,4.785233,5648143
2002-06-27,9.938720,10.013447,9.527720,9.639811,4.785233,8585894
2002-06-28,9.714538,9.863993,9.542666,9.714538,4.822327,4720101
2002-07-01,9.527720,9.639811,8.944848,9.004630,4.469927,6513156
2002-07-02,8.855175,8.855175,8.085485,8.302194,4.121235,15476021
2002-07-03,8.406812,9.213866,8.376921,9.079357,4.507022,9907100
2002-07-05,9.677175,10.379610,9.677175,10.200265,5.063446,8912014
2002-07-08,10.200265,10.252574,9.901356,10.088174,5.007802,4624018
2002-07-09,10.013447,10.088174,9.639811,9.647284,4.788942,4465040
2002-07-10,9.699593,9.744429,9.355848,9.497829,4.714753,5697656
2002-07-11,9.340902,10.170374,9.266175,10.103120,5.015220,7671101
2002-07-12,10.103120,10.536538,9.931247,10.050811,4.989256,7307512
2002-07-15,9.901356,10.230156,9.826629,10.230156,5.078283,3668141
2002-07-16,9.946193,10.424447,9.938720,10.118065,5.022639,7544239
2002-07-17,10.461810,10.544010,9.901356,9.938720,4.933613,7544641
2002-07-18,9.789265,9.834102,9.012102,9.191448,4.562665,8625104
2002-07-19,8.705721,9.482884,8.369448,8.406812,4.173169,9025092
2002-07-22,8.406812,8.608575,8.152739,8.369448,4.154621,6952353
2002-07-23,8.369448,8.630994,7.883721,8.003285,3.972857,10309095
2002-07-24,7.472722,8.481539,7.472722,8.324612,4.132364,13005971
2002-07-25,6.740395,7.136449,6.239723,6.785231,3.368210,39002925
2002-07-26,6.613359,6.762813,6.351813,6.613359,3.282892,15465450
2002-07-29,6.874904,6.919740,6.635777,6.837540,3.394176,12247211
2002-07-30,6.845013,7.084140,6.777759,6.800177,3.375630,8550700
2002-07-31,6.613359,6.867431,6.561050,6.815122,3.383048,10530701
2002-08-01,6.613359,6.762813,6.575995,6.620831,3.286602,5663265
2002-08-02,6.553577,6.575995,6.135105,6.239723,3.097419,6787487
2002-08-05,5.768941,5.828723,5.268269,5.305632,2.633733,10474229
2002-08-06,5.866087,6.157523,5.836196,6.135105,3.045486,10538061
2002-08-07,6.299504,6.463904,5.978177,6.314450,3.134514,8838814
2002-08-08,6.277086,6.613359,6.127632,6.575995,3.264345,7239932
2002-08-09,6.568522,6.912268,6.314450,6.815122,3.383048,5143106
2002-08-12,6.725450,6.837540,6.523686,6.598413,3.275474,3798884
2002-08-13,6.523686,6.837540,6.493795,6.643250,3.297731,6622754
2002-08-14,6.598413,6.957104,6.456432,6.949631,3.449820,11278622
2002-08-15,7.024358,7.233595,6.845013,7.181286,3.564813,6753497
2002-08-16,7.024358,7.472722,6.994467,7.435358,3.690935,7072657
2002-08-19,7.397994,7.614703,7.256013,7.480194,3.713194,5434165
2002-08-20,7.360631,7.360631,6.919740,6.972049,3.460947,7993607
2002-08-21,7.024358,7.158867,6.912268,7.061722,3.505461,4830502
2002-08-22,7.121504,7.121504,6.837540,6.859959,3.405306,5818763
2002-08-23,6.859959,6.859959,6.351813,6.538631,3.245797,9340773
2002-08-26,6.688086,6.688086,6.501268,6.613359,3.282892,3674030
2002-08-27,6.538631,6.538631,6.239723,6.336868,3.145641,4888982
2002-08-28,6.164995,6.202359,6.082795,6.164995,3.060324,8586162
2002-08-29,6.105214,6.351813,6.097741,6.239723,3.097419,5822243
2002-08-30,6.164995,6.306977,6.105214,6.105214,3.030648,2561450
2002-09-03,5.753996,5.828723,5.686741,5.761468,2.860011,5587790
2002-09-04,5.866087,6.015541,5.716632,5.955759,2.956458,5431622
2002-09-05,5.753996,5.783887,5.612014,5.612014,2.785823,3825514
2002-09-06,5.888505,5.895977,5.716632,5.768941,2.863720,3885867
2002-09-09,5.821250,5.940814,5.761468,5.895977,2.926783,3339346
2002-09-10,6.090268,6.344341,6.015541,6.336868,3.145641,6098581
2002-09-11,6.336868,6.434013,6.090268,6.090268,3.023229,3504613
2002-09-12,5.910923,5.925868,5.753996,5.768941,2.863720,3928288
2002-09-13,5.641905,5.783887,5.619487,5.641905,2.800660,3841037
2002-09-16,5.604541,5.664323,5.410251,5.470032,2.715342,4226439
2002-09-17,5.753996,5.783887,5.320578,5.395305,2.678247,9532002
2002-09-18,5.230905,5.380360,5.163651,5.305632,2.633733,5690162
2002-09-19,5.201014,5.305632,5.156178,5.193542,2.578091,4732011
2002-09-20,5.193542,5.201014,4.946942,4.969360,2.466807,6390175
2002-09-23,4.894633,4.894633,4.745178,4.819905,2.392616,8730822
2002-09-24,4.819905,5.081451,4.782542,4.946942,2.455678,6802475
2002-09-25,4.969360,5.201014,4.782542,5.141233,2.552125,11116699
2002-09-26,5.268269,5.335523,4.909578,4.924524,2.444550,13811701
2002-09-27,4.857269,4.924524,4.730233,4.752651,2.359232,9500555
2002-09-30,4.640560,4.745178,4.550888,4.745178,2.355521,10646188
2002-10-01,4.745178,4.917051,4.633087,4.872215,2.418583,7623862
2002-10-02,4.670451,4.775069,4.580778,4.655506,2.311009,13761251
2002-10-03,4.498578,4.498578,4.296815,4.401433,2.184886,7113606
2002-10-04,4.423851,4.461215,4.281870,4.319233,2.144081,4819663
2002-10-07,4.124942,4.162306,3.997906,4.035270,2.003121,10397818
2002-10-08,4.169779,4.184724,3.975488,4.109997,2.040215,13550618
2002-10-09,4.035270,4.222088,3.982961,3.997906,1.984573,17430463
2002-10-10,3.997906,4.371542,3.968015,4.259451,2.114405,9267975
2002-10-11,4.334179,4.580778,4.259451,4.491106,2.229399,12341956
2002-10-14,4.379015,4.625615,4.356597,4.528469,2.247947,4234869
2002-10-15,5.193542,5.761468,5.178596,5.410251,2.685666,16384392
2002-10-16,5.081451,5.230905,5.051560,5.148705,2.555835,11511468
2002-10-17,5.604541,5.612014,5.402778,5.492450,2.726470,10244326
2002-10-18,5.529814,5.567178,5.395305,5.492450,2.726470,6386428
2002-10-21,5.380360,5.619487,5.268269,5.589596,2.774694,8315310
2002-10-22,5.059033,5.305632,5.044087,5.193542,2.578091,9655652
2002-10-23,5.305632,5.806305,5.298160,5.798832,2.878558,10162027
2002-10-24,5.851141,5.888505,5.612014,5.731578,2.845175,9289788
2002-10-25,5.753996,6.045432,5.731578,5.993123,2.975005,6843290
2002-10-28,6.127632,6.164995,5.985650,6.023014,2.989844,7482281
2002-10-29,5.978177,6.008068,5.649378,5.731578,2.845175,4765064
2002-10-30,5.768941,5.978177,5.664323,5.940814,2.949039,5882596
2002-10-31,5.993123,6.060377,5.791359,5.843668,2.900816,4065052
2002-11-01,5.716632,6.052905,5.634432,6.045432,3.000973,6671197
2002-11-04,6.239723,6.800177,6.127632,6.613359,3.282892,15701107
2002-11-05,6.351813,6.404122,6.194886,6.306977,3.130804,10464996
2002-11-06,6.613359,7.024358,6.613359,6.957104,3.453529,16713321
2002-11-07,6.732922,6.777759,6.605886,6.613359,3.282892,9337294
2002-11-08,6.538631,6.665668,6.426541,6.486322,3.219831,5547376
2002-11-11,6.142577,6.142577,5.828723,5.851141,2.904525,6435540
2002-11-12,5.978177,6.217304,5.955759,6.127632,3.041777,4933276
2002-11-13,6.052905,6.052905,5.768941,5.866087,2.911945,7271246
2002-11-14,6.127632,6.292032,5.903450,6.277086,3.115966,9378377
2002-11-15,6.277086,6.419068,6.008068,6.381704,3.167899,8803887
2002-11-18,6.463904,6.516213,6.262141,6.262141,3.108546,10527222
2002-11-19,6.142577,6.194886,5.948286,5.978177,2.967586,10154935
2002-11-20,5.948286,6.232250,5.948286,6.217304,3.086289,10553718
2002-11-21,6.561050,6.815122,6.493795,6.575995,3.264345,24130298
2002-11-22,6.800177,6.889849,6.650722,6.710504,3.331116,16084635
2002-11-25,6.717977,6.889849,6.575995,6.620831,3.286602,16521022
2002-11-26,6.501268,6.650722,6.314450,6.351813,3.153061,11955751
2002-11-27,6.478850,6.822595,6.478850,6.792704,3.371920,12530642
2002-11-29,6.986995,7.091613,6.807649,6.912268,3.431272,7278071
2002-12-02,7.173813,7.248540,6.949631,7.054249,3.501752,11634851
2002-12-03,6.986995,7.009413,6.770286,6.830068,3.390469,9781309
2002-12-04,6.538631,6.725450,6.411595,6.710504,3.331116,13286458
2002-12-05,6.912268,6.912268,6.448959,6.478850,3.216122,7593351
2002-12-06,6.389177,6.643250,6.314450,6.575995,3.264345,3953713
2002-12-09,6.575995,6.575995,6.292032,6.314450,3.134514,5634359
2002-12-10,6.314450,6.493795,6.262141,6.389177,3.171608,6232803
2002-12-11,6.351813,6.381704,6.164995,6.277086,3.115966,5480065
2002-12-12,6.239723,6.239723,5.978177,6.037959,2.997263,7773339
2002-12-13,5.978177,5.985650,5.709159,5.753996,2.856303,9922757
2002-12-16,5.903450,5.933341,5.798832,5.933341,2.945330,6664372
2002-12-17,5.933341,6.015541,5.798832,5.813777,2.885979,4704176
2002-12-18,5.813777,5.813777,5.447614,5.492450,2.726470,12773258
2002-12-19,5.387832,5.574650,5.380360,5.484978,2.722761,5796817
2002-12-20,5.492450,5.701687,5.492450,5.559705,2.759856,4821135
2002-12-23,5.499923,5.589596,5.477505,5.567178,2.763565,3328372
2002-12-24,5.529814,5.559705,5.492450,5.514869,2.737598,754477
2002-12-26,5.567178,5.641905,5.499923,5.544759,2.752436,1617617
2002-12-27,5.507396,5.552232,5.410251,5.417723,2.689375,3161097
2002-12-30,5.305632,5.342996,5.201014,5.223432,2.592929,4800661
2002-12-31,5.283214,5.372887,5.223432,5.268269,2.615185,3080270
2003-01-02,5.342996,5.470032,5.260796,5.440141,2.700503,6774506
2003-01-03,5.447614,5.612014,5.447614,5.567178,2.763565,5766574
2003-01-06,5.589596,5.791359,5.559705,5.716632,2.837754,7918400
2003-01-07,5.776414,5.836196,5.679268,5.739050,2.848883,7438789
2003-01-08,5.679268,5.686741,5.477505,5.492450,2.726470,5619907
2003-01-09,5.589596,5.791359,5.582123,5.791359,2.874850,5988180
2003-01-10,5.798832,6.067850,5.649378,5.978177,2.967586,12429073
2003-01-13,6.299504,6.329395,6.135105,6.202359,3.078871,8989496
2003-01-14,6.239723,6.247195,6.090268,6.179941,3.067742,6153849
2003-01-15,6.202359,6.426541,6.067850,6.396650,3.175318,8745140
2003-01-16,6.262141,6.404122,6.023014,6.052905,3.004681,7566587
2003-01-17,5.903450,5.903450,5.649378,5.671796,2.815498,8409386
2003-01-21,5.739050,5.873559,5.626959,5.641905,2.800660,4390904
2003-01-22,5.567178,5.776414,5.514869,5.679268,2.819207,4535697
2003-01-23,6.015541,6.135105,5.940814,6.127632,3.041777,8294301
2003-01-24,6.127632,6.127632,5.739050,5.783887,2.871140,3681256
2003-01-27,5.649378,5.791359,5.582123,5.597069,2.778403,7480809
2003-01-28,5.380360,5.978177,5.260796,5.342996,2.652281,15055425
2003-01-29,5.268269,5.402778,5.156178,5.380360,2.670829,10043061
2003-01-30,5.440141,5.440141,5.088923,5.118814,2.540996,5942681
2003-01-31,5.006724,5.096396,4.931996,5.006724,2.485354,7499677
2003-02-03,5.014196,5.215960,5.014196,5.141233,2.552125,4204492
2003-02-04,5.148705,5.148705,5.029142,5.081451,2.522449,3803969
2003-02-05,5.193542,5.365414,5.133760,5.320578,2.641152,8189787
2003-02-06,5.044087,5.163651,5.006724,5.073978,2.518739,6627304
2003-02-07,5.073978,5.118814,4.946942,4.991778,2.477935,4853252
2003-02-10,4.931996,4.969360,4.775069,4.834851,2.400036,5088775
2003-02-11,4.834851,4.902105,4.812433,4.834851,2.400036,8853267
2003-02-12,4.842324,4.946942,4.812433,4.864742,2.414873,4328008
2003-02-13,4.819905,4.857269,4.752651,4.782542,2.374069,5423861
2003-02-14,4.834851,5.178596,4.834851,5.118814,2.540996,8277305
2003-02-18,5.156178,5.350469,5.156178,5.283214,2.622604,8318923
2003-02-19,5.260796,5.290687,5.171123,5.215960,2.589220,3594674
2003-02-20,5.455087,5.567178,5.440141,5.537287,2.748727,10634679
2003-02-21,5.529814,5.634432,5.395305,5.582123,2.770983,5122498
2003-02-24,5.604541,5.701687,5.432669,5.432669,2.696795,5506963
2003-02-25,5.230905,5.410251,5.201014,5.380360,2.670829,5296196
2003-02-26,5.357941,5.440141,5.238378,5.275742,2.618896,2519564
2003-02-27,5.283214,5.357941,5.178596,5.223432,2.592929,5437109
2003-02-28,5.253323,5.350469,5.223432,5.298160,2.630024,2967995
2003-03-03,5.440141,5.522341,5.387832,5.432669,2.696795,6173253
2003-03-04,5.305632,5.342996,5.193542,5.215960,2.589220,4899420
2003-03-05,5.193542,5.201014,5.021669,5.059033,2.511320,6532827
2003-03-06,5.059033,5.111342,4.931996,5.111342,2.537287,6312693
2003-03-07,5.051560,5.245851,4.999251,5.201014,2.581800,5760819
2003-03-10,5.156178,5.215960,5.118814,5.126287,2.544706,3669881
2003-03-11,5.156178,5.290687,5.156178,5.238378,2.600348,3405185
2003-03-12,5.283214,5.395305,5.283214,5.357941,2.659699,5703946
2003-03-13,5.492450,5.768941,5.470032,5.768941,2.863720,10761942
2003-03-14,5.768941,5.910923,5.746523,5.753996,2.856303,6179944
2003-03-17,5.529814,5.910923,5.514869,5.881032,2.919363,8454751
2003-03-18,6.052905,6.157523,5.940814,6.135105,3.045486,11964717
2003-03-19,6.150050,6.157523,5.993123,6.120159,3.038066,6167231
2003-03-20,6.120159,6.277086,6.090268,6.209832,3.082580,8216953
2003-03-21,6.299504,6.359286,6.217304,6.344341,3.149351,8681843
2003-03-24,5.978177,6.127632,5.940814,5.940814,2.949039,5893569
2003-03-25,5.903450,6.112686,5.903450,6.045432,3.000973,7968181
2003-03-26,5.641905,5.821250,5.641905,5.664323,2.811787,16098285
2003-03-27,5.612014,5.753996,5.544759,5.716632,2.837754,6359396
2003-03-28,5.656850,5.753996,5.477505,5.529814,2.745017,8037098
2003-03-31,5.230905,5.230905,5.073978,5.111342,2.537287,13036616
2003-04-01,5.193542,5.230905,5.133760,5.156178,2.559544,6138460
2003-04-02,5.492450,5.597069,5.081451,5.574650,2.767275,10754315
2003-04-03,5.604541,5.866087,5.470032,5.604541,2.782112,6561197
2003-04-04,5.686741,5.686741,5.567178,5.597069,2.778403,4622412
2003-04-07,5.828723,5.948286,5.753996,5.791359,2.874850,11147478
2003-04-08,5.709159,5.806305,5.649378,5.694214,2.826627,6419883
2003-04-09,5.567178,5.724105,5.552232,5.634432,2.796950,4277424
2003-04-10,5.574650,5.664323,5.492450,5.574650,2.767275,5368860
2003-04-11,5.641905,5.709159,5.514869,5.514869,2.737598,2922898
2003-04-14,5.552232,5.649378,5.470032,5.649378,2.804370,3989176
2003-04-15,5.641905,5.694214,5.499923,5.522341,2.741308,7717938
2003-04-16,5.753996,5.813777,5.664323,5.761468,2.860011,11480422
2003-04-17,5.739050,5.933341,5.701687,5.843668,2.900816,8085809
2003-04-21,5.978177,5.985650,5.866087,5.948286,2.952748,5418775
2003-04-22,5.948286,6.135105,5.791359,6.112686,3.034357,14139694
2003-04-23,6.120159,6.164995,5.993123,6.164995,3.060324,6224506
2003-04-24,5.903450,5.918396,5.761468,5.783887,2.871140,8249739
2003-04-25,5.604541,5.701687,5.462560,5.664323,2.811787,8574252
2003-04-28,5.604541,5.813777,5.544759,5.746523,2.852592,9172294
2003-04-29,6.015541,6.434013,6.015541,6.426541,3.190155,26193134
2003-04-30,5.387832,6.284559,5.387832,6.254668,3.104837,23862792
2003-05-01,6.262141,6.404122,6.194886,6.359286,3.156770,10441042
2003-05-02,6.381704,6.688086,6.336868,6.620831,3.286602,11817515
2003-05-05,6.620831,6.695559,6.434013,6.583468,3.268055,6334907
2003-05-06,6.583468,6.583468,6.381704,6.501268,3.227250,11487247
2003-05-07,6.389177,6.456432,6.306977,6.381704,3.167899,7076137
2003-05-08,6.239723,6.381704,6.120159,6.150050,3.052905,7952524
2003-05-09,6.389177,6.575995,6.284559,6.523686,3.238379,11476809
2003-05-12,6.411595,6.658195,6.389177,6.650722,3.301440,8373254
2003-05-13,6.650722,6.717977,6.501268,6.703031,3.327406,9598377
2003-05-14,6.695559,6.777759,6.516213,6.747868,3.349663,13936555
2003-05-15,6.703031,6.874904,6.688086,6.874904,3.412724,10181832
2003-05-16,6.874904,6.874904,6.613359,6.688086,3.319987,6259701
2003-05-19,6.463904,6.546104,6.321923,6.351813,3.153061,7477195
2003-05-20,6.411595,6.441486,6.254668,6.329395,3.141933,7852561
2003-05-21,6.202359,6.329395,6.202359,6.292032,3.123384,7242475
2003-05-22,6.351813,6.546104,6.314450,6.523686,3.238379,7810140
2003-05-23,6.575995,6.583468,6.404122,6.456432,3.204994,5463337
2003-05-27,6.493795,6.852486,6.463904,6.815122,3.383048,9041953
2003-05-28,6.762813,7.136449,6.762813,7.076667,3.512880,12564498
2003-05-29,7.114031,7.345685,7.091613,7.248540,3.598199,10365434
2003-05-30,7.435358,7.607231,7.338213,7.577340,3.761416,19148713
2003-06-02,7.808994,7.921085,7.607231,7.607231,3.776254,14051774
2003-06-03,7.001940,7.383049,7.001940,7.128976,3.538846,17480110
2003-06-04,7.173813,7.614703,7.151395,7.554922,3.750289,13585278
2003-06-05,7.554922,7.921085,7.472722,7.898667,3.920923,12547503
2003-06-06,8.145267,8.384394,7.928558,7.950976,3.946890,17860159
2003-06-09,7.883721,7.883721,7.592285,7.659540,3.802221,11761444
2003-06-10,7.786576,7.823940,7.547449,7.764158,3.854154,6271878
2003-06-11,7.472722,7.644594,7.368104,7.614703,3.779963,12232357
2003-06-12,7.846358,7.883721,7.719322,7.749212,3.846733,8607440
2003-06-13,7.756685,7.756685,7.457776,7.472722,3.709483,6208447
2003-06-16,7.450304,7.637122,7.397994,7.592285,3.768835,6366623
2003-06-17,7.592285,7.943503,7.547449,7.921085,3.932053,8663510
2003-06-18,7.734267,8.033176,7.659540,7.965921,3.954309,9066844
2003-06-19,7.965921,8.122848,7.846358,7.958449,3.950600,6816793
2003-06-20,7.995812,8.025703,7.823940,7.853830,3.898666,5172413
2003-06-23,7.779103,7.808994,7.517558,7.569867,3.757707,7463278
2003-06-24,7.517558,7.607231,7.435358,7.450304,3.698354,6363679
2003-06-25,7.495140,7.659540,7.472722,7.487667,3.716901,6365285
2003-06-26,7.465249,7.577340,7.435358,7.487667,3.716901,7810943
2003-06-27,7.487667,7.525031,7.397994,7.442831,3.694645,5124907
2003-06-30,7.584813,7.614703,7.510085,7.532503,3.739158,5367121
2003-07-01,7.532503,7.771631,7.532503,7.771631,3.857862,6211124
2003-07-02,7.973394,8.182630,7.898667,8.175158,4.058175,11385009
2003-07-03,8.130321,8.175158,8.040649,8.092958,4.017371,5881124
2003-07-07,8.813029,8.934087,8.780747,8.917946,4.426896,18337932
2003-07-08,8.635477,8.691971,8.417573,8.449855,4.194536,25415897
2003-07-09,8.538631,8.627407,8.417573,8.570913,4.254630,39266149
2003-07-10,8.231950,8.248091,8.070539,8.070539,4.006242,24926215
2003-07-11,8.199668,8.264232,8.143174,8.159315,4.050310,7818808
2003-07-14,8.457925,8.619336,8.377220,8.377220,4.158478,13606030
2003-07-15,8.393361,8.409502,8.191598,8.344938,4.142455,11370492
2003-07-16,8.474066,8.474066,8.256162,8.409502,4.174503,9288846
2003-07-17,8.070539,8.135104,7.925270,8.005975,3.974191,8975608
2003-07-18,8.062469,8.070539,7.852635,7.957552,3.950154,8649112
2003-07-21,7.909129,7.933340,7.658942,7.739647,3.841985,12761972
2003-07-22,7.949481,7.973693,7.796141,7.973693,3.958167,8593230
2003-07-23,8.030187,8.175456,7.957552,8.127033,4.034286,7295051
2003-07-24,8.474066,8.474066,7.909129,7.957552,3.950154,17728307
2003-07-25,7.909129,7.957552,7.747718,7.949481,3.946148,7486612
2003-07-28,7.949481,8.151245,7.473320,8.014046,3.978199,9321682
2003-07-29,7.263485,7.949481,7.263485,7.804212,3.874036,8486050
2003-07-30,7.747718,7.747718,7.610519,7.650871,3.797917,9137679
2003-07-31,7.949481,8.151245,7.642801,8.070539,4.006242,15780482
2003-08-01,8.151245,8.159315,8.062469,8.151245,4.046304,7183411
2003-08-04,8.183527,8.223880,8.046328,8.175456,4.058323,7798487
2003-08-05,7.981763,8.118963,7.957552,7.997905,3.970186,9790300
2003-08-06,7.997905,8.070539,7.909129,8.070539,4.006242,8345663
2003-08-07,8.062469,8.078610,7.989834,8.070539,4.006242,8988619
2003-08-08,8.054398,8.062469,7.521743,7.618589,3.781892,12824917
2003-08-11,7.667012,7.739647,7.634730,7.683154,3.813943,6352611
2003-08-12,7.747718,7.828423,7.650871,7.812282,3.878042,6619632
2003-08-13,7.949481,8.159315,7.917199,8.078610,4.010249,8333892
2003-08-14,8.110892,8.312656,8.054398,8.199668,4.070342,8762983
2003-08-15,8.433714,8.433714,8.151245,8.272303,4.106398,5087764
2003-08-18,8.231950,8.651618,8.231950,8.643548,4.290684,10127948
2003-08-19,8.643548,8.804959,8.611266,8.788817,4.362797,11548794
2003-08-20,8.716183,8.837241,8.595124,8.837241,4.386835,7049219
2003-08-21,8.917946,9.281120,8.901805,9.208485,4.571122,11941209
2003-08-22,9.490954,9.660436,9.240768,9.248838,4.591153,17250520
2003-08-25,9.248838,9.394108,9.087427,9.240768,4.587148,6080634
2003-08-26,9.256909,9.273050,9.022863,9.248838,4.591153,10082474
2003-08-27,9.248838,9.603942,9.216556,9.523237,4.727365,10115309
2003-08-28,9.620083,9.644295,9.377967,9.442531,4.687303,6703269
2003-08-29,9.523237,9.571660,9.482884,9.507095,4.719353,4077051
2003-09-02,9.507095,9.773423,9.507095,9.773423,4.851559,6775384
2003-09-03,9.765353,9.765353,9.482884,9.490954,4.711341,5746456
2003-09-04,9.499025,9.692718,9.474813,9.603942,4.767428,7172879
2003-09-05,9.684647,10.128527,9.660436,9.918693,4.923672,8757903
2003-09-08,10.209232,10.435207,10.088174,10.427137,5.176064,6580725
2003-09-09,10.354502,10.362573,9.975187,10.072033,4.999788,9345100
2003-09-10,8.926017,9.902552,8.926017,9.499025,4.715347,11042880
2003-09-11,9.482884,9.926763,9.458672,9.829917,4.879601,8915265
2003-09-12,9.708859,9.797635,9.547448,9.725000,4.827522,6267363
2003-09-15,9.442531,9.466743,9.087427,9.119710,4.527053,21677114
2003-09-16,9.240768,9.539378,9.103568,9.442531,4.687303,18842978
2003-09-17,9.442531,9.547448,9.369896,9.410249,4.671278,6478501
2003-09-18,9.410249,9.523237,9.184274,9.458672,4.695315,8324475
2003-09-19,9.458672,9.458672,9.240768,9.345685,4.639228,6770675
2003-09-22,9.160062,9.168133,8.990581,9.039004,4.486991,5682520
2003-09-23,9.103568,9.200415,9.079357,9.111639,4.523047,4681967
2003-09-24,9.111639,9.176203,8.804959,8.837241,4.386835,6491388
2003-09-25,8.877593,8.966369,8.683900,8.748465,4.342767,5599006
2003-09-26,8.748465,8.893734,8.683900,8.756535,4.346771,5563445
2003-09-29,8.893734,8.958299,8.724253,8.901805,4.418884,6533764
2003-09-30,8.280373,8.796888,8.280373,8.740394,4.338759,9584489
2003-10-01,8.764606,8.958299,8.756535,8.877593,4.406865,6996682
2003-10-02,9.039004,9.184274,8.998651,9.176203,4.555096,7972949
2003-10-03,10.088174,10.088174,9.482884,9.660436,4.795473,11973921
2003-10-06,9.757282,9.757282,9.636224,9.668506,4.799476,4891495
2003-10-07,9.079357,9.563589,9.079357,9.490954,4.711341,6220278
2003-10-08,9.079357,9.329544,9.079357,9.248838,4.591153,8941286
2003-10-09,9.361826,9.450602,9.103568,9.160062,4.547085,9095055
2003-10-10,9.200415,9.555519,9.192344,9.474813,4.703328,8193876
2003-10-13,9.523237,9.846058,9.482884,9.571660,4.751403,6217924
2003-10-14,9.361826,9.442531,9.248838,9.386037,4.659259,6003068
2003-10-15,9.547448,9.603942,9.192344,9.216556,4.575128,8396960
2003-10-16,9.264979,9.426390,9.240768,9.305332,4.619197,8647749
2003-10-17,9.240768,9.273050,8.934087,8.966369,4.450934,7882001
2003-10-20,9.039004,9.127780,8.942158,9.014793,4.474972,8919478
2003-10-21,8.958299,8.966369,8.813029,8.950228,4.442922,10945985
2003-10-22,8.780747,8.788817,8.546701,8.643548,4.290684,8332529
2003-10-23,8.490207,8.683900,8.425643,8.474066,4.206553,8298950
2003-10-24,8.457925,8.474066,8.344938,8.465996,4.202548,7851520
2003-10-27,8.538631,8.683900,8.409502,8.425643,4.182517,10153349
2003-10-28,8.990581,9.369896,8.982510,9.329544,4.631216,17848497
2003-10-29,9.305332,9.402178,9.216556,9.386037,4.659259,14081587
2003-10-30,9.515166,9.595871,9.151992,9.160062,4.547085,10996043
2003-10-31,9.119710,9.135851,8.845311,8.926017,4.430903,8360903
2003-11-03,9.119710,9.281120,9.079357,9.256909,4.595160,10820590
2003-11-04,9.208485,9.297261,9.079357,9.216556,4.575128,9054166
2003-11-05,9.216556,9.394108,9.216556,9.394108,4.663266,8465110
2003-11-06,9.402178,9.426390,9.176203,9.184274,4.559103,9490939
2003-11-07,8.893734,9.474813,8.893734,9.216556,4.575128,6241962
2003-11-10,8.958299,8.958299,8.651618,8.691971,4.314722,22944811
2003-11-11,8.474066,8.748465,8.457925,8.570913,4.254630,33142023
2003-11-12,8.691971,9.014793,8.683900,8.877593,4.406865,18950530
2003-11-13,8.885664,8.958299,8.813029,8.861452,4.398854,9327877
2003-11-14,8.861452,8.942158,8.724253,8.780747,4.358790,7894392
2003-11-17,8.780747,8.780747,8.425643,8.595124,4.266648,13086734
2003-11-18,8.756535,8.821100,8.603195,8.619336,4.278666,6933489
2003-11-19,8.619336,8.708112,8.554772,8.635477,4.286677,7660702
2003-11-20,8.530560,8.651618,8.474066,8.490207,4.214567,7548690
2003-11-21,8.546701,8.667759,8.530560,8.635477,4.286677,4992603
2003-11-24,9.273050,9.273050,8.611266,8.788817,4.362797,7166559
2003-11-25,8.813029,8.934087,8.796888,8.821100,4.378822,10683796
2003-11-26,8.877593,8.917946,8.724253,8.813029,4.374816,8826919
2003-11-28,8.635477,8.780747,8.635477,8.772676,4.354785,2243964
2003-12-01,8.877593,8.966369,8.796888,8.942158,4.438916,9545954
2003-12-02,9.055145,9.240768,9.006722,9.119710,4.527053,13989399
2003-12-03,9.224627,9.281120,8.974440,9.039004,4.486991,8877721
2003-12-04,9.160062,9.168133,8.893734,8.990581,4.462953,7697007
2003-12-05,8.756535,8.845311,8.683900,8.708112,4.322736,4911568
2003-12-08,8.635477,8.740394,8.482137,8.522490,4.230591,7338295
2003-12-09,8.474066,8.514419,8.102822,8.167386,4.054317,17812192
2003-12-10,8.070539,8.143174,7.860705,7.949481,3.946148,19013723
2003-12-11,8.110892,8.353008,8.102822,8.353008,4.146460,14730738
2003-12-12,8.353008,8.393361,8.110892,8.151245,4.046304,8072075
2003-12-15,8.353008,8.433714,7.989834,8.038257,3.990215,9213263
2003-12-16,8.110892,8.110892,7.788071,7.909129,3.926117,14622690
2003-12-17,7.780000,8.038257,7.586307,7.626660,3.785898,16801479
2003-12-18,7.747718,7.949481,7.715436,7.892988,3.918104,11842331
2003-12-19,7.909129,8.005975,7.828423,7.989834,3.966179,13948758
2003-12-22,8.030187,8.151245,8.014046,8.062469,4.002234,8682443
2003-12-23,8.151245,8.151245,7.933340,8.030187,3.986211,5199405
2003-12-24,8.030187,8.062469,7.909129,7.973693,3.958167,2566247
2003-12-26,8.070539,8.070539,7.949481,7.965622,3.954159,1123469
2003-12-29,8.054398,8.110892,7.997905,8.086680,4.014254,5302991
2003-12-30,8.159315,8.264232,8.135104,8.167386,4.054317,6053994
2003-12-31,8.207739,8.296515,8.175456,8.264232,4.102392,4991860
2004-01-02,8.457925,8.683900,8.393361,8.619336,4.278666,10085323
2004-01-05,8.716183,8.837241,8.683900,8.804959,4.370810,8401173
2004-01-06,8.796888,8.813029,8.643548,8.813029,4.374816,7615352
2004-01-07,8.748465,8.756535,8.474066,8.724253,4.330747,10438088
2004-01-08,8.958299,9.039004,8.813029,9.039004,4.486991,10189530
2004-01-09,9.119710,9.240768,9.039004,9.160062,4.547085,10287045
2004-01-12,9.240768,9.240768,9.006722,9.022863,4.478979,7368776
2004-01-13,8.958299,8.982510,8.643548,8.667759,4.302703,14175880
2004-01-14,8.756535,8.901805,8.716183,8.788817,4.362797,7003497
2004-01-15,8.788817,8.966369,8.716183,8.877593,4.406865,7373237
2004-01-16,8.974440,9.168133,8.885664,9.151992,4.543079,12189768
2004-01-20,9.361826,9.410249,9.281120,9.386037,4.659259,11065803
2004-01-21,9.418320,9.418320,9.216556,9.264979,4.599165,8123373
2004-01-22,9.281120,9.321473,8.998651,9.151992,4.543079,7740003
2004-01-23,9.151992,9.184274,8.877593,8.877593,4.406865,5412525
2004-01-26,8.901805,9.256909,8.901805,9.240768,4.587148,6734866
2004-01-27,9.329544,9.353755,9.079357,9.103568,4.519041,7357749
2004-01-28,9.240768,9.361826,9.022863,9.039004,4.486991,9500356
2004-01-29,9.103568,9.208485,8.659689,8.845311,4.390841,16148239
2004-01-30,8.901805,9.022863,8.845311,9.022863,4.478979,9213015
2004-02-02,8.998651,9.014793,8.796888,8.813029,4.374816,5696026
2004-02-03,8.716183,8.780747,8.627407,8.635477,4.286677,6550615
2004-02-04,8.546701,8.554772,8.328797,8.328797,4.134441,8244430
2004-02-05,8.474066,8.619336,8.425643,8.595124,4.266648,5122210
2004-02-06,8.675830,8.998651,8.651618,8.926017,4.430903,7061981
2004-02-09,9.039004,9.071286,8.780747,8.829170,4.382829,4830284
2004-02-10,8.853382,8.958299,8.813029,8.901805,4.418884,3198299
2004-02-11,8.877593,8.926017,8.756535,8.861452,4.398854,5220469
2004-02-12,8.861452,8.958299,8.780747,8.788817,4.362797,3237826
2004-02-13,8.837241,8.877593,8.546701,8.578983,4.258636,6562139
2004-02-17,8.716183,8.732324,8.603195,8.708112,4.322736,4597586
2004-02-18,8.740394,8.788817,8.554772,8.587054,4.262641,6457933
2004-02-19,8.716183,8.740394,8.474066,8.498278,4.218573,6404157
2004-02-20,8.490207,8.562842,8.401432,8.401432,4.170498,5979650
2004-02-23,8.482137,8.522490,8.231950,8.312656,4.126430,11395025
2004-02-24,8.296515,8.417573,8.240021,8.401432,4.170498,5851158
2004-02-25,8.433714,8.611266,8.369149,8.538631,4.238605,5107341
2004-02-26,8.433714,8.562842,8.377220,8.465996,4.202548,5210928
2004-02-27,8.474066,8.506349,8.353008,8.385290,4.162485,5929467
2004-03-01,8.530560,8.804959,8.514419,8.788817,4.362797,8818122
2004-03-02,8.917946,9.135851,8.869523,9.039004,4.486991,12933336
2004-03-03,8.958299,9.014793,8.813029,8.877593,4.406865,8043824
2004-03-04,8.877593,9.119710,8.877593,9.095498,4.515037,6349390
2004-03-05,8.958299,9.135851,8.861452,9.039004,4.486991,7724143
2004-03-08,9.006722,9.055145,8.635477,8.700041,4.318727,8883173
2004-03-09,8.716183,8.780747,8.538631,8.611266,4.274660,8472668
2004-03-10,8.490207,8.546701,8.328797,8.393361,4.166491,7770360
2004-03-11,8.312656,8.377220,8.143174,8.199668,4.070342,17031328
2004-03-12,8.256162,8.587054,8.256162,8.506349,4.222579,8875863
2004-03-15,8.199668,8.312656,8.183527,8.272303,4.106398,10049019
2004-03-16,8.353008,8.425643,8.191598,8.248091,4.094379,4202817
2004-03-17,8.393361,8.433714,8.167386,8.296515,4.118417,9110172
2004-03-18,8.377220,8.449855,8.248091,8.377220,4.158478,7052441
2004-03-19,8.353008,8.353008,8.143174,8.215809,4.078354,9878398
2004-03-22,7.586307,7.747718,7.473320,7.505602,3.725805,19851957
2004-03-23,7.763859,8.030187,7.707365,7.989834,3.966179,21177767
2004-03-24,8.014046,8.328797,8.005975,8.272303,4.106398,13472458
2004-03-25,8.272303,8.393361,8.223880,8.296515,4.118417,14776336
2004-03-26,8.215809,8.215809,7.981763,8.054398,3.998229,12936806
2004-03-29,8.514419,8.643548,8.353008,8.385290,4.162485,11293917
2004-03-30,8.272303,8.465996,8.256162,8.449855,4.194536,6203798
2004-03-31,8.457925,8.457925,8.304585,8.425643,4.182517,4668585
2004-04-01,8.538631,8.538631,8.296515,8.328797,4.134441,8456188
2004-04-02,8.514419,8.554772,8.353008,8.498278,4.218573,8163147
2004-04-05,8.578983,8.732324,8.578983,8.732324,4.334753,5702965
2004-04-06,8.716183,8.821100,8.635477,8.683900,4.310716,5934176
2004-04-07,8.756535,8.756535,8.449855,8.578983,4.258636,5401374
2004-04-08,8.675830,8.675830,8.425643,8.457925,4.198542,3978668
2004-04-12,8.514419,8.635477,8.490207,8.603195,4.270654,2955193
2004-04-13,8.611266,8.635477,8.530560,8.562842,4.250622,5714240
2004-04-14,8.635477,8.756535,8.538631,8.675830,4.306708,8080377
2004-04-15,8.554772,8.611266,8.336867,8.449855,4.194536,6511461
2004-04-16,8.328797,8.409502,8.256162,8.336867,4.138447,4995577
2004-04-19,8.191598,8.393361,8.183527,8.336867,4.138447,5085905
2004-04-20,8.538631,8.603195,8.264232,8.272303,4.106398,6717395
2004-04-21,8.393361,8.530560,8.385290,8.498278,4.218573,7330117
2004-04-22,8.611266,8.764606,8.498278,8.724253,4.330747,9601465
2004-04-23,8.861452,9.103568,8.813029,9.079357,4.507022,10743024
2004-04-26,9.039004,9.087427,8.813029,8.829170,4.382829,5898367
2004-04-27,8.853382,8.877593,8.603195,8.611266,4.274660,5490711
2004-04-28,8.554772,8.554772,8.231950,8.272303,4.106398,10570421
2004-04-29,8.215809,8.231950,7.901058,8.038257,3.990215,10805102
2004-04-30,7.949481,8.005975,7.667012,7.691224,3.817948,12065117
2004-05-03,7.949481,7.973693,7.715436,7.747718,3.845993,8593230
2004-05-04,7.884917,8.030187,7.828423,7.973693,3.958167,6642183
2004-05-05,7.707365,7.868776,7.626660,7.788071,3.866024,11484362
2004-05-06,7.763859,7.771929,7.618589,7.626660,3.785898,15055623
2004-05-07,7.650871,7.876846,7.650871,7.723506,3.833973,10973368
2004-05-10,7.586307,7.618589,7.416826,7.554025,3.749843,11057501
2004-05-11,7.796141,7.909129,7.642801,7.909129,3.926117,10452709
2004-05-12,7.901058,7.957552,7.626660,7.820353,3.882048,10892085
2004-05-13,7.788071,7.876846,7.715436,7.796141,3.870030,6698685
2004-05-14,7.650871,7.699295,7.562095,7.602448,3.773880,6826186
2004-05-17,7.174710,7.416826,7.142427,7.247344,3.597605,10994928
2004-05-18,7.319979,7.416826,7.311909,7.392614,3.669717,8551473
2004-05-19,7.658942,7.796141,7.529813,7.562095,3.753848,12926150
2004-05-20,7.570166,7.626660,7.497531,7.505602,3.725805,5249215
2004-05-21,7.586307,7.667012,7.554025,7.586307,3.765868,6039125
2004-05-24,7.586307,7.667012,7.554025,7.586307,3.765868,6817140
2004-05-25,7.586307,7.723506,7.489461,7.715436,3.829967,10111096
2004-05-26,7.763859,7.941411,7.755788,7.941411,3.942141,9015135
2004-05-27,7.949481,8.183527,7.949481,8.102822,4.022267,9024180
2004-05-28,8.102822,8.191598,8.022116,8.191598,4.066336,5143027
2004-06-01,8.054398,8.062469,7.989834,8.022116,3.982204,7302610
2004-06-02,7.820353,7.973693,7.763859,7.844564,3.894066,5533087
2004-06-03,7.570166,7.626660,7.505602,7.505602,3.725805,9522660
2004-06-04,7.602448,7.691224,7.513672,7.537884,3.741829,9446209
2004-06-07,7.723506,7.820353,7.634730,7.820353,3.882048,9788441
2004-06-08,7.828423,7.868776,7.731577,7.796141,3.870030,6960873
2004-06-09,7.747718,7.747718,7.449108,7.457178,3.701766,15014362
2004-06-10,7.457178,7.465249,7.287697,7.328050,3.637669,12397189
2004-06-14,7.213125,7.755950,6.909512,6.964714,3.496820,14728466
2004-06-15,7.056718,7.139522,7.019917,7.130322,3.579967,11874030
2004-06-16,7.065919,7.084320,6.799107,6.854309,3.441389,10834729
2004-06-17,6.872710,6.881910,6.716303,6.789906,3.409053,12722252
2004-06-18,6.670301,6.946313,6.615098,6.808307,3.418291,6952839
2004-06-21,6.891111,6.927912,6.670301,6.670301,3.349001,6291238
2004-06-22,6.808307,6.992315,6.725503,6.992315,3.510677,8751236
2004-06-23,7.102720,7.277528,7.029117,7.268328,3.649257,9398815
2004-06-24,7.314330,7.378733,7.139522,7.167123,3.598443,9003616
2004-06-25,7.222326,7.351132,7.176324,7.332731,3.681591,6405255
2004-06-28,7.360332,7.452336,7.148722,7.203925,3.616922,4332413
2004-06-29,7.259127,7.507539,7.240727,7.489138,3.760121,7845516
2004-06-30,7.479937,7.682346,7.470737,7.645545,3.838648,6469817
2004-07-01,7.581142,7.590342,7.240727,7.314330,3.672354,9648478
2004-07-02,7.249927,7.268328,7.139522,7.185524,3.607682,3699507
2004-07-06,7.139522,7.148722,6.707102,6.900311,3.464485,8804603
2004-07-07,6.927912,7.240727,6.927912,7.213125,3.621542,8493965
2004-07-08,7.203925,7.203925,7.056718,7.130322,3.579967,3438106
2004-07-09,7.231526,7.323530,7.194724,7.222326,3.626159,4621422
2004-07-12,7.038317,7.047518,6.900311,6.983115,3.506058,6125919
2004-07-13,6.973915,7.075119,6.955514,7.019917,3.524536,2898021
2004-07-14,6.826708,6.835908,6.541495,6.587497,3.307427,14233923
2004-07-15,6.670301,6.670301,6.504693,6.532295,3.279711,10831251
2004-07-16,6.716303,6.725503,6.449491,6.449491,3.238138,7277389
2004-07-19,6.495493,6.504693,6.256282,6.394288,3.210422,8238541
2004-07-20,6.320685,6.541495,6.320685,6.532295,3.279711,7692914
2004-07-21,6.670301,6.697902,6.366687,6.421890,3.224280,9727931
2004-07-22,6.477092,6.651900,6.431090,6.633499,3.330525,9583807
2004-07-23,6.569096,6.569096,6.081474,6.182679,3.104178,17502689
2004-07-26,6.219480,6.228681,6.072274,6.109076,3.067222,8584504
2004-07-27,6.228681,6.320685,6.164278,6.302284,3.164229,10499309
2004-07-28,6.394288,6.532295,6.090675,6.228681,3.127274,8708194
2004-07-29,6.431090,6.477092,6.329885,6.449491,3.238138,10918095
2004-07-30,6.550695,6.596698,6.477092,6.550695,3.288950,6318302
2004-08-02,6.523094,6.550695,6.421890,6.541495,3.284330,5329651
2004-08-03,6.596698,6.661100,6.477092,6.532295,3.279711,8941771
2004-08-04,6.486293,6.578297,6.477092,6.550695,3.288950,5209548
2004-08-05,6.707102,6.743904,6.550695,6.550695,3.288950,9191977
2004-08-06,6.523094,6.550695,6.274683,6.329885,3.178086,9039484
2004-08-09,6.394288,6.458691,6.348286,6.348286,3.187325,5182049
2004-08-10,6.486293,6.569096,6.431090,6.550695,3.288950,5402039
2004-08-11,6.403489,6.532295,6.274683,6.385088,3.205802,9320341
2004-08-12,6.348286,6.357487,6.210280,6.293084,3.159610,7786279
2004-08-13,6.375888,6.403489,6.293084,6.320685,3.173466,5808325
2004-08-16,6.302284,6.421890,6.302284,6.421890,3.224280,3626358
2004-08-17,6.467892,6.541495,6.403489,6.421890,3.224280,3274744
2004-08-18,6.532295,6.771505,6.495493,6.743904,3.385957,8857318
2004-08-19,6.817507,6.872710,6.707102,6.799107,3.413671,8865361
2004-08-20,6.743904,6.881910,6.716303,6.872710,3.450626,4889997
2004-08-23,6.881910,6.992315,6.881910,6.946313,3.487580,4477189
2004-08-24,7.001516,7.029117,6.771505,6.845109,3.436768,6911645
2004-08-25,6.891111,7.075119,6.863510,7.065919,3.547632,6580790
2004-08-26,7.148722,7.167123,7.056718,7.084320,3.556870,5536055
2004-08-27,7.130322,7.130322,6.973915,7.075119,3.552251,4048404
2004-08-30,7.075119,7.075119,6.955514,7.001516,3.515297,5559097
2004-08-31,6.955514,6.964714,6.789906,6.946313,3.487580,5318564
2004-09-01,6.946313,7.056718,6.826708,6.891111,3.459865,5420625
2004-09-02,6.762305,7.029117,6.734704,6.992315,3.510677,5899408
2004-09-03,6.651900,6.725503,6.495493,6.495493,3.261235,11455679
2004-09-07,6.697902,6.697902,6.513894,6.541495,3.284330,5013143
2004-09-08,6.449491,6.559896,6.449491,6.495493,3.261235,2830416
2004-09-09,6.615098,6.799107,6.587497,6.743904,3.385957,7204023
2004-09-10,6.872710,7.139522,6.817507,7.019917,3.524536,12598127
2004-09-13,7.139522,7.295929,6.983115,7.010716,3.519915,13004305
2004-09-14,6.964714,7.047518,6.891111,6.973915,3.501439,7448251
2004-09-15,6.927912,6.927912,6.789906,6.826708,3.427529,4493058
2004-09-16,6.854309,6.964714,6.817507,6.826708,3.427529,3033559
2004-09-17,6.799107,6.955514,6.789906,6.937113,3.482961,2785309
2004-09-20,6.881910,7.075119,6.881910,7.029117,3.529155,5866583
2004-09-21,7.093520,7.157923,7.047518,7.130322,3.579967,4382846
2004-09-22,7.010716,7.029117,6.808307,6.854309,3.441389,5697134
2004-09-23,6.854309,6.992315,6.799107,6.964714,3.496820,4801305
2004-09-24,6.799107,6.891111,6.642700,6.707102,3.367478,7919751
2004-09-27,6.495493,6.624299,6.486293,6.587497,3.307427,4921517
2004-09-28,6.578297,6.605898,6.467892,6.532295,3.279711,4219701
2004-09-29,6.569096,6.651900,6.541495,6.615098,3.321286,4756199
2004-09-30,6.587497,6.670301,6.504693,6.569096,3.298189,3785699
2004-10-01,6.651900,6.955514,6.651900,6.900311,3.464485,10986026
2004-10-04,7.075119,7.130322,7.010716,7.029117,3.529155,5934950
2004-10-05,6.946313,6.983115,6.881910,6.918712,3.473723,4750873
2004-10-06,6.927912,6.937113,6.762305,6.872710,3.450626,7392819
2004-10-07,6.808307,6.872710,6.725503,6.734704,3.381336,8621785
2004-10-08,6.615098,6.670301,6.431090,6.486293,3.256615,12959742
2004-10-11,6.486293,6.569096,6.449491,6.569096,3.298189,4159595
2004-10-12,6.440290,6.440290,6.228681,6.348286,3.187325,10344968
2004-10-13,6.532295,6.596698,6.366687,6.366687,3.196564,7746064
2004-10-14,6.394288,6.421890,6.274683,6.339086,3.182706,5798217
2004-10-15,6.412689,6.449491,6.339086,6.375888,3.201183,10406378
2004-10-18,6.311485,6.421890,6.311485,6.403489,3.215042,6630571
2004-10-19,6.532295,6.624299,6.513894,6.605898,3.316665,10526264
2004-10-20,6.569096,6.642700,6.504693,6.578297,3.302808,6508185
2004-10-21,6.642700,6.762305,6.559896,6.753105,3.390575,7398905
2004-10-22,6.707102,6.707102,6.467892,6.477092,3.251996,7056747
2004-10-25,6.486293,6.596698,6.477092,6.559896,3.293569,4913365
2004-10-26,6.449491,6.550695,6.440290,6.504693,3.265853,7384123
2004-10-27,6.449491,6.808307,6.440290,6.799107,3.413671,12773880
2004-10-28,6.799107,6.872710,6.743904,6.845109,3.436768,6868929
2004-10-29,6.918712,7.075119,6.909512,6.964714,3.496820,8098004
2004-11-01,6.946313,7.010716,6.900311,7.001516,3.515297,4533382
2004-11-02,7.111921,7.314330,7.093520,7.213125,3.621542,11993807
2004-11-03,7.452336,7.562741,7.277528,7.360332,3.695450,17349435
2004-11-04,7.406334,7.562741,7.378733,7.516739,3.773978,8343645
2004-11-05,7.636344,7.700747,7.599543,7.617944,3.824790,8001704
2004-11-08,7.525939,7.608743,7.387933,7.461537,3.746262,6469600
2004-11-09,7.415534,7.443136,7.369532,7.433935,3.732404,4140248
2004-11-10,7.387933,7.433935,7.286729,7.332731,3.681591,5276066
2004-11-11,7.222326,7.433935,7.185524,7.341931,3.686211,3816350
2004-11-12,7.378733,7.553541,7.268328,7.544340,3.787836,4540013
2004-11-15,7.507539,7.544340,7.470737,7.498338,3.764740,3783199
2004-11-16,7.360332,7.479937,7.360332,7.452336,3.741642,8369405
2004-11-17,7.682346,7.912357,7.590342,7.912357,3.972608,20307128
2004-11-18,7.866355,8.068764,7.820353,8.068764,4.051136,7128048
2004-11-19,8.068764,8.077964,7.728349,7.765150,3.898700,8440272
2004-11-22,7.498338,7.599543,7.461537,7.571941,3.801693,7778454
2004-11-23,7.581142,7.599543,7.489138,7.525939,3.778596,5806695
2004-11-24,7.608743,7.673146,7.599543,7.608743,3.820171,4088185
2004-11-26,7.562741,7.627144,7.489138,7.498338,3.764740,3203116
2004-11-29,7.544340,7.627144,7.479937,7.489138,3.760121,4848586
2004-11-30,7.433935,7.498338,7.268328,7.332731,3.681591,7324887
2004-12-01,7.378733,7.525939,7.360332,7.525939,3.778596,8095504
2004-12-02,7.599543,7.700747,7.544340,7.636344,3.834029,7002728
2004-12-03,7.737549,7.811152,7.590342,7.617944,3.824790,7269672
2004-12-06,7.654745,7.737549,7.562741,7.700747,3.866364,3000517
2004-12-07,7.746749,7.774351,7.581142,7.608743,3.820171,4569577
2004-12-08,7.571941,7.590342,7.406334,7.452336,3.741642,5964840
2004-12-09,7.378733,7.415534,7.249927,7.295929,3.663114,7768345
2004-12-10,7.268328,7.295929,7.240727,7.240727,3.635399,4689354
2004-12-13,7.314330,7.433935,7.314330,7.406334,3.718546,4830760
2004-12-14,7.406334,7.470737,7.397134,7.461537,3.746262,6483186
2004-12-15,7.581142,7.617944,7.452336,7.507539,3.769358,6541770
2004-12-16,7.562741,7.617944,7.507539,7.544340,3.787836,4757829
2004-12-17,7.617944,7.617944,7.461537,7.544340,3.787836,5024447
2004-12-20,7.544340,7.562741,7.452336,7.461537,3.746262,7465859
2004-12-21,7.544340,7.581142,7.507539,7.544340,3.787836,4928039
2004-12-22,7.627144,7.682346,7.590342,7.617944,3.824790,4624031
2004-12-23,7.654745,7.682346,7.636344,7.663946,3.847886,2838894
2004-12-27,7.617944,7.645545,7.581142,7.636344,3.834029,2146099
2004-12-28,7.654745,7.700747,7.636344,7.645545,3.838648,2190662
2004-12-29,7.691547,7.829553,7.691547,7.774351,3.903318,4238722
2004-12-30,7.755950,7.829553,7.737549,7.792751,3.912558,3413324
2004-12-31,7.829553,7.847954,7.774351,7.811152,3.921797,1991867
2005-01-03,7.857154,7.912357,7.700747,7.728349,3.880223,4851846
2005-01-04,7.728349,7.728349,7.378733,7.433935,3.732404,8654718
2005-01-05,7.341931,7.351132,7.213125,7.286729,3.658495,11110477
2005-01-06,7.323530,7.341931,7.157923,7.222326,3.626159,8670044
2005-01-07,7.222326,7.286729,7.121121,7.259127,3.644637,5708438
2005-01-10,7.286729,7.351132,7.268328,7.277528,3.653876,4604358
2005-01-11,7.249927,7.277528,7.148722,7.176324,3.603064,6002773
2005-01-12,7.176324,7.259127,7.065919,7.231526,3.630779,3547449
2005-01-13,7.194724,7.249927,7.084320,7.084320,3.556870,3996124
2005-01-14,7.130322,7.332731,7.130322,7.277528,3.653876,6406233
2005-01-18,7.443136,7.489138,7.397134,7.461537,3.746262,6485142
2005-01-19,7.387933,7.387933,7.277528,7.277528,3.653876,3832001
2005-01-20,7.240727,7.341931,7.213125,7.268328,3.649257,13829594
2005-01-21,7.176324,7.249927,7.157923,7.203925,3.616922,8200500
2005-01-24,7.203925,7.222326,7.065919,7.065919,3.547632,7218370
2005-01-25,7.139522,7.222326,7.139522,7.185524,3.607682,6307542
2005-01-26,7.360332,7.498338,7.360332,7.406334,3.718546,10905052
2005-01-27,7.544340,7.581142,7.489138,7.516739,3.773978,10708104
2005-01-28,7.709948,7.709948,7.544340,7.553541,3.792455,7687153
2005-01-31,7.893956,8.087165,7.847954,8.050363,4.041898,14972912
2005-02-01,8.004361,8.179169,7.939958,8.151568,4.092710,10825055
2005-02-02,8.105566,8.298774,8.096365,8.280373,4.157381,8868622
2005-02-03,8.234371,8.234371,7.995161,8.031962,4.032659,7404231
2005-02-04,8.096365,8.307975,8.096365,8.307975,4.171239,6489164
2005-02-07,8.307975,8.326376,8.215971,8.261973,4.148141,3901563
2005-02-08,8.225171,8.372378,8.197570,8.335576,4.185096,4455451
2005-02-09,8.307975,8.317175,8.215971,8.215971,4.125046,3231702
2005-02-10,8.234371,8.271173,8.179169,8.271173,4.152761,2659445
2005-02-11,8.261973,8.528785,8.225171,8.464382,4.249767,5832128
2005-02-14,8.390778,8.445981,8.353977,8.390778,4.212811,4680658
2005-02-15,8.381578,8.528785,8.381578,8.427580,4.231289,8457336
2005-02-16,8.436780,8.464382,8.353977,8.409179,4.222051,5891799
2005-02-17,8.280373,8.307975,8.050363,8.142367,4.088091,13506021
2005-02-18,8.160768,8.271173,8.142367,8.252772,4.143523,4164377
2005-02-22,8.188369,8.271173,8.123966,8.151568,4.092710,7784105
2005-02-23,8.280373,8.491983,7.912357,8.188369,4.111186,5743002
2005-02-24,8.151568,8.372378,8.123966,8.363177,4.198955,5238459
2005-02-25,8.510384,8.685192,8.464382,8.675991,4.356011,6708176
2005-02-28,8.602388,8.657590,8.335576,8.390778,4.212811,12404984
2005-03-01,8.381578,8.482783,8.353977,8.473582,4.254386,5558445
2005-03-02,8.409179,8.418380,8.326376,8.335576,4.185096,8643415
2005-03-03,8.335576,8.353977,8.142367,8.188369,4.111186,10632999
2005-03-04,8.188369,8.188369,8.068764,8.096365,4.064995,10612782
2005-03-07,8.096365,8.372378,8.087165,8.363177,4.198955,9533374
2005-03-08,8.326376,8.326376,8.096365,8.133167,4.083472,7629330
2005-03-09,8.280373,8.353977,8.142367,8.142367,4.088091,10415617
2005-03-10,8.096365,8.123966,7.958359,8.068764,4.051136,6815453
2005-03-11,8.105566,8.261973,8.031962,8.041163,4.037279,7996161
2005-03-14,7.976760,8.013561,7.847954,7.893956,3.963370,6251348
2005-03-15,7.893956,7.912357,7.774351,7.820353,3.926415,5787456
2005-03-16,7.884756,7.967559,7.866355,7.875555,3.954130,3703420
2005-03-17,7.792751,7.939958,7.792751,7.903156,3.967989,4159378
2005-03-18,7.884756,7.893956,7.765150,7.829553,3.931035,4794458
2005-03-21,7.829553,7.884756,7.755950,7.774351,3.903318,3291265
2005-03-22,7.746749,7.838754,7.617944,7.617944,3.824790,7630743
2005-03-23,7.599543,7.709948,7.599543,7.627144,3.829410,5639854
2005-03-24,7.654745,7.765150,7.645545,7.709948,3.870982,4130249
2005-03-28,7.774351,7.829553,7.728349,7.774351,3.903318,3132250
2005-03-29,7.700747,7.774351,7.553541,7.590342,3.810933,5182701
2005-03-30,7.571941,7.755950,7.571941,7.700747,3.866364,6253088
2005-03-31,7.774351,7.875555,7.719148,7.801952,3.917176,9939117
2005-04-01,8.114766,8.114766,7.866355,7.875555,3.954130,5600726
2005-04-04,7.820353,7.884756,7.737549,7.755950,3.894081,4512296
2005-04-05,7.792751,7.820353,7.755950,7.774351,3.903318,3774938
2005-04-06,7.783551,7.875555,7.737549,7.737549,3.884841,4287198
2005-04-07,7.709948,7.875555,7.636344,7.792751,3.912558,5967666
2005-04-08,7.949159,8.041163,7.893956,7.939958,3.986467,6044293
2005-04-11,7.949159,7.967559,7.847954,7.912357,3.972608,3072144
2005-04-12,7.912357,7.930758,7.774351,7.921557,3.977227,2567167
2005-04-13,7.912357,7.930758,7.801952,7.838754,3.935654,4794784
2005-04-14,7.728349,7.728349,7.544340,7.654745,3.843268,6769369
2005-04-15,7.608743,7.636344,7.525939,7.535140,3.783216,4807609
2005-04-18,7.443136,7.535140,7.406334,7.461537,3.746262,8817863
2005-04-19,7.507539,7.544340,7.470737,7.525939,3.778596,3810915
2005-04-20,7.553541,7.581142,7.387933,7.424735,3.727785,7220870
2005-04-21,7.470737,7.608743,7.461537,7.581142,3.806314,8861231
2005-04-22,7.553541,7.553541,7.433935,7.452336,3.741642,6861756
2005-04-25,7.489138,7.581142,7.461537,7.507539,3.769358,4181333
2005-04-26,7.645545,7.921557,7.627144,7.884756,3.958750,15873197
2005-04-27,7.866355,7.976760,7.811152,7.875555,3.954130,7473033
2005-04-28,7.893956,7.958359,7.765150,7.829553,3.931035,4673050
2005-04-29,7.847954,7.949159,7.737549,7.921557,3.977227,6172874
2005-05-02,8.004361,8.068764,7.930758,8.013561,4.023421,3920041
2005-05-03,8.050363,8.068764,7.921557,7.958359,3.995705,4239809
2005-05-04,8.041163,8.206770,8.022762,8.179169,4.106569,8059310
2005-05-05,8.271173,8.427580,8.252772,8.353977,4.194336,7946707
2005-05-06,8.353977,8.455181,8.280373,8.298774,4.166619,5254328
2005-05-09,8.317175,8.335576,8.252772,8.326376,4.180479,4367846
2005-05-10,8.188369,8.188369,8.087165,8.105566,4.069615,9069482
2005-05-11,8.105566,8.142367,8.013561,8.050363,4.041898,6120267
2005-05-12,8.169968,8.179169,7.995161,8.022762,4.028040,6970881
2005-05-13,8.123966,8.326376,8.105566,8.298774,4.166619,9936291
2005-05-16,8.234371,8.261973,8.151568,8.234371,4.134285,3798850
2005-05-17,8.142367,8.234371,8.077964,8.225171,4.129664,5842889
2005-05-18,8.307975,8.363177,8.261973,8.307975,4.171239,7370320
2005-05-19,8.390778,8.547185,8.390778,8.537985,4.286720,6912514
2005-05-20,8.556386,8.574787,8.427580,8.556386,4.295960,6429927
2005-05-23,8.399979,8.482783,8.363177,8.436780,4.235910,6368517
2005-05-24,8.482783,8.556386,8.418380,8.537985,4.286720,3354305
2005-05-25,8.464382,8.464382,8.326376,8.409179,4.222051,2564776
2005-05-26,8.473582,8.501183,8.418380,8.455181,4.245149,6865451
2005-05-27,8.482783,8.491983,8.436780,8.473582,4.254386,4582293
2005-05-31,8.390778,8.491983,8.390778,8.473582,4.254386,6448731
2005-06-01,8.390778,8.593188,8.390778,8.556386,4.295960,6642092
2005-06-02,8.593188,8.740394,8.565586,8.731194,4.383728,8161045
2005-06-03,8.740394,8.887601,8.326376,8.767995,4.402205,7876601
2005-06-06,8.795597,8.906002,8.749595,8.896801,4.466876,6758717
2005-06-07,8.823198,8.896801,8.777196,8.813998,4.425302,5403995
2005-06-08,8.878400,8.952004,8.804797,8.841599,4.439159,4594141
2005-06-09,8.860000,8.979605,8.749595,8.970405,4.503829,9513919
2005-06-10,8.933603,8.961204,8.878400,8.924402,4.480732,4920104
2005-06-13,8.733034,8.935903,8.607448,8.694392,4.521377,5232269
2005-06-14,8.742694,8.742694,8.646090,8.684732,4.516354,5858638
2005-06-15,8.752355,8.771676,8.578467,8.655750,4.501283,6761082
2005-06-16,8.723373,8.848959,8.704053,8.810317,4.581663,7603694
2005-06-17,8.906922,9.022847,8.868280,8.868280,4.611805,6083887
2005-06-20,8.906922,8.955224,8.887601,8.926243,4.641947,6243818
2005-06-21,8.887601,9.061489,8.829638,8.897261,4.626876,4040294
2005-06-22,9.216056,9.216056,9.032507,9.090470,4.727351,6579206
2005-06-23,9.187074,9.245037,9.100130,9.109791,4.737399,8674143
2005-06-24,9.109791,9.129112,8.984205,9.051828,4.707256,10768148
2005-06-27,8.984205,9.032507,8.906922,8.935903,4.646971,10720945
2005-06-28,8.964884,8.984205,8.906922,8.935903,4.646971,9391916
2005-06-29,8.868280,8.877940,8.723373,8.819978,4.586686,5696016
2005-06-30,8.810317,8.887601,8.742694,8.810317,4.581663,7681227
2005-07-01,8.839299,8.964884,8.800657,8.868280,4.611805,4474022
2005-07-05,8.597788,8.675071,8.539825,8.665411,4.506306,12847454
2005-07-06,8.646090,8.665411,8.607448,8.665411,4.506306,6531693
2005-07-07,8.472202,8.539825,8.385258,8.491523,4.415879,7414779
2005-07-08,8.530165,8.607448,8.481863,8.597788,4.471139,7606696
2005-07-11,8.868280,8.887601,8.829638,8.868280,4.611805,7865380
2005-07-12,8.868280,9.080810,8.868280,9.080810,4.722327,7041711
2005-07-13,9.071149,9.071149,8.839299,8.964884,4.662043,6588833
2005-07-14,9.042168,9.090470,9.013186,9.061489,4.712281,5762577
2005-07-15,9.071149,9.071149,8.897261,9.042168,4.702232,5874476
2005-07-18,8.984205,9.071149,8.887601,8.906922,4.631901,3489180
2005-07-19,8.935903,9.013186,8.887601,8.984205,4.672090,6792758
2005-07-20,8.984205,9.109791,8.868280,9.061489,4.712281,11185313
2005-07-21,9.032507,9.138772,8.984205,9.003526,4.682136,6549498
2005-07-22,9.013186,9.042168,8.887601,8.897261,4.626876,7901507
2005-07-25,8.916582,8.926243,8.684732,8.704053,4.526402,6845240
2005-07-26,8.588127,8.588127,8.269333,8.394919,4.365641,21855122
2005-07-27,8.307975,8.336956,8.172729,8.298314,4.315403,16221836
2005-07-28,8.336956,8.414239,8.327296,8.375598,4.355594,11429298
2005-07-29,8.307975,8.356277,8.269333,8.298314,4.315403,8418254
2005-08-01,8.298314,8.346616,8.278993,8.327296,4.330475,6068567
2005-08-02,8.472202,8.636430,8.472202,8.588127,4.466116,12339816
2005-08-03,8.588127,8.646090,8.549486,8.626769,4.486212,5430604
2005-08-04,8.501183,8.510844,8.336956,8.356277,4.345547,8482640
2005-08-05,8.288654,8.385258,8.259673,8.269333,4.300332,29986743
2005-08-08,8.298314,8.298314,8.201710,8.221031,4.275214,7549452
2005-08-09,8.327296,8.356277,8.240352,8.288654,4.310380,8217124
2005-08-10,8.307975,8.433560,8.298314,8.356277,4.345547,10801376
2005-08-11,8.365937,8.423900,8.298314,8.346616,4.340520,7786605
2005-08-12,8.298314,8.356277,8.240352,8.307975,4.320428,6325802
2005-08-15,8.288654,8.288654,8.211370,8.230691,4.280238,5895800
2005-08-16,8.230691,8.240352,8.066464,8.085785,4.204881,10677883
2005-08-17,8.085785,8.211370,8.076124,8.172729,4.250094,7161168
2005-08-18,8.105106,8.114766,7.940878,7.960199,4.139573,9864358
2005-08-19,8.018162,8.095445,8.008501,8.085785,4.204881,10527683
2005-08-22,8.105106,8.182389,8.066464,8.143747,4.235023,12679242
2005-08-23,8.124426,8.143747,8.056803,8.085785,4.204881,7247810
2005-08-24,7.979520,8.008501,7.921557,7.931218,4.124501,8784283
2005-08-25,7.950539,7.960199,7.911897,7.950539,4.134548,7277622
2005-08-26,8.018162,8.037482,7.940878,8.018162,4.169716,8376227
2005-08-29,7.805632,7.989180,7.776651,7.960199,4.139573,7646964
2005-08-30,7.921557,7.960199,7.853934,7.892576,4.104405,5760092
2005-08-31,7.969859,8.018162,7.844274,7.950539,4.134548,13722155
2005-09-01,8.047143,8.143747,7.931218,7.950539,4.134548,13132223
2005-09-02,7.989180,8.008501,7.960199,7.979520,4.149620,4548449
2005-09-06,7.979520,7.998841,7.931218,7.979520,4.149620,12251621
2005-09-07,7.979520,7.979520,7.805632,7.815292,4.064217,14678013
2005-09-08,7.911897,7.989180,7.844274,7.950539,4.134548,17119207
2005-09-09,7.921557,8.114766,7.902236,8.076124,4.199859,16613640
2005-09-12,8.095445,8.182389,8.066464,8.114766,4.219951,9554227
2005-09-13,8.143747,8.278993,8.124426,8.201710,4.265166,12603262
2005-09-14,8.211370,8.250012,8.134087,8.172729,4.250094,11489544
2005-09-15,8.172729,8.211370,8.095445,8.182389,4.255118,11414703
2005-09-16,8.143747,8.143747,7.969859,7.969859,4.144596,13658804
2005-09-19,7.969859,8.037482,7.960199,8.027822,4.174737,9570272
2005-09-20,8.085785,8.124426,7.931218,7.979520,4.149620,6112664
2005-09-21,8.027822,8.027822,7.776651,7.863595,4.089335,9610126
2005-09-22,7.757330,7.757330,7.554461,7.670386,3.988859,17636679
2005-09-23,7.660725,7.728349,7.602763,7.709028,4.008955,6492564
2005-09-26,7.728349,7.766990,7.622084,7.728349,4.019003,6994716
2005-09-27,7.660725,7.680046,7.554461,7.612423,3.958717,9107664
2005-09-28,7.564121,7.689707,7.486838,7.535140,3.918526,10973418
2005-09-29,7.631744,7.805632,7.593102,7.776651,4.044120,14155159
2005-09-30,7.892576,7.969859,7.844274,7.940878,4.129524,14248322
2005-10-03,7.940878,8.027822,7.902236,8.008501,4.164690,11111404
2005-10-04,8.211370,8.278993,8.076124,8.114766,4.219951,13794305
2005-10-05,8.143747,8.163068,8.027822,8.047143,4.184786,12303689
2005-10-06,8.066464,8.182389,7.979520,8.008501,4.164690,14277513
2005-10-07,8.095445,8.172729,8.056803,8.134087,4.229999,16609396
2005-10-10,8.095445,8.134087,7.969859,7.979520,4.149620,13977320
2005-10-11,8.018162,8.018162,7.815292,7.853934,4.084310,10931598
2005-10-12,7.728349,7.805632,7.699367,7.766990,4.039096,9609919
2005-10-13,7.786311,7.815292,7.631744,7.766990,4.039096,10765560
2005-10-14,7.757330,7.786311,7.631744,7.660725,3.983835,10607389
2005-10-17,7.631744,7.680046,7.564121,7.670386,3.988859,6833543
2005-10-18,7.728349,7.728349,7.602763,7.641405,3.973789,5274296
2005-10-19,7.486838,7.564121,7.245327,7.554461,3.928575,16667261
2005-10-20,7.506159,7.535140,7.312950,7.380573,3.838147,9036445
2005-10-21,7.486838,7.564121,7.390233,7.535140,3.918526,7167482
2005-10-24,7.631744,7.709028,7.554461,7.689707,3.998906,7251122
2005-10-25,7.631744,7.873255,7.554461,7.602763,3.953693,6195683
2005-10-26,7.564121,7.593102,7.457856,7.477177,3.888384,7862585
2005-10-27,7.573782,7.573782,7.351592,7.477177,3.888384,13144231
2005-10-28,7.622084,7.776651,7.515819,7.718688,4.013978,12298410
2005-10-31,7.766990,7.815292,7.747669,7.805632,4.059192,8290309
2005-11-01,7.776651,7.815292,7.680046,7.776651,4.044120,8836040
2005-11-02,7.795972,8.163068,7.795972,8.114766,4.219951,13071771
2005-11-03,8.066464,8.317635,8.056803,8.240352,4.285262,17353876
2005-11-04,8.250012,8.317635,8.192049,8.278993,4.305356,7647792
2005-11-07,8.298314,8.346616,8.124426,8.307975,4.320428,8808712
2005-11-08,8.288654,8.375598,8.240352,8.336956,4.335500,7398321
2005-11-09,8.414239,8.597788,8.356277,8.578467,4.461092,18770478
2005-11-10,8.549486,8.578467,8.452881,8.568806,4.456067,11579809
2005-11-11,8.675071,8.675071,8.510844,8.539825,4.440999,9271321
2005-11-14,8.559146,8.559146,8.481863,8.491523,4.415879,6123533
2005-11-15,8.568806,8.636430,8.472202,8.568806,4.456067,9634348
2005-11-16,8.520504,8.549486,8.433560,8.481863,4.410856,9203312
2005-11-17,8.452881,8.704053,8.452881,8.704053,4.526402,9154349
2005-11-18,8.704053,8.829638,8.675071,8.810317,4.581663,6445051
2005-11-21,8.858620,8.887601,8.819978,8.858620,4.606781,4618218
2005-11-22,8.858620,9.158093,8.771676,9.138772,4.752470,16022362
2005-11-23,9.080810,9.293339,9.071149,9.158093,4.762517,14969511
2005-11-25,9.158093,9.225716,9.061489,9.071149,4.717303,4235006
2005-11-28,9.080810,9.158093,8.935903,8.974545,4.667066,8389477
2005-11-29,8.984205,9.187074,8.974545,8.984205,4.672090,10420959
2005-11-30,9.071149,9.303000,9.071149,9.254697,4.812754,12606057
2005-12-01,9.351302,9.631454,9.293339,9.447906,4.913229,10153372
2005-12-02,9.447906,9.476887,9.322320,9.370623,4.873040,5891867
2005-12-05,9.467227,9.583152,9.409264,9.515529,4.948395,10777361
2005-12-06,9.583152,9.708738,9.583152,9.602473,4.993610,11216885
2005-12-07,9.650775,9.670096,9.534850,9.563831,4.973515,7894779
2005-12-08,9.612134,9.660436,9.409264,9.476887,4.928302,11881245
2005-12-09,9.447906,9.467227,9.351302,9.457567,4.918255,9273184
2005-12-12,9.486548,9.583152,9.418925,9.496208,4.938348,5353692
2005-12-13,9.418925,9.583152,9.351302,9.496208,4.938348,8205220
2005-12-14,9.080810,9.090470,8.877940,8.955224,4.657019,13520922
2005-12-15,9.322320,9.438246,9.312660,9.389943,4.883088,6530140
2005-12-16,9.486548,9.496208,9.341641,9.370623,4.873040,6723506
2005-12-19,9.409264,9.486548,9.264358,9.264358,4.817779,9029613
2005-12-20,9.360962,9.380283,9.245037,9.360962,4.868015,9298545
2005-12-21,9.505869,9.650775,9.457567,9.554171,4.968492,8559241
2005-12-22,9.399604,9.592813,9.399604,9.515529,4.948395,2533737
2005-12-23,9.621794,9.815003,9.621794,9.747380,5.068966,5767545
2005-12-27,9.757040,9.815003,9.534850,9.544510,4.963467,3473756
2005-12-28,9.544510,9.592813,9.409264,9.544510,4.963467,4085116
2005-12-29,9.583152,9.621794,9.534850,9.554171,4.968492,3140645
2005-12-30,9.554171,9.699077,9.418925,9.573492,4.978538,3254719
2006-01-03,9.950249,9.950249,9.728059,9.757040,5.073990,8110090
2006-01-04,9.805342,9.872965,9.776361,9.834324,5.114180,4159957
2006-01-05,10.017872,10.085495,9.940588,9.998551,5.199584,5631423
2006-01-06,10.433271,10.491233,10.230401,10.433271,5.425653,13516368
2006-01-09,10.607158,10.665121,10.510554,10.558856,5.490961,11633533
2006-01-10,10.365647,10.404289,10.191760,10.249722,5.330201,11263260
2006-01-11,10.211081,10.471912,10.162778,10.413950,5.415607,12073990
2006-01-12,10.240062,10.278704,10.008211,10.085495,5.244797,9373904
2006-01-13,10.046853,10.066174,9.872965,10.037193,5.219681,7864552
2006-01-17,9.921267,9.959909,9.747380,9.766700,5.079014,10413816
2006-01-18,9.496208,9.670096,9.467227,9.612134,4.998634,12198725
2006-01-19,9.757040,9.930928,9.757040,9.863305,5.129252,11090804
2006-01-20,9.853644,9.882626,9.525190,9.534850,4.958444,9733722
2006-01-23,9.583152,9.631454,9.447906,9.486548,4.933324,9528866
2006-01-24,9.602473,9.708738,9.592813,9.699077,5.043846,11078900
2006-01-25,9.795682,9.824663,9.486548,9.486548,4.933324,13457985
2006-01-26,9.757040,10.143457,9.708738,10.124137,5.264892,23527200
2006-01-27,10.336666,10.607158,10.278704,10.452591,5.435700,14564043
2006-01-30,10.452591,10.500894,10.298024,10.471912,5.445746,7760830
2006-01-31,10.568517,10.568517,10.182099,10.433271,5.425653,11103019
2006-02-01,10.384968,10.433271,10.211081,10.327006,5.370391,8685426
2006-02-02,10.278704,10.327006,9.950249,10.046853,5.224703,13446081
2006-02-03,9.737719,10.017872,9.737719,9.930928,5.164417,8476533
2006-02-06,10.046853,10.182099,9.979230,10.172439,5.290011,7841158
2006-02-07,10.172439,10.172439,10.017872,10.056514,5.229725,9449263
2006-02-08,9.998551,10.133797,9.911607,10.095155,5.249822,7137670
2006-02-09,10.095155,10.191760,9.979230,10.017872,5.209631,11174651
2006-02-10,10.017872,10.017872,9.718398,9.901947,5.149345,14689503
2006-02-13,9.853644,9.853644,9.583152,9.592813,4.988586,8673522
2006-02-14,9.689417,9.776361,9.573492,9.718398,5.053895,15694737
2006-02-15,10.240062,10.240062,9.592813,9.670096,5.028776,8653647
2006-02-16,9.757040,9.853644,9.708738,9.815003,5.104134,6930433
2006-02-17,9.930928,10.124137,9.592813,9.641115,5.013704,5024204
2006-02-21,9.786021,9.815003,9.631454,9.747380,5.068966,11939213
2006-02-22,9.708738,9.708738,9.428585,9.563831,4.973515,14884732
2006-02-23,9.467227,9.612134,9.438246,9.554171,4.968492,11315328
2006-02-24,9.554171,9.592813,9.486548,9.554171,4.968492,7028047
2006-02-27,9.621794,9.728059,9.563831,9.679757,5.033801,6198996
2006-02-28,9.689417,9.699077,9.370623,9.399604,4.888111,10232665
2006-03-01,9.457567,9.728059,9.457567,9.708738,5.048872,9441189
2006-03-02,9.708738,9.747380,9.583152,9.612134,4.998634,11993765
2006-03-03,9.602473,9.650775,9.467227,9.467227,4.923278,9379184
2006-03-06,9.447906,9.563831,9.283679,9.360962,4.868015,7871384
2006-03-07,9.303000,9.360962,8.984205,9.129112,4.747447,12821471
2006-03-08,9.080810,9.158093,8.993866,9.071149,4.717303,10961410
2006-03-09,9.167753,9.380283,9.051828,9.080810,4.722327,11219059
2006-03-10,9.274018,9.351302,9.216056,9.312660,4.842896,9888374
2006-03-13,9.370623,9.525190,9.254697,9.283679,4.827826,8505828
2006-03-14,9.216056,9.457567,9.187074,9.447906,4.913229,6493082
2006-03-15,9.534850,9.621794,9.438246,9.612134,4.998634,8493820
2006-03-16,9.534850,9.534850,9.264358,9.274018,4.822801,10034330
2006-03-17,9.254697,9.496208,9.196735,9.254697,4.812754,9064602
2006-03-20,9.351302,9.351302,9.129112,9.158093,4.762517,9261591
2006-03-21,9.187074,9.322320,9.158093,9.167753,4.767541,6121463
2006-03-22,9.071149,9.245037,9.071149,9.177414,4.772565,7390557
2006-03-23,9.177414,9.235377,9.129112,9.177414,4.772565,5181443
2006-03-24,9.196735,9.341641,9.187074,9.303000,4.837874,4345249
2006-03-27,9.370623,9.418925,9.274018,9.303000,4.837874,5650263
2006-03-28,9.322320,9.399604,9.167753,9.235377,4.802707,8174787
2006-03-29,9.322320,9.592813,9.322320,9.534850,4.958444,8620005
2006-03-30,9.612134,9.757040,9.573492,9.708738,5.048872,8562864
2006-03-31,9.776361,9.921267,9.699077,9.718398,5.053895,6663364
2006-04-03,9.834324,10.037193,9.824663,9.969570,5.184512,8495787
2006-04-04,9.911607,10.008211,9.872965,10.008211,5.204607,6918943
2006-04-05,10.008211,10.143457,9.969570,10.124137,5.264892,5892384
2006-04-06,10.182099,10.220741,10.085495,10.191760,5.300060,7662698
2006-04-07,10.240062,10.336666,10.027532,10.075834,5.239774,8137211
2006-04-10,10.143457,10.191760,10.037193,10.114476,5.259870,8222403
2006-04-11,10.075834,10.143457,9.834324,9.863305,5.129252,8791011
2006-04-12,9.998551,10.143457,9.969570,10.037193,5.219681,6073536
2006-04-13,10.095155,10.327006,10.085495,10.191760,5.300060,5548197
2006-04-17,10.307685,10.471912,10.230401,10.336666,5.375415,8641743
2006-04-18,10.384968,10.549196,10.327006,10.539535,5.480914,6574341
2006-04-19,10.539535,10.626479,10.462252,10.481573,5.450771,7236837
2006-04-20,10.568517,10.626479,10.510554,10.510554,5.465844,8326747
2006-04-21,10.597498,10.626479,10.375308,10.433271,5.425653,9598118
2006-04-24,10.384968,10.394629,10.172439,10.317345,5.365367,11281582
2006-04-25,10.298024,10.346327,10.075834,10.104816,5.254845,12735450
2006-04-26,10.462252,10.510554,10.211081,10.249722,5.330201,16496771
2006-04-27,10.143457,10.394629,10.056514,10.317345,5.365367,17839154
2006-04-28,10.288364,10.365647,10.085495,10.124137,5.264892,10329141
2006-05-01,10.191760,10.230401,10.104816,10.124137,5.264892,7403807
2006-05-02,10.104816,10.230401,10.104816,10.162778,5.284987,5403276
2006-05-03,10.201420,10.384968,10.162778,10.365647,5.390486,7876042
2006-05-04,10.413950,10.655461,10.394629,10.578177,5.501008,10442386
2006-05-05,10.636140,10.906632,10.587838,10.877651,5.656746,13744929
2006-05-08,10.906632,10.983915,10.771386,10.781046,5.606507,9517376
2006-05-09,10.558856,10.626479,10.327006,10.355987,5.385464,14001646
2006-05-10,10.327006,10.327006,10.104816,10.114476,5.259870,9411894
2006-05-11,10.211081,10.298024,9.940588,10.017872,5.209631,12718888
2006-05-12,9.911607,10.027532,9.708738,9.815003,5.104134,14489305
2006-05-15,9.708738,9.776361,9.592813,9.699077,5.043846,14268922
2006-05-16,9.699077,9.795682,9.612134,9.641115,5.013704,10866591
2006-05-17,9.747380,9.805342,9.467227,9.544510,4.963467,10393424
2006-05-18,9.612134,9.776361,9.457567,9.457567,4.918255,8555825
2006-05-19,9.486548,9.641115,9.409264,9.515529,4.948395,9277739
2006-05-22,9.525190,9.525190,8.935903,9.138772,4.752470,13004486
2006-05-23,9.274018,9.467227,9.196735,9.196735,4.782613,9333326
2006-05-24,9.225716,9.274018,8.984205,9.138772,4.752470,11626598
2006-05-25,9.129112,9.264358,9.042168,9.158093,4.762517,8362459
2006-05-26,9.129112,9.158093,8.984205,9.042168,4.702232,7796957
2006-05-30,9.042168,9.119451,8.964884,8.974545,4.667066,8867302
2006-05-31,9.071149,9.158093,8.984205,9.148433,4.757494,8621143
2006-06-01,9.177414,9.389943,9.167753,9.351302,4.862994,6816670
2006-06-02,9.467227,9.525190,9.380283,9.457567,4.918255,7646446
2006-06-05,9.274018,9.274018,8.935903,8.964884,4.662043,8219402
2006-06-06,9.061489,9.080810,8.848959,8.993866,4.677115,9671613
2006-06-07,8.974545,9.061489,8.819978,8.829638,4.591709,7395319
2006-06-08,8.607448,8.733034,8.356277,8.704053,4.526402,17503351
2006-06-09,8.877940,8.935903,8.481863,8.481863,4.410856,13432417
2006-06-12,8.501183,8.588127,8.317635,8.327296,4.330475,10423857
2006-06-13,8.307975,8.356277,8.163068,8.182389,4.255118,8022620
2006-06-14,8.626769,8.655750,8.462542,8.597788,4.471139,9503298
2006-06-15,8.597788,8.858620,8.530165,8.810317,4.581663,16352161
2006-06-16,8.877940,8.887601,8.626769,8.781336,4.566592,6680858
2006-06-19,8.800657,8.877940,8.704053,8.713713,4.531425,6464305
2006-06-20,8.427861,8.467662,8.268657,8.427861,4.580484,6917314
2006-06-21,8.427861,8.756219,8.348259,8.616915,4.683234,8159695
2006-06-22,8.716418,8.746269,8.537313,8.626866,4.688643,5960956
2006-06-23,8.597015,8.706468,8.368159,8.666667,4.710274,6636819
2006-06-26,8.636816,8.736318,8.577114,8.676617,4.715683,4930932
2006-06-27,8.676617,8.706468,8.527363,8.547264,4.645379,6432603
2006-06-28,8.656716,8.656716,8.378109,8.507463,4.623747,6221050
2006-06-29,8.626866,9.064677,8.616915,9.004975,4.894142,14031006
2006-06-30,9.054726,9.223881,8.915423,9.134328,4.964444,10107486
2006-07-03,9.174129,9.253731,9.134328,9.213930,5.007708,3021231
2006-07-05,9.034826,9.064677,8.915423,8.915423,4.845471,8626116
2006-07-06,8.915423,9.074627,8.915423,8.935323,4.856287,8720787
2006-07-07,8.865672,8.955224,8.706468,8.716418,4.737313,8200498
2006-07-10,8.905473,8.965174,8.805970,8.835821,4.802208,6662547
2006-07-11,8.825871,8.915423,8.706468,8.915423,4.845471,5653929
2006-07-12,8.915423,8.915423,8.776119,8.825871,4.796800,7836487
2006-07-13,8.696517,8.746269,8.457711,8.527363,4.634562,7814679
2006-07-14,8.457711,8.497512,8.328358,8.457711,4.596708,8178087
2006-07-17,8.258706,8.328358,8.109453,8.199005,4.456102,7534183
2006-07-18,8.208955,8.298507,8.069652,8.278607,4.499364,8209141
2006-07-19,8.258706,8.567164,8.199005,8.527363,4.634562,13070226
2006-07-20,8.606965,8.636816,8.388060,8.417910,4.575075,9726088
2006-07-21,8.208955,8.218905,7.930348,7.960199,4.326313,21058167
2006-07-24,8.019900,8.378109,8.009950,8.358209,4.542630,12091657
2006-07-25,8.358209,8.407960,8.199005,8.358209,4.542630,6043869
2006-07-26,8.358209,8.447761,8.218905,8.407960,4.569669,7207558
2006-07-27,8.606965,8.726368,8.328358,8.328358,4.526404,11620915
2006-07-28,8.328358,8.666667,8.308458,8.636816,4.694050,13363786
2006-07-31,8.636816,8.686567,8.477612,8.626866,4.688643,7251979
2006-08-01,8.606965,8.656716,8.537313,8.567164,4.656194,10012111
2006-08-02,8.636816,8.686567,8.587065,8.597015,4.672418,6365670
2006-08-03,8.597015,8.696517,8.557214,8.606965,4.677826,7004347
2006-08-04,8.656716,8.696517,8.477612,8.507463,4.623747,5528806
2006-08-07,8.527363,8.527363,8.378109,8.378109,4.553444,6863245
2006-08-08,8.527363,8.547264,8.388060,8.467662,4.602116,11064648
2006-08-09,8.577114,8.646766,8.407960,8.407960,4.569669,10744656
2006-08-10,8.587065,8.835821,8.567164,8.756219,4.758944,16353661
2006-08-11,8.855721,8.865672,8.597015,8.606965,4.677826,7338208
2006-08-14,8.786070,8.935323,8.766169,8.825871,4.796800,10440844
2006-08-15,8.905473,9.233831,8.835821,9.213930,5.007708,12447226
2006-08-16,9.213930,9.442786,9.203980,9.422886,5.121274,17967189
2006-08-17,9.422886,9.641791,9.412935,9.542289,5.186168,13342179
2006-08-18,9.502488,9.502488,9.323383,9.432836,5.126681,7259718
2006-08-21,9.432836,9.442786,9.203980,9.233831,5.018523,7301626
2006-08-22,9.273632,9.353234,9.203980,9.313433,5.061788,5998041
2006-08-23,9.303483,9.303483,9.014925,9.044776,4.915773,7068567
2006-08-24,9.054726,9.054726,8.935323,8.965174,4.872510,6915304
2006-08-25,8.985075,9.034826,8.885572,8.895522,4.834656,4488732
2006-08-28,8.875622,8.995025,8.766169,8.945274,4.861694,5222884
2006-08-29,8.955224,8.995025,8.895522,8.965174,4.872510,5181177
2006-08-30,9.064677,9.194030,9.014925,9.174129,4.986075,7921812
2006-08-31,9.243781,9.303483,9.134328,9.263682,5.034748,8785408
2006-09-01,9.333333,9.402985,9.223881,9.293532,5.050970,5640160
2006-09-05,9.293532,9.373134,9.203980,9.333333,5.072602,4702093
2006-09-06,9.273632,9.283582,8.975124,9.034826,4.910365,10289893
2006-09-07,9.034826,9.104478,8.895522,9.004975,4.894142,8675864
2006-09-08,9.094527,9.094527,8.845771,8.915423,4.845471,8549937
2006-09-11,9.353234,9.353234,8.815920,8.965174,4.872510,6423960
2006-09-12,8.985075,9.273632,8.975124,9.263682,5.034748,13760158
2006-09-13,9.343284,9.512438,9.273632,9.432836,5.126681,13299567
2006-09-14,9.383085,9.542289,9.323383,9.452736,5.137497,10715913
2006-09-15,9.532338,9.631841,9.452736,9.462687,5.142904,8992036
2006-09-18,9.552239,9.900498,9.532338,9.870647,5.364630,17932617
2006-09-19,9.800995,9.800995,9.412935,9.621891,5.229432,14983545
2006-09-20,9.651741,9.840796,9.621891,9.810945,5.332180,10237734
2006-09-21,9.850746,9.850746,9.562189,9.592040,5.213208,9025503
2006-09-22,9.472637,9.601990,9.432836,9.452736,5.137497,9467602
2006-09-25,9.562189,9.810945,9.452736,9.741294,5.294327,13291828
2006-09-26,9.741294,9.741294,9.552239,9.671642,5.256470,9343284
2006-09-27,9.572139,9.681592,9.512438,9.522388,5.175352,8758676
2006-09-28,9.532338,9.611940,9.472637,9.611940,5.224023,10567072
2006-09-29,9.681592,9.681592,9.502488,9.552239,5.191576,10841940
2006-10-02,9.552239,9.741294,9.502488,9.621891,5.229432,10834402
2006-10-03,9.552239,9.552239,9.393035,9.412935,5.115865,13788097
2006-10-04,9.353234,9.542289,9.303483,9.522388,5.175352,13735335
2006-10-05,9.621891,9.800995,9.572139,9.800995,5.326773,10083064
2006-10-06,9.681592,9.771144,9.611940,9.661692,5.251064,8134470
2006-10-09,9.661692,9.731343,9.621891,9.671642,5.256470,6082561
2006-10-10,9.800995,9.900498,9.691542,9.751244,5.299734,14386273
2006-10-11,9.751244,9.840796,9.641791,9.761194,5.305141,11604534
2006-10-12,9.800995,10.049751,9.791045,10.039801,5.456563,17075453
2006-10-13,10.079602,10.338308,10.049751,10.248756,5.570128,10550389
2006-10-16,10.437811,10.447761,10.238806,10.278607,5.586351,10148992
2006-10-17,10.179104,10.179104,9.880597,9.970149,5.418706,11168967
2006-10-18,9.960199,10.029851,9.701493,9.731343,5.288918,13023493
2006-10-19,9.721393,9.731343,9.601990,9.661692,5.251064,7679104
2006-10-20,9.751244,9.761194,9.611940,9.691542,5.267285,7103842
2006-10-23,9.751244,9.890547,9.691542,9.840796,5.348405,8895255
2006-10-24,9.910448,10.000000,9.830846,9.870647,5.364630,9652522
2006-10-25,9.870647,9.960199,9.781095,9.920398,5.391665,11359314
2006-10-26,9.910448,10.199005,9.850746,9.930348,5.397076,8323008
2006-10-27,9.930348,9.940299,9.651741,9.651741,5.245654,8388232
2006-10-30,9.651741,9.701493,9.472637,9.621891,5.229432,12410644
2006-10-31,9.701493,9.781095,9.601990,9.651741,5.245654,7805332
2006-11-01,9.711443,9.731343,9.393035,9.412935,5.115865,10841136
2006-11-02,9.452736,9.512438,9.313433,9.452736,5.137497,13923873
2006-11-03,9.432836,9.502488,9.353234,9.502488,5.164536,9557047
2006-11-06,9.402985,9.582090,9.402985,9.502488,5.164536,11255799
2006-11-07,9.472637,9.641791,9.462687,9.562189,5.196983,15684834
2006-11-08,9.562189,9.601990,9.432836,9.582090,5.207800,7665738
2006-11-09,9.641791,9.651741,9.402985,9.432836,5.126681,10808272
2006-11-10,9.492537,9.512438,9.393035,9.432836,5.126681,8938269
2006-11-13,9.482587,9.552239,9.402985,9.532338,5.180760,7590363
2006-11-14,9.532338,9.820896,9.512438,9.810945,5.332180,9058366
2006-11-15,9.920398,9.940299,9.751244,9.850746,5.353812,10885356
2006-11-16,9.850746,9.980100,9.751244,9.960199,5.413301,8776565
2006-11-17,9.910448,9.950249,9.830846,9.930348,5.397076,7566846
2006-11-20,9.810945,9.980100,9.810945,9.960199,5.413301,12745209
2006-11-21,10.009950,10.039801,9.890547,10.029851,5.451157,7821513
2006-11-22,10.000000,10.288557,9.980100,10.258706,5.575536,11876989
2006-11-24,10.159204,10.497512,10.129353,10.427861,5.667471,8016885
2006-11-27,10.447761,10.567164,10.189055,10.218905,5.553905,13331827
2006-11-28,10.149254,10.258706,10.119403,10.218905,5.553905,9365695
2006-11-29,10.358209,10.507463,10.288557,10.417910,5.662062,11818800
2006-11-30,10.507463,10.746269,10.457711,10.696517,5.813483,17083794
2006-12-01,10.696517,10.805970,10.457711,10.567164,5.743180,13913622
2006-12-04,10.686567,11.094527,10.606965,11.024876,5.991944,17645388
2006-12-05,10.905473,11.223881,10.905473,11.124378,6.046023,11921209
2006-12-06,11.124378,11.174129,10.955224,10.975124,5.964904,13284190
2006-12-07,10.935323,11.144279,10.875622,10.945274,5.948680,7563429
2006-12-08,10.805970,10.925373,10.666667,10.865672,5.905418,11731164
2006-12-11,10.865672,11.044776,10.766169,10.815920,5.878376,12532551
2006-12-12,10.736318,10.736318,10.457711,10.636816,5.781036,12412654
2006-12-13,10.676617,10.726368,10.497512,10.517413,5.716141,10313913
2006-12-14,10.497512,10.656716,10.477612,10.656716,5.791852,8357982
2006-12-15,10.726368,10.776119,10.597015,10.686567,5.808075,7953670
2006-12-18,10.756219,10.945274,10.616915,10.776119,5.856747,7873471
2006-12-19,10.587065,10.587065,10.437811,10.567164,5.743180,11242734
2006-12-20,10.606965,10.716418,10.487562,10.527363,5.721550,8017990
2006-12-21,10.497512,10.726368,10.497512,10.706468,5.818891,10309189
2006-12-22,10.706468,10.796020,10.636816,10.696517,5.813483,4552650
2006-12-26,10.746269,10.895522,10.726368,10.865672,5.905418,4484008
2006-12-27,10.875622,10.965174,10.875622,10.955224,5.954086,5479662
2006-12-28,10.895522,10.975124,10.815920,10.935323,5.943273,6184870
2006-12-29,11.064677,11.084577,10.845771,10.875622,5.910826,4470843
2007-01-03,11.054726,11.124378,10.845771,10.915423,5.932457,12438784
2007-01-04,10.925373,10.985075,10.736318,10.915423,5.932457,17678653
2007-01-05,10.845771,10.845771,10.527363,10.636816,5.781036,12691240
2007-01-08,10.636816,10.766169,10.636816,10.696517,5.813483,5477350
2007-01-09,10.796020,10.796020,10.527363,10.567164,5.743180,7396096
2007-01-10,10.437811,10.646766,10.368159,10.626866,5.775627,11091582
2007-01-11,10.686567,10.895522,10.676617,10.855721,5.900010,17608203
2007-01-12,11.144279,11.373134,11.074627,11.194030,6.083876,33519865
2007-01-16,11.293532,11.343284,11.194030,11.253731,6.116327,14243463
2007-01-17,11.293532,11.432836,11.164179,11.432836,6.213666,19711668
2007-01-18,11.422886,11.442786,11.154229,11.194030,6.083876,20908723
2007-01-19,11.194030,11.293532,11.124378,11.233831,6.105510,12316677
2007-01-22,11.194030,11.194030,10.985075,11.004975,5.981127,11010579
2007-01-23,11.014925,11.273632,10.905473,11.194030,6.083876,17382380
2007-01-24,11.343284,11.422886,11.184080,11.422886,6.208261,12059698
2007-01-25,11.124378,11.184080,10.696517,10.706468,5.818891,47390574
2007-01-26,10.736318,10.895522,10.666667,10.875622,5.910826,13772620
2007-01-29,10.875622,10.895522,10.706468,10.716418,5.824299,7460115
2007-01-30,10.716418,10.865672,10.716418,10.855721,5.900010,6525867
2007-01-31,10.805970,10.915423,10.686567,10.855721,5.900010,9210423
2007-02-01,10.855721,10.985075,10.746269,10.955224,5.954086,8544711
2007-02-02,11.034826,11.054726,10.845771,10.885572,5.916235,7043643
2007-02-05,10.786070,10.875622,10.786070,10.796020,5.867562,8542199
2007-02-06,10.945274,10.985075,10.845771,10.915423,5.932457,9055954
2007-02-07,10.915423,11.243781,10.895522,11.104478,6.035208,13428508
2007-02-08,11.114428,11.114428,11.004975,11.064677,6.013576,7503732
2007-02-09,11.064677,11.104478,10.875622,10.895522,5.921642,9731515
2007-02-12,10.786070,10.865672,10.597015,10.626866,5.775627,11556394
2007-02-13,10.557214,10.686567,10.457711,10.676617,5.802669,13869804
2007-02-14,10.786070,11.154229,10.776119,11.094527,6.029799,12912843
2007-02-15,11.104478,11.184080,11.104478,11.114428,6.040614,11425242
2007-02-16,11.184080,11.184080,11.044776,11.174129,6.073061,4949826
2007-02-20,11.184080,11.383085,11.124378,11.293532,6.137955,8291049
2007-02-21,11.293532,11.432836,11.203980,11.422886,6.208261,7740409
2007-02-22,11.422886,11.542289,11.373134,11.492537,6.246114,10243161
2007-02-23,11.582090,11.582090,11.293532,11.333333,6.159589,6074823
2007-02-26,11.343284,11.343284,11.233831,11.333333,6.159589,8577776
2007-02-27,11.154229,11.164179,10.875622,10.885572,5.916235,16183816
2007-02-28,10.995025,11.184080,10.945274,11.044776,6.002759,9975529
2007-03-01,10.756219,10.945274,10.587065,10.875622,5.910826,15206554
2007-03-02,10.875622,10.895522,10.587065,10.587065,5.753995,9541369
2007-03-05,9.850746,10.407960,9.751244,10.059701,5.467378,19155400
2007-03-06,10.348259,10.597015,10.338308,10.557214,5.737773,16901789
2007-03-07,10.557214,10.606965,10.398010,10.447761,5.678286,12763902
2007-03-08,10.726368,10.776119,10.636816,10.726368,5.829707,7744027
2007-03-09,10.636816,10.706468,10.388060,10.696517,5.813483,22430796
2007-03-12,10.746269,11.104478,10.696517,11.064677,6.013576,15808047
2007-03-13,10.985075,11.184080,10.885572,10.905473,5.927047,18061458
2007-03-14,11.004975,11.094527,10.736318,11.004975,5.981127,9948997
2007-03-15,11.004975,11.144279,10.955224,11.094527,6.029799,11060427
2007-03-16,11.094527,11.124378,10.955224,10.965174,5.959496,8237683
2007-03-19,10.975124,11.154229,10.955224,10.985075,5.970312,9695034
2007-03-20,11.034826,11.273632,11.014925,11.253731,6.116327,9877341
2007-03-21,11.273632,11.562189,11.184080,11.492537,6.246114,9281376
2007-03-22,11.562189,11.562189,11.213930,11.283582,6.132549,14519034
2007-03-23,11.154229,11.412935,11.154229,11.313433,6.148771,7086657
2007-03-26,11.343284,11.383085,11.174129,11.373134,6.181220,9676743
2007-03-27,11.323383,11.323383,11.064677,11.064677,6.013576,6576820
2007-03-28,11.064677,11.064677,10.746269,10.766169,5.851340,13758952
2007-03-29,10.885572,11.014925,10.597015,10.746269,5.840523,22769179
2007-03-30,10.706468,10.776119,10.636816,10.696517,5.813483,9627900
2007-04-02,10.756219,10.845771,10.626866,10.726368,5.829707,6349188
2007-04-03,10.796020,10.845771,10.686567,10.845771,5.894602,16976259
2007-04-04,10.845771,10.925373,10.676617,10.726368,5.829707,12961585
2007-04-05,10.835821,10.995025,10.756219,10.915423,5.932457,12080301
2007-04-09,11.044776,11.044776,10.786070,10.815920,5.878376,8725913
2007-04-10,10.736318,10.875622,10.676617,10.756219,5.845932,11179921
2007-04-11,10.845771,10.855721,10.676617,10.716418,5.824299,7455894
2007-04-12,10.736318,10.805970,10.646766,10.746269,5.840523,8070753
2007-04-13,10.656716,10.766169,10.567164,10.646766,5.786443,8323108
2007-04-16,10.766169,10.786070,10.616915,10.716418,5.824299,13586394
2007-04-17,10.746269,10.746269,10.547264,10.606965,5.764812,10811790
2007-04-18,10.616915,10.726368,10.597015,10.616915,5.770221,10639633
2007-04-19,10.467662,10.537313,10.417910,10.497512,5.705325,14985253
2007-04-20,10.805970,10.815920,10.378109,10.467662,5.689101,16506421
2007-04-23,10.597015,10.606965,10.487562,10.527363,5.721550,10061055
2007-04-24,10.696517,10.796020,10.417910,10.736318,5.835115,27024651
2007-04-25,10.756219,10.925373,10.736318,10.895522,5.921642,27902016
2007-04-26,10.796020,11.004975,10.796020,10.975124,5.964904,18366676
2007-04-27,10.835821,10.845771,10.587065,10.636816,5.781036,16408132
2007-04-30,10.606965,10.616915,10.487562,10.487562,5.699918,13280874
2007-05-01,10.497512,10.666667,10.457711,10.636816,5.781036,8039598
2007-05-02,10.626866,10.646766,10.517413,10.567164,5.743180,11618503
2007-05-03,10.537313,10.706468,10.537313,10.656716,5.791852,9798348
2007-05-04,10.845771,10.855721,10.646766,10.646766,5.786443,9569610
2007-05-07,10.646766,10.706468,10.597015,10.646766,5.786443,5307907
2007-05-08,10.587065,10.597015,10.417910,10.447761,5.678286,7262230
2007-05-09,10.368159,10.477612,10.338308,10.477612,5.694509,12284517
2007-05-10,10.497512,10.497512,10.328358,10.368159,5.635023,14074924
2007-05-11,10.278607,10.407960,10.278607,10.358209,5.629616,10183162
2007-05-14,10.298507,10.378109,10.149254,10.179104,5.532272,11532174
2007-05-15,10.258706,10.338308,10.129353,10.228856,5.559312,8597574
2007-05-16,10.238806,10.477612,10.228856,10.447761,5.678286,12650538
2007-05-17,10.398010,10.776119,10.398010,10.626866,5.775627,26391802
2007-05-18,10.646766,10.706468,10.467662,10.477612,5.694509,50246784
2007-05-21,10.537313,10.626866,10.427861,10.457711,5.683694,24418384
2007-05-22,10.507463,10.676617,10.417910,10.606965,5.764812,19368561
2007-05-23,10.656716,10.736318,10.457711,10.477612,5.694509,15541018
2007-05-24,10.537313,10.597015,10.278607,10.368159,5.635023,30232209
2007-05-25,10.348259,10.447761,10.268657,10.417910,5.662062,16438785
2007-05-29,10.537313,10.636816,10.497512,10.577114,5.748588,16839177
2007-05-30,10.587065,10.656716,10.447761,10.606965,5.764812,13727998
2007-05-31,10.706468,10.895522,10.616915,10.855721,5.900010,18564159
2007-06-01,10.925373,11.064677,10.805970,11.024876,5.991944,17743878
2007-06-04,10.945274,11.044776,10.905473,10.935323,5.943273,12507627
2007-06-05,10.965174,11.014925,10.666667,10.776119,5.856747,31429365
2007-06-06,10.786070,10.845771,10.626866,10.726368,5.829707,9908596
2007-06-07,10.786070,10.835821,10.646766,10.656716,5.791852,20211253
2007-06-08,10.348259,10.537313,10.268657,10.517413,5.965106,17631921
2007-06-11,10.457711,10.497512,10.388060,10.407960,5.903027,14579635
2007-06-12,10.338308,10.338308,10.179104,10.218905,5.795803,11875683
2007-06-13,10.218905,10.338308,10.199005,10.328358,5.857881,15673578
2007-06-14,10.388060,10.597015,10.348259,10.547264,5.982034,22370395
2007-06-15,10.567164,10.825871,10.567164,10.766169,6.106192,20602500
2007-06-18,10.746269,10.766169,10.577114,10.616915,6.021541,12754254
2007-06-19,10.636816,10.676617,10.517413,10.646766,6.038468,9767595
2007-06-20,10.845771,10.855721,10.676617,10.746269,6.094903,20268237
2007-06-21,10.796020,11.194030,10.796020,11.174129,6.337571,22318537
2007-06-22,11.084577,11.154229,10.875622,10.925373,6.196486,16197685
2007-06-25,11.134328,11.164179,10.935323,10.935323,6.202127,13686291
2007-06-26,11.114428,11.114428,10.875622,10.955224,6.213414,11499109
2007-06-27,10.895522,11.104478,10.855721,11.084577,6.286780,7901410
2007-06-28,10.965174,11.174129,10.965174,11.114428,6.303710,9823774
2007-06-29,11.114428,11.283582,10.965174,11.074627,6.281137,13889502
2007-07-02,11.144279,11.253731,11.134328,11.223881,6.365788,12859678
2007-07-03,11.263682,11.363184,11.213930,11.333333,6.427866,5946082
2007-07-05,11.343284,11.383085,11.243781,11.333333,6.427866,20753752
2007-07-06,11.273632,11.472637,11.253731,11.422886,6.478659,18436725
2007-07-09,11.621891,11.751244,11.432836,11.671642,6.619743,20947717
2007-07-10,11.522388,11.582090,11.383085,11.393035,6.461726,17535140
2007-07-11,11.333333,11.412935,11.273632,11.343284,6.433511,15924526
2007-07-12,11.422886,11.641791,11.393035,11.631841,6.597170,10888672
2007-07-13,11.681592,11.701493,11.582090,11.601990,6.580237,10991785
2007-07-16,11.641791,11.711443,11.353234,11.621891,6.591527,12971535
2007-07-17,11.512438,11.731343,11.512438,11.681592,6.625385,12932842
2007-07-18,11.323383,11.542289,11.124378,11.303483,6.410936,17524085
2007-07-19,11.213930,11.273632,11.094527,11.174129,6.337571,20027740
2007-07-20,11.104478,11.144279,10.686567,10.845771,6.151340,21393736
2007-07-23,10.985075,10.995025,10.885572,10.965174,6.219059,13816036
2007-07-24,10.855721,11.184080,10.626866,10.845771,6.151340,15984726
2007-07-25,10.905473,10.975124,10.706468,10.845771,6.151340,13326903
2007-07-26,10.597015,10.597015,10.049751,10.169154,5.767584,28733955
2007-07-27,10.268657,10.268657,9.880597,10.049751,5.699863,25589209
2007-07-30,10.228856,10.328358,10.069652,10.228856,5.801445,19054699
2007-07-31,10.318408,10.388060,10.059701,10.099502,5.728080,17469413
2007-08-01,9.850746,9.930348,9.572139,9.890547,5.609569,18272005
2007-08-02,10.049751,10.169154,9.562189,10.049751,5.699863,14925456
2007-08-03,10.288557,10.288557,9.621891,9.651741,5.474126,18280749
2007-08-06,9.830846,9.990050,9.572139,9.970149,5.654715,16319592
2007-08-07,9.741294,9.920398,9.681592,9.840796,5.581352,12688426
2007-08-08,10.049751,10.288557,10.009950,10.218905,5.795803,12370947
2007-08-09,10.079602,10.089552,9.552239,9.731343,5.519273,26989777
2007-08-10,9.950249,9.950249,9.502488,9.850746,5.586994,18508281
2007-08-13,10.149254,10.149254,9.850746,9.980100,5.660361,13358560
2007-08-14,10.029851,10.079602,9.552239,9.552239,5.417692,16883799
2007-08-15,9.502488,9.572139,9.094527,9.144279,5.186311,30594913
2007-08-16,8.975124,9.194030,8.716418,9.064677,5.141163,22003068
2007-08-17,9.343284,9.701493,9.303483,9.651741,5.474126,16835961
2007-08-20,9.810945,9.850746,9.552239,9.671642,5.485415,8833146
2007-08-21,9.810945,9.810945,9.502488,9.621891,5.457197,11068065
2007-08-22,9.721393,9.920398,9.701493,9.830846,5.575708,16875156
2007-08-23,9.950249,9.950249,9.661692,9.900498,5.615211,10086180
2007-08-24,9.810945,10.009950,9.791045,9.990050,5.666002,7980303
2007-08-27,9.950249,9.950249,9.611940,9.671642,5.485415,10061256
2007-08-28,9.681592,9.681592,9.313433,9.353234,5.304823,8762294
2007-08-29,9.472637,9.701493,9.422886,9.681592,5.491056,8693954
2007-08-30,9.562189,9.731343,9.462687,9.482587,5.378189,7645437
2007-08-31,9.800995,9.880597,9.721393,9.870647,5.598284,10421448
2007-09-04,9.820896,10.139303,9.800995,10.069652,5.711151,12640488
2007-09-05,9.870647,9.990050,9.860697,9.920398,5.626497,14275221
2007-09-06,10.039801,10.139303,9.910448,10.069652,5.711151,12682899
2007-09-07,9.910448,9.910448,9.532338,9.671642,5.485415,16333360
2007-09-10,9.741294,9.900498,9.582090,9.681592,5.491056,12108340
2007-09-11,9.781095,9.830846,9.631841,9.751244,5.530561,12389037
2007-09-12,9.741294,9.990050,9.651741,9.800995,5.558779,13083592
2007-09-13,9.751244,10.069652,9.721393,9.990050,5.666002,13220976
2007-09-14,9.920398,10.000000,9.880597,9.930348,5.632143,11346148
2007-09-17,9.800995,9.890547,9.701493,9.771144,5.541848,8778374
2007-09-18,9.771144,10.199005,9.701493,10.179104,5.773228,13417152
2007-09-19,10.139303,10.139303,9.950249,10.059701,5.705506,16512652
2007-09-20,10.029851,10.099502,9.940299,10.029851,5.688579,11045854
2007-09-21,10.049751,10.238806,10.039801,10.199005,5.784514,9372328
2007-09-24,10.248756,10.348259,10.169154,10.218905,5.795803,11343736
2007-09-25,10.149254,10.169154,10.009950,10.069652,5.711151,15781716
2007-09-26,10.139303,10.238806,9.950249,10.009950,5.677289,13897843
2007-09-27,10.179104,10.298507,10.109453,10.228856,5.801445,11353987
2007-09-28,10.208955,10.238806,10.059701,10.069652,5.711151,7843623
2007-10-01,10.149254,10.487562,10.129353,10.378109,5.886097,10708174
2007-10-02,10.398010,10.497512,10.358209,10.467662,5.936886,10962942
2007-10-03,10.358209,10.477612,10.238806,10.328358,5.857881,8875959
2007-10-04,10.358209,10.497512,10.308458,10.358209,5.874811,11784630
2007-10-05,10.457711,10.776119,10.417910,10.636816,6.032826,11529561
2007-10-08,10.557214,10.756219,10.507463,10.557214,5.987678,10397529
2007-10-09,10.606965,10.666667,10.447761,10.646766,6.038468,14241051
2007-10-10,10.646766,10.766169,10.447761,10.726368,6.083617,15874779
2007-10-11,10.547264,10.606965,10.049751,10.159204,5.761943,22792797
2007-10-12,10.199005,10.199005,9.920398,9.990050,5.666002,16922592
2007-10-15,10.079602,10.228856,9.910448,9.950249,5.643430,11790660
2007-10-16,10.029851,10.039801,9.850746,9.920398,5.626497,10599433
2007-10-17,10.089552,10.218905,9.930348,10.129353,5.745012,12266527
2007-10-18,10.099502,10.169154,9.930348,10.049751,5.699863,13324792
2007-10-19,9.950249,10.059701,9.651741,9.691542,5.496699,15072789
2007-10-22,9.681592,9.771144,9.552239,9.661692,5.479771,9349615
2007-10-23,9.810945,9.990050,9.771144,9.970149,5.654715,16278387
2007-10-24,9.890547,9.890547,9.462687,9.721393,5.513631,16157284
2007-10-25,9.890547,9.890547,9.651741,9.731343,5.519273,21184194
2007-10-26,9.880597,9.920398,9.800995,9.860697,5.592637,22524562
2007-10-29,10.119403,10.487562,10.089552,10.457711,5.931245,29765688
2007-10-30,10.248756,10.388060,10.109453,10.348259,5.869168,15677296
2007-10-31,10.398010,10.676617,10.368159,10.597015,6.010253,21427404
2007-11-01,10.089552,10.686567,10.089552,10.447761,5.925601,23194495
2007-11-02,10.328358,10.497512,10.218905,10.338308,5.863523,17370822
2007-11-05,10.129353,10.388060,10.049751,10.149254,5.756298,11784328
2007-11-06,10.149254,10.417910,10.149254,10.378109,5.886097,9938746
2007-11-07,10.378109,10.378109,10.089552,10.109453,5.733726,9930505
2007-11-08,10.059701,10.189055,9.711443,9.850746,5.586994,17854026
2007-11-09,9.751244,9.940299,9.711443,9.761194,5.536204,13851814
2007-11-12,9.741294,9.890547,9.542289,9.542289,5.412048,13630815
2007-11-13,9.661692,9.940299,9.661692,9.940299,5.637787,20986008
2007-11-14,9.900498,10.009950,9.761194,9.791045,5.553136,8140500
2007-11-15,9.850746,9.860697,9.502488,9.601990,5.445910,14969676
2007-11-16,9.641791,9.711443,9.492537,9.701493,5.502343,9207910
2007-11-19,9.631841,9.701493,9.482587,9.482587,5.378189,11246854
2007-11-20,9.532338,9.870647,9.482587,9.611940,5.451552,11248563
2007-11-21,9.452736,9.482587,9.114428,9.223881,5.231460,15221428
2007-11-23,9.452736,9.542289,9.373134,9.442786,5.355616,7668451
2007-11-26,9.452736,9.661692,9.432836,9.442786,5.355616,12451347
2007-11-27,9.492537,9.492537,9.263682,9.383085,5.321754,13308310
2007-11-28,9.353234,9.791045,9.353234,9.701493,5.502343,14599836
2007-11-29,9.651741,9.771144,9.542289,9.701493,5.502343,12514260
2007-11-30,9.880597,10.009950,9.810945,9.870647,5.598284,16528431
2007-12-03,9.910448,9.920398,9.691542,9.721393,5.513631,12347128
2007-12-04,9.671642,9.810945,9.601990,9.651741,5.474126,8705913
2007-12-05,9.830846,9.990050,9.810945,9.960199,5.649074,16700386
2007-12-06,9.930348,10.228856,9.930348,10.208955,5.790158,10510993
2007-12-07,10.248756,10.328358,10.169154,10.248756,5.812732,10311199
2007-12-10,10.019900,10.189055,9.990050,10.079602,5.716793,9017061
2007-12-11,10.099502,10.268657,9.850746,9.880597,5.603924,13668804
2007-12-12,10.049751,10.139303,9.800995,9.950249,5.643430,9967791
2007-12-13,9.800995,9.840796,9.621891,9.810945,5.564419,12614458
2007-12-14,9.830846,9.830846,9.572139,9.601990,5.445910,8700386
2007-12-17,9.671642,9.671642,9.333333,9.353234,5.304823,13084899
2007-12-18,9.442786,9.671642,9.402985,9.582090,5.434624,10374213
2007-12-19,9.502488,9.691542,9.502488,9.631841,5.462841,10411900
2007-12-20,9.701493,9.731343,9.552239,9.621891,5.457197,7812669
2007-12-21,9.701493,9.771144,9.631841,9.761194,5.536204,8782795
2007-12-24,9.791045,9.830846,9.701493,9.771144,5.541848,1896435
2007-12-26,9.781095,9.890547,9.711443,9.890547,5.609569,4822693
2007-12-27,9.960199,9.980100,9.721393,9.751244,5.530561,4903495
2007-12-28,9.791045,9.870647,9.681592,9.850746,5.586994,9009121
2007-12-31,9.900498,9.980100,9.860697,9.910448,5.620856,6737922
2008-01-02,9.791045,9.850746,9.442786,9.522388,5.400762,13048015
2008-01-03,9.452736,9.592040,9.353234,9.393035,5.327397,10655211
2008-01-04,9.353234,9.412935,8.855721,8.885572,5.039581,20526421
2008-01-07,8.955224,8.955224,8.587065,8.706468,4.937999,18029800
2008-01-08,8.716418,8.925373,8.656716,8.716418,4.943646,18814906
2008-01-09,8.786070,9.094527,8.766169,9.014925,5.112946,20390545
2008-01-10,8.905473,9.044776,8.835821,9.034826,5.124233,15793173
2008-01-11,8.935323,8.935323,8.786070,8.845771,5.017007,14975706
2008-01-14,8.995025,9.044776,8.885572,9.004975,5.107304,14863648
2008-01-15,9.004975,9.054726,8.716418,8.726368,4.949288,17130527
2008-01-16,8.656716,8.686567,8.238806,8.437811,4.785629,16620690
2008-01-17,8.507463,8.726368,8.308458,8.348259,4.734837,19108266
2008-01-18,8.457711,8.796020,8.427861,8.597015,4.875923,16507024
2008-01-22,7.781095,8.238806,7.522388,7.950249,4.509100,20373762
2008-01-23,7.840796,8.587065,7.661692,8.517413,4.830775,25966687
2008-01-24,8.616915,8.855721,8.497512,8.646766,4.904139,17356652
2008-01-25,8.676617,9.004975,8.646766,8.656716,4.909783,19866237
2008-01-28,8.567164,8.706468,8.437811,8.656716,4.909783,11690461
2008-01-29,8.895522,8.925373,8.716418,8.855721,5.022652,11860708
2008-01-30,8.865672,9.114428,8.736318,8.845771,5.017007,18682246
2008-01-31,9.114428,9.323383,8.746269,9.203980,5.220173,22262458
2008-02-01,9.402985,9.741294,9.373134,9.701493,5.502343,23160225
2008-02-04,9.771144,9.781095,9.562189,9.721393,5.513631,12035277
2008-02-05,9.601990,9.601990,9.094527,9.094527,5.158094,20530240
2008-02-06,9.094527,9.333333,9.054726,9.064677,5.141163,11811363
2008-02-07,9.054726,9.323383,8.895522,9.203980,5.220173,17001987
2008-02-08,9.054726,9.283582,9.034826,9.194030,5.214528,9359263
2008-02-11,9.203980,9.402985,9.134328,9.373134,5.316110,11406046
2008-02-12,9.402985,9.592040,9.373134,9.492537,5.383831,10723249
2008-02-13,9.552239,9.671642,9.462687,9.661692,5.479771,10441749
2008-02-14,9.611940,9.830846,9.611940,9.651741,5.474126,19969752
2008-02-15,9.542289,9.791045,9.512438,9.661692,5.479771,12235272
2008-02-19,9.731343,9.880597,9.721393,9.761194,5.536204,19628856
2008-02-20,9.691542,9.751244,9.552239,9.721393,5.513631,12835357
2008-02-21,9.800995,9.890547,9.502488,9.552239,5.417692,18506070
2008-02-22,9.582090,9.681592,9.422886,9.631841,5.462841,13163188
2008-02-25,9.711443,9.850746,9.572139,9.820896,5.570066,13565389
2008-02-26,9.880597,10.139303,9.791045,10.079602,5.716793,15799002
2008-02-27,9.960199,10.248756,9.960199,10.189055,5.778872,14249995
2008-02-28,10.099502,10.159204,9.960199,9.980100,5.660361,13183590
2008-02-29,9.860697,9.930348,9.671642,9.691542,5.496699,9337254
2008-03-03,9.781095,9.781095,9.452736,9.582090,5.434624,14820132
2008-03-04,9.820896,10.009950,9.701493,9.970149,5.654715,28308739
2008-03-05,10.149254,10.338308,10.139303,10.248756,5.812732,20783500
2008-03-06,10.248756,10.407960,10.089552,10.119403,5.739368,19604032
2008-03-07,10.079602,10.268657,9.880597,10.019900,5.682934,22971988
2008-03-10,9.950249,10.049751,9.800995,9.890547,5.609569,21618655
2008-03-11,10.069652,10.467662,10.069652,10.467662,5.936886,23805234
2008-03-12,10.348259,10.457711,10.228856,10.228856,5.801445,12600489
2008-03-13,10.099502,10.208955,9.791045,10.139303,5.750654,20892744
2008-03-14,10.119403,10.149254,9.731343,9.830846,5.575708,15435694
2008-03-17,9.482587,9.800995,9.472637,9.651741,5.474126,16274467
2008-03-18,9.930348,10.099502,9.751244,10.099502,5.728080,16088442
2008-03-19,10.049751,10.159204,9.721393,9.741294,5.524919,13728300
2008-03-20,10.029851,10.358209,9.920398,10.268657,5.824017,17885784
2008-03-24,10.875622,11.114428,10.796020,11.044776,6.264205,22853398
2008-03-25,11.044776,11.044776,10.825871,10.895522,6.179557,18325974
2008-03-26,10.895522,10.895522,10.597015,10.676617,6.055400,25658554
2008-03-27,10.636816,10.636816,10.149254,10.268657,5.824017,36010758
2008-03-28,10.298507,10.308458,10.029851,10.119403,5.739368,24311955
2008-03-31,10.109453,10.318408,10.109453,10.218905,5.795803,22791088
2008-04-01,10.248756,10.597015,10.248756,10.547264,5.982034,21019072
2008-04-02,10.597015,10.646766,10.388060,10.417910,5.908670,20032966
2008-04-03,10.298507,10.646766,10.298507,10.606965,6.015896,15121129
2008-04-04,10.527363,10.587065,10.348259,10.378109,5.886097,17943169
2008-04-07,10.388060,10.587065,10.348259,10.437811,5.919958,17137059
2008-04-08,10.348259,10.457711,10.268657,10.288557,5.835306,15330772
2008-04-09,10.268657,10.318408,10.099502,10.139303,5.750654,12972942
2008-04-10,10.258706,10.577114,10.258706,10.457711,5.931245,23585641
2008-04-11,10.348259,10.407960,10.189055,10.228856,5.801445,16218187
2008-04-14,10.318408,10.318408,10.149254,10.149254,5.756298,17896236
2008-04-15,10.338308,10.338308,10.208955,10.308458,5.846592,17423082
2008-04-16,10.587065,10.905473,10.567164,10.905473,6.185197,16780485
2008-04-17,10.805970,10.915423,10.706468,10.865672,6.162626,13880959
2008-04-18,10.985075,11.134328,10.885572,11.014925,6.247276,13342983
2008-04-21,11.004975,11.064677,10.885572,11.014925,6.247276,8824101
2008-04-22,11.004975,11.004975,10.646766,10.706468,6.072330,17868397
2008-04-23,10.646766,10.696517,10.487562,10.606965,6.015896,15706542
2008-04-24,10.537313,10.766169,10.417910,10.676617,6.055400,12141706
2008-04-25,10.646766,10.696517,10.427861,10.676617,6.055400,11204343
2008-04-28,10.746269,10.945274,10.746269,10.855721,6.156982,12064623
2008-04-29,10.796020,10.885572,10.716418,10.776119,6.111835,14542651
2008-04-30,10.915423,11.263682,10.915423,11.184080,6.343215,18892191
2008-05-01,11.194030,11.313433,11.094527,11.263682,6.388362,14288587
2008-05-02,11.273632,11.303483,11.094527,11.233831,6.371432,12926712
2008-05-05,11.194030,11.194030,10.995025,11.084577,6.286780,6700938
2008-05-06,11.044776,11.462687,11.014925,11.432836,6.484300,18080251
2008-05-07,11.343284,11.343284,11.044776,11.084577,6.286780,13523179
2008-05-08,11.124378,11.154229,10.925373,10.985075,6.230346,14612097
2008-05-09,10.935323,11.024876,10.796020,10.905473,6.185197,11230774
2008-05-12,10.945274,11.263682,10.925373,11.184080,6.343215,9832015
2008-05-13,11.243781,11.432836,11.164179,11.353234,6.439151,15564837
2008-05-14,11.363184,11.383085,11.213930,11.243781,6.377076,11391273
2008-05-15,11.303483,11.432836,11.184080,11.393035,6.461726,10019448
2008-05-16,11.373134,11.641791,11.373134,11.592040,6.574595,10786966
2008-05-19,11.502488,11.830846,11.492537,11.502488,6.523806,17348813
2008-05-20,11.343284,11.492537,11.134328,11.203980,6.354501,14300848
2008-05-21,11.174129,11.303483,11.034826,11.094527,6.292423,9239869
2008-05-22,11.034826,11.253731,11.034826,11.144279,6.320641,8947414
2008-05-23,11.064677,11.064677,10.726368,10.835821,6.145696,12688929
2008-05-27,10.935323,11.283582,10.885572,11.223881,6.365788,14581444
2008-05-28,11.333333,11.592040,11.243781,11.482587,6.512516,19339818
2008-05-29,11.393035,11.512438,11.203980,11.492537,6.518160,16754556
2008-05-30,11.412935,11.432836,11.283582,11.393035,6.461726,17579158
2008-06-02,11.213930,11.522388,11.213930,11.393035,6.461726,12112863
2008-06-03,11.283582,11.393035,11.213930,11.273632,6.394005,15754380
2008-06-04,11.213930,11.552239,11.203980,11.522388,6.535091,16026232
2008-06-05,11.452736,11.910448,11.452736,11.840796,6.715681,20573355
2008-06-06,11.651741,11.741294,11.522388,11.542289,6.546379,17935531
2008-06-09,11.393035,11.422886,11.074627,11.184080,6.343215,14669884
2008-06-10,11.034826,11.034826,10.796020,10.885572,6.173912,13132435
2008-06-11,11.004975,11.223881,10.845771,10.865672,6.162626,21154245
2008-06-12,10.985075,11.174129,10.905473,10.985075,6.230346,15511773
2008-06-13,10.985075,11.303483,10.985075,11.174129,6.337571,12335370
2008-06-16,11.054726,11.273632,11.044776,11.213930,6.360145,8660387
2008-06-17,11.203980,11.283582,11.084577,11.104478,6.298068,11704531
2008-06-18,11.134328,11.134328,10.945274,11.004975,6.241632,15679507
2008-06-19,11.014925,11.184080,10.875622,11.074627,6.281137,17065202
2008-06-20,10.885572,10.925373,10.656716,10.746269,6.094903,17803374
2008-06-23,10.736318,10.905473,10.716418,10.825871,6.140052,11627146
2008-06-24,10.656716,10.995025,10.656716,10.875622,6.168269,14775208
2008-06-25,11.094527,11.472637,11.094527,11.333333,6.427866,25579561
2008-06-26,10.975124,11.144279,10.706468,10.716418,6.077973,16710738
2008-06-27,10.636816,10.895522,10.606965,10.815920,6.134407,17133341
2008-06-30,10.925373,11.004975,10.805970,10.855721,6.156982,14468080
2008-07-01,10.746269,10.915423,10.606965,10.855721,6.156982,20061207
2008-07-02,10.776119,10.776119,10.527363,10.547264,5.982034,30594411
2008-07-03,10.388060,10.388060,9.970149,10.199005,5.784514,25748502
2008-07-07,10.208955,10.457711,9.960199,10.109453,5.733726,20116984
2008-07-08,10.079602,10.149254,10.009950,10.129353,5.745012,23366250
2008-07-09,10.199005,10.238806,9.890547,9.890547,5.609569,16505718
2008-07-10,10.000000,10.099502,9.900498,10.099502,5.728080,15561520
2008-07-11,10.228856,10.328358,9.960199,10.248756,5.812732,26063971
2008-07-14,10.238806,10.268657,9.960199,10.000000,5.671646,15522928
2008-07-15,9.741294,9.970149,9.552239,9.741294,5.524919,25935733
2008-07-16,9.442786,9.880597,9.203980,9.810945,5.862642,30900031
2008-07-17,9.870647,10.457711,9.850746,10.308458,6.159937,30299946
2008-07-18,10.199005,10.308458,10.069652,10.189055,6.088587,16296477
2008-07-21,10.268657,10.527363,10.199005,10.328358,6.171831,11093190
2008-07-22,10.000000,10.000000,9.671642,9.870647,5.898322,20066332
2008-07-23,9.930348,10.189055,9.800995,10.089552,6.029127,21472729
2008-07-24,10.039801,10.109453,9.810945,9.830846,5.874536,16162611
2008-07-25,9.960199,10.049751,9.820896,9.970149,5.957778,8647925
2008-07-28,10.019900,10.019900,9.691542,9.721393,5.809131,8733953
2008-07-29,9.592040,9.840796,9.512438,9.791045,5.850753,19184847
2008-07-30,9.850746,9.930348,9.721393,9.751244,5.826967,15831664
2008-07-31,9.601990,9.631841,9.412935,9.452736,5.648592,24250248
2008-08-01,9.552239,9.651741,9.383085,9.492537,5.672374,8369740
2008-08-04,9.452736,9.492537,9.313433,9.343284,5.583187,11438608
2008-08-05,9.492537,9.810945,9.402985,9.741294,5.821023,17648604
2008-08-06,9.800995,10.268657,9.800995,10.199005,6.094533,21347104
2008-08-07,10.000000,10.288557,9.960199,10.288557,6.148046,19253689
2008-08-08,10.268657,10.547264,10.099502,10.457711,6.249127,24252760
2008-08-11,10.338308,10.716418,10.338308,10.616915,6.344261,13967088
2008-08-12,10.587065,10.666667,10.467662,10.577114,6.320476,19161631
2008-08-13,10.119403,10.447761,10.099502,10.348259,6.183722,37985080
2008-08-14,10.447761,10.487562,10.298507,10.437811,6.237234,10728877
2008-08-15,10.537313,10.547264,10.248756,10.517413,6.284803,11626141
2008-08-18,10.517413,10.517413,10.248756,10.298507,6.153991,12901687
2008-08-19,10.169154,10.228856,10.099502,10.149254,6.064803,13844478
2008-08-20,10.179104,10.278607,10.029851,10.169154,6.076694,19264443
2008-08-21,10.189055,10.189055,9.990050,10.149254,6.064803,12625915
2008-08-22,10.169154,10.248756,10.119403,10.189055,6.088587,10325169
2008-08-25,10.099502,10.208955,10.049751,10.049751,6.005345,15508657
2008-08-26,9.960199,10.159204,9.960199,10.009950,5.981562,22751592
2008-08-27,10.069652,10.169154,10.039801,10.089552,6.029127,13500667
2008-08-28,10.079602,10.139303,9.920398,10.009950,5.981562,16594057
2008-08-29,9.910448,9.910448,9.601990,9.661692,5.773456,16868322
2008-09-02,9.412935,9.472637,9.184080,9.313433,5.565350,25228716
2008-09-03,9.333333,9.333333,8.995025,9.024876,5.392918,19849152
2008-09-04,8.915423,8.915423,8.577114,8.606965,5.143191,25150326
2008-09-05,8.656716,9.044776,8.606965,8.985075,5.369135,25811917
2008-09-08,9.402985,9.462687,9.094527,9.303483,5.559404,29865987
2008-09-09,9.194030,9.194030,8.736318,8.736318,5.220487,33925082
2008-09-10,9.014925,9.114428,8.805970,8.945274,5.345353,17696944
2008-09-11,8.706468,8.786070,8.477612,8.756219,5.232379,19982314
2008-09-12,8.756219,9.104478,8.537313,9.044776,5.404810,22379541
2008-09-15,8.716418,8.915423,8.606965,8.756219,5.232379,19761315
2008-09-16,8.557214,9.054726,8.507463,8.975124,5.363189,26173918
2008-09-17,8.786070,9.054726,8.706468,8.815920,5.268056,20720085
2008-09-18,8.905473,9.452736,8.815920,9.323383,5.571295,20862292
2008-09-19,9.651741,9.980100,9.552239,9.930348,5.933994,25998043
2008-09-22,9.761194,9.940299,9.472637,9.572139,5.719940,21722472
2008-09-23,9.592040,9.671642,9.243781,9.263682,5.535622,27571170
2008-09-24,9.572139,9.572139,9.223881,9.383085,5.606969,19481322
2008-09-25,9.452736,9.562189,9.373134,9.512438,5.684267,23884930
2008-09-26,9.363184,9.442786,9.194030,9.203980,5.499946,21763878
2008-09-29,9.054726,9.203980,8.567164,8.656716,5.172922,19568757
2008-09-30,8.815920,9.323383,8.805970,9.323383,5.571295,15443433
2008-10-01,9.174129,9.353234,9.014925,9.273632,5.541566,18988972
2008-10-02,9.263682,9.263682,8.567164,8.736318,5.220487,18267081
2008-10-03,8.776119,9.044776,8.348259,8.407960,5.024275,21325497
2008-10-06,8.228856,8.567164,7.970149,8.398010,5.018329,20410545
2008-10-07,8.248756,8.597015,7.960199,7.960199,4.756710,20980279
2008-10-08,7.880597,8.407960,7.711443,8.149254,4.869681,28668228
2008-10-09,8.368159,8.557214,7.263682,7.502488,4.483199,18323964
2008-10-10,7.363184,8.407960,7.213930,8.208955,4.905356,22488684
2008-10-13,8.606965,9.124378,8.000000,8.656716,5.172922,22205676
2008-10-14,8.965174,9.094527,8.129353,8.308458,4.964816,24434062
2008-10-15,8.119403,8.189055,7.462687,7.512438,4.489143,24521296
2008-10-16,7.532338,7.681592,7.154229,7.472637,4.465359,35250375
2008-10-17,7.402985,7.960199,7.263682,7.701493,4.602116,29068821
2008-10-20,7.701493,7.920398,7.482587,7.900498,4.721035,13216554
2008-10-21,7.651741,7.731343,7.353234,7.363184,4.399956,13010428
2008-10-22,7.263682,7.263682,6.756219,6.845771,4.090769,20331351
2008-10-23,6.905473,7.064677,6.686567,6.905473,4.126445,21685488
2008-10-24,6.318408,6.915423,6.179104,6.427861,3.841043,23395596
2008-10-27,6.318408,6.686567,6.278607,6.328358,3.781583,26257032
2008-10-28,6.567164,7.671642,6.567164,7.661692,4.578333,32131357
2008-10-29,7.462687,7.771144,7.164179,7.303483,4.364281,30808777
2008-10-30,7.373134,7.940299,7.373134,7.870647,4.703195,23678905
2008-10-31,8.069652,8.437811,7.701493,8.218905,4.911303,18197937
2008-11-03,8.208955,8.258706,7.910448,8.009950,4.786438,22831992
2008-11-04,8.338308,8.407960,8.119403,8.338308,4.982651,15415494
2008-11-05,8.119403,8.199005,7.721393,7.721393,4.614008,15972264
2008-11-06,7.701493,7.701493,7.184080,7.333333,4.382117,18868372
2008-11-07,7.432836,7.781095,7.273632,7.741294,4.625900,13673226
2008-11-10,7.562189,7.751244,7.472637,7.621891,4.554548,12221503
2008-11-11,7.452736,7.741294,7.333333,7.363184,4.399956,10574308
2008-11-12,7.393035,7.661692,7.024876,7.064677,4.221579,14037438
2008-11-13,6.995025,7.522388,6.577114,7.462687,4.459414,19518105
2008-11-14,7.203980,7.283582,6.786070,6.925373,4.138337,17405997
2008-11-17,6.796020,6.865672,6.557214,6.686567,3.995635,16757370
2008-11-18,6.686567,6.696517,6.218905,6.467662,3.864826,18269995
2008-11-19,6.338308,6.447761,6.099502,6.099502,3.644829,13980153
2008-11-20,6.069652,6.288557,5.800995,5.820896,3.478344,15991258
2008-11-21,6.079602,6.487562,5.880597,6.477612,3.870771,23789656
2008-11-24,6.149254,6.835821,6.149254,6.666667,3.983744,19936687
2008-11-25,6.766169,6.776119,6.417910,6.616915,3.954014,12749028
2008-11-26,6.567164,7.213930,6.398010,7.154229,4.275092,12516270
2008-11-28,6.825871,7.313433,6.825871,7.114428,4.251309,7196805
2008-12-01,6.676617,6.835821,6.517413,6.537313,3.906446,15163942
2008-12-02,6.557214,6.636816,6.139303,6.308458,3.769693,16604811
2008-12-03,6.248756,6.577114,6.000000,6.507463,3.888610,16485417
2008-12-04,6.358209,6.517413,6.258706,6.388060,3.817259,14749983
2008-12-05,6.248756,6.706468,6.248756,6.686567,3.995635,8758173
2008-12-08,6.825871,7.064677,6.716418,6.905473,4.126445,17578555
2008-12-09,6.865672,7.422886,6.696517,7.094527,4.239416,19956687
2008-12-10,7.373134,7.532338,7.223881,7.462687,4.459414,16896060
2008-12-11,7.542289,7.621891,7.184080,7.263682,4.340497,14385168
2008-12-12,7.114428,7.761194,6.895522,7.701493,4.602116,22912191
2008-12-15,7.691542,7.711443,7.373134,7.631841,4.560495,14127385
2008-12-16,7.442786,8.378109,7.363184,8.348259,4.988597,24760788
2008-12-17,8.069652,8.248756,8.019900,8.149254,4.869681,18086784
2008-12-18,8.308458,8.308458,7.651741,7.820896,4.673466,11752068
2008-12-19,7.820896,7.990050,7.661692,7.751244,4.631845,11231176
2008-12-22,7.681592,7.771144,7.462687,7.492537,4.477252,12053367
2008-12-23,7.532338,7.651741,7.333333,7.492537,4.477252,12864703
2008-12-24,7.462687,7.601990,7.412935,7.462687,4.459414,2914098
2008-12-26,7.323383,7.562189,7.323383,7.522388,4.495089,2546368
2008-12-29,7.631841,7.651741,7.492537,7.631841,4.560495,5938444
2008-12-30,7.631841,7.960199,7.631841,7.910448,4.726979,5825985
2008-12-31,7.741294,8.029851,7.721393,7.860697,4.697249,4491847
2009-01-02,7.731343,8.248756,7.731343,8.179104,4.887517,9887190
2009-01-05,8.039801,8.248756,7.890547,8.019900,4.792384,13504888
2009-01-06,8.039801,8.427861,7.910448,8.358209,4.994544,17119773
2009-01-07,7.880597,7.930348,7.611940,7.671642,4.584278,21746692
2009-01-08,7.462687,7.542289,7.283582,7.502488,4.483199,16472251
2009-01-09,7.402985,7.562189,7.203980,7.452736,4.453468,18048091
2009-01-12,7.293532,7.691542,7.223881,7.303483,4.364281,22283161
2009-01-13,7.552239,7.781095,7.432836,7.631841,4.560495,15884929
2009-01-14,7.472637,7.492537,7.243781,7.333333,4.382117,9963369
2009-01-15,7.293532,7.482587,7.054726,7.333333,4.382117,26572702
2009-01-16,7.472637,7.631841,7.253731,7.412935,4.429685,14799529
2009-01-20,7.054726,7.164179,6.945274,6.955224,4.156173,16203012
2009-01-21,7.044776,7.174129,6.855721,7.114428,4.251309,23507050
2009-01-22,6.726368,7.681592,6.666667,7.412935,4.429685,54993700
2009-01-23,7.184080,7.850746,7.124378,7.681592,4.590224,28746618
2009-01-26,7.830846,7.830846,7.213930,7.611940,4.548602,16830836
2009-01-27,7.582090,7.960199,7.572139,7.860697,4.697249,20461398
2009-01-28,7.960199,8.159204,7.940299,8.079602,4.828059,26320950
2009-01-29,7.980100,7.980100,7.601990,7.641791,4.566440,19988847
2009-01-30,7.621891,7.810945,7.502488,7.502488,4.483199,11847241
2009-02-02,7.462687,7.532338,7.263682,7.472637,4.465359,17830408
2009-02-03,7.432836,7.800995,7.432836,7.761194,4.637791,24875760
2009-02-04,7.621891,8.009950,7.562189,7.890547,4.715086,32597175
2009-02-05,7.711443,8.149254,7.601990,8.069652,4.822114,27358914
2009-02-06,8.159204,8.796020,8.069652,8.646766,5.166974,41974227
2009-02-09,8.636816,8.636816,8.298507,8.447761,5.048056,22059649
2009-02-10,8.308458,8.457711,7.980100,8.079602,4.828059,21824077
2009-02-11,8.258706,8.437811,8.179104,8.268657,4.941031,20736366
2009-02-12,8.059701,8.358209,8.000000,8.348259,4.988597,22272106
2009-02-13,8.258706,8.388060,8.208955,8.248756,4.929139,11413081
2009-02-17,8.049751,8.049751,7.601990,7.681592,4.590224,20418585
2009-02-18,7.880597,7.960199,7.681592,7.930348,4.738871,18514411
2009-02-19,8.009950,8.109453,7.562189,7.592040,4.536712,19675990
2009-02-20,7.512438,7.552239,7.223881,7.462687,4.459414,19996786
2009-02-23,7.621891,7.751244,7.283582,7.303483,4.364281,19382631
2009-02-24,7.363184,7.671642,7.213930,7.601990,4.542657,24624912
2009-02-25,7.412935,7.761194,7.412935,7.592040,4.536712,36980784
2009-02-26,7.621891,8.000000,7.572139,7.641791,4.566440,24838474
2009-02-27,7.522388,7.641791,7.422886,7.502488,4.483199,23082036
2009-03-02,7.323383,7.791045,7.323383,7.412935,4.429685,23513382
2009-03-03,7.462687,7.870647,7.462687,7.741294,4.625900,29913021
2009-03-04,7.970149,8.208955,7.970149,8.000000,4.780493,24024223
2009-03-05,8.019900,8.208955,7.840796,8.049751,4.810222,27629058
2009-03-06,8.218905,8.417910,7.970149,8.208955,4.905356,29391526
2009-03-09,8.159204,8.338308,7.691542,7.701493,4.602116,32092765
2009-03-10,7.960199,8.358209,7.890547,8.308458,4.964816,28818576
2009-03-11,8.328358,8.706468,8.278607,8.616915,5.149138,22053820
2009-03-12,8.656716,8.885572,8.427861,8.815920,5.268056,22754808
2009-03-13,8.945274,9.044776,8.626866,8.776119,5.244272,31841415
2009-03-16,8.845771,8.955224,8.636816,8.686567,5.190757,19030479
2009-03-17,8.616915,8.955224,8.587065,8.935323,5.339406,19631469
2009-03-18,8.706468,9.174129,8.636816,9.034826,5.398863,28117588
2009-03-19,8.865672,8.955224,8.597015,8.736318,5.220487,25133040
2009-03-20,8.706468,8.815920,8.427861,8.477612,5.065895,17253137
2009-03-23,8.756219,9.243781,8.756219,9.233831,5.517783,27297508
2009-03-24,9.134328,9.233831,9.024876,9.064677,5.416702,19207861
2009-03-25,9.024876,9.333333,8.815920,8.965174,5.357244,19927039
2009-03-26,9.024876,9.273632,8.805970,9.273632,5.541566,22208791
2009-03-27,9.253731,9.263682,9.054726,9.203980,5.499946,13612926
2009-03-30,8.985075,9.134328,8.716418,8.845771,5.285892,15611569
2009-03-31,8.965174,9.094527,8.885572,8.905473,5.321568,18072915
2009-04-01,8.875622,9.452736,8.736318,9.333333,5.577241,26935708
2009-04-02,9.582090,10.288557,9.542289,10.189055,6.088587,44326932
2009-04-03,10.069652,10.238806,9.810945,10.238806,6.118317,27183742
2009-04-06,9.840796,9.950249,9.572139,9.751244,5.826967,22603153
2009-04-07,9.791045,9.791045,9.343284,9.393035,5.612916,28840585
2009-04-08,9.412935,9.582090,9.263682,9.542289,5.702105,22060252
2009-04-09,9.890547,9.950249,9.621891,9.771144,5.838859,22287081
2009-04-13,9.850746,9.970149,9.502488,9.930348,5.933994,15473583
2009-04-14,9.890547,9.940299,9.582090,9.711443,5.803186,22855207
2009-04-15,9.552239,9.621891,9.373134,9.542289,5.702105,17045202
2009-04-16,9.502488,9.691542,9.273632,9.542289,5.702105,23473383
2009-04-17,9.462687,9.611940,9.194030,9.552239,5.708051,17250323
2009-04-20,9.522388,9.522388,9.064677,9.154229,5.470215,22582551
2009-04-21,9.114428,9.412935,8.965174,9.134328,5.458323,24674760
2009-04-22,9.134328,9.422886,8.945274,9.213930,5.505892,24398284
2009-04-23,9.273632,9.422886,9.044776,9.124378,5.452379,21661368
2009-04-24,9.184080,9.333333,8.965174,9.024876,5.392918,22254820
2009-04-27,8.995025,9.323383,8.895522,9.094527,5.434539,15537099
2009-04-28,9.014925,9.293532,9.004975,9.223881,5.511837,13509913
2009-04-29,9.701493,10.248756,9.601990,10.029851,5.993455,42830286
2009-04-30,10.398010,10.686567,10.288557,10.517413,6.284803,32915257
2009-05-01,10.606965,10.726368,10.338308,10.726368,6.409664,19583229
2009-05-04,10.935323,11.940299,10.905473,11.781095,7.039930,47961414
2009-05-05,11.253731,11.303483,10.905473,11.104478,6.635609,39620919
2009-05-06,10.746269,11.044776,10.746269,10.995025,6.570204,27142437
2009-05-07,10.905473,10.965174,10.199005,10.338308,6.177776,31463334
2009-05-08,10.467662,10.597015,10.199005,10.388060,6.207504,18521748
2009-05-11,9.751244,10.457711,9.751244,10.318408,6.165883,20052262
2009-05-12,10.308458,10.368159,9.900498,10.099502,6.035072,22283262
2009-05-13,10.009950,10.159204,9.253731,9.960199,5.951832,15019323
2009-05-14,9.970149,10.318408,9.920398,10.248756,6.124262,16468131
2009-05-15,10.258706,10.378109,9.950249,9.970149,5.957778,14695411
2009-05-18,10.119403,10.527363,10.119403,10.497512,6.272910,12072261
2009-05-19,10.507463,10.756219,10.288557,10.587065,6.326422,16991133
2009-05-20,10.885572,10.885572,10.398010,10.467662,6.255071,15213690
2009-05-21,10.318408,10.746269,9.950249,10.358209,6.189669,12958972
2009-05-22,10.328358,10.706468,10.000000,10.477612,6.261018,11159620
2009-05-26,10.368159,10.786070,10.368159,10.706468,6.397772,13163590
2009-05-27,10.955224,11.174129,10.786070,10.865672,6.492908,22310698
2009-05-28,10.955224,11.134328,10.487562,11.084577,6.623715,16257081
2009-05-29,10.835821,11.243781,10.766169,10.885572,6.504800,17311125
2009-06-01,11.004975,11.552239,10.686567,11.432836,6.831822,20875759
2009-06-02,11.223881,11.333333,10.796020,10.825871,6.469125,17563681
2009-06-03,10.557214,10.666667,10.189055,10.328358,6.171831,28823601
2009-06-04,10.208955,10.636816,10.139303,10.238806,6.118317,24106030
2009-06-05,10.547264,10.547264,10.099502,10.189055,6.088587,13522978
2009-06-08,10.109453,10.208955,9.970149,10.159204,6.070749,17542878
2009-06-09,10.437811,10.616915,10.228856,10.467662,6.255071,22870986
2009-06-10,10.616915,10.736318,10.298507,10.388060,6.207504,15001132
2009-06-11,10.437811,10.577114,10.338308,10.477612,6.261018,20571445
2009-06-12,10.179104,10.248756,9.830846,9.990050,5.969668,23985229
2009-06-15,9.721393,9.721393,9.303483,9.412935,5.624808,30128392
2009-06-16,9.462687,9.562189,9.074627,9.074627,5.422647,35483635
2009-06-17,9.104478,9.353234,8.975124,9.174129,5.482106,38205276
2009-06-18,9.203980,9.373134,9.194030,9.253731,5.529673,17642976
2009-06-19,9.273632,9.422886,9.094527,9.184080,5.488052,21701668
2009-06-22,9.164179,9.273632,8.975124,9.034826,5.398863,17655237
2009-06-23,9.174129,9.213930,9.034826,9.194030,5.493998,13640664
2009-06-24,9.552239,9.681592,9.452736,9.492537,5.672374,22613505
2009-06-25,9.373134,9.621891,9.353234,9.572139,5.719940,13455744
2009-06-26,9.562189,9.631841,9.393035,9.522388,5.690215,8806614
2009-06-29,9.532338,9.711443,9.452736,9.502488,5.678321,10057939
2009-06-30,9.582090,9.631841,9.273632,9.363184,5.595079,19712371
2009-07-01,9.432836,9.552239,9.343284,9.393035,5.612916,17364390
2009-07-02,9.283582,9.383085,9.233831,9.323383,5.571295,14592097
2009-07-06,9.412935,9.412935,9.034826,9.303483,5.559404,12916360
2009-07-07,9.452736,9.552239,9.124378,9.154229,5.470215,14807871
2009-07-08,9.203980,9.263682,8.975124,9.134328,5.458323,19251679
2009-07-09,9.393035,9.522388,9.323383,9.412935,5.624808,20785510
2009-07-10,9.383085,9.681592,9.383085,9.631841,5.755619,18805459
2009-07-13,9.592040,9.711443,9.313433,9.641791,5.761564,14935204
2009-07-14,9.691542,9.781095,9.601990,9.771144,5.838859,10728676
2009-07-15,9.770000,9.930000,9.650000,9.790000,6.134532,19878300
2009-07-16,9.700000,9.900000,9.520000,9.850000,6.172129,11300900
2009-07-17,9.750000,10.070000,9.650000,9.930000,6.222257,16108700
2009-07-20,10.080000,10.180000,10.000000,10.060000,6.303718,12869900
2009-07-21,10.100000,10.180000,9.710000,9.870000,6.184658,15928000
2009-07-22,9.740000,10.480000,9.700000,10.320000,6.466636,17207700
2009-07-23,10.330000,10.490000,10.230000,10.320000,6.466636,23721600
2009-07-24,10.250000,10.320000,10.090000,10.290000,6.447836,9402600
2009-07-27,10.320000,10.450000,10.100000,10.290000,6.447836,10433400
2009-07-28,10.290000,10.360000,10.150000,10.240000,6.416506,9445400
2009-07-29,10.170000,10.180000,10.000000,10.100000,6.328780,13151600
2009-07-30,10.670000,10.940000,10.540000,10.770000,6.748611,22562200
2009-07-31,10.790000,10.870000,10.440000,10.470000,6.560627,18821800
2009-08-03,10.730000,10.750000,10.490000,10.580000,6.629553,12038900
2009-08-04,10.540000,10.570000,10.390000,10.470000,6.560627,9719100
2009-08-05,10.430000,10.460000,10.190000,10.280000,6.441569,11247900
2009-08-06,10.370000,10.540000,10.000000,10.160000,6.366378,13331100
2009-08-07,10.200000,10.280000,10.000000,10.230000,6.410239,8923800
2009-08-10,10.210000,10.280000,10.060000,10.210000,6.397709,7013500
2009-08-11,10.210000,10.360000,10.110000,10.220000,6.403976,13716900
2009-08-12,10.200000,10.560000,10.180000,10.420000,6.529296,11673100
2009-08-13,10.640000,10.980000,10.480000,10.950000,6.861402,22142500
2009-08-14,10.820000,11.000000,10.470000,10.560000,6.617022,13179900
2009-08-17,10.320000,10.430000,10.160000,10.350000,6.485432,12249000
2009-08-18,10.370000,10.450000,10.210000,10.400000,6.516763,10690300
2009-08-19,10.300000,10.340000,10.150000,10.310000,6.460367,12395400
2009-08-20,10.190000,10.480000,10.190000,10.440000,6.541826,8083300
2009-08-21,10.500000,10.500000,10.320000,10.440000,6.541826,10717500
2009-08-24,10.620000,10.820000,10.510000,10.780000,6.754877,15636700
2009-08-25,10.800000,10.860000,10.700000,10.760000,6.742343,10449200
2009-08-26,10.830000,10.830000,10.450000,10.530000,6.598222,14304100
2009-08-27,10.480000,10.550000,10.400000,10.540000,6.604490,7343700
2009-08-28,10.760000,10.900000,10.650000,10.780000,6.754877,9696200
2009-08-31,10.580000,10.730000,10.530000,10.700000,6.704747,10937300
2009-09-01,10.860000,11.190000,10.510000,10.560000,6.617022,20230500
2009-09-02,10.550000,10.750000,10.500000,10.610000,6.648350,10582000
2009-09-03,10.710000,10.750000,10.530000,10.720000,6.717280,9850800
2009-09-04,10.750000,10.830000,10.600000,10.810000,6.773674,10076200
2009-09-08,11.000000,11.150000,10.960000,11.060000,6.930328,13409500
2009-09-09,11.000000,11.200000,10.920000,11.100000,6.955392,17604000
2009-09-10,11.200000,11.200000,10.890000,11.130000,6.974190,22581000
2009-09-11,11.180000,11.200000,10.850000,10.930000,6.848869,14758300
2009-09-14,10.880000,10.880000,10.720000,10.790000,6.761141,10950300
2009-09-15,10.900000,10.950000,10.800000,10.910000,6.836336,8424900
2009-09-16,10.980000,11.030000,10.850000,11.000000,6.892731,19386500
2009-09-17,11.000000,11.040000,10.840000,10.890000,6.823802,19546400
2009-09-18,10.870000,11.000000,10.800000,10.870000,6.811272,15003000
2009-09-21,10.840000,10.880000,10.740000,10.770000,6.748611,16159100
2009-09-22,10.840000,10.990000,10.770000,10.880000,6.817538,15338400
2009-09-23,10.800000,10.880000,10.750000,10.770000,6.748611,16297500
2009-09-24,10.800000,10.840000,10.370000,10.420000,6.529296,16017100
2009-09-25,10.410000,10.530000,10.390000,10.450000,6.548092,10537400
2009-09-28,10.540000,10.890000,10.490000,10.700000,6.704747,18422500
2009-09-29,10.930000,10.990000,10.720000,10.790000,6.761141,18984700
2009-09-30,11.000000,11.070000,10.800000,10.960000,6.867665,27449600
2009-10-01,10.930000,10.990000,10.530000,10.550000,6.610756,24258400
2009-10-02,10.380000,10.490000,10.180000,10.350000,6.485432,17399800
2009-10-05,10.350000,10.500000,10.320000,10.420000,6.529296,12091700
2009-10-06,10.440000,10.570000,10.340000,10.370000,6.497962,23505700
2009-10-07,10.180000,10.250000,10.050000,10.170000,6.372643,28978000
2009-10-08,10.190000,10.200000,9.870000,9.920000,6.215991,60267100
2009-10-09,9.970000,10.120000,9.970000,10.050000,6.297449,28774400
2009-10-12,10.090000,10.160000,9.870000,9.910000,6.209724,18448300
2009-10-13,10.010000,10.220000,9.930000,10.200000,6.391440,32475400
2009-10-14,10.480000,10.480000,10.250000,10.350000,6.485432,29421100
2009-10-15,10.270000,10.340000,10.020000,10.060000,6.303718,33561500
2009-10-16,9.990000,9.990000,9.730000,9.830000,6.159594,28068700
2009-10-19,9.950000,10.010000,9.880000,9.930000,6.222257,24560300
2009-10-20,10.000000,10.030000,9.850000,9.930000,6.222257,26659600
2009-10-21,9.970000,10.410000,9.920000,10.200000,6.391440,40126400
2009-10-22,10.120000,10.280000,10.030000,10.180000,6.378910,16077100
2009-10-23,10.150000,10.230000,10.000000,10.010000,6.272386,21380000
2009-10-26,10.130000,10.150000,9.970000,10.020000,6.278650,36695500
2009-10-27,10.090000,10.130000,9.750000,9.870000,6.184658,30691100
2009-10-28,9.850000,9.920000,9.600000,9.620000,6.028006,26203000
2009-10-29,9.780000,9.960000,9.730000,9.910000,6.209724,15226500
2009-10-30,9.820000,9.850000,9.390000,9.540000,5.977875,37967500
2009-11-02,9.740000,9.740000,9.420000,9.580000,6.002944,32200500
2009-11-03,9.500000,9.580000,9.350000,9.510000,5.959078,19438900
2009-11-04,9.560000,9.780000,9.560000,9.680000,6.065603,22544400
2009-11-05,9.720000,9.880000,9.650000,9.790000,6.134532,22592700
2009-11-06,9.750000,9.910000,9.710000,9.790000,6.134532,15232000
2009-11-09,9.810000,9.970000,9.750000,9.950000,6.234789,9987000
2009-11-10,10.110000,10.180000,9.980000,10.020000,6.278650,17089600
2009-11-11,10.200000,10.460000,10.120000,10.450000,6.548092,35230800
2009-11-12,10.360000,10.520000,10.340000,10.450000,6.548092,20016400
2009-11-13,10.430000,10.620000,10.390000,10.590000,6.635818,19700600
2009-11-16,10.830000,10.920000,10.740000,10.800000,6.767410,22942900
2009-11-17,10.640000,10.740000,10.530000,10.690000,6.698479,17113900
2009-11-18,10.640000,10.830000,10.630000,10.780000,6.754877,9765200
2009-11-19,10.540000,10.630000,10.270000,10.420000,6.529296,30733700
2009-11-20,10.260000,10.410000,10.260000,10.390000,6.510498,9168600
2009-11-23,10.510000,10.630000,10.470000,10.510000,6.585693,7806400
2009-11-24,10.490000,10.560000,10.400000,10.410000,6.523029,8482000
2009-11-25,10.500000,10.520000,10.430000,10.480000,6.566892,5773200
2009-11-27,10.100000,10.370000,10.080000,10.310000,6.460367,5924900
2009-11-30,10.280000,10.500000,10.260000,10.390000,6.510498,8545200
2009-12-01,10.520000,10.610000,10.480000,10.510000,6.585693,10236400
2009-12-02,10.430000,10.860000,10.430000,10.860000,6.805006,26319200
2009-12-03,10.820000,10.820000,10.550000,10.590000,6.635818,18637600
2009-12-04,10.640000,10.850000,10.640000,10.800000,6.767410,16975400
2009-12-07,10.860000,10.930000,10.780000,10.880000,6.817538,13526100
2009-12-08,10.780000,10.910000,10.750000,10.840000,6.792475,10102300
2009-12-09,10.950000,10.960000,10.790000,10.900000,6.830070,11882900
2009-12-10,10.830000,10.970000,10.730000,10.930000,6.848869,16557000
2009-12-11,10.880000,10.990000,10.670000,10.730000,6.723544,10867200
2009-12-14,10.780000,10.900000,10.780000,10.830000,6.786207,11616700
2009-12-15,10.780000,10.910000,10.720000,10.800000,6.767410,10312600
2009-12-16,10.830000,11.010000,10.800000,10.840000,6.792475,13210700
2009-12-17,10.830000,10.950000,10.710000,10.800000,6.767410,15242300
2009-12-18,11.090000,11.240000,10.960000,11.110000,6.961657,16244600
2009-12-21,11.150000,11.300000,11.100000,11.150000,6.986722,16776100
2009-12-22,11.220000,11.400000,11.180000,11.290000,7.074447,17628600
2009-12-23,11.330000,11.360000,11.150000,11.150000,6.986722,8462600
2009-12-24,11.340000,11.340000,11.200000,11.270000,7.061917,4289500
2009-12-28,11.300000,11.300000,11.140000,11.160000,6.992986,3766700
2009-12-29,11.320000,11.320000,11.210000,11.240000,7.043118,7957200
2009-12-30,11.270000,11.320000,11.220000,11.280000,7.068182,5800100
2009-12-31,11.260000,11.500000,11.250000,11.440000,7.168438,7414700
2010-01-04,11.490000,11.690000,11.470000,11.580000,7.256165,8096400
2010-01-05,11.600000,11.660000,11.460000,11.530000,7.224834,14375900
2010-01-06,11.560000,11.610000,11.380000,11.490000,7.199770,13608400
2010-01-07,11.410000,11.440000,11.070000,11.110000,6.961657,27346600
2010-01-08,11.140000,11.220000,11.030000,11.100000,6.955392,16895300
2010-01-11,11.150000,11.240000,10.880000,11.040000,6.917794,22214500
2010-01-12,10.880000,10.930000,10.610000,10.700000,6.704747,20863400
2010-01-13,10.710000,11.010000,10.710000,10.980000,6.880198,13482300
2010-01-14,11.010000,11.010000,10.860000,10.870000,6.811272,8692400
2010-01-15,10.940000,10.940000,10.560000,10.600000,6.642086,15426400
2010-01-19,10.680000,10.990000,10.610000,10.960000,6.867665,14898100
2010-01-20,10.900000,10.910000,10.710000,10.800000,6.767410,13604800
2010-01-21,10.860000,10.930000,10.560000,10.590000,6.635818,13943800
2010-01-22,10.510000,10.550000,10.090000,10.090000,6.322513,21017600
2010-01-25,10.090000,10.390000,10.090000,10.150000,6.360110,20606500
2010-01-26,10.160000,10.180000,9.950000,10.000000,6.266118,21913300
2010-01-27,10.030000,10.140000,9.940000,9.990000,6.259853,22963800
2010-01-28,10.180000,10.200000,9.890000,10.050000,6.297449,40246500
2010-01-29,10.240000,10.370000,10.100000,10.160000,6.366378,30073000
2010-02-01,10.140000,10.290000,9.920000,10.080000,6.316249,23074400
2010-02-02,10.080000,10.080000,9.900000,9.960000,6.241054,18259200
2010-02-03,9.980000,10.140000,9.920000,10.060000,6.303718,14829600
2010-02-04,10.020000,10.050000,9.600000,9.680000,6.065603,18370700
2010-02-05,9.600000,9.710000,9.400000,9.560000,5.990410,33731000
2010-02-08,9.700000,9.740000,9.430000,9.610000,6.021739,25173000
2010-02-09,9.700000,9.820000,9.550000,9.600000,6.015476,29316300
2010-02-10,9.600000,9.730000,9.510000,9.700000,6.078136,17525600
2010-02-11,9.740000,9.910000,9.600000,9.890000,6.197192,13726100
2010-02-12,9.790000,9.850000,9.650000,9.710000,6.084402,13563900
2010-02-16,9.750000,9.920000,9.720000,9.910000,6.209724,9532800
2010-02-17,9.950000,10.060000,9.900000,10.020000,6.278650,13959400
2010-02-18,10.060000,10.100000,9.910000,10.060000,6.303718,5162700
2010-02-19,10.050000,10.090000,9.920000,10.020000,6.278650,8055100
2010-02-22,10.030000,10.090000,9.980000,10.000000,6.266118,8422700
2010-02-23,10.030000,10.030000,9.780000,9.850000,6.172129,18118100
2010-02-24,9.850000,9.960000,9.750000,9.820000,6.153331,13237600
2010-02-25,9.750000,9.790000,9.560000,9.750000,6.109464,18311800
2010-02-26,9.730000,9.780000,9.640000,9.750000,6.109464,9389800
2010-03-01,9.910000,10.000000,9.890000,9.950000,6.234789,13623900
2010-03-02,10.020000,10.100000,9.900000,9.950000,6.234789,12070900
2010-03-03,10.060000,10.070000,9.810000,9.860000,6.178392,13229000
2010-03-04,9.770000,9.910000,9.750000,9.870000,6.184658,21949000
2010-03-05,9.990000,10.150000,9.960000,10.130000,6.347579,17723700
2010-03-08,10.190000,10.250000,10.150000,10.230000,6.410239,16149800
2010-03-09,10.190000,10.340000,10.160000,10.250000,6.422772,14016900
2010-03-10,10.240000,10.500000,10.210000,10.340000,6.479167,12284500
2010-03-11,10.360000,10.500000,10.300000,10.500000,6.579425,18740500
2010-03-12,10.450000,10.490000,10.250000,10.330000,6.472901,12629000
2010-03-15,10.240000,10.250000,10.070000,10.140000,6.353843,11265700
2010-03-16,10.140000,10.330000,10.110000,10.290000,6.447836,9673400
2010-03-17,10.360000,10.470000,10.340000,10.420000,6.529296,12314400
2010-03-18,10.460000,10.480000,10.220000,10.340000,6.479167,13981900
2010-03-19,10.090000,10.340000,10.080000,10.090000,6.322513,12898200
2010-03-22,10.090000,10.240000,10.040000,10.180000,6.378910,9479200
2010-03-23,10.200000,10.290000,10.150000,10.270000,6.435304,19340200
2010-03-24,10.230000,10.410000,10.200000,10.330000,6.472901,19698700
2010-03-25,10.350000,10.550000,10.350000,10.420000,6.529296,19470300
2010-03-26,10.450000,10.550000,10.320000,10.360000,6.491700,12750500
2010-03-29,10.490000,10.540000,10.390000,10.540000,6.604490,11552600
2010-03-30,10.570000,10.620000,10.460000,10.550000,6.610756,12009000
2010-03-31,10.440000,10.520000,10.370000,10.490000,6.573159,14117800
2010-04-01,10.550000,10.690000,10.510000,10.600000,6.642086,14763900
2010-04-05,10.660000,10.780000,10.420000,10.730000,6.723544,7253500
2010-04-06,10.740000,10.840000,10.710000,10.830000,6.786207,11816500
2010-04-07,10.870000,10.980000,10.810000,10.850000,6.798739,11937000
2010-04-08,10.770000,10.770000,10.580000,10.620000,6.654619,12801000
2010-04-09,10.710000,10.750000,10.510000,10.620000,6.654619,13105600
2010-04-12,10.670000,10.690000,10.590000,10.590000,6.635818,9900000
2010-04-13,10.540000,10.700000,10.510000,10.670000,6.685949,10261700
2010-04-14,10.830000,11.250000,10.820000,11.250000,7.049384,30646800
2010-04-15,11.190000,11.240000,11.080000,11.130000,6.974190,9173500
2010-04-16,10.990000,11.010000,10.690000,10.850000,6.798739,18171100
2010-04-19,10.740000,10.900000,10.660000,10.840000,6.792475,14212400
2010-04-20,10.880000,11.020000,10.830000,10.900000,6.830070,9802900
2010-04-21,10.890000,10.930000,10.650000,10.840000,6.792475,15628700
2010-04-22,10.680000,10.980000,10.650000,10.970000,6.873930,15815900
2010-04-23,10.980000,10.980000,10.800000,10.960000,6.867665,9076800
2010-04-26,11.040000,11.110000,10.950000,10.990000,6.886465,10142500
2010-04-27,10.890000,10.890000,10.560000,10.600000,6.642086,27248500
2010-04-28,10.740000,10.750000,10.400000,10.500000,6.579425,19735700
2010-04-29,10.540000,10.600000,10.450000,10.560000,6.617022,13022300
2010-04-30,10.590000,10.650000,10.460000,10.590000,6.635818,15450600
2010-05-03,10.670000,10.700000,10.530000,10.660000,6.679684,7652600
2010-05-04,10.600000,10.600000,10.020000,10.090000,6.322513,24852400
2010-05-05,10.030000,10.090000,9.830000,9.960000,6.241054,20044100
2010-05-06,9.960000,10.090000,9.500000,9.770000,6.121997,23946100
2010-05-07,9.900000,10.010000,9.670000,9.890000,6.197192,26579400
2010-05-10,10.200000,10.350000,10.090000,10.300000,6.454104,18143800
2010-05-11,10.100000,10.320000,10.090000,10.170000,6.372643,18171300
2010-05-12,10.270000,10.300000,10.180000,10.230000,6.410239,13240200
2010-05-13,10.260000,10.350000,10.180000,10.250000,6.422772,21054500
2010-05-14,10.130000,10.230000,9.710000,9.870000,6.184658,28096300
2010-05-17,9.930000,10.020000,9.660000,9.970000,6.247319,12911500
2010-05-18,10.000000,10.070000,9.650000,9.730000,6.096933,15891600
2010-05-19,9.750000,9.910000,9.660000,9.820000,6.153331,17018300
2010-05-20,9.680000,9.760000,9.550000,9.630000,6.034273,21177100
2010-05-21,9.500000,9.870000,9.440000,9.790000,6.134532,15401200
2010-05-24,9.710000,9.810000,9.600000,9.600000,6.015476,11426900
2010-05-25,9.500000,9.570000,9.300000,9.570000,5.996676,24248400
2010-05-26,9.680000,9.750000,9.460000,9.460000,5.927748,19653400
2010-05-27,9.600000,9.910000,9.600000,9.890000,6.197192,13802100
2010-05-28,9.980000,9.980000,9.730000,9.750000,6.109464,13449800
2010-06-01,9.730000,9.980000,9.690000,9.850000,6.172129,21414800
2010-06-02,9.950000,10.080000,9.800000,10.080000,6.316249,13858300
2010-06-03,10.120000,10.140000,9.850000,9.910000,6.209724,26076500
2010-06-04,9.740000,9.870000,9.580000,9.620000,6.028006,22816300
2010-06-07,9.800000,9.800000,9.390000,9.430000,5.908948,11634200
2010-06-08,9.490000,9.530000,9.310000,9.510000,5.959078,14852800
2010-06-09,9.590000,9.800000,9.530000,9.560000,5.990410,16636100
2010-06-10,9.740000,9.880000,9.700000,9.790000,6.134532,14853400
2010-06-11,9.770000,9.900000,9.700000,9.800000,6.140797,11804600
2010-06-14,9.810000,10.010000,9.800000,9.850000,6.172129,11076100
2010-06-15,9.950000,10.310000,9.910000,10.270000,6.435304,15912000
2010-06-16,10.150000,10.390000,10.110000,10.310000,6.460367,10921300
2010-06-17,10.340000,10.360000,10.180000,10.290000,6.447836,8265000
2010-06-18,10.240000,10.350000,10.180000,10.200000,6.391440,8883200
2010-06-21,10.340000,10.480000,10.290000,10.360000,6.491700,15083600
2010-06-22,10.340000,10.420000,10.070000,10.090000,6.322513,11366800
2010-06-23,10.140000,10.230000,10.020000,10.150000,6.360110,9204200
2010-06-24,10.120000,10.120000,9.890000,9.940000,6.228523,16327900
2010-06-25,10.020000,10.100000,9.950000,10.020000,6.278650,7108000
2010-06-28,10.050000,10.140000,9.930000,10.040000,6.291184,7603500
2010-06-29,9.930000,9.930000,9.700000,9.810000,6.147060,15553400
2010-06-30,9.840000,9.990000,9.720000,9.760000,6.115731,15959300
2010-07-01,9.770000,9.840000,9.600000,9.790000,6.134532,13232900
2010-07-02,9.830000,9.980000,9.750000,9.890000,6.197192,12921200
2010-07-06,9.710000,9.990000,9.710000,9.840000,6.472812,19171800
2010-07-07,9.850000,10.050000,9.820000,10.000000,6.578060,12954000
2010-07-08,10.000000,10.130000,9.920000,10.090000,6.637262,13385700
2010-07-09,10.090000,10.180000,10.010000,10.150000,6.676732,5183700
2010-07-12,10.100000,10.170000,10.070000,10.070000,6.624107,8052800
2010-07-13,10.130000,10.180000,10.070000,10.140000,6.670154,9159500
2010-07-14,10.230000,10.230000,10.060000,10.150000,6.676732,15869300
2010-07-15,10.090000,10.170000,10.040000,10.150000,6.676732,9778200
2010-07-16,10.090000,10.150000,9.900000,9.920000,6.525439,16100800
2010-07-19,10.020000,10.150000,10.010000,10.130000,6.663577,8440800
2010-07-20,10.060000,10.310000,9.970000,10.300000,6.775404,12519100
2010-07-21,10.280000,10.300000,10.070000,10.100000,6.643843,12529700
2010-07-22,10.180000,10.400000,10.180000,10.380000,6.828026,13268600
2010-07-23,10.380000,10.500000,10.300000,10.460000,6.880651,9314200
2010-07-26,10.470000,10.570000,10.350000,10.570000,6.953012,7232800
2010-07-27,10.580000,10.600000,10.430000,10.440000,6.867495,10941500
2010-07-28,10.460000,10.590000,10.410000,10.460000,6.880651,8376000
2010-07-29,10.430000,10.510000,10.180000,10.180000,6.696467,21033800
2010-07-30,10.140000,10.190000,10.000000,10.100000,6.643843,18087100
2010-08-02,10.210000,10.380000,10.160000,10.260000,6.749090,13442600
2010-08-03,10.250000,10.320000,10.180000,10.230000,6.729356,12634000
2010-08-04,10.280000,10.320000,10.120000,10.220000,6.722780,16752800
2010-08-05,10.140000,10.170000,10.060000,10.120000,6.656997,14172000
2010-08-06,10.040000,10.080000,9.890000,9.960000,6.551748,16262400
2010-08-09,10.050000,10.050000,9.930000,9.950000,6.545172,10843000
2010-08-10,9.900000,9.990000,9.850000,9.930000,6.532017,14168100
2010-08-11,9.850000,9.880000,9.710000,9.730000,6.400454,18577100
2010-08-12,9.670000,9.850000,9.660000,9.770000,6.426765,17729600
2010-08-13,9.760000,9.890000,9.670000,9.700000,6.380720,14238000
2010-08-16,9.650000,9.860000,9.630000,9.770000,6.426765,7452100
2010-08-17,9.840000,9.930000,9.730000,9.880000,6.499125,12328800
2010-08-18,9.880000,9.890000,9.720000,9.770000,6.426765,11861300
2010-08-19,9.770000,9.830000,9.610000,9.640000,6.341252,19439300
2010-08-20,9.680000,9.770000,9.650000,9.680000,6.367563,9000500
2010-08-23,9.690000,9.800000,9.680000,9.690000,6.374140,9888100
2010-08-24,9.610000,9.670000,9.460000,9.540000,6.275469,17847400
2010-08-25,9.470000,9.540000,9.320000,9.470000,6.229424,12023400
2010-08-26,9.460000,9.500000,9.400000,9.430000,6.203111,12119600
2010-08-27,9.530000,9.670000,9.390000,9.650000,6.347828,9931700
2010-08-30,9.610000,9.690000,9.390000,9.420000,6.196533,12539800
2010-08-31,9.400000,9.470000,9.320000,9.400000,6.183378,16359400
2010-09-01,9.470000,9.640000,9.420000,9.580000,6.301785,14118900
2010-09-02,9.570000,9.620000,9.440000,9.470000,6.229424,20201800
2010-09-03,9.590000,9.770000,9.590000,9.770000,6.426765,11390200
2010-09-07,9.730000,9.730000,9.480000,9.500000,6.249158,18467000
2010-09-08,9.540000,9.540000,9.440000,9.520000,6.262315,11263500
2010-09-09,9.590000,9.630000,9.470000,9.510000,6.255736,8783500
2010-09-10,9.500000,9.550000,9.440000,9.480000,6.236001,9389500
2010-09-13,9.770000,9.900000,9.750000,9.860000,6.485967,18223400
2010-09-14,9.800000,9.960000,9.780000,9.930000,6.532017,8323500
2010-09-15,9.820000,9.940000,9.790000,9.880000,6.499125,6151600
2010-09-16,9.850000,9.990000,9.810000,9.960000,6.551748,12894300
2010-09-17,9.980000,10.050000,9.890000,9.910000,6.518859,7967400
2010-09-20,9.950000,10.070000,9.940000,10.070000,6.624107,12612700
2010-09-21,10.100000,10.100000,9.880000,9.900000,6.512280,14590000
2010-09-22,9.910000,9.920000,9.770000,9.800000,6.446501,33047200
2010-09-23,9.650000,9.750000,9.580000,9.660000,6.354408,29309800
2010-09-24,9.810000,10.010000,9.720000,9.980000,6.564903,29744500
2010-09-27,9.970000,9.980000,9.880000,9.890000,6.505704,12822100
2010-09-28,9.890000,10.100000,9.850000,10.090000,6.637262,12307000
2010-09-29,10.100000,10.360000,10.080000,10.280000,6.762246,20805700
2010-09-30,10.240000,10.380000,10.120000,10.140000,6.670154,11830400
2010-10-01,10.210000,10.270000,10.120000,10.250000,6.742513,11123000
2010-10-04,10.270000,10.340000,10.120000,10.210000,6.716202,13630400
2010-10-05,10.240000,10.420000,10.220000,10.410000,6.847763,13253400
2010-10-06,10.360000,10.410000,10.260000,10.300000,6.775404,10742000
2010-10-07,10.300000,10.350000,10.200000,10.280000,6.762246,7504600
2010-10-08,10.300000,10.380000,10.200000,10.360000,6.814871,6281600
2010-10-11,10.330000,10.380000,10.270000,10.340000,6.801715,5766600
2010-10-12,10.280000,10.330000,10.150000,10.270000,6.755670,7488800
2010-10-13,10.320000,10.470000,10.310000,10.430000,6.860918,11061700
2010-10-14,10.430000,10.490000,10.350000,10.370000,6.821449,12535900
2010-10-15,10.470000,10.480000,10.260000,10.340000,6.801715,12457200
2010-10-18,10.270000,10.330000,10.220000,10.300000,6.775404,12978800
2010-10-19,10.210000,10.310000,10.130000,10.200000,6.709622,12066600
2010-10-20,10.290000,10.380000,10.220000,10.330000,6.795137,8634100
2010-10-21,10.390000,10.480000,10.310000,10.410000,6.847763,25208900
2010-10-22,10.440000,10.600000,10.400000,10.600000,6.972745,10628800
2010-10-25,10.690000,10.730000,10.610000,10.680000,7.025368,15294700
2010-10-26,10.610000,10.690000,10.570000,10.620000,6.985901,5179200
2010-10-27,10.620000,10.690000,10.580000,10.650000,7.005635,11037100
2010-10-28,10.870000,10.880000,10.710000,10.760000,7.077993,14111000
2010-10-29,10.740000,10.940000,10.700000,10.910000,7.176666,13152000
2010-11-01,10.910000,11.000000,10.850000,10.890000,7.163509,6265100
2010-11-02,10.940000,10.940000,10.780000,10.840000,7.130620,9680200
2010-11-03,10.910000,10.950000,10.830000,10.930000,7.189823,8804800
2010-11-04,11.000000,11.260000,10.970000,11.260000,7.406896,13522900
2010-11-05,11.240000,11.240000,11.100000,11.180000,7.354273,10642900
2010-11-08,11.140000,11.140000,10.990000,11.000000,7.235867,8276300
2010-11-09,11.190000,11.290000,11.100000,11.140000,7.327961,16399400
2010-11-10,11.210000,11.250000,11.120000,11.250000,7.400320,11618500
2010-11-11,11.100000,11.150000,11.000000,11.060000,7.275338,10698900
2010-11-12,10.990000,11.090000,10.940000,11.050000,7.268760,8284200
2010-11-15,11.140000,11.180000,11.060000,11.060000,7.275338,6752600
2010-11-16,11.020000,11.060000,10.820000,10.860000,7.143776,8229300
2010-11-17,10.900000,10.960000,10.840000,10.890000,7.163509,10309200
2010-11-18,10.980000,11.100000,10.980000,11.040000,7.262180,8092800
2010-11-19,11.010000,11.080000,10.950000,11.080000,7.288494,3746400
2010-11-22,11.020000,11.150000,10.960000,11.130000,7.321381,7839900
2010-11-23,10.990000,11.000000,10.720000,10.740000,7.064837,11475400
2010-11-24,10.880000,11.010000,10.830000,11.000000,7.235867,10324000
2010-11-26,10.910000,11.020000,10.890000,11.000000,7.235867,4490900
2010-11-29,10.940000,10.990000,10.710000,10.810000,7.110885,17495900
2010-11-30,10.740000,10.800000,10.710000,10.750000,7.071415,16522500
2010-12-01,10.960000,11.130000,10.900000,11.110000,7.308227,22671000
2010-12-02,11.220000,11.580000,11.210000,11.540000,7.591081,27885800
2010-12-03,11.600000,12.000000,11.550000,11.970000,7.873941,22780100
2010-12-06,11.970000,11.990000,11.830000,11.890000,7.821317,7499700
2010-12-07,11.980000,12.000000,11.830000,11.830000,7.781847,9644900
2010-12-08,11.880000,11.950000,11.850000,11.910000,7.834473,10947000
2010-12-09,12.090000,12.250000,12.030000,12.030000,7.913406,14510700
2010-12-10,12.080000,12.130000,12.000000,12.080000,7.946299,10002400
2010-12-13,12.090000,12.180000,11.900000,11.900000,7.827893,11830200
2010-12-14,11.980000,12.010000,11.850000,11.910000,7.834473,12702300
2010-12-15,12.010000,12.170000,11.970000,12.120000,7.972608,11263900
2010-12-16,12.200000,12.320000,12.200000,12.320000,8.104171,11049900
2010-12-17,12.490000,12.730000,12.450000,12.690000,8.347562,21359100
2010-12-20,12.460000,12.520000,12.290000,12.330000,8.110748,9499500
2010-12-21,12.430000,12.480000,12.320000,12.390000,8.150218,10978600
2010-12-22,12.360000,12.450000,12.260000,12.300000,8.091011,7865300
2010-12-23,12.300000,12.320000,12.200000,12.230000,8.044969,5750600
2010-12-27,12.320000,12.350000,12.230000,12.310000,8.097595,3890700
2010-12-28,12.270000,12.330000,12.200000,12.240000,8.051547,5232200
2010-12-29,12.260000,12.430000,12.210000,12.310000,8.097595,9312400
2010-12-30,12.350000,12.420000,12.330000,12.400000,8.156797,4270200
2010-12-31,12.430000,12.540000,12.390000,12.540000,8.248889,4216200
2011-01-03,12.560000,12.690000,12.540000,12.590000,8.281779,7040600
2011-01-04,12.600000,12.630000,12.440000,12.630000,8.308093,9709800
2011-01-05,12.500000,12.550000,12.240000,12.360000,8.130481,9777300
2011-01-06,12.500000,12.920000,12.450000,12.870000,8.465964,23936600
2011-01-07,12.910000,13.100000,12.880000,13.070000,8.597527,20593300
2011-01-10,13.110000,13.270000,13.060000,13.220000,8.696198,16293600
2011-01-11,13.480000,13.520000,13.310000,13.420000,8.827760,18268900
2011-01-12,13.530000,13.560000,13.380000,13.510000,8.886962,11785800
2011-01-13,13.520000,13.560000,13.270000,13.370000,8.794866,12088500
2011-01-14,13.420000,13.690000,13.350000,13.680000,8.998788,15034100
2011-01-18,13.680000,13.820000,13.520000,13.550000,8.913273,14698500
2011-01-19,13.770000,13.850000,13.530000,13.530000,8.900116,20552600
2011-01-20,13.370000,13.440000,13.210000,13.260000,8.722509,24561200
2011-01-21,13.310000,13.390000,13.230000,13.270000,8.729089,23532600
2011-01-24,13.330000,13.490000,13.180000,13.450000,8.847490,12170300
2011-01-25,13.270000,13.380000,13.220000,13.220000,8.696198,16607200
2011-01-26,13.330000,13.330000,13.210000,13.240000,8.709352,19606400
2011-01-27,13.320000,13.550000,13.200000,13.310000,8.755398,23444900
2011-01-28,13.490000,13.490000,13.090000,13.110000,8.623840,22928500
2011-01-31,13.120000,13.160000,13.030000,13.070000,8.597527,17718200
2011-02-01,13.260000,13.310000,13.180000,13.210000,8.689620,17957000
2011-02-02,13.240000,13.440000,13.200000,13.340000,8.775133,12598000
2011-02-03,13.400000,13.420000,13.260000,13.360000,8.788290,7536700
2011-02-04,13.390000,13.630000,13.320000,13.620000,8.959319,13293400
2011-02-07,13.630000,13.740000,13.580000,13.660000,8.985632,15960600
2011-02-08,13.520000,13.600000,13.360000,13.420000,8.827760,11827600
2011-02-09,13.260000,13.420000,13.090000,13.090000,8.610679,13696400
2011-02-10,12.920000,12.960000,12.740000,12.840000,8.446232,26351400
2011-02-11,12.760000,12.980000,12.640000,12.940000,8.512012,11393100
2011-02-14,12.960000,12.960000,12.870000,12.890000,8.479121,8005900
2011-02-15,12.760000,12.870000,12.740000,12.820000,8.433076,7291100
2011-02-16,12.870000,12.960000,12.820000,12.890000,8.479121,14544900
2011-02-17,12.880000,13.070000,12.820000,13.070000,8.597527,16609200
2011-02-18,13.070000,13.090000,12.790000,12.810000,8.426496,15167000
2011-02-22,12.740000,12.740000,12.390000,12.410000,8.163374,15166500
2011-02-23,12.570000,12.590000,12.220000,12.280000,8.077858,16723100
2011-02-24,12.370000,12.370000,12.010000,12.120000,7.972608,29988100
2011-02-25,12.250000,12.350000,12.140000,12.290000,8.084439,15380300
2011-02-28,12.390000,12.390000,12.200000,12.290000,8.084439,18334700
2011-03-01,12.540000,12.560000,12.170000,12.180000,8.012078,15990200
2011-03-02,12.130000,12.310000,12.120000,12.210000,8.031813,12591100
2011-03-03,12.340000,12.350000,12.170000,12.260000,8.064702,15442000
2011-03-04,12.380000,12.500000,12.330000,12.410000,8.163374,20278800
2011-03-07,12.410000,12.430000,12.070000,12.200000,8.025236,15430100
2011-03-08,12.350000,12.470000,12.340000,12.350000,8.123906,19209600
2011-03-09,12.370000,12.630000,12.260000,12.520000,8.235733,25862200
2011-03-10,12.230000,12.250000,12.050000,12.110000,7.966029,17514200
2011-03-11,12.050000,12.260000,12.040000,12.210000,8.031813,13547700
2011-03-14,12.030000,12.200000,12.020000,12.160000,7.998921,8602600
2011-03-15,11.750000,11.920000,11.610000,11.910000,7.834473,14192300
2011-03-16,11.810000,11.910000,11.330000,11.430000,7.518723,39189200
2011-03-17,11.550000,11.730000,11.550000,11.610000,7.637126,13507100
2011-03-18,11.800000,11.820000,11.580000,11.750000,7.729222,13015000
2011-03-21,11.890000,12.050000,11.880000,11.940000,7.854206,15205300
2011-03-22,11.930000,11.940000,11.800000,11.820000,7.775269,10850100
2011-03-23,11.880000,12.060000,11.720000,12.040000,7.919985,17840300
2011-03-24,12.130000,12.310000,12.030000,12.280000,8.077858,16177100
2011-03-25,12.320000,12.330000,12.190000,12.240000,8.051547,10185100
2011-03-28,12.260000,12.360000,12.100000,12.170000,8.005502,7657800
2011-03-29,12.070000,12.090000,12.010000,12.060000,7.933141,25880800
2011-03-30,12.130000,12.150000,12.020000,12.110000,7.966029,13372800
2011-03-31,12.310000,12.340000,12.090000,12.180000,8.012078,13090900
2011-04-01,12.260000,12.280000,12.160000,12.210000,8.031813,10752900
2011-04-04,12.220000,12.260000,12.150000,12.180000,8.012078,9660700
2011-04-05,12.310000,12.510000,12.300000,12.460000,8.196263,20534300
2011-04-06,12.700000,12.830000,12.680000,12.770000,8.400186,12934700
2011-04-07,12.700000,12.810000,12.650000,12.720000,8.367293,8459300
2011-04-08,12.730000,12.850000,12.630000,12.650000,8.321246,7510900
2011-04-11,12.540000,12.580000,12.420000,12.510000,8.229155,9431600
2011-04-12,12.330000,12.380000,12.150000,12.230000,8.044969,8548900
2011-04-13,12.350000,12.370000,12.230000,12.260000,8.064702,11613700
2011-04-14,12.180000,12.350000,12.170000,12.310000,8.097595,11826400
2011-04-15,12.270000,12.300000,12.130000,12.210000,8.031813,6326500
2011-04-18,12.120000,12.130000,11.870000,11.950000,7.860782,11477300
2011-04-19,11.990000,12.010000,11.850000,11.960000,7.867363,17106500
2011-04-20,12.380000,12.450000,12.270000,12.450000,8.189687,16936700
2011-04-21,12.540000,12.620000,12.510000,12.560000,8.262047,14928000
2011-04-25,12.490000,12.520000,12.230000,12.280000,8.077858,11027600
2011-04-26,12.360000,12.560000,12.320000,12.560000,8.262047,11100000
2011-04-27,12.830000,13.350000,12.650000,13.290000,8.742241,44473500
2011-04-28,13.180000,13.480000,13.160000,13.410000,8.821182,31618300
2011-04-29,13.380000,13.500000,13.320000,13.500000,8.880383,15371600
2011-05-02,13.510000,13.570000,13.440000,13.510000,8.886962,16884100
2011-05-03,13.500000,13.560000,13.380000,13.460000,8.854070,18363000
2011-05-04,13.490000,13.500000,13.310000,13.440000,8.840915,16035100
2011-05-05,13.480000,13.690000,13.450000,13.550000,8.913273,17851100
2011-05-06,13.660000,13.890000,13.660000,13.750000,9.044835,19126000
2011-05-09,13.800000,13.800000,13.600000,13.670000,8.992212,16039800
2011-05-10,13.590000,13.790000,13.550000,13.750000,9.044835,11120200
2011-05-11,13.670000,13.810000,13.480000,13.500000,8.880383,12408500
2011-05-12,13.480000,13.940000,13.480000,13.820000,9.090881,26161400
2011-05-13,13.820000,13.840000,13.540000,13.590000,8.939587,12839300
2011-05-16,13.530000,13.680000,13.470000,13.470000,8.860647,13765000
2011-05-17,13.460000,13.600000,13.280000,13.390000,8.808024,21091500
2011-05-18,13.490000,13.610000,13.480000,13.530000,8.900116,11029700
2011-05-19,13.530000,13.540000,13.360000,13.450000,8.847490,8295100
2011-05-20,13.440000,13.490000,13.320000,13.410000,8.821182,8234400
2011-05-23,13.220000,13.260000,13.090000,13.120000,8.630414,14639200
2011-05-24,13.180000,13.360000,13.140000,13.150000,8.650150,15758800
2011-05-25,13.110000,13.260000,13.070000,13.170000,8.663306,11050400
2011-05-26,13.170000,13.390000,13.130000,13.340000,8.775133,15105200
2011-05-27,13.360000,13.440000,13.210000,13.260000,8.722509,10229900
2011-05-31,13.650000,13.750000,13.450000,13.660000,8.985632,17418500
2011-06-01,13.730000,13.790000,13.600000,13.680000,8.998788,17616700
2011-06-02,13.720000,13.780000,13.650000,13.700000,9.011943,12586800
2011-06-03,13.670000,13.780000,13.590000,13.640000,8.972475,9232000
2011-06-06,13.630000,13.800000,13.590000,13.680000,8.998788,10591300
2011-06-07,13.790000,14.050000,13.780000,13.880000,9.130351,14722000
2011-06-08,13.900000,13.900000,13.640000,13.720000,9.025101,14932900
2011-06-09,13.720000,13.730000,13.320000,13.560000,8.919849,14243900
2011-06-10,13.400000,13.440000,13.000000,13.050000,8.584370,30974300
2011-06-13,13.050000,13.090000,12.960000,12.990000,8.544903,13034200
2011-06-14,13.260000,13.370000,13.250000,13.330000,8.768559,12413100
2011-06-15,13.210000,13.350000,13.110000,13.120000,8.630414,18221700
2011-06-16,13.090000,13.160000,12.910000,13.000000,8.551480,16911900
2011-06-17,13.100000,13.110000,12.670000,12.720000,8.367293,18469400
2011-06-20,12.820000,12.940000,12.740000,12.900000,8.485700,10737600
2011-06-21,13.040000,13.280000,13.010000,13.270000,8.729089,13390400
2011-06-22,13.150000,13.150000,12.910000,12.920000,8.498857,16821800
2011-06-23,12.680000,12.890000,12.500000,12.840000,8.446232,18140700
2011-06-24,12.650000,12.700000,12.360000,12.400000,8.156797,26052200
2011-06-27,12.390000,12.600000,12.330000,12.530000,8.242312,27858400
2011-06-28,12.600000,12.820000,12.570000,12.820000,8.433076,32005100
2011-06-29,12.460000,12.500000,12.260000,12.350000,8.466666,16606000
2011-06-30,12.540000,12.710000,12.450000,12.610000,8.644913,20957200
2011-07-01,12.590000,12.920000,12.590000,12.910000,8.850579,17024900
2011-07-05,12.850000,12.850000,12.620000,12.720000,8.720325,10336700
2011-07-06,12.630000,12.640000,12.400000,12.530000,8.590069,20917400
2011-07-07,12.650000,12.860000,12.560000,12.760000,8.747747,20138900
2011-07-08,12.640000,12.650000,12.340000,12.620000,8.651768,13968700
2011-07-11,12.470000,12.560000,12.340000,12.370000,8.480379,10239400
2011-07-12,12.310000,12.330000,12.120000,12.240000,8.391255,16394900
2011-07-13,12.460000,12.690000,12.400000,12.440000,8.528366,17094300
2011-07-14,12.410000,12.430000,12.090000,12.150000,8.329556,17778000
2011-07-15,12.250000,12.310000,12.100000,12.220000,8.377545,11521800
2011-07-18,12.140000,12.180000,12.030000,12.140000,8.322698,14976100
2011-07-19,12.090000,12.280000,12.000000,12.220000,8.377545,13348100
2011-07-20,12.460000,12.540000,12.360000,12.470000,8.548933,8756200
2011-07-21,12.470000,12.680000,12.420000,12.570000,8.617491,8316300
2011-07-22,12.600000,12.980000,12.600000,12.980000,8.898569,16438500
2011-07-25,12.720000,12.820000,12.600000,12.750000,8.740890,24419600
2011-07-26,12.810000,13.050000,12.800000,12.900000,8.843723,16114900
2011-07-27,12.830000,12.860000,12.530000,12.560000,8.610635,19118800
2011-07-28,12.500000,12.710000,12.280000,12.310000,8.439243,27805500
2011-07-29,12.310000,12.430000,12.230000,12.360000,8.473521,20581700
2011-08-01,12.600000,12.690000,12.330000,12.530000,8.590069,20125100
2011-08-02,12.450000,12.460000,12.190000,12.190000,8.356976,12811200
2011-08-03,12.140000,12.250000,11.920000,12.160000,8.336409,19356500
2011-08-04,12.020000,12.140000,11.570000,11.580000,7.938784,27060800
2011-08-05,11.560000,11.690000,11.180000,11.560000,7.925074,22109100
2011-08-08,11.190000,11.310000,10.840000,10.940000,7.500025,18751900
2011-08-09,11.070000,11.520000,10.870000,11.500000,7.883939,21818200
2011-08-10,11.320000,11.390000,11.050000,11.070000,7.589150,19386900
2011-08-11,11.210000,11.690000,11.210000,11.520000,7.897653,17011900
2011-08-12,11.420000,11.550000,11.340000,11.460000,7.856520,9037700
2011-08-15,11.620000,11.720000,11.550000,11.670000,8.000484,5535100
2011-08-16,11.490000,11.680000,11.400000,11.520000,7.897653,11531700
2011-08-17,11.540000,11.590000,11.350000,11.510000,7.890798,10491600
2011-08-18,11.150000,11.210000,10.750000,11.050000,7.575438,21118100
2011-08-19,10.940000,11.220000,10.900000,10.940000,7.500025,11898100
2011-08-22,11.210000,11.310000,11.040000,11.240000,7.705693,17618100
2011-08-23,11.360000,11.890000,11.360000,11.840000,8.117030,16565700
2011-08-24,11.790000,11.800000,11.530000,11.740000,8.048476,14453900
2011-08-25,11.690000,11.790000,11.310000,11.350000,7.781106,17994600
2011-08-26,11.400000,11.860000,11.400000,11.810000,8.096467,9421300
2011-08-29,11.930000,12.130000,11.900000,12.130000,8.315843,8293300
2011-08-30,12.020000,12.060000,11.890000,11.970000,8.206154,7907200
2011-08-31,12.070000,12.080000,11.890000,11.970000,8.206154,10145300
2011-09-01,11.920000,12.060000,11.860000,11.890000,8.151311,9095900
2011-09-02,11.720000,11.800000,11.570000,11.660000,7.993631,10719500
2011-09-06,11.390000,11.550000,11.310000,11.520000,7.897653,12790800
2011-09-07,11.800000,12.050000,11.780000,12.050000,8.261001,12396600
2011-09-08,11.890000,12.100000,11.850000,12.000000,8.226720,16279000
2011-09-09,11.940000,12.080000,11.800000,11.880000,8.144452,15057500
2011-09-12,11.760000,11.990000,11.700000,11.940000,8.185588,12798200
2011-09-13,11.870000,11.980000,11.780000,11.960000,8.199298,11612100
2011-09-14,11.830000,11.930000,11.610000,11.820000,8.103317,18850400
2011-09-15,12.000000,12.200000,12.000000,12.110000,8.302132,15916200
2011-09-16,12.350000,12.510000,12.260000,12.410000,8.507799,15643200
2011-09-19,12.180000,12.290000,12.010000,12.220000,8.377545,7858900
2011-09-20,12.240000,12.290000,12.110000,12.120000,8.308989,10876500
2011-09-21,12.220000,12.310000,11.910000,11.920000,8.171876,12460100
2011-09-22,11.520000,11.640000,11.390000,11.520000,7.897653,24446200
2011-09-23,11.340000,11.710000,11.290000,11.710000,8.027911,22340300
2011-09-26,11.590000,11.650000,11.300000,11.560000,7.925074,18025300
2011-09-27,11.760000,12.160000,11.740000,12.020000,8.240430,18203400
2011-09-28,11.940000,12.000000,11.770000,11.770000,8.069043,11587300
2011-09-29,11.950000,11.990000,11.630000,11.810000,8.096467,10301800
2011-09-30,11.710000,11.800000,11.380000,11.430000,7.835954,15664200
2011-10-03,11.350000,11.660000,11.310000,11.310000,7.753683,15931500
2011-10-04,11.260000,11.750000,11.260000,11.740000,8.048476,19700000
2011-10-05,11.660000,11.820000,11.530000,11.820000,8.103317,11445900
2011-10-06,11.740000,11.840000,11.550000,11.830000,8.110176,16134800
2011-10-07,11.820000,11.880000,11.610000,11.800000,8.089607,16618600
2011-10-10,11.960000,12.040000,11.900000,12.020000,8.240430,11210000
2011-10-11,11.920000,12.020000,11.850000,11.860000,8.130741,8253000
2011-10-12,11.980000,12.220000,11.960000,12.160000,8.336409,10920200
2011-10-13,12.010000,12.180000,11.940000,12.170000,8.343266,14678500
2011-10-14,12.290000,12.330000,12.170000,12.300000,8.432389,9567900
2011-10-17,12.190000,12.220000,11.940000,12.010000,8.233575,9357900
2011-10-18,12.000000,12.250000,11.940000,12.210000,8.370687,8859600
2011-10-19,12.120000,12.290000,12.060000,12.110000,8.302132,8569800
2011-10-20,12.020000,12.040000,11.640000,11.810000,8.096467,13372900
2011-10-21,11.970000,12.200000,11.970000,12.180000,8.350119,7230000
2011-10-24,12.160000,12.490000,12.160000,12.480000,8.555792,7181400
2011-10-25,12.320000,12.360000,12.180000,12.190000,8.356976,10456100
2011-10-26,12.330000,12.430000,12.120000,12.250000,8.398111,16953200
2011-10-27,12.690000,13.060000,12.640000,12.950000,8.878002,29647900
2011-10-28,12.840000,12.860000,12.710000,12.740000,8.734035,13080000
2011-10-31,12.630000,12.750000,12.550000,12.620000,8.651768,8923100
2011-11-01,12.340000,12.550000,12.220000,12.450000,8.535222,14767400
2011-11-02,12.590000,12.730000,12.510000,12.720000,8.720325,11367900
2011-11-03,12.880000,12.930000,12.630000,12.900000,8.843723,12036400
2011-11-04,12.850000,13.060000,12.840000,12.980000,8.898569,9961200
2011-11-07,12.930000,13.010000,12.800000,13.000000,8.912283,7639100
2011-11-08,12.950000,12.980000,12.730000,12.930000,8.864293,7545200
2011-11-09,12.550000,12.660000,12.420000,12.480000,8.555792,11188800
2011-11-10,12.580000,12.750000,12.530000,12.670000,8.686046,15910900
2011-11-11,12.700000,13.020000,12.690000,12.950000,8.878002,12454400
2011-11-14,12.990000,13.090000,12.930000,12.980000,8.898569,9046900
2011-11-15,12.950000,13.080000,12.860000,13.080000,8.967126,10189200
2011-11-16,12.950000,13.020000,12.730000,12.740000,8.734035,12697300
2011-11-17,12.870000,12.870000,12.610000,12.710000,8.713472,13148200
2011-11-18,12.720000,12.720000,12.480000,12.660000,8.679190,11364900
2011-11-21,12.500000,12.620000,12.370000,12.560000,8.610635,15051900
2011-11-22,12.560000,12.640000,12.480000,12.560000,8.610635,16107200
2011-11-23,12.350000,12.410000,12.140000,12.200000,8.363834,11899800
2011-11-25,12.030000,12.200000,12.000000,12.070000,8.274710,5505000
2011-11-28,12.360000,12.580000,12.360000,12.550000,8.603779,11545800
2011-11-29,12.530000,12.550000,12.390000,12.400000,8.500943,9364300
2011-11-30,12.770000,12.960000,12.680000,12.920000,8.857435,18986100
2011-12-01,12.950000,13.270000,12.940000,13.210000,9.056247,11239500
2011-12-02,13.240000,13.360000,13.090000,13.120000,8.994548,8691500
2011-12-05,13.270000,13.300000,13.120000,13.220000,9.063107,15855000
2011-12-06,13.050000,13.130000,12.920000,12.940000,8.871149,13573800
2011-12-07,12.880000,13.280000,12.860000,13.220000,9.063107,11695100
2011-12-08,13.050000,13.210000,12.910000,12.940000,8.871149,9011500
2011-12-09,12.830000,13.190000,12.720000,13.080000,8.967126,13774300
2011-12-12,12.880000,12.940000,12.720000,12.930000,8.864293,9816300
2011-12-13,12.940000,13.030000,12.600000,12.720000,8.720325,12554400
2011-12-14,12.650000,12.800000,12.540000,12.550000,8.603779,9798500
2011-12-15,12.690000,12.690000,12.430000,12.500000,8.569502,8199400
2011-12-16,12.510000,12.800000,12.430000,12.760000,8.747747,13528100
2011-12-19,12.670000,12.750000,12.310000,12.320000,8.446100,10443300
2011-12-20,12.630000,12.800000,12.560000,12.660000,8.679190,22957200
2011-12-21,12.870000,12.950000,12.520000,12.710000,8.713472,16766200
2011-12-22,12.790000,12.930000,12.750000,12.910000,8.850579,5828300
2011-12-23,12.890000,12.960000,12.760000,12.920000,8.857435,3709400
2011-12-27,12.910000,13.160000,12.870000,13.020000,8.925992,4506200
2011-12-28,12.960000,13.080000,12.900000,12.920000,8.857435,6138400
2011-12-29,12.970000,13.050000,12.890000,13.020000,8.925992,3996700
2011-12-30,13.040000,13.100000,12.880000,12.910000,8.850579,4183200
2012-01-03,13.110000,13.350000,13.060000,13.260000,9.090526,8910500
2012-01-04,13.150000,13.210000,13.040000,13.140000,9.008260,7386600
2012-01-05,13.190000,13.280000,13.140000,13.260000,9.090526,10306100
2012-01-06,13.270000,13.270000,13.090000,13.150000,9.015114,7775800
2012-01-09,13.150000,13.390000,13.130000,13.380000,9.172795,7543100
2012-01-10,13.530000,13.820000,13.460000,13.770000,9.440162,15501300
2012-01-11,13.610000,13.700000,13.580000,13.660000,9.364750,11564800
2012-01-12,13.700000,13.980000,13.700000,13.830000,9.481294,12716100
2012-01-13,13.760000,13.800000,13.590000,13.750000,9.426451,9564100
2012-01-17,13.710000,13.740000,13.420000,13.460000,9.227636,13523900
2012-01-18,13.620000,13.940000,13.620000,13.830000,9.481294,14004200
2012-01-19,13.880000,14.270000,13.870000,14.260000,9.776085,14215100
2012-01-20,14.200000,14.260000,13.950000,13.970000,9.577273,14399700
2012-01-23,14.020000,14.150000,13.880000,14.010000,9.604693,9998400
2012-01-24,13.890000,14.040000,13.850000,13.930000,9.549853,9240200
2012-01-25,14.020000,14.170000,13.900000,14.160000,9.707532,9296200
2012-01-26,14.220000,14.430000,14.180000,14.230000,9.755519,13756900
2012-01-27,14.050000,14.190000,13.990000,14.110000,9.673250,11038700
2012-01-30,14.070000,14.070000,13.850000,13.980000,9.584128,9843400
2012-01-31,14.120000,14.190000,13.990000,14.080000,9.652684,7117600
2012-02-01,14.100000,14.270000,14.100000,14.190000,9.728097,9918300
2012-02-02,14.190000,14.220000,13.900000,13.910000,9.536139,11380900
2012-02-03,13.810000,14.060000,13.800000,14.050000,9.632120,11174500
2012-02-06,14.010000,14.040000,13.900000,13.990000,9.590986,9070400
2012-02-07,13.940000,14.140000,13.880000,14.050000,9.632120,6824400
2012-02-08,14.040000,14.260000,14.020000,14.190000,9.728097,6962600
2012-02-09,14.200000,14.320000,14.070000,14.280000,9.789797,9101100
2012-02-10,14.080000,14.090000,13.790000,13.840000,9.488153,8965700
2012-02-13,14.090000,14.160000,13.990000,14.110000,9.673250,13300700
2012-02-14,14.050000,14.200000,14.040000,14.180000,9.721242,10985800
2012-02-15,14.300000,14.460000,14.250000,14.320000,9.817222,12026600
2012-02-16,14.320000,14.580000,14.300000,14.530000,9.961187,7762500
2012-02-17,14.630000,14.770000,14.550000,14.620000,10.022886,7889600
2012-02-21,14.580000,14.670000,14.330000,14.380000,9.858356,9565000
2012-02-22,14.410000,14.500000,14.300000,14.480000,9.926908,7314500
2012-02-23,14.330000,14.330000,14.100000,14.140000,9.693820,9306400
2012-02-24,14.200000,14.400000,14.200000,14.370000,9.851499,7352500
2012-02-27,14.290000,14.450000,14.180000,14.390000,9.865210,5314700
2012-02-28,14.450000,14.690000,14.450000,14.690000,10.070878,7511800
2012-02-29,14.740000,14.800000,14.490000,14.520000,9.954332,10514800
2012-03-01,14.650000,14.680000,14.430000,14.640000,10.036598,6178400
2012-03-02,14.540000,14.640000,14.490000,14.590000,10.002322,6143400
2012-03-05,14.430000,14.510000,14.230000,14.330000,9.824076,6702200
2012-03-06,14.230000,14.340000,14.100000,14.160000,9.707532,7497600
2012-03-07,14.270000,14.450000,14.210000,14.400000,9.872066,9138800
2012-03-08,14.500000,14.620000,14.460000,14.610000,10.016033,5385700
2012-03-09,14.650000,14.670000,14.510000,14.600000,10.009177,5586600
2012-03-12,14.600000,14.600000,14.340000,14.400000,9.872066,7423400
2012-03-13,14.600000,14.870000,14.550000,14.870000,10.194279,6853900
2012-03-14,14.930000,15.110000,14.800000,14.810000,10.153147,6642900
2012-03-15,14.930000,15.020000,14.800000,14.940000,10.242266,7049200
2012-03-16,14.890000,14.930000,14.760000,14.790000,10.139436,5240700
2012-03-19,15.000000,15.270000,14.860000,15.160000,10.393087,7112900
2012-03-20,15.070000,15.080000,14.840000,14.940000,10.242266,5302400
2012-03-21,15.310000,15.430000,15.140000,15.210000,10.427369,7137700
2012-03-22,15.040000,15.170000,14.980000,15.030000,10.303969,6137600
2012-03-23,15.170000,15.170000,14.960000,14.990000,10.276546,6650100
2012-03-26,14.990000,15.400000,14.980000,15.380000,10.543915,9689000
2012-03-27,15.430000,15.510000,15.350000,15.370000,10.537059,5885600
2012-03-28,15.280000,15.390000,15.120000,15.180000,10.406801,10838900
2012-03-29,15.030000,15.100000,14.960000,15.080000,10.338244,7107500
2012-03-30,15.200000,15.410000,15.140000,15.280000,10.475359,7648300
2012-04-02,15.270000,15.520000,15.130000,15.400000,10.557625,7762700
2012-04-03,15.410000,15.490000,15.170000,15.220000,10.434225,8125600
2012-04-04,15.090000,15.140000,14.840000,15.000000,10.283403,6057300
2012-04-05,15.030000,15.310000,14.990000,15.240000,10.447934,8314700
2012-04-09,14.990000,15.100000,14.840000,14.860000,10.187419,8027100
2012-04-10,14.860000,14.990000,14.600000,14.620000,10.022886,11512600
2012-04-11,14.770000,14.890000,14.770000,14.790000,10.139436,6097900
2012-04-12,14.840000,15.000000,14.830000,14.920000,10.228558,7144700
2012-04-13,15.060000,15.230000,14.950000,15.100000,10.351958,9421500
2012-04-16,15.260000,15.330000,15.040000,15.100000,10.351958,6344600
2012-04-17,15.150000,15.250000,15.010000,15.210000,10.427369,11083600
2012-04-18,15.170000,15.360000,14.980000,15.280000,10.475359,6028300
2012-04-19,15.350000,15.450000,15.140000,15.250000,10.454792,7294800
2012-04-20,15.350000,15.370000,15.050000,15.110000,10.358811,6731400
2012-04-23,14.890000,14.930000,14.740000,14.890000,10.207991,7086600
2012-04-24,14.960000,15.060000,14.790000,14.860000,10.187419,9714900
2012-04-25,15.040000,15.040000,14.860000,14.910000,10.221699,10077400
2012-04-26,15.250000,15.940000,15.150000,15.820000,10.845560,19367100
2012-04-27,15.770000,16.150000,15.650000,16.150000,11.071795,15868000
2012-04-30,16.070000,16.070000,15.580000,15.580000,10.681023,14862000
2012-05-01,15.610000,15.750000,15.520000,15.530000,10.646748,9316000
2012-05-02,15.660000,16.129999,15.550000,16.100000,11.037518,13476100
2012-05-03,16.040001,16.110001,15.660000,15.700000,10.763293,9513700
2012-05-04,15.700000,15.720000,15.440000,15.440000,10.585046,9666400
2012-05-07,15.310000,15.500000,15.240000,15.420000,10.571334,8319800
2012-05-08,15.220000,15.330000,14.880000,15.160000,10.393087,13955300
2012-05-09,15.040000,15.300000,14.980000,15.130000,10.372523,11156700
2012-05-10,15.340000,15.450000,15.160000,15.390000,10.550769,7212800
2012-05-11,15.200000,15.530000,15.200000,15.390000,10.550769,7900500
2012-05-14,15.140000,15.270000,15.080000,15.080000,10.338244,8117100
2012-05-15,15.150000,15.170000,14.740000,14.790000,10.139436,16526100
2012-05-16,14.890000,15.010000,14.710000,14.920000,10.228558,14335800
2012-05-17,14.820000,14.930000,14.670000,14.700000,10.077732,11276300
2012-05-18,14.640000,14.820000,14.280000,14.280000,9.789797,12673100
2012-05-21,14.380000,14.490000,14.340000,14.420000,9.885775,18255500
2012-05-22,14.390000,14.520000,14.310000,14.400000,9.872066,13708400
2012-05-23,14.020000,14.120000,13.860000,14.080000,9.652684,12717800
2012-05-24,14.150000,14.210000,13.900000,13.960000,9.570419,10795800
2012-05-25,13.930000,14.100000,13.900000,13.980000,9.584128,6457500
2012-05-29,14.260000,14.340000,14.050000,14.150000,9.700676,13769800
2012-05-30,13.960000,13.990000,13.810000,13.930000,9.549853,10371800
2012-05-31,13.990000,14.040000,13.660000,13.730000,9.412739,23792400
2012-06-01,13.400000,13.430000,13.040000,13.060000,8.953416,20047900
2012-06-04,13.070000,13.180000,12.870000,13.020000,8.925992,13534100
2012-06-05,13.060000,13.270000,13.030000,13.210000,9.056247,12895100
2012-06-06,13.200000,13.520000,13.130000,13.500000,9.255060,12973900
2012-06-07,13.640000,13.710000,13.490000,13.540000,9.282482,11723700
2012-06-08,13.290000,13.590000,13.220000,13.460000,9.227636,9304500
2012-06-11,13.780000,13.890000,13.370000,13.410000,9.193361,10415400
2012-06-12,13.450000,13.750000,13.410000,13.700000,9.392170,17728000
2012-06-13,13.700000,13.700000,13.510000,13.550000,9.289338,11660300
2012-06-14,13.470000,13.580000,13.300000,13.470000,9.234492,12390800
2012-06-15,13.450000,13.690000,13.440000,13.670000,9.371604,6615300
2012-06-18,13.700000,13.970000,13.590000,13.960000,9.570419,12021400
2012-06-19,13.950000,14.160000,13.880000,14.110000,9.673250,13003500
2012-06-20,14.070000,14.200000,14.000000,14.130000,9.686962,5594700
2012-06-21,13.990000,14.040000,13.530000,13.580000,9.309905,12836500
2012-06-22,13.720000,13.890000,13.680000,13.830000,9.481294,8114800
2012-06-25,13.630000,13.690000,13.350000,13.380000,9.172795,14658900
2012-06-26,13.390000,13.470000,13.180000,13.310000,9.124805,15803600
2012-06-27,13.490000,13.650000,13.400000,13.540000,9.282482,11644700
2012-06-28,13.440000,13.520000,13.320000,13.440000,9.213927,11919300
2012-06-29,13.820000,14.080000,13.760000,13.960000,9.570419,12805700
2012-07-02,14.220000,14.270000,14.020000,14.270000,9.782943,10545300
2012-07-03,14.350000,14.440000,14.280000,14.440000,9.899487,5737000
2012-07-05,13.700000,13.860000,13.550000,13.650000,9.694935,12786000
2012-07-06,13.550000,13.590000,13.380000,13.500000,9.588396,14424300
2012-07-09,13.420000,13.540000,13.380000,13.500000,9.588396,10952700
2012-07-10,13.360000,13.520000,13.240000,13.280000,9.432141,16719300
2012-07-11,13.250000,13.270000,13.070000,13.150000,9.339808,18558000
2012-07-12,12.870000,12.960000,12.740000,12.800000,9.091222,12984200
2012-07-13,12.820000,12.980000,12.760000,12.890000,9.155144,8612900
2012-07-16,12.790000,12.840000,12.630000,12.670000,8.998888,13843600
2012-07-17,12.690000,12.740000,12.520000,12.690000,9.013091,11144900
2012-07-18,12.590000,13.180000,12.590000,13.140000,9.332707,19926600
2012-07-19,13.400000,13.420000,12.860000,12.860000,9.133836,20516300
2012-07-20,12.920000,12.920000,12.630000,12.650000,8.984682,24366500
2012-07-23,12.340000,12.800000,12.140000,12.780000,9.077015,24666900
2012-07-24,12.660000,12.920000,12.610000,12.910000,9.169347,18263200
2012-07-25,12.870000,13.150000,12.850000,13.010000,9.240373,19915700
2012-07-26,13.120000,13.430000,13.120000,13.360000,9.488960,19660800
2012-07-27,13.490000,13.760000,13.470000,13.680000,9.716243,13812600
2012-07-30,13.530000,13.660000,13.330000,13.490000,9.581294,9516300
2012-07-31,13.620000,14.030000,13.620000,13.970000,9.922215,18347900
2012-08-01,13.880000,13.950000,13.470000,13.880000,9.858294,24950500
2012-08-02,13.750000,13.990000,13.600000,13.870000,9.851191,21545800
2012-08-03,14.110000,14.200000,13.990000,14.180000,10.071368,10165300
2012-08-06,14.170000,14.360000,14.120000,14.240000,10.113981,13239500
2012-08-07,14.210000,14.350000,14.150000,14.170000,10.064265,11280600
2012-08-08,14.100000,14.150000,14.040000,14.090000,10.007444,10068400
2012-08-09,14.160000,14.470000,14.160000,14.330000,10.177906,8949000
2012-08-10,14.260000,14.500000,14.260000,14.490000,10.291547,12526400
2012-08-13,14.400000,14.500000,14.240000,14.310000,10.163698,8447200
2012-08-14,14.450000,14.540000,14.370000,14.400000,10.227624,7096300
2012-08-15,14.280000,14.540000,14.280000,14.420000,10.241827,6466100
2012-08-16,14.520000,14.530000,14.400000,14.450000,10.263134,9423100
2012-08-17,14.340000,14.430000,14.330000,14.400000,10.227624,8674200
2012-08-20,14.390000,14.520000,14.320000,14.500000,10.298647,9385100
2012-08-21,14.580000,14.770000,14.550000,14.650000,10.405184,14315400
2012-08-22,14.500000,14.560000,14.350000,14.400000,10.227624,7536500
2012-08-23,14.450000,14.490000,14.250000,14.330000,10.177906,7987500
2012-08-24,14.340000,14.440000,14.170000,14.370000,10.206316,7707100
2012-08-27,14.450000,14.480000,14.290000,14.380000,10.213420,6884900
2012-08-28,14.330000,14.400000,14.270000,14.310000,10.163698,5735000
2012-08-29,14.290000,14.410000,14.240000,14.350000,10.192111,5854000
2012-08-30,14.290000,14.340000,14.210000,14.250000,10.121086,7696200
2012-08-31,14.410000,14.720000,14.350000,14.700000,10.440698,11061400
2012-09-04,14.640000,14.700000,14.320000,14.380000,10.213420,10616400
2012-09-05,14.270000,14.350000,14.150000,14.180000,10.071368,9397900
2012-09-06,14.300000,14.500000,14.190000,14.410000,10.234727,12516400
2012-09-07,14.460000,14.640000,14.420000,14.510000,10.305752,7940500
2012-09-10,14.570000,14.800000,14.540000,14.700000,10.440698,11787400
2012-09-11,14.730000,15.000000,14.720000,14.920000,10.596955,9695100
2012-09-12,14.990000,15.030000,14.890000,14.970000,10.632465,9029500
2012-09-13,14.950000,15.060000,14.720000,15.030000,10.675083,11231800
2012-09-14,15.240000,15.640000,15.170000,15.360000,10.909464,9997300
2012-09-17,15.250000,15.260000,14.990000,14.990000,10.646672,7884100
2012-09-18,15.140000,15.150000,14.940000,15.090000,10.717695,9924700
2012-09-19,15.120000,15.170000,14.980000,15.040000,10.682185,8933500
2012-09-20,14.870000,14.950000,14.740000,14.800000,10.511723,8822200
2012-09-21,15.010000,15.040000,14.800000,14.800000,10.511723,9381100
2012-09-24,14.790000,14.870000,14.740000,14.830000,10.533033,8883700
2012-09-25,14.870000,14.950000,14.750000,14.800000,10.511723,13185500
2012-09-26,14.800000,15.000000,14.800000,14.990000,10.646672,14680700
2012-09-27,15.160000,15.620000,15.160000,15.600000,11.079926,22079700
2012-09-28,15.600000,15.830000,15.580000,15.820000,11.236180,18294000
2012-10-01,15.730000,15.940000,15.700000,15.900000,11.293000,19411300
2012-10-02,15.980000,16.059999,15.860000,16.000000,11.364025,17701800
2012-10-03,16.040001,16.049999,15.820000,16.049999,11.399541,13156700
2012-10-04,16.040001,16.170000,16.000000,16.160000,11.477665,15213900
2012-10-05,16.160000,16.309999,16.030001,16.070000,11.413742,10687600
2012-10-08,15.840000,15.840000,15.480000,15.530000,11.030208,12827100
2012-10-09,15.430000,15.450000,15.240000,15.360000,10.909464,9900400
2012-10-10,15.320000,15.390000,15.110000,15.120000,10.739005,10169200
2012-10-11,15.190000,15.240000,15.000000,15.030000,10.675083,8288900
2012-10-12,15.130000,15.160000,15.050000,15.120000,10.739005,11019600
2012-10-15,15.190000,15.370000,15.150000,15.290000,10.859746,13756900
2012-10-16,15.350000,15.500000,15.300000,15.450000,10.973387,10332200
2012-10-17,15.390000,15.650000,15.320000,15.600000,11.079926,11422800
2012-10-18,15.510000,15.610000,15.410000,15.550000,11.044414,7576200
2012-10-19,15.290000,15.380000,15.160000,15.220000,10.810031,14543200
2012-10-22,15.240000,15.410000,15.230000,15.330000,10.888157,8037000
2012-10-23,15.080000,15.310000,15.070000,15.220000,10.810031,8265300
2012-10-24,15.660000,15.740000,15.140000,15.150000,10.760311,7975800
2012-10-25,15.400000,15.500000,15.220000,15.380000,10.923671,10750400
2012-10-26,15.480000,15.660000,15.330000,15.500000,11.008899,9848800
2012-10-31,15.930000,16.000000,15.690000,15.900000,11.293000,8240100
2012-11-01,15.990000,16.209999,15.850000,16.110001,11.442154,7898500
2012-11-02,16.170000,16.170000,15.750000,15.770000,11.200668,6977400
2012-11-05,15.840000,15.890000,15.760000,15.880000,11.278796,13086400
2012-11-06,15.890000,16.280001,15.880000,16.200001,11.506075,8769700
2012-11-07,16.049999,16.230000,15.970000,16.170000,11.484770,16034300
2012-11-08,16.200001,16.309999,16.120001,16.129999,11.456359,9815600
2012-11-09,16.200001,16.490000,16.150000,16.360001,11.619716,12006600
2012-11-12,16.480000,16.590000,16.420000,16.450001,11.683639,9216100
2012-11-13,16.290001,16.379999,16.150000,16.180000,11.491872,10552800
2012-11-14,16.250000,16.299999,15.860000,15.920000,11.307204,12734000
2012-11-15,16.049999,16.090000,15.910000,16.049999,11.399541,6853600
2012-11-16,16.090000,16.270000,15.900000,16.190001,11.498972,10454800
2012-11-19,16.219999,16.340000,16.100000,16.340000,11.605510,6442400
2012-11-20,16.200001,16.280001,16.040001,16.250000,11.541589,5566500
2012-11-21,16.209999,16.330000,16.170000,16.260000,11.548692,4410400
2012-11-23,16.799999,16.969999,16.750000,16.840000,11.960635,9092900
2012-11-26,16.850000,16.850000,16.540001,16.620001,11.804380,11667800
2012-11-27,16.870001,16.940001,16.750000,16.830000,11.953534,12304300
2012-11-28,16.750000,16.920000,16.670000,16.900000,12.003252,9950200
2012-11-29,17.000000,17.200001,16.980000,17.129999,12.166607,7697000
2012-11-30,17.350000,17.469999,17.270000,17.270000,12.266047,10360100
2012-12-03,17.270000,17.330000,17.059999,17.080000,12.131099,5731000
2012-12-04,17.040001,17.059999,16.740000,16.750000,11.896712,14163100
2012-12-05,16.950001,17.110001,16.879999,16.959999,12.045864,11844700
2012-12-06,16.980000,17.049999,16.940001,17.049999,12.109791,7265400
2012-12-07,17.260000,17.340000,17.000000,17.030001,12.095584,12843700
2012-12-10,16.959999,17.080000,16.840000,16.879999,11.989047,8013500
2012-12-11,17.139999,17.260000,17.110001,17.190001,12.209222,10565100
2012-12-12,17.240000,17.240000,17.030001,17.059999,12.116892,8601000
2012-12-13,17.209999,17.370001,17.049999,17.110001,12.152406,11060000
2012-12-14,17.100000,17.129999,16.910000,16.950001,12.038768,12329200
2012-12-17,16.920000,16.990000,16.830000,16.940001,12.031662,10028800
2012-12-18,16.860001,17.030001,16.760000,16.980000,12.060073,9133700
2012-12-19,17.020000,17.200001,16.990000,17.090000,12.138196,6620600
2012-12-20,17.010000,17.129999,16.950001,17.100000,12.145305,8313900
2012-12-21,16.750000,17.020000,16.680000,16.950001,12.038768,8153700
2012-12-24,16.910000,17.000000,16.840000,16.930000,12.024560,1533500
2012-12-26,16.950001,17.070000,16.910000,16.920000,12.017458,3234800
2012-12-27,16.980000,17.100000,16.820000,16.980000,12.060073,6257900
2012-12-28,16.860001,17.200001,16.840000,17.129999,12.166607,6091600
2012-12-31,17.020000,17.209999,16.940001,17.160000,12.187920,5631600
2013-01-02,17.760000,18.120001,17.700001,18.100000,12.855555,10226100
2013-01-03,18.270000,18.299999,18.010000,18.090000,12.848453,13148600
2013-01-04,18.100000,18.120001,17.920000,17.959999,12.756116,7464200
2013-01-07,17.860001,17.860001,17.670000,17.700001,12.571453,9429900
2013-01-08,17.709999,17.719999,17.500000,17.540001,12.457815,8112900
2013-01-09,17.760000,17.930000,17.400000,17.540001,12.457815,12977400
2013-01-10,17.809999,18.219999,17.690001,18.180000,12.912374,15772200
2013-01-11,18.080000,18.200001,17.920000,18.150000,12.891066,12556600
2013-01-14,18.160000,18.200001,17.900000,18.010000,12.791632,8392500
2013-01-15,17.879999,17.940001,17.770000,17.889999,12.706404,12064700
2013-01-16,17.760000,17.850000,17.750000,17.799999,12.642476,8976600
2013-01-17,18.100000,18.350000,17.990000,18.260000,12.969192,11372400
2013-01-18,18.209999,18.209999,17.990000,18.139999,12.883964,12608400
2013-01-22,18.100000,18.160000,17.990000,18.160000,12.898170,11338900
2013-01-23,18.150000,18.309999,18.120001,18.270000,12.976299,9210500
2013-01-24,18.040001,18.070000,17.790001,17.809999,12.649583,8766400
2013-01-25,17.750000,17.790001,17.570000,17.750000,12.606964,9410300
2013-01-28,17.700001,17.700001,17.510000,17.520000,12.443611,13755500
2013-01-29,17.770000,17.870001,17.670000,17.760000,12.614072,10022400
2013-01-30,17.700001,17.850000,17.620001,17.799999,12.642476,8748500
2013-01-31,17.790001,17.870001,17.730000,17.740000,12.599863,10751300
2013-02-01,17.889999,18.129999,17.870001,18.070000,12.834245,8979400
2013-02-04,18.010000,18.129999,17.879999,17.900000,12.713503,5769800
2013-02-05,17.980000,18.219999,17.969999,18.180000,12.912374,6314500
2013-02-06,18.240000,18.280001,17.990000,18.040001,12.812940,5810300
2013-02-07,18.059999,18.360001,18.020000,18.299999,12.997603,8194200
2013-02-08,18.230000,18.480000,18.219999,18.450001,13.104143,9341100
2013-02-11,18.440001,18.570000,18.389999,18.480000,13.125448,4804300
2013-02-12,18.400000,18.530001,18.340000,18.500000,13.139651,4868400
2013-02-13,18.520000,18.549999,18.350000,18.410000,13.075732,6487300
2013-02-14,18.430000,18.580000,18.370001,18.570000,13.189371,5087900
2013-02-15,18.549999,18.600000,18.490000,18.530001,13.160965,5266400
2013-02-19,18.660000,19.160000,18.620001,19.150000,13.601314,11089400
2013-02-20,19.190001,19.250000,18.860001,18.889999,13.416654,9250100
2013-02-21,18.840000,18.910000,18.629999,18.690001,13.274604,7048100
2013-02-22,18.670000,19.000000,18.660000,18.900000,13.423756,8572300
2013-02-25,18.770000,18.809999,18.250000,18.250000,12.962091,11474200
2013-02-26,18.059999,18.070000,17.690001,17.809999,12.649583,18927900
2013-02-27,18.000000,18.370001,17.990000,18.180000,12.912374,15507300
2013-02-28,18.309999,18.500000,18.120001,18.250000,12.962091,9086700
2013-03-01,18.170000,18.350000,18.070000,18.250000,12.962091,8703200
2013-03-04,17.889999,18.170000,17.879999,18.139999,12.883964,10449900
2013-03-05,18.400000,18.410000,18.260000,18.330000,13.018909,8628300
2013-03-06,18.290001,18.430000,18.080000,18.120001,12.869761,9243600
2013-03-07,18.170000,18.250000,17.980000,18.049999,12.820043,12116900
2013-03-08,18.170000,18.190001,17.790001,17.910000,12.720605,9194700
2013-03-11,17.870001,17.879999,17.700001,17.719999,12.585658,8261800
2013-03-12,17.799999,17.900000,17.700001,17.730000,12.592761,6289800
2013-03-13,18.010000,18.049999,17.900000,18.000000,12.784533,9987400
2013-03-14,18.049999,18.150000,17.860001,18.049999,12.820043,7771400
2013-03-15,17.870001,17.910000,17.610001,17.639999,12.528835,13988800
2013-03-18,17.450001,17.450001,17.200001,17.240000,12.244738,13773100
2013-03-19,17.209999,17.240000,17.000000,17.080000,12.131099,12270900
2013-03-20,17.139999,17.330000,17.100000,17.250000,12.251842,10920000
2013-03-21,17.110001,17.110001,16.870001,16.889999,11.996153,8847800
2013-03-22,16.910000,17.090000,16.879999,17.070000,12.123994,5857700
2013-03-25,17.150000,17.209999,16.930000,16.950001,12.038768,8533300
2013-03-26,16.990000,17.110001,16.950001,17.070000,12.123994,8555300
2013-03-27,17.010000,17.260000,16.969999,17.170000,12.195020,10581000
2013-03-28,17.110001,17.209999,17.030001,17.190001,12.209222,11994500
2013-04-01,17.209999,17.270000,17.030001,17.080000,12.131099,10849200
2013-04-02,17.129999,17.230000,17.070000,17.110001,12.152406,10203600
2013-04-03,17.090000,17.120001,16.650000,16.740000,11.889611,15742400
2013-04-04,16.730000,16.840000,16.650000,16.830000,11.953534,11240200
2013-04-05,16.549999,16.780001,16.480000,16.730000,11.882511,11192000
2013-04-08,16.610001,16.860001,16.559999,16.840000,11.960635,9706100
2013-04-09,16.670000,17.070000,16.670000,16.950001,12.038768,10358700
2013-04-10,17.049999,17.250000,16.959999,17.190001,12.209222,12085500
2013-04-11,17.340000,17.520000,17.209999,17.340000,12.315761,8494300
2013-04-12,17.240000,17.370001,17.100000,17.309999,12.294453,7375800
2013-04-15,17.020000,17.170000,16.879999,16.889999,11.996153,9138100
2013-04-16,17.139999,17.290001,17.120001,17.240000,12.244738,9856000
2013-04-17,17.100000,17.170000,16.990000,17.080000,12.131099,21226100
2013-04-18,18.139999,18.330000,17.889999,17.940001,12.741916,24337500
2013-04-19,18.610001,18.980000,18.549999,18.799999,13.352734,21119200
2013-04-22,18.629999,18.770000,18.350000,18.500000,13.139651,20376200
2013-04-23,18.340000,18.510000,18.129999,18.280001,12.983398,21663000
2013-04-24,18.240000,18.530001,18.209999,18.440001,13.097039,10201900
2013-04-25,18.500000,18.690001,18.469999,18.690001,13.274604,15245700
2013-04-26,18.700001,18.809999,18.490000,18.530001,13.160965,7028200
2013-04-29,18.639999,18.860001,18.620001,18.830000,13.374038,7825300
2013-04-30,18.860001,19.209999,18.820000,19.080000,13.551601,12088600
2013-05-01,19.110001,19.170000,19.030001,19.110001,13.572909,8604300
2013-05-02,19.129999,19.540001,19.129999,19.530001,13.871214,11268200
2013-05-03,19.400000,19.580000,19.400000,19.410000,13.785986,9254600
2013-05-06,19.490000,19.629999,19.480000,19.549999,13.885417,5661100
2013-05-07,19.620001,19.620001,19.370001,19.469999,13.828601,8522800
2013-05-08,19.799999,20.280001,19.719999,20.209999,14.354184,14032800
2013-05-09,20.120001,20.299999,20.100000,20.209999,14.354184,8912600
2013-05-10,20.100000,20.180000,20.000000,20.170000,14.325777,7955300
2013-05-13,20.090000,20.100000,19.920000,19.930000,14.155319,6519800
2013-05-14,19.969999,20.049999,19.860001,19.889999,14.126904,8539100
2013-05-15,19.850000,19.870001,19.760000,19.799999,14.062980,9222200
2013-05-16,19.600000,19.650000,19.450001,19.450001,13.814396,10411800
2013-05-17,19.620001,19.620001,19.430000,19.510000,13.857009,10542300
2013-05-20,19.660000,19.670000,19.340000,19.370001,13.757573,8361000
2013-05-21,19.379999,19.530001,19.180000,19.230000,13.658138,12950200
2013-05-22,19.200001,19.270000,18.830000,18.889999,13.416654,12530800
2013-05-23,18.549999,18.840000,18.400000,18.750000,13.317216,11028900
2013-05-24,18.750000,18.870001,18.650000,18.860001,13.395346,5303600
2013-05-28,19.110001,19.219999,18.990000,19.049999,13.530292,9106200
2013-05-29,19.020000,19.299999,19.020000,19.240000,13.665241,13092900
2013-05-30,19.180000,19.190001,18.959999,18.969999,13.473475,8189600
2013-05-31,18.920000,18.920000,18.629999,18.660000,13.253294,5732400
2013-06-03,18.629999,18.730000,18.590000,18.709999,13.288806,7736400
2013-06-04,18.700001,19.030001,18.690001,18.940001,13.452163,10672000
2013-06-05,18.950001,18.969999,18.620001,18.660000,13.253294,6480800
2013-06-06,18.650000,18.740000,18.500000,18.600000,13.210679,6501100
2013-06-07,18.820000,18.850000,18.650000,18.690001,13.274604,9081200
2013-06-10,18.719999,18.940001,18.650000,18.809999,13.359833,7479600
2013-06-11,18.639999,18.750000,18.500000,18.520000,13.153860,6397300
2013-06-12,18.639999,18.719999,18.290001,18.360001,13.040221,8052500
2013-06-13,18.170000,18.309999,17.990000,18.270000,12.976299,10935400
2013-06-14,18.270000,18.330000,17.900000,17.990000,12.777427,12849000
2013-06-17,18.219999,18.370001,18.030001,18.120001,12.869761,9447900
2013-06-18,18.240000,18.440001,18.120001,18.430000,13.089940,5406300
2013-06-19,18.299999,18.459999,17.990000,17.990000,12.777427,8924900
2013-06-20,17.680000,17.700001,17.360001,17.410000,12.365483,12639600
2013-06-21,17.600000,17.610001,17.150000,17.180000,12.202127,23104500
2013-06-24,16.780001,17.070000,16.610001,16.930000,12.024560,13192700
2013-06-25,17.190001,17.570000,17.139999,17.530001,12.450712,11598600
2013-06-26,17.549999,17.709999,17.490000,17.639999,12.528835,9187600
2013-06-27,17.889999,18.120001,17.820000,17.930000,12.734811,12208300
2013-06-28,18.299999,18.410000,18.200001,18.320000,13.011808,12464500
2013-07-01,18.600000,18.670000,18.420000,18.450001,13.104143,11763500
2013-07-02,18.650000,18.850000,18.480000,18.500000,13.139651,12477200
2013-07-03,18.020000,18.160000,17.930000,18.120001,13.228722,6647800
2013-07-05,18.480000,18.540001,18.160000,18.209999,13.294425,13475100
2013-07-08,17.870001,17.920000,17.570000,17.600000,12.849092,12284200
2013-07-09,17.860001,18.020000,17.809999,17.840000,13.024306,9364200
2013-07-10,17.969999,18.110001,17.809999,17.840000,13.024306,8103100
2013-07-11,18.500000,18.660000,18.469999,18.540001,13.535350,13715600
2013-07-12,18.580000,18.639999,18.309999,18.440001,13.462339,8718400
2013-07-15,18.340000,18.490000,18.309999,18.400000,13.433143,6033700
2013-07-16,18.240000,18.450001,18.240000,18.430000,13.455043,5607100
2013-07-17,18.430000,18.639999,18.389999,18.450001,13.469644,12115500
2013-07-18,17.530001,17.559999,16.740000,16.809999,12.272341,43566600
2013-07-19,16.420000,16.520000,15.890000,16.490000,12.038722,24303600
2013-07-22,16.520000,16.650000,16.440001,16.620001,12.133630,18796700
2013-07-23,16.969999,17.020000,16.700001,16.740000,12.221234,14272700
2013-07-24,17.070000,17.219999,16.959999,17.020000,12.425653,17278700
2013-07-25,17.100000,17.190001,17.070000,17.180000,12.542466,12460600
2013-07-26,17.110001,17.139999,16.799999,16.900000,12.338051,14971300
2013-07-29,16.850000,16.860001,16.680000,16.700001,12.192036,5983600
2013-07-30,17.020000,17.129999,16.889999,16.969999,12.389152,8600400
2013-07-31,17.059999,17.110001,16.969999,16.980000,12.396452,10546900
2013-08-01,17.040001,17.270000,16.959999,17.250000,12.593570,15090600
2013-08-02,17.049999,17.049999,16.760000,16.799999,12.265039,11401700
2013-08-05,16.740000,16.860001,16.610001,16.820000,12.279643,7301600
2013-08-06,16.660000,16.809999,16.570000,16.590000,12.111728,13470400
2013-08-07,16.400000,16.400000,16.110001,16.170000,11.805104,17069600
2013-08-08,16.260000,16.270000,16.090000,16.219999,11.841604,10922600
2013-08-09,16.150000,16.270000,16.129999,16.209999,11.834304,10587800
2013-08-12,16.170000,16.230000,15.970000,16.049999,11.717496,14971700
2013-08-13,16.270000,16.360001,16.110001,16.270000,11.878109,16817700
2013-08-14,16.290001,16.299999,16.059999,16.059999,11.724794,7870800
2013-08-15,15.950000,16.090000,15.880000,16.000000,11.680990,10792600
2013-08-16,16.110001,16.209999,15.970000,15.970000,11.659091,10987100
2013-08-19,16.000000,16.030001,15.810000,15.810000,11.542280,6690600
2013-08-20,15.850000,15.980000,15.810000,15.830000,11.556882,10514800
2013-08-21,15.770000,15.920000,15.700000,15.750000,11.498477,10358700
2013-08-22,15.880000,16.120001,15.870000,16.059999,11.724794,8432900
2013-08-23,16.190001,16.290001,16.139999,16.219999,11.841604,7465700
2013-08-26,16.180000,16.420000,16.160000,16.260000,11.870806,7273500
2013-08-27,16.070000,16.160000,15.940000,15.980000,11.666389,8530100
2013-08-28,16.170000,16.299999,16.129999,16.260000,11.870806,6967400
2013-08-29,16.459999,16.750000,16.459999,16.670000,12.170132,9963200
2013-08-30,16.790001,17.100000,16.510000,16.559999,12.089826,11490100
2013-09-03,17.059999,17.230000,16.820000,16.900000,12.338051,11182100
2013-09-04,17.000000,17.000000,16.750000,16.860001,12.308843,13726500
2013-09-05,16.959999,17.260000,16.950001,17.180000,12.542466,7738300
2013-09-06,17.230000,17.290001,17.000000,17.010000,12.418355,6338000
2013-09-09,17.110001,17.340000,17.090000,17.299999,12.630073,9635300
2013-09-10,17.540001,17.540001,17.340000,17.480000,12.761484,12162900
2013-09-11,17.450001,17.520000,17.400000,17.440001,12.732279,7063000
2013-09-12,17.389999,17.480000,17.219999,17.280001,12.615470,5454000
2013-09-13,17.260000,17.340000,17.219999,17.330000,12.651975,4095700
2013-09-16,17.650000,17.760000,17.600000,17.620001,12.863692,7962200
2013-09-17,17.799999,17.820000,17.620001,17.680000,12.907496,5369100
2013-09-18,17.480000,17.770000,17.350000,17.610001,12.856390,14262300
2013-09-19,17.680000,17.740000,17.580000,17.600000,12.849092,8842600
2013-09-20,17.540001,17.610001,17.299999,17.309999,12.637371,10964700
2013-09-23,17.719999,17.750000,17.530001,17.650000,12.885592,10653800
2013-09-24,17.639999,17.690001,17.459999,17.559999,12.819887,9132700
2013-09-25,17.430000,17.469999,17.250000,17.320000,12.644671,8526900
2013-09-26,17.270000,17.330000,17.150000,17.320000,12.644671,4675400
2013-09-27,17.250000,17.260000,17.030001,17.070000,12.462153,7682900
2013-09-30,16.870001,17.120001,16.740000,16.959999,12.381847,10700100
2013-10-01,17.100000,17.430000,17.090000,17.420000,12.717678,9771900
2013-10-02,17.400000,17.490000,17.200001,17.469999,12.754180,7562800
2013-10-03,17.770000,17.850000,17.520000,17.700001,12.922097,10645800
2013-10-04,17.600000,17.750000,17.549999,17.680000,12.907496,4444200
2013-10-07,17.600000,17.760000,17.480000,17.620001,12.863692,6451300
2013-10-08,17.820000,17.969999,17.450001,17.459999,12.746880,10981400
2013-10-09,17.650000,17.670000,17.150000,17.260000,12.600867,16482600
2013-10-10,17.430000,17.670000,17.420000,17.670000,12.900196,10695500
2013-10-11,17.900000,18.120001,17.830000,18.090000,13.206822,11789100
2013-10-14,17.910000,18.040001,17.850000,18.010000,13.148415,6662100
2013-10-15,18.000000,18.230000,17.969999,18.150000,13.250623,11212900
2013-10-16,18.170000,18.299999,18.139999,18.280001,13.345531,15598100
2013-10-17,18.250000,18.709999,18.180000,18.650000,13.615656,11722200
2013-10-18,18.750000,19.160000,18.700001,19.080000,13.929582,18201700
2013-10-21,18.950001,19.010000,18.870001,18.980000,13.856577,9149900
2013-10-22,19.059999,19.250000,19.020000,19.160000,13.987988,9070100
2013-10-23,18.980000,19.000000,18.690001,18.719999,13.666761,7310500
2013-10-24,18.799999,18.830000,18.580000,18.680000,13.637556,10937800
2013-10-25,18.379999,18.510000,18.290001,18.469999,13.484244,11326500
2013-10-28,18.590000,18.700001,18.549999,18.610001,13.586454,4698300
2013-10-29,18.690001,18.790001,18.590000,18.770000,13.703261,6290000
2013-10-30,18.750000,18.910000,18.480000,18.580000,13.564549,6733800
2013-10-31,18.590000,18.670000,18.350000,18.410000,13.440437,11222600
2013-11-01,18.530001,18.629999,18.400000,18.469999,13.484244,6402000
2013-11-04,18.500000,18.549999,18.260000,18.340000,13.389336,8109000
2013-11-05,18.129999,18.170000,18.040001,18.080000,13.199519,9365500
2013-11-06,18.080000,18.309999,18.030001,18.270000,13.338235,9934100
2013-11-07,18.340000,18.350000,18.100000,18.129999,13.236023,10357600
2013-11-08,18.000000,18.040001,17.870001,18.010000,13.148415,8990200
2013-11-11,17.840000,17.850000,17.709999,17.730000,12.943997,6615000
2013-11-12,17.660000,17.809999,17.610001,17.809999,13.002404,8571600
2013-11-13,17.500000,17.750000,17.360001,17.610001,12.856390,12877300
2013-11-14,17.610001,17.650000,17.480000,17.500000,12.776083,10754400
2013-11-15,17.629999,17.770000,17.540001,17.660000,12.892896,12669700
2013-11-18,17.719999,17.879999,17.670000,17.700001,12.922097,10210200
2013-11-19,17.840000,17.850000,17.549999,17.570000,12.827189,8452000
2013-11-20,17.480000,17.680000,17.430000,17.549999,12.812585,10457400
2013-11-21,17.320000,17.350000,16.860001,17.020000,12.425653,19212800
2013-11-22,16.990000,17.190001,16.930000,17.129999,12.505958,15826400
2013-11-25,17.180000,17.250000,17.129999,17.170000,12.535163,9930300
2013-11-26,17.450001,17.549999,17.350000,17.459999,12.746880,14337100
2013-11-27,17.660000,17.719999,17.510000,17.580000,12.834487,13181100
2013-11-29,17.700001,17.790001,17.660000,17.730000,12.943997,3991200
2013-12-02,17.690001,17.750000,17.360001,17.400000,12.703077,12010000
2013-12-03,17.440001,17.700001,17.430000,17.530001,12.797984,10074800
2013-12-04,17.469999,17.650000,17.450001,17.540001,12.805288,6448500
2013-12-05,17.510000,17.570000,17.389999,17.400000,12.703077,9852400
2013-12-06,17.520000,17.639999,17.500000,17.620001,12.863692,6875100
2013-12-09,17.700001,17.719999,17.469999,17.570000,12.827189,9100100
2013-12-10,17.440001,17.490000,17.320000,17.370001,12.681178,9872100
2013-12-11,17.600000,17.650000,17.430000,17.480000,12.761484,7899600
2013-12-12,17.440001,17.480000,17.090000,17.120001,12.498660,10866900
2013-12-13,17.240000,17.270000,17.020000,17.080000,12.469459,10409400
2013-12-16,17.110001,17.240000,17.100000,17.110001,12.491361,7179800
2013-12-17,17.290001,17.299999,17.070000,17.080000,12.469459,24563300
2013-12-18,17.010000,17.049999,16.680000,17.000000,12.411052,16981600
2013-12-19,16.969999,17.090000,16.900000,17.049999,12.447556,8418300
2013-12-20,16.930000,17.139999,16.870001,16.990000,12.403754,7594000
2013-12-23,17.129999,17.250000,17.059999,17.139999,12.513264,7667100
2013-12-24,17.150000,17.219999,17.080000,17.190001,12.549764,2766700
2013-12-26,17.260000,17.340000,17.100000,17.180000,12.542466,2839300
2013-12-27,17.219999,17.280001,17.170000,17.260000,12.600867,4619200
2013-12-30,17.410000,17.620001,17.410000,17.580000,12.834487,7808000
2013-12-31,17.469999,17.559999,17.389999,17.440001,12.732279,7647200
2014-01-02,17.389999,17.400000,17.110001,17.150000,12.520561,6029100
2014-01-03,17.080000,17.160000,16.920000,16.950001,12.374553,11362700
2014-01-06,16.990000,17.020000,16.860001,16.900000,12.338051,10370200
2014-01-07,16.900000,16.980000,16.830000,16.910000,12.345348,13083100
2014-01-08,17.059999,17.160000,17.049999,17.090000,12.476757,13428900
2014-01-09,16.969999,16.990000,16.660000,16.760000,12.235837,9422200
2014-01-10,16.840000,17.010000,16.820000,16.900000,12.338051,11148000
2014-01-13,17.010000,17.139999,16.900000,16.910000,12.345348,10286100
2014-01-14,17.059999,17.389999,17.040001,17.379999,12.688478,13334500
2014-01-15,17.480000,17.700001,17.430000,17.559999,12.819887,15510900
2014-01-16,17.910000,18.180000,17.889999,18.150000,13.250623,21768200
2014-01-17,17.969999,17.969999,17.700001,17.770000,12.973202,14574800
2014-01-21,17.770000,17.830000,17.620001,17.690001,12.914796,8371500
2014-01-22,17.770000,17.980000,17.719999,17.959999,13.111910,12870700
2014-01-23,17.799999,17.940001,17.610001,17.700001,12.922097,8872200
2014-01-24,17.719999,17.770000,17.510000,17.570000,12.827189,12403200
2014-01-27,17.309999,17.320000,17.020000,17.150000,12.520561,11006600
2014-01-28,17.190001,17.260000,17.049999,17.160000,12.527863,7525700
2014-01-29,17.120001,17.240000,16.980000,17.010000,12.418355,9378900
2014-01-30,17.120001,17.260000,17.100000,17.139999,12.513264,7230000
2014-01-31,17.000000,17.120001,16.870001,16.920000,12.352650,13590600
2014-02-03,17.020000,17.110001,16.680000,16.770000,12.243139,14171700
2014-02-04,16.770000,16.870001,16.700001,16.740000,12.221234,12321900
2014-02-05,16.620001,16.670000,16.440001,16.459999,12.016818,14334100
2014-02-06,16.700001,16.990000,16.700001,16.990000,12.403754,10142700
2014-02-07,17.110001,17.270000,17.080000,17.160000,12.527863,9430700
2014-02-10,17.139999,17.320000,17.100000,17.260000,12.600867,8003300
2014-02-11,17.299999,17.450001,17.190001,17.389999,12.695779,9631800
2014-02-12,17.459999,17.500000,17.320000,17.379999,12.688478,6962800
2014-02-13,17.250000,17.520000,17.250000,17.450001,12.739579,6564600
2014-02-14,17.610001,17.959999,17.600000,17.889999,13.060808,11269900
2014-02-18,17.910000,17.940001,17.680000,17.790001,12.987803,6412700
2014-02-19,17.730000,17.879999,17.610001,17.760000,12.965902,8702500
2014-02-20,17.600000,17.770000,17.459999,17.690001,12.914796,11836500
2014-02-21,17.809999,17.870001,17.690001,17.740000,12.951298,6013200
2014-02-24,17.709999,17.790001,17.650000,17.690001,12.914796,5499200
2014-02-25,17.639999,17.719999,17.590000,17.620001,12.863692,5944700
2014-02-26,17.639999,17.870001,17.620001,17.830000,13.017001,9376100
2014-02-27,17.809999,18.010000,17.790001,18.010000,13.148415,8659800
2014-02-28,18.020000,18.150000,17.980000,18.070000,13.192219,11279600
2014-03-03,17.860001,18.080000,17.770000,18.030001,13.163017,18168800
2014-03-04,18.059999,18.129999,18.010000,18.040001,13.170319,12548700
2014-03-05,18.330000,18.420000,18.260000,18.389999,13.425835,9863100
2014-03-06,18.740000,18.889999,18.670000,18.870001,13.776270,14240300
2014-03-07,19.010000,19.020000,18.690001,18.770000,13.703261,14153200
2014-03-10,18.700001,18.959999,18.670000,18.959999,13.841974,10652100
2014-03-11,18.920000,18.959999,18.690001,18.770000,13.703261,8748200
2014-03-12,18.770000,19.490000,18.770000,19.430000,14.185104,21260500
2014-03-13,19.420000,19.520000,19.180000,19.270000,14.068292,18414700
2014-03-14,19.139999,19.290001,18.889999,18.900000,13.798170,13077400
2014-03-17,19.040001,19.160000,18.950001,19.110001,13.951485,10786300
2014-03-18,19.080000,19.200001,19.040001,19.180000,14.002588,11987400
2014-03-19,19.080000,19.100000,18.770000,18.879999,13.783570,10596800
2014-03-20,18.549999,18.850000,18.469999,18.850000,13.761665,13124200
2014-03-21,18.780001,18.850000,18.420000,18.530001,13.528049,12885000
2014-03-24,18.610001,18.670000,18.400000,18.639999,13.608357,7898200
2014-03-25,18.790001,19.180000,18.790001,19.120001,13.958789,17129500
2014-03-26,19.260000,19.340000,19.080000,19.090000,13.936884,10597800
2014-03-27,19.000000,19.500000,19.000000,19.420000,14.177800,14222200
2014-03-28,19.450001,19.900000,19.450001,19.639999,14.338417,11246400
2014-03-31,19.740000,20.040001,19.730000,20.020000,14.615845,14482300
2014-04-01,20.070000,20.360001,20.059999,20.320000,14.834855,16133600
2014-04-02,20.299999,20.350000,19.990000,20.040001,14.630445,14875200
2014-04-03,19.959999,20.090000,19.799999,19.940001,14.557432,14904400
2014-04-04,20.030001,20.190001,19.730000,19.770000,14.433326,14585200
2014-04-07,19.650000,19.809999,19.610001,19.740000,14.411425,9693500
2014-04-08,19.889999,19.980000,19.790001,19.980000,14.586639,9181600
2014-04-09,19.959999,20.209999,19.959999,20.150000,14.710751,9754100
2014-04-10,20.209999,20.299999,19.790001,19.820000,14.469831,9776500
2014-04-11,19.820000,19.959999,19.740000,19.889999,14.520931,8414400
2014-04-14,20.059999,20.330000,19.980000,20.260000,14.791053,9819500
2014-04-15,20.330000,20.559999,20.059999,20.510000,14.973571,22468600
2014-04-16,20.410000,20.420000,20.049999,20.150000,14.710751,15121500
2014-04-17,20.590000,20.920000,20.570000,20.719999,15.126884,20492800
2014-04-21,20.400000,20.590000,20.260000,20.559999,15.010075,11525800
2014-04-22,20.379999,20.580000,20.350000,20.559999,15.010075,11191200
2014-04-23,20.370001,20.459999,20.299999,20.410000,14.900564,9031700
2014-04-24,20.440001,20.600000,20.260000,20.559999,15.010075,12202800
2014-04-25,20.070000,20.150000,19.850000,19.910000,14.535532,15474700
2014-04-28,20.129999,20.309999,20.059999,20.299999,14.820262,14382700
2014-04-29,20.290001,20.400000,20.080000,20.100000,14.674248,13771200
2014-04-30,19.959999,20.100000,19.799999,20.100000,14.674248,12965700
2014-05-01,20.090000,20.110001,19.750000,19.770000,14.433326,10276400
2014-05-02,19.750000,19.799999,19.620001,19.620001,14.323816,11073200
2014-05-05,19.530001,19.730000,19.500000,19.660000,14.353019,7061200
2014-05-06,19.780001,20.090000,19.730000,20.000000,14.601238,10549900
2014-05-07,20.040001,20.340000,19.969999,20.330000,14.842160,14637400
2014-05-08,20.350000,20.590000,20.330000,20.510000,14.973571,13522200
2014-05-09,20.500000,20.549999,20.260000,20.410000,14.900564,10384000
2014-05-12,20.120001,20.590000,20.110001,20.590000,15.031976,19623700
2014-05-13,20.520000,20.709999,20.420000,20.639999,15.068476,9547500
2014-05-14,20.709999,20.860001,20.549999,20.580000,15.024676,10140100
2014-05-15,20.580000,20.700001,20.420000,20.660000,15.083078,12943300
2014-05-16,20.670000,20.820000,20.389999,20.770000,15.163385,9131200
2014-05-19,20.639999,20.730000,20.570000,20.660000,15.083078,6459900
2014-05-20,20.530001,20.709999,20.459999,20.510000,14.973571,4564200
2014-05-21,20.510000,20.620001,20.480000,20.500000,14.966268,5629400
2014-05-22,20.570000,20.719999,20.530001,20.639999,15.068476,6156500
2014-05-23,20.719999,20.719999,20.549999,20.660000,15.083078,7179700
2014-05-27,20.830000,20.959999,20.700001,20.889999,15.250994,7520300
2014-05-28,20.950001,21.020000,20.809999,20.860001,15.229094,7761100
2014-05-29,20.850000,20.850000,20.639999,20.700001,15.112284,6114900
2014-05-30,20.400000,20.629999,20.400000,20.559999,15.010075,6671500
2014-06-02,20.670000,20.690001,20.570000,20.660000,15.083078,6475000
2014-06-03,20.700001,21.299999,20.629999,21.240000,15.506516,20116100
2014-06-04,21.219999,21.260000,21.080000,21.100000,15.404306,10888700
2014-06-05,21.120001,21.209999,21.049999,21.200001,15.477312,8404000
2014-06-06,21.219999,21.230000,21.070000,21.090000,15.397003,7647900
2014-06-09,21.290001,21.320000,21.160000,21.209999,15.484612,8131800
2014-06-10,21.190001,21.400000,21.129999,21.299999,15.550322,7595600
2014-06-11,21.309999,21.370001,21.049999,21.129999,15.426207,7507600
2014-06-12,21.100000,21.219999,20.990000,21.110001,15.411610,5641600
2014-06-13,21.139999,21.209999,21.020000,21.090000,15.397003,5705100
2014-06-16,21.090000,21.219999,21.070000,21.209999,15.484612,4543500
2014-06-17,21.230000,21.299999,21.129999,21.260000,15.521120,10287700
2014-06-18,21.230000,21.440001,21.129999,21.350000,15.586821,8455000
2014-06-19,21.340000,21.690001,21.340000,21.690001,15.835048,9709300
2014-06-20,21.480000,21.500000,21.139999,21.150000,15.440810,8450400
2014-06-23,21.020000,21.020000,20.830000,20.850000,15.221787,6105200
2014-06-24,21.059999,21.150000,20.750000,20.780001,15.170689,8122200
2014-06-25,20.879999,21.059999,20.480000,21.030001,15.353204,5486200
2014-06-26,21.059999,21.150000,20.910000,21.020000,15.345902,5177100
2014-06-27,21.180000,21.299999,21.120001,21.280001,15.535716,5816000
2014-06-30,21.350000,21.450001,21.270000,21.389999,15.616023,6491200
2014-07-01,21.670000,21.980000,21.670000,21.969999,16.039463,8655700
2014-07-02,22.360001,22.629999,22.260000,22.379999,16.338785,10574100
2014-07-03,22.580000,22.709999,22.510000,22.709999,16.579710,4317800
2014-07-07,22.820000,22.879999,22.620001,22.670000,16.550505,12390700
2014-07-08,22.610001,22.680000,22.459999,22.570000,16.477501,10319000
2014-07-09,22.450001,22.490000,22.330000,22.420000,16.367989,12353400
2014-07-10,22.209999,22.950001,22.200001,22.950001,16.754923,14431800
2014-07-11,23.000000,23.070000,22.740000,22.809999,16.652710,13026000
2014-07-14,22.540001,22.680000,22.420000,22.660000,16.915482,14313800
2014-07-15,22.570000,22.590000,22.240000,22.469999,16.773645,10256800
2014-07-16,21.650000,21.700001,20.910000,20.930000,15.624048,41814000
2014-07-17,20.830000,20.830000,20.120001,20.200001,15.079110,25798200
2014-07-18,20.559999,20.670000,20.440001,20.480000,15.288130,19052400
2014-07-21,20.520000,20.559999,20.400000,20.430000,15.250807,17570900
2014-07-22,20.709999,20.809999,20.670000,20.709999,15.459826,10489800
2014-07-23,20.750000,20.790001,20.639999,20.680000,15.437428,11879700
2014-07-24,20.840000,20.969999,20.750000,20.889999,15.594188,12694300
2014-07-25,20.639999,20.639999,20.299999,20.350000,15.191077,12177800
2014-07-28,20.200001,20.420000,20.129999,20.370001,15.206016,12681000
2014-07-29,20.670000,20.799999,20.530001,20.540001,15.332921,9895500
2014-07-30,20.740000,20.780001,20.610001,20.719999,15.467284,9957300
2014-07-31,20.180000,20.280001,19.920000,20.000000,14.929812,16332100
2014-08-01,20.030001,20.299999,20.030001,20.200001,15.079110,9833500
2014-08-04,20.559999,20.620001,20.350000,20.510000,15.310522,9836300
2014-08-05,20.010000,20.049999,19.680000,19.799999,14.780508,13411900
2014-08-06,19.959999,20.110001,19.889999,20.040001,14.959676,9394300
2014-08-07,20.100000,20.240000,19.870001,19.910000,14.862628,8653500
2014-08-08,19.969999,20.030001,19.719999,19.790001,14.773049,19783100
2014-08-11,20.010000,20.170000,20.010000,20.049999,14.967135,10054400
2014-08-12,20.100000,20.110001,19.900000,19.990000,14.922345,9283800
2014-08-13,20.330000,20.450001,20.270000,20.330000,15.176156,11932500
2014-08-14,20.549999,20.600000,20.459999,20.530001,15.325452,6287000
2014-08-15,20.549999,20.549999,20.299999,20.450001,15.265739,7212400
2014-08-18,20.430000,20.490000,20.340000,20.469999,15.280658,4432100
2014-08-19,20.639999,20.809999,20.639999,20.740000,15.482217,7677200
2014-08-20,20.740000,20.900000,20.719999,20.840000,15.556858,10026700
2014-08-21,20.719999,20.790001,20.590000,20.620001,15.392637,10642500
2014-08-22,20.740000,21.000000,20.740000,20.830000,15.549397,11389900
2014-08-25,20.850000,20.870001,20.650000,20.680000,15.437428,9991200
2014-08-26,20.709999,20.850000,20.639999,20.799999,15.527003,7830700
2014-08-27,20.920000,20.950001,20.690001,20.910000,15.609118,12153100
2014-08-28,20.719999,20.930000,20.590000,20.910000,15.609118,7620800
2014-08-29,20.950001,20.950001,20.809999,20.940001,15.631516,5322800
2014-09-02,21.020000,21.260000,20.990000,21.080000,15.736022,8116900
2014-09-03,21.280001,21.379999,21.170000,21.350000,15.937573,9850200
2014-09-04,21.320000,21.379999,21.180000,21.190001,15.818138,8057900
2014-09-05,21.129999,21.190001,20.980000,21.180000,15.810672,5969000
2014-09-08,21.170000,21.180000,21.010000,21.070000,15.728559,6724200
2014-09-09,21.070000,21.200001,20.980000,21.049999,15.713627,7312400
2014-09-10,20.799999,21.080000,20.750000,21.030001,15.698699,6244800
2014-09-11,20.830000,20.940001,20.740000,20.900000,15.601657,7389100
2014-09-12,20.740000,20.760000,20.280001,20.340000,15.183620,15136400
2014-09-15,20.469999,20.469999,20.230000,20.240000,15.108965,8072900
2014-09-16,20.230000,20.590000,20.139999,20.480000,15.288130,8209000
2014-09-17,20.559999,20.730000,20.540001,20.620001,15.392637,6456800
2014-09-18,20.700001,20.959999,20.650000,20.920000,15.616588,8889700
2014-09-19,20.879999,20.950001,20.500000,20.520000,15.317989,8952700
2014-09-22,20.430000,20.450001,20.200001,20.360001,15.198547,12063100
2014-09-23,20.290001,20.480000,20.280001,20.340000,15.183620,9091000
2014-09-24,20.500000,20.639999,20.450001,20.590000,15.370242,9684500
2014-09-25,20.330000,20.370001,20.059999,20.110001,15.011927,12835200
2014-09-26,20.080000,20.200001,20.070000,20.139999,15.034321,11396400
2014-09-29,19.930000,20.030001,19.750000,19.950001,14.892489,12150400
2014-09-30,19.900000,20.190001,19.809999,20.180000,15.064178,15357400
2014-10-01,20.180000,20.230000,19.990000,20.100000,15.004464,16100700
2014-10-02,20.100000,20.410000,19.930000,20.290001,15.146293,22937000
2014-10-03,20.610001,20.900000,20.530001,20.830000,15.549397,19548800
2014-10-06,20.900000,20.910000,20.700001,20.820000,15.541930,19804800
2014-10-07,20.690001,20.740000,20.360001,20.379999,15.213481,9473500
2014-10-08,20.170000,20.660000,20.120001,20.600000,15.377707,12264600
2014-10-09,20.770000,20.780001,20.410000,20.469999,15.280658,10846800
2014-10-10,20.180000,20.219999,19.389999,19.440001,14.511783,28668600
2014-10-13,19.809999,20.110001,19.620001,19.670000,14.683470,14696600
2014-10-14,19.889999,20.379999,19.850000,20.139999,15.034321,21296600
2014-10-15,19.719999,20.250000,19.450001,20.070000,14.982067,20760400
2014-10-16,20.230000,21.090000,20.190001,20.719999,15.467284,30662100
2014-10-17,20.549999,20.820000,20.549999,20.719999,15.467284,14809100
2014-10-20,20.790001,20.990000,20.629999,20.870001,15.579261,11512400
2014-10-21,20.930000,21.469999,20.799999,21.389999,15.967430,17393800
2014-10-22,21.600000,21.700001,21.190001,21.240000,15.855462,14927700
2014-10-23,21.330000,21.420000,21.129999,21.299999,15.900252,10095300
2014-10-24,21.010000,21.190001,20.889999,21.180000,15.810672,8800200
2014-10-27,21.320000,21.400000,21.110001,21.360001,15.945043,11136800
2014-10-28,21.450001,21.600000,21.340000,21.590000,16.116735,11058800
2014-10-29,21.570000,21.660000,21.440001,21.590000,16.116735,9201700
2014-10-30,21.490000,21.540001,21.010000,21.110001,15.758420,12181300
2014-10-31,21.690001,22.129999,21.690001,22.020000,16.437721,19615000
2014-11-03,21.980000,21.980000,21.750000,21.900000,16.348145,10560900
2014-11-04,21.990000,22.000000,21.760000,21.950001,16.385468,8881100
2014-11-05,22.059999,22.180000,21.840000,22.030001,16.445179,8994500
2014-11-06,22.040001,22.059999,21.719999,21.799999,16.273495,6782500
2014-11-07,21.820000,21.870001,21.610001,21.820000,16.288427,7835600
2014-11-10,22.100000,22.330000,22.090000,22.260000,16.616880,7833800
2014-11-11,22.360001,22.400000,22.100000,22.200001,16.572092,6580400
2014-11-12,21.780001,22.070000,21.750000,22.049999,16.460115,11788800
2014-11-13,22.260000,22.420000,22.160000,22.340000,16.676600,10891000
2014-11-14,22.440001,22.469999,22.309999,22.400000,16.721388,8233100
2014-11-17,22.170000,22.200001,21.780001,21.910000,16.355608,16309900
2014-11-18,21.760000,22.110001,21.700001,22.049999,16.460115,13347000
2014-11-19,22.340000,22.639999,22.240000,22.530001,16.818436,14975100
2014-11-20,22.600000,22.820000,22.520000,22.760000,16.990124,11797500
2014-11-21,22.950001,23.100000,22.889999,23.059999,17.214073,11661000
2014-11-24,22.860001,23.010000,22.750000,22.940001,17.124498,9042000
2014-11-25,22.940001,23.070000,22.870001,22.910000,17.102098,6605100
2014-11-26,22.990000,23.240000,22.930000,23.180000,17.303650,7688400
2014-11-28,23.330000,23.540001,23.120001,23.469999,17.520134,6019000
2014-12-01,23.200001,23.219999,22.840000,22.940001,17.124498,7990200
2014-12-02,22.670000,22.690001,22.440001,22.570000,16.848295,9853000
2014-12-03,22.750000,23.080000,22.580000,22.930000,17.117031,16566400
2014-12-04,22.900000,22.930000,22.700001,22.820000,17.034914,6130000
2014-12-05,22.760000,22.799999,22.549999,22.740000,16.975199,7679900
2014-12-08,22.780001,22.900000,22.389999,22.500000,16.796040,9404100
2014-12-09,22.280001,22.600000,22.070000,22.580000,16.855757,9606600
2014-12-10,22.450001,22.450001,22.170000,22.190001,16.564623,10065400
2014-12-11,22.000000,22.370001,21.920000,22.139999,16.527304,11096100
2014-12-12,22.129999,22.219999,21.969999,21.969999,16.400404,11335100
2014-12-15,22.190001,22.389999,21.889999,21.940001,16.378002,14120700
2014-12-16,21.809999,21.850000,21.430000,21.440001,16.004759,11179200
2014-12-17,21.260000,21.650000,21.160000,21.639999,16.154053,13146600
2014-12-18,22.049999,22.219999,21.719999,21.790001,16.266027,10804900
2014-12-19,22.490000,22.549999,21.990000,22.200001,16.572092,11708000
2014-12-22,22.270000,22.580000,22.219999,22.370001,16.698994,4714700
2014-12-23,22.219999,22.370001,22.200001,22.209999,16.579556,6055100
2014-12-24,22.240000,22.510000,22.219999,22.350000,16.684063,1975600
2014-12-26,22.530001,22.540001,22.270000,22.309999,16.654207,2634900
2014-12-29,22.660000,22.750000,22.379999,22.379999,16.706457,3737200
2014-12-30,22.330000,22.559999,22.320000,22.440001,16.751247,4791900
2014-12-31,22.480000,22.639999,22.330000,22.379999,16.706457,3877200
2015-01-02,22.450001,22.459999,22.000000,22.280001,16.631809,6074100
2015-01-05,22.139999,22.170000,21.709999,21.740000,16.228710,9031800
2015-01-06,21.320000,21.580000,21.160000,21.360001,15.945043,10169500
2015-01-07,21.590000,21.760000,21.340000,21.670000,16.176455,10180200
2015-01-08,21.690001,22.010000,21.670000,21.809999,16.280954,15825900
2015-01-09,21.620001,21.639999,21.020000,21.200001,15.825600,17596000
2015-01-12,21.059999,21.090000,20.690001,20.790001,15.519540,24695300
2015-01-13,21.020000,21.299999,20.990000,21.049999,15.713627,11043200
2015-01-14,20.650000,21.100000,20.600000,21.059999,15.721089,21760200
2015-01-15,22.590000,23.129999,21.910000,22.889999,17.087170,36350200
2015-01-16,22.370001,22.700001,22.290001,22.600000,16.870689,22402000
2015-01-20,22.600000,23.190001,22.469999,23.090000,17.236467,23999700
2015-01-21,23.000000,23.290001,22.959999,23.209999,17.326046,17966600
2015-01-22,23.200001,23.719999,22.889999,23.709999,17.699289,25334400
2015-01-23,23.930000,24.299999,23.879999,23.990000,17.908314,13027300
2015-01-26,23.950001,24.190001,23.900000,24.160000,18.035210,14091400
2015-01-27,24.129999,24.260000,23.950001,24.190001,18.057608,14735300
2015-01-28,24.440001,24.490000,23.850000,23.930000,17.863522,16762900
2015-01-29,23.690001,23.799999,23.080000,23.290001,17.385767,19411300
2015-01-30,22.990000,23.120001,22.670000,22.709999,16.952805,17590300
2015-02-02,23.030001,23.080000,22.709999,22.940001,17.124498,12854500
2015-02-03,23.340000,23.440001,23.059999,23.150000,17.281261,16676200
2015-02-04,23.590000,23.750000,23.450001,23.580000,17.602249,11266500
2015-02-05,23.719999,23.760000,23.309999,23.660000,17.661964,12016600
2015-02-06,23.450001,23.629999,23.049999,23.100000,17.243933,16529800
2015-02-09,22.920000,22.940001,22.490000,22.670000,16.922943,12821100
2015-02-10,23.900000,23.950001,23.459999,23.860001,17.811266,17077300
2015-02-11,23.879999,24.350000,23.770000,24.290001,18.132256,14211100
2015-02-12,24.410000,24.480000,24.150000,24.469999,18.266624,10136200
2015-02-13,24.450001,24.959999,24.400000,24.840000,18.542830,11637500
2015-02-17,24.690001,24.889999,24.680000,24.770000,18.490572,10525500
2015-02-18,24.690001,24.850000,24.610001,24.709999,18.445782,7433100
2015-02-19,24.680000,24.709999,24.459999,24.520000,18.303953,9929400
2015-02-20,24.700001,24.709999,24.299999,24.440001,18.244230,7268000
2015-02-23,24.410000,24.430000,24.129999,24.219999,18.080000,7827400
2015-02-24,24.379999,25.080000,24.350000,25.040001,18.692125,15932700
2015-02-25,25.049999,25.320000,24.990000,25.040001,18.692125,10388400
2015-02-26,24.799999,24.990000,24.650000,24.680000,18.423391,7588500
2015-02-27,24.750000,24.780001,24.469999,24.530001,18.311419,8541000
2015-03-02,24.400000,24.629999,24.400000,24.629999,18.386068,7081200
2015-03-03,24.709999,24.730000,24.400000,24.500000,18.289019,7485300
2015-03-04,24.570000,24.600000,24.129999,24.330000,18.162115,9415000
2015-03-05,24.459999,24.480000,24.139999,24.459999,18.259159,6882400
2015-03-06,24.250000,24.379999,24.040001,24.090000,17.982962,6375000
2015-03-09,23.670000,23.700001,23.260000,23.450001,17.505209,15598700
2015-03-10,23.020000,23.260000,22.910000,23.049999,17.206612,12405600
2015-03-11,23.410000,23.719999,23.410000,23.490000,17.535063,9485000
2015-03-12,23.500000,23.750000,23.469999,23.530001,17.564924,10892000
2015-03-13,23.660000,23.969999,23.650000,23.879999,17.826191,9748200
2015-03-16,23.969999,24.389999,23.900000,24.280001,18.124792,18384800
2015-03-17,24.049999,24.440001,23.950001,24.309999,18.147188,12558800
2015-03-18,24.510000,24.900000,24.150000,24.709999,18.445782,14551700
2015-03-19,24.900000,25.150000,24.629999,24.660000,18.408464,11699700
2015-03-20,24.799999,24.900000,24.680000,24.770000,18.490572,7196900
2015-03-23,24.879999,24.950001,24.750000,24.799999,18.512964,9110900
2015-03-24,24.610001,24.700001,24.450001,24.500000,18.289019,9071500
2015-03-25,24.440001,24.450001,23.080000,23.180000,17.303650,32339400
2015-03-26,23.059999,23.510000,22.959999,23.200001,17.318586,36432500
2015-03-27,22.910000,23.120001,22.660000,22.940001,17.124498,20264000
2015-03-30,22.780001,23.299999,22.780001,23.250000,17.355907,14707100
2015-03-31,23.410000,23.559999,23.320000,23.480000,17.527603,13621500
2015-04-01,23.430000,23.469999,23.139999,23.230000,17.340979,13314800
2015-04-02,23.620001,23.830000,23.580000,23.690001,17.684362,12443500
2015-04-06,23.200001,23.740000,23.190001,23.540001,17.572392,11439200
2015-04-07,23.540001,23.629999,23.350000,23.389999,17.460413,13305600
2015-04-08,23.129999,23.350000,23.080000,23.200001,17.318586,10835200
2015-04-09,23.250000,23.670000,23.240000,23.440001,17.497740,10183300
2015-04-10,23.730000,23.799999,23.379999,23.500000,17.542528,10531900
2015-04-13,23.510000,23.690001,23.309999,23.330000,17.415627,11125700
2015-04-14,23.240000,23.299999,22.830000,23.180000,17.303650,13787000
2015-04-15,23.160000,23.639999,23.090000,23.510000,17.549994,16883000
2015-04-16,23.510000,23.549999,22.650000,23.240000,17.348440,28320800
2015-04-17,23.040001,23.250000,22.870001,23.219999,17.333509,16113600
2015-04-20,23.400000,23.620001,23.190001,23.270000,17.370832,15253500
2015-04-21,23.299999,23.370001,23.160000,23.330000,17.415627,13191400
2015-04-22,23.400000,23.840000,23.389999,23.840000,17.796337,15880200
2015-04-23,23.840000,24.420000,23.700001,24.299999,18.139721,22973300
2015-04-24,25.190001,25.309999,24.690001,24.910000,18.595083,28481800
2015-04-27,24.889999,25.770000,24.770000,25.410000,18.968325,25744900
2015-04-28,25.230000,25.290001,24.799999,25.010000,18.669731,14437100
2015-04-29,24.850000,24.900000,24.590000,24.790001,18.505508,12642500
2015-04-30,24.500000,24.620001,24.360001,24.440001,18.244230,16033300
2015-05-01,24.700001,24.840000,24.570000,24.740000,18.468182,9732900
2015-05-04,24.559999,24.610001,24.280001,24.320000,18.154650,9436900
2015-05-05,24.200001,24.450001,24.170000,24.290001,18.132256,13233000
2015-05-06,24.379999,24.510000,24.250000,24.450001,18.251692,8302200
2015-05-07,24.350000,24.410000,24.230000,24.370001,18.191977,7299600
2015-05-08,24.459999,24.740000,24.389999,24.549999,18.326342,11054400
2015-05-11,24.580000,24.620001,24.340000,24.370001,18.191977,6256500
2015-05-12,24.180000,24.500000,24.139999,24.379999,18.199438,10406900
2015-05-13,24.480000,24.670000,24.389999,24.440001,18.244230,6596700
2015-05-14,24.370001,24.520000,24.309999,24.410000,18.221836,9130500
2015-05-15,24.450001,24.600000,24.410000,24.559999,18.333813,5952400
2015-05-18,24.480000,24.480000,24.370001,24.410000,18.221836,9387100
2015-05-19,24.480000,24.660000,24.459999,24.590000,18.356207,10063100
2015-05-20,24.520000,24.670000,24.410000,24.580000,18.348738,9053200
2015-05-21,24.379999,24.430000,24.150000,24.240000,18.094933,12175800
2015-05-22,24.370001,24.580000,24.200001,24.200001,18.065073,8574500
2015-05-26,24.170000,24.379999,24.150000,24.260000,18.109865,10911600
2015-05-27,24.170000,24.700001,24.100000,24.600000,18.363665,14361100
2015-05-28,24.490000,24.650000,24.360001,24.450001,18.251692,10416600
2015-05-29,24.049999,24.430000,23.940001,24.280001,18.124792,13170000
2015-06-01,24.180000,24.240000,23.930000,24.139999,18.020285,10391300
2015-06-02,23.980000,24.000000,23.639999,23.670000,17.669439,12267300
2015-06-03,23.780001,23.799999,23.480000,23.660000,17.661964,10846500
2015-06-04,23.270000,23.430000,22.780001,22.980000,17.154352,16981800
2015-06-05,22.820000,23.040001,22.750000,22.860001,17.064775,9277100
2015-06-08,22.870001,22.920000,22.600000,22.650000,16.908012,9155900
2015-06-09,22.870001,23.100000,22.709999,22.830000,17.042381,14045900
2015-06-10,23.049999,23.340000,23.000000,23.330000,17.415627,14611900
2015-06-11,23.660000,23.709999,23.459999,23.510000,17.549994,12836500
2015-06-12,23.540001,23.760000,23.400000,23.670000,17.669439,12115900
2015-06-15,23.389999,23.440001,23.230000,23.260000,17.363373,12984800
2015-06-16,23.240000,23.650000,23.200001,23.580000,17.602249,12381400
2015-06-17,23.559999,23.700001,23.450001,23.600000,17.617180,12642300
2015-06-18,23.660000,23.830000,23.570000,23.760000,17.736612,11225200
2015-06-19,23.620001,23.680000,23.389999,23.400000,17.467876,11609100
2015-06-22,23.660000,23.889999,23.600000,23.840000,17.796337,13407100
2015-06-23,24.010000,24.040001,23.750000,23.930000,17.863522,9339600
2015-06-24,23.959999,24.000000,23.830000,23.900000,17.841120,9368200
2015-06-25,24.040001,24.330000,24.000000,24.080000,17.975496,8369700
2015-06-26,23.920000,24.040001,23.440001,23.629999,17.639570,14805800
2015-06-29,22.670000,22.940001,22.360001,22.379999,17.237518,14494500
2015-06-30,22.860001,23.129999,22.670000,22.709999,17.491684,15836800
2015-07-01,23.129999,23.230000,22.850000,22.930000,17.661144,12403200
2015-07-02,23.000000,23.330000,22.950001,23.150000,17.830589,7884900
2015-07-06,23.000000,23.260000,22.870001,22.940001,17.668839,7476100
2015-07-07,22.809999,23.000000,22.440001,22.959999,17.684246,10131500
2015-07-08,22.590000,22.660000,22.180000,22.230000,17.121984,13956700
2015-07-09,22.580000,22.650000,22.110001,22.219999,17.114285,12147200
2015-07-10,22.340000,22.670000,22.340000,22.570000,17.383858,9042600
2015-07-13,22.690001,22.879999,22.559999,22.860001,17.607222,11501200
2015-07-14,22.770000,22.900000,22.690001,22.799999,17.561010,8778400
2015-07-15,22.709999,22.910000,22.410000,22.559999,17.376160,13861500
2015-07-16,22.049999,22.830000,21.700001,22.730000,17.507093,29850800
2015-07-17,22.950001,23.090000,22.780001,23.030001,17.738157,10314200
2015-07-20,23.030001,23.040001,22.620001,22.900000,17.638033,12307200
2015-07-21,22.940001,23.160000,22.830000,22.879999,17.622627,9372700
2015-07-22,22.469999,22.540001,22.110001,22.219999,17.114285,17279900
2015-07-23,22.129999,22.500000,22.090000,22.309999,17.183601,16251500
2015-07-24,22.059999,22.209999,21.610001,21.639999,16.667559,15045700
2015-07-27,21.570000,21.690001,21.330000,21.629999,16.659851,10167100
2015-07-28,21.709999,21.990000,21.600000,21.879999,16.852409,13102700
2015-07-29,21.820000,22.270000,21.740000,22.110001,17.029558,12780100
2015-07-30,22.230000,22.780001,22.190001,22.700001,17.483990,17400600
2015-07-31,22.549999,22.610001,22.030001,22.110001,17.029558,16313800
2015-08-03,21.900000,21.900000,21.520000,21.719999,16.729172,11945800
2015-08-04,21.830000,21.920000,21.340000,21.450001,16.521214,13832400
2015-08-05,21.549999,21.870001,21.520000,21.610001,16.644447,7506500
2015-08-06,21.420000,21.549999,21.010000,21.280001,16.390274,12945100
2015-08-07,21.260000,21.410000,20.990000,21.030001,16.197718,16644500
2015-08-10,21.120001,21.889999,20.920000,21.610001,16.644447,25398700
2015-08-11,21.000000,21.100000,20.549999,20.830000,16.043676,18685200
2015-08-12,20.530001,20.780001,20.180000,20.750000,15.982060,20957100
2015-08-13,20.549999,20.690001,20.410000,20.540001,15.820312,7873400
2015-08-14,20.370001,20.400000,20.219999,20.379999,15.697077,11355400
2015-08-17,19.900000,20.309999,19.690001,20.280001,15.620054,18060200
2015-08-18,20.180000,20.200001,20.010000,20.030001,15.427501,10410700
2015-08-19,20.000000,20.059999,19.629999,19.910000,15.335073,12520400
2015-08-20,19.790001,20.070000,19.610001,19.610001,15.104006,12865500
2015-08-21,19.250000,19.510000,18.870001,18.879999,14.541749,20217500
2015-08-24,17.740000,19.430000,17.320000,18.760000,14.449319,31876000
2015-08-25,19.730000,20.010000,18.700001,18.760000,14.449319,25640300
2015-08-26,19.340000,19.480000,18.940001,19.450001,14.980778,20952300
2015-08-27,19.620001,19.940001,19.580000,19.940001,15.358181,17880000
2015-08-28,19.629999,20.080000,19.549999,20.000000,15.404398,10980800
2015-08-31,20.160000,20.190001,19.750000,19.879999,15.311971,9081400
2015-09-01,19.350000,19.760000,19.250000,19.410000,14.949962,14185700
2015-09-02,19.700001,20.070000,19.650000,19.940001,15.358181,14670900
2015-09-03,20.150000,20.240000,20.020000,20.070000,15.458306,8174900
2015-09-04,19.700001,19.830000,19.600000,19.670000,15.150222,8944000
2015-09-08,19.959999,20.059999,19.820000,20.049999,15.442902,10390900
2015-09-09,20.440001,20.660000,19.820000,19.879999,15.311971,10318700
2015-09-10,19.799999,19.910000,19.270000,19.700001,15.173328,17806400
2015-09-11,19.740000,19.950001,19.610001,19.900000,15.327369,9549900
2015-09-14,19.990000,20.170000,19.889999,20.040001,15.435206,7790800
2015-09-15,20.160000,20.559999,20.040001,20.389999,15.704782,11469800
2015-09-16,20.709999,20.750000,20.459999,20.670000,15.920441,11471100
2015-09-17,20.580000,21.020000,20.570000,20.660000,15.912742,11394200
2015-09-18,20.530001,20.760000,20.350000,20.610001,15.874228,14057800
2015-09-21,20.530001,20.719999,20.400000,20.530001,15.812612,12292100
2015-09-22,20.170000,20.240000,19.879999,19.950001,15.365884,13482400
2015-09-23,19.650000,20.290001,19.600000,20.010000,15.412099,22169600
2015-09-24,19.889999,20.030001,19.559999,19.990000,15.396694,11088800
2015-09-25,20.160000,20.299999,19.959999,20.049999,15.442902,10742300
2015-09-28,19.969999,20.049999,19.580000,19.629999,15.119415,15576100
2015-09-29,19.620001,19.950001,19.490000,19.889999,15.319670,10919600
2015-09-30,20.360001,20.790001,20.330000,20.750000,15.982060,12400200
2015-10-01,20.950001,21.000000,20.600000,20.860001,16.066786,14508200
2015-10-02,20.209999,20.770000,20.209999,20.760000,15.989765,15271100
2015-10-05,21.059999,21.440001,20.790001,21.400000,16.482702,10938100
2015-10-06,21.059999,21.360001,20.959999,21.230000,16.351768,10577700
2015-10-07,21.680000,22.100000,21.629999,21.930000,16.890919,13647100
2015-10-08,21.780001,22.270000,21.670000,22.250000,17.137390,10343500
2015-10-09,22.309999,22.430000,21.910000,21.950001,16.906322,11648800
2015-10-12,22.070000,22.200001,22.010000,22.090000,17.014156,6779500
2015-10-13,21.820000,22.030001,21.680000,21.940001,16.898621,12740800
2015-10-14,21.780001,22.530001,21.660000,22.340000,17.206711,22801100
2015-10-15,22.549999,22.790001,21.790001,21.950001,16.906322,17867300
2015-10-16,22.010000,22.219999,21.990000,22.160000,17.068071,9598700
2015-10-19,22.080000,22.299999,21.959999,22.230000,17.121984,8940900
2015-10-20,22.200001,22.420000,22.170000,22.309999,17.183601,6718400
2015-10-21,22.330000,22.450001,22.139999,22.219999,17.114285,8154300
2015-10-22,22.389999,22.620001,22.320000,22.510000,17.337650,8214500
2015-10-23,22.750000,22.750000,22.400000,22.469999,17.306835,11854100
2015-10-26,22.469999,22.520000,21.930000,22.160000,17.068071,12350400
2015-10-27,22.059999,22.299999,21.879999,22.200001,17.098879,6885400
2015-10-28,22.070000,22.270000,21.870001,22.080000,17.006453,9913700
2015-10-29,21.809999,21.820000,21.520000,21.820000,16.806196,7939100
2015-10-30,21.840000,22.070000,21.650000,21.959999,16.914026,8791800
2015-11-02,21.860001,22.139999,21.770000,22.100000,17.021854,5716700
2015-11-03,22.240000,22.950001,22.110001,22.770000,17.537907,12846400
2015-11-04,23.100000,23.660000,23.049999,23.549999,18.138676,14372000
2015-11-05,23.230000,23.230000,22.950001,22.980000,17.699648,8345300
2015-11-06,22.590000,22.830000,22.430000,22.820000,17.576414,8805900
2015-11-09,22.750000,22.980000,22.680000,22.959999,17.684246,8629200
2015-11-10,22.510000,22.670000,22.330000,22.510000,17.337650,7388700
2015-11-11,22.420000,22.700001,22.280001,22.580000,17.391565,5255100
2015-11-12,22.440001,22.680000,22.240000,22.240000,17.129688,5685100
2015-11-13,22.070000,22.150000,21.570000,21.889999,16.860111,7883500
2015-11-16,21.830000,22.379999,21.799999,22.350000,17.214409,7121500
2015-11-17,22.430000,22.820000,22.379999,22.520000,17.345346,7148400
2015-11-18,22.379999,22.559999,22.150000,22.520000,17.345346,8010400
2015-11-19,22.940001,22.940001,22.590000,22.670000,17.460880,7115100
2015-11-20,22.809999,22.889999,22.709999,22.830000,17.584112,6039900
2015-11-23,22.920000,22.940001,22.540001,22.570000,17.383858,5502100
2015-11-24,22.430000,22.580000,22.160000,22.500000,17.329948,8911500
2015-11-25,22.570000,22.660000,22.510000,22.559999,17.376160,5442600
2015-11-27,22.389999,22.639999,22.340000,22.450001,17.291431,3995600
2015-11-30,22.440001,22.870001,22.379999,22.760000,17.530207,8612900
2015-12-01,22.840000,23.350000,22.830000,23.280001,17.930716,10256000
2015-12-02,23.190001,23.360001,23.059999,23.190001,17.861397,6829100
2015-12-03,23.280001,23.309999,22.820000,22.930000,17.661144,5884700
2015-12-04,22.830000,23.370001,22.730000,23.309999,17.953825,6355600
2015-12-07,23.450001,23.500000,23.180000,23.240000,17.899908,4634000
2015-12-08,23.000000,23.219999,22.879999,23.080000,17.776669,6133900
2015-12-09,22.950001,23.010000,22.650000,22.730000,17.507093,8663600
2015-12-10,22.719999,22.850000,22.610001,22.650000,17.445475,7171900
2015-12-11,22.420000,22.559999,22.160000,22.180000,17.083475,11326300
2015-12-14,22.330000,22.410000,22.070000,22.219999,17.114285,7898600
2015-12-15,22.420000,22.900000,22.420000,22.820000,17.576414,9444200
2015-12-16,23.110001,23.230000,22.889999,23.160000,17.838287,7384800
2015-12-17,23.090000,23.290001,22.950001,22.959999,17.684246,8925700
2015-12-18,22.770000,23.080000,22.719999,22.930000,17.661144,8648000
2015-12-21,22.930000,23.049999,22.750000,22.950001,17.676548,4958700
2015-12-22,22.980000,23.090000,22.950001,23.059999,17.761263,4553900
2015-12-23,23.200001,23.209999,22.969999,23.080000,17.776669,6172900
2015-12-24,23.150000,23.280001,23.080000,23.150000,17.830589,2009500
2015-12-28,23.150000,23.190001,22.850000,23.010000,17.722757,3100100
2015-12-29,23.070000,23.230000,22.980000,23.080000,17.776669,4136700
2015-12-30,23.049999,23.090000,22.840000,22.879999,17.622627,2574100
2015-12-31,22.860001,23.000000,22.570000,22.750000,17.522503,3898300
2016-01-04,22.240000,22.299999,21.860001,22.090000,17.014156,9145100
2016-01-05,22.180000,22.420000,21.950001,21.950001,16.906322,7642100
2016-01-06,21.660000,21.709999,21.260000,21.340000,16.436485,8063200
2016-01-07,20.879999,21.379999,20.820000,21.100000,16.251637,11242800
2016-01-08,21.270000,21.400000,20.770000,20.809999,16.028267,9290700
2016-01-11,21.170000,21.250000,20.700001,20.930000,16.120697,9771200
2016-01-12,21.230000,21.240000,20.510000,20.750000,15.982060,11629400
2016-01-13,20.900000,21.070000,20.450001,20.480000,15.774095,12858400
2016-01-14,20.730000,21.870001,20.700001,21.820000,16.806196,18687600
2016-01-15,20.559999,21.280001,20.559999,21.100000,16.251637,12066200
2016-01-19,21.629999,21.799999,21.230000,21.660000,16.682962,14807000
2016-01-20,20.840000,21.209999,20.740000,21.090000,16.243937,10815300
2016-01-21,21.150000,21.469999,20.850000,21.330000,16.428789,9105000
2016-01-22,21.760000,21.950001,21.620001,21.930000,16.890919,8369200
2016-01-25,21.709999,22.070000,21.700001,21.790001,16.783087,8463700
2016-01-26,21.780001,21.860001,21.500000,21.590000,16.629047,7709700
2016-01-27,21.719999,22.000000,21.610001,21.680000,16.698364,6432800
2016-01-28,21.780001,21.870001,21.480000,21.629999,16.659851,7169000
2016-01-29,21.870001,22.400000,21.870001,22.350000,17.214409,9010200
2016-02-01,22.180000,22.549999,22.150000,22.459999,17.299133,5389200
2016-02-02,22.299999,22.620001,22.280001,22.559999,17.376160,13487900
2016-02-03,22.750000,23.100000,22.590000,22.920000,17.653437,13083200
2016-02-04,22.969999,23.250000,22.920000,23.230000,17.892204,6473100
2016-02-05,23.010000,23.360001,22.660000,22.750000,17.522503,9325400
2016-02-08,22.480000,22.910000,22.260000,22.799999,17.561010,8355200
2016-02-09,22.230000,22.680000,22.070000,22.559999,17.376160,8426600
2016-02-10,22.670000,22.910000,22.280001,22.299999,17.175900,5761600
2016-02-11,22.160000,22.360001,21.790001,22.000000,16.944836,10394600
2016-02-12,22.290001,22.320000,21.920000,22.240000,17.129688,7326900
2016-02-16,22.620001,23.690001,22.590000,23.340000,17.976929,13843800
2016-02-17,23.360001,23.740000,23.270000,23.639999,18.207996,11956100
2016-02-18,23.980000,24.190001,23.760000,23.799999,18.331224,12780200
2016-02-19,23.799999,24.030001,23.510000,23.780001,18.315826,8950300
2016-02-22,24.020000,24.129999,23.850000,23.959999,18.454464,7250300
2016-02-23,23.740000,23.750000,23.260000,23.400000,18.023142,5802500
2016-02-24,23.080000,23.500000,22.830000,23.420000,18.038546,5267500
2016-02-25,23.680000,23.700001,23.379999,23.690001,18.246506,5076800
2016-02-26,23.690001,24.090000,23.420000,23.770000,18.308125,9920900
2016-02-29,23.570000,23.750000,23.459999,23.549999,18.138676,6614000
2016-03-01,24.150000,24.680000,23.990000,24.580000,18.932005,9858800
2016-03-02,24.450001,24.700001,24.379999,24.620001,18.962809,5841300
2016-03-03,24.629999,24.870001,24.450001,24.559999,18.916595,7957500
2016-03-04,24.559999,24.950001,24.440001,24.650000,18.985920,7264600
2016-03-07,24.400000,24.719999,24.059999,24.700001,19.024426,8971500
2016-03-08,24.360001,24.850000,24.320000,24.650000,18.985920,11734000
2016-03-09,24.719999,24.790001,24.520000,24.740000,19.055233,5807300
2016-03-10,24.860001,25.000000,24.510000,24.740000,19.055233,6483700
2016-03-11,25.000000,25.379999,24.990000,25.350000,19.525068,7560000
2016-03-14,25.309999,25.379999,25.110001,25.219999,19.424944,4109400
2016-03-15,24.900000,25.200001,24.730000,24.879999,19.163063,8839800
2016-03-16,24.760000,25.799999,24.719999,25.780001,19.856264,10874100
2016-03-17,25.740000,25.850000,25.620001,25.770000,19.848558,6264700
2016-03-18,25.879999,26.250000,25.799999,26.040001,20.056522,7208700
2016-03-21,25.879999,26.020000,25.750000,25.930000,19.971802,5494100
2016-03-22,25.760000,26.059999,25.660000,25.809999,19.879374,6247400
2016-03-23,25.820000,25.820000,25.540001,25.680000,19.779243,5465900
2016-03-24,25.520000,25.750000,25.440001,25.730000,19.817757,5549000
2016-03-28,25.719999,25.760000,25.540001,25.629999,19.740730,2197200
2016-03-29,25.559999,26.020000,25.440001,25.969999,20.002607,4550800
2016-03-30,26.320000,26.620001,26.320000,26.459999,20.380013,5999600
2016-03-31,26.280001,26.440001,26.180000,26.200001,20.179756,5369100
2016-04-01,25.879999,26.209999,25.770000,26.120001,20.118147,5091200
2016-04-04,26.129999,26.129999,25.809999,25.850000,19.910179,4302700
2016-04-05,25.510000,25.629999,25.240000,25.510000,19.648314,8612600
2016-04-06,25.150000,25.740000,25.020000,25.620001,19.733025,8333100
2016-04-07,25.490000,25.520000,25.250000,25.370001,19.540480,7774400
2016-04-08,25.750000,25.809999,25.209999,25.280001,19.471155,8214600
2016-04-11,25.700001,25.840000,25.500000,25.510000,19.648314,5406300
2016-04-12,25.700001,25.719999,25.309999,25.570000,19.694521,4766900
2016-04-13,25.950001,26.209999,25.780001,26.170000,20.156652,9082700
2016-04-14,25.299999,25.530001,25.090000,25.299999,19.486559,13870800
2016-04-15,25.510000,25.580000,25.370001,25.459999,19.609795,8019100
2016-04-18,25.379999,25.680000,25.320000,25.500000,19.640604,6507600
2016-04-19,25.520000,25.670000,25.150000,25.160000,19.378733,9378700
2016-04-20,24.930000,25.250000,24.740000,25.120001,19.347921,9391300
2016-04-21,25.299999,25.350000,25.000000,25.160000,19.378733,6044400
2016-04-22,25.180000,25.309999,24.950001,25.070000,19.309410,6447400
2016-04-25,25.150000,25.330000,24.950001,25.010000,19.263201,7772500
2016-04-26,25.200001,25.350000,24.980000,25.010000,19.263201,9920000
2016-04-27,24.900000,25.340000,24.820000,25.250000,19.448046,7302200
2016-04-28,24.650000,24.879999,24.070000,24.160000,18.608509,12170200
2016-04-29,24.000000,24.010000,23.420000,23.590000,18.169479,14955900
2016-05-02,23.580000,23.750000,23.459999,23.690001,18.246506,6112100
2016-05-03,23.350000,23.450001,23.160000,23.320000,17.961527,9323900
2016-05-04,23.309999,23.549999,23.230000,23.420000,18.038546,7789900
2016-05-05,23.450001,23.690001,23.400000,23.500000,18.100166,7238400
2016-05-06,23.500000,23.610001,23.340000,23.410000,18.030842,5373300
2016-05-09,23.400000,23.490000,23.200001,23.370001,18.000034,5189800
2016-05-10,23.299999,23.440001,23.240000,23.389999,18.015440,5374500
2016-05-11,23.360001,23.450001,23.129999,23.219999,17.884502,6185400
2016-05-12,23.230000,23.290001,22.750000,22.990000,17.707352,7674600
2016-05-13,22.850000,23.000000,22.770000,22.820000,17.576414,4837700
2016-05-16,22.969999,23.240000,22.910000,23.110001,17.799774,4654300
2016-05-17,23.200001,23.309999,22.910000,22.950001,17.676548,4017400
2016-05-18,23.000000,23.639999,22.900000,23.520000,18.115570,10028100
2016-05-19,23.309999,23.320000,23.049999,23.250000,17.907610,3868700
2016-05-20,23.500000,24.020000,23.430000,23.910000,18.415955,8380600
2016-05-23,24.629999,24.760000,24.209999,24.270000,18.693235,6840000
2016-05-24,24.309999,24.570000,24.260000,24.469999,18.847281,7573600
2016-05-25,24.610001,24.719999,24.520000,24.620001,18.962809,5151600
2016-05-26,24.799999,24.920000,24.590000,24.790001,19.093752,8204700
2016-05-27,24.930000,25.010000,24.780001,24.799999,19.101448,5381300
2016-05-31,24.830000,24.850000,24.530001,24.719999,19.039831,7999900
2016-06-01,24.719999,25.260000,24.719999,25.250000,19.448046,6126800
2016-06-02,25.209999,25.250000,25.070000,25.180000,19.394135,4188200
2016-06-03,25.340000,25.600000,25.309999,25.530001,19.663712,5041800
2016-06-06,25.600000,25.670000,25.430000,25.469999,19.617495,7579500
2016-06-07,25.719999,26.120001,25.700001,26.059999,20.071928,6624300
2016-06-08,26.510000,26.580000,26.290001,26.330000,20.279884,6173600
2016-06-09,25.910000,26.250000,25.910000,26.230000,20.202868,5760100
2016-06-10,25.900000,25.969999,25.540001,25.860001,19.917883,6699400
2016-06-13,25.549999,25.820000,25.500000,25.629999,19.740730,7414600
2016-06-14,25.540001,25.709999,25.389999,25.570000,19.694521,7191500
2016-06-15,25.670000,26.030001,25.660000,25.840000,19.902479,6926800
2016-06-16,25.510000,25.910000,25.379999,25.860001,19.917883,4637700
2016-06-17,25.889999,25.930000,25.600000,25.850000,19.910179,5813100
2016-06-20,26.320000,26.639999,26.280001,26.370001,20.310696,10019300
2016-06-21,26.450001,26.650000,26.340000,26.590000,20.480146,6095200
2016-06-22,26.600000,26.920000,26.520000,26.540001,20.441633,8010400
2016-06-23,26.639999,26.809999,26.520000,26.809999,20.649593,6708600
2016-06-24,25.590000,26.200001,25.510000,25.680000,19.779243,9529800
2016-06-27,24.639999,24.959999,24.360001,24.900000,19.898312,10314300
2016-06-28,25.219999,25.370001,25.090000,25.260000,20.185999,14428100
2016-06-29,25.680000,25.969999,25.670000,25.799999,20.617537,8758600
2016-06-30,26.070000,26.420000,25.830000,26.230000,20.961155,9765900
2016-07-01,26.629999,26.650000,26.490000,26.530001,21.200897,5939300
2016-07-05,26.160000,26.299999,26.120001,26.260000,20.985125,5678400
2016-07-06,25.799999,26.200001,25.750000,26.150000,20.897221,6062900
2016-07-07,26.250000,26.530001,26.240000,26.309999,21.025087,5327900
2016-07-08,26.500000,26.799999,26.410000,26.730000,21.360712,5780600
2016-07-11,27.160000,27.370001,27.129999,27.200001,21.736307,6051600
2016-07-12,27.200001,27.290001,26.840000,26.969999,21.552511,8538700
2016-07-13,26.920000,27.010000,26.760000,26.889999,21.488581,10553300
2016-07-14,27.000000,27.230000,26.639999,27.110001,21.664394,12145100
2016-07-15,27.190001,27.260000,26.969999,27.010000,21.584475,5996500
2016-07-18,27.309999,27.650000,27.150000,27.639999,22.087925,7767300
2016-07-19,27.379999,27.520000,27.190001,27.270000,21.792248,4997300
2016-07-20,27.400000,27.590000,27.280001,27.549999,22.016006,5805100
2016-07-21,27.670000,27.820000,27.420000,27.480000,21.960066,6369300
2016-07-22,27.530001,27.790001,27.480000,27.740000,22.167839,5116800
2016-07-25,27.490000,27.920000,27.490000,27.860001,22.263739,7799700
2016-07-26,27.969999,28.410000,27.959999,28.330000,22.639328,10178800
2016-07-27,28.490000,28.490000,27.940001,28.100000,22.455526,7057700
2016-07-28,28.290001,28.389999,28.000000,28.139999,22.487495,4746300
2016-07-29,28.100000,28.100000,27.660000,27.780001,22.199804,7366600
2016-08-01,28.350000,28.750000,28.350000,28.620001,22.871073,7328200
2016-08-02,28.490000,28.490000,28.059999,28.160000,22.503471,6088500
2016-08-03,28.080000,28.240000,27.910000,28.160000,22.503471,3872000
2016-08-04,28.219999,28.430000,28.120001,28.400000,22.695259,3165000
2016-08-05,28.650000,28.850000,28.629999,28.790001,23.006924,5573000
2016-08-08,28.760000,29.139999,28.709999,29.090000,23.246668,8731700
2016-08-09,29.180000,29.430000,29.139999,29.400000,23.494394,6660600
2016-08-10,29.420000,29.450001,29.180000,29.219999,23.350552,8229100
2016-08-11,29.139999,29.370001,28.799999,29.139999,23.286619,9134000
2016-08-12,29.170000,29.270000,29.059999,29.240000,23.366535,3481800
2016-08-15,29.379999,29.450001,29.309999,29.389999,23.486401,3187000
2016-08-16,29.160000,29.200001,28.980000,29.080000,23.238674,5914400
2016-08-17,29.000000,29.000000,28.740000,28.980000,23.158756,6996800
2016-08-18,28.910000,29.200001,28.840000,29.160000,23.302608,4254200
2016-08-19,28.629999,28.690001,28.510000,28.639999,22.887058,6241800
2016-08-22,28.299999,28.480000,28.219999,28.400000,22.695259,6415400
2016-08-23,28.600000,28.690001,28.459999,28.500000,22.775181,5501800
2016-08-24,28.570000,28.600000,28.340000,28.389999,22.687273,5391500
2016-08-25,28.629999,28.840000,28.520000,28.600000,22.855093,6388200
2016-08-26,28.600000,28.900000,28.430000,28.639999,22.887058,5267500
2016-08-29,28.580000,28.770000,28.559999,28.700001,22.934999,3143900
2016-08-30,28.590000,28.690001,28.530001,28.620001,22.871073,5001800
2016-08-31,28.760000,28.980000,28.670000,28.740000,22.966972,4674700
2016-09-01,28.690001,29.030001,28.629999,28.959999,23.142773,6066600
2016-09-02,29.100000,29.209999,29.030001,29.139999,23.286619,6050200
2016-09-06,29.510000,29.719999,29.299999,29.490000,23.566317,6433000
2016-09-07,30.350000,30.549999,29.780001,29.820000,23.830030,14429800
2016-09-08,29.900000,29.920000,29.639999,29.790001,23.806053,6361600
2016-09-09,29.299999,29.330000,28.549999,28.590000,22.847099,8325600
2016-09-12,28.549999,29.040001,28.200001,28.990000,23.166750,5844500
2016-09-13,28.709999,28.780001,28.309999,28.490000,22.767187,6857800
2016-09-14,28.520000,28.760000,28.360001,28.620001,22.871073,5088700
2016-09-15,28.610001,29.270000,28.610001,29.180000,23.318586,6305100
2016-09-16,29.129999,29.219999,28.770000,28.910000,23.102821,7329300
2016-09-19,29.910000,30.120001,29.870001,29.930000,23.917933,7696400
2016-09-20,30.160000,30.240000,29.889999,29.900000,23.893959,5763300
2016-09-21,30.090000,30.559999,30.049999,30.500000,24.373444,8097200
2016-09-22,30.760000,30.950001,30.510000,30.660000,24.501299,5329000
2016-09-23,30.650000,30.670000,30.020000,30.120001,24.069767,7959800
2016-09-26,30.020000,30.070000,29.709999,29.840000,23.846008,4363300
2016-09-27,29.799999,30.430000,29.650000,30.400000,24.293528,5707200
2016-09-28,30.469999,30.500000,30.129999,30.330000,24.237585,4125100
2016-09-29,30.309999,30.650000,30.170000,30.400000,24.293528,5985800
2016-09-30,30.290001,30.680000,30.230000,30.590000,24.445360,5725700
2016-10-03,30.639999,30.809999,30.570000,30.719999,24.549244,4198500
2016-10-04,30.820000,30.920000,30.360001,30.389999,24.285532,5104800
2016-10-05,30.670000,30.709999,30.500000,30.530001,24.397415,6205000
2016-10-06,30.700001,30.809999,30.379999,30.770000,24.589201,4099900
2016-10-07,30.879999,31.209999,30.650000,31.180000,24.916843,5753400
2016-10-10,31.190001,31.480000,31.160000,31.280001,24.996759,7810500
2016-10-11,30.990000,30.990000,30.510000,30.730000,24.557232,10157600
2016-10-12,30.900000,31.410000,30.700001,31.350000,25.052694,9587000
2016-10-13,30.930000,30.930000,29.520000,30.530001,24.397415,17323000
2016-10-14,31.059999,31.270000,30.570000,30.660000,24.501299,9822900
2016-10-17,30.520000,30.760000,30.379999,30.570000,24.429379,7598400
2016-10-18,30.910000,30.980000,30.690001,30.860001,24.661125,5487500
2016-10-19,30.950001,31.040001,30.660000,30.980000,24.757017,6733000
2016-10-20,30.930000,31.150000,30.799999,31.059999,24.820946,7329800
2016-10-21,30.920000,31.139999,30.760000,31.080000,24.836931,3817100
2016-10-24,31.139999,31.410000,31.080000,31.410000,25.100643,3768900
2016-10-25,31.400000,31.620001,31.379999,31.549999,25.212519,3214700
2016-10-26,31.190001,31.430000,31.070000,31.209999,24.940823,4121500
2016-10-27,31.230000,31.260000,30.750000,30.770000,24.589201,6243200
2016-10-28,30.940001,31.100000,30.760000,30.770000,24.589201,5210800
2016-10-31,30.930000,31.129999,30.840000,31.100000,24.852915,3212300
2016-11-01,31.120001,31.200001,30.480000,30.709999,24.541250,5815800
2016-11-02,30.670000,30.730000,30.240000,30.389999,24.285532,5274700
2016-11-03,30.350000,30.500000,30.180000,30.280001,24.197628,4890800
2016-11-04,30.209999,30.450001,30.020000,30.240000,24.165663,4431900
2016-11-07,30.719999,31.379999,30.680000,31.350000,25.052694,3981800
2016-11-08,31.200001,31.500000,31.010000,31.340000,25.044701,4077100
2016-11-09,30.639999,30.990000,30.309999,30.590000,24.445360,8996700
2016-11-10,30.549999,30.549999,29.370001,29.440001,23.526363,10104300
2016-11-11,29.059999,30.080000,28.760000,29.930000,23.917933,7506800
2016-11-14,29.280001,29.600000,28.809999,28.850000,23.054876,8551400
2016-11-15,29.309999,29.440001,28.770000,29.200001,23.334570,11135600
2016-11-16,29.090000,29.900000,29.090000,29.860001,23.861992,8802600
2016-11-17,30.000000,30.020000,29.350000,29.469999,23.550329,7065100
2016-11-18,29.430000,29.570000,29.190001,29.469999,23.550329,5136600
2016-11-21,29.600000,29.740000,29.459999,29.650000,23.694178,4477100
2016-11-22,29.969999,30.150000,29.770000,29.910000,23.901953,8937500
2016-11-23,29.900000,30.129999,29.740000,29.889999,23.885965,4017500
2016-11-25,29.750000,29.809999,29.610001,29.660000,23.702168,2101800
2016-11-28,29.709999,29.940001,29.540001,29.660000,23.702168,5435000
2016-11-29,29.580000,29.750000,29.139999,29.549999,23.614262,9254600
2016-11-30,29.549999,29.820000,29.400000,29.690001,23.726133,6403400
2016-12-01,29.500000,29.520000,28.340000,28.549999,22.815130,12499600
2016-12-02,28.520000,28.870001,28.389999,28.860001,23.062868,5195800
2016-12-05,28.940001,29.290001,28.870001,29.020000,23.190723,3953100
2016-12-06,29.309999,29.610001,29.200001,29.510000,23.582302,4336200
2016-12-07,29.480000,29.940001,29.250000,29.930000,23.917933,3911600
2016-12-08,30.270000,30.270000,29.860001,30.040001,24.005838,4094600
2016-12-09,30.320000,30.629999,29.959999,30.120001,24.069767,4387400
2016-12-12,29.969999,29.969999,29.629999,29.900000,23.893959,3428000
2016-12-13,30.059999,30.639999,30.030001,30.360001,24.261557,5857700
2016-12-14,30.260000,30.389999,29.850000,29.870001,23.869986,6108400
2016-12-15,30.160000,30.290001,30.030001,30.160000,24.101734,5073300
2016-12-16,30.049999,30.080000,29.389999,29.480000,23.558329,6662100
2016-12-19,29.490000,29.540001,29.170000,29.270000,23.390507,6157000
2016-12-20,29.350000,29.559999,29.139999,29.309999,23.422470,5570800
2016-12-21,29.230000,29.280001,28.910000,29.139999,23.286619,6267500
2016-12-22,28.990000,29.000000,28.500000,28.740000,22.966972,7455900
2016-12-23,28.780001,29.129999,28.690001,29.049999,23.214701,4853500
2016-12-27,29.000000,29.230000,29.000000,29.100000,23.254656,3083000
2016-12-28,29.260000,29.320000,29.040001,29.120001,23.270641,3663300
2016-12-29,28.990000,29.160000,28.809999,29.129999,23.278629,5323900
2016-12-30,29.200001,29.230000,28.620001,28.750000,22.974964,4862800
2017-01-03,29.250000,29.510000,29.059999,29.309999,23.422470,6280300
2017-01-04,29.389999,29.459999,29.200001,29.299999,23.414476,4391800
2017-01-05,29.530001,29.910000,29.520000,29.799999,23.814047,4775700
2017-01-06,29.740000,29.850000,29.459999,29.629999,23.678198,4878700
2017-01-09,29.790001,30.139999,29.719999,30.040001,24.005838,8371700
2017-01-10,30.040001,30.299999,29.900000,30.070000,24.029810,7582000
2017-01-11,29.780001,30.200001,29.719999,30.170000,24.109726,7467300
2017-01-12,29.320000,29.860001,28.980000,29.290001,23.406488,13032200
2017-01-13,29.500000,29.650000,29.219999,29.440001,23.526363,9811100
2017-01-17,29.610001,29.650000,29.459999,29.620001,23.670206,7679800
2017-01-18,29.549999,29.680000,29.440001,29.490000,23.566317,7692800
2017-01-19,29.490000,29.690001,29.389999,29.629999,23.678198,8493200
2017-01-20,29.620001,30.260000,29.570000,30.070000,24.029810,7399400
2017-01-23,30.309999,30.490000,30.209999,30.330000,24.237585,6959800
2017-01-24,30.530001,30.900000,30.510000,30.820000,24.629162,7213600
2017-01-25,31.100000,31.330000,30.940001,31.309999,25.020729,8025800
2017-01-26,31.260000,31.450001,31.010000,31.110001,24.860907,8308700
2017-01-27,31.170000,31.350000,31.000000,31.250000,24.972786,5982200
2017-01-30,31.070000,31.200001,30.940001,31.190001,24.924835,7253100
2017-01-31,31.040001,31.160000,30.730000,30.910000,24.701078,6263100
2017-02-01,31.240000,31.309999,30.840000,31.080000,24.836931,5036900
2017-02-02,30.709999,30.889999,30.620001,30.780001,24.597195,5794800
2017-02-03,30.959999,31.080000,30.799999,30.969999,24.749025,5249100
2017-02-06,30.950001,30.950001,30.700001,30.870001,24.669115,3523700
2017-02-07,30.910000,30.969999,30.500000,30.520000,24.389416,6209500
2017-02-08,30.690001,30.700001,30.290001,30.330000,24.237585,7776600
2017-02-09,30.330000,30.500000,30.170000,30.209999,24.141687,8547000
2017-02-10,30.440001,30.809999,30.350000,30.709999,24.541250,6749400
2017-02-13,30.940001,31.799999,30.940001,31.690001,25.324402,10203800
2017-02-14,31.469999,31.469999,31.110001,31.330000,25.036713,5208600
2017-02-15,31.500000,31.799999,31.500000,31.750000,25.372347,4577200
2017-02-16,31.719999,32.490002,31.629999,32.320000,25.827850,13197100
2017-02-17,32.099998,32.380001,32.020000,32.340000,25.843834,7518200
2017-02-21,32.389999,32.470001,32.169998,32.330002,25.835844,5475400
2017-02-22,32.200001,32.200001,31.910000,32.070000,25.628073,5296200
2017-02-23,32.150002,32.150002,31.730000,31.750000,25.372347,5291200
2017-02-24,31.610001,31.920000,31.469999,31.920000,25.508200,3687100
2017-02-27,31.820000,31.820000,31.480000,31.530001,25.196537,5841900
2017-02-28,31.590000,31.680000,31.400000,31.469999,25.148592,6040800
2017-03-01,31.420000,31.600000,31.260000,31.580000,25.236498,4910300
2017-03-02,31.190001,31.240000,30.790001,30.870001,24.669115,8561100
2017-03-03,30.870001,30.920000,30.540001,30.850000,24.653131,6120700
2017-03-06,30.799999,30.940001,30.709999,30.850000,24.653131,5467400
2017-03-07,31.010000,31.400000,30.959999,31.309999,25.020729,7014000
2017-03-08,31.469999,31.520000,31.200001,31.219999,24.948807,4528500
2017-03-09,30.889999,31.059999,30.719999,30.980000,24.757017,6120700
2017-03-10,30.870001,31.080000,30.820000,31.059999,24.820946,5655300
2017-03-13,31.270000,31.570000,31.240000,31.500000,25.172565,3965700
2017-03-14,31.379999,31.469999,31.200001,31.209999,24.940823,5967200
2017-03-15,31.379999,32.029999,31.340000,31.910000,25.500204,4571400
2017-03-16,32.250000,32.470001,32.200001,32.410000,25.899769,6489000
2017-03-17,32.599998,32.759998,32.439999,32.590000,26.043619,6199800
2017-03-20,32.799999,33.110001,32.709999,32.849998,26.251383,5126700
2017-03-21,33.240002,33.529999,32.439999,32.480000,25.955711,9159900
2017-03-22,32.570000,32.849998,32.480000,32.689999,26.123526,6713500
2017-03-23,32.470001,32.660000,32.369999,32.560001,26.019644,5909900
2017-03-24,32.730000,33.099998,32.610001,32.810001,26.219425,5899900
2017-03-27,32.849998,33.259998,32.779999,33.169998,26.507109,5661500
2017-03-28,33.360001,33.430000,33.130001,33.349998,26.650951,4527000
2017-03-29,32.950001,32.970001,32.770000,32.930000,26.315327,4083900
2017-03-30,32.840000,33.150002,32.779999,33.070000,26.427195,3890600
2017-03-31,32.700001,32.939999,32.570000,32.840000,26.243395,4853500
2017-04-03,32.939999,33.000000,32.709999,32.889999,26.283354,4283100
2017-04-04,32.799999,32.950001,32.770000,32.860001,26.259382,3756600
2017-04-05,33.060001,33.330002,32.869999,32.900002,26.291348,5112900
2017-04-06,32.880001,32.939999,32.730000,32.860001,26.259382,3990800
2017-04-07,32.860001,33.040001,32.770000,32.869999,26.267370,3366300
2017-04-10,32.869999,32.869999,32.419998,32.520000,25.987677,4937100
2017-04-11,32.689999,32.689999,31.980000,32.400002,25.891781,6293800
2017-04-12,32.470001,32.639999,32.020000,32.279999,25.795885,6136500
2017-04-13,32.099998,32.450001,31.820000,31.830000,25.436281,8781700
2017-04-17,32.040001,32.070000,31.770000,32.029999,25.596106,6918900
2017-04-18,31.760000,31.860001,31.629999,31.790001,25.404314,5468600
2017-04-19,31.920000,31.950001,31.490000,31.610001,25.260468,4739200
2017-04-20,31.770000,31.870001,31.639999,31.790001,25.404314,4237700
2017-04-21,32.090000,32.139999,31.950001,32.080002,25.636061,4530400
2017-04-24,32.580002,32.799999,32.490002,32.700001,26.131523,5717000
2017-04-25,32.759998,33.180000,32.750000,33.070000,26.427195,5614300
2017-04-26,33.060001,33.110001,32.820000,33.000000,26.371258,6027700
2017-04-27,33.110001,33.299999,33.009998,33.020000,26.387241,5625600
2017-04-28,33.150002,33.250000,33.040001,33.070000,26.427195,5250500
2017-05-01,33.160000,33.410000,33.139999,33.400002,26.690914,4015100
2017-05-02,33.570000,33.990002,33.570000,33.930000,27.114452,5989300
2017-05-03,33.880001,34.290001,33.840000,34.290001,27.402136,6660700
2017-05-04,34.189999,34.189999,33.970001,34.139999,27.282267,5697300
2017-05-05,34.160000,34.439999,34.029999,34.419998,27.506023,5249800
2017-05-08,34.700001,35.099998,34.630001,34.980000,27.953533,6906900
2017-05-09,35.130001,35.459999,35.130001,35.410000,28.297165,7297900
2017-05-10,35.270000,35.630001,35.080002,35.410000,28.297165,9936700
2017-05-11,35.619999,35.799999,35.369999,35.560001,28.417028,6648900
2017-05-12,35.500000,35.520000,35.250000,35.369999,28.265188,4905000
2017-05-15,35.360001,35.389999,34.880001,35.060001,28.017469,9784700
2017-05-16,35.009998,35.029999,34.799999,35.029999,27.993486,6046200
2017-05-17,34.799999,34.810001,34.389999,34.419998,27.506023,8128100
2017-05-18,34.439999,34.990002,34.410000,34.900002,27.889610,8303700
2017-05-19,35.080002,35.230000,34.939999,35.200001,28.129341,7283300
2017-05-22,35.389999,35.509998,35.259998,35.400002,28.289169,5914200
2017-05-23,35.389999,35.490002,35.299999,35.400002,28.289169,6612800
2017-05-24,35.419998,35.590000,35.340000,35.520000,28.385063,7812500
2017-05-25,35.660000,35.790001,35.490002,35.570000,28.425022,4514900
2017-05-26,35.549999,35.580002,35.330002,35.509998,28.377066,3109800
2017-05-30,35.680000,35.810001,35.480000,35.779999,28.592834,4219300
2017-05-31,35.320000,35.360001,35.099998,35.360001,28.257208,7663100
2017-06-01,35.700001,35.919998,35.529999,35.889999,28.680737,6016100
2017-06-02,35.910000,36.230000,35.849998,36.180000,28.912487,5779200
2017-06-05,36.560001,36.669998,36.299999,36.389999,29.080301,4819600
2017-06-06,36.380001,36.580002,36.240002,36.430000,29.112272,5028000
2017-06-07,36.590000,36.709999,36.380001,36.459999,29.136238,6537700
2017-06-08,36.750000,36.900002,36.540001,36.830002,29.431921,7593900
2017-06-09,36.580002,36.700001,35.200001,35.790001,28.600826,12040100
2017-06-12,35.790001,35.790001,35.009998,35.240002,28.161308,11057000
2017-06-13,35.459999,35.590000,35.250000,35.560001,28.417028,4969400
2017-06-14,35.470001,35.770000,35.369999,35.650002,28.488949,7016400
2017-06-15,35.110001,35.470001,35.009998,35.439999,28.321135,4623300
2017-06-16,35.869999,35.950001,35.720001,35.869999,28.664755,7432400
2017-06-19,36.130001,36.360001,36.070000,36.209999,28.936455,4523700
2017-06-20,36.520000,36.740002,36.119999,36.130001,28.872528,4987400
2017-06-21,36.209999,36.779999,36.209999,36.709999,29.336023,6329400
2017-06-22,36.720001,36.919998,36.630001,36.709999,29.336023,6273400
2017-06-23,36.720001,36.779999,36.540001,36.730000,29.352018,5558600
2017-06-26,36.439999,36.520000,35.919998,36.130001,29.813272,10127200
2017-06-27,35.790001,35.790001,34.970001,35.090000,28.955107,8081100
2017-06-28,35.270000,35.389999,34.750000,35.349998,29.169653,8306200
2017-06-29,35.230000,35.230000,34.529999,34.810001,28.724060,7332200
2017-06-30,34.840000,35.090000,34.700001,34.959999,28.847826,5177500
2017-07-03,35.040001,35.169998,34.830002,34.880001,28.781822,4470600
2017-07-05,35.080002,35.080002,34.630001,34.820000,28.732311,9222200
2017-07-06,34.500000,34.639999,34.310001,34.500000,28.468254,6493700
2017-07-07,34.549999,34.669998,34.480000,34.630001,28.575527,7937800
2017-07-10,34.610001,35.160000,34.549999,35.000000,28.880833,7779700
2017-07-11,35.430000,35.430000,35.049999,35.380001,29.194408,9300800
2017-07-12,35.650002,35.799999,35.500000,35.689999,29.450205,9211200
2017-07-13,35.459999,36.160000,35.459999,36.150002,29.829786,9943900
2017-07-14,36.130001,36.349998,35.980000,36.250000,29.912296,7196600
2017-07-17,36.029999,36.060001,35.639999,35.910000,29.631752,4649800
2017-07-18,35.880001,36.040001,35.720001,35.869999,29.598730,6185300
2017-07-19,36.060001,36.419998,36.060001,36.410000,30.044321,7033800
2017-07-20,36.410000,36.410000,36.080002,36.099998,29.788528,6996600
2017-07-21,36.060001,36.060001,35.700001,35.849998,29.582233,5023500
2017-07-24,36.110001,36.220001,36.009998,36.220001,29.887548,6842100
2017-07-25,36.009998,36.250000,35.970001,36.099998,29.788528,5276300
2017-07-26,36.099998,36.250000,35.939999,36.220001,29.887548,4342200
2017-07-27,36.540001,36.610001,35.959999,36.180000,29.854536,7243100
2017-07-28,36.049999,36.070000,35.700001,35.860001,29.590487,3678400
2017-07-31,36.029999,36.400002,35.849998,35.959999,29.673000,7757600
2017-08-01,35.950001,35.990002,35.709999,35.840000,29.573977,5437300
2017-08-02,36.400002,36.470001,35.860001,36.070000,29.763771,6064600
2017-08-03,36.110001,36.110001,35.650002,35.790001,29.532721,3919800
2017-08-04,35.930000,36.080002,35.759998,36.029999,29.730762,4071400
2017-08-07,36.259998,36.820000,36.259998,36.790001,30.357883,4860200
2017-08-08,36.709999,36.959999,36.639999,36.700001,30.283617,3301200
2017-08-09,36.200001,36.470001,36.029999,36.459999,30.085579,3153700
2017-08-10,36.000000,36.029999,35.340000,35.340000,29.161396,5605400
2017-08-11,35.520000,36.200001,35.430000,36.139999,29.821524,4291100
2017-08-14,36.029999,36.099998,35.849998,36.049999,29.747259,3875600
2017-08-15,36.189999,36.490002,36.090000,36.419998,30.052568,3820400
2017-08-16,36.200001,36.439999,36.139999,36.340000,29.986568,3232000
2017-08-17,36.299999,36.340000,35.770000,35.790001,29.532721,3324000
2017-08-18,36.000000,36.099998,35.610001,35.860001,29.590487,3692800
2017-08-21,35.910000,36.009998,35.630001,35.980000,29.689503,3588100
2017-08-22,36.470001,36.669998,36.340000,36.520000,30.135096,3202300
2017-08-23,36.470001,36.599998,36.369999,36.580002,30.184605,2956400
2017-08-24,36.779999,36.930000,36.580002,36.830002,30.390896,4544500
2017-08-25,36.930000,37.060001,36.750000,36.849998,30.407400,2975200
2017-08-28,36.590000,36.869999,36.570000,36.770000,30.341385,2199900
2017-08-29,36.520000,36.970001,36.500000,36.880001,30.432154,2997700
2017-08-30,36.880001,37.080002,36.799999,36.930000,30.473417,2838900
2017-08-31,36.950001,36.980000,36.700001,36.970001,30.506422,4288600
2017-09-01,37.000000,37.240002,36.910000,37.220001,30.712717,4100000
2017-09-05,37.250000,37.400002,36.650002,36.849998,30.407400,7123000
2017-09-06,37.060001,37.369999,37.000000,37.270000,30.753962,4187700
2017-09-07,37.240002,37.540001,37.180000,37.540001,30.976759,3597500
2017-09-08,37.570000,37.680000,37.349998,37.500000,30.943750,5581800
2017-09-11,37.389999,37.880001,37.349998,37.840000,31.224318,6920100
2017-09-12,37.849998,37.939999,37.650002,37.860001,31.240818,3524500
2017-09-13,37.669998,37.790001,37.490002,37.529999,30.968500,4983400
2017-09-14,37.500000,37.730000,37.369999,37.380001,30.844744,5799000
2017-09-15,37.520000,37.669998,37.400002,37.650002,31.067535,7245600
2017-09-18,37.869999,38.119999,37.830002,38.070000,31.414103,6179600
2017-09-19,38.180000,38.430000,38.130001,38.299999,31.603889,6559400
2017-09-20,38.360001,38.389999,37.439999,37.820000,31.207811,7961100
2017-09-21,37.790001,38.330002,37.669998,38.240002,31.554377,8458000
2017-09-22,37.700001,37.830002,37.590000,37.770000,31.166546,4529900
2017-09-25,37.500000,37.500000,36.860001,37.070000,30.588943,5895000
2017-09-26,37.090000,37.320000,36.930000,37.139999,30.646696,5995400
2017-09-27,37.290001,37.360001,37.009998,37.250000,30.737463,4802700
2017-09-28,36.959999,37.099998,36.790001,37.049999,30.572441,7618700
2017-09-29,37.259998,37.599998,37.259998,37.549999,30.985012,3818500
2017-10-02,37.830002,38.180000,37.770000,38.130001,31.463610,5096200
2017-10-03,38.360001,38.470001,38.250000,38.439999,31.719431,3727100
2017-10-04,38.250000,38.340000,38.130001,38.270000,31.579128,2717200
2017-10-05,38.660000,38.849998,38.389999,38.459999,31.735918,4456400
2017-10-06,38.410000,38.480000,38.209999,38.459999,31.735918,3086100
2017-10-09,38.599998,38.810001,38.500000,38.770000,31.991718,1963500
2017-10-10,39.110001,39.160000,38.820000,38.970001,32.156750,4112000
2017-10-11,39.799999,40.389999,39.680000,40.349998,33.295483,9015400
2017-10-12,40.490002,40.660000,40.320000,40.439999,33.369755,5524100
2017-10-13,40.700001,40.860001,40.630001,40.820000,33.683308,3913100
2017-10-16,40.880001,40.919998,40.650002,40.889999,33.741074,2707000
2017-10-17,40.830002,41.250000,40.540001,41.250000,34.038132,7582200
2017-10-18,41.400002,41.720001,40.930000,41.500000,34.244431,6653200
2017-10-19,41.020000,41.290001,40.500000,41.070000,33.889599,5710500
2017-10-20,41.020000,41.119999,40.830002,41.119999,33.930851,5251600
2017-10-23,41.369999,41.480000,41.110001,41.209999,34.005123,5092400
2017-10-24,41.259998,41.380001,40.970001,41.320000,34.095894,4251600
2017-10-25,41.299999,41.410000,40.700001,41.160000,33.963875,3360000
2017-10-26,41.180000,41.340000,41.070000,41.200001,33.996872,3651500
2017-10-27,41.480000,42.180000,41.419998,42.150002,34.780788,4822800
2017-10-30,42.360001,42.660000,42.080002,42.130001,34.764282,5200800
2017-10-31,42.180000,42.520000,42.099998,42.330002,34.929317,3704500
2017-11-01,42.480000,42.500000,41.860001,42.099998,34.739521,4235700
2017-11-02,42.090000,42.240002,41.950001,42.150002,34.780788,3255800
2017-11-03,41.900002,42.230000,41.590000,42.189999,34.813778,6140900
2017-11-06,42.189999,42.480000,42.080002,42.430000,35.011833,5650500
2017-11-07,42.639999,42.709999,42.259998,42.509998,35.077835,2761600
2017-11-08,42.419998,42.540001,42.209999,42.430000,35.011833,2378400
2017-11-09,42.139999,42.220001,41.290001,41.639999,34.359947,4680100
2017-11-10,41.790001,41.820000,41.590000,41.720001,34.425964,5333900
2017-11-13,41.720001,42.009998,41.509998,42.009998,34.665257,2222000
2017-11-14,41.779999,41.889999,41.509998,41.860001,34.541481,2799400
2017-11-15,41.389999,41.650002,41.279999,41.540001,34.277424,3417300
2017-11-16,41.750000,42.240002,41.750000,42.099998,34.739521,3304500
2017-11-17,42.240002,42.419998,41.970001,42.070000,34.714767,3702000
2017-11-20,42.070000,42.279999,41.959999,42.209999,34.830296,4455300
2017-11-21,42.619999,42.869999,42.549999,42.580002,35.135612,3668500
2017-11-22,42.590000,42.740002,42.290001,42.410000,34.995327,2768600
2017-11-24,42.669998,43.020000,42.610001,42.990002,35.473923,1499700
2017-11-27,41.669998,41.680000,41.060001,41.090000,33.906109,8188400
2017-11-28,41.029999,41.220001,40.810001,40.930000,33.774078,4864800
2017-11-29,40.880001,40.910000,39.240002,39.410000,32.519825,11796100
2017-11-30,39.599998,39.740002,39.169998,39.599998,32.676617,9357100
2017-12-01,39.950001,39.990002,39.000000,39.700001,32.759121,7192200
2017-12-04,40.049999,40.130001,39.299999,39.389999,32.503330,7109000
2017-12-05,39.200001,39.520000,38.930000,39.200001,32.346535,4504000
2017-12-06,38.959999,39.090000,38.520000,38.680000,31.917458,8622000
2017-12-07,38.750000,39.029999,38.610001,39.009998,32.189754,11285400
2017-12-08,39.380001,39.549999,38.950001,39.000000,32.181496,5071600
2017-12-11,39.189999,39.580002,39.180000,39.369999,32.486816,5272500
2017-12-12,39.220001,39.380001,39.080002,39.299999,32.429062,5488100
2017-12-13,39.470001,39.490002,39.220001,39.290001,32.420803,4227100
2017-12-14,39.500000,39.650002,39.320000,39.400002,32.511578,4737600
2017-12-15,39.400002,39.619999,39.250000,39.500000,32.594093,7156400
2017-12-18,39.380001,39.470001,39.200001,39.400002,32.511578,5746900
2017-12-19,39.209999,39.410000,39.119999,39.340000,32.462059,4454900
2017-12-20,39.380001,39.610001,39.169998,39.439999,32.544575,6330100
2017-12-21,39.560001,39.660000,39.200001,39.230000,32.371296,3563100
2017-12-22,39.599998,39.630001,39.299999,39.630001,32.701370,2523600
2017-12-26,39.310001,39.310001,38.810001,38.950001,32.140251,2861500
2017-12-27,39.000000,39.110001,38.880001,39.080002,32.247517,3092900
2017-12-28,39.509998,39.889999,39.400002,39.740002,32.792133,4279500
2017-12-29,39.849998,40.220001,39.650002,39.650002,32.717869,3870900
2018-01-02,40.509998,41.049999,40.419998,41.020000,33.848343,4984000
2018-01-03,41.590000,41.810001,41.439999,41.709999,34.417709,6963200
2018-01-04,41.919998,42.000000,41.450001,41.490002,34.236168,4876600
2018-01-05,41.889999,42.570000,41.790001,42.459999,35.036587,5330800
2018-01-08,42.400002,42.480000,42.189999,42.439999,35.020084,3538200
2018-01-09,42.490002,42.500000,42.130001,42.180000,34.805534,5729900
2018-01-10,41.349998,41.450001,40.720001,41.299999,34.079391,7102700
2018-01-11,41.220001,41.400002,40.950001,41.029999,33.856594,5701800
2018-01-12,41.040001,41.299999,40.759998,41.189999,33.988628,5028000
2018-01-16,42.009998,42.349998,41.810001,42.230000,34.846794,9081600
2018-01-17,42.660000,43.270000,42.500000,43.130001,35.589447,7117700
2018-01-18,43.860001,44.849998,43.500000,44.570000,36.777687,11866200
2018-01-19,45.070000,45.540001,44.580002,44.669998,36.860195,6543700
2018-01-22,46.000000,46.400002,45.939999,46.380001,38.271240,8335800
2018-01-23,46.480000,46.570000,46.060001,46.279999,38.188725,5659600
2018-01-24,45.639999,45.669998,45.250000,45.330002,37.404812,7400600
2018-01-25,45.709999,45.779999,45.040001,45.099998,37.215012,7655700
2018-01-26,45.500000,45.740002,45.029999,45.720001,37.726624,7057300
2018-01-29,45.470001,45.689999,45.200001,45.400002,37.462574,11604400
2018-01-30,44.570000,45.029999,44.400002,44.880001,37.033485,10224600
2018-01-31,45.430000,45.799999,45.119999,45.310001,37.388317,6333300
2018-02-01,45.330002,45.930000,45.299999,45.450001,37.503841,6706500
2018-02-02,45.009998,45.320000,44.450001,44.509998,36.728180,12051800
2018-02-05,44.049999,44.810001,42.810001,42.950001,35.440922,11748300
2018-02-06,42.270000,43.700001,42.099998,43.590000,35.969025,13414100
2018-02-07,42.990002,42.990002,41.880001,41.880001,34.557987,15239500
2018-02-08,42.110001,42.119999,40.360001,40.360001,33.303734,11356000
2018-02-09,40.740002,41.680000,39.959999,41.470001,34.219673,10588400
2018-02-12,42.029999,42.790001,41.959999,42.529999,35.094345,6573300
2018-02-13,42.540001,42.660000,41.880001,42.380001,34.970577,5831900
2018-02-14,42.169998,43.090000,41.919998,43.049999,35.523430,6860100
2018-02-15,43.520000,43.750000,42.750000,43.520000,35.911259,6116500
2018-02-16,43.349998,43.959999,43.310001,43.480000,35.878254,4792100
2018-02-20,43.080002,44.160000,43.000000,43.740002,36.092796,9291700
2018-02-21,43.660000,43.820000,42.869999,42.889999,35.391403,6612600
2018-02-22,42.669998,42.740002,42.180000,42.389999,34.978817,7984000
2018-02-23,43.389999,43.900002,43.110001,43.900002,36.224819,7204900
2018-02-26,44.110001,44.410000,43.799999,44.410000,36.645657,3897600
2018-02-27,44.049999,44.299999,43.610001,43.619999,35.993771,5999100
2018-02-28,43.669998,43.910000,43.290001,43.349998,35.770988,6400100
2018-03-01,43.349998,43.560001,42.310001,42.720001,35.251125,7792400
2018-03-02,42.389999,43.049999,42.150002,43.009998,35.490429,4819600
2018-03-05,43.049999,43.759998,42.869999,43.490002,35.886505,5977200
2018-03-06,44.340000,44.400002,43.430000,43.540001,35.927757,8632000
2018-03-07,43.310001,44.279999,43.180000,44.200001,36.472378,4482900
2018-03-08,44.299999,44.389999,43.590000,43.799999,36.142311,7092400
2018-03-09,44.049999,44.599998,43.520000,44.590000,36.794193,8336200
2018-03-12,44.790001,45.349998,44.750000,45.220001,37.314041,5176100
2018-03-13,45.500000,45.750000,44.910000,44.990002,37.124256,5842300
2018-03-14,45.430000,45.450001,44.830002,45.150002,37.256290,4300500
2018-03-15,45.099998,45.650002,44.889999,45.310001,37.388317,3942200
2018-03-16,45.000000,45.520000,44.930000,44.970001,37.107750,8125600
2018-03-19,44.720001,44.869999,44.189999,44.599998,36.802437,5116500
2018-03-20,44.700001,44.910000,44.520000,44.830002,36.992233,6404200
2018-03-21,44.570000,44.849998,44.250000,44.700001,36.884953,7036400
2018-03-22,44.099998,44.369999,43.689999,43.689999,36.051544,6318500
2018-03-23,43.630001,43.700001,42.580002,42.580002,35.135612,5923500
2018-03-26,43.810001,44.279999,43.180000,44.270000,36.530140,5395200
2018-03-27,44.720001,44.840000,43.130001,43.290001,35.721474,6995000
2018-03-28,42.980000,43.169998,42.439999,42.689999,35.226372,8563100
2018-03-29,43.000000,43.919998,42.959999,43.759998,36.109303,7758900
2018-04-02,43.340000,43.590000,42.419998,42.500000,35.069588,6361200
2018-04-03,44.270000,44.279999,43.029999,43.480000,35.878254,6174500
2018-04-04,42.369999,43.939999,42.349998,43.939999,36.257839,5497100
2018-04-05,44.029999,44.230000,43.139999,43.320000,35.746243,6115100
2018-04-06,42.880001,43.169998,42.259998,42.419998,35.003574,5133100
2018-04-09,43.090000,44.040001,42.910000,43.070000,35.539936,6696400
2018-04-10,43.869999,44.220001,43.029999,43.580002,35.960766,5682300
2018-04-11,43.250000,43.790001,43.250000,43.380001,35.795734,4788000
2018-04-12,43.330002,43.849998,43.049999,43.849998,36.183571,7574700
2018-04-13,43.689999,43.740002,42.560001,42.650002,35.193363,5749900
2018-04-16,42.810001,43.009998,42.680000,42.869999,35.374905,5206900
2018-04-17,42.090000,42.360001,41.770000,42.310001,34.912804,9831100
2018-04-18,42.099998,42.259998,41.209999,41.919998,34.590996,8947400
2018-04-19,39.930000,40.080002,39.110001,39.529999,32.618835,27527000
2018-04-20,39.369999,39.540001,38.820000,38.950001,32.140251,15313300
2018-04-23,38.959999,39.080002,38.529999,38.750000,31.975222,11178300
2018-04-24,39.040001,39.209999,38.299999,38.750000,31.975222,13004000
2018-04-25,38.360001,38.490002,38.020000,38.169998,31.496616,12359200
2018-04-26,38.080002,38.560001,38.080002,38.169998,31.496616,7685800
2018-04-27,38.740002,38.740002,37.990002,38.169998,31.496616,8276100
2018-04-30,38.689999,38.840000,38.380001,38.450001,31.727674,7968000
2018-05-01,38.340000,38.939999,38.259998,38.930000,32.123745,5507000
2018-05-02,38.599998,38.599998,37.650002,37.750000,31.150049,11522200
2018-05-03,37.549999,38.189999,37.299999,38.099998,31.438868,7021400
2018-05-04,38.000000,38.660000,37.939999,38.590000,31.843193,9474000
2018-05-07,38.450001,38.650002,38.240002,38.450001,31.727674,4590100
2018-05-08,38.980000,39.380001,38.939999,39.180000,32.330048,8116600
2018-05-09,39.369999,39.459999,39.160000,39.349998,32.470318,5861400
2018-05-10,39.570000,39.869999,39.439999,39.770000,32.816879,7957900
2018-05-11,40.040001,40.180000,39.639999,39.910000,32.932411,4184400
2018-05-14,40.130001,40.549999,39.880001,39.950001,32.965416,5014000
2018-05-15,39.360001,39.400002,38.959999,39.299999,32.429062,5622800
2018-05-16,39.400002,39.830002,39.279999,39.790001,32.833393,7671500
2018-05-17,39.070000,39.240002,38.669998,38.959999,32.148499,7964200
2018-05-18,38.470001,38.549999,38.279999,38.419998,31.702911,7783900
2018-05-21,39.340000,39.700001,39.119999,39.470001,32.569336,7902200
2018-05-22,39.470001,39.790001,39.450001,39.639999,32.709629,5752000
2018-05-23,39.139999,39.650002,39.090000,39.650002,32.717869,4815400
2018-05-24,39.369999,39.450001,38.779999,39.270000,32.404308,7930800
2018-05-25,39.099998,39.490002,38.930000,39.299999,32.429062,5403000
2018-05-29,38.490002,38.560001,38.029999,38.160000,31.488369,7198200
2018-05-30,38.299999,38.400002,38.070000,38.340000,31.636896,8413400
2018-05-31,38.330002,38.860001,38.290001,38.700001,31.933956,8129400
2018-06-01,38.990002,39.200001,38.799999,39.200001,32.346535,5970000
2018-06-04,39.849998,40.000000,39.669998,39.970001,32.981922,8927200
2018-06-05,39.700001,39.860001,39.400002,39.540001,32.627090,6345900
2018-06-06,39.849998,39.930000,39.560001,39.560001,32.643604,9829700
2018-06-07,39.560001,39.939999,39.459999,39.520000,32.610584,8216900
2018-06-08,39.160000,39.160000,38.520000,38.930000,32.123745,8081300
2018-06-11,39.000000,39.150002,38.759998,38.759998,31.983471,4511600
2018-06-12,39.130001,39.360001,38.980000,39.200001,32.346535,6582600
2018-06-13,39.730000,39.889999,39.049999,39.049999,32.222763,9616600
2018-06-14,39.029999,39.070000,38.599998,38.599998,31.851448,7636000
2018-06-15,38.820000,38.939999,38.549999,38.689999,31.925701,11235700
2018-06-18,38.310001,38.360001,37.840000,38.250000,31.562630,8921400
2018-06-19,37.700001,37.970001,37.349998,37.560001,30.993265,9848900
2018-06-20,38.340000,38.590000,38.009998,38.349998,31.645151,8668600
2018-06-21,37.869999,38.009998,37.549999,37.619999,31.042774,9246700
2018-06-22,38.270000,38.310001,37.970001,38.119999,31.455368,10338500
2018-06-25,36.299999,36.560001,36.049999,36.509998,31.228687,10528100
2018-06-26,36.330002,36.700001,36.110001,36.459999,31.185919,8817000
2018-06-27,36.250000,36.320000,35.509998,35.509998,30.373339,8798100
2018-06-28,35.500000,35.939999,35.349998,35.939999,30.741148,7199000
2018-06-29,36.549999,36.770000,36.439999,36.560001,31.271465,8088200
2018-07-02,36.209999,36.570000,36.040001,36.540001,31.254349,7365500
2018-07-03,36.389999,36.610001,36.349998,36.389999,31.126049,6512600
2018-07-05,36.400002,36.599998,36.240002,36.590000,31.297125,9230900
2018-07-06,36.820000,37.349998,36.759998,37.270000,31.878752,7251600
2018-07-09,37.869999,38.029999,37.570000,37.830002,32.357754,7124100
2018-07-10,37.470001,37.950001,37.470001,37.930000,32.443287,7211500
2018-07-11,37.330002,37.349998,36.900002,36.970001,31.622158,7316200
2018-07-12,37.330002,37.590000,37.200001,37.310001,31.912964,5275300
2018-07-13,37.540001,37.799999,37.480000,37.770000,32.306427,4947500
2018-07-16,37.880001,37.889999,37.650002,37.790001,32.323544,5399200
2018-07-17,37.500000,38.119999,37.349998,38.040001,32.537376,6238500
2018-07-18,38.040001,38.470001,37.880001,38.410000,32.853851,10532200
2018-07-19,39.439999,40.389999,38.619999,39.810001,34.051331,17762300
2018-07-20,39.990002,40.849998,39.840000,40.730000,34.838257,14481000
2018-07-23,40.820000,40.980000,40.630001,40.740002,34.846813,6832800
2018-07-24,41.099998,41.209999,40.380001,40.389999,34.547440,7018300
2018-07-25,40.529999,40.900002,40.310001,40.889999,34.975113,7725700
2018-07-26,40.700001,40.939999,40.439999,40.820000,34.915234,8476600
2018-07-27,40.939999,41.919998,40.939999,41.450001,35.454105,9468500
2018-07-30,41.450001,41.520000,40.889999,41.090000,35.146179,5174300
2018-07-31,41.259998,41.580002,41.090000,41.209999,35.248817,4908300
2018-08-01,41.439999,41.730000,41.320000,41.709999,35.676502,6115000
2018-08-02,41.099998,41.650002,41.000000,41.549999,35.539642,4669300
2018-08-03,41.639999,41.950001,41.560001,41.689999,35.659382,4575200
2018-08-06,41.200001,41.419998,41.000000,41.070000,35.129074,7245800
2018-08-07,41.070000,41.250000,40.840000,41.240002,35.274490,7494900
2018-08-08,41.560001,42.110001,41.450001,41.970001,35.898876,5089600
2018-08-09,41.939999,41.950001,41.680000,41.840000,35.787693,4513300
2018-08-10,41.299999,41.299999,40.790001,41.029999,35.094864,7053200
2018-08-13,40.689999,40.990002,40.470001,40.709999,34.821136,6708600
2018-08-14,41.000000,41.189999,40.869999,40.910000,34.992226,5339100
2018-08-15,40.450001,40.549999,40.119999,40.450001,34.598763,6052800
2018-08-16,40.450001,40.730000,40.369999,40.410000,34.564545,5544000
2018-08-17,40.189999,40.220001,39.790001,40.130001,34.325050,7897200
2018-08-20,40.020000,40.240002,39.900002,40.099998,34.299370,4156700
2018-08-21,40.369999,41.040001,40.360001,40.889999,34.975113,6075100
2018-08-22,40.849998,41.049999,40.540001,40.900002,34.983665,5512700
2018-08-23,41.299999,41.349998,40.680000,40.680000,34.795486,4126100
2018-08-24,40.930000,41.410000,40.830002,41.240002,35.274490,4232000
2018-08-27,41.430000,41.709999,41.369999,41.529999,35.522533,5733000
2018-08-28,42.389999,42.759998,42.250000,42.349998,36.223904,10683500
2018-08-29,43.189999,44.380001,43.090000,44.130001,37.746441,12278200
2018-08-30,44.349998,44.490002,43.410000,43.459999,37.173355,7826200
2018-08-31,43.119999,43.610001,42.959999,43.599998,37.293102,8782900
2018-09-04,43.259998,44.119999,43.189999,44.110001,37.729324,8174900
2018-09-05,44.090000,44.570000,44.020000,44.220001,37.823406,7262400
2018-09-06,43.939999,44.070000,43.580002,44.049999,37.677998,10424900
2018-09-07,44.000000,45.240002,43.980000,44.880001,38.387943,14256000
2018-09-10,45.000000,45.060001,44.520000,44.619999,38.165550,6824900
2018-09-11,43.639999,44.570000,43.580002,44.549999,38.105679,12509700
2018-09-12,43.919998,44.299999,43.820000,43.939999,37.583920,10303700
2018-09-13,43.990002,43.990002,43.270000,43.430000,37.147690,9624500
2018-09-14,44.020000,44.560001,43.950001,44.410000,37.985928,5295400
2018-09-17,43.630001,44.139999,43.470001,43.759998,37.429958,6210300
2018-09-18,43.500000,44.090000,43.349998,43.560001,37.258888,8814200
2018-09-19,44.200001,44.389999,43.740002,44.020000,37.652359,6393200
2018-09-20,44.250000,44.430000,43.900002,44.169998,37.780647,4728000
2018-09-21,44.250000,44.410000,44.020000,44.060001,37.686562,6668600
2018-09-24,43.840000,44.939999,43.790001,44.889999,38.396492,8229100
2018-09-25,44.799999,44.910000,44.130001,44.169998,37.780647,6678200
2018-09-26,44.250000,44.730000,44.250000,44.270000,37.866180,4564300
2018-09-27,44.599998,45.230000,44.580002,44.759998,38.285301,6711700
2018-09-28,44.500000,44.619999,43.970001,44.160000,37.772091,7727700
2018-10-01,44.549999,44.959999,44.419998,44.660000,38.199772,5029800
2018-10-02,43.750000,43.990002,43.450001,43.619999,37.310196,5440300
2018-10-03,44.040001,44.240002,43.570000,43.959999,37.601025,5631100
2018-10-04,43.070000,43.080002,41.970001,42.430000,36.292347,7885000
2018-10-05,41.880001,42.070000,41.169998,41.630001,35.608063,7921400
2018-10-08,40.759998,41.169998,40.400002,40.959999,35.034977,7761800
2018-10-09,41.000000,41.299999,40.580002,40.900002,34.983665,5678700
2018-10-10,40.349998,40.439999,39.349998,39.349998,33.657879,12853500
2018-10-11,38.500000,39.599998,38.330002,38.939999,33.307194,10209000
2018-10-12,40.139999,40.580002,39.189999,39.660000,33.923031,7578600
2018-10-15,39.470001,39.590000,38.720001,38.750000,33.144672,8209000
2018-10-16,39.840000,40.060001,39.400002,40.009998,34.222408,10748100
2018-10-17,40.000000,40.090000,39.180000,39.570000,33.846046,8173600
2018-10-18,39.799999,39.950001,38.459999,38.540001,32.965046,9555600
2018-10-19,39.160000,39.320000,38.340000,38.450001,32.888077,11266200
2018-10-22,39.189999,39.230000,38.540001,38.720001,33.119003,8165700
2018-10-23,37.419998,38.180000,37.259998,38.000000,32.503151,12350000
2018-10-24,37.560001,37.560001,36.430000,36.480000,31.203030,13312400
2018-10-25,36.779999,37.549999,36.490002,37.389999,31.981396,9927300
2018-10-26,36.549999,37.290001,36.139999,36.669998,31.365545,11973200
2018-10-29,37.169998,37.410000,35.970001,36.330002,31.074736,8269300
2018-10-30,36.840000,37.799999,36.669998,37.779999,32.314983,12106400
2018-10-31,38.689999,38.990002,38.029999,38.099998,32.588707,12610900
2018-11-01,38.779999,39.080002,38.389999,39.049999,33.401272,14348600
2018-11-02,39.180000,39.490002,38.430000,38.779999,33.170341,9736200
2018-11-05,38.720001,38.820000,38.310001,38.480000,32.913715,8591900
2018-11-06,38.500000,38.849998,38.419998,38.730000,33.127571,8578100
2018-11-07,39.290001,39.299999,38.720001,39.180000,33.512478,6568700
2018-11-08,38.790001,39.060001,38.689999,38.700001,33.101906,7953700
2018-11-09,38.090000,38.389999,37.810001,38.070000,32.563034,5975400
2018-11-12,37.860001,37.919998,37.009998,37.060001,31.699142,11666700
2018-11-13,37.389999,38.119999,37.240002,37.400002,31.989960,15057100
2018-11-14,38.200001,38.340000,37.369999,37.840000,32.366310,10404900
2018-11-15,38.070000,38.570000,37.889999,38.520000,32.947933,10840400
2018-11-16,37.070000,37.200001,36.660000,36.869999,31.536619,16382400
2018-11-19,36.639999,36.680000,35.959999,36.049999,30.835230,15191700
2018-11-20,35.400002,35.990002,35.220001,35.639999,30.484549,11673500
2018-11-21,36.419998,36.720001,36.139999,36.169998,30.937874,7013100
2018-11-23,35.830002,36.200001,35.750000,35.959999,30.758253,2320500
2018-11-26,36.709999,36.889999,36.470001,36.840000,31.510958,7077300
2018-11-27,36.389999,36.820000,36.389999,36.799999,31.476738,6870200
2018-11-28,37.270000,38.020000,37.070000,38.009998,32.511707,8380200
2018-11-29,37.950001,38.369999,37.869999,37.930000,32.443287,7056600
2018-11-30,37.240002,37.599998,37.080002,37.590000,32.152473,8734400
2018-12-03,38.820000,39.000000,38.380001,38.730000,33.127571,7457600
2018-12-04,38.529999,38.779999,37.430000,37.439999,32.024162,13321200
2018-12-06,35.700001,36.860001,35.610001,36.860001,31.528067,12075700
2018-12-07,36.650002,36.939999,36.139999,36.520000,31.237249,10802700
2018-12-10,36.310001,36.830002,36.080002,36.430000,31.160265,12439100
2018-12-11,37.240002,37.349998,36.299999,36.700001,31.391203,8635800
2018-12-12,37.610001,37.700001,37.270000,37.380001,31.972853,8405400
2018-12-13,37.490002,37.660000,37.189999,37.330002,31.930082,5825900
2018-12-14,36.799999,37.110001,36.529999,36.529999,31.245796,5969600
2018-12-17,36.630001,36.939999,36.119999,36.220001,30.980650,10733100
2018-12-18,36.610001,37.000000,36.610001,36.759998,31.442524,7100400
2018-12-19,36.619999,37.279999,36.099998,36.230000,30.989191,11786400
2018-12-20,36.410000,36.750000,35.540001,35.880001,30.689823,12540400
2018-12-21,36.639999,36.930000,35.650002,35.709999,30.544418,16981000
2018-12-24,35.560001,35.889999,35.270000,35.290001,30.185175,6288500
2018-12-26,35.330002,36.770000,35.330002,36.759998,31.442524,10063400
2018-12-27,36.200001,36.799999,35.959999,36.779999,31.459629,8688600
2018-12-28,37.130001,37.680000,37.020000,37.139999,31.767565,7369000
2018-12-31,37.430000,37.590000,36.770000,36.910000,31.570829,4600600
2019-01-02,36.200001,36.750000,36.000000,36.520000,31.237249,5273100
2019-01-03,35.340000,35.520000,34.270000,34.360001,29.389694,15998000
2019-01-04,34.459999,35.029999,34.209999,34.970001,29.911463,14178200
2019-01-07,35.009998,35.470001,34.970001,35.230000,30.133848,6850800
2019-01-08,35.110001,35.180000,34.639999,34.939999,29.885794,11462600
2019-01-09,35.330002,35.959999,35.330002,35.610001,30.458885,11770300
2019-01-10,35.459999,36.480000,35.400002,36.419998,31.151707,7894600
2019-01-11,36.450001,36.770000,36.240002,36.610001,31.314230,7232700
2019-01-14,36.130001,36.189999,35.720001,35.759998,30.587181,6146200
2019-01-15,36.040001,36.230000,35.799999,36.040001,30.826679,10165800
2019-01-16,35.900002,36.029999,35.639999,35.639999,30.484549,8727400
2019-01-17,34.919998,36.549999,34.830002,36.290001,31.040518,21916900
2019-01-18,36.240002,37.009998,36.160000,36.840000,31.510958,12905900
2019-01-22,36.500000,36.759998,36.099998,36.369999,31.108936,13381700
2019-01-23,36.529999,36.740002,36.240002,36.490002,31.211592,13918600
2019-01-24,36.880001,37.639999,36.779999,37.639999,32.195221,14094100
2019-01-25,38.000000,38.259998,37.880001,38.139999,32.622906,16763700
2019-01-28,36.919998,37.660000,36.900002,37.439999,32.024162,14086500
2019-01-29,37.290001,37.290001,36.299999,36.330002,31.074736,10100800
2019-01-30,36.810001,37.450001,36.290001,37.380001,31.972853,9281600
2019-01-31,37.310001,38.099998,37.310001,37.619999,32.178127,7633400
2019-02-01,37.750000,37.869999,37.439999,37.570000,32.135365,6438300
2019-02-04,37.500000,38.009998,37.380001,37.939999,32.451847,7283800
2019-02-05,37.919998,38.270000,37.880001,38.250000,32.716995,7314000
2019-02-06,38.419998,38.820000,38.310001,38.740002,33.136127,8795200
2019-02-07,38.369999,38.459999,37.830002,38.119999,32.605812,7916200
2019-02-08,37.709999,37.919998,37.500000,37.790001,32.323544,7147200
2019-02-11,37.919998,38.290001,37.830002,38.290001,32.751205,8860700
2019-02-12,38.639999,38.770000,38.439999,38.639999,33.050571,8831200
2019-02-13,38.369999,38.480000,38.049999,38.130001,32.614349,7155600
2019-02-14,37.919998,38.209999,37.759998,38.060001,32.554478,7782800
2019-02-15,37.910000,38.279999,37.869999,38.090000,32.580147,6257600
2019-02-19,38.220001,38.660000,38.099998,38.459999,32.896622,8105700
2019-02-20,38.930000,39.509998,38.889999,39.000000,33.358498,7178600
2019-02-21,39.070000,39.180000,38.799999,38.980000,33.341396,4607300
2019-02-22,39.119999,39.410000,39.080002,39.389999,33.692101,5117800
2019-02-25,39.869999,39.919998,39.480000,39.580002,33.854607,5101500
2019-02-26,39.410000,39.669998,39.380001,39.599998,33.871719,5587300
2019-02-27,39.509998,39.590000,39.060001,39.450001,33.743416,8194900
2019-02-28,39.119999,39.290001,39.000000,39.049999,33.401272,5705100
2019-03-01,39.360001,39.520000,39.200001,39.389999,33.692101,5299200
2019-03-04,39.330002,39.330002,38.709999,39.150002,33.486824,7081100
2019-03-05,38.950001,39.230000,38.660000,39.020000,33.375614,7192400
2019-03-06,39.060001,39.220001,38.779999,38.790001,33.178883,4433400
2019-03-07,38.770000,38.880001,38.369999,38.630001,33.042027,4231300
2019-03-08,37.950001,38.380001,37.939999,38.200001,32.674236,5066200
2019-03-11,38.230000,38.689999,38.200001,38.639999,33.050571,6005400
2019-03-12,39.049999,39.169998,38.860001,38.900002,33.272972,5580200
2019-03-13,39.220001,39.439999,39.020000,39.209999,33.538128,6086400
2019-03-14,39.000000,39.049999,38.740002,38.820000,33.204540,4935000
2019-03-15,39.410000,40.070000,39.410000,39.650002,33.914482,8871300
2019-03-18,39.860001,39.980000,39.639999,39.849998,34.085545,6290900
2019-03-19,39.980000,40.080002,39.599998,39.759998,34.008572,8033600
2019-03-20,39.770000,40.150002,39.639999,39.849998,34.085545,5394000
2019-03-21,40.250000,41.240002,40.220001,41.040001,35.103416,6509600
2019-03-22,40.840000,41.020000,40.340000,40.430000,34.581646,6759100
2019-03-25,40.000000,40.459999,39.770000,39.919998,34.145432,4901800
2019-03-26,40.110001,40.630001,40.070000,40.400002,34.555992,5573500
2019-03-27,40.189999,40.259998,39.799999,40.200001,34.384926,7660300
2019-03-28,40.240002,40.540001,40.200001,40.340000,34.504669,6632700
2019-03-29,40.820000,41.049999,40.599998,40.959999,35.034977,6116300
2019-04-01,41.080002,41.369999,40.740002,41.369999,35.385674,6834200
2019-04-02,41.180000,41.360001,41.000000,41.270000,35.300144,5580200
2019-04-03,41.599998,41.959999,41.509998,41.790001,35.744923,6821100
2019-04-04,41.730000,42.180000,41.650002,42.040001,35.958755,7610300
2019-04-05,42.340000,42.340000,42.060001,42.230000,36.121273,4430600
2019-04-08,42.240002,42.490002,42.080002,42.389999,36.258125,6830300
2019-04-09,42.240002,42.299999,42.029999,42.209999,36.104164,5049900
2019-04-10,42.259998,42.500000,42.180000,42.369999,36.241013,4040200
2019-04-11,42.090000,42.200001,41.950001,42.099998,36.010078,5172200
2019-04-12,42.470001,42.650002,42.279999,42.580002,36.420647,6555700
2019-04-15,42.580002,42.770000,42.459999,42.610001,36.446312,5274400
2019-04-16,42.830002,43.080002,42.750000,43.009998,36.788441,6639100
2019-04-17,43.900002,44.459999,43.860001,44.389999,37.968815,15795700
2019-04-18,44.060001,45.639999,44.000000,45.400002,38.832726,16569800
2019-04-22,44.790001,45.160000,44.590000,45.150002,38.618889,10872000
2019-04-23,45.150002,45.419998,45.060001,45.419998,38.849815,11437500
2019-04-24,45.080002,45.590000,44.939999,45.410000,38.841274,10776800
2019-04-25,44.930000,45.040001,44.430000,44.480000,38.045799,10149800
2019-04-26,43.650002,44.000000,43.320000,43.939999,37.583920,12745000
2019-04-29,43.849998,43.919998,43.580002,43.830002,37.489819,9272100
2019-04-30,43.400002,43.939999,43.259998,43.820000,37.481274,11863900
2019-05-01,44.290001,44.560001,43.820000,43.820000,37.481274,7319000
2019-05-02,43.860001,44.470001,43.750000,44.400002,37.977379,10717200
2019-05-03,44.930000,45.139999,44.560001,44.709999,38.242535,5479900
2019-05-06,43.320000,43.820000,43.209999,43.759998,37.429958,10756400
2019-05-07,43.830002,44.049999,43.290001,43.759998,37.429958,10225200
2019-05-08,43.520000,44.000000,43.459999,43.700001,37.378632,8112600
2019-05-09,42.919998,43.299999,42.279999,43.250000,36.993725,11229400
2019-05-10,42.860001,43.090000,42.189999,42.830002,36.634491,8313900
2019-05-13,41.369999,41.509998,40.740002,40.990002,35.060650,11046000
2019-05-14,41.590000,42.080002,41.400002,41.970001,35.898876,7107800
2019-05-15,41.549999,42.330002,41.459999,41.970001,35.898876,5347700
2019-05-16,41.630001,41.639999,41.220001,41.529999,35.522533,9214700
2019-05-17,40.389999,40.950001,40.090000,40.250000,34.427696,11271000
2019-05-20,39.250000,39.299999,38.520000,38.660000,33.067688,13979700
2019-05-21,39.150002,39.340000,38.660000,39.299999,33.615112,11806400
2019-05-22,39.200001,39.389999,38.889999,38.900002,33.272972,12217600
2019-05-23,37.980000,38.180000,37.410000,38.070000,32.563034,14708800
2019-05-24,38.419998,38.740002,38.200001,38.200001,32.674236,10540700
2019-05-28,38.130001,38.200001,37.650002,37.650002,32.203793,12484600
2019-05-29,37.459999,37.750000,37.180000,37.689999,32.237999,13043000
2019-05-30,37.950001,38.369999,37.840000,38.040001,32.537376,7351600
2019-05-31,38.270000,38.970001,38.250000,38.349998,32.802532,9302700
2019-06-03,38.959999,39.090000,38.660000,38.820000,33.204540,9618300
2019-06-04,38.639999,39.099998,38.419998,39.060001,33.409832,6985600
2019-06-05,39.240002,39.259998,38.099998,38.230000,32.699894,8219800
2019-06-06,38.180000,38.590000,37.919998,38.439999,32.879524,6234000
2019-06-07,38.740002,39.000000,38.560001,38.820000,33.204540,4456900
2019-06-10,39.490002,40.130001,39.450001,39.619999,33.888828,8351800
2019-06-11,40.470001,40.599998,39.939999,39.959999,34.179638,6100600
2019-06-12,40.000000,40.189999,39.450001,39.459999,33.751972,6163200
2019-06-13,39.619999,39.619999,39.029999,39.450001,33.743416,6646800
2019-06-14,38.630001,38.700001,37.830002,37.840000,32.366310,11281500
2019-06-17,37.919998,38.049999,37.660000,37.660000,32.212330,6500700
2019-06-18,38.270000,39.419998,38.220001,39.209999,33.538128,12303200
2019-06-19,39.939999,39.959999,39.299999,39.400002,33.700649,10217600
2019-06-20,40.450001,40.720001,40.139999,40.509998,34.650078,10400000
2019-06-21,40.520000,40.700001,40.419998,40.520000,34.658623,12766200
2019-06-24,39.560001,40.070000,39.439999,39.980000,35.308643,6571000
2019-06-25,39.520000,39.520000,38.910000,38.919998,34.372498,6790500
2019-06-26,39.380001,39.380001,38.980000,39.080002,34.513790,9133300
2019-06-27,39.580002,39.759998,39.290001,39.590000,34.964207,11375200
2019-06-28,39.730000,39.730000,39.119999,39.169998,34.593277,7040000
2019-07-01,41.540001,41.900002,41.150002,41.380001,36.545052,11046800
2019-07-02,41.189999,41.310001,40.740002,40.799999,36.032829,4445600
2019-07-03,40.349998,40.369999,40.009998,40.330002,35.617748,3125000
2019-07-05,39.869999,40.099998,39.639999,39.930000,35.264484,3149300
2019-07-08,39.570000,39.689999,39.240002,39.320000,34.725754,6772300
2019-07-09,39.650002,40.009998,39.419998,39.669998,35.034855,6577000
2019-07-10,40.830002,41.139999,40.549999,40.709999,35.953335,7945000
2019-07-11,41.139999,41.189999,40.830002,40.900002,36.121143,6126600
2019-07-12,41.110001,41.270000,40.820000,41.230000,36.412582,4695800
2019-07-15,41.750000,41.930000,41.660000,41.820000,36.933647,5784300
2019-07-16,41.799999,41.950001,41.570000,41.770000,36.889492,6529500
2019-07-17,41.680000,41.910000,41.520000,41.630001,36.765842,5514600
2019-07-18,42.520000,43.230000,42.310001,43.189999,38.143578,11257600
2019-07-19,43.080002,44.020000,43.070000,43.830002,38.708786,11438800
2019-07-22,44.200001,44.880001,44.130001,44.599998,39.388817,10035800
2019-07-23,44.540001,44.580002,44.240002,44.419998,39.229858,6565800
2019-07-24,44.500000,44.630001,44.240002,44.540001,39.335838,7130400
2019-07-25,44.209999,44.240002,43.619999,43.619999,38.523331,6593900
2019-07-26,43.730000,43.889999,43.380001,43.459999,38.382030,4399000
2019-07-29,43.520000,43.950001,43.400002,43.939999,38.805943,4138600
2019-07-30,43.400002,43.400002,42.770000,43.110001,38.072918,4938500
2019-07-31,43.029999,43.169998,42.049999,42.630001,37.649006,7592300
2019-08-01,42.750000,43.389999,41.599998,41.869999,36.977798,9662800
2019-08-02,41.150002,41.779999,41.009998,41.650002,36.783516,9317000
2019-08-05,40.410000,40.520000,39.779999,39.869999,35.211487,6668400
2019-08-06,41.180000,41.509998,40.889999,41.259998,36.439072,8667700
2019-08-07,41.049999,41.450001,40.799999,41.259998,36.439072,5484700
2019-08-08,41.849998,42.180000,41.750000,41.900002,37.004299,7795900
2019-08-09,41.590000,41.709999,41.000000,41.410000,36.571552,3480500
2019-08-12,41.049999,41.270000,40.849998,40.959999,36.174129,3463500
2019-08-13,40.630001,41.990002,40.549999,41.840000,36.951309,7697800
2019-08-14,40.849998,41.090000,40.250000,40.430000,35.706059,9621800
2019-08-15,40.380001,40.990002,40.340000,40.860001,36.085808,7690100
2019-08-16,41.180000,41.730000,41.150002,41.540001,36.686359,4845700
2019-08-19,42.160000,42.209999,41.650002,41.779999,36.898315,3797600
2019-08-20,42.000000,42.220001,41.720001,41.939999,37.039627,7540300
2019-08-21,42.410000,42.639999,42.290001,42.580002,37.604855,3914600
2019-08-22,42.389999,42.490002,41.730000,42.130001,37.207417,3145600
2019-08-23,41.939999,42.150002,40.860001,40.950001,36.165306,7526900
2019-08-26,41.369999,41.549999,41.130001,41.340000,36.509724,5519000
2019-08-27,41.549999,41.680000,41.270000,41.349998,36.518562,4192800
2019-08-28,41.320000,41.770000,41.049999,41.650002,36.783516,3586000
2019-08-29,42.340000,42.570000,42.230000,42.279999,37.339893,5171600
2019-08-30,42.709999,42.889999,42.360001,42.630001,37.649006,5382200
2019-09-03,42.150002,42.160000,41.580002,41.720001,36.845333,4748000
2019-09-04,42.610001,43.150002,42.389999,43.150002,38.108246,4460900
2019-09-05,43.759998,44.509998,43.759998,44.240002,39.070892,7698300
2019-09-06,44.000000,44.040001,43.689999,43.709999,38.602814,4325300
2019-09-09,43.910000,44.080002,43.540001,43.849998,38.726463,4677000
2019-09-10,43.599998,44.099998,43.360001,44.099998,38.947247,5001600
2019-09-11,43.910000,44.270000,43.840000,44.220001,39.053219,4016800
2019-09-12,44.290001,44.459999,43.930000,44.070000,38.920742,6577900
2019-09-13,44.430000,44.830002,44.189999,44.740002,39.512470,6231100
2019-09-16,44.529999,44.740002,44.490002,44.599998,39.388817,3716300
2019-09-17,44.279999,45.150002,44.209999,45.130001,39.856895,6110900
2019-09-18,45.169998,45.200001,44.610001,45.040001,39.777412,4044800
2019-09-19,44.799999,45.220001,44.759998,44.900002,39.939301,6422700
2019-09-20,44.770000,44.900002,43.869999,43.869999,39.023098,7249200
2019-09-23,44.180000,44.290001,43.849998,44.070000,39.201012,4347000
2019-09-24,44.400002,44.549999,44.060001,44.119999,39.245483,7592200
2019-09-25,44.200001,45.099998,44.000000,45.009998,40.037151,6719500
2019-09-26,45.099998,46.509998,45.099998,46.459999,41.326946,15832500
2019-09-27,46.000000,46.480000,45.189999,45.509998,40.481907,9610400
2019-09-30,46.570000,46.740002,46.119999,46.480000,41.344749,8396900
2019-10-01,46.959999,47.849998,46.959999,47.189999,41.976295,11575200
2019-10-02,46.709999,46.939999,46.330002,46.430000,41.300282,5785200
2019-10-03,46.450001,47.139999,46.240002,47.130001,41.922943,6091600
2019-10-04,47.029999,47.450001,46.779999,47.419998,42.180897,5704200
2019-10-07,47.730000,48.150002,47.430000,47.950001,42.652332,11059000
2019-10-08,48.259998,48.400002,47.599998,47.860001,42.572281,13089700
2019-10-09,48.200001,49.060001,48.169998,48.680000,43.301689,11033100
2019-10-10,48.910000,49.389999,48.490002,48.930000,43.524067,9566500
2019-10-11,49.450001,49.790001,49.330002,49.419998,43.959915,7499100
2019-10-14,49.419998,50.130001,49.299999,49.910000,44.395779,7974000
2019-10-15,50.200001,50.639999,50.110001,50.389999,44.822746,9323200
2019-10-16,50.340000,51.130001,50.070000,50.130001,44.591484,13615700
2019-10-17,51.139999,51.209999,49.259998,49.750000,44.253464,12410200
2019-10-18,49.650002,50.090000,49.130001,49.279999,43.835392,9169200
2019-10-21,49.529999,50.110001,49.330002,50.000000,44.475849,6538900
2019-10-22,50.299999,50.830002,50.180000,50.639999,45.045124,10697300
2019-10-23,50.099998,50.400002,49.919998,50.169998,44.627060,7118800
2019-10-24,50.490002,51.049999,50.230000,50.950001,45.320892,7006600
2019-10-25,50.799999,51.230000,50.689999,51.130001,45.481003,6303500
2019-10-28,51.400002,51.480000,51.049999,51.310001,45.641113,7725500
2019-10-29,51.500000,51.840000,51.439999,51.470001,45.783443,5303900
2019-10-30,51.790001,52.060001,51.570000,51.910000,46.174812,5198100
2019-10-31,51.889999,51.930000,51.349998,51.630001,45.925758,5140800
2019-11-01,51.889999,52.099998,51.700001,52.099998,46.343822,5226600
2019-11-04,53.549999,53.790001,53.119999,53.490002,47.580265,7233400
2019-11-05,53.630001,53.970001,53.490002,53.549999,47.633633,5287100
2019-11-06,53.700001,53.750000,53.099998,53.639999,47.713680,4545100
2019-11-07,53.900002,54.369999,53.520000,53.669998,47.740372,7890900
2019-11-08,53.529999,53.529999,52.529999,52.830002,46.993176,6558400
2019-11-11,52.389999,52.750000,52.160000,52.599998,46.788589,4046500
2019-11-12,52.689999,52.689999,52.029999,52.150002,46.388298,8625100
2019-11-13,52.580002,52.939999,52.150002,52.880001,47.037643,5336200
2019-11-14,52.500000,52.730000,52.130001,52.480000,46.681843,5308600
2019-11-15,53.009998,53.389999,52.880001,53.290001,47.402359,5986400
2019-11-18,53.389999,53.959999,53.389999,53.419998,47.517994,4774400
2019-11-19,54.049999,54.139999,53.680000,53.759998,47.820427,4731100
2019-11-20,53.549999,53.779999,53.209999,53.500000,47.589149,5264800
2019-11-21,53.500000,53.509998,52.939999,52.980000,47.126606,6037000
2019-11-22,52.919998,53.160000,52.740002,52.790001,46.957600,4172300
2019-11-25,53.090000,53.939999,52.799999,53.759998,47.820427,5021500
2019-11-26,53.500000,53.790001,53.380001,53.630001,47.704784,5672800
2019-11-27,54.029999,54.060001,53.540001,53.889999,47.936062,2786100
2019-11-29,53.060001,53.160000,52.799999,53.090000,47.224442,3391700
2019-12-02,53.549999,53.590000,52.779999,52.980000,47.126606,4475800
2019-12-03,52.419998,52.930000,52.180000,52.779999,46.948700,5468100
2019-12-04,53.270000,53.570000,53.110001,53.180000,47.304497,3905200
2019-12-05,53.619999,54.540001,53.490002,54.400002,48.389709,7624300
2019-12-06,54.500000,55.029999,54.500000,54.939999,48.870052,5429100
2019-12-09,55.049999,55.189999,54.320000,54.459999,48.443092,6541900
2019-12-10,54.680000,55.060001,54.330002,54.520000,48.496456,4364800
2019-12-11,55.040001,56.200001,55.029999,55.900002,49.723999,11028000
2019-12-12,57.250000,58.619999,57.020000,58.610001,52.134583,15788700
2019-12-13,59.049999,59.520000,58.250000,58.250000,51.814369,9886900
2019-12-16,58.290001,58.700001,58.290001,58.540001,52.072323,5779400
2019-12-17,59.709999,59.709999,58.779999,59.230000,52.686085,8407500
2019-12-18,59.599998,59.639999,58.720001,59.099998,52.570446,10021200
2019-12-19,58.500000,58.500000,57.880001,57.959999,51.916565,7228700
2019-12-20,57.779999,58.299999,57.320000,57.930000,51.889690,8043800
2019-12-23,58.029999,58.340000,57.950001,58.220001,52.149445,4022000
2019-12-24,57.990002,58.090000,57.549999,57.759998,51.737408,2692200
2019-12-26,57.799999,58.349998,57.759998,58.250000,52.176334,2490400
2019-12-27,58.529999,58.709999,58.330002,58.459999,52.364429,2847800
2019-12-30,58.660000,58.689999,57.619999,57.849998,51.818035,3519900
2019-12-31,57.680000,58.130001,57.459999,58.099998,52.041965,2950200
2020-01-02,59.599998,60.119999,59.599998,60.040001,53.779682,8432600
2020-01-03,58.970001,58.980000,58.040001,58.060001,52.006138,10546400
2020-01-06,57.599998,57.689999,57.130001,57.389999,51.405991,8897200
2020-01-07,57.450001,58.599998,56.740002,58.320000,52.239033,7444300
2020-01-08,58.189999,58.980000,58.110001,58.750000,52.624191,5381500
2020-01-09,59.689999,59.709999,58.700001,59.230000,53.054142,5112700
2020-01-10,59.700001,59.700001,58.770000,58.860001,52.722713,4807700
2020-01-13,60.150002,60.160000,59.450001,60.060001,53.797592,6613700
2020-01-14,60.160000,60.639999,59.919998,60.320000,54.030491,6715200
2020-01-15,59.669998,59.700001,58.259998,58.389999,52.301731,10075100
2020-01-16,59.200001,59.689999,58.299999,58.750000,52.624191,11215700
2020-01-17,58.639999,58.750000,58.009998,58.580002,52.471916,8125700
2020-01-21,57.990002,59.000000,57.470001,58.240002,52.167370,9873700
2020-01-22,58.900002,58.939999,58.320000,58.349998,52.265896,8124500
2020-01-23,57.860001,58.070000,56.619999,57.480000,51.486607,9999200
2020-01-24,58.090000,58.139999,57.459999,57.730000,51.710545,10402200
2020-01-27,55.619999,55.990002,55.060001,55.259998,49.498093,9675500
2020-01-28,55.730000,57.119999,55.480000,57.090000,51.137272,8124400
2020-01-29,57.520000,57.520000,56.849998,57.189999,51.226849,7693400
2020-01-30,55.080002,56.040001,55.060001,55.799999,49.981785,10295700
2020-01-31,55.430000,55.480000,53.599998,53.939999,48.315731,13467200
2020-02-03,54.349998,54.939999,54.139999,54.770000,49.059170,9594300
2020-02-04,56.919998,57.639999,56.900002,57.520000,51.522446,12746600
2020-02-05,58.099998,58.150002,57.169998,57.919998,51.880730,6594400
2020-02-06,58.270000,58.279999,57.279999,58.020000,51.970306,4236300
2020-02-07,57.139999,57.139999,56.060001,56.200001,50.340073,6808400
2020-02-10,56.439999,57.049999,56.340000,57.020000,51.074577,4281200
2020-02-11,57.950001,58.900002,57.810001,58.660000,52.543571,6523200
2020-02-12,59.250000,59.750000,58.900002,59.630001,53.412437,5962900
2020-02-13,59.130001,59.700001,58.740002,59.330002,53.143707,6460100
2020-02-14,59.020000,59.169998,57.869999,58.189999,52.122578,6932400
2020-02-18,56.099998,56.560001,55.630001,56.180000,50.322155,10989000
2020-02-19,57.250000,57.939999,57.000000,57.639999,51.629932,7866300
2020-02-20,56.939999,57.040001,55.810001,56.480000,50.590889,7192900
2020-02-21,56.650002,56.650002,55.520000,55.590000,49.793674,6816600
2020-02-24,53.549999,54.689999,53.180000,54.119999,48.476963,9968800
2020-02-25,55.330002,55.470001,53.830002,53.860001,48.244064,12670700
2020-02-26,54.490002,55.410000,54.380001,55.029999,49.292072,10969300
2020-02-27,54.200001,54.599998,53.270000,53.290001,47.733505,11878900
2020-02-28,51.349998,54.049999,51.000000,53.840000,48.226147,13604500
2020-03-02,54.369999,56.009998,53.830002,55.980000,50.143013,13797700
2020-03-03,56.299999,56.369999,54.040001,54.880001,49.157707,14661800
2020-03-04,55.970001,57.090000,55.549999,57.080002,51.128319,9878200
2020-03-05,56.110001,56.389999,55.250000,55.730000,49.919079,10004200
2020-03-06,54.599998,55.080002,53.970001,55.070000,49.327900,12971200
2020-03-09,51.549999,54.139999,51.060001,51.830002,46.425728,13781100
2020-03-10,53.709999,54.619999,52.490002,54.509998,48.826286,11698700
2020-03-11,53.110001,53.560001,52.090000,52.240002,46.792984,14498000
2020-03-12,49.660000,50.990002,48.509998,48.689999,43.613140,15942200
2020-03-13,51.900002,52.459999,49.290001,52.230000,46.784023,14948700
2020-03-16,46.340000,48.349998,44.900002,44.900002,40.218307,16628200
2020-03-17,45.750000,48.560001,45.029999,48.540001,43.478775,13415700
2020-03-18,43.799999,46.090000,43.259998,44.369999,39.743568,15018500
2020-03-19,43.740002,45.180000,42.700001,43.889999,39.686607,11182600
2020-03-20,48.020000,48.279999,44.480000,44.529999,40.265320,14157700
2020-03-23,45.119999,45.610001,43.520000,45.259998,40.925411,10508600
2020-03-24,48.000000,48.919998,47.500000,48.869999,44.189667,12216200
2020-03-25,49.299999,50.049999,48.049999,49.000000,44.307224,9796600
2020-03-26,49.099998,50.459999,48.919998,49.869999,45.093903,10577500
2020-03-27,47.230000,48.090000,46.509998,46.910000,42.417385,12158500
2020-03-30,47.180000,48.160000,46.770000,47.820000,43.240227,8428300
2020-03-31,47.799999,49.029999,47.660000,47.790001,43.213112,9595700
2020-04-01,46.830002,47.560001,46.299999,46.509998,42.055702,8755200
2020-04-02,46.919998,48.220001,46.610001,48.130001,43.520542,6174700
2020-04-03,47.790001,48.150002,46.779999,47.060001,42.553017,5486200
2020-04-06,48.630001,50.099998,48.509998,49.970001,45.184319,7370300
2020-04-07,51.290001,51.320000,49.660000,49.720001,44.958271,6568700
2020-04-08,50.209999,50.599998,49.540001,50.270000,45.455601,6325900
2020-04-09,50.279999,50.660000,47.720001,48.330002,43.701393,12274000
2020-04-13,48.740002,49.090000,47.959999,48.750000,44.081154,9873200
2020-04-14,50.000000,51.270000,49.950001,50.630001,45.781113,11068800
2020-04-15,49.759998,49.970001,49.040001,49.660000,44.904007,9398100
2020-04-16,51.810001,53.139999,51.680000,52.400002,47.381599,18615900
2020-04-17,54.130001,54.189999,53.000000,53.689999,48.548046,11288500
2020-04-20,53.000000,53.820000,52.560001,52.590000,47.553398,9901700
2020-04-21,51.599998,51.810001,50.520000,51.369999,46.450241,13102500
2020-04-22,52.480000,53.110001,52.410000,52.950001,47.878933,8255500
2020-04-23,52.810001,53.130001,52.259998,52.639999,47.598610,7619900
2020-04-24,52.599998,52.889999,52.000000,52.730000,47.679993,5701800
2020-04-27,53.150002,53.750000,52.970001,53.509998,48.385296,5812300
2020-04-28,53.509998,53.730000,52.680000,52.759998,47.707119,8561100
2020-04-29,53.750000,54.689999,53.430000,54.480000,49.262390,8565500
2020-04-30,54.200001,54.410000,52.959999,53.130001,48.041691,6337900
2020-05-01,52.480000,52.560001,51.090000,51.099998,46.206104,10238700
2020-05-04,51.790001,52.180000,51.279999,52.150002,47.155529,7514000
2020-05-05,52.209999,52.580002,51.580002,51.709999,46.757683,7780700
2020-05-06,52.110001,52.619999,52.000000,52.130001,47.137463,8206700
2020-05-07,52.950001,52.980000,52.099998,52.330002,47.318306,5493400
2020-05-08,52.619999,53.340000,52.470001,52.910000,47.842758,6086000
2020-05-11,52.610001,52.830002,52.380001,52.400002,47.381599,6459300
2020-05-12,52.639999,52.639999,51.080002,51.099998,46.206104,8584500
2020-05-13,51.910000,52.020000,50.480000,50.919998,46.043335,8611000
2020-05-14,50.430000,52.150002,49.790001,52.099998,47.110329,13695600
2020-05-15,50.560001,51.049999,49.380001,49.799999,45.030609,17777200
2020-05-18,50.939999,52.189999,50.770000,51.869999,46.902359,12726500
2020-05-19,51.349998,51.459999,50.799999,50.810001,45.943878,12940300
2020-05-20,51.580002,52.090000,50.500000,51.840000,46.875225,8406200
2020-05-21,52.099998,52.209999,50.689999,50.750000,45.889610,7842600
2020-05-22,50.840000,50.860001,49.610001,49.799999,45.030609,12462300
2020-05-26,51.299999,51.400002,50.790001,50.820000,45.952923,8872000
2020-05-27,51.029999,51.740002,50.750000,51.740002,46.784809,11405700
2020-05-28,51.459999,51.619999,50.099998,50.279999,45.464630,8178700
2020-05-29,50.340000,50.730000,49.860001,50.330002,45.509850,10918500
2020-06-01,50.910000,51.279999,50.540001,51.029999,46.142807,6187300
2020-06-02,51.450001,52.040001,51.290001,52.009998,47.028950,6063600
2020-06-03,52.639999,53.250000,52.419998,53.060001,47.978394,8380200
2020-06-04,53.060001,54.369999,53.029999,54.279999,49.081547,13269500
2020-06-05,55.500000,56.340000,55.060001,55.200001,49.913445,9776100
2020-06-08,55.740002,55.779999,54.709999,55.570000,50.248005,6302100
2020-06-09,55.290001,56.630001,54.950001,56.610001,51.188412,9355100
2020-06-10,56.820000,58.040001,56.820000,57.549999,52.038372,9194300
2020-06-11,55.849998,56.410000,55.009998,55.040001,49.768768,9877100
2020-06-12,56.500000,56.869999,55.349998,56.000000,50.636826,9838800
2020-06-15,54.709999,56.119999,54.520000,56.020000,50.654911,7509700
2020-06-16,56.590000,57.000000,55.540001,55.799999,50.455975,8827200
2020-06-17,56.150002,56.820000,55.889999,56.599998,51.179356,8248700
2020-06-18,56.040001,56.540001,55.790001,56.150002,51.152035,6831500
2020-06-19,56.480000,56.500000,55.270000,55.310001,50.386806,6965100
2020-06-22,55.500000,56.000000,55.320000,56.000000,51.015385,4480400
2020-06-23,56.639999,57.160000,56.529999,56.759998,51.707729,7836500
2020-06-24,56.709999,57.060001,56.160000,56.580002,51.543758,7080200
2020-06-25,56.560001,57.090000,55.950001,57.040001,51.962807,4509600
2020-06-26,57.000000,57.259998,56.209999,56.330002,51.316013,6229300
2020-06-29,56.340000,56.410000,55.660000,56.389999,51.370667,5016600
2020-06-30,56.250000,56.990002,56.189999,56.770000,51.716846,7158700
2020-07-01,56.970001,57.470001,56.759998,56.820000,51.762394,6866500
2020-07-02,57.950001,59.070000,57.950001,58.619999,53.402172,10021200
2020-07-06,60.669998,62.130001,60.560001,61.880001,56.372002,12725600
2020-07-07,61.259998,61.500000,60.680000,60.709999,55.306133,6672300
2020-07-08,61.639999,62.740002,61.500000,62.590000,57.018803,8721900
2020-07-09,62.950001,64.970001,62.889999,64.779999,59.013863,16903300
2020-07-10,64.470001,64.559998,63.189999,63.849998,58.166641,10700000
2020-07-13,65.199997,67.080002,64.980003,65.070000,59.278049,16667700
2020-07-14,66.000000,67.029999,65.330002,66.959999,60.999825,10482700
2020-07-15,67.180000,67.209999,65.160004,66.059998,60.179928,12432500
2020-07-16,65.379997,66.629997,64.320000,66.589996,60.662750,15709400
2020-07-17,67.309998,68.000000,66.370003,66.400002,60.489677,11716600
2020-07-20,66.699997,66.980003,65.800003,66.889999,60.936058,6357300
2020-07-21,68.839996,69.250000,67.709999,67.809998,61.774162,10619700
2020-07-22,68.099998,68.900002,68.029999,68.529999,62.430084,7366100
2020-07-23,68.260002,68.500000,66.750000,67.370003,61.373341,8559500
2020-07-24,71.400002,76.889999,71.349998,73.900002,67.322083,41226800
2020-07-27,81.360001,83.400002,80.430000,83.250000,75.839828,39899200
2020-07-28,79.349998,79.580002,76.489998,76.919998,70.073273,31500100
2020-07-29,77.110001,83.370003,77.059998,82.669998,75.311440,28304000
2020-07-30,80.010002,81.279999,78.610001,79.930000,72.815331,16820300
2020-07-31,79.629997,79.769997,77.510002,78.889999,71.867935,12021200
2020-08-03,77.769997,79.150002,77.410004,78.949997,71.922592,10129800
2020-08-04,79.330002,80.190002,78.739998,80.190002,73.052216,12569400
2020-08-05,80.980003,84.000000,80.570000,81.629997,74.364029,14436300
2020-08-06,82.040001,82.099998,80.220001,80.519997,73.352844,9838700
2020-08-07,80.489998,80.790001,79.410004,80.029999,72.906448,8705800
2020-08-10,80.550003,80.849998,79.220001,79.870003,72.760689,7421400
2020-08-11,79.089996,79.199997,77.940002,77.940002,71.002487,7056300
2020-08-12,78.160004,79.550003,77.730003,79.389999,72.323395,8354400
2020-08-13,79.000000,79.099998,77.830002,78.300003,71.330437,6551800
2020-08-14,78.419998,79.230003,78.050003,78.410004,71.430664,5611200
2020-08-17,79.800003,80.889999,79.660004,80.190002,73.052216,8663900
2020-08-18,80.220001,80.820000,79.250000,79.410004,72.341637,6804800
2020-08-19,79.010002,79.230003,78.250000,78.540001,71.549065,7976800
2020-08-20,76.320000,77.099998,75.980003,76.809998,69.973061,11457100
2020-08-21,78.019997,78.730003,77.860001,78.339996,71.366882,7942300
2020-08-24,79.730003,79.910004,78.489998,78.900002,71.877037,6405600
2020-08-25,79.849998,80.480003,79.470001,80.040001,72.915558,6113100
2020-08-26,81.250000,82.169998,81.010002,81.750000,74.473343,7821600
2020-08-27,82.180000,82.309998,80.169998,80.599998,73.425705,8018200
2020-08-28,80.059998,80.879997,79.910004,80.440002,73.279953,5699500
2020-08-31,79.000000,79.760002,78.690002,79.250000,72.195892,9812900
2020-09-01,80.120003,81.599998,79.989998,81.550003,74.291161,10193300
2020-09-02,81.349998,82.709999,79.879997,82.169998,74.855972,12567800
2020-09-03,81.120003,81.809998,78.379997,81.180000,73.954086,20090100
2020-09-04,80.500000,81.470001,77.410004,78.910004,71.886154,13638700
2020-09-08,78.019997,79.150002,77.220001,77.320000,70.437660,11553500
2020-09-09,78.620003,79.699997,78.550003,79.400002,72.332542,7867500
2020-09-10,80.739998,81.230003,78.760002,78.900002,71.877037,11241800
2020-09-11,80.010002,80.300003,78.599998,78.820000,71.804153,7853500
2020-09-14,80.500000,81.120003,79.949997,80.500000,73.334625,7091100
2020-09-15,81.559998,86.790001,81.379997,85.849998,78.208405,21048400
2020-09-16,86.489998,86.489998,83.040001,83.129997,75.730515,14492600
2020-09-17,81.000000,82.290001,80.610001,81.910004,75.004364,10090200
2020-09-18,82.370003,82.839996,80.110001,80.230003,73.466011,10528300
2020-09-21,79.800003,80.650002,79.080002,80.589996,73.795654,8417100
2020-09-22,80.830002,80.889999,79.400002,80.480003,73.694931,6375200
2020-09-23,79.699997,79.930000,77.889999,77.919998,71.350746,9094700
2020-09-24,76.820000,79.000000,76.169998,78.379997,71.771988,9940900
2020-09-25,78.169998,78.919998,77.389999,78.879997,72.229820,6057500
2020-09-28,80.309998,80.370003,79.470001,79.769997,73.044800,5999300
2020-09-29,79.699997,81.239998,79.309998,80.510002,73.722412,6114600
2020-09-30,80.589996,81.940002,80.570000,81.070000,74.235191,5878900
2020-10-01,82.059998,82.720001,81.739998,82.620003,75.654526,6253800
2020-10-02,80.709999,82.199997,80.610001,80.800003,73.987961,6145900
2020-10-05,81.550003,84.629997,81.550003,84.540001,77.412636,10129100
2020-10-06,83.769997,84.449997,82.769997,83.120003,76.112381,7795600
2020-10-07,84.779999,87.000000,84.779999,86.919998,79.591988,11446400
2020-10-08,88.860001,88.860001,86.519997,87.800003,80.397812,10920800
2020-10-09,88.339996,88.800003,87.639999,88.779999,81.295174,7608800
2020-10-12,89.120003,91.269997,88.680000,90.910004,83.245621,10022000
2020-10-13,90.500000,90.650002,89.430000,89.639999,82.082672,8247000
2020-10-14,89.650002,89.879997,88.269997,88.599998,81.130356,8159000
2020-10-15,87.290001,89.489998,87.190002,88.150002,80.718315,10327900
2020-10-16,88.550003,88.589996,86.440002,86.699997,79.390533,7457200
2020-10-19,88.339996,89.620003,87.290001,87.559998,80.178024,7994500
2020-10-20,87.790001,88.980003,87.769997,88.260002,80.819008,7357600
2020-10-21,88.000000,88.870003,87.570000,87.639999,80.251274,7387600
2020-10-22,88.440002,88.940002,87.879997,88.209999,80.773232,5656200
2020-10-23,88.250000,88.449997,87.430000,88.309998,80.864815,4165400
2020-10-26,87.209999,87.779999,85.769997,86.730003,79.418015,5568000
2020-10-27,86.959999,87.220001,85.980003,86.709999,79.399696,5315800
2020-10-28,85.150002,85.410004,83.839996,83.849998,76.780815,8727300
2020-10-29,84.269997,85.330002,84.019997,84.889999,77.733131,5845600
2020-10-30,84.430000,84.750000,83.160004,83.870003,76.799141,4963600
2020-11-02,84.599998,85.959999,84.529999,85.709999,78.483994,6597100
2020-11-03,86.190002,88.239998,86.059998,87.690002,80.297073,6274700
2020-11-04,88.720001,89.769997,88.459999,89.449997,81.908707,7620800
2020-11-05,90.419998,90.959999,89.769997,90.430000,82.806076,6670100
2020-11-06,89.809998,91.500000,89.050003,91.410004,83.703461,6403000
2020-11-09,92.199997,92.480003,88.940002,89.029999,81.524109,8978000
2020-11-10,88.400002,88.800003,86.699997,87.660004,80.269600,8350100
2020-11-11,89.500000,91.180000,89.360001,90.879997,83.218124,7707300
2020-11-12,90.879997,91.889999,89.779999,89.820000,82.247498,7474600
2020-11-13,91.540001,93.809998,91.209999,93.220001,85.360863,9170900
2020-11-16,96.419998,102.440002,96.360001,99.269997,90.900810,18436200
2020-11-17,97.980003,98.089996,95.690002,95.709999,87.640930,10843700
2020-11-18,98.519997,98.800003,96.370003,96.930000,88.758057,8526600
2020-11-19,96.769997,96.860001,95.620003,96.610001,88.465050,5542800
2020-11-20,96.660004,97.199997,95.300003,95.330002,87.292976,5329800
2020-11-23,97.160004,98.930000,96.849998,98.129997,89.856903,8802400
2020-11-24,98.489998,98.589996,96.019997,96.639999,88.492523,7022800
2020-11-25,96.199997,97.989998,96.139999,97.489998,89.270844,5194900
2020-11-27,98.540001,99.269997,98.050003,98.739998,90.415482,4367100
2020-11-30,97.559998,97.949997,96.199997,97.019997,88.840485,13840500
2020-12-01,98.690002,104.300003,98.519997,100.860001,92.356735,16157300
2020-12-02,102.000000,102.040001,99.519997,99.540001,91.148033,8676300
2020-12-03,101.059998,101.190002,99.430000,99.500000,91.111389,7359000
2020-12-04,101.510002,103.750000,100.699997,103.730003,94.984795,10824500
2020-12-07,106.019997,107.610001,104.970001,106.389999,97.420532,11793000
2020-12-08,107.779999,107.839996,105.110001,105.639999,96.733765,9876200
2020-12-09,106.010002,106.599998,103.510002,104.419998,95.616592,8204100
2020-12-10,103.000000,105.110001,102.199997,104.230003,95.442619,7135000
2020-12-11,104.010002,105.120003,103.220001,104.029999,95.259506,7492600
2020-12-14,103.769997,104.900002,103.500000,103.559998,94.829124,5878000
2020-12-15,105.680000,106.379997,104.419998,105.089996,96.230118,7399900
2020-12-16,105.650002,105.669998,103.959999,105.199997,96.330833,5986900
2020-12-17,104.900002,105.320000,103.849998,103.900002,95.541870,7779300
2020-12-18,104.000000,104.800003,103.160004,104.279999,95.891296,7417000
2020-12-21,103.559998,104.959999,103.320000,104.830002,96.397064,6116400
2020-12-22,105.070000,105.220001,102.910004,103.940002,95.578644,5597100
2020-12-23,104.669998,104.870003,103.599998,103.760002,95.413147,3320800
2020-12-24,104.760002,106.339996,104.669998,105.970001,97.445351,3172100
2020-12-28,107.599998,108.169998,105.949997,106.150002,97.610870,5157000
2020-12-29,107.000000,107.150002,105.220001,105.559998,97.068329,4602400
2020-12-30,107.699997,109.699997,107.400002,108.900002,100.139664,9571800
2020-12-31,109.660004,109.669998,108.440002,109.040001,100.268394,4909500
2021-01-04,111.470001,114.099998,110.449997,111.699997,102.714401,11262100
2021-01-05,112.410004,114.949997,112.010002,112.769997,103.698326,10583600
2021-01-06,113.849998,116.389999,112.550003,115.610001,106.309883,10609300
2021-01-07,119.339996,122.940002,117.589996,121.430000,111.661690,13556100
2021-01-08,125.910004,126.290001,116.980003,118.690002,109.142105,18976800
2021-01-11,119.739998,123.599998,118.800003,122.599998,112.737564,12006800
2021-01-12,125.160004,125.199997,121.680000,123.000000,113.105385,14163200
2021-01-13,124.400002,124.800003,118.000000,119.230003,109.638664,20650500
2021-01-14,123.449997,134.649994,121.669998,126.449997,116.277863,37125400
2021-01-15,128.470001,128.539993,123.209999,125.230003,115.155998,17343100
2021-01-19,130.589996,134.050003,128.440002,131.300003,120.737740,20443800
2021-01-20,135.190002,136.130005,130.100006,130.639999,120.130821,17360700
2021-01-21,133.250000,135.399994,132.339996,134.160004,123.367653,15460100
2021-01-22,130.039993,131.250000,128.809998,129.139999,118.751472,19163200
2021-01-25,131.830002,132.169998,127.349998,130.520004,120.020454,20469300
2021-01-26,129.050003,129.320007,126.250000,126.650002,116.461792,17084600
2021-01-27,124.949997,125.099998,121.500000,121.739998,111.946762,16732700
2021-01-28,124.500000,127.580002,123.580002,125.830002,115.707718,14148100
2021-01-29,124.000000,124.360001,120.550003,121.519997,111.744438,15169200
2021-02-01,124.540001,126.849998,123.379997,126.660004,116.470993,10179900
2021-02-02,129.470001,130.250000,127.449997,128.440002,118.107780,9302400
2021-02-03,129.000000,129.139999,126.059998,127.500000,117.243393,9676600
2021-02-04,127.500000,128.199997,125.970001,128.149994,117.841080,7445100
2021-02-05,128.789993,128.880005,126.699997,127.779999,117.500877,6226800
2021-02-08,128.699997,133.250000,128.699997,132.550003,121.887146,11160000
2021-02-09,133.979996,134.410004,131.750000,132.679993,122.006683,7929100
2021-02-10,134.119995,136.000000,132.509995,133.690002,122.935432,12196300
2021-02-11,135.399994,139.229996,134.059998,139.160004,127.965401,12347900
2021-02-12,138.919998,139.809998,137.160004,138.059998,126.953896,11114100
2021-02-16,141.610001,142.199997,139.419998,140.050003,128.783813,11833600
2021-02-17,139.210007,139.639999,136.100006,136.270004,125.307922,12311200
2021-02-18,134.850006,135.880005,133.399994,134.630005,123.799828,11614600
2021-02-19,136.149994,137.949997,135.720001,136.660004,125.666527,10771900
2021-02-22,133.589996,135.279999,133.179993,133.570007,122.825096,10363800
2021-02-23,129.100006,131.740005,125.379997,129.100006,118.714699,18444700
2021-02-24,129.509995,132.380005,127.680000,132.300003,121.657280,12782900
2021-02-25,131.520004,131.539993,125.720001,126.000000,115.864052,13581200
2021-02-26,125.430000,127.389999,122.830002,125.940002,115.808876,17281000
2021-03-01,129.630005,130.300003,127.239998,129.130005,118.742279,9714900
2021-03-02,128.429993,128.520004,126.000000,126.000000,115.864052,8274500
2021-03-03,126.720001,127.760002,122.709999,122.889999,113.004242,10660300
2021-03-04,121.949997,123.150002,113.489998,115.589996,106.291473,24454200
2021-03-05,120.900002,121.300003,115.379997,120.800003,111.082375,17448700
2021-03-08,120.540001,121.000000,113.699997,113.930000,104.765030,17246900
2021-03-09,117.070000,118.400002,115.330002,116.379997,107.017921,17717100
2021-03-10,117.800003,118.029999,113.410004,113.830002,104.673050,15240300
2021-03-11,118.239998,120.800003,117.070000,120.580002,110.880066,15091600
2021-03-12,119.000000,119.000000,117.279999,118.300003,108.783485,8171000
2021-03-15,118.650002,119.110001,116.709999,119.080002,109.500732,8935000
2021-03-16,119.720001,121.250000,118.099998,119.349998,109.749008,10793400
2021-03-17,117.750000,119.519997,115.389999,118.760002,109.617943,9890400
2021-03-18,118.000000,118.330002,114.099998,114.500000,105.685867,10283800
2021-03-19,114.379997,114.889999,113.209999,113.629997,104.882851,11536000
2021-03-22,114.790001,118.330002,114.790001,117.180000,108.159576,9376400
2021-03-23,116.099998,116.750000,114.620003,114.889999,106.045845,8977400
2021-03-24,112.470001,114.690002,108.849998,108.959999,100.572334,24196100
2021-03-25,108.000000,112.750000,107.889999,110.449997,101.947632,16772400
2021-03-26,112.000000,116.699997,111.199997,116.559998,107.587303,12910900
2021-03-29,116.550003,116.760002,112.389999,114.389999,105.584351,10863600
2021-03-30,115.279999,116.089996,114.290001,115.070000,106.211990,8206200
2021-03-31,115.790001,118.360001,115.559998,118.279999,109.174889,9806500
2021-04-01,122.809998,124.879997,121.639999,124.800003,115.192986,17904000
2021-04-05,127.070000,127.400002,122.680000,124.500000,114.916092,14113900
2021-04-06,124.000000,124.010002,121.540001,122.440002,113.014648,13042300
2021-04-07,122.440002,122.610001,119.839996,119.889999,110.660942,11193200
2021-04-08,121.379997,123.820000,121.379997,123.430000,113.928452,10226700
2021-04-09,122.750000,123.440002,121.699997,122.800003,113.346939,8315200
2021-04-12,122.209999,122.459999,119.239998,120.900002,111.593231,9868400
2021-04-13,122.400002,122.900002,120.349998,121.269997,111.934708,8384800
2021-04-14,121.989998,122.430000,120.500000,120.839996,111.537834,9521900
2021-04-15,121.699997,122.000000,116.559998,118.349998,109.239532,18709100
2021-04-16,119.190002,120.599998,117.849998,118.839996,109.691772,9512100
2021-04-19,118.000000,118.879997,115.199997,115.400002,106.516602,12630300
2021-04-20,116.050003,116.779999,114.550003,114.949997,106.101227,9299200
2021-04-21,114.500000,117.489998,113.769997,117.400002,108.362633,8472200
2021-04-22,117.500000,117.500000,114.410004,115.320000,106.442741,7411800
2021-04-23,116.580002,118.720001,115.930000,118.639999,109.507187,8380300
2021-04-26,120.000000,121.540001,119.400002,121.519997,112.165474,8444000
2021-04-27,121.500000,121.650002,119.889999,121.269997,111.934708,5491800
2021-04-28,120.000000,120.419998,118.730003,119.660004,110.448669,6476500
2021-04-29,120.720001,120.830002,117.610001,119.099998,109.931786,8831800
2021-04-30,118.010002,118.180000,116.650002,116.739998,107.753441,7950700
2021-05-03,117.470001,117.550003,115.730003,115.940002,107.015030,10229500
2021-05-04,115.000000,115.820000,113.739998,115.360001,106.479668,9638300
2021-05-05,116.000000,116.489998,114.849998,115.379997,106.498131,7059000
2021-05-06,115.300003,117.639999,114.459999,117.000000,107.993439,8581700
2021-05-07,118.400002,119.419998,116.050003,116.830002,107.836502,9614300
2021-05-10,114.980003,115.379997,112.230003,112.309998,103.664444,12281200
2021-05-11,109.730003,112.989998,109.129997,112.849998,104.162888,10007700
2021-05-12,109.349998,110.089996,108.059998,108.209999,99.880066,15058900
2021-05-13,109.360001,111.430000,107.900002,108.750000,100.378517,10552000
2021-05-14,110.610001,112.830002,110.239998,112.459999,103.802917,8425200
2021-05-17,109.070000,110.029999,107.870003,109.800003,101.347679,10688600
2021-05-18,113.000000,113.480003,110.739998,110.839996,102.307640,7476600
2021-05-19,108.500000,112.489998,108.000000,112.400002,103.747536,7280500
2021-05-20,112.389999,113.720001,112.099998,113.279999,104.559792,6442500
2021-05-21,114.000000,114.000000,111.690002,111.849998,103.239868,5979400
2021-05-24,112.260002,114.540001,112.120003,113.629997,104.882851,6653600
2021-05-25,114.849998,114.940002,113.599998,114.279999,105.482796,5331700
2021-05-26,114.000000,116.000000,114.000000,116.000000,107.070412,6605100
2021-05-27,116.000000,116.529999,115.000000,115.769997,106.858093,6513700
2021-05-28,116.300003,117.839996,115.949997,117.360001,108.325714,5386500
2021-06-01,119.709999,120.040001,117.430000,118.510002,109.387192,7596100
2021-06-02,118.900002,119.449997,117.919998,118.949997,109.793320,5383400
2021-06-03,118.050003,118.260002,116.459999,116.820000,107.827271,4912200
2021-06-04,118.230003,119.849998,118.050003,119.510002,110.310226,5352100
2021-06-07,118.139999,118.750000,117.570000,118.220001,109.119507,6266000
2021-06-08,117.550003,117.680000,115.059998,115.919998,106.996559,11564800
2021-06-09,116.000000,117.650002,115.970001,117.129997,108.113419,6401600
2021-06-10,117.040001,118.849998,116.629997,118.239998,109.137970,8566600
2021-06-11,118.290001,118.419998,117.160004,118.250000,109.147209,6036600
2021-06-14,118.550003,121.000000,118.459999,120.989998,111.676285,7610300
2021-06-15,120.349998,122.000000,119.269997,119.449997,110.254807,8196900
2021-06-16,119.550003,119.900002,117.500000,118.019997,108.934883,8059400
2021-06-17,117.680000,120.239998,117.589996,119.120003,110.372002,7608100
2021-06-18,117.510002,117.889999,115.209999,115.790001,107.286560,12532800
2021-06-21,115.379997,115.400002,113.019997,114.139999,105.757713,11116200
2021-06-22,113.500000,114.489998,112.010002,114.330002,105.933777,11792400
2021-06-23,116.199997,117.419998,115.809998,116.050003,107.527466,8913700
2021-06-24,116.720001,117.669998,116.269997,117.239998,108.630066,6772200
2021-06-25,117.449997,117.930000,116.529999,116.529999,107.972214,6712800
2021-06-28,117.290001,119.949997,117.180000,119.610001,110.826012,11026600
2021-06-29,119.400002,120.290001,118.419998,120.230003,111.400482,7874900
2021-06-30,120.160004,120.760002,119.010002,120.160004,111.335632,7936400
2021-07-01,120.099998,120.209999,118.029999,118.419998,109.723396,8295600
2021-07-02,118.750000,119.180000,118.410004,118.910004,110.177437,5144300
2021-07-06,119.849998,120.959999,118.220001,120.050003,111.233704,7181500
2021-07-07,120.639999,121.050003,118.209999,118.250000,109.565887,7391800
2021-07-08,115.870003,118.279999,115.379997,117.870003,109.213814,7565400
2021-07-09,118.000000,120.790001,117.620003,120.559998,111.706238,8374200
2021-07-12,121.190002,122.730003,119.519997,122.629997,113.624222,10668700
2021-07-13,123.190002,125.480003,122.129997,123.900002,114.800972,13460200
2021-07-14,125.150002,125.779999,124.070000,124.389999,115.254990,10587700
2021-07-15,120.120003,120.699997,116.870003,117.529999,108.898750,23734500
2021-07-16,118.750000,118.989998,115.169998,115.739998,107.240227,12110000
2021-07-19,114.000000,115.620003,113.230003,115.349998,106.878876,9230200
2021-07-20,115.879997,116.870003,114.430000,116.400002,107.851761,7108000
2021-07-21,116.230003,117.870003,115.930000,117.870003,109.213814,5564700
2021-07-22,118.089996,118.089996,116.209999,116.559998,108.000008,5746500
2021-07-23,117.650002,117.650002,115.330002,116.790001,108.213112,5773900
2021-07-26,115.790001,116.099998,114.870003,115.650002,107.156853,6440600
2021-07-27,115.320000,115.400002,112.050003,113.540001,105.201782,11127500
2021-07-28,113.940002,115.510002,113.879997,115.070000,106.619438,6819700
2021-07-29,116.000000,117.110001,115.610001,116.150002,107.620125,7162000
2021-07-30,115.500000,117.419998,115.190002,116.639999,108.074120,6482600
2021-08-02,117.500000,118.379997,116.660004,116.860001,108.277969,6028800
2021-08-03,117.309998,118.639999,116.839996,118.410004,109.714134,5874700
2021-08-04,118.430000,119.550003,118.279999,118.739998,110.019913,4254000
2021-08-05,119.070000,119.239998,118.239998,119.220001,110.464668,4452300
2021-08-06,118.370003,118.599998,117.449997,118.209999,109.528831,4338100
2021-08-09,118.419998,118.790001,117.320000,118.220001,109.538086,4280200
2021-08-10,118.500000,119.050003,114.080002,116.360001,107.814705,5132800
2021-08-11,116.500000,117.290001,115.199997,115.989998,107.471878,4490400
2021-08-12,115.550003,115.949997,114.440002,115.699997,107.203163,6338400
2021-08-13,115.070000,115.519997,114.489998,115.500000,107.017876,4593200
2021-08-16,115.099998,115.480003,114.099998,114.629997,106.211746,5435900
2021-08-17,113.730003,113.849998,110.750000,111.110001,102.950241,13398800
2021-08-18,111.739998,113.000000,110.379997,110.449997,102.338715,9167300
2021-08-19,109.000000,110.970001,107.680000,110.519997,102.403564,12146900
2021-08-20,109.139999,109.709999,107.730003,108.120003,100.179825,13042000
2021-08-23,110.080002,111.330002,109.269997,110.959999,102.811272,9533500
2021-08-24,111.820000,113.070000,111.800003,112.110001,103.876801,6719800
2021-08-25,115.709999,119.180000,115.610001,117.029999,108.435486,22106800
2021-08-26,117.980003,118.459999,116.349998,118.099998,109.426918,9892100
2021-08-27,118.330002,119.300003,117.690002,118.489998,109.788269,6827700
2021-08-30,118.879997,119.500000,118.470001,118.989998,110.251549,6434200
2021-08-31,120.010002,120.800003,118.699997,119.010002,110.270088,8424900
2021-09-01,120.220001,121.360001,119.559998,120.459999,111.613586,8603900
2021-09-02,120.940002,121.389999,120.459999,120.790001,111.919357,6866400
2021-09-03,121.580002,124.480003,121.260002,123.970001,114.865837,10361400
2021-09-07,124.620003,125.279999,123.889999,124.699997,115.542213,9739900
2021-09-08,122.970001,123.139999,121.230003,121.889999,112.938591,7983300
2021-09-09,122.190002,123.489998,121.879997,122.680000,113.670555,5101300
2021-09-10,123.019997,124.339996,122.889999,122.970001,113.939255,5163900
2021-09-13,122.940002,124.099998,122.199997,123.620003,114.541519,6622800
2021-09-14,123.629997,123.629997,122.400002,123.089996,114.050453,5110500
2021-09-15,122.410004,122.500000,120.879997,121.500000,112.577217,5566500
2021-09-16,120.000000,121.129997,119.349998,120.790001,112.379051,7301400
2021-09-17,120.190002,120.470001,117.690002,117.750000,109.550735,10722700
2021-09-20,115.199997,116.010002,113.550003,114.699997,106.713127,8991000
2021-09-21,115.650002,115.870003,114.550003,114.959999,106.955017,8182200
2021-09-22,115.230003,116.239998,114.910004,115.870003,107.801636,5345600
2021-09-23,116.970001,116.970001,115.589996,116.190002,108.099358,5484700
2021-09-24,116.000000,116.559998,115.529999,115.639999,107.587669,4455900
2021-09-27,115.699997,116.570000,115.010002,116.150002,108.062157,5198800
2021-09-28,114.330002,115.040001,111.849998,111.900002,104.108093,9792300
2021-09-29,112.300003,112.849998,111.019997,111.620003,103.847588,6522400
2021-09-30,112.430000,113.349998,111.650002,111.650002,103.875511,6433400
2021-10-01,112.000000,112.300003,110.300003,111.559998,103.791771,5315200
2021-10-04,111.000000,111.430000,108.519997,109.019997,101.428642,8514500
2021-10-05,109.800003,110.349998,109.220001,109.260002,101.651932,8039600
2021-10-06,108.440002,109.519997,107.580002,109.339996,101.726349,7553600
2021-10-07,111.000000,111.709999,110.489998,110.830002,103.112610,7821900
2021-10-08,110.980003,111.070000,109.510002,110.040001,102.377609,5143400
2021-10-11,110.080002,111.709999,109.900002,110.260002,102.582283,5318500
2021-10-12,110.470001,111.029999,108.559998,109.199997,101.596092,9294600
2021-10-13,109.320000,110.050003,108.949997,109.980003,102.321800,7845100
2021-10-14,114.139999,114.739998,111.160004,112.559998,104.722122,16930500
2021-10-15,114.779999,114.949997,112.959999,114.860001,106.861977,11558800
2021-10-18,113.419998,115.349998,113.419998,115.339996,107.308548,6773800
2021-10-19,115.800003,116.980003,115.629997,116.959999,108.815758,5406100
2021-10-20,116.879997,117.029999,115.550003,115.589996,107.541145,8205800
2021-10-21,115.010002,116.349998,114.610001,116.290001,108.192406,4640300
2021-10-22,116.239998,117.150002,114.230003,114.230003,106.275833,6283000
2021-10-25,114.400002,114.550003,113.110001,113.639999,105.726929,6667700
2021-10-26,114.940002,115.300003,113.720001,114.180000,106.229324,4852300
2021-10-27,114.029999,115.059998,113.709999,113.750000,105.829262,5394500
2021-10-28,113.660004,116.019997,113.540001,116.010002,107.931900,5714300
2021-10-29,114.070000,114.190002,113.220001,113.699997,105.782761,7118900
2021-11-01,113.580002,114.339996,113.349998,114.120003,106.173508,4955700
2021-11-02,113.589996,114.800003,113.540001,114.110001,106.164207,4479700
2021-11-03,113.440002,114.099998,112.730003,114.010002,106.071167,6073000
2021-11-04,113.370003,117.849998,112.410004,117.790001,109.587967,14682800
2021-11-05,118.169998,119.529999,116.250000,117.800003,109.597267,8668100
2021-11-08,118.389999,122.250000,117.050003,120.910004,112.490707,15776300
2021-11-09,121.250000,123.269997,120.169998,121.779999,113.300133,10874100
2021-11-10,119.599998,120.800003,117.680000,118.199997,109.969414,9046100
2021-11-11,119.260002,120.470001,117.800003,118.190002,109.960114,6994000
2021-11-12,118.389999,118.820000,117.269997,118.690002,110.425301,6947200
2021-11-15,119.320000,119.639999,117.510002,118.120003,109.894974,5157000
2021-11-16,117.690002,118.379997,117.160004,118.080002,109.857765,5555100
2021-11-17,118.000000,119.550003,117.510002,119.059998,110.769516,6391400
2021-11-18,119.970001,123.559998,119.800003,123.389999,114.798012,13229700
2021-11-19,122.029999,124.800003,122.019997,124.260002,115.607430,9071800
2021-11-22,123.500000,128.089996,123.209999,124.750000,116.063309,16076100
2021-11-23,122.720001,123.199997,119.519997,121.360001,112.909363,10984000
2021-11-24,120.000000,120.870003,118.400002,120.709999,112.304626,6992600
2021-11-26,117.500000,119.040001,116.519997,117.089996,108.936691,6766900
2021-11-29,118.360001,119.879997,117.900002,119.279999,110.974197,7634000
2021-11-30,118.099998,120.169998,115.760002,117.150002,108.992531,10561800
2021-12-01,119.220001,123.510002,119.220001,120.629997,112.230186,12924400
2021-12-02,120.349998,123.400002,120.019997,121.699997,113.225693,8425500
2021-12-03,121.000000,121.849998,117.980003,119.330002,111.020714,7809000
2021-12-06,118.889999,119.500000,116.580002,119.139999,110.843933,5681200
2021-12-07,120.540001,122.580002,120.260002,122.320000,113.802521,7459200
2021-12-08,121.629997,122.220001,120.110001,121.800003,113.318710,5795700
2021-12-09,121.180000,122.089996,119.489998,119.500000,111.178886,6103900
2021-12-10,120.000000,120.790001,118.239998,119.129997,110.834633,5973900
2021-12-13,118.860001,119.029999,116.389999,116.419998,108.313354,5854300
2021-12-14,115.440002,116.980003,115.250000,116.290001,108.192406,6267300
2021-12-15,116.790001,120.510002,116.480003,120.400002,112.016212,6700700
2021-12-16,120.339996,120.750000,116.139999,116.570000,108.901543,9116100
2021-12-17,116.290001,117.489998,115.930000,116.320000,108.667992,11725600
2021-12-20,115.919998,116.620003,113.910004,114.940002,107.378754,6980800
2021-12-21,116.070000,117.500000,115.080002,117.440002,109.714302,6122900
2021-12-22,116.919998,121.440002,116.830002,121.300003,113.320374,9300100
2021-12-23,120.959999,121.790001,119.839996,120.680000,112.741158,6512500
2021-12-27,121.220001,123.260002,121.199997,122.699997,114.628273,6309900
2021-12-28,123.379997,123.660004,121.870003,122.059998,114.030380,6321000
2021-12-29,121.800003,123.150002,120.970001,121.410004,113.423134,5847700
2021-12-30,121.000000,121.550003,120.190002,120.419998,112.498268,4187800
2021-12-31,121.349998,121.750000,120.220001,120.309998,112.395493,3888200
2022-01-03,124.129997,129.589996,124.000000,128.800003,120.326988,18592000
2022-01-04,130.869995,135.500000,130.300003,133.399994,124.624367,25554900
2022-01-05,130.710007,130.880005,126.879997,127.059998,118.701454,17891200
2022-01-06,127.000000,129.000000,124.809998,128.470001,120.018700,16249000
2022-01-07,126.550003,127.139999,123.309998,123.500000,115.375656,21248100
2022-01-10,125.110001,125.870003,123.260002,125.010002,116.786308,11857700
2022-01-11,126.540001,129.550003,125.500000,129.169998,120.672646,12113100
2022-01-12,130.500000,132.919998,130.220001,132.229996,123.531334,16389200
2022-01-13,140.750000,145.000000,138.919998,139.190002,130.033463,52020000
2022-01-14,136.089996,143.880005,136.089996,140.660004,131.406784,28255300
2022-01-18,136.750000,137.179993,133.289993,133.830002,125.026093,15191400
2022-01-19,134.619995,135.899994,130.940002,131.009995,122.391609,11155100
2022-01-20,131.919998,132.750000,128.199997,128.330002,119.887901,11421900
2022-01-21,127.080002,127.980003,124.269997,124.529999,116.337883,15573700
2022-01-24,123.769997,126.070000,120.129997,125.959999,117.673805,17083400
2022-01-25,125.489998,125.820000,121.699997,122.480003,114.422760,11370500
2022-01-26,125.379997,126.669998,121.889999,123.080002,114.983276,13592100
2022-01-27,124.000000,124.139999,116.029999,116.379997,108.724030,18599800
2022-01-28,118.709999,119.599998,114.190002,117.610001,109.873116,14005900
2022-01-31,119.519997,122.769997,118.809998,122.629997,114.562866,10189100
2022-02-01,122.900002,123.239998,120.099998,123.050003,114.955254,6956300
2022-02-02,126.230003,126.470001,122.550003,124.150002,115.982887,8562900
2022-02-03,121.449997,123.879997,119.250000,119.839996,111.956429,9926800
2022-02-04,120.440002,121.830002,119.389999,121.019997,113.058777,5743200
2022-02-07,122.559998,124.099998,121.879997,122.309998,114.263939,6562900
2022-02-08,122.000000,123.860001,121.610001,123.709999,115.571831,7036200
2022-02-09,124.879997,125.550003,122.760002,125.519997,117.262756,10979700
2022-02-10,124.800003,128.660004,124.360001,124.709999,116.506050,10474900
2022-02-11,125.500000,126.580002,120.449997,121.010002,113.049454,9845700
2022-02-14,119.949997,121.550003,118.000000,119.769997,111.891014,8081800
2022-02-15,122.019997,124.610001,121.459999,124.519997,116.328545,9248700
2022-02-16,123.139999,124.290001,121.570000,123.599998,115.469070,5749500
2022-02-17,122.489998,122.750000,119.650002,119.760002,111.881676,7976700
2022-02-18,120.519997,120.690002,118.449997,119.309998,111.461281,8389000
2022-02-22,117.500000,119.360001,115.720001,116.910004,109.219154,9793500
2022-02-23,118.550003,119.430000,115.760002,115.900002,108.275612,8114700
2022-02-24,108.000000,111.980003,104.379997,111.879997,104.520058,27539100
2022-02-25,112.290001,113.000000,109.360001,111.230003,103.912827,14258900
2022-02-28,109.370003,109.769997,105.000000,107.010002,99.970421,26390800
2022-03-01,110.000000,111.110001,107.050003,108.050003,100.942009,20377900
2022-03-02,108.400002,109.970001,107.860001,109.610001,102.399384,13342400
2022-03-03,109.910004,110.000000,107.599998,108.790001,101.633331,10841700
2022-03-04,107.000000,108.120003,103.809998,105.059998,98.148705,22372100
2022-03-07,103.290001,104.089996,99.059998,99.290001,92.758286,29422900
2022-03-08,100.209999,103.110001,98.620003,100.000000,93.421570,25650000
2022-03-09,104.510002,105.720001,102.760002,104.949997,98.045944,14348400
2022-03-10,104.190002,105.529999,102.519997,103.959999,97.121078,11811000
2022-03-11,105.360001,105.360001,101.300003,101.410004,94.738823,18116400
2022-03-14,101.519997,101.860001,99.070000,99.300003,92.767639,17959400
2022-03-15,98.029999,102.139999,97.620003,102.089996,95.374084,13415600
2022-03-16,102.989998,105.790001,102.809998,105.690002,99.213455,20347100
2022-03-17,105.750000,106.529999,104.750000,106.489998,99.964432,8042000
2022-03-18,105.709999,107.040001,104.889999,106.720001,100.180328,10218200
2022-03-21,106.720001,107.220001,105.129997,106.919998,100.368073,10366100
2022-03-22,106.389999,107.959999,106.230003,107.040001,100.480751,10401200
2022-03-23,106.500000,108.190002,105.349998,105.349998,98.894279,12905300
2022-03-24,106.779999,107.980003,105.830002,107.919998,101.306816,10834000
2022-03-25,107.690002,107.980003,105.839996,106.730003,100.189720,7432100
2022-03-28,105.620003,106.720001,104.610001,106.330002,99.814232,8151200
2022-03-29,107.919998,109.760002,106.790001,109.250000,102.555305,14076200
2022-03-30,107.790001,109.339996,106.510002,106.730003,100.189720,15456300
2022-03-31,106.959999,107.150002,104.190002,104.260002,97.871086,13021600
2022-04-01,105.769997,105.949997,102.209999,102.790001,96.491180,12085100
2022-04-04,104.019997,105.570000,103.279999,104.790001,98.368607,9077200
2022-04-05,104.480003,104.599998,102.110001,102.500000,96.218910,12291000
2022-04-06,100.419998,102.139999,99.720001,101.180000,94.979820,14902600
2022-04-07,100.419998,101.230003,99.650002,100.519997,94.360252,12431000
2022-04-08,100.620003,100.699997,99.120003,99.290001,93.205643,11796200
2022-04-11,98.220001,98.379997,96.910004,97.570000,91.591042,12480500
2022-04-12,100.000000,100.150002,97.440002,97.440002,91.469002,13291500
2022-04-13,99.800003,102.220001,99.500000,101.500000,95.280205,15776800
2022-04-14,104.000000,104.500000,98.330002,98.360001,92.332626,17828500
2022-04-18,97.949997,99.839996,97.470001,98.769997,92.717506,10277400
2022-04-19,98.440002,99.449997,97.709999,99.449997,93.355820,10103000
2022-04-20,100.400002,101.000000,98.900002,99.010002,92.942795,8596900
2022-04-21,99.750000,100.650002,97.410004,97.660004,91.675529,13038500
2022-04-22,97.029999,97.790001,95.360001,95.680000,89.816849,11650100
2022-04-25,95.050003,96.279999,94.449997,96.239998,90.342545,10654400
2022-04-26,94.940002,95.019997,92.769997,92.769997,87.085182,14176000
2022-04-27,91.839996,92.690002,90.220001,90.260002,84.728989,15846300
2022-04-28,92.160004,96.199997,91.779999,95.220001,89.385048,15176200
2022-04-29,93.180000,95.589996,92.769997,92.930000,87.235359,10629300
2022-05-02,92.500000,94.269997,91.239998,93.760002,88.014519,8251900
2022-05-03,92.779999,94.050003,92.510002,93.629997,87.892471,9511900
2022-05-04,93.910004,96.070000,91.919998,95.989998,90.107872,9082500
2022-05-05,94.040001,94.379997,91.220001,92.150002,86.503174,11517200
2022-05-06,91.400002,92.879997,90.269997,91.629997,86.015030,7944900
2022-05-09,89.940002,90.190002,87.010002,87.300003,81.950371,11428600
2022-05-10,90.019997,90.290001,88.089996,88.820000,83.377235,11690400
2022-05-11,88.870003,90.570000,87.800003,87.830002,82.447884,11531300
2022-05-12,86.220001,88.209999,85.389999,87.690002,82.316475,11592900
2022-05-13,88.870003,91.360001,88.160004,90.959999,85.386101,11180600
2022-05-16,89.870003,91.370003,89.500000,90.410004,84.869804,6729100
2022-05-17,93.300003,93.489998,92.370003,93.320000,87.601471,7668800
2022-05-18,92.070000,93.230003,90.370003,90.529999,84.982437,9610900
2022-05-19,89.839996,92.099998,89.559998,90.209999,84.682053,7739000
2022-05-20,93.040001,93.040001,88.830002,90.779999,85.217102,10469900
2022-05-23,91.019997,91.910004,90.650002,91.500000,85.892990,6920500
2022-05-24,89.519997,89.800003,88.519997,88.720001,83.283363,8788600
2022-05-25,89.330002,90.919998,89.040001,90.410004,84.869804,9113500
2022-05-26,89.410004,91.370003,89.040001,91.000000,85.423645,9762700
2022-05-27,92.620003,93.820000,92.529999,93.769997,88.023903,6279000
2022-05-31,95.540001,96.290001,94.510002,95.300003,89.460129,9621700
2022-06-01,95.599998,96.360001,93.830002,94.750000,88.943848,6152400
2022-06-02,93.989998,96.370003,93.620003,96.339996,90.436401,6335000
2022-06-03,94.360001,94.580002,92.900002,93.769997,88.023903,9137100
2022-06-06,95.000000,95.540001,92.870003,93.110001,87.404343,9440200
2022-06-07,92.669998,93.860001,91.769997,93.839996,88.089607,7360200
2022-06-08,94.000000,94.930000,93.139999,93.470001,87.742279,6446300
2022-06-09,93.000000,93.500000,90.800003,90.849998,85.282822,8086700
2022-06-10,90.540001,90.720001,88.629997,88.680000,83.245796,10460400
2022-06-13,86.059998,86.830002,85.019997,85.550003,80.307625,14603700
2022-06-14,86.739998,87.879997,86.290001,87.190002,81.847099,10449600
2022-06-15,87.510002,89.809998,87.370003,89.129997,83.668221,11742500
2022-06-16,85.220001,85.930000,83.989998,84.519997,79.758614,10505200
2022-06-17,85.000000,85.599998,83.949997,85.000000,80.211586,9735500
2022-06-21,86.000000,87.750000,86.000000,86.949997,82.051727,9604000
2022-06-22,84.639999,86.180000,84.550003,84.910004,80.126656,7868700
2022-06-23,84.129997,84.230003,82.760002,84.120003,79.381157,10370300
2022-06-24,84.150002,86.550003,84.150002,85.919998,81.079758,10670100
2022-06-27,86.919998,87.000000,85.580002,85.860001,81.023140,7358000
2022-06-28,86.150002,86.809998,84.339996,84.339996,79.588768,8289200
2022-06-29,84.430000,84.610001,83.330002,83.650002,78.937637,7981300
2022-06-30,81.459999,82.220001,80.120003,81.750000,77.144669,14201600
2022-07-01,79.040001,79.220001,76.180000,77.000000,72.662262,19531700
2022-07-05,74.550003,76.150002,73.739998,76.110001,71.822395,22253100
2022-07-06,74.290001,76.300003,73.779999,75.559998,71.303375,11530500
2022-07-07,78.599998,80.959999,78.339996,80.650002,76.106651,15847800
2022-07-08,79.919998,82.160004,79.760002,81.510002,76.918190,10004200
2022-07-11,79.769997,80.269997,78.820000,79.110001,74.653404,9519600
2022-07-12,81.160004,81.480003,78.930000,79.099998,74.643959,10363700
2022-07-13,79.279999,81.720001,78.900002,81.290001,76.710579,14706500
2022-07-14,82.949997,84.040001,80.510002,83.669998,78.956505,23377000
2022-07-15,85.580002,86.040001,83.970001,85.629997,80.806099,14061000
2022-07-18,86.059998,86.080002,83.370003,83.580002,78.871574,11352500
2022-07-19,85.000000,86.470001,84.559998,86.150002,81.296806,10673100
2022-07-20,85.180000,86.750000,85.110001,86.559998,81.683708,11664800
2022-07-21,86.680000,87.800003,86.400002,87.790001,82.844414,7135000
2022-07-22,87.410004,87.730003,85.800003,86.320000,81.457230,8612100
2022-07-25,86.300003,86.699997,85.629997,86.300003,81.438347,5960900
2022-07-26,84.760002,85.199997,83.849998,84.419998,79.664261,6977700
2022-07-27,85.309998,87.900002,85.309998,87.629997,82.693420,9399500
2022-07-28,87.129997,88.620003,86.449997,88.610001,83.618217,10668200
2022-07-29,87.820000,89.209999,87.790001,88.480003,83.495544,10366200
2022-08-01,85.300003,86.889999,84.300003,86.309998,81.447784,20102600
2022-08-02,84.519997,87.510002,84.169998,86.050003,81.202446,15541600
2022-08-03,85.959999,86.769997,84.559998,86.510002,81.636505,20779400
2022-08-04,87.000000,88.419998,86.620003,88.419998,83.438911,13472500
2022-08-05,88.029999,90.980003,88.010002,89.769997,84.712875,13293500
2022-08-08,88.980003,89.099998,86.910004,87.940002,82.985947,12120300
2022-08-09,86.940002,87.139999,84.440002,85.209999,80.409744,13075000
2022-08-10,86.809998,88.669998,86.309998,88.669998,83.674835,10704600
2022-08-11,89.959999,91.000000,89.309998,89.519997,84.476952,11158800
2022-08-12,89.680000,91.349998,89.639999,90.860001,85.741478,12098800
2022-08-15,90.010002,91.940002,90.000000,91.570000,86.411476,15949500
2022-08-16,91.139999,91.349998,88.570000,89.949997,84.882729,10566100
2022-08-17,89.000000,89.769997,88.480003,89.199997,84.174973,9093100
2022-08-18,88.709999,89.669998,88.419998,89.269997,84.241028,10947700
2022-08-19,88.500000,88.589996,87.019997,87.199997,82.287643,9602800
2022-08-22,85.410004,86.029999,84.940002,85.239998,80.438072,8054000
2022-08-23,85.160004,86.599998,84.989998,86.029999,81.183556,8462500
2022-08-24,85.800003,86.129997,85.199997,85.559998,80.740036,7085800
2022-08-25,86.330002,87.589996,86.010002,87.570000,82.636810,6602100
2022-08-26,87.500000,87.790001,84.650002,84.739998,79.966232,9381500
2022-08-29,83.910004,84.320000,82.779999,82.849998,78.182693,9639700
2022-08-30,83.779999,83.980003,81.730003,82.790001,78.126083,8392300
2022-08-31,84.110001,84.870003,83.059998,83.349998,78.654541,8887100
2022-09-01,81.449997,81.830002,80.120003,81.639999,77.040878,11566000
2022-09-02,81.550003,82.980003,80.610001,80.900002,76.342552,8850100
2022-09-06,81.029999,81.029999,79.519997,80.029999,75.521568,12704400
2022-09-07,78.389999,80.180000,78.230003,79.949997,75.446053,9843500
2022-09-08,79.010002,80.739998,78.769997,80.239998,75.719734,8181700
2022-09-09,80.830002,81.660004,80.739998,81.529999,76.937057,7084700
2022-09-12,81.970001,82.500000,81.760002,82.150002,77.522141,7903000
2022-09-13,80.419998,81.139999,78.519997,78.809998,74.370285,12835100
2022-09-14,79.739998,80.160004,78.980003,79.660004,75.172417,8849600
2022-09-15,78.580002,79.250000,77.669998,77.980003,74.003235,10533100
2022-09-16,77.110001,78.000000,76.919998,77.889999,73.917816,10604500
2022-09-19,76.550003,78.230003,76.550003,78.230003,74.240479,10378600
2022-09-20,77.540001,78.440002,77.510002,78.150002,74.164566,8202800
2022-09-21,77.580002,79.309998,77.139999,77.139999,73.206078,10869000
2022-09-22,76.449997,76.750000,75.360001,75.629997,71.773087,10817900
2022-09-23,74.300003,74.389999,73.089996,73.870003,70.102844,12685500
2022-09-26,73.470001,74.190002,72.919998,73.010002,69.286697,13441500
2022-09-27,73.510002,74.040001,72.349998,73.029999,69.305656,12430600
2022-09-28,71.110001,72.290001,70.699997,72.129997,68.451561,12943600
2022-09-29,70.519997,70.680000,68.480003,69.279999,65.746925,16120300
2022-09-30,67.809998,69.650002,67.739998,68.559998,65.063622,10472400
2022-10-03,68.080002,69.570000,67.650002,69.250000,65.718445,11945100
2022-10-04,70.800003,72.930000,70.720001,72.809998,69.096886,14900700
2022-10-05,72.919998,74.910004,72.580002,74.480003,70.681732,14037100
2022-10-06,73.970001,74.919998,73.860001,74.349998,70.558334,11796800
2022-10-07,71.809998,72.029999,69.750000,69.750000,66.192932,14758600
2022-10-10,69.849998,69.879997,67.010002,67.440002,64.000763,16042200
2022-10-11,64.199997,64.910004,62.619999,63.450001,60.214226,28699300
2022-10-12,63.599998,64.230003,63.369999,64.110001,60.840565,16468700
2022-10-13,63.060001,70.199997,62.320000,66.620003,63.222576,36639300
2022-10-14,67.260002,67.449997,63.779999,63.919998,60.660255,19440900
2022-10-17,64.980003,65.349998,64.040001,64.889999,61.580784,11280100
2022-10-18,65.900002,66.110001,62.779999,63.709999,60.460968,16656100
2022-10-19,62.740002,64.110001,62.169998,63.660000,60.413509,12385200
2022-10-20,63.750000,65.279999,63.380001,63.580002,60.337601,11300900
2022-10-21,62.020000,63.779999,62.020000,63.750000,60.498932,13699000
2022-10-24,60.580002,61.619999,59.680000,61.290001,58.164379,25010800
2022-10-25,59.959999,61.360001,59.509998,61.139999,58.022030,21700600
2022-10-26,60.860001,61.980000,60.430000,60.840000,57.737331,14006000
2022-10-27,61.849998,62.450001,60.910000,60.950001,57.841721,12937600
2022-10-28,60.770000,62.029999,60.070000,62.009998,58.847656,11972300
2022-10-31,61.590000,62.270000,61.070000,61.549999,58.411125,10802800
2022-11-01,63.259998,63.430000,61.580002,61.580002,58.439594,11561900
2022-11-02,62.500000,62.889999,60.520000,60.520000,57.433651,16547200
2022-11-03,60.000000,60.889999,59.430000,60.279999,57.205883,11040900
2022-11-04,61.509998,62.500000,61.020000,62.480000,59.293690,14662800
2022-11-07,62.619999,62.930000,61.970001,62.759998,59.559406,8507100
2022-11-08,64.370003,65.750000,64.220001,65.019997,61.704163,14102800
2022-11-09,66.529999,66.599998,64.949997,65.000000,61.685181,15086800
2022-11-10,67.739998,70.870003,67.320000,70.839996,67.227348,21367900
2022-11-11,72.739998,74.599998,72.379997,73.830002,70.064888,15524700
2022-11-14,73.239998,73.680000,72.239998,72.800003,69.087410,11575300
2022-11-15,81.919998,82.930000,80.010002,80.459999,76.356750,48742400
2022-11-16,80.559998,80.570000,78.900002,79.449997,75.398262,24006600
2022-11-17,79.300003,82.940002,78.690002,81.480003,77.324753,24278400
2022-11-18,82.779999,82.839996,81.000000,82.269997,78.074455,18578400
2022-11-21,80.809998,81.029999,79.470001,79.930000,75.853806,18659700
2022-11-22,81.349998,83.190002,81.230003,82.540001,78.330673,16504700
2022-11-23,82.440002,82.949997,81.730003,81.970001,77.789772,14683800
2022-11-25,82.139999,82.370003,81.400002,81.400002,77.248833,5908300
2022-11-28,80.269997,81.080002,78.889999,79.220001,75.180000,13214200
2022-11-29,79.910004,80.209999,78.959999,79.330002,75.284393,11502300
2022-11-30,80.629997,83.430000,80.470001,82.980003,78.748245,21667300
2022-12-01,83.040001,83.629997,81.139999,82.680000,78.463554,15975100
2022-12-02,81.809998,82.160004,81.150002,81.500000,77.343719,10519800
2022-12-05,81.940002,82.180000,80.949997,81.620003,77.457619,11523300
2022-12-06,81.400002,81.440002,79.160004,79.559998,75.502655,13992100
2022-12-07,79.000000,79.709999,78.589996,79.239998,75.198959,14925300
2022-12-08,79.449997,80.970001,79.099998,80.800003,76.679436,11197500
2022-12-09,80.849998,82.190002,80.690002,80.690002,76.575027,13787900
2022-12-12,79.790001,80.430000,78.800003,80.430000,76.328300,11516600
2022-12-13,82.089996,82.089996,79.629997,80.510002,76.404213,16938000
2022-12-14,80.820000,81.510002,79.519997,80.019997,75.939194,17910000
2022-12-15,79.209999,79.209999,77.389999,77.610001,74.069557,17080200
2022-12-16,77.610001,78.059998,76.230003,76.300003,72.819328,11929100
2022-12-19,76.919998,77.120003,75.760002,76.099998,72.628441,12561300
2022-12-20,75.110001,76.199997,74.900002,75.620003,72.170349,12080600
2022-12-21,75.860001,77.419998,75.769997,77.139999,73.621017,10806100
2022-12-22,76.279999,76.430000,74.019997,75.279999,71.845848,13019700
2022-12-23,74.889999,75.349998,74.169998,74.889999,71.473663,7452600
2022-12-27,74.330002,74.739998,74.160004,74.320000,70.929657,8974800
2022-12-28,74.190002,74.550003,72.839996,73.059998,69.727119,10275700
2022-12-29,74.349998,76.040001,74.150002,76.000000,72.533012,11142500
2022-12-30,74.290001,74.570000,73.650002,74.489998,71.091896,7784100
2023-01-03,75.849998,75.970001,73.769997,74.029999,70.652893,9276200
2023-01-04,74.989998,76.610001,74.470001,76.320000,72.838417,12316400
2023-01-05,76.000000,76.440002,75.339996,75.730003,72.275345,10039200
2023-01-06,76.500000,78.739998,76.150002,78.070000,74.508568,13744100
2023-01-09,80.559998,81.220001,80.059998,80.309998,76.646400,22247600
2023-01-10,80.510002,81.580002,80.459999,81.269997,77.562614,10269000
2023-01-11,81.570000,81.889999,80.629997,81.779999,78.049339,11771400
2023-01-12,84.959999,88.830002,84.419998,87.000000,83.031204,36086800
2023-01-13,85.410004,87.099998,84.900002,86.800003,82.840340,18719900
2023-01-17,86.220001,89.730003,86.160004,88.989998,84.930435,21850000
2023-01-18,90.480003,91.220001,89.360001,89.470001,85.388542,19209800
2023-01-19,89.029999,90.010002,88.260002,88.400002,84.367363,13651100
2023-01-20,90.000000,91.029999,89.199997,91.029999,86.877388,14287200
2023-01-23,91.760002,95.730003,91.720001,95.660004,91.296173,22875100
2023-01-24,95.790001,98.000000,91.550003,94.559998,90.246338,11370500
2023-01-25,92.680000,93.000000,91.120003,92.410004,88.194412,14147300
2023-01-26,93.889999,94.279999,92.639999,93.449997,89.186981,15759400
2023-01-27,92.820000,94.120003,92.239998,93.300003,89.043816,13646600
2023-01-30,92.849998,94.250000,92.580002,93.129997,88.881577,14079800
2023-01-31,91.000000,92.760002,90.000000,92.730003,88.499825,13342100
2023-02-01,93.000000,95.769997,92.570000,94.739998,90.418129,16788500
2023-02-02,96.599998,97.500000,95.839996,96.650002,92.241005,14925300
2023-02-03,95.040001,96.949997,94.309998,94.660004,90.341782,12242200
2023-02-06,91.800003,92.050003,90.739998,91.830002,87.640869,12425200
2023-02-07,91.779999,94.699997,91.680000,94.550003,90.236794,15258900
2023-02-08,95.019997,95.940002,94.230003,94.279999,89.979118,12899700
2023-02-09,96.000000,98.570000,95.620003,96.690002,92.279175,16997400
2023-02-10,95.949997,96.500000,94.250000,95.370003,91.019394,11511400
2023-02-13,95.470001,96.389999,94.910004,96.110001,91.725632,7803500
2023-02-14,95.820000,98.989998,95.220001,97.959999,93.491241,15345100
2023-02-15,92.330002,93.680000,90.769997,92.760002,88.528458,30208300
2023-02-16,90.980003,91.790001,89.879997,90.820000,86.676964,15568400
2023-02-17,89.970001,90.300003,88.940002,90.099998,85.989784,11235300
2023-02-21,88.379997,89.419998,87.480003,87.639999,83.642014,14007600
2023-02-22,87.750000,88.089996,86.660004,86.830002,82.868973,10106400
2023-02-23,90.300003,91.989998,89.459999,90.080002,85.970718,15468300
2023-02-24,88.089996,88.150002,87.239998,88.110001,84.090576,8817600
2023-02-27,88.699997,88.849998,87.239998,87.300003,83.317528,10609400
2023-02-28,87.139999,88.150002,86.900002,87.070000,83.098015,7520400
2023-03-01,89.040001,90.040001,88.269997,88.419998,84.386436,8176700
2023-03-02,87.639999,89.339996,87.120003,89.029999,84.968613,9761600
2023-03-03,88.669998,89.849998,87.879997,89.790001,85.693932,10844000
2023-03-06,90.080002,91.330002,89.510002,89.580002,85.493515,9960000
2023-03-07,89.949997,90.239998,88.300003,88.849998,84.796814,8761100
2023-03-08,88.349998,90.839996,88.139999,90.830002,86.686508,8813000
2023-03-09,89.709999,90.690002,88.570000,88.879997,84.825455,10354700
2023-03-10,88.029999,89.169998,87.199997,87.250000,83.269798,11928800
2023-03-13,86.379997,89.000000,86.309998,87.739998,83.737442,11847600
2023-03-14,88.029999,89.629997,87.709999,89.290001,85.216728,11100100
2023-03-15,87.199997,87.239998,85.440002,86.699997,82.744904,12171500
2023-03-16,85.949997,89.470001,85.820000,89.300003,85.669952,13184600
2023-03-17,89.059998,90.029999,89.000000,89.470001,85.833046,13287700
2023-03-20,89.209999,90.370003,88.660004,90.040001,86.379883,8217500
2023-03-21,91.000000,93.000000,90.800003,92.500000,88.739876,12299700
2023-03-22,93.500000,95.029999,92.540001,92.620003,88.854996,12812400
2023-03-23,94.489998,95.820000,93.430000,94.589996,90.744919,11169700
2023-03-24,93.949997,94.180000,92.089996,92.790001,89.018097,7653700
2023-03-27,92.040001,92.180000,90.550003,90.660004,86.974670,9349800
2023-03-28,90.660004,90.870003,89.919998,90.809998,87.118568,7521300
2023-03-29,91.760002,93.220001,91.449997,92.760002,88.989311,9264000
2023-03-30,93.349998,93.519997,92.029999,92.470001,88.711113,10232800
2023-03-31,91.239998,93.260002,91.129997,93.019997,89.238739,8701800
2023-04-03,93.010002,93.599998,91.709999,92.839996,89.066055,6863600
2023-04-04,93.040001,93.279999,91.720001,92.169998,88.423279,6338400
2023-04-05,91.599998,92.180000,89.050003,90.199997,86.533348,9171800
2023-04-06,89.660004,90.910004,89.400002,90.239998,86.571739,5874500
2023-04-10,88.419998,89.029999,86.470001,89.019997,85.401344,12232900
2023-04-11,88.639999,89.839996,88.470001,89.239998,85.612381,11079200
2023-04-12,88.910004,89.500000,86.860001,86.870003,83.338730,11299100
2023-04-13,86.559998,87.629997,85.970001,87.050003,83.511414,7910500
2023-04-14,87.949997,88.370003,86.540001,87.199997,83.655312,7656400
2023-04-17,87.750000,88.050003,87.160004,87.989998,84.413208,8163600
2023-04-18,88.199997,88.400002,87.500000,88.139999,84.557106,8468200
2023-04-19,86.230003,87.379997,86.040001,87.230003,83.684097,11191300
2023-04-20,88.320000,91.879997,88.099998,89.290001,85.660347,19206300
2023-04-21,87.779999,87.910004,85.279999,85.370003,81.899712,13175400
2023-04-24,85.400002,85.959999,83.989998,84.639999,81.199379,10567600
2023-04-25,83.269997,83.400002,82.260002,82.290001,78.944916,13423700
2023-04-26,82.239998,82.379997,81.209999,82.250000,78.906540,11583500
2023-04-27,82.900002,83.860001,82.160004,83.669998,80.268814,10013700
2023-04-28,84.480003,84.510002,83.720001,84.300003,80.873207,8262600
2023-05-01,84.300003,84.690002,83.900002,83.980003,80.566208,4931100
2023-05-02,83.500000,84.050003,82.550003,82.959999,79.587669,6875000
2023-05-03,82.620003,83.760002,82.440002,82.699997,79.338249,7151600
2023-05-04,83.000000,83.760002,82.639999,83.489998,80.096130,7290600
2023-05-05,84.300003,85.570000,83.750000,84.970001,81.515968,6865000
2023-05-08,84.500000,85.540001,84.410004,85.540001,82.062805,6746600
2023-05-09,85.250000,85.480003,84.300003,85.059998,81.602318,7287800
2023-05-10,84.510002,85.150002,84.169998,84.900002,81.448814,7442300
2023-05-11,84.139999,84.139999,82.529999,83.430000,80.038567,8730900
2023-05-12,83.379997,83.930000,82.949997,83.430000,80.038567,5069800
2023-05-15,83.330002,85.669998,83.230003,85.660004,82.177917,8707300
2023-05-16,85.690002,86.750000,85.589996,85.879997,82.388969,11283200
2023-05-17,88.300003,91.800003,88.059998,90.879997,87.185715,23215600
2023-05-18,91.250000,93.400002,91.070000,92.650002,88.883781,14879000
2023-05-19,92.129997,92.790001,91.559998,92.580002,88.816612,9295200
2023-05-22,92.070000,92.440002,91.199997,91.720001,87.991585,9259800
2023-05-23,91.000000,91.339996,90.330002,90.440002,86.763618,7656700
2023-05-24,89.279999,90.150002,89.180000,90.129997,86.466217,9443900
2023-05-25,97.059998,102.370003,96.980003,100.949997,96.846382,60793200
2023-05-26,100.849998,104.440002,100.730003,103.209999,99.014519,26135800
2023-05-30,103.790001,105.239998,101.529999,101.980003,97.834518,25248000
2023-05-31,99.730003,99.980003,98.059998,98.589996,94.582314,22206700
2023-06-01,98.680000,100.589996,98.599998,98.839996,94.822159,14998500
2023-06-02,101.250000,101.300003,98.620003,98.940002,94.918091,13085100
2023-06-05,98.010002,98.809998,94.250000,98.050003,94.064262,10568500
2023-06-06,97.610001,100.599998,97.419998,99.820000,95.762306,13827600
2023-06-07,101.379997,103.019997,99.540001,100.290001,96.213219,14367500
2023-06-08,98.989998,100.699997,98.629997,99.940002,95.877449,9074200
2023-06-09,102.699997,104.680000,102.250000,102.800003,98.621201,14902400
2023-06-12,104.339996,107.389999,104.309998,107.059998,102.708008,20568100
2023-06-13,110.000000,110.690002,106.739998,106.800003,102.458603,17858600
2023-06-14,106.029999,107.699997,105.220001,107.410004,103.043793,12862600
2023-06-15,106.269997,106.660004,105.070000,105.180000,101.327057,11987900
2023-06-16,105.430000,105.750000,104.349998,104.570000,100.739403,11430800
2023-06-20,104.180000,104.879997,103.070000,103.980003,100.171028,9295500
2023-06-21,103.150002,103.730003,101.620003,101.639999,97.916740,9340400
2023-06-22,101.419998,103.430000,101.330002,103.129997,99.352150,8575900
2023-06-23,101.519997,102.190002,101.010002,101.910004,98.176834,8919000
2023-06-26,102.019997,103.040001,100.089996,100.110001,96.442780,8560000
2023-06-27,101.150002,102.790001,100.019997,102.080002,98.340622,9732000
2023-06-28,100.500000,101.879997,100.220001,100.919998,97.223099,8160900
2023-06-29,101.339996,101.519997,100.019997,100.639999,96.953377,7383900
2023-06-30,101.400002,101.889999,100.410004,100.919998,97.223099,11704600
2023-07-03,102.250000,103.680000,102.070000,103.150002,99.371429,5638400
2023-07-05,101.400002,103.089996,100.959999,100.989998,97.290558,9010800
2023-07-06,99.099998,99.559998,98.599998,99.410004,95.768425,9140800
2023-07-07,99.080002,101.940002,99.000000,100.230003,96.558403,8036600
2023-07-10,100.250000,100.750000,99.400002,99.769997,96.115227,8041600
2023-07-11,102.330002,102.330002,100.139999,101.260002,97.550659,7677800
2023-07-12,102.830002,104.430000,102.760002,103.900002,100.093971,10202000
2023-07-13,105.000000,105.650002,102.519997,105.570000,101.702774,9265900
2023-07-14,106.000000,107.300003,104.860001,105.139999,101.288544,9518300
2023-07-17,104.680000,105.029999,102.589996,104.790001,100.951347,10722600
2023-07-18,103.690002,103.730003,102.010002,103.150002,99.371429,10343600
2023-07-19,103.900002,104.790001,102.570000,103.059998,99.284714,11204800
2023-07-20,98.550003,100.449997,97.050003,97.860001,94.275215,22810200
2023-07-21,97.879997,97.989998,96.330002,97.250000,93.687546,15381200
2023-07-24,97.269997,98.269997,96.779999,98.250000,94.650917,9054900
2023-07-25,99.519997,100.889999,99.110001,100.320000,96.645096,9202200
2023-07-26,99.489998,100.129997,98.570000,99.410004,95.768425,8993500
2023-07-27,101.500000,101.760002,98.910004,99.349998,95.710617,8049800
2023-07-28,100.110001,100.989998,99.779999,100.860001,97.165298,6758700
2023-07-31,99.180000,99.779999,98.419998,99.150002,95.517952,8647900
2023-08-01,99.139999,99.190002,98.089996,98.400002,94.795441,6428500
2023-08-02,97.500000,97.500000,95.209999,95.699997,92.194336,9820900
2023-08-03,94.839996,95.809998,94.580002,94.980003,91.500710,8571700
2023-08-04,95.279999,97.580002,95.129997,96.160004,92.637497,7562600
2023-08-07,96.730003,96.940002,95.230003,96.349998,92.820518,6601400
2023-08-08,94.879997,94.900002,93.669998,94.489998,91.028648,7659000
2023-08-09,95.830002,95.849998,93.709999,93.980003,90.537346,6426900
2023-08-10,95.449997,95.970001,94.279999,94.800003,91.327309,7459600
2023-08-11,93.500000,93.500000,91.970001,91.989998,88.620232,10658400
2023-08-14,91.690002,93.290001,91.300003,93.070000,89.660667,7489700
2023-08-15,92.519997,92.709999,91.489998,91.680000,88.321587,6069500
2023-08-16,91.440002,92.720001,91.320000,91.779999,88.417938,7439500
2023-08-17,92.919998,92.919998,91.349998,91.639999,88.283066,7712500
2023-08-18,90.070000,91.330002,89.559998,91.099998,87.762833,9066200
2023-08-21,90.500000,92.910004,90.500000,92.559998,89.169365,8618300
2023-08-22,93.349998,93.489998,91.809998,92.239998,88.861076,7059000
2023-08-23,93.790001,95.099998,93.239998,94.220001,90.768555,10362600
2023-08-24,96.529999,96.779999,92.470001,92.529999,89.140465,12254400
2023-08-25,92.250000,93.410004,91.410004,93.099998,89.689568,10356000
2023-08-28,93.820000,94.150002,93.250000,94.000000,90.556618,5174800
2023-08-29,93.769997,95.620003,93.510002,95.080002,91.597038,8910300
2023-08-30,95.449997,95.919998,94.629997,94.779999,91.308037,6073400
2023-08-31,93.339996,94.400002,93.269997,93.570000,90.142349,8661200
2023-09-01,94.300003,94.580002,93.089996,93.190002,89.776276,7094600
2023-09-05,93.400002,95.050003,92.870003,94.599998,91.134628,6396500
2023-09-06,93.849998,93.959999,91.589996,92.260002,88.880356,7933700
2023-09-07,90.070000,90.290001,88.430000,90.050003,86.751297,14684400
2023-09-08,90.750000,91.070000,89.320000,89.639999,86.356316,5820800
2023-09-11,90.099998,90.389999,89.160004,89.599998,86.317795,7268600
2023-09-12,90.459999,91.570000,90.419998,90.480003,87.165558,8242600
2023-09-13,90.599998,91.889999,90.480003,91.220001,87.878448,5757800
2023-09-14,92.779999,92.930000,91.269997,91.470001,88.576637,6506300
2023-09-15,90.510002,91.139999,88.860001,89.250000,86.426857,19940500
2023-09-18,88.540001,89.669998,88.430000,88.830002,86.020142,6647400
2023-09-19,88.449997,88.839996,87.790001,88.169998,85.381004,7172100
2023-09-20,88.519997,89.320000,87.290001,87.290001,84.528862,6935300
2023-09-21,86.040001,86.139999,85.349998,85.360001,82.659904,10652500
2023-09-22,86.250000,86.769997,85.449997,85.639999,82.931053,7967200
2023-09-25,85.389999,86.239998,85.019997,86.239998,83.512070,8758000
2023-09-26,84.949997,85.230003,84.019997,84.290001,81.623741,8877600
2023-09-27,85.169998,85.559998,84.099998,85.440002,82.737373,7860700
2023-09-28,85.250000,87.129997,84.980003,86.410004,83.676697,6647700
2023-09-29,87.750000,88.029999,86.699997,86.900002,84.151199,7338300
2023-10-02,87.180000,88.419998,87.019997,87.650002,84.877464,6305000
2023-10-03,87.000000,87.320000,85.059998,85.410004,82.708321,8201700
2023-10-04,85.470001,86.760002,85.379997,86.669998,83.928467,7658500
2023-10-05,86.830002,87.940002,86.529999,87.029999,84.277084,6651700
2023-10-06,88.089996,90.019997,87.379997,89.290001,86.465591,9777100
2023-10-09,88.800003,89.339996,88.040001,88.989998,86.175079,4781300
2023-10-10,89.269997,90.660004,89.139999,90.610001,87.743835,7182900
2023-10-11,91.260002,92.010002,90.629997,92.000000,89.089859,8051700
2023-10-12,92.510002,93.440002,91.839996,92.419998,89.496582,8897800
2023-10-13,92.750000,92.940002,90.199997,90.459999,87.598579,7985100
2023-10-16,90.480003,91.900002,90.430000,91.220001,88.334549,8791800
2023-10-17,89.809998,91.699997,88.519997,91.000000,88.121506,7997100
2023-10-18,88.879997,90.010002,88.580002,89.599998,86.765785,9982700
2023-10-19,93.089996,94.760002,92.360001,92.910004,89.971085,22751600
2023-10-20,92.000000,94.320000,91.089996,91.309998,88.421692,12197300
2023-10-23,89.980003,92.260002,89.160004,91.110001,88.228020,8227900
2023-10-24,91.199997,92.000000,90.860001,91.639999,88.741257,7374800
2023-10-25,90.800003,90.849998,86.680000,87.639999,84.867790,13027100
2023-10-26,87.120003,88.139999,86.540001,87.449997,84.683807,9377300
2023-10-27,87.540001,87.779999,85.889999,85.989998,83.269974,12480700
2023-10-30,87.309998,88.300003,86.000000,86.059998,83.337761,9785500
2023-10-31,86.150002,86.430000,84.949997,86.309998,83.579857,9004900
2023-11-01,86.470001,87.870003,86.339996,87.800003,85.022728,9508800
2023-11-02,90.400002,91.050003,89.470001,90.480003,87.617943,11032600
2023-11-03,91.650002,92.449997,90.839996,91.790001,88.886513,9226700
2023-11-06,92.000000,92.610001,91.290001,92.599998,89.670883,8402700
2023-11-07,92.250000,93.050003,91.750000,92.410004,89.486900,6241300
2023-11-08,93.330002,93.440002,91.930000,92.000000,89.089859,6537700
2023-11-09,92.629997,93.370003,91.599998,91.620003,88.721893,8166000
2023-11-10,94.040001,97.750000,93.610001,97.440002,94.357796,19281700
2023-11-13,97.010002,97.180000,95.720001,96.419998,93.370049,9526300
2023-11-14,98.000000,99.690002,97.949997,98.910004,95.781296,13873200
2023-11-15,99.949997,100.699997,98.419998,98.800003,95.674782,10422900
2023-11-16,98.239998,99.099998,97.910004,98.540001,95.422997,8459000
2023-11-17,98.940002,99.720001,98.320000,99.580002,96.430107,7243000
2023-11-20,99.900002,100.589996,99.540001,99.959999,96.798073,6448900
2023-11-21,100.000000,100.150002,98.239998,98.410004,95.297119,10112600
2023-11-22,98.720001,99.650002,97.949997,98.650002,95.529518,7413500
2023-11-24,98.480003,98.730003,97.470001,97.830002,94.735458,4297600
2023-11-27,97.419998,97.550003,96.419998,97.209999,94.135063,6856100
2023-11-28,97.870003,98.250000,97.239998,97.980003,94.880722,6358100
2023-11-29,99.000000,99.730003,98.599998,98.879997,95.752235,7091100
2023-11-30,98.930000,98.980003,96.900002,97.309998,94.231903,9681400
2023-12-01,97.699997,98.779999,97.019997,98.550003,95.432678,7500400
2023-12-04,97.050003,97.199997,95.250000,97.010002,93.941391,10619400
2023-12-05,96.459999,97.019997,95.879997,96.690002,93.631516,8009600
2023-12-06,97.800003,98.570000,97.449997,97.849998,94.754822,11262300
2023-12-07,97.959999,99.639999,97.889999,99.290001,96.149269,11373700
2023-12-08,99.120003,100.370003,98.949997,100.349998,97.175743,10572500
2023-12-11,99.570000,101.209999,99.370003,100.949997,97.756767,9482800
2023-12-12,100.150002,101.650002,99.949997,101.599998,98.386192,7378600
2023-12-13,101.400002,102.680000,100.910004,102.120003,98.889755,8988800
2023-12-14,103.349998,103.809998,102.800003,103.449997,100.649780,10074500
2023-12-15,103.500000,104.760002,102.389999,102.540001,99.764427,16379200
2023-12-18,102.839996,103.309998,102.080002,102.930000,100.143867,5660600
2023-12-19,103.239998,103.980003,103.089996,103.870003,101.058426,8498500
2023-12-20,102.699997,103.089996,99.940002,100.040001,97.332092,10814100
2023-12-21,101.300003,102.720001,101.160004,102.550003,99.774162,9068200
2023-12-22,102.930000,103.589996,102.709999,103.150002,100.357910,5566400
2023-12-26,103.610001,104.959999,103.570000,104.449997,101.622711,6407500
2023-12-27,105.050003,105.370003,104.080002,104.650002,101.817314,5889700
2023-12-28,105.000000,105.519997,104.699997,104.699997,101.865952,5335100
2023-12-29,104.720001,104.970001,103.669998,104.000000,101.184906,4409600
2024-01-02,102.250000,102.620003,100.589996,101.529999,98.781761,9020900
2024-01-03,100.339996,101.250000,99.660004,100.169998,97.458572,6650600
2024-01-04,99.529999,100.440002,99.120003,99.129997,96.446724,7996700
2024-01-05,99.000000,100.639999,98.800003,99.610001,96.913727,7347300
2024-01-08,100.629997,102.790001,100.500000,102.239998,99.472542,12455600
2024-01-09,101.050003,101.970001,100.209999,101.889999,99.132011,7764000
2024-01-10,102.519997,102.779999,99.980003,100.800003,98.071526,6975700
2024-01-11,101.699997,102.160004,99.989998,101.220001,98.480148,7862700
2024-01-12,100.889999,102.379997,100.870003,101.239998,98.499619,6519700
2024-01-16,100.529999,102.349998,100.199997,101.669998,98.917969,11185500
2024-01-17,100.870003,103.330002,100.000000,102.949997,100.163322,17649500
2024-01-18,111.199997,113.389999,109.480003,113.029999,109.970474,58783700
2024-01-19,113.220001,115.150002,111.019997,114.199997,111.108810,37812600
2024-01-22,114.779999,115.099998,112.519997,113.029999,109.970474,17755500
2024-01-23,113.519997,114.620003,113.160004,114.129997,111.040695,11667900
2024-01-24,115.330002,118.849998,114.610001,116.519997,113.366005,21859200
2024-01-25,118.019997,118.839996,116.480003,116.559998,113.404930,15485300
2024-01-26,116.900002,118.040001,116.300003,117.260002,114.085983,10196400
2024-01-29,117.169998,117.870003,115.760002,116.980003,113.813560,10042200
2024-01-30,116.360001,118.010002,115.559998,116.059998,112.918457,11030800
2024-01-31,113.500000,114.739998,112.879997,112.959999,109.902382,12853900
2024-02-01,113.800003,114.029999,112.610001,113.389999,110.320732,8807600
2024-02-02,114.860001,115.959999,113.919998,115.750000,112.616852,10044000
2024-02-05,117.129997,119.540001,116.580002,118.790001,115.574562,13267600
2024-02-06,120.120003,120.989998,118.279999,119.379997,116.148590,11503800
2024-02-07,120.010002,125.000000,120.000000,124.980003,121.597008,18172500
2024-02-08,127.000000,134.750000,126.110001,133.729996,130.110184,33367000
2024-02-09,134.500000,135.169998,130.589996,133.110001,129.506958,16984200
2024-02-12,133.270004,133.509995,130.259995,130.460007,126.928680,14203800
2024-02-13,127.930000,129.919998,126.480003,127.550003,124.097443,14494000
2024-02-14,129.630005,130.789993,127.959999,129.270004,125.770897,13069700
2024-02-15,130.800003,131.130005,128.350006,129.029999,125.537392,12554000
2024-02-16,127.129997,128.639999,125.809998,126.690002,123.260727,13104400
2024-02-20,126.889999,127.059998,124.150002,125.330002,121.937538,12038800
2024-02-21,124.430000,125.379997,122.910004,125.339996,121.947266,11469700
2024-02-22,129.690002,131.479996,129.000000,129.070007,125.576309,17014100
2024-02-23,130.500000,131.009995,127.730003,129.529999,126.023849,10123300
2024-02-26,130.020004,131.229996,128.559998,130.639999,127.103813,9526700
2024-02-27,130.770004,131.970001,128.589996,128.589996,125.109299,8851800
2024-02-28,128.500000,128.580002,126.650002,127.379997,123.932053,6519100
2024-02-29,128.029999,129.190002,127.150002,128.669998,125.187126,9369900
2024-03-01,130.130005,136.649994,130.100006,133.899994,130.275558,24393000
2024-03-04,139.940002,141.990005,137.679993,138.259995,134.517517,26544600
2024-03-05,137.119995,137.429993,133.729996,134.970001,131.316589,13694700
2024-03-06,138.800003,144.000000,138.610001,141.570007,137.737961,22292700
2024-03-07,144.899994,151.600006,144.149994,149.199997,145.161407,34675700
2024-03-08,153.899994,158.399994,144.929993,146.369995,142.408035,43856900
2024-03-11,143.619995,144.399994,138.929993,139.020004,135.257004,29227100
2024-03-12,144.520004,146.699997,140.570007,144.399994,140.491348,21218500
2024-03-13,143.050003,143.229996,141.369995,142.139999,138.292526,12923100
2024-03-14,142.610001,143.100006,139.020004,139.619995,135.840744,14961900
2024-03-15,135.440002,137.699997,134.630005,136.979996,133.272202,22751200
2024-03-18,140.179993,141.539993,136.610001,136.639999,133.481232,14732900
2024-03-19,135.300003,136.270004,133.029999,134.869995,131.752167,17341100
2024-03-20,136.529999,137.309998,135.009995,136.750000,133.588715,12750200
2024-03-21,142.550003,142.600006,139.039993,139.449997,136.226288,17809400
2024-03-22,139.399994,141.339996,139.110001,140.539993,137.291077,9944100
2024-03-25,140.160004,141.679993,139.259995,140.229996,136.988251,9922200
2024-03-26,140.610001,140.960007,138.639999,138.839996,135.630386,10786400
2024-03-27,138.860001,139.279999,135.149994,136.690002,133.530090,13842800
2024-03-28,135.679993,136.800003,135.440002,136.050003,132.904892,10019400
2024-04-01,137.289993,142.960007,137.050003,141.490005,138.219131,14222700
2024-04-02,140.380005,141.039993,139.350006,140.220001,136.978485,9869200
2024-04-03,138.580002,142.929993,138.389999,142.000000,138.717346,9707500
2024-04-04,144.000000,146.750000,139.429993,139.660004,136.431458,15759500
2024-04-05,140.000000,142.000000,138.919998,141.360001,138.092133,8263600
2024-04-08,145.240005,146.000000,142.759995,142.789993,139.489075,16307400
2024-04-09,146.259995,148.169998,142.949997,145.399994,142.038742,18443400
2024-04-10,146.630005,148.429993,145.259995,146.220001,142.839783,18861300
2024-04-11,147.199997,147.559998,144.130005,147.199997,143.797134,11818800
2024-04-12,145.000000,146.509995,142.149994,142.520004,139.225327,12024000
2024-04-15,145.020004,145.479996,139.880005,140.139999,136.900330,13458800
2024-04-16,137.889999,140.539993,137.059998,139.800003,136.568222,14218200
2024-04-17,141.130005,142.570007,137.360001,139.029999,135.816010,18823200
2024-04-18,132.889999,135.130005,130.300003,132.270004,129.212280,39306100
2024-04-19,129.369995,131.550003,126.639999,127.699997,124.747917,28284000
2024-04-22,126.750000,130.660004,125.779999,129.750000,126.750519,18556800
2024-04-23,131.360001,133.710007,130.660004,133.429993,130.345444,12573800
2024-04-24,136.089996,136.289993,131.539993,132.970001,129.896088,15558000
2024-04-25,130.000000,137.839996,128.860001,136.580002,133.422653,18034300
2024-04-26,136.809998,138.740005,135.949997,138.300003,135.102875,9453400
2024-04-29,138.000000,138.649994,135.910004,138.500000,135.298248,9997100
2024-04-30,137.940002,139.699997,137.259995,137.339996,134.165070,10980600
2024-05-01,137.419998,139.429993,133.210007,134.940002,131.820557,12561800
2024-05-02,135.600006,136.740005,133.220001,136.229996,133.080719,9261900
2024-05-03,138.899994,142.110001,138.759995,141.559998,138.287506,13264300
2024-05-06,140.470001,142.830002,139.809998,142.830002,139.528168,8601600
2024-05-07,141.869995,142.289993,140.509995,141.110001,137.847900,8682900
2024-05-08,141.110001,144.259995,140.800003,143.600006,140.280365,10202300
2024-05-09,142.940002,143.350006,141.130005,142.789993,139.489075,8012700
2024-05-10,147.220001,150.500000,146.929993,149.259995,145.809525,23671400
2024-05-13,148.020004,148.440002,146.300003,146.410004,143.025421,8278700
2024-05-14,146.490005,152.009995,146.250000,151.949997,148.437332,12316500
2024-05-15,153.360001,156.000000,152.729996,155.580002,151.983429,14027100
2024-05-16,154.100006,155.059998,152.210007,152.229996,148.710831,13394100
2024-05-17,154.000000,154.000000,150.839996,151.679993,148.173553,7711200
2024-05-20,151.669998,154.240005,150.820007,153.550003,150.000351,9261200
2024-05-21,152.300003,153.990005,151.949997,153.669998,150.117538,7919400
2024-05-22,155.880005,157.229996,154.539993,156.149994,152.540222,13455200
2024-05-23,159.179993,160.779999,155.869995,157.089996,153.458496,20873000
2024-05-24,157.199997,160.660004,156.710007,160.000000,156.301239,11908200
2024-05-28,159.679993,160.380005,157.600006,159.410004,155.724869,13964400
2024-05-29,156.750000,156.880005,153.210007,154.339996,150.772064,15780000
2024-05-30,153.589996,154.050003,151.889999,152.960007,149.423981,9687800
2024-05-31,151.479996,152.500000,147.809998,151.039993,147.548355,13782600
2024-06-03,155.119995,157.149994,152.460007,154.949997,151.367996,12924400
2024-06-04,153.399994,153.789993,150.990005,152.470001,148.945313,10066700
2024-06-05,158.589996,163.729996,157.949997,162.919998,159.153717,23192600
2024-06-06,164.520004,164.699997,160.360001,162.070007,158.323380,14819100
2024-06-07,163.570007,166.119995,161.960007,164.389999,160.589737,14023300
2024-06-10,164.000000,169.839996,162.419998,168.160004,164.272583,12418900
2024-06-11,168.179993,168.410004,163.789993,165.710007,161.879242,11508600
2024-06-12,173.360001,176.059998,171.539993,172.979996,168.981140,20309500
2024-06-13,172.949997,174.070007,170.509995,172.910004,169.445679,15591800
2024-06-14,172.000000,173.639999,170.360001,172.509995,169.053680,9192500
2024-06-17,177.839996,178.669998,173.479996,177.240005,173.688904,18593700
2024-06-18,180.020004,184.860001,178.990005,179.690002,176.089844,27155100
2024-06-20,182.580002,183.169998,173.500000,175.380005,171.866180,28403200
2024-06-21,172.710007,177.479996,172.210007,173.960007,170.474640,20175600
2024-06-24,170.429993,171.419998,167.119995,167.809998,164.447845,19741700
2024-06-25,169.949997,172.639999,169.009995,172.600006,169.141891,13346800
2024-06-26,172.119995,173.690002,170.199997,172.070007,168.622528,11901500
2024-06-27,173.789993,175.479996,171.149994,171.630005,168.191299,10864600
2024-06-28,172.809998,176.820007,172.809998,173.809998,170.327652,11216100
2024-07-01,174.240005,175.300003,170.449997,172.330002,168.877274,10717000
2024-07-02,171.130005,176.710007,171.029999,175.699997,172.179779,10655500
2024-07-03,177.990005,182.490005,177.880005,182.490005,178.833740,11808700
2024-07-05,184.139999,185.080002,182.300003,183.990005,180.303665,11372900
2024-07-08,190.000000,192.800003,185.130005,186.630005,182.890793,22582400
2024-07-09,188.089996,188.440002,182.500000,184.520004,180.823059,19935200
2024-07-10,188.279999,191.419998,186.699997,191.050003,187.222214,19293500
2024-07-11,193.089996,193.470001,183.009995,184.500000,180.803467,21584200
2024-07-12,183.070007,190.380005,182.750000,187.350006,183.596359,19220300
2024-07-15,188.679993,190.059998,184.080002,185.220001,181.509033,15683100
2024-07-16,188.270004,189.589996,185.020004,186.039993,182.312576,16663300
2024-07-17,175.220001,176.580002,170.509995,171.199997,167.769928,45052600
2024-07-18,175.500000,178.690002,164.509995,171.869995,168.426498,52903600
2024-07-19,169.169998,170.520004,165.220001,165.770004,162.448746,22585300
2024-07-22,166.610001,170.880005,166.179993,169.350006,165.957016,21037200
2024-07-23,169.419998,171.539993,167.970001,169.820007,166.417587,11690700
2024-07-24,165.089996,165.449997,159.589996,159.800003,156.598343,19536600
2024-07-25,158.160004,163.399994,152.110001,160.279999,157.068710,25731800
2024-07-26,164.300003,164.589996,159.190002,161.940002,158.695450,13089200
2024-07-29,162.679993,163.229996,158.630005,160.009995,156.804123,12663100
2024-07-30,160.440002,161.149994,152.550003,154.539993,151.443695,22018000
2024-07-31,163.770004,166.649994,162.070007,165.800003,162.478119,19860400
2024-08-01,163.479996,167.669998,156.839996,158.179993,155.010803,21095600
2024-08-02,151.250000,153.860001,146.889999,149.860001,146.857498,31095300
2024-08-05,133.860001,150.000000,133.570007,147.949997,144.985733,31193100
2024-08-06,150.440002,157.710007,147.720001,155.389999,152.276688,24528100
2024-08-07,161.550003,162.649994,154.520004,155.039993,151.933701,22379000
2024-08-08,159.270004,164.750000,155.539993,164.550003,161.253174,18889600
2024-08-09,166.320007,167.800003,163.240005,167.119995,163.771652,20519400
2024-08-12,166.000000,169.529999,165.539993,167.630005,164.271439,14727300
2024-08-13,168.000000,172.449997,166.339996,172.339996,168.887085,15243500
2024-08-14,171.880005,172.509995,167.190002,169.970001,166.564590,11510300
2024-08-15,172.429993,175.440002,170.820007,173.960007,170.474640,15393500
2024-08-16,173.389999,175.000000,172.250000,174.539993,171.042999,10710000
2024-08-19,174.759995,175.449997,171.100006,175.449997,171.934799,11511000
2024-08-20,175.399994,175.399994,169.850006,172.039993,168.593094,13555500
2024-08-21,170.360001,173.080002,169.910004,171.440002,168.005112,9434800
2024-08-22,172.000000,173.279999,166.059998,166.440002,163.105316,13546100
2024-08-23,169.000000,173.289993,167.919998,171.279999,167.848328,12189100
2024-08-26,170.380005,171.050003,167.820007,169.070007,165.682602,9611300
2024-08-27,166.419998,170.580002,165.039993,170.550003,167.132950,9186000
2024-08-28,171.320007,172.470001,166.199997,169.199997,165.809998,10581400
2024-08-29,168.649994,175.419998,167.509995,169.149994,165.761002,13213200
2024-08-30,170.059998,172.229996,168.750000,171.699997,168.259918,9481400
2024-09-03,168.000000,168.679993,159.800003,160.490005,157.274521,18464400
2024-09-04,159.300003,163.880005,158.949997,160.869995,157.646912,11317400
2024-09-05,161.539993,164.589996,161.050003,163.699997,160.420181,10260600
2024-09-06,164.889999,165.410004,156.009995,156.820007,153.678055,14964400
2024-09-09,160.759995,163.100006,160.250000,162.779999,159.518616,10339000
2024-09-10,162.889999,162.889999,157.690002,162.429993,159.175644,11910800
2024-09-11,163.800003,170.380005,161.419998,170.229996,166.819351,15059500
2024-09-12,170.600006,172.149994,169.000000,171.429993,168.615387,13399900
2024-09-13,172.240005,174.770004,171.449997,172.500000,169.667801,8787800
2024-09-16,169.910004,170.559998,166.770004,169.080002,166.303955,12194300
2024-09-17,169.350006,170.240005,166.360001,167.350006,164.602371,8629100
2024-09-18,168.460007,171.600006,167.000000,167.279999,164.533524,9116000
2024-09-19,174.380005,177.779999,172.630005,176.220001,173.326752,15855000
2024-09-20,174.869995,176.020004,173.649994,174.080002,171.221863,18429800
2024-09-23,174.839996,175.399994,173.699997,174.759995,171.890701,5794200
2024-09-24,179.500000,182.779999,177.050003,181.970001,178.982330,14576100
2024-09-25,181.520004,183.820007,181.210007,182.350006,179.356094,8280900
2024-09-26,188.500000,189.330002,183.800003,186.830002,183.762543,15103400
2024-09-27,185.839996,185.940002,177.399994,177.970001,175.048004,17908400
2024-09-30,174.270004,176.820007,171.929993,173.669998,170.818619,13540200
2024-10-01,175.309998,175.990005,170.779999,172.070007,169.244904,11850200
2024-10-02,172.960007,176.970001,170.789993,175.800003,172.913635,11164400
2024-10-03,175.800003,180.789993,175.119995,179.479996,176.533203,12555000
2024-10-04,179.699997,181.229996,177.550003,181.160004,178.185623,9993800
2024-10-07,181.600006,185.000000,180.929993,184.509995,181.480637,12054200
2024-10-08,184.960007,186.539993,182.029999,186.050003,182.995346,10394200
2024-10-09,187.800003,188.000000,182.259995,187.139999,184.067459,11925000
2024-10-10,185.860001,187.080002,184.399994,185.779999,182.729782,6443800
2024-10-11,188.169998,191.490005,188.009995,190.809998,187.677200,12163900
2024-10-14,190.610001,194.250000,190.500000,192.210007,189.054214,11714400
2024-10-15,192.960007,193.619995,184.250000,187.130005,184.057617,21812700
2024-10-16,189.779999,190.009995,186.660004,187.479996,184.401855,18689200
2024-10-17,203.350006,212.600006,201.970001,205.839996,202.460403,62274700
2024-10-18,205.949997,205.949997,200.759995,200.779999,197.483490,21030800
2024-10-21,200.809998,203.440002,199.660004,201.949997,198.634293,14820000
2024-10-22,199.070007,200.169998,197.110001,198.479996,195.221252,11165100
2024-10-23,196.679993,203.130005,196.229996,200.860001,197.562195,16535700
2024-10-24,198.960007,200.500000,197.410004,197.929993,194.680283,9935800
2024-10-25,200.250000,205.199997,200.000000,203.440002,200.099838,13434900
2024-10-28,199.259995,199.740005,194.520004,194.679993,191.483643,20135300
2024-10-29,194.389999,198.789993,193.600006,196.940002,193.706558,13779100
2024-10-30,194.380005,195.449997,192.610001,194.479996,191.286942,10007800
2024-10-31,192.860001,192.860001,187.660004,190.539993,187.411606,13062700
2024-11-01,194.199997,198.169998,192.550003,192.949997,189.782043,12691200
2024-11-04,193.699997,194.360001,190.600006,191.559998,188.414871,10917300
2024-11-05,193.580002,198.339996,193.490005,195.759995,192.545914,10339200
2024-11-06,192.039993,194.259995,188.500000,193.220001,190.047623,19834900
2024-11-07,196.309998,202.009995,196.250000,201.190002,197.886765,14865200
2024-11-08,203.889999,206.610001,200.020004,201.199997,197.896606,13112100
2024-11-11,197.960007,198.199997,191.490005,194.050003,190.863998,16610000
2024-11-12,193.830002,194.000000,189.720001,191.770004,188.621429,11819000
2024-11-13,192.440002,192.479996,186.500000,186.660004,183.595352,13882200
2024-11-14,188.399994,192.660004,187.539993,188.500000,185.405106,11453900
2024-11-15,188.179993,188.800003,184.809998,186.009995,182.955994,9834800
2024-11-18,184.350006,188.000000,183.490005,187.479996,184.401855,10681500
2024-11-19,189.130005,190.020004,188.020004,189.669998,186.555908,9390100
2024-11-20,188.850006,188.850006,184.059998,188.360001,185.267410,10624500
2024-11-21,189.410004,192.300003,186.740005,191.240005,188.100128,18137300
2024-11-22,192.949997,193.000000,189.429993,190.080002,186.959183,8838900
2024-11-25,188.089996,188.250000,183.710007,185.080002,182.041260,14380000
2024-11-26,185.399994,185.899994,182.330002,183.839996,180.821625,10186600
2024-11-27,182.000000,182.449997,178.050003,181.190002,178.215149,9895200
2024-11-29,181.509995,186.949997,181.179993,184.660004,181.628174,8045300
2024-12-02,189.339996,195.289993,188.940002,194.399994,191.208252,16646900
2024-12-03,193.500000,199.000000,192.600006,198.889999,195.624527,11217700
2024-12-04,199.850006,202.600006,198.270004,200.690002,197.394974,12761100
2024-12-05,201.250000,205.630005,200.750000,204.300003,200.945694,12483700
2024-12-06,202.000000,203.190002,199.929993,203.020004,199.686722,9672900
2024-12-09,200.929993,203.130005,198.979996,199.169998,195.899918,9699700
2024-12-10,199.100006,199.910004,190.369995,191.940002,188.788635,15307900
2024-12-11,194.669998,196.000000,193.259995,194.600006,191.404968,9027600
2024-12-12,194.630005,195.419998,191.289993,191.460007,188.914536,7944900
2024-12-13,198.509995,202.539993,197.270004,200.990005,198.317825,19477000
2024-12-16,203.199997,205.500000,200.869995,202.220001,199.531464,15139300
2024-12-17,201.000000,202.399994,197.470001,200.660004,197.992203,11169400
2024-12-18,203.000000,205.240005,193.960007,195.559998,192.960007,14721100
2024-12-19,198.399994,198.570007,193.949997,194.639999,192.052246,10553400
2024-12-20,192.600006,198.080002,191.979996,197.210007,194.588089,16170100
2024-12-23,201.000000,208.050003,200.910004,207.360001,204.603134,17847000
2024-12-24,205.919998,207.199997,204.550003,206.330002,203.586838,7634500
2024-12-26,205.500000,208.160004,202.889999,203.059998,200.360291,8044900
2024-12-27,204.500000,204.500000,199.050003,201.630005,198.949326,10664400
2024-12-30,199.839996,201.970001,198.479996,200.389999,197.725815,11235200
2024-12-31,200.789993,201.779999,197.360001,197.490005,194.864365,6427900
2025-01-02,197.000000,203.770004,196.690002,201.580002,198.899979,10951400
2025-01-03,204.100006,208.800003,203.699997,208.610001,205.836517,10261900
2025-01-06,218.770004,222.199997,215.690002,220.009995,217.084946,24339900
2025-01-07,221.240005,221.479996,211.320007,211.419998,208.609146,17010000
2025-01-08,209.970001,210.300003,205.919998,207.119995,204.366333,13262700
2025-01-10,207.600006,209.979996,203.229996,208.369995,205.599701,17265200
2025-01-13,200.520004,203.589996,200.050003,201.360001,198.682892,16612400
2025-01-14,205.190002,206.259995,198.500000,201.449997,198.771713,14182900
2025-01-15,202.490005,209.039993,199.350006,206.800003,204.050583,18286500
2025-01-16,218.889999,221.949997,213.169998,214.789993,211.934341,38539600
2025-01-17,215.169998,215.679993,211.059998,211.500000,208.688095,21606100
2025-01-21,214.460007,220.149994,212.050003,218.699997,215.792358,19061300
2025-01-22,221.949997,225.429993,219.309998,223.199997,220.232529,17294500
2025-01-23,220.100006,224.699997,219.410004,224.619995,221.633667,8986800
2025-01-24,226.220001,226.399994,220.960007,221.880005,218.930084,13183800
2025-01-27,197.039993,207.000000,187.669998,192.309998,189.753220,68667500
2025-01-28,195.649994,202.839996,192.460007,202.399994,199.709061,31738800
2025-01-29,204.490005,206.449997,199.750000,202.330002,199.640015,15199500
2025-01-30,206.570007,209.619995,205.419998,208.149994,205.382614,13539000
2025-01-31,209.929993,215.000000,208.199997,209.320007,206.537064,15746900
2025-02-03,199.630005,204.990005,197.979996,199.800003,197.143646,17719800
2025-02-04,204.070007,205.750000,202.080002,204.050003,201.337128,12692900
2025-02-05,206.000000,210.479996,203.830002,208.570007,205.797058,10997800
2025-02-06,210.059998,211.179993,207.000000,210.500000,207.701370,8491400
2025-02-07,213.009995,213.179993,205.720001,206.119995,203.379623,11616200
2025-02-10,208.000000,209.979996,206.529999,207.949997,205.185287,9296500
2025-02-11,205.130005,209.839996,201.000000,208.740005,205.964783,9224500
2025-02-12,204.899994,207.070007,203.009995,206.380005,203.636154,7373700
2025-02-13,201.880005,202.300003,199.229996,201.830002,199.146652,15580900
2025-02-14,199.979996,206.250000,197.460007,203.899994,201.189133,23220300
2025-02-18,204.759995,205.850006,200.520004,202.740005,200.044540,14988100
2025-02-19,202.009995,202.600006,200.020004,200.949997,198.278336,13163100
2025-02-20,200.279999,200.339996,197.610001,200.100006,197.439651,10639300
2025-02-21,201.330002,202.690002,196.009995,198.240005,195.604370,13757300
2025-02-24,196.880005,198.789993,191.460007,191.649994,189.101990,15114300
2025-02-25,190.649994,193.529999,187.470001,189.369995,186.852310,20581000
2025-02-26,191.089996,196.080002,191.089996,194.619995,192.032516,14112300
2025-02-27,194.690002,194.770004,181.080002,181.089996,178.682404,24219200
2025-02-28,179.309998,182.160004,175.520004,180.529999,178.129852,27929400
2025-03-03,181.149994,181.570007,171.070007,172.970001,170.670349,37403000
2025-03-04,175.059998,183.600006,174.179993,180.000000,177.606903,29395200
2025-03-05,183.000000,184.740005,180.720001,184.279999,181.829987,17334000
2025-03-06,178.580002,181.550003,175.789993,175.850006,173.512070,17864300
2025-03-07,175.789993,178.470001,171.020004,177.100006,174.745468,21012700
2025-03-10,172.470001,174.889999,167.910004,170.649994,168.381195,18265100
2025-03-11,170.649994,173.330002,168.100006,170.970001,168.696945,16561100
2025-03-12,175.600006,178.130005,174.759995,177.169998,174.814499,14737600
2025-03-13,173.889999,173.889999,170.500000,171.589996,169.308685,14381600
2025-03-14,172.649994,174.369995,171.929993,174.089996,171.775452,11449400
2025-03-17,173.949997,177.160004,173.820007,176.240005,173.896866,9678100
2025-03-18,174.380005,174.580002,170.429993,173.130005,171.493820,9986000
2025-03-19,173.000000,175.729996,171.740005,173.759995,172.117844,10678500
2025-03-20,174.850006,178.669998,174.550003,177.470001,175.792801,12209700
2025-03-21,174.910004,177.199997,173.789993,176.729996,175.059784,9993200
2025-03-24,179.990005,182.929993,179.679993,181.160004,179.447922,11440000
2025-03-25,182.470001,182.509995,179.800003,180.899994,179.190369,8718800
2025-03-26,179.229996,179.550003,171.470001,173.500000,171.860321,14612400
2025-03-27,171.389999,171.610001,167.550003,168.240005,166.650040,17559100
2025-03-28,168.039993,168.630005,164.059998,165.250000,163.688263,16332000
2025-03-31,160.360001,166.130005,159.729996,166.000000,164.431183,19408300
2025-04-01,166.389999,168.869995,165.059998,168.639999,167.046249,9180000
2025-04-02,166.850006,171.750000,166.350006,170.389999,168.779694,10072700
2025-04-03,160.059998,161.800003,157.210007,157.380005,155.892654,28370500
2025-04-04,150.889999,151.309998,144.839996,146.800003,145.412659,36085100
2025-04-07,134.509995,153.750000,134.250000,146.169998,144.788589,46388300
2025-04-08,151.979996,152.610001,138.979996,141.369995,140.033966,30479700
2025-04-09,140.199997,160.619995,137.899994,158.750000,157.249695,45612500
2025-04-10,155.500000,156.000000,146.910004,151.130005,149.701736,24503500
2025-04-11,156.000000,158.009995,153.250000,157.080002,155.595505,19632200
2025-04-14,158.300003,158.589996,154.029999,155.839996,154.367218,17509400
2025-04-15,156.490005,158.250000,156.050003,157.330002,155.843124,14306600
2025-04-16,150.600006,153.539993,148.490005,151.669998,150.236633,23806100
2025-04-17,156.050003,157.500000,151.449997,151.740005,150.305954,27239900
2025-04-21,149.990005,150.279999,145.839996,147.860001,146.462631,15170500
2025-04-22,148.000000,152.600006,147.440002,151.399994,149.969162,12668600
2025-04-23,159.369995,160.380005,156.000000,157.809998,156.318588,17667900
2025-04-24,157.779999,164.550003,157.389999,164.179993,162.628372,18761100
2025-04-25,163.929993,165.910004,161.160004,165.100006,163.539703,14654800
2025-04-28,165.000000,165.320007,160.500000,163.399994,161.855759,11415600
2025-04-29,164.380005,166.000000,163.500000,164.479996,162.925552,9830100
2025-04-30,163.539993,166.919998,161.750000,166.690002,165.114655,10073000
2025-05-01,172.800003,174.779999,170.949997,172.720001,171.087677,22670600
2025-05-02,179.800003,180.649994,177.139999,179.279999,177.585693,21691200
2025-05-05,179.000000,180.080002,176.250000,176.399994,174.732910,14618900
2025-05-06,172.600006,174.740005,170.589996,172.279999,170.651840,14565600
2025-05-07,174.100006,175.979996,171.369995,174.539993,172.890472,9682500
2025-05-08,175.339996,177.449997,173.660004,175.220001,173.564056,10343000
2025-05-09,179.800003,180.460007,176.470001,176.520004,174.851776,11582800
2025-05-12,187.279999,189.169998,184.610001,186.979996,185.212906,22064900
2025-05-13,187.720001,194.279999,187.720001,193.990005,192.156662,19996000
2025-05-14,195.279999,196.220001,193.229996,194.759995,192.919403,12359000
2025-05-15,193.100006,194.490005,191.630005,194.220001,192.384506,10241800
2025-05-16,194.529999,195.080002,192.570007,194.220001,192.384506,9146700
2025-05-19,189.000000,193.500000,188.809998,193.500000,191.671310,10144400
2025-05-20,191.800003,193.729996,190.809998,193.449997,191.621780,7054100
2025-05-21,193.100006,195.270004,190.529999,191.759995,189.947739,7375700
2025-05-22,191.339996,196.830002,191.339996,196.190002,194.335876,11825000
2025-05-23,192.020004,192.800003,190.029999,191.979996,190.165649,9403100
2025-05-27,194.100006,198.309998,193.699997,197.679993,195.811783,12228200
2025-05-28,196.089996,198.070007,195.479996,196.139999,194.286346,17787600
2025-05-29,199.460007,199.800003,196.080002,197.149994,195.286789,14609900
2025-05-30,195.770004,195.910004,190.559998,193.320007,191.493011,11998300
2025-06-02,193.039993,195.160004,192.199997,194.839996,192.998627,7447400
2025-06-03,194.350006,198.169998,193.639999,197.610001,195.742462,9548300
2025-06-04,201.380005,204.029999,200.380005,202.399994,200.487167,13531100
2025-06-05,204.880005,205.759995,202.279999,203.339996,201.418304,12214300
2025-06-06,203.580002,206.289993,203.229996,205.179993,203.240906,8532000
2025-06-09,206.399994,209.270004,205.869995,207.000000,205.043716,11472300
2025-06-10,211.610001,213.229996,209.960007,212.460007,210.452118,14514000
2025-06-11,215.000000,217.429993,212.949997,214.100006,212.076614,13326400
2025-06-12,212.919998,215.880005,211.910004,215.429993,214.174301,9796100
2025-06-13,210.110001,213.259995,209.399994,211.100006,209.869553,10152500
2025-06-16,213.000000,217.600006,212.729996,215.679993,214.422852,10932900
2025-06-17,213.889999,215.940002,213.500000,213.899994,212.653229,8389700
2025-06-18,214.699997,215.169998,212.889999,213.500000,212.255569,6932000
2025-06-20,215.199997,215.500000,208.149994,209.509995,208.288818,16992000
2025-06-23,206.630005,210.589996,206.199997,210.320007,209.094101,7535500
2025-06-24,214.389999,220.369995,213.880005,220.089996,218.807144,14814700
2025-06-25,220.800003,223.500000,220.800003,222.740005,221.441727,9168400
2025-06-26,224.979996,225.220001,222.699997,224.009995,222.704285,7982200
2025-06-27,224.300003,228.880005,224.029999,228.570007,227.237732,13133000
2025-06-30,227.440002,228.149994,224.800003,226.490005,225.169861,9279800
2025-07-01,227.429993,228.600006,221.179993,224.679993,223.370392,9990200
2025-07-02,224.479996,233.820007,224.000000,233.600006,232.238403,12012500
2025-07-03,233.869995,237.580002,233.270004,234.800003,233.431427,7779600
2025-07-07,231.630005,232.550003,227.440002,229.169998,227.834229,13817500
2025-07-08,229.779999,230.330002,227.539993,227.860001,226.531860,8854400
2025-07-09,230.449997,233.270004,230.240005,231.839996,230.488663,9475300
2025-07-10,232.779999,233.050003,227.770004,229.759995,228.420792,13124700
2025-07-11,231.000000,232.270004,229.399994,230.399994,229.057053,8817800
2025-07-14,229.330002,229.850006,226.309998,228.669998,227.337143,10673500
2025-07-15,234.460007,237.710007,233.850006,236.949997,235.568878,14270100
2025-07-16,236.399994,238.309998,234.149994,237.559998,236.175323,15092800
2025-07-17,245.789993,248.279999,241.389999,245.600006,244.168472,27395700
2025-07-18,245.309998,245.970001,238.690002,240.399994,238.998779,16252000
2025-07-21,240.119995,242.339996,238.710007,238.850006,237.457809,11971800
2025-07-22,237.830002,238.000000,231.759995,234.600006,233.232590,11919500
2025-07-23,238.520004,240.500000,236.380005,240.330002,238.929184,9885400
2025-07-24,240.210007,241.949997,238.029999,241.600006,240.191788,9081900
2025-07-25,241.320007,246.240005,240.940002,245.600006,244.168472,11593400
2025-07-28,243.000000,243.949997,241.050003,242.750000,241.335083,11892200
2025-07-29,241.500000,243.970001,239.820007,241.330002,239.923340,9411500
2025-07-30,242.119995,244.570007,241.220001,242.910004,241.494156,6823800
2025-07-31,245.979996,247.410004,239.800003,241.619995,240.211655,13490700
2025-08-01,235.619995,237.190002,231.839996,235.210007,233.839020,13549800
2025-08-04,237.910004,239.000000,236.389999,239.000000,237.606934,6450700
2025-08-05,238.330002,238.630005,230.169998,232.470001,231.115005,11868900
2025-08-06,231.029999,232.199997,228.820007,231.369995,230.021408,9457200
2025-08-07,244.470001,247.839996,240.800003,242.619995,241.205826,17691000
2025-08-08,243.160004,243.160004,238.970001,241.830002,240.420441,10552500
2025-08-11,242.039993,245.350006,241.539993,242.089996,240.678909,8272900
2025-08-12,243.720001,244.770004,241.699997,244.289993,242.866089,7295800
2025-08-13,246.429993,246.429993,239.940002,241.440002,240.032715,7971900
2025-08-14,237.970001,241.380005,236.820007,241.000000,239.595276,11040500
2025-08-15,240.330002,240.800003,237.259995,238.880005,237.487640,8155500
2025-08-18,239.990005,242.860001,239.990005,241.410004,240.002884,6919800
2025-08-19,240.020004,240.169998,232.580002,232.699997,231.343643,14594700
2025-08-20,228.139999,229.029999,223.699997,228.600006,227.267563,17165200
2025-08-21,228.149994,230.330002,226.259995,227.330002,226.004959,7449100
2025-08-22,228.000000,234.449997,226.169998,232.990005,231.631973,10299500
2025-08-25,234.300003,237.279999,232.250000,235.589996,234.216797,7655000
2025-08-26,236.369995,238.830002,235.729996,238.720001,237.328568,9793100
2025-08-27,236.869995,239.399994,235.440002,239.289993,237.895233,9516400
2025-08-28,236.300003,240.660004,236.000000,238.270004,236.881180,8466200
2025-08-29,235.839996,235.949997,230.580002,230.869995,229.524307,15526000
2025-09-02,226.149994,229.339996,225.630005,228.389999,227.058777,13974900
2025-09-03,231.520004,232.449997,228.600006,231.389999,230.041290,7198500
2025-09-04,231.350006,235.309998,230.300003,235.210007,233.839020,6241900
2025-09-05,240.240005,244.550003,237.899994,243.410004,241.991226,14056600
2025-09-08,241.990005,247.880005,241.619995,247.190002,245.749191,12986600
2025-09-09,246.929993,254.729996,246.929993,250.919998,249.457443,13443400
2025-09-10,258.869995,264.579987,257.750000,260.440002,258.921967,18822400
2025-09-11,260.350006,261.640015,258.230011,258.910004,257.400879,10005000
2025-09-12,260.850006,260.950012,258.380005,259.329987,257.818420,8496600
2025-09-15,260.000000,262.799988,258.750000,261.380005,259.856476,8147700
2025-09-16,265.920013,266.440002,260.609985,262.059998,261.354431,10381900
2025-09-17,264.339996,264.809998,259.730011,262.790009,262.082489,10422000
2025-09-18,258.000000,270.540009,257.980011,268.640015,267.916748,16917300
2025-09-19,266.369995,266.570007,262.809998,264.869995,264.156860,17640200
2025-09-22,266.540009,276.359985,265.450012,272.630005,271.895996,15630300
2025-09-23,282.399994,286.000000,280.000000,282.709991,281.948853,17830300
2025-09-24,280.309998,281.209991,276.720001,280.709991,279.954224,10231000
2025-09-25,273.119995,277.140015,270.190002,276.660004,275.915131,11863400
2025-09-26,273.890015,275.500000,270.619995,273.359985,272.623993,10451900
2025-09-29,276.489990,279.869995,273.230011,273.230011,272.494385,8046200
2025-09-30,275.320007,279.489990,273.829987,279.290009,278.538055,8348800
2025-10-01,278.440002,290.480011,277.170013,288.470001,287.693329,14620100
2025-10-02,296.519989,296.720001,287.029999,288.109985,287.334290,10198000
2025-10-03,292.859985,296.059998,290.489990,292.190002,291.403320,10572500
2025-10-06,300.010010,307.299988,299.940002,302.399994,301.585815,15785000
2025-10-07,306.619995,307.100006,293.279999,294.029999,293.238373,13081000
2025-10-08,295.000000,306.399994,293.980011,304.519989,303.700104,12821200
2025-10-09,302.309998,302.829987,297.420013,299.880005,299.072632,10259900
2025-10-10,299.959991,300.200012,280.329987,280.660004,279.904358,23398000
2025-10-13,298.239990,304.630005,292.320007,302.890015,302.074524,20318300
2025-10-14,295.630005,301.750000,291.339996,295.940002,295.143219,16567900
2025-10-15,306.290009,306.609985,300.070007,304.709991,303.889618,20788000
2025-10-16,310.929993,311.369995,296.690002,299.839996,299.032715,26341500
2025-10-17,298.399994,303.299988,294.920013,295.079987,294.285522,17633300
2025-10-20,300.000000,303.649994,297.059998,297.700012,296.898499,13391600
2025-10-21,299.000000,299.369995,293.660004,294.510010,293.717102,11190500
2025-10-22,293.000000,295.200012,284.399994,288.880005,288.102234,15409100
2025-10-23,289.799988,294.089996,289.630005,290.730011,289.947266,10379900
2025-10-24,295.570007,297.950012,294.390015,294.959991,294.165863,8747000
2025-10-27,298.649994,300.480011,293.690002,298.250000,297.447021,13615000
2025-10-28,298.320007,302.130005,296.079987,301.529999,300.718170,11804200
2025-10-29,305.799988,307.959991,302.380005,305.089996,304.268585,16177300
2025-10-30,303.079987,307.309998,300.820007,303.220001,302.403625,14507100
2025-10-31,305.989990,307.679993,296.679993,300.429993,299.621124,12667900
2025-11-03,302.589996,310.119995,302.119995,304.859985,304.039185,12466600
2025-11-04,296.880005,301.989990,293.510010,294.049988,293.258301,16224300
2025-11-05,292.619995,298.220001,291.500000,293.640015,292.849426,10502500
2025-11-06,294.100006,294.640015,287.380005,289.239990,288.461243,11516900
2025-11-07,285.209991,287.890015,277.130005,286.500000,285.728638,15715700
2025-11-10,294.359985,297.130005,291.750000,295.269989,294.475006,10869200
2025-11-11,292.059998,294.920013,288.910004,291.170013,290.386078,9666300
2025-11-12,293.700012,294.869995,289.579987,290.619995,289.837555,9715900
2025-11-13,289.170013,289.500000,280.000000,282.200012,281.440247,13827600
2025-11-14,275.910004,286.859985,273.230011,284.820007,284.053162,11486800
2025-11-17,281.440002,286.529999,279.799988,282.010010,281.250732,10227100
2025-11-18,277.549988,280.190002,272.720001,277.910004,277.161774,11850400
2025-11-19,276.920013,284.549988,276.320007,282.369995,281.609772,11179200
2025-11-20,292.209991,292.850006,276.410004,277.500000,276.752869,15747300
2025-11-21,272.809998,278.690002,266.820007,275.059998,274.319427,20872800
2025-11-24,273.190002,285.059998,273.190002,284.640015,283.873657,13570300
2025-11-25,282.730011,285.399994,273.079987,284.679993,283.913544,13726800
2025-11-26,289.100006,292.809998,287.730011,289.959991,289.179321,12220300
2025-11-28,292.480011,292.670013,289.000000,291.510010,290.725159,5515400
2025-12-01,286.920013,291.160004,283.190002,287.679993,286.905457,7713000
2025-12-02,292.000000,294.500000,289.179993,292.089996,291.303589,10746400
2025-12-03,292.179993,296.619995,286.070007,295.450012,294.654572,9599200
2025-12-04,293.980011,294.029999,290.200012,292.929993,292.141327,6753000
2025-12-05,296.049988,300.799988,293.250000,294.720001,293.926514,10275300
2025-12-08,301.200012,302.619995,296.720001,301.869995,301.057251,16643100
2025-12-09,299.989990,304.679993,298.500000,303.410004,302.593109,11349100
2025-12-10,305.369995,313.980011,302.500000,310.140015,309.305023,12429200
2025-12-11,305.320007,305.839996,299.640015,304.850006,304.850006,15028400
2025-12-12,304.279999,304.279999,290.980011,292.040009,292.040009,19306100
2025-12-15,295.149994,295.799988,287.549988,287.739990,287.739990,12082400
2025-12-16,287.260010,288.459991,283.320007,286.869995,286.869995,11418400
2025-12-17,288.529999,289.100006,275.079987,276.959991,276.959991,16823000
2025-12-18,285.000000,287.160004,281.750000,284.679993,284.679993,11260300
2025-12-19,286.380005,292.170013,286.380005,288.950012,288.950012,12735800
2025-12-22,294.670013,295.010010,291.209991,293.279999,293.279999,6091100
2025-12-23,293.399994,297.910004,292.200012,296.950012,296.950012,6802300
2025-12-24,297.739990,299.160004,296.230011,298.799988,298.799988,2753900
2025-12-26,299.899994,303.380005,298.519989,302.839996,302.839996,5125900
2025-12-29,301.779999,304.500000,298.649994,300.920013,300.920013,6205100
2025-12-30,302.359985,304.549988,299.450012,299.579987,299.579987,6190600
2025-12-31,304.000000,307.390015,303.429993,303.890015,303.890015,8175100
2026-01-02,311.980011,321.589996,311.700012,319.609985,319.609985,18526900
2026-01-05,330.399994,331.250000,321.500000,322.250000,322.250000,17446300
2026-01-06,330.220001,333.079987,324.589996,327.429993,327.429993,15599600
2026-01-07,324.670013,326.299988,318.540009,318.679993,318.679993,11744800
2026-01-08,324.390015,324.500000,316.140015,318.010010,318.010010,10850800
2026-01-09,319.829987,324.769989,318.250000,323.630005,323.630005,12325100
2026-01-12,322.100006,333.549988,321.059998,331.769989,331.769989,12714800
2026-01-13,332.869995,336.420013,330.779999,331.209991,331.209991,11473600
2026-01-14,329.859985,329.859985,324.820007,327.109985,327.109985,11210800
2026-01-15,342.809998,351.329987,337.920013,341.640015,341.640015,42188500
2026-01-16,346.510010,349.850006,341.459991,342.399994,342.399994,18222300